# itau tau ik k angular_weighted_probability energy_spectrum_density total_bin_weighted_probability
# mature_reference=sum_mom uses |mom|^2*k^2*sin(theta)*dk*dtheta*dphi
# dk_dtheta_dphi   2.9900000000000006E-02   1.0471975511965977E-01   6.2831853071795862E+00
       1   0.0000000000000000E+00        1   5.0000000000000001E-03   4.2805923387154270E-02   1.0701480846788567E-06   3.1997427731897822E-08
       1   0.0000000000000000E+00        2   3.4900000000000000E-02   4.3890341312856719E-02   5.3458874622472613E-05   1.5984203512119315E-06
       1   0.0000000000000000E+00        3   6.4800000000000010E-02   5.0310479161819049E-02   2.1125571441964471E-04   6.3165458611473785E-06
       1   0.0000000000000000E+00        4   9.4700000000000006E-02   6.1179927734255360E-02   5.4866709811429823E-04   1.6405146233617520E-05
       1   0.0000000000000000E+00        5   1.2460000000000002E-01   6.5106807396873079E-02   1.0107936019256383E-03   3.0222728697576590E-05
       1   0.0000000000000000E+00        6   1.5450000000000003E-01   6.0832737163111980E-02   1.4520926442677744E-03   4.3417570063606462E-05
       1   0.0000000000000000E+00        7   1.8440000000000001E-01   5.9609805827560383E-02   2.0269336870846338E-03   6.0605317243830564E-05
       1   0.0000000000000000E+00        8   2.1430000000000002E-01   5.1814431163447902E-02   2.3795513258214520E-03   7.1148584642061424E-05
       1   0.0000000000000000E+00        9   2.4420000000000003E-01   3.4809211530963932E-02   2.0757999891213527E-03   6.2066419674728453E-05
       1   0.0000000000000000E+00       10   2.7410000000000001E-01   3.5722029967138080E-02   2.6838250462753576E-03   8.0246368883633211E-05
       1   0.0000000000000000E+00       11   3.0400000000000005E-01   4.2129381760444624E-02   3.8934289447732514E-03   1.1641352544872025E-04
       1   0.0000000000000000E+00       12   3.3390000000000003E-01   3.0984976196348015E-02   3.4544905179996455E-03   1.0328926648818942E-04
       1   0.0000000000000000E+00       13   3.6380000000000001E-01   2.5051532997602967E-02   3.3155814149072719E-03   9.9135884305727445E-05
       1   0.0000000000000000E+00       14   3.9370000000000005E-01   2.2427520087074718E-02   3.4762586609653557E-03   1.0394013396286416E-04
       1   0.0000000000000000E+00       15   4.2360000000000003E-01   1.5198797476266009E-02   2.7272260147968453E-03   8.1544057842425691E-05
       1   0.0000000000000000E+00       16   4.5350000000000007E-01   1.2120331815939838E-02   2.4926947120127740E-03   7.4531571889181961E-05
       1   0.0000000000000000E+00       17   4.8340000000000005E-01   8.8397722442409201E-03   2.0656387294454544E-03   6.1762598010419107E-05
       1   0.0000000000000000E+00       18   5.1330000000000009E-01   8.6223024157532930E-03   2.2717774251421654E-03   6.7926145011750763E-05
       1   0.0000000000000000E+00       19   5.4320000000000002E-01   8.4294250123737938E-03   2.4872387437630890E-03   7.4368438438516372E-05
       1   0.0000000000000000E+00       20   5.7310000000000005E-01   7.5595120149815325E-03   2.4828734160389091E-03   7.4237915139563400E-05
       1   0.0000000000000000E+00       21   6.0300000000000009E-01   5.5774945703330340E-03   2.0280272232242246E-03   6.0638013974404327E-05
       1   0.0000000000000000E+00       22   6.3290000000000002E-01   4.6560908456545636E-03   1.8650549703143303E-03   5.5765143612398489E-05
       1   0.0000000000000000E+00       23   6.6280000000000006E-01   4.2065255217194047E-03   1.8479428147493381E-03   5.5253490161005223E-05
       1   0.0000000000000000E+00       24   6.9270000000000009E-01   3.2436108495968001E-03   1.5563924654417281E-03   4.6536134716707682E-05
       1   0.0000000000000000E+00       25   7.2260000000000002E-01   2.2040431729702463E-03   1.1508428178392256E-03   3.4410200253392852E-05
       1   0.0000000000000000E+00       26   7.5250000000000006E-01   2.9336518053354058E-03   1.6611986700949572E-03   4.9669840235839234E-05
       1   0.0000000000000000E+00       27   7.8240000000000010E-01   2.9691657186710976E-03   1.8175740820847402E-03   5.4345465054333743E-05
       1   0.0000000000000000E+00       28   8.1230000000000013E-01   2.1648840015353376E-03   1.4284582034334243E-03   4.2710900282659392E-05
       1   0.0000000000000000E+00       29   8.4220000000000006E-01   2.3651005155738538E-03   1.6775677823809680E-03   5.0159276693190954E-05
       1   0.0000000000000000E+00       30   8.7210000000000010E-01   2.0455429288383327E-03   1.5557548775440256E-03   4.6517070838566379E-05
       1   0.0000000000000000E+00       31   9.0200000000000014E-01   1.8250280273556410E-03   1.4848501031686594E-03   4.4397018084742927E-05
       1   0.0000000000000000E+00       32   9.3190000000000006E-01   1.9582326035986098E-03   1.7006028420932541E-03   5.0848024978588308E-05
       1   0.0000000000000000E+00       33   9.6180000000000010E-01   1.7012245185348898E-03   1.5737334601852514E-03   4.7054630459539027E-05
       1   0.0000000000000000E+00       34   9.9170000000000014E-01   1.8700845267332390E-03   1.8391699537125144E-03   5.4991181616004193E-05
       1   0.0000000000000000E+00       35   1.0216000000000001E+00   1.5637911804819975E-03   1.6320765618919857E-03   4.8799089200570383E-05
       1   0.0000000000000000E+00       36   1.0515000000000001E+00   1.7074297630049751E-03   1.8878235591834177E-03   5.6445924419584201E-05
       1   0.0000000000000000E+00       37   1.0814000000000001E+00   1.5587063002270192E-03   1.8227916115010306E-03   5.4501469183880826E-05
       1   0.0000000000000000E+00       38   1.1113000000000002E+00   1.5496371228588184E-03   1.9137827706976588E-03   5.7222104843860009E-05
       1   0.0000000000000000E+00       39   1.1412000000000002E+00   1.4789693759145923E-03   1.9261171908670086E-03   5.7590904006923568E-05
       1   0.0000000000000000E+00       40   1.1711000000000000E+00   1.5320689758786072E-03   2.1011946204275980E-03   6.2825719150785196E-05
       1   0.0000000000000000E+00       41   1.2010000000000001E+00   1.4018696600464147E-03   2.0220581995206090E-03   6.0459540165666223E-05
       1   0.0000000000000000E+00       42   1.2309000000000001E+00   1.4071303505800931E-03   2.1319640337643915E-03   6.3745724609555322E-05
       1   0.0000000000000000E+00       43   1.2608000000000001E+00   1.3983307405299032E-03   2.2228098133698572E-03   6.6462013419758741E-05
       1   0.0000000000000000E+00       44   1.2907000000000002E+00   1.3831739673120472E-03   2.3042384889441878E-03   6.8896730819431229E-05
       1   0.0000000000000000E+00       45   1.3206000000000002E+00   1.3081331567773300E-03   2.2813637662170926E-03   6.8212776609891077E-05
       1   0.0000000000000000E+00       46   1.3505000000000000E+00   1.2902155762572541E-03   2.3531600013106868E-03   7.0359484039189544E-05
       1   0.0000000000000000E+00       47   1.3804000000000001E+00   1.3012908317688722E-03   2.4796150933054464E-03   7.4140491289832863E-05
       1   0.0000000000000000E+00       48   1.4103000000000001E+00   1.2364316210199658E-03   2.4591958381800232E-03   7.3529955561582708E-05
       1   0.0000000000000000E+00       49   1.4402000000000001E+00   1.2467658357230924E-03   2.5860118239474147E-03   7.7321753536027711E-05
       1   0.0000000000000000E+00       50   1.4701000000000002E+00   1.2091141917374836E-03   2.6131303485890417E-03   7.8132597422812369E-05
 
       2   8.6822047244094480E-01        1   5.0000000000000001E-03   4.7455047776369712E-02   1.1863761944092429E-06   3.5472648212836374E-08
       2   8.6822047244094480E-01        2   3.4900000000000000E-02   4.8206777189534401E-02   5.8716336684624799E-05   1.7556184668702819E-06
       2   8.6822047244094480E-01        3   6.4800000000000010E-02   5.4385691309967031E-02   2.2836769323820403E-04   6.8281940278223019E-06
       2   8.6822047244094480E-01        4   9.4700000000000006E-02   6.5190532223809855E-02   5.8463456013102706E-04   1.7480573347917712E-05
       2   8.6822047244094480E-01        5   1.2460000000000002E-01   6.8323493551409556E-02   1.0607331691446019E-03   3.1715921757423600E-05
       2   8.6822047244094480E-01        6   1.5450000000000003E-01   6.2753192973640348E-02   1.4979344045790391E-03   4.4788238696913281E-05
       2   8.6822047244094480E-01        7   1.8440000000000001E-01   6.1265626901033474E-02   2.0832371671415258E-03   6.2288791297531633E-05
       2   8.6822047244094480E-01        8   2.1430000000000002E-01   5.4113139939632432E-02   2.4851183540262507E-03   7.4305038785384912E-05
       2   8.6822047244094480E-01        9   2.4420000000000003E-01   3.6860502727319853E-02   2.1981259498600110E-03   6.5723965900814336E-05
       2   8.6822047244094480E-01       10   2.7410000000000001E-01   3.6839117474012896E-02   2.7677527355077429E-03   8.2755806791681534E-05
       2   8.6822047244094480E-01       11   3.0400000000000005E-01   4.3402289509920741E-02   4.0110659873488367E-03   1.1993087302173024E-04
       2   8.6822047244094480E-01       12   3.3390000000000003E-01   3.2449013020794198E-02   3.6177148269680593E-03   1.0816967332634500E-04
       2   8.6822047244094480E-01       13   3.6380000000000001E-01   2.5589258175979103E-02   3.3867495788644322E-03   1.0126381240804654E-04
       2   8.6822047244094480E-01       14   3.9370000000000005E-01   2.2723715705493929E-02   3.5221688899996916E-03   1.0531284981099079E-04
       2   8.6822047244094480E-01       15   4.2360000000000003E-01   1.5657900573403688E-02   2.8096060788738151E-03   8.4007221758327085E-05
       2   8.6822047244094480E-01       16   4.5350000000000007E-01   1.2268465523097509E-02   2.5231602235276616E-03   7.5442490683477100E-05
       2   8.6822047244094480E-01       17   4.8340000000000005E-01   8.9758679680105140E-03   2.0974409739109197E-03   6.2713485119936512E-05
       2   8.6822047244094480E-01       18   5.1330000000000009E-01   8.6921875100306831E-03   2.2901905324397287E-03   6.8476696919947898E-05
       2   8.6822047244094480E-01       19   5.4320000000000002E-01   8.5079642154701537E-03   2.5104130111133285E-03   7.5061349032288537E-05
       2   8.6822047244094480E-01       20   5.7310000000000005E-01   7.6241742689271879E-03   2.5041113201555569E-03   7.4872928472651163E-05
       2   8.6822047244094480E-01       21   6.0300000000000009E-01   5.6329921739995759E-03   2.0482066513958126E-03   6.1241378876734814E-05
       2   8.6822047244094480E-01       22   6.3290000000000002E-01   4.6362873635036319E-03   1.8571224397775611E-03   5.5527960949349084E-05
       2   8.6822047244094480E-01       23   6.6280000000000006E-01   4.1992608037031550E-03   1.8447513962282825E-03   5.5158066747225663E-05
       2   8.6822047244094480E-01       24   6.9270000000000009E-01   3.2618127363907342E-03   1.5651263366662691E-03   4.6797277466321457E-05
       2   8.6822047244094480E-01       25   7.2260000000000002E-01   2.1585134660250362E-03   1.1270694467552069E-03   3.3699376457980691E-05
       2   8.6822047244094480E-01       26   7.5250000000000006E-01   2.9130319086974601E-03   1.6495225247493666E-03   4.9320723490006073E-05
       2   8.6822047244094480E-01       27   7.8240000000000010E-01   3.0288765145631922E-03   1.8541260314594949E-03   5.5438368340638908E-05
       2   8.6822047244094480E-01       28   8.1230000000000013E-01   2.1406030882641430E-03   1.4124368971073138E-03   4.2231863223508688E-05
       2   8.6822047244094480E-01       29   8.4220000000000006E-01   2.3484745391323899E-03   1.6657749633252174E-03   4.9806671403424011E-05
       2   8.6822047244094480E-01       30   8.7210000000000010E-01   2.0551794622224199E-03   1.5630840240525390E-03   4.6736212319170926E-05
       2   8.6822047244094480E-01       31   9.0200000000000014E-01   1.7735260465076917E-03   1.4429478855428443E-03   4.3144141777731054E-05
       2   8.6822047244094480E-01       32   9.3190000000000006E-01   1.9499632486064398E-03   1.6934214232076125E-03   5.0633300553907623E-05
       2   8.6822047244094480E-01       33   9.6180000000000010E-01   1.6656347995598849E-03   1.5408108617984198E-03   4.6070244767772766E-05
       2   8.6822047244094480E-01       34   9.9170000000000014E-01   1.8502308133197397E-03   1.8196444442193621E-03   5.4407368882158939E-05
       2   8.6822047244094480E-01       35   1.0216000000000001E+00   1.5455083607722245E-03   1.6129953943383867E-03   4.8228562290717771E-05
       2   8.6822047244094480E-01       36   1.0515000000000001E+00   1.6719182506347990E-03   1.8485601756304296E-03   5.5271949251349860E-05
       2   8.6822047244094480E-01       37   1.0814000000000001E+00   1.5402717237270834E-03   1.8012337391803998E-03   5.3856888801493966E-05
       2   8.6822047244094480E-01       38   1.1113000000000002E+00   1.5102868040664183E-03   1.8651856113914690E-03   5.5769049780604939E-05
       2   8.6822047244094480E-01       39   1.1412000000000002E+00   1.4574892665482110E-03   1.8981428402238755E-03   5.6754470922693892E-05
       2   8.6822047244094480E-01       40   1.1711000000000000E+00   1.4999139997493222E-03   2.0570948677881419E-03   6.1507136546865455E-05
       2   8.6822047244094480E-01       41   1.2010000000000001E+00   1.3818726744322233E-03   1.9932145274737137E-03   5.9597114371464053E-05
       2   8.6822047244094480E-01       42   1.2309000000000001E+00   1.3763856524096076E-03   2.0853822862373092E-03   6.2352930358495554E-05
       2   8.6822047244094480E-01       43   1.2608000000000001E+00   1.3687439198884520E-03   2.1757781109535109E-03   6.5055765517509984E-05
       2   8.6822047244094480E-01       44   1.2907000000000002E+00   1.3579402538187217E-03   2.2622014818688562E-03   6.7639824307878812E-05
       2   8.6822047244094480E-01       45   1.3206000000000002E+00   1.2799363328211747E-03   2.2321889462358843E-03   6.6742449492452962E-05
       2   8.6822047244094480E-01       46   1.3505000000000000E+00   1.2698642371840299E-03   2.3160422064541523E-03   6.9249661972979173E-05
       2   8.6822047244094480E-01       47   1.3804000000000001E+00   1.2730429197729154E-03   2.4257885794858368E-03   7.2531078526626540E-05
       2   8.6822047244094480E-01       48   1.4103000000000001E+00   1.2132458380190332E-03   2.4130805657367298E-03   7.2151108915528242E-05
       2   8.6822047244094480E-01       49   1.4402000000000001E+00   1.2272945524253623E-03   2.5456249546632107E-03   7.6114186144430013E-05
       2   8.6822047244094480E-01       50   1.4701000000000002E+00   1.1834090450367619E-03   2.5575765395132706E-03   7.6471538531446806E-05
 
       3   1.7364409448818896E+00        1   5.0000000000000001E-03   5.2325184239599219E-02   1.3081296059899805E-06   3.9113075219100426E-08
       3   1.7364409448818896E+00        2   3.4900000000000000E-02   5.2605059739694399E-02   6.4073488813545177E-05   1.9157973155250012E-06
       3   1.7364409448818896E+00        3   6.4800000000000010E-02   5.8164714302793845E-02   2.4423596194600352E-04   7.3026552621855071E-06
       3   1.7364409448818896E+00        4   9.4700000000000006E-02   6.8801651091035657E-02   6.1701939913300606E-04   1.8448880034076885E-05
       3   1.7364409448818896E+00        5   1.2460000000000002E-01   7.1716392580146296E-02   1.1134084694295844E-03   3.3290913235944577E-05
       3   1.7364409448818896E+00        6   1.5450000000000003E-01   6.5338247664583779E-02   1.5596403063155315E-03   4.6633245158834401E-05
       3   1.7364409448818896E+00        7   1.8440000000000001E-01   6.3391252455794772E-02   2.1555155781052739E-03   6.4449915785347707E-05
       3   1.7364409448818896E+00        8   2.1430000000000002E-01   5.6570051579179402E-02   2.5979507680475088E-03   7.7678727964620534E-05
       3   1.7364409448818896E+00        9   2.4420000000000003E-01   3.9271812285549504E-02   2.3419211159840369E-03   7.0023441367922723E-05
       3   1.7364409448818896E+00       10   2.7410000000000001E-01   3.8512169970231568E-02   2.8934505247211737E-03   8.6514170689163113E-05
       3   1.7364409448818896E+00       11   3.0400000000000005E-01   4.4797648725313249E-02   4.1400195045985504E-03   1.2378658318749669E-04
       3   1.7364409448818896E+00       12   3.3390000000000003E-01   3.4030280533052459E-02   3.7940090927083983E-03   1.1344087187198113E-04
       3   1.7364409448818896E+00       13   3.6380000000000001E-01   2.6542076445068497E-02   3.5128554960184516E-03   1.0503437933095172E-04
       3   1.7364409448818896E+00       14   3.9370000000000005E-01   2.3023411443128517E-02   3.5686216364273740E-03   1.0670178692917851E-04
       3   1.7364409448818896E+00       15   4.2360000000000003E-01   1.6147823530559022E-02   2.8975163649399786E-03   8.6635739311705375E-05
       3   1.7364409448818896E+00       16   4.5350000000000007E-01   1.2542351340694768E-02   2.5794881970178036E-03   7.7126697090832344E-05
       3   1.7364409448818896E+00       17   4.8340000000000005E-01   9.0734300203348210E-03   2.1202388411225514E-03   6.3395141349564295E-05
       3   1.7364409448818896E+00       18   5.1330000000000009E-01   8.8028985920136464E-03   2.3193603440091349E-03   6.9348874285873150E-05
       3   1.7364409448818896E+00       19   5.4320000000000002E-01   8.5873555444077321E-03   2.5338387120315427E-03   7.5761777489743141E-05
       3   1.7364409448818896E+00       20   5.7310000000000005E-01   7.7303327618079773E-03   2.5389783987894827E-03   7.5915454123805543E-05
       3   1.7364409448818896E+00       21   6.0300000000000009E-01   5.7082941525311917E-03   2.0755871285077147E-03   6.2060055142380678E-05
       3   1.7364409448818896E+00       22   6.3290000000000002E-01   4.6722267312186982E-03   1.8715183995233842E-03   5.5958400145749199E-05
       3   1.7364409448818896E+00       23   6.6280000000000006E-01   4.1944233178317246E-03   1.8426262701090174E-03   5.5094525476259630E-05
       3   1.7364409448818896E+00       24   6.9270000000000009E-01   3.2835441995035255E-03   1.5755538161081933E-03   4.7109059101634989E-05
       3   1.7364409448818896E+00       25   7.2260000000000002E-01   2.1315991182526877E-03   1.1130160996109708E-03   3.3279181378368031E-05
       3   1.7364409448818896E+00       26   7.5250000000000006E-01   2.8890207168179795E-03   1.6359260372776614E-03   4.8914188514602088E-05
       3   1.7364409448818896E+00       27   7.8240000000000010E-01   3.0903727926547644E-03   1.8917709633341441E-03   5.6563951803690924E-05
       3   1.7364409448818896E+00       28   8.1230000000000013E-01   2.1378181441661960E-03   1.4105993038505875E-03   4.2176919185132574E-05
       3   1.7364409448818896E+00       29   8.4220000000000006E-01   2.3299999353882063E-03   1.6526709113708008E-03   4.9414860249986959E-05
       3   1.7364409448818896E+00       30   8.7210000000000010E-01   2.0752886146337955E-03   1.5783782090369825E-03   4.7193508450205787E-05
       3   1.7364409448818896E+00       31   9.0200000000000014E-01   1.7311615511857086E-03   1.4084799626908975E-03   4.2113550884457844E-05
       3   1.7364409448818896E+00       32   9.3190000000000006E-01   1.9394754622065178E-03   1.6843134350522737E-03   5.0360971708062998E-05
       3   1.7364409448818896E+00       33   9.6180000000000010E-01   1.6431309790234001E-03   1.5199934946758427E-03   4.5447805490807708E-05
       3   1.7364409448818896E+00       34   9.9170000000000014E-01   1.8281536077760544E-03   1.7979321993890122E-03   5.3758172761731478E-05
       3   1.7364409448818896E+00       35   1.0216000000000001E+00   1.5424564180444196E-03   1.6098101837703415E-03   4.8133324494733223E-05
       3   1.7364409448818896E+00       36   1.0515000000000001E+00   1.6444738333197218E-03   1.8182161938760757E-03   5.4364664196894672E-05
       3   1.7364409448818896E+00       37   1.0814000000000001E+00   1.5364366634042360E-03   1.7967489200806960E-03   5.3722792710412819E-05
       3   1.7364409448818896E+00       38   1.1113000000000002E+00   1.4848658050062363E-03   1.8337909904846427E-03   5.4830350615490832E-05
       3   1.7364409448818896E+00       39   1.1412000000000002E+00   1.4505364578154324E-03   1.8890879370980190E-03   5.6483729319230782E-05
       3   1.7364409448818896E+00       40   1.1711000000000000E+00   1.4772261098236060E-03   2.0259789891878132E-03   6.0576771776715626E-05
       3   1.7364409448818896E+00       41   1.2010000000000001E+00   1.3752959507097873E-03   1.9837282545997481E-03   5.9313474812532478E-05
       3   1.7364409448818896E+00       42   1.2309000000000001E+00   1.3561055259128220E-03   2.0546555662333556E-03   6.1434201430377351E-05
       3   1.7364409448818896E+00       43   1.2608000000000001E+00   1.3555885268600962E-03   2.1548660792898963E-03   6.4430495770767909E-05
       3   1.7364409448818896E+00       44   1.2907000000000002E+00   1.3438866923236158E-03   2.2387895625665456E-03   6.6939807920739726E-05
       3   1.7364409448818896E+00       45   1.3206000000000002E+00   1.2660674867687133E-03   2.2080018956291436E-03   6.6019256679311411E-05
       3   1.7364409448818896E+00       46   1.3505000000000000E+00   1.2627521078314068E-03   2.3030707475563384E-03   6.8861815351934532E-05
       3   1.7364409448818896E+00       47   1.3804000000000001E+00   1.2569389418770206E-03   2.3951023826126613E-03   7.1613561240118582E-05
       3   1.7364409448818896E+00       48   1.4103000000000001E+00   1.2018985931725394E-03   2.3905115074670229E-03   7.1476294073263995E-05
       3   1.7364409448818896E+00       49   1.4402000000000001E+00   1.2177865597811292E-03   2.5259037041320460E-03   7.5524520753548197E-05
       3   1.7364409448818896E+00       50   1.4701000000000002E+00   1.1731057271012187E-03   2.5353090705078490E-03   7.5805741208184697E-05
 
       4   2.6046614173228346E+00        1   5.0000000000000001E-03   5.6404040487800865E-02   1.4101010121950216E-06   4.2162020264631155E-08
       4   2.6046614173228346E+00        2   3.4900000000000000E-02   5.6353892027211000E-02   6.8639604028063276E-05   2.0523241604390924E-06
       4   2.6046614173228346E+00        3   6.4800000000000010E-02   6.1321276024759341E-02   2.5749049087900555E-04   7.6989656772822672E-06
       4   2.6046614173228346E+00        4   9.4700000000000006E-02   7.1779533383846822E-02   6.4372531554434298E-04   1.9247386934775860E-05
       4   2.6046614173228346E+00        5   1.2460000000000002E-01   7.5031292205037126E-02   1.1648728164899546E-03   3.4829697213049652E-05
       4   2.6046614173228346E+00        6   1.5450000000000003E-01   6.8548580543584828E-02   1.6362717547205065E-03   4.8924525466143153E-05
       4   2.6046614173228346E+00        7   1.8440000000000001E-01   6.6024169572277247E-02   2.2450436066671895E-03   6.7126803839348987E-05
       4   2.6046614173228346E+00        8   2.1430000000000002E-01   5.8999699736921402E-02   2.7095311205712499E-03   8.1014980505080388E-05
       4   2.6046614173228346E+00        9   2.4420000000000003E-01   4.1719667080008002E-02   2.4878956075690488E-03   7.4388078666314572E-05
       4   2.6046614173228346E+00       10   2.7410000000000001E-01   4.0626428856218498E-02   3.0522965073750694E-03   9.1263665570514592E-05
       4   2.6046614173228346E+00       11   3.0400000000000005E-01   4.6377885367752392E-02   4.2860586541462065E-03   1.2815315375897161E-04
       4   2.6046614173228346E+00       12   3.3390000000000003E-01   3.5550583667717670E-02   3.9635064881527460E-03   1.1850884399576713E-04
       4   2.6046614173228346E+00       13   3.6380000000000001E-01   2.7845816500046451E-02   3.6854060659404081E-03   1.1019364137161823E-04
       4   2.6046614173228346E+00       14   3.9370000000000005E-01   2.3478755052855162E-02   3.6391997547784850E-03   1.0881207266787672E-04
       4   2.6046614173228346E+00       15   4.2360000000000003E-01   1.6581705094469386E-02   2.9753707537680998E-03   8.8963585537666200E-05
       4   2.6046614173228346E+00       16   4.5350000000000007E-01   1.2969783506299796E-02   2.6673948579185062E-03   7.9755106251763353E-05
       4   2.6046614173228346E+00       17   4.8340000000000005E-01   9.1736390292859703E-03   2.1436552374062561E-03   6.4095291598447064E-05
       4   2.6046614173228346E+00       18   5.1330000000000009E-01   8.9365289800465066E-03   2.3545688630575261E-03   7.0401609005420047E-05
       4   2.6046614173228346E+00       19   5.4320000000000002E-01   8.6543603829946358E-03   2.5536095778151873E-03   7.6352926376674118E-05
       4   2.6046614173228346E+00       20   5.7310000000000005E-01   7.8431722291542761E-03   2.5760398007951780E-03   7.7023590043775840E-05
       4   2.6046614173228346E+00       21   6.0300000000000009E-01   5.7966723868206598E-03   2.1077222498994742E-03   6.3020895271994292E-05
       4   2.6046614173228346E+00       22   6.3290000000000002E-01   4.7622725069879470E-03   1.9075873524758340E-03   5.7036861839027445E-05
       4   2.6046614173228346E+00       23   6.6280000000000006E-01   4.2067577388526824E-03   1.8480448286277008E-03   5.5256540375968264E-05
       4   2.6046614173228346E+00       24   6.9270000000000009E-01   3.3081792045684699E-03   1.5873745116376725E-03   4.7462497897966414E-05
       4   2.6046614173228346E+00       25   7.2260000000000002E-01   2.1256020356934646E-03   1.1098847183948898E-03   3.3185553080007210E-05
       4   2.6046614173228346E+00       26   7.5250000000000006E-01   2.8653911671558149E-03   1.6225456570967752E-03   4.8514115147193589E-05
       4   2.6046614173228346E+00       27   7.8240000000000010E-01   3.1412679053336415E-03   1.9229263943456917E-03   5.7495499190936191E-05
       4   2.6046614173228346E+00       28   8.1230000000000013E-01   2.1631669663359069E-03   1.4273252498828084E-03   4.2677024971495979E-05
       4   2.6046614173228346E+00       29   8.4220000000000006E-01   2.3041670951074950E-03   1.6343476560601064E-03   4.8866994916197194E-05
       4   2.6046614173228346E+00       30   8.7210000000000010E-01   2.0972240761608562E-03   1.5950614087786199E-03   4.7692336122480750E-05
       4   2.6046614173228346E+00       31   9.0200000000000014E-01   1.7088518825905425E-03   1.3903287270831961E-03   4.1570828939787570E-05
       4   2.6046614173228346E+00       32   9.3190000000000006E-01   1.9269447266039700E-03   1.6734312729740552E-03   5.0035595061924260E-05
       4   2.6046614173228346E+00       33   9.6180000000000010E-01   1.6418039729751640E-03   1.5187659354693860E-03   4.5411101470534655E-05
       4   2.6046614173228346E+00       34   9.9170000000000014E-01   1.8095400172927227E-03   1.7796263122174553E-03   5.3210826735301922E-05
       4   2.6046614173228346E+00       35   1.0216000000000001E+00   1.5570557719737422E-03   1.6250470412639802E-03   4.8588906533793016E-05
       4   2.6046614173228346E+00       36   1.0515000000000001E+00   1.6325170317500494E-03   1.8049961293177639E-03   5.3969384266601148E-05
       4   2.6046614173228346E+00       37   1.0814000000000001E+00   1.5478461349439682E-03   1.8100914522891400E-03   5.4121734423445296E-05
       4   2.6046614173228346E+00       38   1.1113000000000002E+00   1.4814797154755095E-03   1.8296092115969572E-03   5.4705315426749037E-05
       4   2.6046614173228346E+00       39   1.1412000000000002E+00   1.4598700486391956E-03   1.9012434218774461E-03   5.6847178314135653E-05
       4   2.6046614173228346E+00       40   1.1711000000000000E+00   1.4730654157643303E-03   2.0202727004291223E-03   6.0406153742830767E-05
       4   2.6046614173228346E+00       41   1.2010000000000001E+00   1.3821048549825298E-03   1.9935494249316561E-03   5.9607127805456533E-05
       4   2.6046614173228346E+00       42   1.2309000000000001E+00   1.3524462132112754E-03   2.0491112873648213E-03   6.1268427492208174E-05
       4   2.6046614173228346E+00       43   1.2608000000000001E+00   1.3623805679489251E-03   2.1656628208242628E-03   6.4753318342645466E-05
       4   2.6046614173228346E+00       44   1.2907000000000002E+00   1.3458302907591220E-03   2.2420274158142088E-03   6.7036619732844862E-05
       4   2.6046614173228346E+00       45   1.3206000000000002E+00   1.2725236621295443E-03   2.2192613644838504E-03   6.6355914798067143E-05
       4   2.6046614173228346E+00       46   1.3505000000000000E+00   1.2703151487376007E-03   2.3168646016038601E-03   6.9274251587955426E-05
       4   2.6046614173228346E+00       47   1.3804000000000001E+00   1.2599195398725175E-03   2.4007819244923683E-03   7.1783379542321834E-05
       4   2.6046614173228346E+00       48   1.4103000000000001E+00   1.2071313498928770E-03   2.4009191784858598E-03   7.1787483436727223E-05
       4   2.6046614173228346E+00       49   1.4402000000000001E+00   1.2192770175227696E-03   2.5289951758683893E-03   7.5616955758464860E-05
       4   2.6046614173228346E+00       50   1.4701000000000002E+00   1.1803862690553451E-03   2.5510437341686606E-03   7.6276207651642964E-05
 
       5   3.4728818897637792E+00        1   5.0000000000000001E-03   5.9853133669799344E-02   1.4963283417449837E-06   4.4740217418175020E-08
       5   3.4728818897637792E+00        2   3.4900000000000000E-02   5.9630793881453974E-02   7.2630903255549757E-05   2.1716640073409383E-06
       5   3.4728818897637792E+00        3   6.4800000000000010E-02   6.4122558754026338E-02   2.6925318911050683E-04   8.0506703544041555E-06
       5   3.4728818897637792E+00        4   9.4700000000000006E-02   7.4253315542194567E-02   6.6591041658079983E-04   1.9910721455765918E-05
       5   3.4728818897637792E+00        5   1.2460000000000002E-01   7.7991870976511196E-02   1.2108362756096929E-03   3.6204004640729825E-05
       5   3.4728818897637792E+00        6   1.5450000000000003E-01   7.2137318649123733E-02   1.7219358304842464E-03   5.1485881331478981E-05
       5   3.4728818897637792E+00        7   1.8440000000000001E-01   6.9235597899599807E-02   2.3542429601953363E-03   7.0391864509840570E-05
       5   3.4728818897637792E+00        8   2.1430000000000002E-01   6.1366455284767904E-02   2.8182231620607710E-03   8.4264872545617076E-05
       5   3.4728818897637792E+00        9   2.4420000000000003E-01   4.3919812729954058E-02   2.6190983012054983E-03   7.8311039206044420E-05
       5   3.4728818897637792E+00       10   2.7410000000000001E-01   4.2970939498520606E-02   3.2284414909848473E-03   9.6530400580446959E-05
       5   3.4728818897637792E+00       11   3.0400000000000005E-01   4.8162325974100355E-02   4.4509695172224592E-03   1.3308398856495156E-04
       5   3.4728818897637792E+00       12   3.3390000000000003E-01   3.6903854461872561E-02   4.1143815799091479E-03   1.2302000923928354E-04
       5   3.4728818897637792E+00       13   3.6380000000000001E-01   2.9285933424972269E-02   3.8760061746057873E-03   1.1589258462071307E-04
       5   3.4728818897637792E+00       14   3.9370000000000005E-01   2.4172469595325173E-02   3.7467252938098287E-03   1.1202708628491390E-04
       5   3.4728818897637792E+00       15   4.2360000000000003E-01   1.6933066308393953E-02   3.0384179418566338E-03   9.0848696461513374E-05
       5   3.4728818897637792E+00       16   4.5350000000000007E-01   1.3501226599478298E-02   2.7766926402085566E-03   8.3023109942235865E-05
       5   3.4728818897637792E+00       17   4.8340000000000005E-01   9.3481521461973999E-03   2.1844346877278797E-03   6.5314597163063619E-05
       5   3.4728818897637792E+00       18   5.1330000000000009E-01   9.0660348224905190E-03   2.3886906596615048E-03   7.1421850723879017E-05
       5   3.4728818897637792E+00       19   5.4320000000000002E-01   8.7089470862803577E-03   2.5697162711077011E-03   7.6834516506120280E-05
       5   3.4728818897637792E+00       20   5.7310000000000005E-01   7.9175900134019622E-03   2.6004818465016895E-03   7.7754407210400532E-05
       5   3.4728818897637792E+00       21   6.0300000000000009E-01   5.8923223885370100E-03   2.1425014513735546E-03   6.4060793396069295E-05
       5   3.4728818897637792E+00       22   6.3290000000000002E-01   4.8769333447472264E-03   1.9535161739813100E-03   5.8410133602041185E-05
       5   3.4728818897637792E+00       23   6.6280000000000006E-01   4.2394326112132567E-03   1.8623990255272110E-03   5.5685730863263620E-05
       5   3.4728818897637792E+00       24   6.9270000000000009E-01   3.3346560717743058E-03   1.6000789939379417E-03   4.7842361918744465E-05
       5   3.4728818897637792E+00       25   7.2260000000000002E-01   2.1445458959873757E-03   1.1197762694446893E-03   3.3481310456396214E-05
       5   3.4728818897637792E+00       26   7.5250000000000006E-01   2.8442877191928646E-03   1.6105956977912048E-03   4.8156811363957036E-05
       5   3.4728818897637792E+00       27   7.8240000000000010E-01   3.1731279540921165E-03   1.9424295155467805E-03   5.8078642514848748E-05
       5   3.4728818897637792E+00       28   8.1230000000000013E-01   2.2200960048620140E-03   1.4648888108119494E-03   4.3800175443277298E-05
       5   3.4728818897637792E+00       29   8.4220000000000006E-01   2.2749382829918333E-03   1.6136156350742654E-03   4.8247107488720548E-05
       5   3.4728818897637792E+00       30   8.7210000000000010E-01   2.1172094796047575E-03   1.6102614754451221E-03   4.8146818115809157E-05
       5   3.4728818897637792E+00       31   9.0200000000000014E-01   1.7159896660454239E-03   1.3961360562532213E-03   4.1744468081971328E-05
       5   3.4728818897637792E+00       32   9.3190000000000006E-01   1.9173710230821590E-03   1.6651171087687252E-03   4.9787001552184890E-05
       5   3.4728818897637792E+00       33   9.6180000000000010E-01   1.6680732254879533E-03   1.5430665502342350E-03   4.6137689852003635E-05
       5   3.4728818897637792E+00       34   9.9170000000000014E-01   1.8027855062548008E-03   1.7729834607444974E-03   5.3012205476260484E-05
       5   3.4728818897637792E+00       35   1.0216000000000001E+00   1.5885099330007980E-03   1.6578746973007735E-03   4.9570453449293137E-05
       5   3.4728818897637792E+00       36   1.0515000000000001E+00   1.6429368618230008E-03   1.8165168378825401E-03   5.4313853452687956E-05
       5   3.4728818897637792E+00       37   1.0814000000000001E+00   1.5765552575689112E-03   1.8436646455755718E-03   5.5125572902709612E-05
       5   3.4728818897637792E+00       38   1.1113000000000002E+00   1.5048173066582568E-03   1.8584308494219027E-03   5.5567082397714904E-05
       5   3.4728818897637792E+00       39   1.1412000000000002E+00   1.4874251961635538E-03   1.9371295221631414E-03   5.7920172712677941E-05
       5   3.4728818897637792E+00       40   1.1711000000000000E+00   1.4969098646717711E-03   2.0529747710017888E-03   6.1383945652953504E-05
       5   3.4728818897637792E+00       41   1.2010000000000001E+00   1.4076085039630463E-03   2.0303359137248023E-03   6.0707043820371600E-05
       5   3.4728818897637792E+00       42   1.2309000000000001E+00   1.3738275250448403E-03   2.0815064295810837E-03   6.2237042244474419E-05
       5   3.4728818897637792E+00       43   1.2608000000000001E+00   1.3923216798404181E-03   2.2132577105070817E-03   6.6176405544161754E-05
       5   3.4728818897637792E+00       44   1.2907000000000002E+00   1.3705329492061829E-03   2.2831797348414210E-03   6.8267074071758508E-05
       5   3.4728818897637792E+00       45   1.3206000000000002E+00   1.3050767635549886E-03   2.2760334642393191E-03   6.8053400580755653E-05
       5   3.4728818897637792E+00       46   1.3505000000000000E+00   1.2972607004095972E-03   2.3660092527572189E-03   7.0743676657440864E-05
       5   3.4728818897637792E+00       47   1.3804000000000001E+00   1.2900352159547030E-03   2.4581674705481853E-03   7.3499207369390752E-05
       5   3.4728818897637792E+00       48   1.4103000000000001E+00   1.2360888377904321E-03   2.4585140608159245E-03   7.3509570418396156E-05
       5   3.4728818897637792E+00       49   1.4402000000000001E+00   1.2394551929937527E-03   2.5708482639612180E-03   7.6868363092440442E-05
       5   3.4728818897637792E+00       50   1.4701000000000002E+00   1.2082626218001020E-03   2.6112899407412763E-03   7.8077569228164175E-05
 
       6   4.3411023622047242E+00        1   5.0000000000000001E-03   6.2938797504530658E-02   1.5734699376132666E-06   4.7046751134636682E-08
       6   4.3411023622047242E+00        2   3.4900000000000000E-02   6.2598377045532810E-02   7.6245449225229416E-05   2.2797389318343599E-06
       6   4.3411023622047242E+00        3   6.4800000000000010E-02   6.6654404282783214E-02   2.7988450975957807E-04   8.3685468418113860E-06
       6   4.3411023622047242E+00        4   9.4700000000000006E-02   7.6253567438624353E-02   6.8384885561065278E-04   2.0447080782758523E-05
       6   4.3411023622047242E+00        5   1.2460000000000002E-01   8.0328186688543149E-02   1.2471079508495030E-03   3.7288527730400150E-05
       6   4.3411023622047242E+00        6   1.5450000000000003E-01   7.5674356674962653E-02   1.8063658124205281E-03   5.4010337791373804E-05
       6   4.3411023622047242E+00        7   1.8440000000000001E-01   7.2927662612189137E-02   2.4797855657608080E-03   7.4145588416248170E-05
       6   4.3411023622047242E+00        8   2.1430000000000002E-01   6.3698923096283236E-02   2.9253405567460289E-03   8.7467682646706288E-05
       6   4.3411023622047242E+00        9   2.4420000000000003E-01   4.5644898694267376E-02   2.7219714565704114E-03   8.1386946551455323E-05
       6   4.3411023622047242E+00       10   2.7410000000000001E-01   4.5244373569363255E-02   3.3992464342088528E-03   1.0163746838284472E-04
       6   4.3411023622047242E+00       11   3.0400000000000005E-01   5.0031547282042954E-02   4.6237154736172830E-03   1.3824909266115678E-04
       6   4.3411023622047242E+00       12   3.3390000000000003E-01   3.8001104052178165E-02   4.2367130699051429E-03   1.2667772079016381E-04
       6   4.3411023622047242E+00       13   3.6380000000000001E-01   3.0595042229511590E-02   4.0492673008944401E-03   1.2107309229674379E-04
       6   4.3411023622047242E+00       14   3.9370000000000005E-01   2.5037436760631623E-02   3.8807949362925070E-03   1.1603576859514598E-04
       6   4.3411023622047242E+00       15   4.2360000000000003E-01   1.7213815233377554E-02   3.0887946754789594E-03   9.2354960796820905E-05
       6   4.3411023622047242E+00       16   4.5350000000000007E-01   1.4007897693287488E-02   2.8808957573713159E-03   8.6138783145402363E-05
       6   4.3411023622047242E+00       17   4.8340000000000005E-01   9.6255250820907520E-03   2.2492499638516032E-03   6.7252573919162953E-05
       6   4.3411023622047242E+00       18   5.1330000000000009E-01   9.1761353283758007E-03   2.4176995985395852E-03   7.2289217996333616E-05
       6   4.3411023622047242E+00       19   5.4320000000000002E-01   8.7639631486399819E-03   2.5859496537677610E-03   7.7319894647656071E-05
       6   4.3411023622047242E+00       20   5.7310000000000005E-01   7.9374810914308834E-03   2.6070149439762999E-03   7.7949746824891380E-05
       6   4.3411023622047242E+00       21   6.0300000000000009E-01   5.9819986041365365E-03   2.1751085304514825E-03   6.5035745060499343E-05
       6   4.3411023622047242E+00       22   6.3290000000000002E-01   4.9794120026225089E-03   1.9945652721533986E-03   5.9637501637386630E-05
       6   4.3411023622047242E+00       23   6.6280000000000006E-01   4.2834383420736746E-03   1.8817309120761991E-03   5.6263754271078369E-05
       6   4.3411023622047242E+00       24   6.9270000000000009E-01   3.3563404802150029E-03   1.6104838949817452E-03   4.8153468459954189E-05
       6   4.3411023622047242E+00       25   7.2260000000000002E-01   2.1900961975334222E-03   1.1435603940151866E-03   3.4192455781054087E-05
       6   4.3411023622047242E+00       26   7.5250000000000006E-01   2.8323515118027845E-03   1.6038367457552759E-03   4.7954718698082759E-05
       6   4.3411023622047242E+00       27   7.8240000000000010E-01   3.1846855569414331E-03   1.9495044993571649E-03   5.8290184530779240E-05
       6   4.3411023622047242E+00       28   8.1230000000000013E-01   2.3001182030865739E-03   1.5176899610950965E-03   4.5378929836743394E-05
       6   4.3411023622047242E+00       29   8.4220000000000006E-01   2.2627494224153879E-03   1.6049700660287498E-03   4.7988604974259628E-05
       6   4.3411023622047242E+00       30   8.7210000000000010E-01   2.1366842427254160E-03   1.6250731703192967E-03   4.8589687792546981E-05
       6   4.3411023622047242E+00       31   9.0200000000000014E-01   1.7583524314865886E-03   1.4306025716672149E-03   4.2775016892849732E-05
       6   4.3411023622047242E+00       32   9.3190000000000006E-01   1.9224484565598875E-03   1.6695265429630577E-03   4.9918843634595436E-05
       6   4.3411023622047242E+00       33   9.6180000000000010E-01   1.7230932657125047E-03   1.5939633468291280E-03   4.7659504070190941E-05
       6   4.3411023622047242E+00       34   9.9170000000000014E-01   1.8188685863808830E-03   1.7888006697038767E-03   5.3485140024145924E-05
       6   4.3411023622047242E+00       35   1.0216000000000001E+00   1.6337776721350270E-03   1.7051191228819717E-03   5.0983061774170966E-05
       6   4.3411023622047242E+00       36   1.0515000000000001E+00   1.6817539031780185E-03   1.8594349869950585E-03   5.5597106111152257E-05
       6   4.3411023622047242E+00       37   1.0814000000000001E+00   1.6235065242694636E-03   1.8985706757100812E-03   5.6767263203731441E-05
       6   4.3411023622047242E+00       38   1.1113000000000002E+00   1.5566668020809778E-03   1.9224643380016744E-03   5.7481683706250077E-05
       6   4.3411023622047242E+00       39   1.1412000000000002E+00   1.5351194995123286E-03   1.9992435990889680E-03   5.9777383612760156E-05
       6   4.3411023622047242E+00       40   1.1711000000000000E+00   1.5527319940228737E-03   2.1295334375762394E-03   6.3673049783529578E-05
       6   4.3411023622047242E+00       41   1.2010000000000001E+00   1.4571043853590108E-03   2.1017288225462232E-03   6.2841691794132088E-05
       6   4.3411023622047242E+00       42   1.2309000000000001E+00   1.4265911125981598E-03   2.1614493225118499E-03   6.4627334743104319E-05
       6   4.3411023622047242E+00       43   1.2608000000000001E+00   1.4475621863154211E-03   2.3010689388017745E-03   6.8801961270173074E-05
       6   4.3411023622047242E+00       44   1.2907000000000002E+00   1.4234599910533314E-03   2.3713512373510874E-03   7.0903401996797526E-05
       6   4.3411023622047242E+00       45   1.3206000000000002E+00   1.3641667307944950E-03   2.3790854429379307E-03   7.1134654743844144E-05
       6   4.3411023622047242E+00       46   1.3505000000000000E+00   1.3469669506020326E-03   2.4566660095972550E-03   7.3454313686957938E-05
       6   4.3411023622047242E+00       47   1.3804000000000001E+00   1.3485622972204119E-03   2.5696910673726515E-03   7.6833762914442301E-05
       6   4.3411023622047242E+00       48   1.4103000000000001E+00   1.2915289987247888E-03   2.5687815521352837E-03   7.6806568408844999E-05
       6   4.3411023622047242E+00       49   1.4402000000000001E+00   1.2858702477877861E-03   2.6671212585102893E-03   7.9746925629457663E-05
       6   4.3411023622047242E+00       50   1.4701000000000002E+00   1.2584193304505404E-03   2.7196883190379190E-03   8.1318680739233791E-05
 
       7   5.2093228346456693E+00        1   5.0000000000000001E-03   6.5000350628636530E-02   1.6250087657159133E-06   4.8587762094905821E-08
       7   5.2093228346456693E+00        2   3.4900000000000000E-02   6.4650855266974755E-02   7.8745388223727924E-05   2.3544871078894655E-06
       7   5.2093228346456693E+00        3   6.4800000000000010E-02   6.8489286942621477E-02   2.8758925544354537E-04   8.5989187377620083E-06
       7   5.2093228346456693E+00        4   9.4700000000000006E-02   7.7677748789085607E-02   6.9662104213791081E-04   2.0828969159923539E-05
       7   5.2093228346456693E+00        5   1.2460000000000002E-01   8.2004093261396308E-02   1.2731266685381000E-03   3.8066487389289197E-05
       7   5.2093228346456693E+00        6   1.5450000000000003E-01   7.8773354994377473E-02   1.8803396770545396E-03   5.6222156343930747E-05
       7   5.2093228346456693E+00        7   1.8440000000000001E-01   7.6706451989913535E-02   2.6082771013357466E-03   7.7987485329938846E-05
       7   5.2093228346456693E+00        8   2.1430000000000002E-01   6.5921035609086118E-02   3.0273899406191196E-03   9.0518959224511700E-05
       7   5.2093228346456693E+00        9   2.4420000000000003E-01   4.6732853662263922E-02   2.7868501714681292E-03   8.3326820126897080E-05
       7   5.2093228346456693E+00       10   2.7410000000000001E-01   4.7072723058418350E-02   3.5366118122846482E-03   1.0574469318731100E-04
       7   5.2093228346456693E+00       11   3.0400000000000005E-01   5.1740053851785192E-02   4.7816088167665820E-03   1.4297010362132083E-04
       7   5.2093228346456693E+00       12   3.3390000000000003E-01   3.8761673333133392E-02   4.3215083381891095E-03   1.2921309931185441E-04
       7   5.2093228346456693E+00       13   3.6380000000000001E-01   3.1555796713601723E-02   4.1764235795957423E-03   1.2487506502991273E-04
       7   5.2093228346456693E+00       14   3.9370000000000005E-01   2.5905588684667850E-02   4.0153582153910263E-03   1.2005921064019171E-04
       7   5.2093228346456693E+00       15   4.2360000000000003E-01   1.7433529613350852E-02   3.1282195558896531E-03   9.3533764721100653E-05
       7   5.2093228346456693E+00       16   4.5350000000000007E-01   1.4346595270629025E-02   2.9505530631969250E-03   8.8221536589588078E-05
       7   5.2093228346456693E+00       17   4.8340000000000005E-01   9.9568613352766545E-03   2.3266751483631207E-03   6.9567586936057326E-05
       7   5.2093228346456693E+00       18   5.1330000000000009E-01   9.2728961008573026E-03   2.4431938259470093E-03   7.3051495395815599E-05
       7   5.2093228346456693E+00       19   5.4320000000000002E-01   8.8229544641595988E-03   2.6033559994307880E-03   7.7840344382980575E-05
       7   5.2093228346456693E+00       20   5.7310000000000005E-01   7.9241135874823388E-03   2.6026244727227507E-03   7.7818471734410262E-05
       7   5.2093228346456693E+00       21   6.0300000000000009E-01   6.0482709483954608E-03   2.1992057512751260E-03   6.5756251963126279E-05
       7   5.2093228346456693E+00       22   6.3290000000000002E-01   5.0542572619015104E-03   2.0245454695872705E-03   6.0533909540659400E-05
       7   5.2093228346456693E+00       23   6.6280000000000006E-01   4.3283427237506824E-03   1.9014575793797341E-03   5.6853581623454063E-05
       7   5.2093228346456693E+00       24   6.9270000000000009E-01   3.3670884669621151E-03   1.6156411368234884E-03   4.8307669991022314E-05
       7   5.2093228346456693E+00       25   7.2260000000000002E-01   2.2520674828061717E-03   1.1759187477185296E-03   3.5159970556784043E-05
       7   5.2093228346456693E+00       26   7.5250000000000006E-01   2.8395548606356871E-03   1.6079156870528371E-03   4.8076679042879839E-05
       7   5.2093228346456693E+00       27   7.8240000000000010E-01   3.1789567346301186E-03   1.9459976021542111E-03   5.8185328304410926E-05
       7   5.2093228346456693E+00       28   8.1230000000000013E-01   2.3806266060571418E-03   1.5708119244830061E-03   4.6967276542041890E-05
       7   5.2093228346456693E+00       29   8.4220000000000006E-01   2.2864696186045874E-03   1.6217948211107139E-03   4.8491665151210356E-05
       7   5.2093228346456693E+00       30   8.7210000000000010E-01   2.1531260213946916E-03   1.6375781033615730E-03   4.8963585290511043E-05
       7   5.2093228346456693E+00       31   9.0200000000000014E-01   1.8301753042972231E-03   1.4890379482774383E-03   4.4522234653495411E-05
       7   5.2093228346456693E+00       32   9.3190000000000006E-01   1.9494893655441488E-03   1.6930098853335772E-03   5.0620995571473968E-05
       7   5.2093228346456693E+00       33   9.6180000000000010E-01   1.7961379055822081E-03   1.6615339658730694E-03   4.9679865579604787E-05
       7   5.2093228346456693E+00       34   9.9170000000000014E-01   1.8637669598106539E-03   1.8329568231836590E-03   5.4805409013191413E-05
       7   5.2093228346456693E+00       35   1.0216000000000001E+00   1.6862769105057778E-03   1.7599108223949932E-03   5.2621333589610311E-05
       7   5.2093228346456693E+00       36   1.0515000000000001E+00   1.7480096322414305E-03   1.9326907829094104E-03   5.7787454408991386E-05
       7   5.2093228346456693E+00       37   1.0814000000000001E+00   1.6829720003710504E-03   1.9681111471870367E-03   5.8846523300892411E-05
       7   5.2093228346456693E+00       38   1.1113000000000002E+00   1.6317409687820004E-03   2.0151800097144451E-03   6.0253882290461923E-05
       7   5.2093228346456693E+00       39   1.1412000000000002E+00   1.5985488208260057E-03   2.0818499790295599E-03   6.2247314372983851E-05
       7   5.2093228346456693E+00       40   1.1711000000000000E+00   1.6321708065291246E-03   2.2384817996404004E-03   6.6930605809247993E-05
       7   5.2093228346456693E+00       41   1.2010000000000001E+00   1.5257863171115036E-03   2.2007957095879502E-03   6.5803791716679730E-05
       7   5.2093228346456693E+00       42   1.2309000000000001E+00   1.5059448863125914E-03   2.2816794002959739E-03   6.8222214068849640E-05
       7   5.2093228346456693E+00       43   1.2608000000000001E+00   1.5223898043258066E-03   2.4200161655226469E-03   7.2358483349127162E-05
       7   5.2093228346456693E+00       44   1.2907000000000002E+00   1.5007082716610939E-03   2.5000396493569002E-03   7.4751185515771327E-05
       7   5.2093228346456693E+00       45   1.3206000000000002E+00   1.4403595735163165E-03   2.5119645689887270E-03   7.5107740612762955E-05
       7   5.2093228346456693E+00       46   1.3505000000000000E+00   1.4151812716182972E-03   2.5810787160363492E-03   7.7174253609486862E-05
       7   5.2093228346456693E+00       47   1.3804000000000001E+00   1.4249602233803837E-03   2.7152676334858505E-03   8.1186502241226952E-05
       7   5.2093228346456693E+00       48   1.4103000000000001E+00   1.3652919099242720E-03   2.7154920059525136E-03   8.1193210977980170E-05
       7   5.2093228346456693E+00       49   1.4402000000000001E+00   1.3555209624072600E-03   2.8115891019428797E-03   8.4066514148092121E-05
       7   5.2093228346456693E+00       50   1.4701000000000002E+00   1.3255604382708390E-03   2.8647932790839127E-03   8.5657319044609006E-05
 
       8   6.0775433070866134E+00        1   5.0000000000000001E-03   6.5294947141189733E-02   1.6323736785297434E-06   4.8807972988039336E-08
       8   6.0775433070866134E+00        2   3.4900000000000000E-02   6.5155513171877233E-02   7.9360066598478196E-05   2.3728659912944987E-06
       8   6.0775433070866134E+00        3   6.4800000000000010E-02   6.9266455365656648E-02   2.9085261673860699E-04   8.6964932404843509E-06
       8   6.0775433070866134E+00        4   9.4700000000000006E-02   7.8586367953118338E-02   7.0476962057668114E-04   2.1072611655242769E-05
       8   6.0775433070866134E+00        5   1.2460000000000002E-01   8.3297927043832140E-02   1.2932136450238213E-03   3.8667087986212264E-05
       8   6.0775433070866134E+00        6   1.5450000000000003E-01   8.1294726194548278E-02   1.9405254379454167E-03   5.8021710594567975E-05
       8   6.0775433070866134E+00        7   1.8440000000000001E-01   8.0028632931466351E-02   2.7212424158765060E-03   8.1365148234707540E-05
       8   6.0775433070866134E+00        8   2.1430000000000002E-01   6.7788066459593843E-02   3.1131323802429532E-03   9.3082658169264316E-05
       8   6.0775433070866134E+00        9   2.4420000000000003E-01   4.7127894833172715E-02   2.8104079144392826E-03   8.4031196641734562E-05
       8   6.0775433070866134E+00       10   2.7410000000000001E-01   4.8119514813533867E-02   3.6152581247477986E-03   1.0809621792995920E-04
       8   6.0775433070866134E+00       11   3.0400000000000005E-01   5.2993588832746401E-02   4.8974555055670927E-03   1.4643391961645610E-04
       8   6.0775433070866134E+00       12   3.3390000000000003E-01   3.9150832816899885E-02   4.3648954215982439E-03   1.3051037310578753E-04
       8   6.0775433070866134E+00       13   3.6380000000000001E-01   3.2047266022032166E-02   4.2414697588130075E-03   1.2681994578850895E-04
       8   6.0775433070866134E+00       14   3.9370000000000005E-01   2.6604191077478818E-02   4.1236413697099839E-03   1.2329687695432855E-04
       8   6.0775433070866134E+00       15   4.2360000000000003E-01   1.7597899464738258E-02   3.1577135823382609E-03   9.4415636111914021E-05
       8   6.0775433070866134E+00       16   4.5350000000000007E-01   1.4440186273080236E-02   2.9698011993407967E-03   8.8797055860289834E-05
       8   6.0775433070866134E+00       17   4.8340000000000005E-01   1.0247336894489256E-02   2.3945521873284387E-03   7.1597110401120333E-05
       8   6.0775433070866134E+00       18   5.1330000000000009E-01   9.3714384727362574E-03   2.4691574636228997E-03   7.3827808162324710E-05
       8   6.0775433070866134E+00       19   5.4320000000000002E-01   8.8687116039776678E-03   2.6168573866300598E-03   7.8244035860238801E-05
       8   6.0775433070866134E+00       20   5.7310000000000005E-01   7.9083391787297033E-03   2.5974434689664196E-03   7.7663559722095961E-05
       8   6.0775433070866134E+00       21   6.0300000000000009E-01   6.0842418274977828E-03   2.2122850866546423E-03   6.6147324090973814E-05
       8   6.0775433070866134E+00       22   6.3290000000000002E-01   5.1166951071217699E-03   2.0495557233439045E-03   6.1281716127982758E-05
       8   6.0775433070866134E+00       23   6.6280000000000006E-01   4.3730285724794754E-03   1.9210882443199521E-03   5.7440538505166578E-05
       8   6.0775433070866134E+00       24   6.9270000000000009E-01   3.3728234742409981E-03   1.6183929842342889E-03   4.8389950228605247E-05
       8   6.0775433070866134E+00       25   7.2260000000000002E-01   2.3112067977715724E-03   1.2067983859735930E-03   3.6083271740610435E-05
       8   6.0775433070866134E+00       26   7.5250000000000006E-01   2.8713529475430507E-03   1.6259215525021749E-03   4.8615054419815037E-05
       8   6.0775433070866134E+00       27   7.8240000000000010E-01   3.1616517637039388E-03   1.9354043683549431E-03   5.7868590613812809E-05
       8   6.0775433070866134E+00       28   8.1230000000000013E-01   2.4393651570657907E-03   1.6095694583677738E-03   4.8126126805196449E-05
       8   6.0775433070866134E+00       29   8.4220000000000006E-01   2.3454736827287397E-03   1.6636464533573889E-03   4.9743028955385942E-05
       8   6.0775433070866134E+00       30   8.7210000000000010E-01   2.1601485548587316E-03   1.6429191502471551E-03   4.9123282592389949E-05
       8   6.0775433070866134E+00       31   9.0200000000000014E-01   1.9135080604924502E-03   1.5568378120488998E-03   4.6549450580262118E-05
       8   6.0775433070866134E+00       32   9.3190000000000006E-01   1.9940441826723490E-03   1.7317029642343782E-03   5.1777918630607918E-05
       8   6.0775433070866134E+00       33   9.6180000000000010E-01   1.8675337766861048E-03   1.7275793761355781E-03   5.1654623346453797E-05
       8   6.0775433070866134E+00       34   9.9170000000000014E-01   1.9333625779014616E-03   1.9014019484562895E-03   5.6851918258843070E-05
       8   6.0775433070866134E+00       35   1.0216000000000001E+00   1.7378276975577257E-03   1.8137126549827923E-03   5.4230008383985503E-05
       8   6.0775433070866134E+00       36   1.0515000000000001E+00   1.8321922638898059E-03   2.0257674990023580E-03   6.0570448220170517E-05
       8   6.0775433070866134E+00       37   1.0814000000000001E+00   1.7454987128785687E-03   2.0412315079867851E-03   6.1032822088804889E-05
       8   6.0775433070866134E+00       38   1.1113000000000002E+00   1.7184366016369467E-03   2.1222480490670635E-03   6.3455216667105218E-05
       8   6.0775433070866134E+00       39   1.1412000000000002E+00   1.6666795765927721E-03   2.1705792130801158E-03   6.4900318471095475E-05
       8   6.0775433070866134E+00       40   1.1711000000000000E+00   1.7184512286931475E-03   2.3568132597466926E-03   7.0468716466426121E-05
       8   6.0775433070866134E+00       41   1.2010000000000001E+00   1.6001427588436085E-03   2.3080475154987801E-03   6.9010620713413535E-05
       8   6.0775433070866134E+00       42   1.2309000000000001E+00   1.5952376951302509E-03   2.4169682573621084E-03   7.2267350895127060E-05
       8   6.0775433070866134E+00       43   1.2608000000000001E+00   1.6025569374826432E-03   2.5474511743698502E-03   7.6168790113658534E-05
       8   6.0775433070866134E+00       44   1.2907000000000002E+00   1.5872643519482025E-03   2.6442339852561555E-03   7.9062596159159063E-05
       8   6.0775433070866134E+00       45   1.3206000000000002E+00   1.5188219658398066E-03   2.6488017540490781E-03   7.9199172446067447E-05
       8   6.0775433070866134E+00       46   1.3505000000000000E+00   1.4907765693444501E-03   2.7189532186930178E-03   8.1296701238921248E-05
       8   6.0775433070866134E+00       47   1.3804000000000001E+00   1.5031087483461936E-03   2.8641799729060653E-03   8.5638981189891376E-05
       8   6.0775433070866134E+00       48   1.4103000000000001E+00   1.4407212015999349E-03   2.8655168007022925E-03   8.5678952340998557E-05
       8   6.0775433070866134E+00       49   1.4402000000000001E+00   1.4344085562408039E-03   2.9752158589256682E-03   8.8958954181877497E-05
       8   6.0775433070866134E+00       50   1.4701000000000002E+00   1.3979695521587759E-03   3.0212834222879299E-03   9.0336374326409127E-05
 
       9   6.9457637795275584E+00        1   5.0000000000000001E-03   6.4454162378622892E-02   1.6113540594655723E-06   4.8179486378020620E-08
       9   6.9457637795275584E+00        2   3.4900000000000000E-02   6.4618780513339732E-02   7.8706320853052936E-05   2.3533189935062832E-06
       9   6.9457637795275584E+00        3   6.4800000000000010E-02   6.9319077702874793E-02   2.9107358003747946E-04   8.7031000431206378E-06
       9   6.9457637795275584E+00        4   9.4700000000000006E-02   7.9260337832296732E-02   7.1081384311044216E-04   2.1253333909002226E-05
       9   6.9457637795275584E+00        5   1.2460000000000002E-01   8.4512795110122899E-02   1.3120746661318761E-03   3.9231032517343104E-05
       9   6.9457637795275584E+00        6   1.5450000000000003E-01   8.3266911076387978E-02   1.9876019841211508E-03   5.9429299325222421E-05
       9   6.9457637795275584E+00        7   1.8440000000000001E-01   8.2432329374964003E-02   2.8029761713754763E-03   8.3808987524126757E-05
       9   6.9457637795275584E+00        8   2.1430000000000002E-01   6.8950731027886236E-02   3.1665271575828514E-03   9.4679162011727282E-05
       9   6.9457637795275584E+00        9   2.4420000000000003E-01   4.6876124349934600E-02   2.7953939240792348E-03   8.3582278329969139E-05
       9   6.9457637795275584E+00       10   2.7410000000000001E-01   4.8237006157286412E-02   3.6240853445719157E-03   1.0836015180270031E-04
       9   6.9457637795275584E+00       11   3.0400000000000005E-01   5.3535031504059541E-02   4.9474934714791681E-03   1.4793005479722717E-04
       9   6.9457637795275584E+00       12   3.3390000000000003E-01   3.9176236118704376E-02   4.3677276156478175E-03   1.3059505570786977E-04
       9   6.9457637795275584E+00       13   3.6380000000000001E-01   3.2046504648014340E-02   4.2413689906267435E-03   1.2681693281973966E-04
       9   6.9457637795275584E+00       14   3.9370000000000005E-01   2.7002084045814757E-02   4.1853146564552347E-03   1.2514090822801155E-04
       9   6.9457637795275584E+00       15   4.2360000000000003E-01   1.7723445024606769E-02   3.1802410959425645E-03   9.5089208768682704E-05
       9   6.9457637795275584E+00       16   4.5350000000000007E-01   1.4305859228972512E-02   2.9421751972137531E-03   8.7971038396691237E-05
       9   6.9457637795275584E+00       17   4.8340000000000005E-01   1.0407500644121784E-02   2.4319785412155190E-03   7.2716158382344037E-05
       9   6.9457637795275584E+00       18   5.1330000000000009E-01   9.4794359744324683E-03   2.4976123094975870E-03   7.4678608053977875E-05
       9   6.9457637795275584E+00       19   5.4320000000000002E-01   8.8805373963036695E-03   2.6203467787067141E-03   7.8348368683330761E-05
       9   6.9457637795275584E+00       20   5.7310000000000005E-01   7.9028849815178763E-03   2.5956520727445148E-03   7.7609996975061015E-05
       9   6.9457637795275584E+00       21   6.0300000000000009E-01   6.0969295012039699E-03   2.2168984390032753E-03   6.6285263326197944E-05
       9   6.9457637795275584E+00       22   6.3290000000000002E-01   5.1907770346826853E-03   2.0792301587851500E-03   6.2168981747675998E-05
       9   6.9457637795275584E+00       23   6.6280000000000006E-01   4.4246819336995358E-03   1.9437797642528317E-03   5.8119014951159679E-05
       9   6.9457637795275584E+00       24   6.9270000000000009E-01   3.3900017947992456E-03   1.6266357143044274E-03   4.8636407857702391E-05
       9   6.9457637795275584E+00       25   7.2260000000000002E-01   2.3552892048103887E-03   1.2298160483115402E-03   3.6771499844515060E-05
       9   6.9457637795275584E+00       26   7.5250000000000006E-01   2.9233903413603251E-03   1.6553880519849179E-03   4.9496102754349058E-05
       9   6.9457637795275584E+00       27   7.8240000000000010E-01   3.1420442555183596E-03   1.9234016369249428E-03   5.7509708944055805E-05
       9   6.9457637795275584E+00       28   8.1230000000000013E-01   2.4711144023746743E-03   1.6305186038564608E-03   4.8752506255308186E-05
       9   6.9457637795275584E+00       29   8.4220000000000006E-01   2.4233116418166012E-03   1.7188569831222947E-03   5.1393823795356625E-05
       9   6.9457637795275584E+00       30   8.7210000000000010E-01   2.1595545116909359E-03   1.6424673457199849E-03   4.9109773637027555E-05
       9   6.9457637795275584E+00       31   9.0200000000000014E-01   1.9890790677034270E-03   1.6183226857997795E-03   4.8387848305413419E-05
       9   6.9457637795275584E+00       32   9.3190000000000006E-01   2.0479169996917060E-03   1.7784881446906362E-03   5.3176795526250032E-05
       9   6.9457637795275584E+00       33   9.6180000000000010E-01   1.9225625862655837E-03   1.7784842849032755E-03   5.3176680118607951E-05
       9   6.9457637795275584E+00       34   9.9170000000000014E-01   2.0164394521216280E-03   1.9831054697302662E-03   5.9294853544934972E-05
       9   6.9457637795275584E+00       35   1.0216000000000001E+00   1.7836145410662697E-03   1.8614988524406127E-03   5.5658815687974333E-05
       9   6.9457637795275584E+00       36   1.0515000000000001E+00   1.9214232064231778E-03   2.1244258913840014E-03   6.3520334152381656E-05
       9   6.9457637795275584E+00       37   1.0814000000000001E+00   1.8045630595433567E-03   2.1103028882870278E-03   6.3098056359782141E-05
       9   6.9457637795275584E+00       38   1.1113000000000002E+00   1.8039224096605636E-03   2.2278219696459339E-03   6.6611876892413435E-05
       9   6.9457637795275584E+00       39   1.1412000000000002E+00   1.7293734424668179E-03   2.2522277818662240E-03   6.7341610677800108E-05
       9   6.9457637795275584E+00       40   1.1711000000000000E+00   1.7962262831893664E-03   2.4634798189446558E-03   7.3658046586445224E-05
       9   6.9457637795275584E+00       41   1.2010000000000001E+00   1.6675656400638923E-03   2.4052983467937987E-03   7.1918420569134597E-05
       9   6.9457637795275584E+00       42   1.2309000000000001E+00   1.6761919427892590E-03   2.5396232369226794E-03   7.5934734783988125E-05
       9   6.9457637795275584E+00       43   1.2608000000000001E+00   1.6744142531164830E-03   2.6616767590071340E-03   7.9584135094313329E-05
       9   6.9457637795275584E+00       44   1.2907000000000002E+00   1.6658329568401272E-03   2.7751219340558585E-03   8.2976145828270181E-05
       9   6.9457637795275584E+00       45   1.3206000000000002E+00   1.5879841016718497E-03   2.7694194372443570E-03   8.2805641173606292E-05
       9   6.9457637795275584E+00       46   1.3505000000000000E+00   1.5619216570498214E-03   2.8487112046907312E-03   8.5176465020252881E-05
       9   6.9457637795275584E+00       47   1.3804000000000001E+00   1.5711795424084209E-03   2.9938891541661430E-03   8.9517285709567689E-05
       9   6.9457637795275584E+00       48   1.4103000000000001E+00   1.5038848495890723E-03   2.9911458914004237E-03   8.9435262152872693E-05
       9   6.9457637795275584E+00       49   1.4402000000000001E+00   1.5067976637102392E-03   3.1253636111957558E-03   9.3448371974753114E-05
       9   6.9457637795275584E+00       50   1.4701000000000002E+00   1.4636862843829764E-03   3.1633100303276457E-03   9.4582969906796625E-05
 
      10   7.8139842519685034E+00        1   5.0000000000000001E-03   6.4039894220252164E-02   1.6009973555063042E-06   4.7869820929638505E-08
      10   7.8139842519685034E+00        2   3.4900000000000000E-02   6.4334376699133805E-02   7.8359914163311971E-05   2.3429614334830286E-06
      10   7.8139842519685034E+00        3   6.4800000000000010E-02   6.9396791866731755E-02   2.9139990492008138E-04   8.7128571571104357E-06
      10   7.8139842519685034E+00        4   9.4700000000000006E-02   7.9894604212335477E-02   7.1650200109060378E-04   2.1423409832609057E-05
      10   7.8139842519685034E+00        5   1.2460000000000002E-01   8.5582803634466395E-02   1.3286867196736728E-03   3.9727732918242828E-05
      10   7.8139842519685034E+00        6   1.5450000000000003E-01   8.4558704616463365E-02   2.0184374188711354E-03   6.0351278824246961E-05
      10   7.8139842519685034E+00        7   1.8440000000000001E-01   8.3546191820059484E-02   2.8408512370865380E-03   8.4941451988887506E-05
      10   7.8139842519685034E+00        8   2.1430000000000002E-01   6.9042128480981915E-02   3.1707245390035694E-03   9.4804663716206746E-05
      10   7.8139842519685034E+00        9   2.4420000000000003E-01   4.6031682636733753E-02   2.7450367909532323E-03   8.2076600049501669E-05
      10   7.8139842519685034E+00       10   2.7410000000000001E-01   4.7488513892075201E-02   3.5678505144078627E-03   1.0667873038079512E-04
      10   7.8139842519685034E+00       11   3.0400000000000005E-01   5.3212665686559496E-02   4.9177017120890839E-03   1.4703928119146363E-04
      10   7.8139842519685034E+00       12   3.3390000000000003E-01   3.8838252102862791E-02   4.3300460447290119E-03   1.2946837673739748E-04
      10   7.8139842519685034E+00       13   3.6380000000000001E-01   3.1609961511944826E-02   4.1835923144889634E-03   1.2508941020322002E-04
      10   7.8139842519685034E+00       14   3.9370000000000005E-01   2.7014887114803487E-02   4.1872991281795367E-03   1.2520024393256816E-04
      10   7.8139842519685034E+00       15   4.2360000000000003E-01   1.7824383705917553E-02   3.1983532260633804E-03   9.5630761459295090E-05
      10   7.8139842519685034E+00       16   4.5350000000000007E-01   1.4031833511613068E-02   2.8858184516237458E-03   8.6285971703550026E-05
      10   7.8139842519685034E+00       17   4.8340000000000005E-01   1.0387967824935425E-02   2.4274141987537679E-03   7.2579684542737677E-05
      10   7.8139842519685034E+00       18   5.1330000000000009E-01   9.5939732524452908E-03   2.5277902352974710E-03   7.5580928035394400E-05
      10   7.8139842519685034E+00       19   5.4320000000000002E-01   8.8644127621278802E-03   2.6155889435290885E-03   7.8206109411519764E-05
      10   7.8139842519685034E+00       20   5.7310000000000005E-01   7.9033354378682287E-03   2.5958000222543721E-03   7.7614420665405741E-05
      10   7.8139842519685034E+00       21   6.0300000000000009E-01   6.0973611506362595E-03   2.2170553906217002E-03   6.6289956179588851E-05
      10   7.8139842519685034E+00       22   6.3290000000000002E-01   5.2796149533093778E-03   2.1148152895696421E-03   6.3232977158132316E-05
      10   7.8139842519685034E+00       23   6.6280000000000006E-01   4.4903035961122882E-03   1.9726076125379374E-03   5.8980967614884343E-05
      10   7.8139842519685034E+00       24   6.9270000000000009E-01   3.4309739041791082E-03   1.6462954963464068E-03   4.9224235340757571E-05
      10   7.8139842519685034E+00       25   7.2260000000000002E-01   2.3895235545625371E-03   1.2476915400527304E-03   3.7305977047576650E-05
      10   7.8139842519685034E+00       26   7.5250000000000006E-01   2.9847293460674249E-03   1.6901216467690927E-03   5.0534637238395882E-05
      10   7.8139842519685034E+00       27   7.8240000000000010E-01   3.1296107269408770E-03   1.9157904553902838E-03   5.7282134616169494E-05
      10   7.8139842519685034E+00       28   8.1230000000000013E-01   2.4861590749027523E-03   1.6404455495382902E-03   4.9049321931194889E-05
      10   7.8139842519685034E+00       29   8.4220000000000006E-01   2.5024247359007211E-03   1.7749719672111601E-03   5.3071661819613700E-05
      10   7.8139842519685034E+00       30   8.7210000000000010E-01   2.1649242338152900E-03   1.6465513330410255E-03   4.9231884857926674E-05
      10   7.8139842519685034E+00       31   9.0200000000000014E-01   2.0448747786471588E-03   1.6637182994064434E-03   4.9745177152252671E-05
      10   7.8139842519685034E+00       32   9.3190000000000006E-01   2.1066341853005648E-03   1.8294803570267199E-03   5.4701462675098934E-05
      10   7.8139842519685034E+00       33   9.6180000000000010E-01   1.9577953183996834E-03   1.8110766493143694E-03   5.4151191814499658E-05
      10   7.8139842519685034E+00       34   9.9170000000000014E-01   2.0969852108196842E-03   2.0623197176312513E-03   6.1663359557174421E-05
      10   7.8139842519685034E+00       35   1.0216000000000001E+00   1.8211813516267568E-03   1.9007060763884479E-03   5.6831111684014608E-05
      10   7.8139842519685034E+00       36   1.0515000000000001E+00   2.0015273724637295E-03   2.2129932428011107E-03   6.6168497959753219E-05
      10   7.8139842519685034E+00       37   1.0814000000000001E+00   1.8559253554734322E-03   2.1703672905128602E-03   6.4893981986334536E-05
      10   7.8139842519685034E+00       38   1.1113000000000002E+00   1.8749701201272765E-03   2.3155650174750083E-03   6.9235394022502760E-05
      10   7.8139842519685034E+00       39   1.1412000000000002E+00   1.7814596703206382E-03   2.3200616265086249E-03   6.9369842632607901E-05
      10   7.8139842519685034E+00       40   1.1711000000000000E+00   1.8551242857241484E-03   2.5442569693396267E-03   7.6073283383254852E-05
      10   7.8139842519685034E+00       41   1.2010000000000001E+00   1.7205375354710244E-03   2.4817050617009415E-03   7.4202981344858164E-05
      10   7.8139842519685034E+00       42   1.2309000000000001E+00   1.7371835428556153E-03   2.6320325134688129E-03   7.8697772152717520E-05
      10   7.8139842519685034E+00       43   1.2608000000000001E+00   1.7306346838022479E-03   2.7510456911331925E-03   8.2256266164882472E-05
      10   7.8139842519685034E+00       44   1.2907000000000002E+00   1.7251725843822519E-03   2.8739762046924668E-03   8.5931888520304777E-05
      10   7.8139842519685034E+00       45   1.3206000000000002E+00   1.6412729058829620E-03   2.8623542783516387E-03   8.5584392922714018E-05
      10   7.8139842519685034E+00       46   1.3505000000000000E+00   1.6195783841039893E-03   2.9538684407426569E-03   8.8320666378205459E-05
      10   7.8139842519685034E+00       47   1.3804000000000001E+00   1.6235758142602147E-03   3.0937304681482270E-03   9.2502540997632004E-05
      10   7.8139842519685034E+00       48   1.4103000000000001E+00   1.5510195934614591E-03   3.0848943559285591E-03   9.2238341242263932E-05
      10   7.8139842519685034E+00       49   1.4402000000000001E+00   1.5623126743355457E-03   3.2405115160951121E-03   9.6891294331243871E-05
      10   7.8139842519685034E+00       50   1.4701000000000002E+00   1.5144145836703494E-03   3.2729437268850035E-03   9.7861017433861623E-05
 
      11   8.6822047244094485E+00        1   5.0000000000000001E-03   6.4702952632113633E-02   1.6175738158028409E-06   4.8365457092504951E-08
      11   8.6822047244094485E+00        2   3.4900000000000000E-02   6.4927143319978065E-02   7.9081909835166487E-05   2.3645491040714784E-06
      11   8.6822047244094485E+00        3   6.4800000000000010E-02   6.9901256428527903E-02   2.9351817179364587E-04   8.7761933366300141E-06
      11   8.6822047244094485E+00        4   9.4700000000000006E-02   8.0419705113815632E-02   7.2121115323415890E-04   2.1564213481701357E-05
      11   8.6822047244094485E+00        5   1.2460000000000002E-01   8.6081887011683539E-02   1.3364350689583093E-03   3.9959408561853458E-05
      11   8.6822047244094485E+00        6   1.5450000000000003E-01   8.4731248896391900E-02   2.0225560939690994E-03   6.0474427209676086E-05
      11   8.6822047244094485E+00        7   1.8440000000000001E-01   8.2982036964543787E-02   2.8216680764386898E-03   8.4367875485516847E-05
      11   8.6822047244094485E+00        8   2.1430000000000002E-01   6.7772732369185823E-02   3.1124281699613510E-03   9.3061602281844415E-05
      11   8.6822047244094485E+00        9   2.4420000000000003E-01   4.4610519394899809E-02   2.6602876538084738E-03   7.9542600848873387E-05
      11   8.6822047244094485E+00       10   2.7410000000000001E-01   4.6042417386467499E-02   3.4592041126033867E-03   1.0343020296684128E-04
      11   8.6822047244094485E+00       11   3.0400000000000005E-01   5.2023182524776182E-02   4.8077744362097167E-03   1.4375245564267057E-04
      11   8.6822047244094485E+00       12   3.3390000000000003E-01   3.8128220728214660E-02   4.2508852076942778E-03   1.2710146771005893E-04
      11   8.6822047244094485E+00       13   3.6380000000000001E-01   3.0854595809922152E-02   4.0836193314653536E-03   1.2210021801081409E-04
      11   8.6822047244094485E+00       14   3.9370000000000005E-01   2.6623446651228830E-02   4.1266259776720077E-03   1.2338611673239305E-04
      11   8.6822047244094485E+00       15   4.2360000000000003E-01   1.7884527209979170E-02   3.2091451935959445E-03   9.5953441288518755E-05
      11   8.6822047244094485E+00       16   4.5350000000000007E-01   1.3738202737995052E-02   2.8254296860522237E-03   8.4480347612961505E-05
      11   8.6822047244094485E+00       17   4.8340000000000005E-01   1.0199960897933760E-02   2.3834815748027746E-03   7.1266099086602982E-05
      11   8.6822047244094485E+00       18   5.1330000000000009E-01   9.7048707903034694E-03   2.5570091736810008E-03   7.6454574293061941E-05
      11   8.6822047244094485E+00       19   5.4320000000000002E-01   8.8637535666865452E-03   2.6153944372087883E-03   7.8200293672542790E-05
      11   8.6822047244094485E+00       20   5.7310000000000005E-01   7.9094955371344124E-03   2.5978232674953158E-03   7.7674915698109964E-05
      11   8.6822047244094485E+00       21   6.0300000000000009E-01   6.0943588647183241E-03   2.2159637324413659E-03   6.6257315599996860E-05
      11   8.6822047244094485E+00       22   6.3290000000000002E-01   5.3600081910824444E-03   2.1470177986397249E-03   6.4195832179327785E-05
      11   8.6822047244094485E+00       23   6.6280000000000006E-01   4.5688719027823770E-03   2.0071229713604054E-03   6.0012976843676133E-05
      11   8.6822047244094485E+00       24   6.9270000000000009E-01   3.4938873583255439E-03   1.6764834660347552E-03   5.0126855634439190E-05
      11   8.6822047244094485E+00       25   7.2260000000000002E-01   2.4291421471973971E-03   1.2683784183071529E-03   3.7924514707383883E-05
      11   8.6822047244094485E+00       26   7.5250000000000006E-01   3.0468136762591587E-03   1.7252772867672255E-03   5.1585790874340052E-05
      11   8.6822047244094485E+00       27   7.8240000000000010E-01   3.1292616677557803E-03   1.9155767788939010E-03   5.7275745688927649E-05
      11   8.6822047244094485E+00       28   8.1230000000000013E-01   2.4939540383838079E-03   1.6455889103474980E-03   4.9203108419390202E-05
      11   8.6822047244094485E+00       29   8.4220000000000006E-01   2.5727042568134059E-03   1.8248212904293250E-03   5.4562156583836829E-05
      11   8.6822047244094485E+00       30   8.7210000000000010E-01   2.1886295012963951E-03   1.6645805735850795E-03   4.9770959150193886E-05
      11   8.6822047244094485E+00       31   9.0200000000000014E-01   2.0755132604377410E-03   1.6886458907451882E-03   5.0490512133281136E-05
      11   8.6822047244094485E+00       32   9.3190000000000006E-01   2.1653696703852637E-03   1.8804884613158664E-03   5.6226604993344417E-05
      11   8.6822047244094485E+00       33   9.6180000000000010E-01   1.9738393066109855E-03   1.8259182888556856E-03   5.4594956836785009E-05
      11   8.6822047244094485E+00       34   9.9170000000000014E-01   2.1552735457420675E-03   2.1196444816773160E-03   6.3377370002151760E-05
      11   8.6822047244094485E+00       35   1.0216000000000001E+00   1.8457051559119470E-03   1.9263007508448855E-03   5.7596392450262089E-05
      11   8.6822047244094485E+00       36   1.0515000000000001E+00   2.0558515463975522E-03   2.2730568879404333E-03   6.7964400949418972E-05
      11   8.6822047244094485E+00       37   1.0814000000000001E+00   1.8942032471903876E-03   2.2151304507807370E-03   6.6232400478344049E-05
      11   8.6822047244094485E+00       38   1.1113000000000002E+00   1.9180472077448591E-03   2.3687646904037743E-03   7.0826064243072859E-05
      11   8.6822047244094485E+00       39   1.1412000000000002E+00   1.8200185276144002E-03   2.3702782700059082E-03   7.0871320273176665E-05
      11   8.6822047244094485E+00       40   1.1711000000000000E+00   1.8877403777229156E-03   2.5889891309630150E-03   7.7410775015794169E-05
      11   8.6822047244094485E+00       41   1.2010000000000001E+00   1.7545099101482901E-03   2.5307068489078040E-03   7.5668134782343362E-05
      11   8.6822047244094485E+00       42   1.2309000000000001E+00   1.7719812297262694E-03   2.6847550042002834E-03   8.0274174625588496E-05
      11   8.6822047244094485E+00       43   1.2608000000000001E+00   1.7667733487358535E-03   2.8084923142590364E-03   8.3973920196345206E-05
      11   8.6822047244094485E+00       44   1.2907000000000002E+00   1.7594378159374497E-03   2.9310588763216236E-03   8.7638660402016564E-05
      11   8.6822047244094485E+00       45   1.3206000000000002E+00   1.6734209359686944E-03   2.9184199400259657E-03   8.7260756206776398E-05
      11   8.6822047244094485E+00       46   1.3505000000000000E+00   1.6563287037098743E-03   3.0208955203434302E-03   9.0324776058268590E-05
      11   8.6822047244094485E+00       47   1.3804000000000001E+00   1.6561466968700905E-03   3.1557944204562167E-03   9.4358253171640899E-05
      11   8.6822047244094485E+00       48   1.4103000000000001E+00   1.5829718713900748E-03   3.1484457141812724E-03   9.4138526854020072E-05
      11   8.6822047244094485E+00       49   1.4402000000000001E+00   1.5952646324807035E-03   3.3088596781508813E-03   9.8934904376711376E-05
      11   8.6822047244094485E+00       50   1.4701000000000002E+00   1.5451212262680991E-03   3.3393067389344711E-03   9.9845271494140703E-05
 
      12   9.5504251968503944E+00        1   5.0000000000000001E-03   6.5475426226137945E-02   1.6368856556534488E-06   4.8942881104038127E-08
      12   9.5504251968503944E+00        2   3.4900000000000000E-02   6.5724112107806473E-02   8.0052625788429362E-05   2.3935735110740383E-06
      12   9.5504251968503944E+00        3   6.4800000000000010E-02   7.0573581493434970E-02   2.9634129163419324E-04   8.8606046198623789E-06
      12   9.5504251968503944E+00        4   9.4700000000000006E-02   8.0668474401676168E-02   7.2344213859692813E-04   2.1630919944048156E-05
      12   9.5504251968503944E+00        5   1.2460000000000002E-01   8.5663188080210589E-02   1.3299347010553627E-03   3.9765047561555351E-05
      12   9.5504251968503944E+00        6   1.5450000000000003E-01   8.3353854428395907E-02   1.9896773436694180E-03   5.9491352575715609E-05
      12   9.5504251968503944E+00        7   1.8440000000000001E-01   8.0455104059922941E-02   2.7357438671870215E-03   8.1798741628891957E-05
      12   9.5504251968503944E+00        8   2.1430000000000002E-01   6.5067278389840374E-02   2.9881815757414405E-03   8.9346629114669086E-05
      12   9.5504251968503944E+00        9   2.4420000000000003E-01   4.2681679180810707E-02   2.5452638908639615E-03   7.6103390336832463E-05
      12   9.5504251968503944E+00       10   2.7410000000000001E-01   4.4119605599950366E-02   3.3147417056048072E-03   9.9110776997583751E-05
      12   9.5504251968503944E+00       11   3.0400000000000005E-01   5.0123884832982628E-02   4.6322489407249236E-03   1.3850424332767524E-04
      12   9.5504251968503944E+00       12   3.3390000000000003E-01   3.7082303671617231E-02   4.1342767413287051E-03   1.2361487456572832E-04
      12   9.5504251968503944E+00       13   3.6380000000000001E-01   2.9942671199822593E-02   3.9629257080718485E-03   1.1849147867134830E-04
      12   9.5504251968503944E+00       14   3.9370000000000005E-01   2.5897382184025090E-02   4.0140862103354132E-03   1.2002117768902888E-04
      12   9.5504251968503944E+00       15   4.2360000000000003E-01   1.7850582701340281E-02   3.2030542941570888E-03   9.5771323395296980E-05
      12   9.5504251968503944E+00       16   4.5350000000000007E-01   1.3531602600832552E-02   2.7829398369930754E-03   8.3209901126092971E-05
      12   9.5504251968503944E+00       17   4.8340000000000005E-01   9.9133457846485827E-03   2.3165066277013977E-03   6.9263548168271806E-05
      12   9.5504251968503944E+00       18   5.1330000000000009E-01   9.7906052432922934E-03   2.5795982207203476E-03   7.7129986799538404E-05
      12   9.5504251968503944E+00       19   5.4320000000000002E-01   8.9278330821517538E-03   2.6343021388981294E-03   7.8765633953054083E-05
      12   9.5504251968503944E+00       20   5.7310000000000005E-01   7.9349429350324217E-03   2.6061813027260443E-03   7.7924820951508740E-05
      12   9.5504251968503944E+00       21   6.0300000000000009E-01   6.0918846200575102E-03   2.2150640748144919E-03   6.6230415836953326E-05
      12   9.5504251968503944E+00       22   6.3290000000000002E-01   5.4018802004304521E-03   2.1637901516157053E-03   6.4697325533309599E-05
      12   9.5504251968503944E+00       23   6.6280000000000006E-01   4.6474741478762585E-03   2.0416532394627687E-03   6.1045431859936791E-05
      12   9.5504251968503944E+00       24   6.9270000000000009E-01   3.5652517058110136E-03   1.7107264556774113E-03   5.1150721024754608E-05
      12   9.5504251968503944E+00       25   7.2260000000000002E-01   2.4807400774994907E-03   1.2953203168288182E-03   3.8730077473181669E-05
      12   9.5504251968503944E+00       26   7.5250000000000006E-01   3.1069648857464738E-03   1.7593382850844771E-03   5.2604214724025879E-05
      12   9.5504251968503944E+00       27   7.8240000000000010E-01   3.1416351349894196E-03   1.9231511938913412E-03   5.7502220697351114E-05
      12   9.5504251968503944E+00       28   8.1230000000000013E-01   2.4922822483872233E-03   1.6444858109974424E-03   4.9170125748823536E-05
      12   9.5504251968503944E+00       29   8.4220000000000006E-01   2.6293168868506017E-03   1.8649766764693172E-03   5.5762802626432594E-05
      12   9.5504251968503944E+00       30   8.7210000000000010E-01   2.2295933947964193E-03   1.6957360072928673E-03   5.0702506618056741E-05
      12   9.5504251968503944E+00       31   9.0200000000000014E-01   2.0804252042461941E-03   1.6926422678755209E-03   5.0610003809478088E-05
      12   9.5504251968503944E+00       32   9.3190000000000006E-01   2.2151930670308829E-03   1.9237569728208699E-03   5.7520333487344020E-05
      12   9.5504251968503944E+00       33   9.6180000000000010E-01   1.9707503020895689E-03   1.8230607766807473E-03   5.4509517222754354E-05
      12   9.5504251968503944E+00       34   9.9170000000000014E-01   2.1763658577961652E-03   2.1403881144006929E-03   6.3997604620580738E-05
      12   9.5504251968503944E+00       35   1.0216000000000001E+00   1.8522294489310457E-03   1.9331099372965604E-03   5.7799987125167170E-05
      12   9.5504251968503944E+00       36   1.0515000000000001E+00   2.0693041375571459E-03   2.2879307756243682E-03   6.8409130191168625E-05
      12   9.5504251968503944E+00       37   1.0814000000000001E+00   1.9141446035740174E-03   2.2384503906133653E-03   6.6929666679339632E-05
      12   9.5504251968503944E+00       38   1.1113000000000002E+00   1.9238482720024001E-03   2.3759289333507363E-03   7.1040275107187029E-05
      12   9.5504251968503944E+00       39   1.1412000000000002E+00   1.8406735691135468E-03   2.3971781038750004E-03   7.1675625305862530E-05
      12   9.5504251968503944E+00       40   1.1711000000000000E+00   1.8888482797186947E-03   2.5905085910853357E-03   7.7456206873451554E-05
      12   9.5504251968503944E+00       41   1.2010000000000001E+00   1.7659102974709462E-03   2.5471507789823909E-03   7.6159808291573512E-05
      12   9.5504251968503944E+00       42   1.2309000000000001E+00   1.7757707000250090E-03   2.6904964867719588E-03   8.0445844954481579E-05
      12   9.5504251968503944E+00       43   1.2608000000000001E+00   1.7776966737938081E-03   2.8258562135352900E-03   8.4493100784705186E-05
      12   9.5504251968503944E+00       44   1.2907000000000002E+00   1.7638362611284996E-03   2.9383862747113030E-03   8.7857749613867977E-05
      12   9.5504251968503944E+00       45   1.3206000000000002E+00   1.6795184798300557E-03   2.9290539611545939E-03   8.7578713438522378E-05
      12   9.5504251968503944E+00       46   1.3505000000000000E+00   1.6649204923140258E-03   3.0365656561370589E-03   9.0793313118498086E-05
      12   9.5504251968503944E+00       47   1.3804000000000001E+00   1.6626297975949830E-03   3.1681479958571984E-03   9.4727625076130250E-05
      12   9.5504251968503944E+00       48   1.4103000000000001E+00   1.5948235232308831E-03   3.1720180107700892E-03   9.4843338522025692E-05
      12   9.5504251968503944E+00       49   1.4402000000000001E+00   1.6010840730281114E-03   3.3209302223005193E-03   9.9295813646785544E-05
      12   9.5504251968503944E+00       50   1.4701000000000002E+00   1.5520452115845567E-03   3.3542708145257272E-03   1.0029269735431926E-04
 
      13   1.0418645669291339E+01        1   5.0000000000000001E-03   6.4922565052619965E-02   1.6230641263154993E-06   4.8529617376833443E-08
      13   1.0418645669291339E+01        2   3.4900000000000000E-02   6.5549337787681780E-02   7.9839748918774292E-05   2.3872084926713520E-06
      13   1.0418645669291339E+01        3   6.4800000000000010E-02   7.0794848924176798E-02   2.9727040242657544E-04   8.8883850325546069E-06
      13   1.0418645669291339E+01        4   9.4700000000000006E-02   8.0524366468020456E-02   7.2214976567818963E-04   2.1592277993777875E-05
      13   1.0418645669291339E+01        5   1.2460000000000002E-01   8.4358048807134725E-02   1.3096722050185761E-03   3.9159198930055434E-05
      13   1.0418645669291339E+01        6   1.5450000000000003E-01   8.0429938324337216E-02   1.9198827352865113E-03   5.7404493785066697E-05
      13   1.0418645669291339E+01        7   1.8440000000000001E-01   7.6102352359817257E-02   2.5877356841377160E-03   7.7373296955717726E-05
      13   1.0418645669291339E+01        8   2.1430000000000002E-01   6.1178937471150885E-02   2.8096115021044943E-03   8.4007383912924397E-05
      13   1.0418645669291339E+01        9   2.4420000000000003E-01   4.0448361334606428E-02   2.4120830184178399E-03   7.2121282250693435E-05
      13   1.0418645669291339E+01       10   2.7410000000000001E-01   4.2027027111127498E-02   3.1575245887509691E-03   9.4409985203653993E-05
      13   1.0418645669291339E+01       11   3.0400000000000005E-01   4.7812660825370043E-02   4.4186548628373989E-03   1.3211778039883825E-04
      13   1.0418645669291339E+01       12   3.3390000000000003E-01   3.5792384582041530E-02   3.9904646810679911E-03   1.1931489396393295E-04
      13   1.0418645669291339E+01       13   3.6380000000000001E-01   2.9042666932784098E-02   3.8438097473274262E-03   1.1492991144509007E-04
      13   1.0418645669291339E+01       14   3.9370000000000005E-01   2.4984896818143747E-02   3.8726512614942685E-03   1.1579227271867865E-04
      13   1.0418645669291339E+01       15   4.2360000000000003E-01   1.7655717738332612E-02   3.1680883175844799E-03   9.4725840695775973E-05
      13   1.0418645669291339E+01       16   4.5350000000000007E-01   1.3458029064735817E-02   2.7678085380189650E-03   8.2757475286767063E-05
      13   1.0418645669291339E+01       17   4.8340000000000005E-01   9.6219370909572371E-03   2.2484115380142040E-03   6.7227504986624713E-05
      13   1.0418645669291339E+01       18   5.1330000000000009E-01   9.8138568649082918E-03   2.5857244856711875E-03   7.7313162121568526E-05
      13   1.0418645669291339E+01       19   5.4320000000000002E-01   9.0609901676426286E-03   2.6735922994432803E-03   7.9940409753354101E-05
      13   1.0418645669291339E+01       20   5.7310000000000005E-01   7.9895930368456131E-03   2.6241307794524367E-03   7.8461510305627880E-05
      13   1.0418645669291339E+01       21   6.0300000000000009E-01   6.0860539616406691E-03   2.2129439949382028E-03   6.6167025448652278E-05
      13   1.0418645669291339E+01       22   6.3290000000000002E-01   5.3855968382644469E-03   2.1572676488235873E-03   6.4502302699825275E-05
      13   1.0418645669291339E+01       23   6.6280000000000006E-01   4.7039525787119733E-03   2.0664644310060725E-03   6.1787286487081586E-05
      13   1.0418645669291339E+01       24   6.9270000000000009E-01   3.6269707105636532E-03   1.7403412887833959E-03   5.2036204534623546E-05
      13   1.0418645669291339E+01       25   7.2260000000000002E-01   2.5311449123621870E-03   1.3216392396600495E-03   3.9517013265835487E-05
      13   1.0418645669291339E+01       26   7.5250000000000006E-01   3.1591183260963065E-03   1.7888704966415720E-03   5.3487227849583010E-05
      13   1.0418645669291339E+01       27   7.8240000000000010E-01   3.1634151269497009E-03   1.9364838107426292E-03   5.7900865941204624E-05
      13   1.0418645669291339E+01       28   8.1230000000000013E-01   2.4712844384965141E-03   1.6306307990100811E-03   4.8755860890401436E-05
      13   1.0418645669291339E+01       29   8.4220000000000006E-01   2.6644333376604329E-03   1.8898848045265492E-03   5.6507555655343832E-05
      13   1.0418645669291339E+01       30   8.7210000000000010E-01   2.2744245211610403E-03   1.7298326974792525E-03   5.1721997654629660E-05
      13   1.0418645669291339E+01       31   9.0200000000000014E-01   2.0630951734927111E-03   1.6785424855343641E-03   5.0188420317477500E-05
      13   1.0418645669291339E+01       32   9.3190000000000006E-01   2.2456091826073966E-03   1.9501714715376213E-03   5.8310126998974890E-05
      13   1.0418645669291339E+01       33   9.6180000000000010E-01   1.9518233243010559E-03   1.8055522009922088E-03   5.3986010809667053E-05
      13   1.0418645669291339E+01       34   9.9170000000000014E-01   2.1582325901432775E-03   2.1225546097900345E-03   6.3464382832722040E-05
      13   1.0418645669291339E+01       35   1.0216000000000001E+00   1.8412312445710156E-03   1.9216314791859507E-03   5.7456781227659942E-05
      13   1.0418645669291339E+01       36   1.0515000000000001E+00   2.0360652865505247E-03   2.2511801652214825E-03   6.7310286940122342E-05
      13   1.0418645669291339E+01       37   1.0814000000000001E+00   1.9111676947879254E-03   2.2349691161983572E-03   6.6825576574330894E-05
      13   1.0418645669291339E+01       38   1.1113000000000002E+00   1.8903772182480340E-03   2.3345925939927659E-03   6.9804318560383717E-05
      13   1.0418645669291339E+01       39   1.1412000000000002E+00   1.8365604236212398E-03   2.3918214005042020E-03   7.1515459875075651E-05
      13   1.0418645669291339E+01       40   1.1711000000000000E+00   1.8568675960687186E-03   2.5466478762605411E-03   7.6144771500190198E-05
      13   1.0418645669291339E+01       41   1.2010000000000001E+00   1.7516037629764221E-03   2.5265150193209546E-03   7.5542799077696552E-05
      13   1.0418645669291339E+01       42   1.2309000000000001E+00   1.7460684430386877E-03   2.6454941573215577E-03   7.9100275303914592E-05
      13   1.0418645669291339E+01       43   1.2608000000000001E+00   1.7590992377210953E-03   2.7962934196927697E-03   8.3609173248813833E-05
      13   1.0418645669291339E+01       44   1.2907000000000002E+00   1.7346069065815718E-03   2.8896929032730650E-03   8.6401817807864656E-05
      13   1.0418645669291339E+01       45   1.3206000000000002E+00   1.6569636165352586E-03   2.8897186323265296E-03   8.6402587106563253E-05
      13   1.0418645669291339E+01       46   1.3505000000000000E+00   1.6404920927978496E-03   2.9920119135723811E-03   8.9461156215814213E-05
      13   1.0418645669291339E+01       47   1.3804000000000001E+00   1.6370470529216950E-03   3.1193999694580305E-03   9.3270059086795128E-05
      13   1.0418645669291339E+01       48   1.4103000000000001E+00   1.5762429574056188E-03   3.1350622670219424E-03   9.3738361783956095E-05
      13   1.0418645669291339E+01       49   1.4402000000000001E+00   1.5761682335819812E-03   3.2692503851048690E-03   9.7750586514635610E-05
      13   1.0418645669291339E+01       50   1.4701000000000002E+00   1.5319486430035371E-03   3.3108382308868734E-03   9.8994063103517537E-05
 
      14   1.1286866141732284E+01        1   5.0000000000000001E-03   6.2481177379177161E-02   1.5620294344794290E-06   4.6704680090934934E-08
      14   1.1286866141732284E+01        2   3.4900000000000000E-02   6.3761007760534991E-02   7.7661545062409230E-05   2.3220801973660366E-06
      14   1.1286866141732284E+01        3   6.4800000000000010E-02   6.9993148073221961E-02   2.9390402848538202E-04   8.7877304517129241E-06
      14   1.1286866141732284E+01        4   9.4700000000000006E-02   7.9796011385910401E-02   7.1561781174986935E-04   2.1396972571321099E-05
      14   1.1286866141732284E+01        5   1.2460000000000002E-01   8.2362892528553222E-02   1.2786970845685937E-03   3.8233042828600961E-05
      14   1.1286866141732284E+01        6   1.5450000000000003E-01   7.6402602236231354E-02   1.8237492160294022E-03   5.4530101559279136E-05
      14   1.1286866141732284E+01        7   1.8440000000000001E-01   7.0586245085301022E-02   2.4001695026837216E-03   7.1765068130243297E-05
      14   1.1286866141732284E+01        8   2.1430000000000002E-01   5.6660639530828331E-02   2.6021109735271308E-03   7.7803118108461230E-05
      14   1.1286866141732284E+01        9   2.4420000000000003E-01   3.8168670974382750E-02   2.2761367841647906E-03   6.8056489846527260E-05
      14   1.1286866141732284E+01       10   2.7410000000000001E-01   4.0105657094355547E-02   3.0131705030811791E-03   9.0093798042127274E-05
      14   1.1286866141732284E+01       11   3.0400000000000005E-01   4.5474277231839985E-02   4.2025508046577252E-03   1.2565626905926600E-04
      14   1.1286866141732284E+01       12   3.3390000000000003E-01   3.4366445459852651E-02   3.8314878548270596E-03   1.1456148685932910E-04
      14   1.1286866141732284E+01       13   3.6380000000000001E-01   2.8258468942639264E-02   3.7400207982846417E-03   1.1182662186871081E-04
      14   1.1286866141732284E+01       14   3.9370000000000005E-01   2.4071342554490976E-02   3.7310506338299105E-03   1.1155841395151435E-04
      14   1.1286866141732284E+01       15   4.2360000000000003E-01   1.7262553439097366E-02   3.0975401109491771E-03   9.2616449317380417E-05
      14   1.1286866141732284E+01       16   4.5350000000000007E-01   1.3482302304531844E-02   2.7728006271302051E-03   8.2906738751193149E-05
      14   1.1286866141732284E+01       17   4.8340000000000005E-01   9.4033115876720891E-03   2.1973241011037652E-03   6.5699990623002596E-05
      14   1.1286866141732284E+01       18   5.1330000000000009E-01   9.7347614880984711E-03   2.5648846817759581E-03   7.6690051985101160E-05
      14   1.1286866141732284E+01       19   5.4320000000000002E-01   9.2088989104111302E-03   2.7172351760351094E-03   8.1245331763449787E-05
      14   1.1286866141732284E+01       20   5.7310000000000005E-01   8.0647300129597765E-03   2.6488090391318564E-03   7.9199390270042518E-05
      14   1.1286866141732284E+01       21   6.0300000000000009E-01   6.0714427719849784E-03   2.2076312348786866E-03   6.6008173922872749E-05
      14   1.1286866141732284E+01       22   6.3290000000000002E-01   5.3097715035565858E-03   2.1268948700139496E-03   6.3594156613417101E-05
      14   1.1286866141732284E+01       23   6.6280000000000006E-01   4.7164263014731833E-03   2.0719441853141673E-03   6.1951131140893613E-05
      14   1.1286866141732284E+01       24   6.9270000000000009E-01   3.6635817918383232E-03   1.7579085043618783E-03   5.2561464280420174E-05
      14   1.1286866141732284E+01       25   7.2260000000000002E-01   2.5560053424628368E-03   1.3346201321310306E-03   3.9905141950717827E-05
      14   1.1286866141732284E+01       26   7.5250000000000006E-01   3.1858993694622909E-03   1.8040354298290817E-03   5.3940659351889556E-05
      14   1.1286866141732284E+01       27   7.8240000000000010E-01   3.1863001202002477E-03   1.9504928538685532E-03   5.8319736330669752E-05
      14   1.1286866141732284E+01       28   8.1230000000000013E-01   2.4256358225535819E-03   1.6005104138657415E-03   4.7855261374585680E-05
      14   1.1286866141732284E+01       29   8.4220000000000006E-01   2.6639467192953281E-03   1.8895396457114209E-03   5.6497235406771500E-05
      14   1.1286866141732284E+01       30   8.7210000000000010E-01   2.3059167625701978E-03   1.7537843865327374E-03   5.2438153157328862E-05
      14   1.1286866141732284E+01       31   9.0200000000000014E-01   2.0273693738663084E-03   1.6494758320551243E-03   4.9319327378448230E-05
      14   1.1286866141732284E+01       32   9.3190000000000006E-01   2.2457658251776353E-03   1.9503075058369436E-03   5.8314194424524628E-05
      14   1.1286866141732284E+01       33   9.6180000000000010E-01   1.9238327585687212E-03   1.7796592695286850E-03   5.3211812158907695E-05
      14   1.1286866141732284E+01       34   9.9170000000000014E-01   2.1073079458989318E-03   2.0724718064414030E-03   6.1966907012597959E-05
      14   1.1286866141732284E+01       35   1.0216000000000001E+00   1.8167332888521064E-03   1.8960637820137644E-03   5.6692307082211566E-05
      14   1.1286866141732284E+01       36   1.0515000000000001E+00   1.9634541311997927E-03   2.1708974779328463E-03   6.4909834590192120E-05
      14   1.1286866141732284E+01       37   1.0814000000000001E+00   1.8799210056867023E-03   2.1984284267993377E-03   6.5733009961300206E-05
      14   1.1286866141732284E+01       38   1.1113000000000002E+00   1.8229546471983081E-03   2.2513265487182042E-03   6.7314663806674328E-05
      14   1.1286866141732284E+01       39   1.1412000000000002E+00   1.8015489693464987E-03   2.3462246727733583E-03   7.0152117715923423E-05
      14   1.1286866141732284E+01       40   1.1711000000000000E+00   1.7963200927000177E-03   2.4636084763629764E-03   7.3661893443253013E-05
      14   1.1286866141732284E+01       41   1.2010000000000001E+00   1.7098420570746790E-03   2.4662778929665746E-03   7.3741708999700595E-05
      14   1.1286866141732284E+01       42   1.2309000000000001E+00   1.6864990776925752E-03   2.5552397296633618E-03   7.6401667916934531E-05
      14   1.1286866141732284E+01       43   1.2608000000000001E+00   1.7103266176977335E-03   2.7187636513272364E-03   8.1291033174684386E-05
      14   1.1286866141732284E+01       44   1.2907000000000002E+00   1.6728893912462161E-03   2.7868772939292213E-03   8.3327631088483741E-05
      14   1.1286866141732284E+01       45   1.3206000000000002E+00   1.6065754382303013E-03   2.8018424374337924E-03   8.3775088879270416E-05
      14   1.1286866141732284E+01       46   1.3505000000000000E+00   1.5848460304744650E-03   2.8905218288923606E-03   8.6426602683881604E-05
      14   1.1286866141732284E+01       47   1.3804000000000001E+00   1.5805308235075854E-03   3.0117080592019299E-03   9.0050070970137719E-05
      14   1.1286866141732284E+01       48   1.4103000000000001E+00   1.5229591184891672E-03   3.0290835839488764E-03   9.0569599160071417E-05
      14   1.1286866141732284E+01       49   1.4402000000000001E+00   1.5214146055088282E-03   3.1556817216524639E-03   9.4354883477408688E-05
      14   1.1286866141732284E+01       50   1.4701000000000002E+00   1.4842825910870235E-03   3.2078226450045553E-03   9.5913897085636219E-05
 
      15   1.2155086614173227E+01        1   5.0000000000000001E-03   5.8495482611639171E-02   1.4623870652909793E-06   4.3725373252200287E-08
      15   1.2155086614173227E+01        2   3.4900000000000000E-02   6.0392233562606486E-02   7.3558344401590325E-05   2.1993944976075512E-06
      15   1.2155086614173227E+01        3   6.4800000000000010E-02   6.7754536374071236E-02   2.8450400841618017E-04   8.5066698516437893E-06
      15   1.2155086614173227E+01        4   9.4700000000000006E-02   7.8043338247084162E-02   6.9989968130029312E-04   2.0927000470878770E-05
      15   1.2155086614173227E+01        5   1.2460000000000002E-01   7.9677542266514217E-02   1.2370065920943962E-03   3.6986497103622454E-05
      15   1.2155086614173227E+01        6   1.5450000000000003E-01   7.1825637315569388E-02   1.7144959191319710E-03   5.1263427982045942E-05
      15   1.2155086614173227E+01        7   1.8440000000000001E-01   6.4824334464314792E-02   2.2042451815505034E-03   6.5906930928360063E-05
      15   1.2155086614173227E+01        8   2.1430000000000002E-01   5.2186580014749025E-02   2.3966420720215416E-03   7.1659597953444110E-05
      15   1.2155086614173227E+01        9   2.4420000000000003E-01   3.6022349612475406E-02   2.1481438287444983E-03   6.4229500479460512E-05
      15   1.2155086614173227E+01       10   2.7410000000000001E-01   3.8556744009758698E-02   2.8967994084158192E-03   8.6614302311633010E-05
      15   1.2155086614173227E+01       11   3.0400000000000005E-01   4.3483331535961234E-02   4.0185555672273944E-03   1.2015481146009912E-04
      15   1.2155086614173227E+01       12   3.3390000000000003E-01   3.2928463610033765E-02   3.6711683943964129E-03   1.0976793499245277E-04
      15   1.2155086614173227E+01       13   3.6380000000000001E-01   2.7579957126394151E-02   3.6502194608594020E-03   1.0914156187969615E-04
      15   1.2155086614173227E+01       14   3.9370000000000005E-01   2.3320557837553192E-02   3.6146792354478162E-03   1.0807890913988973E-04
      15   1.2155086614173227E+01       15   4.2360000000000003E-01   1.6704774293818059E-02   2.9974539167688598E-03   8.9623872111388930E-05
      15   1.2155086614173227E+01       16   4.5350000000000007E-01   1.3509944397794431E-02   2.7784855622252987E-03   8.3076718310536447E-05
      15   1.2155086614173227E+01       17   4.8340000000000005E-01   9.3011692709739427E-03   2.1734559380496283E-03   6.4986332547683907E-05
      15   1.2155086614173227E+01       18   5.1330000000000009E-01   9.5429349776734122E-03   2.5143428293896109E-03   7.5178850598749385E-05
      15   1.2155086614173227E+01       19   5.4320000000000002E-01   9.2967471402358604E-03   2.7431562229001485E-03   8.2020371064714455E-05
      15   1.2155086614173227E+01       20   5.7310000000000005E-01   8.1441598205724344E-03   2.6748972518857630E-03   7.9979427831384335E-05
      15   1.2155086614173227E+01       21   6.0300000000000009E-01   6.0514332574855591E-03   2.2003555953210674E-03   6.5790632300099925E-05
      15   1.2155086614173227E+01       22   6.3290000000000002E-01   5.1964224353453084E-03   2.0814914940799861E-03   6.2236595672991596E-05
      15   1.2155086614173227E+01       23   6.6280000000000006E-01   4.6757949552217563E-03   2.0540946788815458E-03   6.1417430898558234E-05
      15   1.2155086614173227E+01       24   6.9270000000000009E-01   3.6713649837882192E-03   1.7616431389618984E-03   5.2673129854960777E-05
      15   1.2155086614173227E+01       25   7.2260000000000002E-01   2.5417155986373332E-03   1.3271587315323386E-03   3.9682046072816932E-05
      15   1.2155086614173227E+01       26   7.5250000000000006E-01   3.1688393936530400E-03   1.7943751119022446E-03   5.3651815845877128E-05
      15   1.2155086614173227E+01       27   7.8240000000000010E-01   3.1998291457460372E-03   1.9587746436094421E-03   5.8567361843922335E-05
      15   1.2155086614173227E+01       28   8.1230000000000013E-01   2.3648084280641019E-03   1.5603745956924090E-03   4.6655200411203041E-05
      15   1.2155086614173227E+01       29   8.4220000000000006E-01   2.6163600809621227E-03   1.8557864031689020E-03   5.5488013454750180E-05
      15   1.2155086614173227E+01       30   8.7210000000000010E-01   2.3128132912236588E-03   1.7590295993999332E-03   5.2594985022058011E-05
      15   1.2155086614173227E+01       31   9.0200000000000014E-01   1.9751306946163443E-03   1.6069742336626367E-03   4.8048529586512845E-05
      15   1.2155086614173227E+01       32   9.3190000000000006E-01   2.2063888047543995E-03   1.9161110203316676E-03   5.7291719507916874E-05
      15   1.2155086614173227E+01       33   9.6180000000000010E-01   1.8914160083302110E-03   1.7496718551897790E-03   5.2315188470174400E-05
      15   1.2155086614173227E+01       34   9.9170000000000014E-01   2.0308178765111062E-03   1.9972462028045351E-03   5.9717661463855611E-05
      15   1.2155086614173227E+01       35   1.0216000000000001E+00   1.7806811943008951E-03   1.8584374165127070E-03   5.5567278753729949E-05
      15   1.2155086614173227E+01       36   1.0515000000000001E+00   1.8699085605999954E-03   2.0674686073216464E-03   6.1817311358917240E-05
      15   1.2155086614173227E+01       37   1.0814000000000001E+00   1.8183542024504302E-03   2.1264306088206292E-03   6.3580275203736831E-05
      15   1.2155086614173227E+01       38   1.1113000000000002E+00   1.7351788177261739E-03   2.1429244798405792E-03   6.4073441947233334E-05
      15   1.2155086614173227E+01       39   1.1412000000000002E+00   1.7356988311592091E-03   2.2604655723828773E-03   6.7587920614248044E-05
      15   1.2155086614173227E+01       40   1.1711000000000000E+00   1.7187989008073704E-03   2.3572900834325575E-03   7.0482973494633477E-05
      15   1.2155086614173227E+01       41   1.2010000000000001E+00   1.6430895009830718E-03   2.3699939393074842E-03   7.0862818785293798E-05
      15   1.2155086614173227E+01       42   1.2309000000000001E+00   1.6074487855148446E-03   2.4354694612500551E-03   7.2820536891376664E-05
      15   1.2155086614173227E+01       43   1.2608000000000001E+00   1.6359055263500835E-03   2.6004626461540521E-03   7.7753833120006182E-05
      15   1.2155086614173227E+01       44   1.2907000000000002E+00   1.5870069783642205E-03   2.6438052249322455E-03   7.9049776225474164E-05
      15   1.2155086614173227E+01       45   1.3206000000000002E+00   1.5328075493169159E-03   2.6731923928986312E-03   7.9928452547669095E-05
      15   1.2155086614173227E+01       46   1.3505000000000000E+00   1.5065147613446419E-03   2.7476573241071154E-03   8.2154953990802763E-05
      15   1.2155086614173227E+01       47   1.3804000000000001E+00   1.5039819321151118E-03   2.8658438282101835E-03   8.5688730463484510E-05
      15   1.2155086614173227E+01       48   1.4103000000000001E+00   1.4435700130847912E-03   2.8711829331662447E-03   8.5848369701670735E-05
      15   1.2155086614173227E+01       49   1.4402000000000001E+00   1.4444135421208299E-03   2.9959679609185565E-03   8.9579442031464861E-05
      15   1.2155086614173227E+01       50   1.4701000000000002E+00   1.4137789599843547E-03   3.0554506197822177E-03   9.1357973531488334E-05
 
      16   1.3023307086614173E+01        1   5.0000000000000001E-03   5.3443604679146821E-02   1.3360901169786705E-06   3.9949094497662256E-08
      16   1.3023307086614173E+01        2   3.4900000000000000E-02   5.5687151634308339E-02   6.7827507562103905E-05   2.0280424761069072E-06
      16   1.3023307086614173E+01        3   6.4800000000000010E-02   6.3820704303045164E-02   2.6798569019665882E-04   8.0127721368800997E-06
      16   1.3023307086614173E+01        4   9.4700000000000006E-02   7.4734711303749632E-02   6.7022761709604410E-04   2.0039805751171723E-05
      16   1.3023307086614173E+01        5   1.2460000000000002E-01   7.6128313519529325E-02   1.1819042479208563E-03   3.5338937012833609E-05
      16   1.3023307086614173E+01        6   1.5450000000000003E-01   6.7179465774099278E-02   1.6035906428941938E-03   4.7947360222536404E-05
      16   1.3023307086614173E+01        7   1.8440000000000001E-01   5.9655697139443090E-02   2.0284941458834538E-03   6.0651974961915284E-05
      16   1.3023307086614173E+01        8   2.1430000000000002E-01   4.8364780546824644E-02   2.2211278805748433E-03   6.6411723629187833E-05
      16   1.3023307086614173E+01        9   2.4420000000000003E-01   3.4113761439431761E-02   2.0343277687249559E-03   6.0826400284876192E-05
      16   1.3023307086614173E+01       10   2.7410000000000001E-01   3.7355263827027134E-02   2.8065312290882485E-03   8.3915283749738643E-05
      16   1.3023307086614173E+01       11   3.0400000000000005E-01   4.2081020678462103E-02   3.8889596070207548E-03   1.1627989224992060E-04
      16   1.3023307086614173E+01       12   3.3390000000000003E-01   3.1654741894663004E-02   3.5291621665898823E-03   1.0552194878103751E-04
      16   1.3023307086614173E+01       13   3.6380000000000001E-01   2.6920903039979582E-02   3.5629933625386354E-03   1.0653350153990522E-04
      16   1.3023307086614173E+01       14   3.9370000000000005E-01   2.2811480669701439E-02   3.5357724322447165E-03   1.0571959572411704E-04
      16   1.3023307086614173E+01       15   4.2360000000000003E-01   1.6098303853311326E-02   2.8886307045944710E-03   8.6370058067374695E-05
      16   1.3023307086614173E+01       16   4.5350000000000007E-01   1.3436251957473234E-02   2.7633298091408508E-03   8.2623561293311456E-05
      16   1.3023307086614173E+01       17   4.8340000000000005E-01   9.3166107535860333E-03   2.1770642351462391E-03   6.5094220630872564E-05
      16   1.3023307086614173E+01       18   5.1330000000000009E-01   9.2819096670584775E-03   2.4455686923375037E-03   7.3122503900891373E-05
      16   1.3023307086614173E+01       19   5.4320000000000002E-01   9.2714498635984993E-03   2.7356918506005225E-03   8.1797186332955633E-05
      16   1.3023307086614173E+01       20   5.7310000000000005E-01   8.2158273352653504E-03   2.6984359891312325E-03   8.0683236075023868E-05
      16   1.3023307086614173E+01       21   6.0300000000000009E-01   6.0322754948172403E-03   2.1933896603950026E-03   6.5582350845810598E-05
      16   1.3023307086614173E+01       22   6.3290000000000002E-01   5.0813299967211465E-03   2.0353897894919148E-03   6.0858154705808269E-05
      16   1.3023307086614173E+01       23   6.6280000000000006E-01   4.5913223842521771E-03   2.0169855540799371E-03   6.0307868066990133E-05
      16   1.3023307086614173E+01       24   6.9270000000000009E-01   3.6585683060036283E-03   1.7555028669594482E-03   5.2489535722087512E-05
      16   1.3023307086614173E+01       25   7.2260000000000002E-01   2.4982203056003256E-03   1.3044476312166424E-03   3.9002984173377617E-05
      16   1.3023307086614173E+01       26   7.5250000000000006E-01   3.1074065804674194E-03   1.7595883974808046E-03   5.2611693084676072E-05
      16   1.3023307086614173E+01       27   7.8240000000000010E-01   3.1951347934902853E-03   1.9559009970027282E-03   5.8481439810381587E-05
      16   1.3023307086614173E+01       28   8.1230000000000013E-01   2.3095748446122985E-03   1.5239297490720828E-03   4.5565499497255286E-05
      16   1.3023307086614173E+01       29   8.4220000000000006E-01   2.5255131913283955E-03   1.7913486280403119E-03   5.3561323978405339E-05
      16   1.3023307086614173E+01       30   8.7210000000000010E-01   2.2952919212843956E-03   1.7457035741379053E-03   5.2196536866723379E-05
      16   1.3023307086614173E+01       31   9.0200000000000014E-01   1.9109854041295257E-03   1.5547853687413991E-03   4.6488082525367846E-05
      16   1.3023307086614173E+01       32   9.3190000000000006E-01   2.1285680616923491E-03   1.8485285602184364E-03   5.5271003950531261E-05
      16   1.3023307086614173E+01       33   9.6180000000000010E-01   1.8548470495700100E-03   1.7158434019914760E-03   5.1303717719545146E-05
      16   1.3023307086614173E+01       34   9.9170000000000014E-01   1.9387510666848287E-03   1.9067013595388449E-03   5.7010370650211476E-05
      16   1.3023307086614173E+01       35   1.0216000000000001E+00   1.7327931451895768E-03   1.8084582610315863E-03   5.4072902004844440E-05
      16   1.3023307086614173E+01       36   1.0515000000000001E+00   1.7769971566134080E-03   1.9647409044532172E-03   5.8745753043151206E-05
      16   1.3023307086614173E+01       37   1.0814000000000001E+00   1.7332821010528447E-03   2.0269450849745405E-03   6.0605658040738775E-05
      16   1.3023307086614173E+01       38   1.1113000000000002E+00   1.6457700377617915E-03   2.0325057372066481E-03   6.0771921542478793E-05
      16   1.3023307086614173E+01       39   1.1412000000000002E+00   1.6461807645442549E-03   2.1438828426738085E-03   6.4102096995946882E-05
      16   1.3023307086614173E+01       40   1.1711000000000000E+00   1.6381426379368912E-03   2.2466720183744520E-03   6.7175493349396132E-05
      16   1.3023307086614173E+01       41   1.2010000000000001E+00   1.5588545673526021E-03   2.2484933868039611E-03   6.7229952265438449E-05
      16   1.3023307086614173E+01       42   1.2309000000000001E+00   1.5224438182567935E-03   2.3066771764338168E-03   6.8969647575371131E-05
      16   1.3023307086614173E+01       43   1.2608000000000001E+00   1.5456082821185329E-03   2.4569246441774350E-03   7.3462046860905329E-05
      16   1.3023307086614173E+01       44   1.2907000000000002E+00   1.4911037415901328E-03   2.4840394003782856E-03   7.4272778071310760E-05
      16   1.3023307086614173E+01       45   1.3206000000000002E+00   1.4437939476349743E-03   2.5179540637380550E-03   7.5286826505767862E-05
      16   1.3023307086614173E+01       46   1.3505000000000000E+00   1.4166836796521926E-03   2.5838188833045713E-03   7.7256184610806697E-05
      16   1.3023307086614173E+01       47   1.3804000000000001E+00   1.4213409516256315E-03   2.7083710961009998E-03   8.0980295773419917E-05
      16   1.3023307086614173E+01       48   1.4103000000000001E+00   1.3539322404039875E-03   2.6928982356764514E-03   8.0517657246725917E-05
      16   1.3023307086614173E+01       49   1.4402000000000001E+00   1.3579821302729632E-03   2.8166939973603392E-03   8.4219150521074162E-05
      16   1.3023307086614173E+01       50   1.4701000000000002E+00   1.3299224895442783E-03   2.8742205181673825E-03   8.5939193493204754E-05
 
      17   1.3891527559055117E+01        1   5.0000000000000001E-03   4.7527168279534897E-02   1.1881792069883725E-06   3.5526558288952349E-08
      17   1.3891527559055117E+01        2   3.4900000000000000E-02   4.9869302515515850E-02   6.0741309156923464E-05   1.8161651437920120E-06
      17   1.3891527559055117E+01        3   6.4800000000000010E-02   5.8284497523816328E-02   2.4473893648240577E-04   7.3176942008239339E-06
      17   1.3891527559055117E+01        4   9.4700000000000006E-02   6.9754376107545688E-02   6.2556352282631955E-04   1.8704349332506958E-05
      17   1.3891527559055117E+01        5   1.2460000000000002E-01   7.1740620270448988E-02   1.1137846081979643E-03   3.3302159785119137E-05
      17   1.3891527559055117E+01        6   1.5450000000000003E-01   6.2921163038439615E-02   1.5019438920183138E-03   4.4908122371347590E-05
      17   1.3891527559055117E+01        7   1.8440000000000001E-01   5.5718220499006689E-02   1.8946067101871043E-03   5.6648740634594429E-05
      17   1.3891527559055117E+01        8   2.1430000000000002E-01   4.5665961880694689E-02   2.0971860097303446E-03   6.2705861690937317E-05
      17   1.3891527559055117E+01        9   2.4420000000000003E-01   3.2588174784034363E-02   1.9433514833281835E-03   5.8106209351512697E-05
      17   1.3891527559055117E+01       10   2.7410000000000001E-01   3.6381605921601556E-02   2.7333795219907217E-03   8.1728047707522599E-05
      17   1.3891527559055117E+01       11   3.0400000000000005E-01   4.1309608136676286E-02   3.8176687455590769E-03   1.1414829549221642E-04
      17   1.3891527559055117E+01       12   3.3390000000000003E-01   3.0755272094542131E-02   3.4288809891555483E-03   1.0252354157575091E-04
      17   1.3891527559055117E+01       13   3.6380000000000001E-01   2.6236662526697534E-02   3.4724338295399307E-03   1.0382577150324396E-04
      17   1.3891527559055117E+01       14   3.9370000000000005E-01   2.2515448461889905E-02   3.4898875318039131E-03   1.0434763720093703E-04
      17   1.3891527559055117E+01       15   4.2360000000000003E-01   1.5603778588589134E-02   2.7998945944495254E-03   8.3716848374040828E-05
      17   1.3891527559055117E+01       16   4.5350000000000007E-01   1.3207384437001030E-02   2.7162603999286161E-03   8.1216185957865646E-05
      17   1.3891527559055117E+01       17   4.8340000000000005E-01   9.3948971817378532E-03   2.1953578600850151E-03   6.5641200016541962E-05
      17   1.3891527559055117E+01       18   5.1330000000000009E-01   9.0355254654121923E-03   2.3806521491426076E-03   7.1181499259363975E-05
      17   1.3891527559055117E+01       19   5.4320000000000002E-01   9.1132336707752358E-03   2.6890075934770472E-03   8.0401327044963734E-05
      17   1.3891527559055117E+01       20   5.7310000000000005E-01   8.2594862626139444E-03   2.7127754848383324E-03   8.1111986996666163E-05
      17   1.3891527559055117E+01       21   6.0300000000000009E-01   6.0102837709677132E-03   2.1853932716777999E-03   6.5343258823166229E-05
      17   1.3891527559055117E+01       22   6.3290000000000002E-01   4.9862216794866647E-03   1.9972929727294260E-03   5.9719059884609853E-05
      17   1.3891527559055117E+01       23   6.6280000000000006E-01   4.4824867666715057E-03   1.9691736493479767E-03   5.8878292115504516E-05
      17   1.3891527559055117E+01       24   6.9270000000000009E-01   3.6303067228588143E-03   1.7419420185384635E-03   5.2084066354300070E-05
      17   1.3891527559055117E+01       25   7.2260000000000002E-01   2.4477095619910619E-03   1.2780734080529003E-03   3.8214394900781729E-05
      17   1.3891527559055117E+01       26   7.5250000000000006E-01   3.0223157440584635E-03   1.7114051795465057E-03   5.1171014868440533E-05
      17   1.3891527559055117E+01       27   7.8240000000000010E-01   3.1664514709001538E-03   1.9383425079631763E-03   5.7956440988098982E-05
      17   1.3891527559055117E+01       28   8.1230000000000013E-01   2.2742604134121098E-03   1.5006281823776461E-03   4.4868782653091632E-05
      17   1.3891527559055117E+01       29   8.4220000000000006E-01   2.4122467553678488E-03   1.7110086498696902E-03   5.1159158631103746E-05
      17   1.3891527559055117E+01       30   8.7210000000000010E-01   2.2593793235012416E-03   1.7183899458689802E-03   5.1379859381482518E-05
      17   1.3891527559055117E+01       31   9.0200000000000014E-01   1.8465346355186151E-03   1.5023479655964878E-03   4.4920204171334994E-05
      17   1.3891527559055117E+01       32   9.3190000000000006E-01   2.0285659277617172E-03   1.7616829460328186E-03   5.2674320086381287E-05
      17   1.3891527559055117E+01       33   9.6180000000000010E-01   1.8125819724928349E-03   1.6767457019119230E-03   5.0134696487166509E-05
      17   1.3891527559055117E+01       34   9.9170000000000014E-01   1.8475670640965870E-03   1.8170247297276299E-03   5.4329039418856147E-05
      17   1.3891527559055117E+01       35   1.0216000000000001E+00   1.6740263322427128E-03   1.7471253035211693E-03   5.2239046575282977E-05
      17   1.3891527559055117E+01       36   1.0515000000000001E+00   1.6991803686404057E-03   1.8787025977430943E-03   5.6173207672518531E-05
      17   1.3891527559055117E+01       37   1.0814000000000001E+00   1.6385434184163351E-03   1.9161552100832049E-03   5.7293040781487835E-05
      17   1.3891527559055117E+01       38   1.1113000000000002E+00   1.5689524719715608E-03   1.9376369890799481E-03   5.7935345973490464E-05
      17   1.3891527559055117E+01       39   1.1412000000000002E+00   1.5449227132574668E-03   2.0120106913815842E-03   6.0159119672309380E-05
      17   1.3891527559055117E+01       40   1.1711000000000000E+00   1.5638949327992961E-03   2.1448431313788505E-03   6.4130809628227644E-05
      17   1.3891527559055117E+01       41   1.2010000000000001E+00   1.4675347767223001E-03   2.1167736294790229E-03   6.3291531521422796E-05
      17   1.3891527559055117E+01       42   1.2309000000000001E+00   1.4440957461538191E-03   2.1879708520556522E-03   6.5420328476464013E-05
      17   1.3891527559055117E+01       43   1.2608000000000001E+00   1.4529626595684399E-03   2.3096536209486480E-03   6.9058643266364588E-05
      17   1.3891527559055117E+01       44   1.2907000000000002E+00   1.4023364429865011E-03   2.3361613815347276E-03   6.9851225307888373E-05
      17   1.3891527559055117E+01       45   1.3206000000000002E+00   1.3514685108353365E-03   2.3569399459293181E-03   7.0472504383286628E-05
      17   1.3891527559055117E+01       46   1.3505000000000000E+00   1.3281817871713896E-03   2.4224046845779858E-03   7.2429900068881792E-05
      17   1.3891527559055117E+01       47   1.3804000000000001E+00   1.3422421459959855E-03   2.5576479929226778E-03   7.6473674988388084E-05
      17   1.3891527559055117E+01       48   1.4103000000000001E+00   1.2693813298904494E-03   2.5247310328046098E-03   7.5489457880857844E-05
      17   1.3891527559055117E+01       49   1.4402000000000001E+00   1.2775003877792096E-03   2.6497606954223457E-03   7.9227844793128158E-05
      17   1.3891527559055117E+01       50   1.4701000000000002E+00   1.2456816492327247E-03   2.6921597186886862E-03   8.0495575588791738E-05
 
      18   1.4759748031496061E+01        1   5.0000000000000001E-03   4.0962582857073791E-02   1.0240645714268449E-06   3.0619530685662670E-08
      18   1.4759748031496061E+01        2   3.4900000000000000E-02   4.3341435138928776E-02   5.2790301413566640E-05   1.5784300122656429E-06
      18   1.4759748031496061E+01        3   6.4800000000000010E-02   5.1819694244872587E-02   2.1759296892198986E-04   6.5060297707674977E-06
      18   1.4759748031496061E+01        4   9.4700000000000006E-02   6.3792966410989652E-02   5.7210106414073232E-04   1.7105821817807900E-05
      18   1.4759748031496061E+01        5   1.2460000000000002E-01   6.7024302505306235E-02   1.0405630202832805E-03   3.1112834306470091E-05
      18   1.4759748031496061E+01        6   1.5450000000000003E-01   5.9520185852954058E-02   1.4207617163564772E-03   4.2480775319058676E-05
      18   1.4759748031496061E+01        7   1.8440000000000001E-01   5.3471017195576884E-02   1.8181942472673914E-03   5.4364007993295014E-05
      18   1.4759748031496061E+01        8   2.1430000000000002E-01   4.4452983631682867E-02   2.0414806022633837E-03   6.1040270007675193E-05
      18   1.4759748031496061E+01        9   2.4420000000000003E-01   3.1687156011028304E-02   1.8896204541854985E-03   5.6499651580146414E-05
      18   1.4759748031496061E+01       10   2.7410000000000001E-01   3.5624173428673737E-02   2.6764730052767352E-03   8.0026542857774394E-05
      18   1.4759748031496061E+01       11   3.0400000000000005E-01   4.1087856776841736E-02   3.7971753718886070E-03   1.1353554361946938E-04
      18   1.4759748031496061E+01       12   3.3390000000000003E-01   3.0399550098939656E-02   3.3892218248862045E-03   1.0133773256409754E-04
      18   1.4759748031496061E+01       13   3.6380000000000001E-01   2.5623192834388679E-02   3.3912408458361891E-03   1.0139810129050208E-04
      18   1.4759748031496061E+01       14   3.9370000000000005E-01   2.2349553193277007E-02   3.4641738165964472E-03   1.0357879711623379E-04
      18   1.4759748031496061E+01       15   4.2360000000000003E-01   1.5347705985996826E-02   2.7539457051010733E-03   8.2342976582522103E-05
      18   1.4759748031496061E+01       16   4.5350000000000007E-01   1.2870783353621821E-02   2.6470342637684103E-03   7.9146324486675489E-05
      18   1.4759748031496061E+01       17   4.8340000000000005E-01   9.4383263907645999E-03   2.2055062048246974E-03   6.5944635524258467E-05
      18   1.4759748031496061E+01       18   5.1330000000000009E-01   8.8777592700562367E-03   2.3390844026430881E-03   6.9938623639028352E-05
      18   1.4759748031496061E+01       19   5.4320000000000002E-01   8.8406454904427466E-03   2.6085760240378976E-03   7.7996423118733156E-05
      18   1.4759748031496061E+01       20   5.7310000000000005E-01   8.2351491767531908E-03   2.7047821245013465E-03   8.0872985522590274E-05
      18   1.4759748031496061E+01       21   6.0300000000000009E-01   5.9790165476989671E-03   2.1740242278922746E-03   6.5003324413979025E-05
      18   1.4759748031496061E+01       22   6.3290000000000002E-01   4.9052338567106852E-03   1.9648522952576269E-03   5.8749083628203059E-05
      18   1.4759748031496061E+01       23   6.6280000000000006E-01   4.3656299814677805E-03   1.9178380148779251E-03   5.7343356644849974E-05
      18   1.4759748031496061E+01       24   6.9270000000000009E-01   3.5768294916997015E-03   1.7162818627712959E-03   5.1316827696861755E-05
      18   1.4759748031496061E+01       25   7.2260000000000002E-01   2.4029462496251725E-03   1.2547002104809338E-03   3.7515536293379926E-05
      18   1.4759748031496061E+01       26   7.5250000000000006E-01   2.9389746071029135E-03   1.6642127398633195E-03   4.9759960921913264E-05
      18   1.4759748031496061E+01       27   7.8240000000000010E-01   3.1151484612430779E-03   1.9069373829143197E-03   5.7017427749138173E-05
      18   1.4759748031496061E+01       28   8.1230000000000013E-01   2.2545361773762297E-03   1.4876135142698269E-03   4.4479644076667832E-05
      18   1.4759748031496061E+01       29   8.4220000000000006E-01   2.3037978924532044E-03   1.6340857803072879E-03   4.8859164831187918E-05
      18   1.4759748031496061E+01       30   8.7210000000000010E-01   2.2063505172923098E-03   1.6780584413345170E-03   5.0173947395902067E-05
      18   1.4759748031496061E+01       31   9.0200000000000014E-01   1.7951666928487833E-03   1.4605548019685419E-03   4.3670588578859411E-05
      18   1.4759748031496061E+01       32   9.3190000000000006E-01   1.9277190484761841E-03   1.6741037232101317E-03   5.0055701323982945E-05
      18   1.4759748031496061E+01       33   9.6180000000000010E-01   1.7638714135030532E-03   1.6316855492328605E-03   4.8787397922062541E-05
      18   1.4759748031496061E+01       34   9.9170000000000014E-01   1.7748797229261435E-03   1.7455389909896823E-03   5.2191615830591514E-05
      18   1.4759748031496061E+01       35   1.0216000000000001E+00   1.6089441799693467E-03   1.6792012375406291E-03   5.0208117002464816E-05
      18   1.4759748031496061E+01       36   1.0515000000000001E+00   1.6418288905564241E-03   1.8152918069587142E-03   5.4277225028065567E-05
      18   1.4759748031496061E+01       37   1.0814000000000001E+00   1.5497328095041198E-03   1.8122977784978530E-03   5.4187703577085815E-05
      18   1.4759748031496061E+01       38   1.1113000000000002E+00   1.5104250909407080E-03   1.8653563939789054E-03   5.5774156179969285E-05
      18   1.4759748031496061E+01       39   1.1412000000000002E+00   1.4493651263696172E-03   1.8875624683014846E-03   5.6438117802214399E-05
      18   1.4759748031496061E+01       40   1.1711000000000000E+00   1.5015133180699535E-03   2.0592882932177863E-03   6.1572719967211824E-05
      18   1.4759748031496061E+01       41   1.2010000000000001E+00   1.3816532679620074E-03   1.9928980553616678E-03   5.9587651855313878E-05
      18   1.4759748031496061E+01       42   1.2309000000000001E+00   1.3812109397206198E-03   2.0926931505047285E-03   6.2571525200091392E-05
      18   1.4759748031496061E+01       43   1.2608000000000001E+00   1.3721870143186612E-03   2.1812513111528630E-03   6.5219414203470622E-05
      18   1.4759748031496061E+01       44   1.2907000000000002E+00   1.3362937391304119E-03   2.2261404125637207E-03   6.6561598335655262E-05
      18   1.4759748031496061E+01       45   1.3206000000000002E+00   1.2708753921104818E-03   2.2163868073495486E-03   6.6269965539751517E-05
      18   1.4759748031496061E+01       46   1.3505000000000000E+00   1.2558958416417053E-03   2.2905659447521845E-03   6.8487921748090327E-05
      18   1.4759748031496061E+01       47   1.3804000000000001E+00   1.2731309071296393E-03   2.4259562397601019E-03   7.2536091568827063E-05
      18   1.4759748031496061E+01       48   1.4103000000000001E+00   1.2021910556912097E-03   2.3910931996500039E-03   7.1493686669535131E-05
      18   1.4759748031496061E+01       49   1.4402000000000001E+00   1.2164493142401199E-03   2.5231300214712876E-03   7.5441587641991516E-05
      18   1.4759748031496061E+01       50   1.4701000000000002E+00   1.1763008175933189E-03   2.5422142809407838E-03   7.6012207000129457E-05
 
      19   1.5627968503937007E+01        1   5.0000000000000001E-03   3.4507441384525633E-02   8.6268603461314086E-07   2.5794312434932919E-08
      19   1.5627968503937007E+01        2   3.4900000000000000E-02   3.6965218798892779E-02   4.5024006149239397E-05   1.3462177838622583E-06
      19   1.5627968503937007E+01        3   6.4800000000000010E-02   4.5598960559037116E-02   1.9147185934581927E-04   5.7250085944399979E-06
      19   1.5627968503937007E+01        4   9.4700000000000006E-02   5.8179554590736378E-02   5.2175948172963709E-04   1.5600608503716151E-05
      19   1.5627968503937007E+01        5   1.2460000000000002E-01   6.2916034100665860E-02   9.7678149597829394E-04   2.9205766729750995E-05
      19   1.5627968503937007E+01        6   1.5450000000000003E-01   5.7418850820164236E-02   1.3706023237900259E-03   4.0981009481321780E-05
      19   1.5627968503937007E+01        7   1.8440000000000001E-01   5.3199928602138132E-02   1.8089763242327998E-03   5.4088392094560726E-05
      19   1.5627968503937007E+01        8   2.1430000000000002E-01   4.4997978247231396E-02   2.0665092020351961E-03   6.1788625140852372E-05
      19   1.5627968503937007E+01        9   2.4420000000000003E-01   3.1679560506919342E-02   1.8891675066278460E-03   5.6486108448172610E-05
      19   1.5627968503937007E+01       10   2.7410000000000001E-01   3.5234359677263592E-02   2.6471859823841526E-03   7.9150860873286176E-05
      19   1.5627968503937007E+01       11   3.0400000000000005E-01   4.1359799753906731E-02   3.8223072540570454E-03   1.1428698689630568E-04
      19   1.5627968503937007E+01       12   3.3390000000000003E-01   3.0664408486185422E-02   3.4187506772421091E-03   1.0222064524953908E-04
      19   1.5627968503937007E+01       13   3.6380000000000001E-01   2.5288814852705781E-02   3.3469857728341454E-03   1.0007487460774097E-04
      19   1.5627968503937007E+01       14   3.9370000000000005E-01   2.2260388685189009E-02   3.4503533454838049E-03   1.0316556502996579E-04
      19   1.5627968503937007E+01       15   4.2360000000000003E-01   1.5346561098173089E-02   2.7537402699104414E-03   8.2336834070322214E-05
      19   1.5627968503937007E+01       16   4.5350000000000007E-01   1.2562116975237727E-02   2.5835532418905863E-03   7.7248241932528552E-05
      19   1.5627968503937007E+01       17   4.8340000000000005E-01   9.3680229040599833E-03   2.1890779981990436E-03   6.5453432146151422E-05
      19   1.5627968503937007E+01       18   5.1330000000000009E-01   8.8230337419365513E-03   2.3246654906905057E-03   6.9507498171646130E-05
      19   1.5627968503937007E+01       19   5.4320000000000002E-01   8.5240302315821772E-03   2.5151535500792825E-03   7.5203091147370567E-05
      19   1.5627968503937007E+01       20   5.7310000000000005E-01   8.1048834410744602E-03   2.6619971760157182E-03   7.9593715562869993E-05
      19   1.5627968503937007E+01       21   6.0300000000000009E-01   5.9437633931363415E-03   2.1612058636149129E-03   6.4620055322085903E-05
      19   1.5627968503937007E+01       22   6.3290000000000002E-01   4.8274258169204399E-03   1.9336853193218705E-03   5.7817191047723938E-05
      19   1.5627968503937007E+01       23   6.6280000000000006E-01   4.2499928320032781E-03   1.8670381710715151E-03   5.5824441315038312E-05
      19   1.5627968503937007E+01       24   6.9270000000000009E-01   3.4850546680292556E-03   1.6722452471903361E-03   5.0000132890991060E-05
      19   1.5627968503937007E+01       25   7.2260000000000002E-01   2.3594549309295105E-03   1.2319911853705915E-03   3.6836536442580696E-05
      19   1.5627968503937007E+01       26   7.5250000000000006E-01   2.8707451401015394E-03   1.6255773777396226E-03   4.8604763594414727E-05
      19   1.5627968503937007E+01       27   7.8240000000000010E-01   3.0545854608584676E-03   1.8698637567640007E-03   5.5908926327243631E-05
      19   1.5627968503937007E+01       28   8.1230000000000013E-01   2.2369217418604080E-03   1.4759909585608003E-03   4.4132129660967940E-05
      19   1.5627968503937007E+01       29   8.4220000000000006E-01   2.2219881032880598E-03   1.5760580281322279E-03   4.7124135041153625E-05
      19   1.5627968503937007E+01       30   8.7210000000000010E-01   2.1340765981880177E-03   1.6230899043360879E-03   4.8530388139649041E-05
      19   1.5627968503937007E+01       31   9.0200000000000014E-01   1.7640399831524661E-03   1.4352299864527794E-03   4.2913376594938110E-05
      19   1.5627968503937007E+01       32   9.3190000000000006E-01   1.8418335937730860E-03   1.5995175641940098E-03   4.7825575169400901E-05
      19   1.5627968503937007E+01       33   9.6180000000000010E-01   1.7118080649610914E-03   1.5835238675987781E-03   4.7347363641203472E-05
      19   1.5627968503937007E+01       34   9.9170000000000014E-01   1.7324341557946037E-03   1.7037950961974065E-03   5.0943473376302468E-05
      19   1.5627968503937007E+01       35   1.0216000000000001E+00   1.5471623717393085E-03   1.6147216302746055E-03   4.8280176745210717E-05
      19   1.5627968503937007E+01       36   1.0515000000000001E+00   1.6086042710133080E-03   1.7785569316054739E-03   5.3178852255003682E-05
      19   1.5627968503937007E+01       37   1.0814000000000001E+00   1.4817263342592315E-03   1.7327692408983832E-03   5.1809800302861665E-05
      19   1.5627968503937007E+01       38   1.1113000000000002E+00   1.4734526773526834E-03   1.8196959183281061E-03   5.4408907958010383E-05
      19   1.5627968503937007E+01       39   1.1412000000000002E+00   1.3806940367264958E-03   1.7981295372136513E-03   5.3764073162688184E-05
      19   1.5627968503937007E+01       40   1.1711000000000000E+00   1.4564437728086623E-03   1.9974765291659526E-03   5.9724548222061998E-05
      19   1.5627968503937007E+01       41   1.2010000000000001E+00   1.3162750809762556E-03   1.8985964930752326E-03   5.6768035142949466E-05
      19   1.5627968503937007E+01       42   1.2309000000000001E+00   1.3372353924249560E-03   2.0260651475192131E-03   6.0579347910824482E-05
      19   1.5627968503937007E+01       43   1.2608000000000001E+00   1.3149500312493094E-03   2.0902664504424229E-03   6.2498966868228462E-05
      19   1.5627968503937007E+01       44   1.2907000000000002E+00   1.3004438300765148E-03   2.1664178164049236E-03   6.4775892710507231E-05
      19   1.5627968503937007E+01       45   1.3206000000000002E+00   1.2165937968858132E-03   2.1217205542418756E-03   6.3439444571832093E-05
      19   1.5627968503937007E+01       46   1.3505000000000000E+00   1.2116212760492193E-03   2.2098157672276876E-03   6.6073491440107876E-05
      19   1.5627968503937007E+01       47   1.3804000000000001E+00   1.2215365878382825E-03   2.3276430497180529E-03   6.9596527186569792E-05
      19   1.5627968503937007E+01       48   1.4103000000000001E+00   1.1600275906473770E-03   2.3072323407102215E-03   6.8986246987235643E-05
      19   1.5627968503937007E+01       49   1.4402000000000001E+00   1.1801708492137357E-03   2.4478820985455838E-03   7.3191674746512974E-05
      19   1.5627968503937007E+01       50   1.4701000000000002E+00   1.1337617238054698E-03   2.4502790462556565E-03   7.3263343483044151E-05
 
      20   1.6496188976377955E+01        1   5.0000000000000001E-03   2.9668002883037402E-02   7.4170007207593510E-07   2.2176832155070464E-08
      20   1.6496188976377955E+01        2   3.4900000000000000E-02   3.2118290842837273E-02   3.9120399429484230E-05   1.1696999429415788E-06
      20   1.6496188976377955E+01        3   6.4800000000000010E-02   4.0943310979054792E-02   1.7192260053349028E-04   5.1404857559513606E-06
      20   1.6496188976377955E+01        4   9.4700000000000006E-02   5.4268492110185584E-02   4.8668472140843432E-04   1.4551873170112190E-05
      20   1.6496188976377955E+01        5   1.2460000000000002E-01   6.0436826762306294E-02   9.3829140537708743E-04   2.8054913020774920E-05
      20   1.6496188976377955E+01        6   1.5450000000000003E-01   5.7002805821808250E-02   1.3606712256680189E-03   4.0684069647473775E-05
      20   1.6496188976377955E+01        7   1.8440000000000001E-01   5.4954927924837305E-02   1.8686521980022959E-03   5.5872700720268657E-05
      20   1.6496188976377955E+01        8   2.1430000000000002E-01   4.7372752543980386E-02   2.1755695004785020E-03   6.5049528064307227E-05
      20   1.6496188976377955E+01        9   2.4420000000000003E-01   3.2743258070924111E-02   1.9525996642285833E-03   5.8382729960434652E-05
      20   1.6496188976377955E+01       10   2.7410000000000001E-01   3.5412028529986733E-02   2.6605343872010126E-03   7.9549978177310290E-05
      20   1.6496188976377955E+01       11   3.0400000000000005E-01   4.2121918963528064E-02   3.8927392629334108E-03   1.1639290396170901E-04
      20   1.6496188976377955E+01       12   3.3390000000000003E-01   3.1506751240982699E-02   3.5126628055236813E-03   1.0502861788515809E-04
      20   1.6496188976377955E+01       13   3.6380000000000001E-01   2.5403014854554956E-02   3.3621001933268847E-03   1.0052679578047387E-04
      20   1.6496188976377955E+01       14   3.9370000000000005E-01   2.2250711165787817E-02   3.4488533329766514E-03   1.0312071465600190E-04
      20   1.6496188976377955E+01       15   4.2360000000000003E-01   1.5496018974443162E-02   2.7805585368763991E-03   8.3138700252604345E-05
      20   1.6496188976377955E+01       16   4.5350000000000007E-01   1.2404071913173075E-02   2.5510493388249799E-03   7.6276375230866912E-05
      20   1.6496188976377955E+01       17   4.8340000000000005E-01   9.1828103188832094E-03   2.1457983436388131E-03   6.4159370474800530E-05
      20   1.6496188976377955E+01       18   5.1330000000000009E-01   8.8163574870622728E-03   2.3229064518193836E-03   6.9454902909399580E-05
      20   1.6496188976377955E+01       19   5.4320000000000002E-01   8.2654343915669146E-03   2.4388506478863377E-03   7.2921634371801510E-05
      20   1.6496188976377955E+01       20   5.7310000000000005E-01   7.8727860546633343E-03   2.5857662725512834E-03   7.7314411549283393E-05
      20   1.6496188976377955E+01       21   6.0300000000000009E-01   5.9099712151861293E-03   2.1489187235826141E-03   6.4252669835120172E-05
      20   1.6496188976377955E+01       22   6.3290000000000002E-01   4.7648114109563478E-03   1.9086043419681753E-03   5.7067269824848453E-05
      20   1.6496188976377955E+01       23   6.6280000000000006E-01   4.1450066528133048E-03   1.8209173394064318E-03   5.4445428448252325E-05
      20   1.6496188976377955E+01       24   6.9270000000000009E-01   3.3622274374808243E-03   1.6133086530546938E-03   4.8237928726335358E-05
      20   1.6496188976377955E+01       25   7.2260000000000002E-01   2.3066914606998399E-03   1.2044406992899317E-03   3.6012776908768967E-05
      20   1.6496188976377955E+01       26   7.5250000000000006E-01   2.8168820984482085E-03   1.5950770937594137E-03   4.7692805103406479E-05
      20   1.6496188976377955E+01       27   7.8240000000000010E-01   3.0020772639600397E-03   1.8377208766345954E-03   5.4947854211374413E-05
      20   1.6496188976377955E+01       28   8.1230000000000013E-01   2.2179458450135507E-03   1.4634700680654317E-03   4.3757755035156414E-05
      20   1.6496188976377955E+01       29   8.4220000000000006E-01   2.1775040055577737E-03   1.5445054202454938E-03   4.6180712065340273E-05
      20   1.6496188976377955E+01       30   8.7210000000000010E-01   2.0518346820710769E-03   1.5605401233788341E-03   4.6660149689027148E-05
      20   1.6496188976377955E+01       31   9.0200000000000014E-01   1.7534392190845444E-03   1.4266051624040620E-03   4.2655494355881464E-05
      20   1.6496188976377955E+01       32   9.3190000000000006E-01   1.7846515224916020E-03   1.5498585028754681E-03   4.6340769235976505E-05
      20   1.6496188976377955E+01       33   9.6180000000000010E-01   1.6655312593299889E-03   1.5407150809520428E-03   4.6067380920466093E-05
      20   1.6496188976377955E+01       34   9.9170000000000014E-01   1.7251600430615163E-03   1.6966412326220621E-03   5.0729572855399667E-05
      20   1.6496188976377955E+01       35   1.0216000000000001E+00   1.5017680589661266E-03   1.5673451040190546E-03   4.6863618610169744E-05
      20   1.6496188976377955E+01       36   1.0515000000000001E+00   1.6038313499183252E-03   1.7732797406577337E-03   5.3021064245666248E-05
      20   1.6496188976377955E+01       37   1.0814000000000001E+00   1.4460864759868086E-03   1.6910910654238912E-03   5.0563622856174356E-05
      20   1.6496188976377955E+01       38   1.1113000000000002E+00   1.4618988355787552E-03   1.8054270659650972E-03   5.3982269272356419E-05
      20   1.6496188976377955E+01       39   1.1412000000000002E+00   1.3541593116126226E-03   1.7635723712377460E-03   5.2730813900008619E-05
      20   1.6496188976377955E+01       40   1.1711000000000000E+00   1.4346907542771286E-03   1.9676428035072832E-03   5.8832519824867777E-05
      20   1.6496188976377955E+01       41   1.2010000000000001E+00   1.2860705887645309E-03   1.8550295033045484E-03   5.5465382148806013E-05
      20   1.6496188976377955E+01       42   1.2309000000000001E+00   1.3129654176840041E-03   1.9892933493508708E-03   5.9479871145591045E-05
      20   1.6496188976377955E+01       43   1.2608000000000001E+00   1.2890519101898589E-03   2.0490983662615858E-03   6.1268041151221425E-05
      20   1.6496188976377955E+01       44   1.2907000000000002E+00   1.2925036447001285E-03   2.1531902100545989E-03   6.4380387280632521E-05
      20   1.6496188976377955E+01       45   1.3206000000000002E+00   1.1978412555576530E-03   2.0890164154553107E-03   6.2461590822113805E-05
      20   1.6496188976377955E+01       46   1.3505000000000000E+00   1.1992298317595753E-03   2.1872156284621592E-03   6.5397747291018573E-05
      20   1.6496188976377955E+01       47   1.3804000000000001E+00   1.1961823627776248E-03   2.2793304683913934E-03   6.8151981004902683E-05
      20   1.6496188976377955E+01       48   1.4103000000000001E+00   1.1454688700874576E-03   2.2782758303771669E-03   6.8120447328277303E-05
      20   1.6496188976377955E+01       49   1.4402000000000001E+00   1.1662214555076570E-03   2.4189486003479087E-03   7.2326563150402489E-05
      20   1.6496188976377955E+01       50   1.4701000000000002E+00   1.1211510984856224E-03   2.4230250383520478E-03   7.2448448646726237E-05
 
      21   1.7364409448818897E+01        1   5.0000000000000001E-03   2.8347041661998994E-02   7.0867604154997490E-07   2.1189413642344254E-08
      21   1.7364409448818897E+01        2   3.4900000000000000E-02   3.0425466245064845E-02   3.7058522141151432E-05   1.1080498120204280E-06
      21   1.7364409448818897E+01        3   6.4800000000000010E-02   3.9010408248576489E-02   1.6380626465210265E-04   4.8978073130978701E-06
      21   1.7364409448818897E+01        4   9.4700000000000006E-02   5.2927829871412098E-02   4.7466154179151218E-04   1.4192380099566218E-05
      21   1.7364409448818897E+01        5   1.2460000000000002E-01   6.0275543838357031E-02   9.3578746217750730E-04   2.7980045119107475E-05
      21   1.7364409448818897E+01        6   1.5450000000000003E-01   5.8512224005922410E-02   1.3967014150773700E-03   4.1761372310813373E-05
      21   1.7364409448818897E+01        7   1.8440000000000001E-01   5.8463912994031357E-02   1.9879694805447264E-03   5.9440287468287334E-05
      21   1.7364409448818897E+01        8   2.1430000000000002E-01   5.1264725100625769E-02   2.3543063552364375E-03   7.0393760021569498E-05
      21   1.7364409448818897E+01        9   2.4420000000000003E-01   3.4860112238256975E-02   2.0788353835758111E-03   6.2157177968916766E-05
      21   1.7364409448818897E+01       10   2.7410000000000001E-01   3.6268736012713979E-02   2.7248995143113715E-03   8.1474495477910030E-05
      21   1.7364409448818897E+01       11   3.0400000000000005E-01   4.3298975460246657E-02   4.0015181161341560E-03   1.1964539167241128E-04
      21   1.7364409448818897E+01       12   3.3390000000000003E-01   3.2733215580780198E-02   3.6494003458608761E-03   1.0911707034124022E-04
      21   1.7364409448818897E+01       13   3.6380000000000001E-01   2.5960979500608904E-02   3.4359470597365689E-03   1.0273481708612343E-04
      21   1.7364409448818897E+01       14   3.9370000000000005E-01   2.2335359848459951E-02   3.4619738525497406E-03   1.0351301819123726E-04
      21   1.7364409448818897E+01       15   4.2360000000000003E-01   1.5640414805778824E-02   2.8064684858879431E-03   8.3913407728049519E-05
      21   1.7364409448818897E+01       16   4.5350000000000007E-01   1.2402022122139918E-02   2.5506277741890715E-03   7.6263770448253262E-05
      21   1.7364409448818897E+01       17   4.8340000000000005E-01   8.9472580898822991E-03   2.0907555446177772E-03   6.2513590784071555E-05
      21   1.7364409448818897E+01       18   5.1330000000000009E-01   8.7729291458363105E-03   2.3114640875353080E-03   6.9112776217305721E-05
      21   1.7364409448818897E+01       19   5.4320000000000002E-01   8.1290321516219975E-03   2.3986029518182129E-03   7.1718228259364582E-05
      21   1.7364409448818897E+01       20   5.7310000000000005E-01   7.5950658011493602E-03   2.4945508299170382E-03   7.4587069814519464E-05
      21   1.7364409448818897E+01       21   6.0300000000000009E-01   5.8593090809430926E-03   2.1304975156126375E-03   6.3701875716817873E-05
      21   1.7364409448818897E+01       22   6.3290000000000002E-01   4.7419796688386168E-03   1.8994588043209984E-03   5.6793818249197866E-05
      21   1.7364409448818897E+01       23   6.6280000000000006E-01   4.0638267095289542E-03   1.7852546785906344E-03   5.3379114889859980E-05
      21   1.7364409448818897E+01       24   6.9270000000000009E-01   3.2382168098886218E-03   1.5538042256221624E-03   4.6458746346102665E-05
      21   1.7364409448818897E+01       25   7.2260000000000002E-01   2.2429779596735023E-03   1.1711726463067686E-03   3.5018062124572389E-05
      21   1.7364409448818897E+01       26   7.5250000000000006E-01   2.7729329131300677E-03   1.5701905928906083E-03   4.6948698727429199E-05
      21   1.7364409448818897E+01       27   7.8240000000000010E-01   2.9627326018897386E-03   1.8136360511909794E-03   5.4227717930610294E-05
      21   1.7364409448818897E+01       28   8.1230000000000013E-01   2.2057335036128763E-03   1.4554119830851042E-03   4.3516818294244622E-05
      21   1.7364409448818897E+01       29   8.4220000000000006E-01   2.1701290672637035E-03   1.5392743703185618E-03   4.6024303672525011E-05
      21   1.7364409448818897E+01       30   8.7210000000000010E-01   1.9839988115523954E-03   1.5089469815561798E-03   4.5117514748529786E-05
      21   1.7364409448818897E+01       31   9.0200000000000014E-01   1.7598455664077045E-03   1.4318173922115744E-03   4.2811340027126085E-05
      21   1.7364409448818897E+01       32   9.3190000000000006E-01   1.7712313323509075E-03   1.5382039050239379E-03   4.5992296760215756E-05
      21   1.7364409448818897E+01       33   9.6180000000000010E-01   1.6361348888129863E-03   1.5135216967828260E-03   4.5254298733806508E-05
      21   1.7364409448818897E+01       34   9.9170000000000014E-01   1.7513679778801675E-03   1.7224159211873533E-03   5.1500236043501875E-05
      21   1.7364409448818897E+01       35   1.0216000000000001E+00   1.4832483852016370E-03   1.5480167398089475E-03   4.6285700520287545E-05
      21   1.7364409448818897E+01       36   1.0515000000000001E+00   1.6257197746650156E-03   1.7974807267278677E-03   5.3744673729163258E-05
      21   1.7364409448818897E+01       37   1.0814000000000001E+00   1.4478559484764656E-03   1.6931603324888019E-03   5.0625493941415185E-05
      21   1.7364409448818897E+01       38   1.1113000000000002E+00   1.4754379885197834E-03   1.8221477531802943E-03   5.4482217820090813E-05
      21   1.7364409448818897E+01       39   1.1412000000000002E+00   1.3724306093974041E-03   1.7873677664202558E-03   5.3442296215965664E-05
      21   1.7364409448818897E+01       40   1.1711000000000000E+00   1.4409479442373558E-03   1.9762243844219959E-03   5.9089109094217692E-05
      21   1.7364409448818897E+01       41   1.2010000000000001E+00   1.2994739903279561E-03   1.8743625831230345E-03   5.6043441235378745E-05
      21   1.7364409448818897E+01       42   1.2309000000000001E+00   1.3124856835941268E-03   1.9885664971264357E-03   5.9458138264080441E-05
      21   1.7364409448818897E+01       43   1.2608000000000001E+00   1.2987738655536188E-03   2.0645525482811560E-03   6.1730121193606576E-05
      21   1.7364409448818897E+01       44   1.2907000000000002E+00   1.3078083290716225E-03   2.1786863830764724E-03   6.5142722853986541E-05
      21   1.7364409448818897E+01       45   1.3206000000000002E+00   1.2169421542431488E-03   2.1223280840247600E-03   6.3457609712340335E-05
      21   1.7364409448818897E+01       46   1.3505000000000000E+00   1.2180707736403412E-03   2.2215786850216298E-03   6.6425202682146743E-05
      21   1.7364409448818897E+01       47   1.3804000000000001E+00   1.2050316228630991E-03   2.2961927702971866E-03   6.8656163831885898E-05
      21   1.7364409448818897E+01       48   1.4103000000000001E+00   1.1600298032855001E-03   2.3072367415281647E-03   6.8986378571692135E-05
      21   1.7364409448818897E+01       49   1.4402000000000001E+00   1.1740345323373231E-03   2.4351542971066810E-03   7.2811113483489781E-05
      21   1.7364409448818897E+01       50   1.4701000000000002E+00   1.1365233485957614E-03   2.4562474532103017E-03   7.3441798850988035E-05
 
      22   1.8232629921259843E+01        1   5.0000000000000001E-03   3.2084324593727301E-02   8.0210811484318256E-07   2.3983032633811164E-08
      22   1.8232629921259843E+01        2   3.4900000000000000E-02   3.3229981264773979E-02   4.0474449480307357E-05   1.2101860394611903E-06
      22   1.8232629921259843E+01        3   6.4800000000000010E-02   4.0633648522952412E-02   1.7062231549381813E-04   5.1016072332651635E-06
      22   1.8232629921259843E+01        4   9.4700000000000006E-02   5.4451662890804053E-02   4.8832741345439105E-04   1.4600989662286296E-05
      22   1.8232629921259843E+01        5   1.2460000000000002E-01   6.2524341444491024E-02   9.7070040482035455E-04   2.9023942104128606E-05
      22   1.8232629921259843E+01        6   1.5450000000000003E-01   6.1852088799228315E-02   1.4764248226597802E-03   4.4145102197527437E-05
      22   1.8232629921259843E+01        7   1.8440000000000001E-01   6.3148900696256643E-02   2.1472748039790654E-03   6.4203516638974069E-05
      22   1.8232629921259843E+01        8   2.1430000000000002E-01   5.5970501351310709E-02   2.5704167296032553E-03   7.6855460215137343E-05
      22   1.8232629921259843E+01        9   2.4420000000000003E-01   3.7759701012719242E-02   2.2517484167001354E-03   6.7327277659334057E-05
      22   1.8232629921259843E+01       10   2.7410000000000001E-01   3.7776395257278238E-02   2.8381711745594728E-03   8.4861318119328256E-05
      22   1.8232629921259843E+01       11   3.0400000000000005E-01   4.4689612486807070E-02   4.1300352275807630E-03   1.2348805330466485E-04
      22   1.8232629921259843E+01       12   3.3390000000000003E-01   3.4031043139610792E-02   3.7940941151111277E-03   1.1344341404182274E-04
      22   1.8232629921259843E+01       13   3.6380000000000001E-01   2.6786367140415691E-02   3.5451874770355590E-03   1.0600110556336324E-04
      22   1.8232629921259843E+01       14   3.9370000000000005E-01   2.2502166324314576E-02   3.4878288045971997E-03   1.0428608125745630E-04
      22   1.8232629921259843E+01       15   4.2360000000000003E-01   1.5665645350700162E-02   2.8109957781677717E-03   8.4048773767216389E-05
      22   1.8232629921259843E+01       16   4.5350000000000007E-01   1.2450829258954231E-02   2.5606655597623608E-03   7.6563900236894597E-05
      22   1.8232629921259843E+01       17   4.8340000000000005E-01   8.7322438003578640E-03   2.0405119601051526E-03   6.1011307607144078E-05
      22   1.8232629921259843E+01       18   5.1330000000000009E-01   8.6388637923174184E-03   2.2761409651334001E-03   6.8056614857488681E-05
      22   1.8232629921259843E+01       19   5.4320000000000002E-01   8.0923138425766251E-03   2.3877686184290369E-03   7.1394281691028225E-05
      22   1.8232629921259843E+01       20   5.7310000000000005E-01   7.3446454751312498E-03   2.4123018740222733E-03   7.2127826033265994E-05
      22   1.8232629921259843E+01       21   6.0300000000000009E-01   5.7578730203595822E-03   2.0936144510599283E-03   6.2599072086691869E-05
      22   1.8232629921259843E+01       22   6.3290000000000002E-01   4.7580242981492566E-03   1.9058856797052250E-03   5.6985981823186240E-05
      22   1.8232629921259843E+01       23   6.6280000000000006E-01   4.0144445806593347E-03   1.7635609197508358E-03   5.2730471500550000E-05
      22   1.8232629921259843E+01       24   6.9270000000000009E-01   3.1393319140040274E-03   1.5063559606985500E-03   4.5040043224886658E-05
      22   1.8232629921259843E+01       25   7.2260000000000002E-01   2.1783676360097072E-03   1.1374363167018721E-03   3.4009345869385980E-05
      22   1.8232629921259843E+01       26   7.5250000000000006E-01   2.7407820857791518E-03   1.5519849859604812E-03   4.6404351080218396E-05
      22   1.8232629921259843E+01       27   7.8240000000000010E-01   2.9303583549083224E-03   1.7938181636711246E-03   5.3635163093766639E-05
      22   1.8232629921259843E+01       28   8.1230000000000013E-01   2.2043020239339069E-03   1.4544674480019210E-03   4.3488576695257447E-05
      22   1.8232629921259843E+01       29   8.4220000000000006E-01   2.1927924325412444E-03   1.5553495143471483E-03   4.6504950478979743E-05
      22   1.8232629921259843E+01       30   8.7210000000000010E-01   1.9509285544509513E-03   1.4837951193968143E-03   4.4365474069964755E-05
      22   1.8232629921259843E+01       31   9.0200000000000014E-01   1.7764955289638197E-03   1.4453638683470799E-03   4.3216379663577697E-05
      22   1.8232629921259843E+01       32   9.3190000000000006E-01   1.8074586258717711E-03   1.5696650492259654E-03   4.6932984971856373E-05
      22   1.8232629921259843E+01       33   9.6180000000000010E-01   1.6295884516660463E-03   1.5074658546109698E-03   4.5073229052868009E-05
      22   1.8232629921259843E+01       34   9.9170000000000014E-01   1.8018400649837919E-03   1.7720536486671382E-03   5.2984404095147446E-05
      22   1.8232629921259843E+01       35   1.0216000000000001E+00   1.4952830751616016E-03   1.5605769432801304E-03   4.6661250604075908E-05
      22   1.8232629921259843E+01       36   1.0515000000000001E+00   1.6641883928677273E-03   1.8400136409980868E-03   5.5016407865842808E-05
      22   1.8232629921259843E+01       37   1.0814000000000001E+00   1.4858872573020223E-03   1.7376351323221849E-03   5.1955290456433339E-05
      22   1.8232629921259843E+01       38   1.1113000000000002E+00   1.5074333690651292E-03   1.8616616542906619E-03   5.5663683463290804E-05
      22   1.8232629921259843E+01       39   1.1412000000000002E+00   1.4283979436083996E-03   1.8602561211802282E-03   5.5621658023288834E-05
      22   1.8232629921259843E+01       40   1.1711000000000000E+00   1.4761932975441211E-03   2.0245625127499160E-03   6.0534419131222500E-05
      22   1.8232629921259843E+01       41   1.2010000000000001E+00   1.3541845163606008E-03   1.9532771005830473E-03   5.8402985307433124E-05
      22   1.8232629921259843E+01       42   1.2309000000000001E+00   1.3427567819104839E-03   2.0344306865005147E-03   6.0829477526365404E-05
      22   1.8232629921259843E+01       43   1.2608000000000001E+00   1.3440928751334729E-03   2.1365924000176116E-03   6.3884112760526597E-05
      22   1.8232629921259843E+01       44   1.2907000000000002E+00   1.3453132394687978E-03   2.2411660567139948E-03   6.7010865095748452E-05
      22   1.8232629921259843E+01       45   1.3206000000000002E+00   1.2698743382726270E-03   2.2146409851128116E-03   6.6217765454873077E-05
      22   1.8232629921259843E+01       46   1.3505000000000000E+00   1.2655626033130332E-03   2.3081966704431266E-03   6.9015080446249504E-05
      22   1.8232629921259843E+01       47   1.3804000000000001E+00   1.2514206634800633E-03   2.3845872801712209E-03   7.1299159677119518E-05
      22   1.8232629921259843E+01       48   1.4103000000000001E+00   1.2047946042458854E-03   2.3962715173679516E-03   7.1648518369301763E-05
      22   1.8232629921259843E+01       49   1.4402000000000001E+00   1.2087158701906682E-03   2.5070894971172346E-03   7.4961975963805326E-05
      22   1.8232629921259843E+01       50   1.4701000000000002E+00   1.1786527951469176E-03   2.5472973607412758E-03   7.6164191086164169E-05
 
      23   1.9100850393700789E+01        1   5.0000000000000001E-03   4.1243556855216613E-02   1.0310889213804153E-06   3.0829558749274423E-08
      23   1.9100850393700789E+01        2   3.4900000000000000E-02   4.0961143352782052E-02   4.9891082215122067E-05   1.4917433582321501E-06
      23   1.9100850393700789E+01        3   6.4800000000000010E-02   4.6124754004950690E-02   1.9367968705694819E-04   5.7910226430027522E-06
      23   1.9100850393700789E+01        4   9.4700000000000006E-02   5.8704329043131956E-02   5.2646570624842134E-04   1.5741324616827800E-05
      23   1.9100850393700789E+01        5   1.2460000000000002E-01   6.6722016618226271E-02   1.0358699835206222E-03   3.0972512507266607E-05
      23   1.9100850393700789E+01        6   1.5450000000000003E-01   6.6516377745802643E-02   1.5877625658867463E-03   4.7474100720013723E-05
      23   1.9100850393700789E+01        7   1.8440000000000001E-01   6.8314761795135598E-02   2.3229314386342421E-03   6.9455650015163851E-05
      23   1.9100850393700789E+01        8   2.1430000000000002E-01   6.0681727894956655E-02   2.7867774058946584E-03   8.3324644436250298E-05
      23   1.9100850393700789E+01        9   2.4420000000000003E-01   4.0975671128169126E-02   2.4435284208156323E-03   7.3061499782387415E-05
      23   1.9100850393700789E+01       10   2.7410000000000001E-01   3.9791432130628766E-02   2.9895625270341653E-03   8.9387919558321568E-05
      23   1.9100850393700789E+01       11   3.0400000000000005E-01   4.6096593124916367E-02   4.2600627502322724E-03   1.2737587623194496E-04
      23   1.9100850393700789E+01       12   3.3390000000000003E-01   3.5106561753708132E-02   3.9140028357371346E-03   1.1702868478854034E-04
      23   1.9100850393700789E+01       13   3.6380000000000001E-01   2.7646323837297964E-02   3.6590031242488743E-03   1.0940419341504136E-04
      23   1.9100850393700789E+01       14   3.9370000000000005E-01   2.2729144816557679E-02   3.5230104005315481E-03   1.0533801097589330E-04
      23   1.9100850393700789E+01       15   4.2360000000000003E-01   1.5552229098059644E-02   2.7906447105793650E-03   8.3440276846323034E-05
      23   1.9100850393700789E+01       16   4.5350000000000007E-01   1.2437818121830769E-02   2.5579896600264910E-03   7.6483890834792102E-05
      23   1.9100850393700789E+01       17   4.8340000000000005E-01   8.5829039652088324E-03   2.0056148904963951E-03   5.9967885225842224E-05
      23   1.9100850393700789E+01       18   5.1330000000000009E-01   8.4314659285303784E-03   2.2214964209901471E-03   6.6422742987605409E-05
      23   1.9100850393700789E+01       19   5.4320000000000002E-01   8.0783923851351410E-03   2.3836608663264582E-03   7.1271459903161116E-05
      23   1.9100850393700789E+01       20   5.7310000000000005E-01   7.1690782599711112E-03   2.3546379440774305E-03   7.0403674527915182E-05
      23   1.9100850393700789E+01       21   6.0300000000000009E-01   5.5967450644814117E-03   2.0350268761510225E-03   6.0847303596915588E-05
      23   1.9100850393700789E+01       22   6.3290000000000002E-01   4.7758804390982844E-03   1.9130381785570671E-03   5.7199841538856319E-05
      23   1.9100850393700789E+01       23   6.6280000000000006E-01   3.9932218824685443E-03   1.7542377069404605E-03   5.2451707437519782E-05
      23   1.9100850393700789E+01       24   6.9270000000000009E-01   3.0674315501667518E-03   1.4718557725663130E-03   4.4008487599732769E-05
      23   1.9100850393700789E+01       25   7.2260000000000002E-01   2.1254326335130554E-03   1.1097962649176435E-03   3.3182908321037548E-05
      23   1.9100850393700789E+01       26   7.5250000000000006E-01   2.7277106073735429E-03   1.5445831796165651E-03   4.6183037070535309E-05
      23   1.9100850393700789E+01       27   7.8240000000000010E-01   2.9041516247543088E-03   1.7777757200969605E-03   5.3155494030899132E-05
      23   1.9100850393700789E+01       28   8.1230000000000013E-01   2.2066650043080028E-03   1.4560266163904053E-03   4.3535195830073128E-05
      23   1.9100850393700789E+01       29   8.4220000000000006E-01   2.2370265571307999E-03   1.5867248160751847E-03   4.7443072000648031E-05
      23   1.9100850393700789E+01       30   8.7210000000000010E-01   1.9528278278256850E-03   1.4852396277348571E-03   4.4408664869272240E-05
      23   1.9100850393700789E+01       31   9.0200000000000014E-01   1.7948511297977859E-03   1.4602980586079981E-03   4.3662911952379155E-05
      23   1.9100850393700789E+01       32   9.3190000000000006E-01   1.8803719486605243E-03   1.6329857210057885E-03   4.8826273058073084E-05
      23   1.9100850393700789E+01       33   9.6180000000000010E-01   1.6454671225704166E-03   1.5221545658499766E-03   4.5512421518914310E-05
      23   1.9100850393700789E+01       34   9.9170000000000014E-01   1.8624646052358884E-03   1.8316759979756278E-03   5.4767112339471282E-05
      23   1.9100850393700789E+01       35   1.0216000000000001E+00   1.5362410770063620E-03   1.6033234401699253E-03   4.7939370861080774E-05
      23   1.9100850393700789E+01       36   1.0515000000000001E+00   1.7078521055055433E-03   1.8882905231194416E-03   5.6459886641271317E-05
      23   1.9100850393700789E+01       37   1.0814000000000001E+00   1.5541679845597421E-03   1.8174843873450420E-03   5.4342783181616764E-05
      23   1.9100850393700789E+01       38   1.1113000000000002E+00   1.5491354513471011E-03   1.9131632125562641E-03   5.7203580055432310E-05
      23   1.9100850393700789E+01       39   1.1412000000000002E+00   1.5081032414921592E-03   1.9640593147806011E-03   5.8725373511939982E-05
      23   1.9100850393700789E+01       40   1.1711000000000000E+00   1.5337787633332464E-03   2.1035395515360046E-03   6.2895832590926555E-05
      23   1.9100850393700789E+01       41   1.2010000000000001E+00   1.4360846711175749E-03   2.0714099657046614E-03   6.1935157974569389E-05
      23   1.9100850393700789E+01       42   1.2309000000000001E+00   1.4036809693679462E-03   2.1267378252045319E-03   6.3589460973615525E-05
      23   1.9100850393700789E+01       43   1.2608000000000001E+00   1.4180022346471702E-03   2.2540799477523271E-03   6.7396990437794594E-05
      23   1.9100850393700789E+01       44   1.2907000000000002E+00   1.4033563496519863E-03   2.3378604506679541E-03   6.9902027474971838E-05
      23   1.9100850393700789E+01       45   1.3206000000000002E+00   1.3452888023747674E-03   2.3461626310247261E-03   7.0150262667639332E-05
      23   1.9100850393700789E+01       46   1.3505000000000000E+00   1.3324719412283821E-03   2.4302292831273700E-03   7.2663855565508378E-05
      23   1.9100850393700789E+01       47   1.3804000000000001E+00   1.3273800437259911E-03   2.5293281952208581E-03   7.5626913037103670E-05
      23   1.9100850393700789E+01       48   1.4103000000000001E+00   1.2729975829578746E-03   2.5319235652035157E-03   7.5704514599585131E-05
      23   1.9100850393700789E+01       49   1.4402000000000001E+00   1.2705973058033330E-03   2.6354424881858264E-03   7.8799730396756222E-05
      23   1.9100850393700789E+01       50   1.4701000000000002E+00   1.2424961249324913E-03   2.6852751826523125E-03   8.0289727961304169E-05
 
      24   1.9969070866141735E+01        1   5.0000000000000001E-03   5.4423626130969072E-02   1.3605906532742269E-06   4.0681660532899394E-08
      24   1.9969070866141735E+01        2   3.4900000000000000E-02   5.2599200148995204E-02   6.4066351773477649E-05   1.9155839180269821E-06
      24   1.9969070866141735E+01        3   6.4800000000000010E-02   5.4973394697860702E-02   2.3083548327210507E-04   6.9019809498359431E-06
      24   1.9969070866141735E+01        4   9.4700000000000006E-02   6.5241002091482883E-02   5.8508717844660686E-04   1.7494106635553549E-05
      24   1.9969070866141735E+01        5   1.2460000000000002E-01   7.2194763390752148E-02   1.1208352528035699E-03   3.3512974058826748E-05
      24   1.9969070866141735E+01        6   1.5450000000000003E-01   7.1798501531805475E-02   1.7138481811895803E-03   5.1244060617568459E-05
      24   1.9969070866141735E+01        7   1.8440000000000001E-01   7.3348750767424545E-02   2.4941039778950133E-03   7.4573708939060918E-05
      24   1.9969070866141735E+01        8   2.1430000000000002E-01   6.4775698671826462E-02   2.9747909258973078E-03   8.8946248684329516E-05
      24   1.9969070866141735E+01        9   2.4420000000000003E-01   4.3985459127956684E-02   2.6230130348712834E-03   7.8428089742651395E-05
      24   1.9969070866141735E+01       10   2.7410000000000001E-01   4.2079031482798589E-02   3.1614317193181594E-03   9.4526808407612982E-05
      24   1.9969070866141735E+01       11   3.0400000000000005E-01   4.7446254105018688E-02   4.3847930193694085E-03   1.3110531127914535E-04
      24   1.9969070866141735E+01       12   3.3390000000000003E-01   3.5820585753870947E-02   3.9936088074363271E-03   1.1940890334234620E-04
      24   1.9969070866141735E+01       13   3.6380000000000001E-01   2.8357256644446650E-02   3.7530953940854380E-03   1.1221755228315462E-04
      24   1.9969070866141735E+01       14   3.9370000000000005E-01   2.3018453435782450E-02   3.5678531468257158E-03   1.0667880909008892E-04
      24   1.9969070866141735E+01       15   4.2360000000000003E-01   1.5377208500318361E-02   2.7592395465832861E-03   8.2501262442840275E-05
      24   1.9969070866141735E+01       16   4.5350000000000007E-01   1.2328846299427742E-02   2.5355782698444841E-03   7.5813790268350095E-05
      24   1.9969070866141735E+01       17   4.8340000000000005E-01   8.5269777924767767E-03   1.9925463107645751E-03   5.9577134691860810E-05
      24   1.9969070866141735E+01       18   5.1330000000000009E-01   8.2382607781376592E-03   2.1705913288326910E-03   6.4900680732097473E-05
      24   1.9969070866141735E+01       19   5.4320000000000002E-01   8.0363517941888386E-03   2.3712561072285546E-03   7.0900557606133795E-05
      24   1.9969070866141735E+01       20   5.7310000000000005E-01   7.0821868172244624E-03   2.3260990049436131E-03   6.9550360247814052E-05
      24   1.9969070866141735E+01       21   6.0300000000000009E-01   5.4206319913676854E-03   1.9709905777492132E-03   5.8932618274701487E-05
      24   1.9969070866141735E+01       22   6.3290000000000002E-01   4.7585019358261059E-03   1.9060770034041706E-03   5.6991702401784709E-05
      24   1.9969070866141735E+01       23   6.6280000000000006E-01   3.9939873111336727E-03   1.7545739626922973E-03   5.2461761484499701E-05
      24   1.9969070866141735E+01       24   6.9270000000000009E-01   3.0100451009888785E-03   1.4443198438558763E-03   4.3185163331290713E-05
      24   1.9969070866141735E+01       25   7.2260000000000002E-01   2.0885523646412070E-03   1.0905392044972034E-03   3.2607122214466393E-05
      24   1.9969070866141735E+01       26   7.5250000000000006E-01   2.7364016986899148E-03   1.5495045643937814E-03   4.6330186475374074E-05
      24   1.9969070866141735E+01       27   7.8240000000000010E-01   2.8938859799856899E-03   1.7714916081156052E-03   5.2967599082656607E-05
      24   1.9969070866141735E+01       28   8.1230000000000013E-01   2.2048715652991943E-03   1.4548432492156871E-03   4.3499813151549050E-05
      24   1.9969070866141735E+01       29   8.4220000000000006E-01   2.2945478932738109E-03   1.6275247481193447E-03   4.8662989968768415E-05
      24   1.9969070866141735E+01       30   8.7210000000000010E-01   1.9774898740517765E-03   1.5039965543999197E-03   4.4969496976557606E-05
      24   1.9969070866141735E+01       31   9.0200000000000014E-01   1.8087179240833591E-03   1.4715801379059177E-03   4.4000246123386949E-05
      24   1.9969070866141735E+01       32   9.3190000000000006E-01   1.9640730019304629E-03   1.7056748636620168E-03   5.0999678423494314E-05
      24   1.9969070866141735E+01       33   9.6180000000000010E-01   1.6800187989447837E-03   1.5541169133375748E-03   4.6468095708793494E-05
      24   1.9969070866141735E+01       34   9.9170000000000014E-01   1.9186070918149375E-03   1.8868903869333651E-03   5.6418022569307630E-05
      24   1.9969070866141735E+01       35   1.0216000000000001E+00   1.6001796044889721E-03   1.6700539431991662E-03   4.9934612901655081E-05
      24   1.9969070866141735E+01       36   1.0515000000000001E+00   1.7496887003149019E-03   1.9345472483027471E-03   5.7842962724252151E-05
      24   1.9969070866141735E+01       37   1.0814000000000001E+00   1.6403093859156564E-03   1.9182203783214273E-03   5.7354789311810688E-05
      24   1.9969070866141735E+01       38   1.1113000000000002E+00   1.5948194706208027E-03   1.9695824139890085E-03   5.8890514178271365E-05
      24   1.9969070866141735E+01       39   1.1412000000000002E+00   1.5918995630371711E-03   2.0731904016629489E-03   6.1988393009722182E-05
      24   1.9969070866141735E+01       40   1.1711000000000000E+00   1.6000750078452935E-03   2.1944632074003757E-03   6.5614449901271252E-05
      24   1.9969070866141735E+01       41   1.2010000000000001E+00   1.5231648240200916E-03   2.1970144653314047E-03   6.5690732513409009E-05
      24   1.9969070866141735E+01       42   1.2309000000000001E+00   1.4824073751920580E-03   2.2460173686067141E-03   6.7155919321340763E-05
      24   1.9969070866141735E+01       43   1.2608000000000001E+00   1.5055579665601997E-03   2.3932599961286579E-03   7.1558473884246888E-05
      24   1.9969070866141735E+01       44   1.2907000000000002E+00   1.4745633489098155E-03   2.4564846528649965E-03   7.3448891120663417E-05
      24   1.9969070866141735E+01       45   1.3206000000000002E+00   1.4261271155014926E-03   2.4871433848065176E-03   7.4365587205714890E-05
      24   1.9969070866141735E+01       46   1.3505000000000000E+00   1.4034096538048033E-03   2.5596090479443039E-03   7.6532310533534710E-05
      24   1.9969070866141735E+01       47   1.3804000000000001E+00   1.4132819165410175E-03   2.6930145712216820E-03   8.0521135679528306E-05
      24   1.9969070866141735E+01       48   1.4103000000000001E+00   1.3485091065824615E-03   2.6821119148665805E-03   8.0195146254510781E-05
      24   1.9969070866141735E+01       49   1.4402000000000001E+00   1.3474736675428403E-03   2.7948975957482855E-03   8.3567438112873760E-05
      24   1.9969070866141735E+01       50   1.4701000000000002E+00   1.3144821628852386E-03   2.8408509766794225E-03   8.4941444202714744E-05
 
      25   2.0837291338582677E+01        1   5.0000000000000001E-03   6.8696718300502072E-02   1.7174179575125518E-06   5.1350796929625312E-08
      25   2.0837291338582677E+01        2   3.4900000000000000E-02   6.5781074287432989E-02   8.0122006292836264E-05   2.3956479881558049E-06
      25   2.0837291338582677E+01        3   6.4800000000000010E-02   6.5800675527093122E-02   2.7629966856528520E-04   8.2613600901020294E-06
      25   2.0837291338582677E+01        4   9.4700000000000006E-02   7.3386986901669740E-02   6.5814110336299546E-04   1.9678418990553570E-05
      25   2.0837291338582677E+01        5   1.2460000000000002E-01   7.8413127995082474E-02   1.2173763582241351E-03   3.6399553110901645E-05
      25   2.0837291338582677E+01        6   1.5450000000000003E-01   7.7109153091409491E-02   1.8406147615802181E-03   5.5034381371248534E-05
      25   2.0837291338582677E+01        7   1.8440000000000001E-01   7.7762620134093158E-02   2.6441903669628180E-03   7.9061291972188283E-05
      25   2.0837291338582677E+01        8   2.1430000000000002E-01   6.7822817708341948E-02   3.1147283136185732E-03   9.3130376577195355E-05
      25   2.0837291338582677E+01        9   2.4420000000000003E-01   4.6303415969478026E-02   2.7612412386941042E-03   8.2561113036953737E-05
      25   2.0837291338582677E+01       10   2.7410000000000001E-01   4.4299996484567429E-02   3.3282946188827036E-03   9.9516009104592853E-05
      25   2.0837291338582677E+01       11   3.0400000000000005E-01   4.8718220547382798E-02   4.5023430701069296E-03   1.3462005779619723E-04
      25   2.0837291338582677E+01       12   3.3390000000000003E-01   3.6198201851311292E-02   4.0357089278232339E-03   1.2066769694191472E-04
      25   2.0837291338582677E+01       13   3.6380000000000001E-01   2.8817152846203432E-02   3.8139628587422771E-03   1.1403748947639412E-04
      25   2.0837291338582677E+01       14   3.9370000000000005E-01   2.3384443598412991E-02   3.6245815085764990E-03   1.0837498710643735E-04
      25   2.0837291338582677E+01       15   4.2360000000000003E-01   1.5277714498337272E-02   2.7413866453295656E-03   8.1967460695354027E-05
      25   2.0837291338582677E+01       16   4.5350000000000007E-01   1.2176008469547854E-02   2.5041452978662691E-03   7.4873944406201462E-05
      25   2.0837291338582677E+01       17   4.8340000000000005E-01   8.5784739009768640E-03   2.0045796927561539E-03   5.9936932813409012E-05
      25   2.0837291338582677E+01       18   5.1330000000000009E-01   8.1741460606852522E-03   2.1536985824751019E-03   6.4395587616005560E-05
      25   2.0837291338582677E+01       19   5.4320000000000002E-01   7.9897672860560209E-03   2.3575105915715549E-03   7.0489566687989512E-05
      25   2.0837291338582677E+01       20   5.7310000000000005E-01   7.0810455888554473E-03   2.3257241757782591E-03   6.9539152855769965E-05
      25   2.0837291338582677E+01       21   6.0300000000000009E-01   5.3087964398568126E-03   1.9303261646998965E-03   5.7716752324526916E-05
      25   2.0837291338582677E+01       22   6.3290000000000002E-01   4.7086919342797040E-03   1.8861249891426401E-03   5.6395137175364951E-05
      25   2.0837291338582677E+01       23   6.6280000000000006E-01   4.0181779262993770E-03   1.7652009928265536E-03   5.2779509685513966E-05
      25   2.0837291338582677E+01       24   6.9270000000000009E-01   2.9668724597333605E-03   1.4236041733642513E-03   4.2565764783591121E-05
      25   2.0837291338582677E+01       25   7.2260000000000002E-01   2.0615706701439035E-03   1.0764506922093485E-03   3.2185875697059528E-05
      25   2.0837291338582677E+01       26   7.5250000000000006E-01   2.7590805817448013E-03   1.5623466236666301E-03   4.6714164047632250E-05
      25   2.0837291338582677E+01       27   7.8240000000000010E-01   2.9062633498755800E-03   1.7790684121231327E-03   5.3194145522481678E-05
      25   2.0837291338582677E+01       28   8.1230000000000013E-01   2.2008390091607191E-03   1.4521824424968395E-03   4.3420255030655510E-05
      25   2.0837291338582677E+01       29   8.4220000000000006E-01   2.3534581782764874E-03   1.6693098627563827E-03   4.9912364896415857E-05
      25   2.0837291338582677E+01       30   8.7210000000000010E-01   2.0168958480594472E-03   1.5339670993356951E-03   4.5865616270137293E-05
      25   2.0837291338582677E+01       31   9.0200000000000014E-01   1.8164790478834136E-03   1.4778946192741372E-03   4.4189049116296710E-05
      25   2.0837291338582677E+01       32   9.3190000000000006E-01   2.0337070539839849E-03   1.7661476934019930E-03   5.2807816032719599E-05
      25   2.0837291338582677E+01       33   9.6180000000000010E-01   1.7270244610792579E-03   1.5975999354273882E-03   4.7768238069278918E-05
      25   2.0837291338582677E+01       34   9.9170000000000014E-01   1.9572459180820434E-03   1.9248904705131786E-03   5.7554225068344053E-05
      25   2.0837291338582677E+01       35   1.0216000000000001E+00   1.6744695393527114E-03   1.7475878639610291E-03   5.2252877132434780E-05
      25   2.0837291338582677E+01       36   1.0515000000000001E+00   1.7868347212715422E-03   1.9756178299520036E-03   5.9070973115564923E-05
      25   2.0837291338582677E+01       37   1.0814000000000001E+00   1.7258477807548403E-03   2.0182511978230990E-03   6.0345710814910674E-05
      25   2.0837291338582677E+01       38   1.1113000000000002E+00   1.6438637870029209E-03   2.0301515409853897E-03   6.0701531075463168E-05
      25   2.0837291338582677E+01       39   1.1412000000000002E+00   1.6614997119756905E-03   2.1638332814551591E-03   6.4698615115509265E-05
      25   2.0837291338582677E+01       40   1.1711000000000000E+00   1.6633515317757170E-03   2.2812453913459230E-03   6.8209237201243114E-05
      25   2.0837291338582677E+01       41   1.2010000000000001E+00   1.5946590969411012E-03   2.3001378760869415E-03   6.8774122494999566E-05
      25   2.0837291338582677E+01       42   1.2309000000000001E+00   1.5609667434480416E-03   2.3650438309155987E-03   7.0714810544376423E-05
      25   2.0837291338582677E+01       43   1.2608000000000001E+00   1.5878829159976463E-03   2.5241251056415817E-03   7.5471340658683306E-05
      25   2.0837291338582677E+01       44   1.2907000000000002E+00   1.5488228079511702E-03   2.5801939676258789E-03   7.7147799632013800E-05
      25   2.0837291338582677E+01       45   1.3206000000000002E+00   1.4973806647169449E-03   2.6114084602327568E-03   7.8081112960959448E-05
      25   2.0837291338582677E+01       46   1.3505000000000000E+00   1.4672245211938659E-03   2.6759978097855627E-03   8.0012334512588343E-05
      25   2.0837291338582677E+01       47   1.3804000000000001E+00   1.4887930936747036E-03   2.8369014333764178E-03   8.4823352857954916E-05
      25   2.0837291338582677E+01       48   1.4103000000000001E+00   1.4169004009282342E-03   2.8181385123456442E-03   8.4262341519134777E-05
      25   2.0837291338582677E+01       49   1.4402000000000001E+00   1.4221595742296130E-03   2.9498093139236651E-03   8.8199298486317613E-05
      25   2.0837291338582677E+01       50   1.4701000000000002E+00   1.3801784375837042E-03   2.9828333720370612E-03   8.9186717823908153E-05
 
      26   2.1705511811023623E+01        1   5.0000000000000001E-03   8.1147594704197426E-02   2.0286898676049356E-06   6.0657827041387586E-08
      26   2.1705511811023623E+01        2   3.4900000000000000E-02   7.7964924228081114E-02   9.4962057359045088E-05   2.8393655150354486E-06
      26   2.1705511811023623E+01        3   6.4800000000000010E-02   7.6881628490109127E-02   3.2282903329510789E-04   9.6525880955237275E-06
      26   2.1705511811023623E+01        4   9.4700000000000006E-02   8.2306858861716292E-02   7.3813531788916942E-04   2.2070246004886171E-05
      26   2.1705511811023623E+01        5   1.2460000000000002E-01   8.5000818662258143E-02   1.3196513098625441E-03   3.9457574164890076E-05
      26   2.1705511811023623E+01        6   1.5450000000000003E-01   8.2060869197792832E-02   1.9588134629686151E-03   5.8568522542761603E-05
      26   2.1705511811023623E+01        7   1.8440000000000001E-01   8.1149884167767528E-02   2.7593687253149000E-03   8.2505124886915530E-05
      26   2.1705511811023623E+01        8   2.1430000000000002E-01   6.9484931606731581E-02   3.1910600467240286E-03   9.5412695397048471E-05
      26   2.1705511811023623E+01        9   2.4420000000000003E-01   4.7531066834568800E-02   2.8344505284286160E-03   8.4750070800015644E-05
      26   2.1705511811023623E+01       10   2.7410000000000001E-01   4.6034686042124497E-02   3.4586232504405078E-03   1.0341283518817120E-04
      26   2.1705511811023623E+01       11   3.0400000000000005E-01   4.9818681509051159E-02   4.6040432703404735E-03   1.3766089378318018E-04
      26   2.1705511811023623E+01       12   3.3390000000000003E-01   3.6355644643135621E-02   4.0532621003039233E-03   1.2119253679908733E-04
      26   2.1705511811023623E+01       13   3.6380000000000001E-01   2.9009262051033935E-02   3.8393885965296443E-03   1.1479771903623639E-04
      26   2.1705511811023623E+01       14   3.9370000000000005E-01   2.3812527733453291E-02   3.6909344168016638E-03   1.1035893906236978E-04
      26   2.1705511811023623E+01       15   4.2360000000000003E-01   1.5384789411663661E-02   2.7605998422691163E-03   8.2541935283846594E-05
      26   2.1705511811023623E+01       16   4.5350000000000007E-01   1.2078468230985019E-02   2.4840849529378997E-03   7.4274140092843224E-05
      26   2.1705511811023623E+01       17   4.8340000000000005E-01   8.7244352403791671E-03   2.0386872904793372E-03   6.0956749985332197E-05
      26   2.1705511811023623E+01       18   5.1330000000000009E-01   8.3141068019658218E-03   2.1905750033098014E-03   6.5498192598963079E-05
      26   2.1705511811023623E+01       19   5.4320000000000002E-01   8.0138803703377615E-03   2.3646255486853710E-03   7.0702303905692605E-05
      26   2.1705511811023623E+01       20   5.7310000000000005E-01   7.1552206704290364E-03   2.3500865073423334E-03   7.0267586569535778E-05
      26   2.1705511811023623E+01       21   6.0300000000000009E-01   5.3174983047084429E-03   1.9334902410767330E-03   5.7811358208194327E-05
      26   2.1705511811023623E+01       22   6.3290000000000002E-01   4.6654399692981092E-03   1.8687998778123768E-03   5.5877116346590078E-05
      26   2.1705511811023623E+01       23   6.6280000000000006E-01   4.0690322714205919E-03   1.7875415019189885E-03   5.3447490907377769E-05
      26   2.1705511811023623E+01       24   6.9270000000000009E-01   2.9597334965077307E-03   1.4201786611525084E-03   4.2463341968460009E-05
      26   2.1705511811023623E+01       25   7.2260000000000002E-01   2.0392348910465911E-03   1.0647880481784949E-03   3.1837162640537004E-05
      26   2.1705511811023623E+01       26   7.5250000000000006E-01   2.7853437270317009E-03   1.5772182938299949E-03   4.7158826985516855E-05
      26   2.1705511811023623E+01       27   7.8240000000000010E-01   2.9357338414740131E-03   1.7971087664821954E-03   5.3733552117817653E-05
      26   2.1705511811023623E+01       28   8.1230000000000013E-01   2.2034645343090194E-03   1.4539148461423699E-03   4.3472053899656866E-05
      26   2.1705511811023623E+01       29   8.4220000000000006E-01   2.3992038266746210E-03   1.7017572895915234E-03   5.0882542958786559E-05
      26   2.1705511811023623E+01       30   8.7210000000000010E-01   2.0695809483527909E-03   1.5740371954454911E-03   4.7063712143820192E-05
      26   2.1705511811023623E+01       31   9.0200000000000014E-01   1.8216790976643658E-03   1.4821254005761191E-03   4.4315549477225972E-05
      26   2.1705511811023623E+01       32   9.3190000000000006E-01   2.0766101128278712E-03   1.8034063232860670E-03   5.3921849066253416E-05
      26   2.1705511811023623E+01       33   9.6180000000000010E-01   1.7793986172040079E-03   1.6460491324877908E-03   4.9216869061384954E-05
      26   2.1705511811023623E+01       34   9.9170000000000014E-01   1.9713387118113382E-03   1.9387502947191271E-03   5.7968633812101915E-05
      26   2.1705511811023623E+01       35   1.0216000000000001E+00   1.7413257229993823E-03   1.8173634271622784E-03   5.4339166472152140E-05
      26   2.1705511811023623E+01       36   1.0515000000000001E+00   1.8195084997794427E-03   2.0117436666752656E-03   6.0151135633590453E-05
      26   2.1705511811023623E+01       37   1.0814000000000001E+00   1.7922895909141395E-03   2.0959499754527756E-03   6.2668904266038002E-05
      26   2.1705511811023623E+01       38   1.1113000000000002E+00   1.6972136315204676E-03   2.0960379422279738E-03   6.2671534472616430E-05
      26   2.1705511811023623E+01       39   1.1412000000000002E+00   1.7081620120427143E-03   2.2246033418689584E-03   6.6515639921881865E-05
      26   2.1705511811023623E+01       40   1.1711000000000000E+00   1.7194993452831272E-03   2.3582507256670396E-03   7.0511696697444503E-05
      26   2.1705511811023623E+01       41   1.2010000000000001E+00   1.6397995671597041E-03   2.3652485354707250E-03   7.0720931210574688E-05
      26   2.1705511811023623E+01       42   1.2309000000000001E+00   1.6263373351724918E-03   2.4640877825757765E-03   7.3676224699015732E-05
      26   2.1705511811023623E+01       43   1.2608000000000001E+00   1.6493541531057098E-03   2.6218408070299449E-03   7.8393040130195370E-05
      26   2.1705511811023623E+01       44   1.2907000000000002E+00   1.6167757979313087E-03   2.6933972946486967E-03   8.0532579109996049E-05
      26   2.1705511811023623E+01       45   1.3206000000000002E+00   1.5523089665286233E-03   2.7072025595136833E-03   8.0945356529459145E-05
      26   2.1705511811023623E+01       46   1.3505000000000000E+00   1.5213398988275187E-03   2.7746961548115448E-03   8.2963415028865209E-05
      26   2.1705511811023623E+01       47   1.3804000000000001E+00   1.5430722908596148E-03   2.9403306694137264E-03   8.7915887015470434E-05
      26   2.1705511811023623E+01       48   1.4103000000000001E+00   1.4723723473504700E-03   2.9284692232868395E-03   8.7561229776276521E-05
      26   2.1705511811023623E+01       49   1.4402000000000001E+00   1.4824434979369180E-03   3.0748487840745451E-03   9.1937978643828923E-05
      26   2.1705511811023623E+01       50   1.4701000000000002E+00   1.4329813203879441E-03   3.0969506460643164E-03   9.2598824317323083E-05
 
      27   2.2573732283464569E+01        1   5.0000000000000001E-03   9.0345007364624794E-02   2.2586251841156202E-06   6.7532893005057060E-08
      27   2.2573732283464569E+01        2   3.4900000000000000E-02   8.7610491619205824E-02   1.0671045489710889E-04   3.1906426014235565E-06
      27   2.2573732283464569E+01        3   6.4800000000000010E-02   8.6730355898690839E-02   3.6418423363283886E-04   1.0889108585621884E-05
      27   2.2573732283464569E+01        4   9.4700000000000006E-02   9.0951843118182732E-02   8.1566431474974354E-04   2.4388363011017338E-05
      27   2.2573732283464569E+01        5   1.2460000000000002E-01   9.1372001246391513E-02   1.4185649388704280E-03   4.2415091672225806E-05
      27   2.2573732283464569E+01        6   1.5450000000000003E-01   8.6243101253537693E-02   2.0586443876972589E-03   6.1553467192148058E-05
      27   2.2573732283464569E+01        7   1.8440000000000001E-01   8.3180136616903586E-02   2.8284041302337548E-03   8.4569283493989293E-05
      27   2.2573732283464569E+01        8   2.1430000000000002E-01   6.9592413786885424E-02   3.1959961110316821E-03   9.5560283719847312E-05
      27   2.2573732283464569E+01        9   2.4420000000000003E-01   4.7481656579904719E-02   2.8315040150896698E-03   8.4661970051181141E-05
      27   2.2573732283464569E+01       10   2.7410000000000001E-01   4.6928728145725934E-02   3.5257933578581877E-03   1.0542122139995984E-04
      27   2.2573732283464569E+01       11   3.0400000000000005E-01   5.0596586386569664E-02   4.6759341275012236E-03   1.3981043041228663E-04
      27   2.2573732283464569E+01       12   3.3390000000000003E-01   3.6439204450541204E-02   4.0625781172193235E-03   1.2147108570485781E-04
      27   2.2573732283464569E+01       13   3.6380000000000001E-01   2.9016377364438139E-02   3.8403303113894284E-03   1.1482587631054393E-04
      27   2.2573732283464569E+01       14   3.9370000000000005E-01   2.4256745081890071E-02   3.7597879681019867E-03   1.1241766024624943E-04
      27   2.2573732283464569E+01       15   4.2360000000000003E-01   1.5758102903858914E-02   2.8275860804356165E-03   8.4544823805024952E-05
      27   2.2573732283464569E+01       16   4.5350000000000007E-01   1.2141835363449090E-02   2.4971171799765086E-03   7.4663803681297619E-05
      27   2.2573732283464569E+01       17   4.8340000000000005E-01   8.9267500506607141E-03   2.0859633170681713E-03   6.2370303180338339E-05
      27   2.2573732283464569E+01       18   5.1330000000000009E-01   8.6436928028192882E-03   2.2774132978022098E-03   6.8094657604286091E-05
      27   2.2573732283464569E+01       19   5.4320000000000002E-01   8.1730752358182505E-03   2.4115985790700047E-03   7.2106797514193157E-05
      27   2.2573732283464569E+01       20   5.7310000000000005E-01   7.2850263082693172E-03   2.3927203396329477E-03   7.1542338155025154E-05
      27   2.2573732283464569E+01       21   6.0300000000000009E-01   5.4379837609038152E-03   1.9772998373184759E-03   5.9121265135822441E-05
      27   2.2573732283464569E+01       22   6.3290000000000002E-01   4.6661178100154150E-03   1.8690713953236969E-03   5.5885234720178547E-05
      27   2.2573732283464569E+01       23   6.6280000000000006E-01   4.1393276657335377E-03   1.8184225385749798E-03   5.4370833903391912E-05
      27   2.2573732283464569E+01       24   6.9270000000000009E-01   3.0143629596005206E-03   1.4463916961592552E-03   4.3247111715161740E-05
      27   2.2573732283464569E+01       25   7.2260000000000002E-01   2.0302539729151426E-03   1.0600986549506612E-03   3.1696949783024774E-05
      27   2.2573732283464569E+01       26   7.5250000000000006E-01   2.8126245701923808E-03   1.5926662417749997E-03   4.7620720629072502E-05
      27   2.2573732283464569E+01       27   7.8240000000000010E-01   2.9729782754572137E-03   1.8199079378063475E-03   5.4415247340409804E-05
      27   2.2573732283464569E+01       28   8.1230000000000013E-01   2.2173840529454759E-03   1.4630993800804420E-03   4.3746671464405227E-05
      27   2.2573732283464569E+01       29   8.4220000000000006E-01   2.4238010103389438E-03   1.7192040926262619E-03   5.1404202369525242E-05
      27   2.2573732283464569E+01       30   8.7210000000000010E-01   2.1309958990103767E-03   1.6207468526678529E-03   4.8460330894768813E-05
      27   2.2573732283464569E+01       31   9.0200000000000014E-01   1.8320579545569370E-03   1.4905696800593426E-03   4.4568033433774355E-05
      27   2.2573732283464569E+01       32   9.3190000000000006E-01   2.0947091989250355E-03   1.8191242503594726E-03   5.4391815085748240E-05
      27   2.2573732283464569E+01       33   9.6180000000000010E-01   1.8329592736542571E-03   1.6955959126375595E-03   5.0698317787863043E-05
      27   2.2573732283464569E+01       34   9.9170000000000014E-01   1.9656080401844948E-03   1.9331143574553211E-03   5.7800119287914110E-05
      27   2.2573732283464569E+01       35   1.0216000000000001E+00   1.7856415406177430E-03   1.8636143640896204E-03   5.5722069486279665E-05
      27   2.2573732283464569E+01       36   1.0515000000000001E+00   1.8494390656758040E-03   2.0448364642023506E-03   6.1140610279650288E-05
      27   2.2573732283464569E+01       37   1.0814000000000001E+00   1.8282287405343319E-03   2.1379781499989525E-03   6.3925546684968692E-05
      27   2.2573732283464569E+01       38   1.1113000000000002E+00   1.7508422205330257E-03   2.1622685894905525E-03   6.4651830825767533E-05
      27   2.2573732283464569E+01       39   1.1412000000000002E+00   1.7315463071586378E-03   2.2550575849064349E-03   6.7426221788702422E-05
      27   2.2573732283464569E+01       40   1.1711000000000000E+00   1.7669858595162238E-03   2.4233773027470436E-03   7.2458981352136614E-05
      27   2.2573732283464569E+01       41   1.2010000000000001E+00   1.6597910265086953E-03   2.3940842364271690E-03   7.1583118669172371E-05
      27   2.2573732283464569E+01       42   1.2309000000000001E+00   1.6726150212804487E-03   2.5342037901704734E-03   7.5772693326097169E-05
      27   2.2573732283464569E+01       43   1.2608000000000001E+00   1.6834418670376950E-03   2.6760272043157883E-03   8.0013213409042087E-05
      27   2.2573732283464569E+01       44   1.2907000000000002E+00   1.6690044224288213E-03   2.7804052991628756E-03   8.3134118444969999E-05
      27   2.2573732283464569E+01       45   1.3206000000000002E+00   1.5898353902444344E-03   2.7726480555607912E-03   8.2902176861267670E-05
      27   2.2573732283464569E+01       46   1.3505000000000000E+00   1.5649434070920145E-03   2.8542224242606223E-03   8.5341250485392622E-05
      27   2.2573732283464569E+01       47   1.3804000000000001E+00   1.5747866387378915E-03   3.0007624912274699E-03   8.9722798487701366E-05
      27   2.2573732283464569E+01       48   1.4103000000000001E+00   1.5122490807491183E-03   3.0077818962620535E-03   8.9932678698235422E-05
      27   2.2573732283464569E+01       49   1.4402000000000001E+00   1.5218516958306688E-03   3.1565883239253415E-03   9.4381990885367725E-05
      27   2.2573732283464569E+01       50   1.4701000000000002E+00   1.4715376112317603E-03   3.1802782708837897E-03   9.5090320299425328E-05
 
      28   2.3441952755905511E+01        1   5.0000000000000001E-03   9.5914753613966494E-02   2.3978688403491626E-06   7.1696278326439985E-08
      28   2.3441952755905511E+01        2   3.4900000000000000E-02   9.3949544008208263E-02   1.1443148409743776E-04   3.4215013745133895E-06
      28   2.3441952755905511E+01        3   6.4800000000000010E-02   9.4050977231148927E-02   3.9492381543268371E-04   1.1808222081437246E-05
      28   2.3441952755905511E+01        4   9.4700000000000006E-02   9.7922069699708403E-02   8.7817393405325802E-04   2.6257400628192421E-05
      28   2.3441952755905511E+01        5   1.2460000000000002E-01   9.6458401168756910E-02   1.4975321114891384E-03   4.4776210133525251E-05
      28   2.3441952755905511E+01        6   1.5450000000000003E-01   8.9025671696925227E-02   2.1250650398235301E-03   6.3539444690723565E-05
      28   2.3441952755905511E+01        7   1.8440000000000001E-01   8.3635803950035115E-02   2.8438983506024664E-03   8.5032560683013765E-05
      28   2.3441952755905511E+01        8   2.1430000000000002E-01   6.8298913696448721E-02   3.1365927790634228E-03   9.3784124093996359E-05
      28   2.3441952755905511E+01        9   2.4420000000000003E-01   4.6319241280005363E-02   2.7621849595649796E-03   8.2589330290992912E-05
      28   2.3441952755905511E+01       10   2.7410000000000001E-01   4.6878658825874372E-02   3.5220316093015906E-03   1.0530874511811759E-04
      28   2.3441952755905511E+01       11   3.0400000000000005E-01   5.0955325384976706E-02   4.7090873507780089E-03   1.4080171178826250E-04
      28   2.3441952755905511E+01       12   3.3390000000000003E-01   3.6578708187784088E-02   4.0781312786765805E-03   1.2193612523242978E-04
      28   2.3441952755905511E+01       13   3.6380000000000001E-01   2.9004801258149564E-02   3.8387982086286487E-03   1.1478006643799662E-04
      28   2.3441952755905511E+01       14   3.9370000000000005E-01   2.4676062120935274E-02   3.8247819791657114E-03   1.1436098117705479E-04
      28   2.3441952755905511E+01       15   4.2360000000000003E-01   1.6358776650226399E-02   2.9353691514356090E-03   8.7767537627924725E-05
      28   2.3441952755905511E+01       16   4.5350000000000007E-01   1.2441024547313774E-02   2.5586491007057832E-03   7.6503608111102932E-05
      28   2.3441952755905511E+01       17   4.8340000000000005E-01   9.1488539138113601E-03   2.1378635616680617E-03   6.3922120493875052E-05
      28   2.3441952755905511E+01       18   5.1330000000000009E-01   9.0631146347504750E-03   2.3879212576775419E-03   7.1398845604558526E-05
      28   2.3441952755905511E+01       19   5.4320000000000002E-01   8.4734914793432974E-03   2.5002412704818646E-03   7.4757213987407766E-05
      28   2.3441952755905511E+01       20   5.7310000000000005E-01   7.4508015595009863E-03   2.4471681615961340E-03   7.3170328031724429E-05
      28   2.3441952755905511E+01       21   6.0300000000000009E-01   5.6118172949251952E-03   2.0405072747904560E-03   6.1011167516234651E-05
      28   2.3441952755905511E+01       22   6.3290000000000002E-01   4.7202974412892083E-03   1.8907737189996390E-03   5.6534134198089217E-05
      28   2.3441952755905511E+01       23   6.6280000000000006E-01   4.2103947953881374E-03   1.8496426015300234E-03   5.5304313785747709E-05
      28   2.3441952755905511E+01       24   6.9270000000000009E-01   3.1330958960392678E-03   1.5033637116820201E-03   4.4950574979292411E-05
      28   2.3441952755905511E+01       25   7.2260000000000002E-01   2.0533217797227468E-03   1.0721435278067848E-03   3.2057091481422875E-05
      28   2.3441952755905511E+01       26   7.5250000000000006E-01   2.8434595162314582E-03   1.6101267226880400E-03   4.8142789008372405E-05
      28   2.3441952755905511E+01       27   7.8240000000000010E-01   3.0145939295985629E-03   1.8453829505012175E-03   5.5176950219986417E-05
      28   2.3441952755905511E+01       28   8.1230000000000013E-01   2.2385155262632460E-03   1.4770425873793069E-03   4.4163573362641284E-05
      28   2.3441952755905511E+01       29   8.4220000000000006E-01   2.4304075719158258E-03   1.7238901323022560E-03   5.1544314955837465E-05
      28   2.3441952755905511E+01       30   8.7210000000000010E-01   2.1878003159462628E-03   1.6639499296935876E-03   4.9752102897838281E-05
      28   2.3441952755905511E+01       31   9.0200000000000014E-01   1.8522200766347907E-03   1.5069736632303725E-03   4.5058512530588149E-05
      28   2.3441952755905511E+01       32   9.3190000000000006E-01   2.0946829690115924E-03   1.8191014713161316E-03   5.4391133992352344E-05
      28   2.3441952755905511E+01       33   9.6180000000000010E-01   1.8836228794972510E-03   1.7424627493543390E-03   5.2099636205694745E-05
      28   2.3441952755905511E+01       34   9.9170000000000014E-01   1.9533371467951857E-03   1.9210463155544288E-03   5.7439284835077430E-05
      28   2.3441952755905511E+01       35   1.0216000000000001E+00   1.8007125387365180E-03   1.8793434608520086E-03   5.6192369479475071E-05
      28   2.3441952755905511E+01       36   1.0515000000000001E+00   1.8761069543312241E-03   2.0743218752969652E-03   6.2022224071379273E-05
      28   2.3441952755905511E+01       37   1.0814000000000001E+00   1.8325153040929321E-03   2.1429909687035696E-03   6.4075429964236739E-05
      28   2.3441952755905511E+01       38   1.1113000000000002E+00   1.7949483593317800E-03   2.2167391279604453E-03   6.6280499926017327E-05
      28   2.3441952755905511E+01       39   1.1412000000000002E+00   1.7342225840126894E-03   2.2585430004532720E-03   6.7530435713552842E-05
      28   2.3441952755905511E+01       40   1.1711000000000000E+00   1.8006616389627129E-03   2.4695627994353311E-03   7.3839927703116417E-05
      28   2.3441952755905511E+01       41   1.2010000000000001E+00   1.6621804810604455E-03   2.3975307880620680E-03   7.1686170563055844E-05
      28   2.3441952755905511E+01       42   1.2309000000000001E+00   1.6978792157295816E-03   2.5724819453430744E-03   7.6917210165757934E-05
      28   2.3441952755905511E+01       43   1.2608000000000001E+00   1.6925222102746695E-03   2.6904614690221947E-03   8.0444797923763634E-05
      28   2.3441952755905511E+01       44   1.2907000000000002E+00   1.6969888284396038E-03   2.8270247027550334E-03   8.4528038612375519E-05
      28   2.3441952755905511E+01       45   1.3206000000000002E+00   1.6080091709149034E-03   2.8043428448121595E-03   8.3849851059883580E-05
      28   2.3441952755905511E+01       46   1.3505000000000000E+00   1.5937956872947897E-03   2.9068446627215239E-03   8.6914655415373587E-05
      28   2.3441952755905511E+01       47   1.3804000000000001E+00   1.5867718734666732E-03   3.0236004058617396E-03   9.0405652135266035E-05
      28   2.3441952755905511E+01       48   1.4103000000000001E+00   1.5324118724693505E-03   3.0478846020174934E-03   9.1131749600323076E-05
      28   2.3441952755905511E+01       49   1.4402000000000001E+00   1.5372139807839985E-03   3.1884524072951902E-03   9.5334726978126209E-05
      28   2.3441952755905511E+01       50   1.4701000000000002E+00   1.4936485088416329E-03   3.2280642103539696E-03   9.6519119889583709E-05
 
      29   2.4310173228346454E+01        1   5.0000000000000001E-03   9.7208595226956448E-02   2.4302148806739115E-06   7.2663424932149974E-08
      29   2.4310173228346454E+01        2   3.4900000000000000E-02   9.6092099642101650E-02   1.1704113828507624E-04   3.4995300347237804E-06
      29   2.4310173228346454E+01        3   6.4800000000000010E-02   9.7514777829466298E-02   4.0946845269704225E-04   1.2243106735641567E-05
      29   2.4310173228346454E+01        4   9.4700000000000006E-02   1.0166968535498075E-01   9.1178288853514941E-04   2.7262308367200973E-05
      29   2.4310173228346454E+01        5   1.2460000000000002E-01   9.9005493585869964E-02   1.5370761287996054E-03   4.5958576251108208E-05
      29   2.4310173228346454E+01        6   1.5450000000000003E-01   8.9743461376841499E-02   2.1421988589305518E-03   6.4051745882023518E-05
      29   2.4310173228346454E+01        7   1.8440000000000001E-01   8.2466135670162588E-02   2.8041256990013800E-03   8.3843358400141274E-05
      29   2.4310173228346454E+01        8   2.1430000000000002E-01   6.6030006109932191E-02   3.0323943552955203E-03   9.0668591223336083E-05
      29   2.4310173228346454E+01        9   2.4420000000000003E-01   4.4498369093828136E-02   2.6535997231284737E-03   7.9342631721541384E-05
      29   2.4310173228346454E+01       10   2.7410000000000001E-01   4.6066108588986715E-02   3.4609840518385294E-03   1.0348342314997205E-04
      29   2.4310173228346454E+01       11   3.0400000000000005E-01   5.0888857742586370E-02   4.7029446771388629E-03   1.4061804584645203E-04
      29   2.4310173228346454E+01       12   3.3390000000000003E-01   3.6828018174968634E-02   4.1059266521928954E-03   1.2276720690056759E-04
      29   2.4310173228346454E+01       13   3.6380000000000001E-01   2.9145787767466999E-02   3.8574578351708755E-03   1.1533798927160921E-04
      29   2.4310173228346454E+01       14   3.9370000000000005E-01   2.5053577301627498E-02   3.8832967151433001E-03   1.1611057178278469E-04
      29   2.4310173228346454E+01       15   4.2360000000000003E-01   1.7064913907870294E-02   3.0620762742899661E-03   9.1556080601270005E-05
      29   2.4310173228346454E+01       16   4.5350000000000007E-01   1.2987017373150403E-02   2.6709392137512023E-03   7.9861082491160970E-05
      29   2.4310173228346454E+01       17   4.8340000000000005E-01   9.3864456783860281E-03   2.1933829503064358E-03   6.5582150214162449E-05
      29   2.4310173228346454E+01       18   5.1330000000000009E-01   9.4456542992315245E-03   2.4887116187766521E-03   7.4412477401421907E-05
      29   2.4310173228346454E+01       19   5.4320000000000002E-01   8.8604380733619086E-03   2.6144161470597429E-03   7.8171042797086331E-05
      29   2.4310173228346454E+01       20   5.7310000000000005E-01   7.6529751236633454E-03   2.5135707768561858E-03   7.5155766227999975E-05
      29   2.4310173228346454E+01       21   6.0300000000000009E-01   5.7856212517023832E-03   2.1037039577102524E-03   6.2900748335536561E-05
      29   2.4310173228346454E+01       22   6.3290000000000002E-01   4.8166085524063568E-03   1.9293523297785017E-03   5.7687634660377209E-05
      29   2.4310173228346454E+01       23   6.6280000000000006E-01   4.2665134619396562E-03   1.8742957472417852E-03   5.6041442842529385E-05
      29   2.4310173228346454E+01       24   6.9270000000000009E-01   3.2871620764908988E-03   1.5772897939258601E-03   4.7160964838383229E-05
      29   2.4310173228346454E+01       25   7.2260000000000002E-01   2.1201883889870364E-03   1.1070579786527568E-03   3.3101033561717431E-05
      29   2.4310173228346454E+01       26   7.5250000000000006E-01   2.8753457781252661E-03   1.6281825177745456E-03   4.8682657281458928E-05
      29   2.4310173228346454E+01       27   7.8240000000000010E-01   3.0623524940509282E-03   1.8746183442686774E-03   5.6051088493633465E-05
      29   2.4310173228346454E+01       28   8.1230000000000013E-01   2.2619289274970790E-03   1.4924914821187146E-03   4.4625495315349575E-05
      29   2.4310173228346454E+01       29   8.4220000000000006E-01   2.4272699675723492E-03   1.7216646269058403E-03   5.1477772344484634E-05
      29   2.4310173228346454E+01       30   8.7210000000000010E-01   2.2245204863006436E-03   1.6918777640732446E-03   5.0587145145790022E-05
      29   2.4310173228346454E+01       31   9.0200000000000014E-01   1.8770928495238134E-03   1.5272102507439731E-03   4.5663586497244806E-05
      29   2.4310173228346454E+01       32   9.3190000000000006E-01   2.0772605285840199E-03   1.8039711687908432E-03   5.3938737946846226E-05
      29   2.4310173228346454E+01       33   9.6180000000000010E-01   1.9205535895140571E-03   1.7766258438951460E-03   5.3121112732464878E-05
      29   2.4310173228346454E+01       34   9.9170000000000014E-01   1.9460074090795385E-03   1.9138377465392302E-03   5.7223748621522999E-05
      29   2.4310173228346454E+01       35   1.0216000000000001E+00   1.7884362588110622E-03   1.8665311180126112E-03   5.5809280428577089E-05
      29   2.4310173228346454E+01       36   1.0515000000000001E+00   1.8961147859599284E-03   2.0964435793548635E-03   6.2683663022710434E-05
      29   2.4310173228346454E+01       37   1.0814000000000001E+00   1.8131679183646724E-03   2.1203656335748093E-03   6.3398932443886811E-05
      29   2.4310173228346454E+01       38   1.1113000000000002E+00   1.8203170641987953E-03   2.2480691661824525E-03   6.7217268068855339E-05
      29   2.4310173228346454E+01       39   1.1412000000000002E+00   1.7209695462717311E-03   2.2412830732094885E-03   6.7014363888963726E-05
      29   2.4310173228346454E+01       40   1.1711000000000000E+00   1.8126544138095009E-03   2.4860105928368121E-03   7.4331716725820692E-05
      29   2.4310173228346454E+01       41   1.2010000000000001E+00   1.6533123178360143E-03   2.3847393405589854E-03   7.1303706282713675E-05
      29   2.4310173228346454E+01       42   1.2309000000000001E+00   1.7001678654485351E-03   2.5759495124271633E-03   7.7020890421572200E-05
      29   2.4310173228346454E+01       43   1.2608000000000001E+00   1.6819453672708468E-03   2.6736483433846504E-03   7.9942085467201067E-05
      29   2.4310173228346454E+01       44   1.2907000000000002E+00   1.6957299424443064E-03   2.8249275164052971E-03   8.4465332740518405E-05
      29   2.4310173228346454E+01       45   1.3206000000000002E+00   1.6026851732798039E-03   2.7950578762038691E-03   8.3572230498495703E-05
      29   2.4310173228346454E+01       46   1.3505000000000000E+00   1.6007070398766554E-03   2.9194499348557980E-03   8.7291553052188384E-05
      29   2.4310173228346454E+01       47   1.3804000000000001E+00   1.5808401912141155E-03   3.0122975606536929E-03   9.0067697063545438E-05
      29   2.4310173228346454E+01       48   1.4103000000000001E+00   1.5298437428914163E-03   3.0427767307348481E-03   9.0979024248971982E-05
      29   2.4310173228346454E+01       49   1.4402000000000001E+00   1.5279509216186533E-03   3.1692391919173292E-03   9.4760251838328167E-05
      29   2.4310173228346454E+01       50   1.4701000000000002E+00   1.4947846167214188E-03   3.2305195598984768E-03   9.6592534840964471E-05
 
      30   2.5178393700787399E+01        1   5.0000000000000001E-03   9.3358031876244849E-02   2.3339507969061214E-06   6.9785128827493049E-08
      30   2.5178393700787399E+01        2   3.4900000000000000E-02   9.3192634719758180E-02   1.1350956101501267E-04   3.3939358743488795E-06
      30   2.5178393700787399E+01        3   6.4800000000000010E-02   9.6194888598176043E-02   4.0392618501928525E-04   1.2077392932076631E-05
      30   2.5178393700787399E+01        4   9.4700000000000006E-02   1.0120503959515355E-01   9.0761590354290073E-04   2.7137715515932739E-05
      30   2.5178393700787399E+01        5   1.2460000000000002E-01   9.8290749133066138E-02   1.5259796068107137E-03   4.5626790243640348E-05
      30   2.5178393700787399E+01        6   1.5450000000000003E-01   8.8149814054447967E-02   2.1041580989331872E-03   6.2914327158102314E-05
      30   2.5178393700787399E+01        7   1.8440000000000001E-01   7.9869132411241064E-02   2.7158188622670981E-03   8.1202983981786255E-05
      30   2.5178393700787399E+01        8   2.1430000000000002E-01   6.3259797738245999E-02   2.9051739486321013E-03   8.6864701064099853E-05
      30   2.5178393700787399E+01        9   2.4420000000000003E-01   4.2506516045330657E-02   2.5348182755014726E-03   7.5791066437494049E-05
      30   2.5178393700787399E+01       10   2.7410000000000001E-01   4.4815498737815020E-02   3.3670247207260202E-03   1.0067403914970803E-04
      30   2.5178393700787399E+01       11   3.0400000000000005E-01   5.0430317868817527E-02   4.6605682561646419E-03   1.3935099085932281E-04
      30   2.5178393700787399E+01       12   3.3390000000000003E-01   3.7112876079260393E-02   4.1376852349046395E-03   1.2371678852364875E-04
      30   2.5178393700787399E+01       13   3.6380000000000001E-01   2.9511254933971963E-02   3.9058275754633607E-03   1.1678424450635451E-04
      30   2.5178393700787399E+01       14   3.9370000000000005E-01   2.5387753405050784E-02   3.9350939075793170E-03   1.1765930783662160E-04
      30   2.5178393700787399E+01       15   4.2360000000000003E-01   1.7714840378751821E-02   3.1786971044484758E-03   9.5043043423009442E-05
      30   2.5178393700787399E+01       16   4.5350000000000007E-01   1.3709273544464336E-02   2.8194800430200112E-03   8.4302453286298355E-05
      30   2.5178393700787399E+01       17   4.8340000000000005E-01   9.6763222535692899E-03   2.2611200213432663E-03   6.7607488638163682E-05
      30   2.5178393700787399E+01       18   5.1330000000000009E-01   9.7122398435100059E-03   2.5589507489021039E-03   7.6512627392172924E-05
      30   2.5178393700787399E+01       19   5.4320000000000002E-01   9.2502160247304004E-03   2.7294264616049466E-03   8.1609851201987920E-05
      30   2.5178393700787399E+01       20   5.7310000000000005E-01   7.9133881520215086E-03   2.5991017719811734E-03   7.7713142982237100E-05
      30   2.5178393700787399E+01       21   6.0300000000000009E-01   5.9493274275008411E-03   2.1632289965861540E-03   6.4680546997926023E-05
      30   2.5178393700787399E+01       22   6.3290000000000002E-01   4.9440938889605901E-03   1.9804181634283267E-03   5.9214503086506982E-05
      30   2.5178393700787399E+01       23   6.6280000000000006E-01   4.3135431977465513E-03   1.8949560907759397E-03   5.6659187114200606E-05
      30   2.5178393700787399E+01       24   6.9270000000000009E-01   3.4390117584310658E-03   1.6501523263966640E-03   4.9339554559260265E-05
      30   2.5178393700787399E+01       25   7.2260000000000002E-01   2.2277287910200962E-03   1.1632102813050244E-03   3.4779987411020237E-05
      30   2.5178393700787399E+01       26   7.5250000000000006E-01   2.9013706082291341E-03   1.6429192404760489E-03   4.9123285290233871E-05
      30   2.5178393700787399E+01       27   7.8240000000000010E-01   3.1166529522688368E-03   1.9078583567346602E-03   5.7044964866366354E-05
      30   2.5178393700787399E+01       28   8.1230000000000013E-01   2.2934325514285822E-03   1.5132785589371132E-03   4.5247028912219694E-05
      30   2.5178393700787399E+01       29   8.4220000000000006E-01   2.4215132722367485E-03   1.7175813980686747E-03   5.1355683802253385E-05
      30   2.5178393700787399E+01       30   8.7210000000000010E-01   2.2381713020524757E-03   1.7022600067966608E-03   5.0897574203220173E-05
      30   2.5178393700787399E+01       31   9.0200000000000014E-01   1.8998691489327331E-03   1.5457411390482679E-03   4.6217660057543217E-05
      30   2.5178393700787399E+01       32   9.3190000000000006E-01   2.0436691972231798E-03   1.7747991932671170E-03   5.3066495878686810E-05
      30   2.5178393700787399E+01       33   9.6180000000000010E-01   1.9308440611451431E-03   1.7861451397614399E-03   5.3405739678867067E-05
      30   2.5178393700787399E+01       34   9.9170000000000014E-01   1.9491047822119702E-03   1.9168839166556987E-03   5.7314829108005403E-05
      30   2.5178393700787399E+01       35   1.0216000000000001E+00   1.7581989936807122E-03   1.8349734955302110E-03   5.4865707516353322E-05
      30   2.5178393700787399E+01       36   1.0515000000000001E+00   1.9077511578884075E-03   2.1093093601594233E-03   6.3068349868766770E-05
      30   2.5178393700787399E+01       37   1.0814000000000001E+00   1.7832529234827342E-03   2.0853822619666036E-03   6.2352929632801459E-05
      30   2.5178393700787399E+01       38   1.1113000000000002E+00   1.8230524275578486E-03   2.2514473062585603E-03   6.7318274457130967E-05
      30   2.5178393700787399E+01       39   1.1412000000000002E+00   1.7004058217081582E-03   2.2145021648045000E-03   6.6213614727654560E-05
      30   2.5178393700787399E+01       40   1.1711000000000000E+00   1.7976664377141161E-03   2.4654549551739193E-03   7.3717103159700209E-05
      30   2.5178393700787399E+01       41   1.2010000000000001E+00   1.6372569767376683E-03   2.3615811005033901E-03   7.0611274905051379E-05
      30   2.5178393700787399E+01       42   1.2309000000000001E+00   1.6770193106414072E-03   2.5408767942087869E-03   7.5972216146842744E-05
      30   2.5178393700787399E+01       43   1.2608000000000001E+00   1.6570283498020192E-03   2.6340398377970313E-03   7.8757791150131252E-05
      30   2.5178393700787399E+01       44   1.2907000000000002E+00   1.6649279130085035E-03   2.7736142156630224E-03   8.2931065048324389E-05
      30   2.5178393700787399E+01       45   1.3206000000000002E+00   1.5743853320956203E-03   2.7457033957881687E-03   8.2096531534066268E-05
      30   2.5178393700787399E+01       46   1.3505000000000000E+00   1.5797348814687862E-03   2.8811998585005659E-03   8.6147875769166944E-05
      30   2.5178393700787399E+01       47   1.3804000000000001E+00   1.5575884726986529E-03   2.9679913142953299E-03   8.8742940297430385E-05
      30   2.5178393700787399E+01       48   1.4103000000000001E+00   1.5057392826014759E-03   2.9948342586896110E-03   8.9545544334819390E-05
      30   2.5178393700787399E+01       49   1.4402000000000001E+00   1.4971289391073983E-03   3.1053089742871850E-03   9.2848738331186855E-05
      30   2.5178393700787399E+01       50   1.4701000000000002E+00   1.4716532830243284E-03   3.1805282600690138E-03   9.5097794976063536E-05
 
      31   2.6046614173228345E+01        1   5.0000000000000001E-03   8.4478845456716842E-02   2.1119711364179212E-06   6.3147936978895857E-08
      31   2.6046614173228345E+01        2   3.4900000000000000E-02   8.5397259629337113E-02   1.0401471620112890E-04   3.1100400144137548E-06
      31   2.6046614173228345E+01        3   6.4800000000000010E-02   9.0226150287241125E-02   3.7886321410213707E-04   1.1328010101653901E-05
      31   2.6046614173228345E+01        4   9.4700000000000006E-02   9.6658099379361886E-02   8.6683853446306168E-04   2.5918472180445549E-05
      31   2.6046614173228345E+01        5   1.2460000000000002E-01   9.4554263288676249E-02   1.4679700662388255E-03   4.3892304980540889E-05
      31   2.6046614173228345E+01        6   1.5450000000000003E-01   8.4644673868938966E-02   2.0204895264200411E-03   6.0412636839959243E-05
      31   2.6046614173228345E+01        7   1.8440000000000001E-01   7.6320974555330170E-02   2.5951695733557319E-03   7.7595570243336402E-05
      31   2.6046614173228345E+01        8   2.1430000000000002E-01   6.0365691054229564E-02   2.7722635751630553E-03   8.2890680897375376E-05
      31   2.6046614173228345E+01        9   2.4420000000000003E-01   4.0652611814232908E-02   2.4242632179897129E-03   7.2485470217892436E-05
      31   2.6046614173228345E+01       10   2.7410000000000001E-01   4.3434805092727305E-02   3.2632920888087278E-03   9.7572433455380984E-05
      31   2.6046614173228345E+01       11   3.0400000000000005E-01   4.9636904162797063E-02   4.5872441351090549E-03   1.3715859963976077E-04
      31   2.6046614173228345E+01       12   3.3390000000000003E-01   3.7245345238469410E-02   4.1524541168142170E-03   1.2415837809274513E-04
      31   2.6046614173228345E+01       13   3.6380000000000001E-01   3.0009479958441995E-02   3.9717678766709799E-03   1.1875585951246233E-04
      31   2.6046614173228345E+01       14   3.9370000000000005E-01   2.5684410933460047E-02   3.9810757325189194E-03   1.1903416440231572E-04
      31   2.6046614173228345E+01       15   4.2360000000000003E-01   1.8172446733023793E-02   3.2608085975357214E-03   9.7498177066318090E-05
      31   2.6046614173228345E+01       16   4.5350000000000007E-01   1.4461254057285874E-02   2.9741340472430426E-03   8.8926608012566993E-05
      31   2.6046614173228345E+01       17   4.8340000000000005E-01   1.0063397598322804E-02   2.3515700692907371E-03   7.0311945071793052E-05
      31   2.6046614173228345E+01       18   5.1330000000000009E-01   9.8693054928428135E-03   2.6003339177141423E-03   7.7749984139652872E-05
      31   2.6046614173228345E+01       19   5.4320000000000002E-01   9.5622769923260978E-03   2.8215051179641707E-03   8.4363003027128724E-05
      31   2.6046614173228345E+01       20   5.7310000000000005E-01   8.2443693200259117E-03   2.7078104216425561E-03   8.0963531607112447E-05
      31   2.6046614173228345E+01       21   6.0300000000000009E-01   6.1266698569683829E-03   2.2277123000224177E-03   6.6608597770670308E-05
      31   2.6046614173228345E+01       22   6.3290000000000002E-01   5.0973865466948957E-03   2.0418214398456851E-03   6.1050461051386000E-05
      31   2.6046614173228345E+01       23   6.6280000000000006E-01   4.3792378632979325E-03   1.9238160096201771E-03   5.7522098687643306E-05
      31   2.6046614173228345E+01       24   6.9270000000000009E-01   3.5680757203587761E-03   1.7120815118688720E-03   5.1191237204879286E-05
      31   2.6046614173228345E+01       25   7.2260000000000002E-01   2.3635024989078516E-03   1.2341046260666341E-03   3.6899728319392365E-05
      31   2.6046614173228345E+01       26   7.5250000000000006E-01   2.9229157502461108E-03   1.6551193118002996E-03   4.9488067422828969E-05
      31   2.6046614173228345E+01       27   7.8240000000000010E-01   3.1694378950377815E-03   1.9401706467822835E-03   5.8011102338790292E-05
      31   2.6046614173228345E+01       28   8.1230000000000013E-01   2.3470783858076730E-03   1.5486757590385950E-03   4.6305405195254002E-05
      31   2.6046614173228345E+01       29   8.4220000000000006E-01   2.4204209888845024E-03   1.7168066405694087E-03   5.1332518553025331E-05
      31   2.6046614173228345E+01       30   8.7210000000000010E-01   2.2421485717512807E-03   1.7052849527149252E-03   5.0988020086176273E-05
      31   2.6046614173228345E+01       31   9.0200000000000014E-01   1.9247605176352478E-03   1.5659928561901086E-03   4.6823186400084260E-05
      31   2.6046614173228345E+01       32   9.3190000000000006E-01   2.0094566536882318E-03   1.7450877337276058E-03   5.2178123238455425E-05
      31   2.6046614173228345E+01       33   9.6180000000000010E-01   1.9143311306932854E-03   1.7708697008674717E-03   5.2949004055937414E-05
      31   2.6046614173228345E+01       34   9.9170000000000014E-01   1.9645121426370661E-03   1.9320365763107975E-03   5.7767893631692859E-05
      31   2.6046614173228345E+01       35   1.0216000000000001E+00   1.7239401827984051E-03   1.7992187202269829E-03   5.3796639734786797E-05
      31   2.6046614173228345E+01       36   1.0515000000000001E+00   1.9127146966291299E-03   2.1147973079360650E-03   6.3232439507288359E-05
      31   2.6046614173228345E+01       37   1.0814000000000001E+00   1.7557897598391274E-03   2.0532661254580417E-03   6.1392657151195464E-05
      31   2.6046614173228345E+01       38   1.1113000000000002E+00   1.8046979833510059E-03   2.2287797936063180E-03   6.6640515828828923E-05
      31   2.6046614173228345E+01       39   1.1412000000000002E+00   1.6836628979421783E-03   2.1926972283289985E-03   6.5561647127037074E-05
      31   2.6046614173228345E+01       40   1.1711000000000000E+00   1.7591706810048261E-03   2.4126589791569372E-03   7.2138503476792436E-05
      31   2.6046614173228345E+01       41   1.2010000000000001E+00   1.6210672472502785E-03   2.3382290185010495E-03   6.9913047653181388E-05
      31   2.6046614173228345E+01       42   1.2309000000000001E+00   1.6328979492515501E-03   2.4740278661296525E-03   7.3973433197276625E-05
      31   2.6046614173228345E+01       43   1.2608000000000001E+00   1.6273647486781970E-03   2.5868860838482808E-03   7.7347893907063608E-05
      31   2.6046614173228345E+01       44   1.2907000000000002E+00   1.6132340981962093E-03   2.6874971540743631E-03   8.0356164906823481E-05
      31   2.6046614173228345E+01       45   1.3206000000000002E+00   1.5359362375667427E-03   2.6786487762736448E-03   8.0091598410581994E-05
      31   2.6046614173228345E+01       46   1.3505000000000000E+00   1.5357054669400448E-03   2.8008967998049677E-03   8.3746814314168553E-05
      31   2.6046614173228345E+01       47   1.3804000000000001E+00   1.5241440261921080E-03   2.9042627823482113E-03   8.6837457192211534E-05
      31   2.6046614173228345E+01       48   1.4103000000000001E+00   1.4680797588970927E-03   2.9199314962665155E-03   8.7305951738368825E-05
      31   2.6046614173228345E+01       49   1.4402000000000001E+00   1.4560561299461021E-03   3.0201167376293320E-03   9.0301490455117045E-05
      31   2.6046614173228345E+01       50   1.4701000000000002E+00   1.4307907160784632E-03   3.0922163251523860E-03   9.2457268122056363E-05
 
      32   2.6914834645669288E+01        1   5.0000000000000001E-03   7.2016863154774916E-02   1.8004215788693729E-06   5.3832605208194259E-08
      32   2.6914834645669288E+01        2   3.4900000000000000E-02   7.4014686946192676E-02   9.0150628847332140E-05   2.6955038025352315E-06
      32   2.6914834645669288E+01        3   6.4800000000000010E-02   8.0764980442470685E-02   3.3913538347715217E-04   1.0140147965966852E-05
      32   2.6914834645669288E+01        4   9.4700000000000006E-02   8.9131083706327011E-02   7.9933558047587438E-04   2.3900133856228647E-05
      32   2.6914834645669288E+01        5   1.2460000000000002E-01   8.8767235822154164E-02   1.3781255388966753E-03   4.1205953613010602E-05
      32   2.6914834645669288E+01        6   1.5450000000000003E-01   8.0012625690321096E-02   1.9099213783843878E-03   5.7106649213693206E-05
      32   2.6914834645669288E+01        7   1.8440000000000001E-01   7.2421106256673737E-02   2.4625609476439298E-03   7.3630572334553514E-05
      32   2.6914834645669288E+01        8   2.1430000000000002E-01   5.7637437352015500E-02   2.6469699152982624E-03   7.9144400467418056E-05
      32   2.6914834645669288E+01        9   2.4420000000000003E-01   3.9060389334710593E-02   2.3293131958459718E-03   6.9646464555794566E-05
      32   2.6914834645669288E+01       10   2.7410000000000001E-01   4.2135530720299304E-02   3.1656765527959705E-03   9.4653728928599545E-05
      32   2.6914834645669288E+01       11   3.0400000000000005E-01   4.8627204060019295E-02   4.4939316904107447E-03   1.3436855754328129E-04
      32   2.6914834645669288E+01       12   3.3390000000000003E-01   3.7046972288861266E-02   4.1303376733770351E-03   1.2349709643397338E-04
      32   2.6914834645669288E+01       13   3.6380000000000001E-01   3.0422827942979517E-02   4.0264746642976346E-03   1.2039159246249930E-04
      32   2.6914834645669288E+01       14   3.9370000000000005E-01   2.5944373157929284E-02   4.0213697967233612E-03   1.2023895692202852E-04
      32   2.6914834645669288E+01       15   4.2360000000000003E-01   1.8397569539460246E-02   3.3012039495493471E-03   9.8705998091525496E-05
      32   2.6914834645669288E+01       16   4.5350000000000007E-01   1.5068359496952117E-02   3.0989927179520416E-03   9.2659882266766069E-05
      32   2.6914834645669288E+01       17   4.8340000000000005E-01   1.0539759339369494E-02   2.4628841658923973E-03   7.3640236560182690E-05
      32   2.6914834645669288E+01       18   5.1330000000000009E-01   9.9897264613238966E-03   2.6320620599803264E-03   7.8698655593411777E-05
      32   2.6914834645669288E+01       19   5.4320000000000002E-01   9.7403212030033812E-03   2.8740399537624849E-03   8.5933794617498312E-05
      32   2.6914834645669288E+01       20   5.7310000000000005E-01   8.6096291072235726E-03   2.8277776647375875E-03   8.4550552175653883E-05
      32   2.6914834645669288E+01       21   6.0300000000000009E-01   6.3390660598622870E-03   2.3049414709604673E-03   6.8917749981717982E-05
      32   2.6914834645669288E+01       22   6.3290000000000002E-01   5.2610470665389909E-03   2.1073776920962888E-03   6.3010592993679044E-05
      32   2.6914834645669288E+01       23   6.6280000000000006E-01   4.4835556986589668E-03   1.9696432352747672E-03   5.8892332734715551E-05
      32   2.6914834645669288E+01       24   6.9270000000000009E-01   3.6725894058900069E-03   1.7622306574473479E-03   5.2690696657675712E-05
      32   2.6914834645669288E+01       25   7.2260000000000002E-01   2.5083253515286708E-03   1.3097239886279627E-03   3.9160747259976097E-05
      32   2.6914834645669288E+01       26   7.5250000000000006E-01   2.9548229592997275E-03   1.6731869683469667E-03   5.0028290353574316E-05
      32   2.6914834645669288E+01       27   7.8240000000000010E-01   3.2032668573223773E-03   1.9608790379258478E-03   5.8630283233982864E-05
      32   2.6914834645669288E+01       28   8.1230000000000013E-01   2.4245892601155168E-03   1.5998198592221675E-03   4.7834613790742817E-05
      32   2.6914834645669288E+01       29   8.4220000000000006E-01   2.4315523675246834E-03   1.7247021367892471E-03   5.1568593889998497E-05
      32   2.6914834645669288E+01       30   8.7210000000000010E-01   2.2491245342159956E-03   1.7105905796353084E-03   5.1146658331095734E-05
      32   2.6914834645669288E+01       31   9.0200000000000014E-01   1.9615803608903095E-03   1.5959496279417998E-03   4.7718893875459823E-05
      32   2.6914834645669288E+01       32   9.3190000000000006E-01   1.9981131303778979E-03   1.7352365914550002E-03   5.1883574084504521E-05
      32   2.6914834645669288E+01       33   9.6180000000000010E-01   1.8867960905791503E-03   1.7453981575861204E-03   5.2187404911825010E-05
      32   2.6914834645669288E+01       34   9.9170000000000014E-01   1.9902900740047988E-03   1.9573883698595180E-03   5.8525912258799602E-05
      32   2.6914834645669288E+01       35   1.0216000000000001E+00   1.6981215956449844E-03   1.7722727241885122E-03   5.2990954453236524E-05
      32   2.6914834645669288E+01       36   1.0515000000000001E+00   1.9115277325706974E-03   2.1134849384541899E-03   6.3193199659780289E-05
      32   2.6914834645669288E+01       37   1.0814000000000001E+00   1.7399517635558821E-03   2.0347447614500309E-03   6.0838868367355936E-05
      32   2.6914834645669288E+01       38   1.1113000000000002E+00   1.7714225844051375E-03   2.1876850855283314E-03   6.5411784057297116E-05
      32   2.6914834645669288E+01       39   1.1412000000000002E+00   1.6789235482727370E-03   2.1865249958132335E-03   6.5377097374815697E-05
      32   2.6914834645669288E+01       40   1.1711000000000000E+00   1.7112354838152326E-03   2.3469170445249480E-03   7.0172819631295958E-05
      32   2.6914834645669288E+01       41   1.2010000000000001E+00   1.6136053377612937E-03   2.3274659527922283E-03   6.9591231988487643E-05
      32   2.6914834645669288E+01       42   1.2309000000000001E+00   1.5849485530132887E-03   2.4013790257585042E-03   7.1801232870179289E-05
      32   2.6914834645669288E+01       43   1.2608000000000001E+00   1.6065861353265288E-03   2.5538560543083427E-03   7.6360296023819465E-05
      32   2.6914834645669288E+01       44   1.2907000000000002E+00   1.5610100842847010E-03   2.6004968303653311E-03   7.7754855227923420E-05
      32   2.6914834645669288E+01       45   1.3206000000000002E+00   1.5068233209869471E-03   2.6278763050844966E-03   7.8573501522026472E-05
      32   2.6914834645669288E+01       46   1.3505000000000000E+00   1.4877416500886783E-03   2.7134179804496486E-03   8.1131197615444509E-05
      32   2.6914834645669288E+01       47   1.3804000000000001E+00   1.4965396460194715E-03   2.8516625210950309E-03   8.5264709380741447E-05
      32   2.6914834645669288E+01       48   1.4103000000000001E+00   1.4315130724433420E-03   2.8472023282200723E-03   8.5131349613780182E-05
      32   2.6914834645669288E+01       49   1.4402000000000001E+00   1.4243724664697009E-03   2.9543992419871572E-03   8.8336537335416019E-05
      32   2.6914834645669288E+01       50   1.4701000000000002E+00   1.3910042584888817E-03   3.0062300713306635E-03   8.9886279132786858E-05
 
      33   2.7783055118110234E+01        1   5.0000000000000001E-03   5.8176399955586454E-02   1.4544099988896614E-06   4.3486858966800883E-08
      33   2.7783055118110234E+01        2   3.4900000000000000E-02   6.1011028200425199E-02   7.4312042458399904E-05   2.2219300695061576E-06
      33   2.7783055118110234E+01        3   6.4800000000000010E-02   6.9514356862506357E-02   2.9189356503993877E-04   8.7276175946941708E-06
      33   2.7783055118110234E+01        4   9.4700000000000006E-02   8.0162929393360602E-02   7.1890836546330337E-04   2.1495360127352774E-05
      33   2.7783055118110234E+01        5   1.2460000000000002E-01   8.2107321941373726E-02   1.2747293103113381E-03   3.8114406378309016E-05
      33   2.7783055118110234E+01        6   1.5450000000000003E-01   7.4991260888024436E-02   1.7900601452123660E-03   5.3522798341849755E-05
      33   2.7783055118110234E+01        7   1.8440000000000001E-01   6.8632378151483819E-02   2.3337314619410392E-03   6.9778570712037086E-05
      33   2.7783055118110234E+01        8   2.1430000000000002E-01   5.5300966081163160E-02   2.5396686637847170E-03   7.5936093047163059E-05
      33   2.7783055118110234E+01        9   2.4420000000000003E-01   3.7788305589319608E-02   2.2534542117234740E-03   6.7378280930531894E-05
      33   2.7783055118110234E+01       10   2.7410000000000001E-01   4.1023420525314908E-02   3.0821228130375349E-03   9.2155472109822320E-05
      33   2.7783055118110234E+01       11   3.0400000000000005E-01   4.7566123921346751E-02   4.3958709083151823E-03   1.3143654015862399E-04
      33   2.7783055118110234E+01       12   3.3390000000000003E-01   3.6499292437206995E-02   4.0692772793831829E-03   1.2167139065355720E-04
      33   2.7783055118110234E+01       13   3.6380000000000001E-01   3.0552439234484422E-02   4.0436287757572766E-03   1.2090450039514259E-04
      33   2.7783055118110234E+01       14   3.9370000000000005E-01   2.6131805271175198E-02   4.0504217161725226E-03   1.2110760931355845E-04
      33   2.7783055118110234E+01       15   4.2360000000000003E-01   1.8453550462513818E-02   3.3112489962000740E-03   9.9006344986382228E-05
      33   2.7783055118110234E+01       16   4.5350000000000007E-01   1.5413873961805770E-02   3.1700520002013897E-03   9.4784554806021578E-05
      33   2.7783055118110234E+01       17   4.8340000000000005E-01   1.1011393677334813E-02   2.5730935839316724E-03   7.6935498159557016E-05
      33   2.7783055118110234E+01       18   5.1330000000000009E-01   1.0150276143883462E-02   2.6743631910316080E-03   7.9963459411845094E-05
      33   2.7783055118110234E+01       19   5.4320000000000002E-01   9.7739392576239783E-03   2.8839595067354988E-03   8.6230389251391434E-05
      33   2.7783055118110234E+01       20   5.7310000000000005E-01   8.9170581747096290E-03   2.9287507774816415E-03   8.7569648246701098E-05
      33   2.7783055118110234E+01       21   6.0300000000000009E-01   6.5769999042646710E-03   2.3914563581897736E-03   7.1504545109874243E-05
      33   2.7783055118110234E+01       22   6.3290000000000002E-01   5.4055402464103404E-03   2.1652562284541202E-03   6.4741161230778209E-05
      33   2.7783055118110234E+01       23   6.6280000000000006E-01   4.6071099978052775E-03   2.0239211133382504E-03   6.0515241288813697E-05
      33   2.7783055118110234E+01       24   6.9270000000000009E-01   3.7572007299415044E-03   1.8028299874382340E-03   5.3904616624403208E-05
      33   2.7783055118110234E+01       25   7.2260000000000002E-01   2.6372940042176767E-03   1.3770650686457033E-03   4.1174245552506540E-05
      33   2.7783055118110234E+01       26   7.5250000000000006E-01   3.0135638818491310E-03   1.7064493828713324E-03   5.1022836547852847E-05
      33   2.7783055118110234E+01       27   7.8240000000000010E-01   3.2041915190916181E-03   1.9614450694059697E-03   5.8647207575238508E-05
      33   2.7783055118110234E+01       28   8.1230000000000013E-01   2.5012573100809121E-03   1.6504078375326188E-03   4.9347194342225310E-05
      33   2.7783055118110234E+01       29   8.4220000000000006E-01   2.4573003487452895E-03   1.7429652014973273E-03   5.2114659524770093E-05
      33   2.7783055118110234E+01       30   8.7210000000000010E-01   2.2528680296240635E-03   1.7134377265507110E-03   5.1231788023866272E-05
      33   2.7783055118110234E+01       31   9.0200000000000014E-01   2.0071354004981314E-03   1.6330133903868821E-03   4.8827100372567786E-05
      33   2.7783055118110234E+01       32   9.3190000000000006E-01   2.0181862275129863E-03   1.7526688239562942E-03   5.2404797836293208E-05
      33   2.7783055118110234E+01       33   9.6180000000000010E-01   1.8649068079183361E-03   1.7251492744037623E-03   5.1581963304672507E-05
      33   2.7783055118110234E+01       34   9.9170000000000014E-01   2.0193391760801671E-03   1.9859572580330771E-03   5.9380122015189020E-05
      33   2.7783055118110234E+01       35   1.0216000000000001E+00   1.6867259384627938E-03   1.7603794578582360E-03   5.2635345789961267E-05
      33   2.7783055118110234E+01       36   1.0515000000000001E+00   1.9004790359406518E-03   2.1012689221656129E-03   6.2827940772751842E-05
      33   2.7783055118110234E+01       37   1.0814000000000001E+00   1.7378737292114981E-03   2.0323146541419367E-03   6.0766208158843922E-05
      33   2.7783055118110234E+01       38   1.1113000000000002E+00   1.7309015824144096E-03   2.1376421468833171E-03   6.3915500191811188E-05
      33   2.7783055118110234E+01       39   1.1412000000000002E+00   1.6833022881097138E-03   2.1922275926429479E-03   6.5547605020024153E-05
      33   2.7783055118110234E+01       40   1.1711000000000000E+00   1.6692483338147759E-03   2.2893327091607699E-03   6.8451048003907028E-05
      33   2.7783055118110234E+01       41   1.2010000000000001E+00   1.6131148006648124E-03   2.3267584015937265E-03   6.9570076207652439E-05
      33   2.7783055118110234E+01       42   1.2309000000000001E+00   1.5518245587318208E-03   2.3511923714562969E-03   7.0300651906543289E-05
      33   2.7783055118110234E+01       43   1.2608000000000001E+00   1.5986723075566670E-03   2.5412761019992765E-03   7.5984155449778385E-05
      33   2.7783055118110234E+01       44   1.2907000000000002E+00   1.5278025332609588E-03   2.5451761555978728E-03   7.6100767052376416E-05
      33   2.7783055118110234E+01       45   1.3206000000000002E+00   1.4936058817081994E-03   2.6048252977031107E-03   7.7884276401323028E-05
      33   2.7783055118110234E+01       46   1.3505000000000000E+00   1.4531526020947628E-03   2.6503327366186836E-03   7.9244948824898657E-05
      33   2.7783055118110234E+01       47   1.3804000000000001E+00   1.4829423463055872E-03   2.8257528099254574E-03   8.4490009016771188E-05
      33   2.7783055118110234E+01       48   1.4103000000000001E+00   1.4061887985218667E-03   2.7968337126218650E-03   8.3625328007393788E-05
      33   2.7783055118110234E+01       49   1.4402000000000001E+00   1.4139457652268836E-03   2.9327724280930672E-03   8.7689895599982732E-05
      33   2.7783055118110234E+01       50   1.4701000000000002E+00   1.3671046258502428E-03   2.9545783284308366E-03   8.8341892020082026E-05
 
      34   2.8651275590551180E+01        1   5.0000000000000001E-03   4.5493024312926580E-02   1.1373256078231645E-06   3.4006035673912629E-08
      34   2.8651275590551180E+01        2   3.4900000000000000E-02   4.8689656722919507E-02   5.9304488785083189E-05   1.7732042146739878E-06
      34   2.8651275590551180E+01        3   6.4800000000000010E-02   5.8397664602286847E-02   2.4521412957158664E-04   7.3319024741904422E-06
      34   2.8651275590551180E+01        4   9.4700000000000006E-02   7.1273911786006020E-02   6.3919085554896282E-04   1.9111806580913991E-05
      34   2.8651275590551180E+01        5   1.2460000000000002E-01   7.5607859558158325E-02   1.1738241168979377E-03   3.5097341095248346E-05
      34   2.8651275590551180E+01        6   1.5450000000000003E-01   7.0131589196868793E-02   1.6740585670265581E-03   5.0054351154094096E-05
      34   2.8651275590551180E+01        7   1.8440000000000001E-01   6.5187558777223750E-02   2.2165960286230990E-03   6.6276221255830674E-05
      34   2.8651275590551180E+01        8   2.1430000000000002E-01   5.3461707251175453E-02   2.4552016400395350E-03   7.3410529037182108E-05
      34   2.8651275590551180E+01        9   2.4420000000000003E-01   3.6887504145579710E-02   2.1997361427160086E-03   6.5772110667208666E-05
      34   2.8651275590551180E+01       10   2.7410000000000001E-01   4.0143073101153740E-02   3.0159815979788926E-03   9.0177849779568911E-05
      34   2.8651275590551180E+01       11   3.0400000000000005E-01   4.6589528756866158E-02   4.3056178895945442E-03   1.2873797489887690E-04
      34   2.8651275590551180E+01       12   3.3390000000000003E-01   3.5749973522038445E-02   3.9857363054929843E-03   1.1917351553424026E-04
      34   2.8651275590551180E+01       13   3.6380000000000001E-01   3.0344945219821565E-02   4.0161668516192810E-03   1.2008338886341653E-04
      34   2.8651275590551180E+01       14   3.9370000000000005E-01   2.6161707820672776E-02   4.0550566020748574E-03   1.2124619240203827E-04
      34   2.8651275590551180E+01       15   4.2360000000000003E-01   1.8414598287435989E-02   3.3042595363187207E-03   9.8797360135929768E-05
      34   2.8651275590551180E+01       16   4.5350000000000007E-01   1.5482498355631952E-02   3.1841654474405686E-03   9.5206546878473018E-05
      34   2.8651275590551180E+01       17   4.8340000000000005E-01   1.1331746582800426E-02   2.6479522285139767E-03   7.9173771632567923E-05
      34   2.8651275590551180E+01       18   5.1330000000000009E-01   1.0355583378231861E-02   2.7284569026322252E-03   8.1580861388703559E-05
      34   2.8651275590551180E+01       19   5.4320000000000002E-01   9.7030527293938840E-03   2.8630432853839912E-03   8.5604994232981360E-05
      34   2.8651275590551180E+01       20   5.7310000000000005E-01   9.0632706746920557E-03   2.9767733388029950E-03   8.9005522830209565E-05
      34   2.8651275590551180E+01       21   6.0300000000000009E-01   6.7920655188389639E-03   2.4696561512395176E-03   7.3842718922061587E-05
      34   2.8651275590551180E+01       22   6.3290000000000002E-01   5.5116630127372531E-03   2.2077650194898949E-03   6.6012174082747869E-05
      34   2.8651275590551180E+01       23   6.6280000000000006E-01   4.7009598300569574E-03   2.0651497050297690E-03   6.1747976180390106E-05
      34   2.8651275590551180E+01       24   6.9270000000000009E-01   3.8220377737010879E-03   1.8339409594592690E-03   5.4834834687832155E-05
      34   2.8651275590551180E+01       25   7.2260000000000002E-01   2.7289364506466489E-03   1.4249162416968503E-03   4.2604995626735835E-05
      34   2.8651275590551180E+01       26   7.5250000000000006E-01   3.0991676606132697E-03   1.7549230576201433E-03   5.2472199422842296E-05
      34   2.8651275590551180E+01       27   7.8240000000000010E-01   3.1807526618583418E-03   1.9470969785759455E-03   5.8218199659420782E-05
      34   2.8651275590551180E+01       28   8.1230000000000013E-01   2.5410192549826533E-03   1.6766440129300435E-03   5.0131655986608307E-05
      34   2.8651275590551180E+01       29   8.4220000000000006E-01   2.4943984404238533E-03   1.7692789090873295E-03   5.2901439381711164E-05
      34   2.8651275590551180E+01       30   8.7210000000000010E-01   2.2379627313165390E-03   1.7021013765693644E-03   5.0892831159424008E-05
      34   2.8651275590551180E+01       31   9.0200000000000014E-01   2.0408168450006823E-03   1.6604167483599355E-03   4.9646460775962082E-05
      34   2.8651275590551180E+01       32   9.3190000000000006E-01   2.0564534463586802E-03   1.7859015160319957E-03   5.3398455329356684E-05
      34   2.8651275590551180E+01       33   9.6180000000000010E-01   1.8513782404920769E-03   1.7126345481021381E-03   5.1207772988253937E-05
      34   2.8651275590551180E+01       34   9.9170000000000014E-01   2.0429476991217005E-03   2.0091755059832733E-03   6.0074347628899883E-05
      34   2.8651275590551180E+01       35   1.0216000000000001E+00   1.6903581706566974E-03   1.7641702971371686E-03   5.2748691884401351E-05
      34   2.8651275590551180E+01       36   1.0515000000000001E+00   1.8757917527048541E-03   2.0739733719095659E-03   6.2011803820096029E-05
      34   2.8651275590551180E+01       37   1.0814000000000001E+00   1.7441081912904107E-03   2.0396053959436528E-03   6.0984201338715229E-05
      34   2.8651275590551180E+01       38   1.1113000000000002E+00   1.6886197142465299E-03   2.0854245601857825E-03   6.2354194349554916E-05
      34   2.8651275590551180E+01       39   1.1412000000000002E+00   1.6831194850631902E-03   2.1919895213913143E-03   6.5540486689600309E-05
      34   2.8651275590551180E+01       40   1.1711000000000000E+00   1.6392020339388129E-03   2.2481249537286605E-03   6.7218936116486959E-05
      34   2.8651275590551180E+01       41   1.2010000000000001E+00   1.6041189375518205E-03   2.3137827596436838E-03   6.9182104513346155E-05
      34   2.8651275590551180E+01       42   1.2309000000000001E+00   1.5370318416438170E-03   2.3287797067161223E-03   6.9630513230812066E-05
      34   2.8651275590551180E+01       43   1.2608000000000001E+00   1.5899602404580459E-03   2.5274272551705119E-03   7.5570074929598330E-05
      34   2.8651275590551180E+01       44   1.2907000000000002E+00   1.5156100307983349E-03   2.5248645866160469E-03   7.5493451139819814E-05
      34   2.8651275590551180E+01       45   1.3206000000000002E+00   1.4824358630883593E-03   2.5853449599292011E-03   7.7301814301883123E-05
      34   2.8651275590551180E+01       46   1.3505000000000000E+00   1.4318587767249871E-03   2.6114959878945619E-03   7.8083730038047420E-05
      34   2.8651275590551180E+01       47   1.3804000000000001E+00   1.4700868499450631E-03   2.8012566081316139E-03   8.3757572583135275E-05
      34   2.8651275590551180E+01       48   1.4103000000000001E+00   1.3865662158350132E-03   2.7578054535111456E-03   8.2458383059983272E-05
      34   2.8651275590551180E+01       49   1.4402000000000001E+00   1.4131221408588306E-03   2.9310640861628916E-03   8.7638816176270479E-05
      34   2.8651275590551180E+01       50   1.4701000000000002E+00   1.3540496960886984E-03   2.9263640924292161E-03   8.7498286363633579E-05
 
      35   2.9519496062992122E+01        1   5.0000000000000001E-03   3.6262231837845160E-02   9.0655579594612901E-07   2.7106018298789265E-08
      35   2.9519496062992122E+01        2   3.4900000000000000E-02   3.9227346110932461E-02   4.7779299836576850E-05   1.4286010651136480E-06
      35   2.9519496062992122E+01        3   6.4800000000000010E-02   4.9194987652322705E-02   2.0657172095160919E-04   6.1764944564531163E-06
      35   2.9519496062992122E+01        4   9.4700000000000006E-02   6.3658400286508626E-02   5.7089426302543527E-04   1.7069738464460519E-05
      35   2.9519496062992122E+01        5   1.2460000000000002E-01   7.0034067830315558E-02   1.0872901085165023E-03   3.2509974244643425E-05
      35   2.9519496062992122E+01        6   1.5450000000000003E-01   6.5925881537529929E-02   1.5736672737712244E-03   4.7052651485759616E-05
      35   2.9519496062992122E+01        7   1.8440000000000001E-01   6.2255511472813010E-02   2.1168965685941913E-03   6.3295207400966338E-05
      35   2.9519496062992122E+01        8   2.1430000000000002E-01   5.2083902905452381E-02   2.3919266781424189E-03   7.1518607676458336E-05
      35   2.9519496062992122E+01        9   2.4420000000000003E-01   3.6341507445053406E-02   2.1671763720356352E-03   6.4798573523865510E-05
      35   2.9519496062992122E+01       10   2.7410000000000001E-01   3.9520327580871949E-02   2.9691942226162502E-03   8.8778907256225898E-05
      35   2.9519496062992122E+01       11   3.0400000000000005E-01   4.5766843414010570E-02   4.2295886009492021E-03   1.2646469916838116E-04
      35   2.9519496062992122E+01       12   3.3390000000000003E-01   3.4960924704672686E-02   3.8977658761934417E-03   1.1654319969818393E-04
      35   2.9519496062992122E+01       13   3.6380000000000001E-01   2.9860911486814228E-02   3.9521047740809180E-03   1.1816793274501947E-04
      35   2.9519496062992122E+01       14   3.9370000000000005E-01   2.5933818920997338E-02   4.0197338932707232E-03   1.2019004340879465E-04
      35   2.9519496062992122E+01       15   4.2360000000000003E-01   1.8265741330547682E-02   3.2775490964998318E-03   9.7998717985344998E-05
      35   2.9519496062992122E+01       16   4.5350000000000007E-01   1.5304562206420427E-02   3.1475706986373907E-03   9.4112363889257996E-05
      35   2.9519496062992122E+01       17   4.8340000000000005E-01   1.1370822078856336E-02   2.6570832169371191E-03   7.9446788186419883E-05
      35   2.9519496062992122E+01       18   5.1330000000000009E-01   1.0505640485917549E-02   2.7679934826876453E-03   8.2763005132360608E-05
      35   2.9519496062992122E+01       19   5.4320000000000002E-01   9.5781014192314624E-03   2.8261743721112917E-03   8.4502613726127642E-05
      35   2.9519496062992122E+01       20   5.7310000000000005E-01   8.9965572356217761E-03   2.9548617360392374E-03   8.8350365907573222E-05
      35   2.9519496062992122E+01       21   6.0300000000000009E-01   6.9099772600565712E-03   2.5125299215519106E-03   7.5124644654402147E-05
      35   2.9519496062992122E+01       22   6.3290000000000002E-01   5.5832190353183545E-03   2.2364276723449952E-03   6.6869187403115378E-05
      35   2.9519496062992122E+01       23   6.6280000000000006E-01   4.7292929622381767E-03   2.0775965587962065E-03   6.2120137108006584E-05
      35   2.9519496062992122E+01       24   6.9270000000000009E-01   3.8528945515311492E-03   1.8487470686842664E-03   5.5277537353659574E-05
      35   2.9519496062992122E+01       25   7.2260000000000002E-01   2.7719417244871499E-03   1.4473714781166761E-03   4.3276407195688623E-05
      35   2.9519496062992122E+01       26   7.5250000000000006E-01   3.1854307608275593E-03   1.8037700772608610E-03   5.3932725310099759E-05
      35   2.9519496062992122E+01       27   7.8240000000000010E-01   3.1605333149240761E-03   1.9347197102027780E-03   5.7848119335063077E-05
      35   2.9519496062992122E+01       28   8.1230000000000013E-01   2.5265612775682653E-03   1.6671041870419171E-03   4.9846415192553329E-05
      35   2.9519496062992122E+01       29   8.4220000000000006E-01   2.5348397655602104E-03   1.7979639749772607E-03   5.3759122851820105E-05
      35   2.9519496062992122E+01       30   8.7210000000000010E-01   2.2057859757304639E-03   1.6776290745018606E-03   5.0161109327605640E-05
      35   2.9519496062992122E+01       31   9.0200000000000014E-01   2.0404380606386802E-03   1.6601085678878732E-03   4.9637246179847421E-05
      35   2.9519496062992122E+01       32   9.3190000000000006E-01   2.0942007204482809E-03   1.8186826685263834E-03   5.4378611788938872E-05
      35   2.9519496062992122E+01       33   9.6180000000000010E-01   1.8365541239461838E-03   1.6989213621165229E-03   5.0797748727284045E-05
      35   2.9519496062992122E+01       34   9.9170000000000014E-01   2.0537167248235672E-03   2.0197665077366696E-03   6.0391018581326438E-05
      35   2.9519496062992122E+01       35   1.0216000000000001E+00   1.7069080757704121E-03   1.7814428796755256E-03   5.3265142102298230E-05
      35   2.9519496062992122E+01       36   1.0515000000000001E+00   1.8400022217609094E-03   2.0344025964949487E-03   6.0828637635198983E-05
      35   2.9519496062992122E+01       37   1.0814000000000001E+00   1.7503144761012626E-03   2.0468631865166167E-03   6.1201209276846855E-05
      35   2.9519496062992122E+01       38   1.1113000000000002E+00   1.6509813795981541E-03   2.0389416802229377E-03   6.0964356238665853E-05
      35   2.9519496062992122E+01       39   1.1412000000000002E+00   1.6684582266367979E-03   2.1728956156251080E-03   6.4969578907190747E-05
      35   2.9519496062992122E+01       40   1.1711000000000000E+00   1.6212162592458633E-03   2.2234579096046350E-03   6.6481391497178605E-05
      35   2.9519496062992122E+01       41   1.2010000000000001E+00   1.5755921604070006E-03   2.2726357077632185E-03   6.7951807662120249E-05
      35   2.9519496062992122E+01       42   1.2309000000000001E+00   1.5314346098329972E-03   2.3202992579045459E-03   6.9376947811345936E-05
      35   2.9519496062992122E+01       43   1.2608000000000001E+00   1.5651004808235917E-03   2.4879097675891831E-03   7.4388502050916594E-05
      35   2.9519496062992122E+01       44   1.2907000000000002E+00   1.5127717023527593E-03   2.5201361968378105E-03   7.5352072285450554E-05
      35   2.9519496062992122E+01       45   1.3206000000000002E+00   1.4588329871638368E-03   2.5441819134658129E-03   7.6071039212627825E-05
      35   2.9519496062992122E+01       46   1.3505000000000000E+00   1.4166326140242769E-03   2.5837257472463310E-03   7.7253399842665312E-05
      35   2.9519496062992122E+01       47   1.3804000000000001E+00   1.4416540065758723E-03   2.7470777068109922E-03   8.2137623433648689E-05
      35   2.9519496062992122E+01       48   1.4103000000000001E+00   1.3620824244348689E-03   2.7091085123374533E-03   8.1002344518889865E-05
      35   2.9519496062992122E+01       49   1.4402000000000001E+00   1.3991525473157737E-03   2.9020886899473446E-03   8.6772451829425628E-05
      35   2.9519496062992122E+01       50   1.4701000000000002E+00   1.3381606288592790E-03   2.8920247355085074E-03   8.6471539591704386E-05
 
      36   3.0387716535433068E+01        1   5.0000000000000001E-03   3.1706694930827006E-02   7.9266737327067517E-07   2.3700754460793192E-08
      36   3.0387716535433068E+01        2   3.4900000000000000E-02   3.3962395088655693E-02   4.1366536841933520E-05   1.2368594515738125E-06
      36   3.0387716535433068E+01        3   6.4800000000000010E-02   4.3152410872014359E-02   1.8119869934802321E-04   5.4178411105058950E-06
      36   3.0387716535433068E+01        4   9.4700000000000006E-02   5.8108736902711490E-02   5.2112438232983802E-04   1.5581619031662161E-05
      36   3.0387716535433068E+01        5   1.2460000000000002E-01   6.5869784882097202E-02   1.0226389494601405E-03   3.0576904588858206E-05
      36   3.0387716535433068E+01        6   1.5450000000000003E-01   6.2838910657048538E-02   1.4999805071114136E-03   4.4849417162631272E-05
      36   3.0387716535433068E+01        7   1.8440000000000001E-01   6.0125746010710579E-02   2.0444773868707558E-03   6.1129873867435611E-05
      36   3.0387716535433068E+01        8   2.1430000000000002E-01   5.1128686836898335E-02   2.3480588673542697E-03   7.0206960133892678E-05
      36   3.0387716535433068E+01        9   2.4420000000000003E-01   3.6029531736190910E-02   2.1485721249245842E-03   6.4242306535245076E-05
      36   3.0387716535433068E+01       10   2.7410000000000001E-01   3.9132406304263512E-02   2.9400493828884242E-03   8.7907476548363905E-05
      36   3.0387716535433068E+01       11   3.0400000000000005E-01   4.5118304511346782E-02   4.1696532297206251E-03   1.2467263156864671E-04
      36   3.0387716535433068E+01       12   3.3390000000000003E-01   3.4198939275050334E-02   3.8128127226133351E-03   1.1400310040613874E-04
      36   3.0387716535433068E+01       13   3.6380000000000001E-01   2.9154756646451955E-02   3.8586448702508411E-03   1.1537348162050018E-04
      36   3.0387716535433068E+01       14   3.9370000000000005E-01   2.5378585525826010E-02   3.9336728891415200E-03   1.1761681938533147E-04
      36   3.0387716535433068E+01       15   4.2360000000000003E-01   1.7910632961457004E-02   3.2138295302796423E-03   9.6093502955361322E-05
      36   3.0387716535433068E+01       16   4.5350000000000007E-01   1.4882849344636975E-02   3.0608402826290669E-03   9.1519124450609122E-05
      36   3.0387716535433068E+01       17   4.8340000000000005E-01   1.1067908481320218E-02   2.5862997124012519E-03   7.7330361400797452E-05
      36   3.0387716535433068E+01       18   5.1330000000000009E-01   1.0450889059909358E-02   2.7535677472399424E-03   8.2331675642474295E-05
      36   3.0387716535433068E+01       19   5.4320000000000002E-01   9.4090358918526209E-03   2.7762888426339999E-03   8.3011036394756615E-05
      36   3.0387716535433068E+01       20   5.7310000000000005E-01   8.7403668889106476E-03   2.8707176537182827E-03   8.5834457846176667E-05
      36   3.0387716535433068E+01       21   6.0300000000000009E-01   6.8601135712598304E-03   2.4943990355322165E-03   7.4582531162413287E-05
      36   3.0387716535433068E+01       22   6.3290000000000002E-01   5.6176207779662819E-03   2.2502077172882489E-03   6.7281210746918663E-05
      36   3.0387716535433068E+01       23   6.6280000000000006E-01   4.6915740508407409E-03   2.0610264961786928E-03   6.1624692235742935E-05
      36   3.0387716535433068E+01       24   6.9270000000000009E-01   3.8183172974488606E-03   1.8321557510987958E-03   5.4781456957854005E-05
      36   3.0387716535433068E+01       25   7.2260000000000002E-01   2.7586119485593437E-03   1.4404113254853424E-03   4.3068298632011747E-05
      36   3.0387716535433068E+01       26   7.5250000000000006E-01   3.2308210279253183E-03   1.8294725996941365E-03   5.4701230730854694E-05
      36   3.0387716535433068E+01       27   7.8240000000000010E-01   3.1568482114380731E-03   1.9324638749882461E-03   5.7780669862148571E-05
      36   3.0387716535433068E+01       28   8.1230000000000013E-01   2.4681340179486429E-03   1.6285520529559366E-03   4.8693706383382515E-05
      36   3.0387716535433068E+01       29   8.4220000000000006E-01   2.5597282091974470E-03   1.8156173689554452E-03   5.4286959331767821E-05
      36   3.0387716535433068E+01       30   8.7210000000000010E-01   2.1744166912271690E-03   1.6537709013571969E-03   4.9447749950580196E-05
      36   3.0387716535433068E+01       31   9.0200000000000014E-01   1.9972946630086395E-03   1.6250069270024815E-03   4.8587707117374211E-05
      36   3.0387716535433068E+01       32   9.3190000000000006E-01   2.1177217866054825E-03   1.8391092470045954E-03   5.4989366485437414E-05
      36   3.0387716535433068E+01       33   9.6180000000000010E-01   1.8117453259271746E-03   1.6759717542757448E-03   5.0111555452844779E-05
      36   3.0387716535433068E+01       34   9.9170000000000014E-01   2.0417026596469354E-03   2.0079510483930201E-03   6.0037736346951310E-05
      36   3.0387716535433068E+01       35   1.0216000000000001E+00   1.7287260555323802E-03   1.8042135755598485E-03   5.3945985909239481E-05
      36   3.0387716535433068E+01       36   1.0515000000000001E+00   1.8001625172180994E-03   1.9903537375278555E-03   5.9511576752082894E-05
      36   3.0387716535433068E+01       37   1.0814000000000001E+00   1.7480933465339017E-03   2.0442657399400211E-03   6.1123545624206641E-05
      36   3.0387716535433068E+01       38   1.1113000000000002E+00   1.6266726774709730E-03   2.0089207323359926E-03   6.0066729896846194E-05
      36   3.0387716535433068E+01       39   1.1412000000000002E+00   1.6420011262622165E-03   2.1384395432534529E-03   6.3939342343278250E-05
      36   3.0387716535433068E+01       40   1.1711000000000000E+00   1.6168659899559721E-03   2.2174916231167247E-03   6.6302999531190078E-05
      36   3.0387716535433068E+01       41   1.2010000000000001E+00   1.5341268052441292E-03   2.2128260380109375E-03   6.6163498536527039E-05
      36   3.0387716535433068E+01       42   1.2309000000000001E+00   1.5277107104112928E-03   2.3146571227397714E-03   6.9208247969919181E-05
      36   3.0387716535433068E+01       43   1.2608000000000001E+00   1.5255072780969959E-03   2.4249717537040928E-03   7.2506655435752385E-05
      36   3.0387716535433068E+01       44   1.2907000000000002E+00   1.5097807244170624E-03   2.5151535072832866E-03   7.5203089867770281E-05
      36   3.0387716535433068E+01       45   1.3206000000000002E+00   1.4255677337849815E-03   2.4861678318416525E-03   7.4336418172065431E-05
      36   3.0387716535433068E+01       46   1.3505000000000000E+00   1.4077536066629741E-03   2.5675317674506669E-03   7.6769199846774962E-05
      36   3.0387716535433068E+01       47   1.3804000000000001E+00   1.4032243875352378E-03   2.6738499078618480E-03   7.9948112245069279E-05
      36   3.0387716535433068E+01       48   1.4103000000000001E+00   1.3365156207263689E-03   2.6582575180676346E-03   7.9481899790222291E-05
      36   3.0387716535433068E+01       49   1.4402000000000001E+00   1.3656249470915473E-03   2.8325465448835554E-03   8.4693141692018331E-05
      36   3.0387716535433068E+01       50   1.4701000000000002E+00   1.3177612192341681E-03   2.8479376536191814E-03   8.5153335843213539E-05
 
      37   3.1255937007874014E+01        1   5.0000000000000001E-03   3.1619805390905989E-02   7.9049513477264971E-07   2.3635804529702232E-08
      37   3.1255937007874014E+01        2   3.4900000000000000E-02   3.3042965921205127E-02   4.0246662921687055E-05   1.2033752213584432E-06
      37   3.1255937007874014E+01        3   6.4800000000000010E-02   4.0841725419762109E-02   1.7149603870659794E-04   5.1277315573272800E-06
      37   3.1255937007874014E+01        4   9.4700000000000006E-02   5.5158427629472248E-02   4.9466574323959382E-04   1.4790505722863859E-05
      37   3.1255937007874014E+01        5   1.2460000000000002E-01   6.3380206688804994E-02   9.8398784967676815E-04   2.9421236705335374E-05
      37   3.1255937007874014E+01        6   1.5450000000000003E-01   6.1132338905312680E-02   1.4592442127545405E-03   4.3631401961360772E-05
      37   3.1255937007874014E+01        7   1.8440000000000001E-01   5.9112458439311816E-02   2.0100222047969582E-03   6.0099663923429067E-05
      37   3.1255937007874014E+01        8   2.1430000000000002E-01   5.0684799238170597E-02   2.3276735557653735E-03   6.9597439317384681E-05
      37   3.1255937007874014E+01        9   2.4420000000000003E-01   3.5819167650437071E-02   2.1360273487658109E-03   6.3867217728097762E-05
      37   3.1255937007874014E+01       10   2.7410000000000001E-01   3.8859151602584747E-02   2.9195195358149902E-03   8.7293634120868220E-05
      37   3.1255937007874014E+01       11   3.0400000000000005E-01   4.4622985407184373E-02   4.1238778193903522E-03   1.2330394679977157E-04
      37   3.1255937007874014E+01       12   3.3390000000000003E-01   3.3487010191079372E-02   3.7334403114653888E-03   1.1162986531281515E-04
      37   3.1255937007874014E+01       13   3.6380000000000001E-01   2.8256396364887516E-02   3.7397464917072638E-03   1.1181842010204722E-04
      37   3.1255937007874014E+01       14   3.9370000000000005E-01   2.4497169054906585E-02   3.7970536093881149E-03   1.1353190292070466E-04
      37   3.1255937007874014E+01       15   4.2360000000000003E-01   1.7279538792589519E-02   3.1005879111443346E-03   9.2707578543215619E-05
      37   3.1255937007874014E+01       16   4.5350000000000007E-01   1.4213975291311996E-02   2.9232781398556315E-03   8.7406016381683400E-05
      37   3.1255937007874014E+01       17   4.8340000000000005E-01   1.0461051134586638E-02   2.4444919820631687E-03   7.3090310263688757E-05
      37   3.1255937007874014E+01       18   5.1330000000000009E-01   1.0107878728704072E-02   2.6631924519361031E-03   7.9629454312889507E-05
      37   3.1255937007874014E+01       19   5.4320000000000002E-01   9.1668204706163749E-03   2.7048192490198046E-03   8.0874095545692179E-05
      37   3.1255937007874014E+01       20   5.7310000000000005E-01   8.3677464018230494E-03   2.7483328357792735E-03   8.2175151789800298E-05
      37   3.1255937007874014E+01       21   6.0300000000000009E-01   6.6166564085743439E-03   2.4058758200653095E-03   7.1935687019952777E-05
      37   3.1255937007874014E+01       22   6.3290000000000002E-01   5.5788057377024452E-03   2.2346598712159197E-03   6.6816330149356006E-05
      37   3.1255937007874014E+01       23   6.6280000000000006E-01   4.6082306944473716E-03   2.0244134396765973E-03   6.0529961846330274E-05
      37   3.1255937007874014E+01       24   6.9270000000000009E-01   3.6926378487635095E-03   1.7718505677507177E-03   5.2978331975746473E-05
      37   3.1255937007874014E+01       25   7.2260000000000002E-01   2.6794717668487183E-03   1.3990882194586012E-03   4.1832737761812181E-05
      37   3.1255937007874014E+01       26   7.5250000000000006E-01   3.2072488025306533E-03   1.8161246797379987E-03   5.4302127924166170E-05
      37   3.1255937007874014E+01       27   7.8240000000000010E-01   3.1472521657095825E-03   1.9265896578986015E-03   5.7605030771168201E-05
      37   3.1255937007874014E+01       28   8.1230000000000013E-01   2.3848948871377177E-03   1.5736282698944851E-03   4.7051485269845114E-05
      37   3.1255937007874014E+01       29   8.4220000000000006E-01   2.5423573138406977E-03   1.8032961782873508E-03   5.3918555730791803E-05
      37   3.1255937007874014E+01       30   8.7210000000000010E-01   2.1525838709203320E-03   1.6371657662588132E-03   4.8951256411138523E-05
      37   3.1255937007874014E+01       31   9.0200000000000014E-01   1.9193514682384670E-03   1.5615920319646901E-03   4.6691601755744244E-05
      37   3.1255937007874014E+01       32   9.3190000000000006E-01   2.1141850768644404E-03   1.8360378352498211E-03   5.4897531273969662E-05
      37   3.1255937007874014E+01       33   9.6180000000000010E-01   1.7786387076472155E-03   1.6453461711307157E-03   4.9195850516808409E-05
      37   3.1255937007874014E+01       34   9.9170000000000014E-01   1.9948097977945264E-03   1.9618333775981078E-03   5.8658817990183434E-05
      37   3.1255937007874014E+01       35   1.0216000000000001E+00   1.7399326431152993E-03   1.8159095162718524E-03   5.4295694536528402E-05
      37   3.1255937007874014E+01       36   1.0515000000000001E+00   1.7600174142501264E-03   1.9459672141048346E-03   5.8184419701734566E-05
      37   3.1255937007874014E+01       37   1.0814000000000001E+00   1.7267616420206875E-03   2.0193198909112193E-03   6.0377664738245468E-05
      37   3.1255937007874014E+01       38   1.1113000000000002E+00   1.6160428651750258E-03   1.9957930450034871E-03   5.9674212045604279E-05
      37   3.1255937007874014E+01       39   1.1412000000000002E+00   1.6082588763201278E-03   2.0944957478440328E-03   6.2625422860536589E-05
      37   3.1255937007874014E+01       40   1.1711000000000000E+00   1.6230350866882550E-03   2.2259523863531428E-03   6.6555976351958987E-05
      37   3.1255937007874014E+01       41   1.2010000000000001E+00   1.4933464990396854E-03   2.1540044835613417E-03   6.4404734058484138E-05
      37   3.1255937007874014E+01       42   1.2309000000000001E+00   1.5225284149658679E-03   2.3068053501606126E-03   6.8973479969802338E-05
      37   3.1255937007874014E+01       43   1.2608000000000001E+00   1.4852703142034902E-03   2.3610104063558970E-03   7.0594211150041335E-05
      37   3.1255937007874014E+01       44   1.2907000000000002E+00   1.5015043652219593E-03   2.5013658667865932E-03   7.4790839416919146E-05
      37   3.1255937007874014E+01       45   1.3206000000000002E+00   1.3944767488976296E-03   2.4319456404611143E-03   7.2715174649787333E-05
      37   3.1255937007874014E+01       46   1.3505000000000000E+00   1.4046462312038432E-03   2.5618643799426872E-03   7.6599744960286360E-05
      37   3.1255937007874014E+01       47   1.3804000000000001E+00   1.3738376068590703E-03   2.6178532750344035E-03   7.8273812923528678E-05
      37   3.1255937007874014E+01       48   1.4103000000000001E+00   1.3229425066372607E-03   2.6312613258709788E-03   7.8674713643542290E-05
      37   3.1255937007874014E+01       49   1.4402000000000001E+00   1.3277556435412473E-03   2.7539989428080362E-03   8.2344568389960298E-05
      37   3.1255937007874014E+01       50   1.4701000000000002E+00   1.3010134632080411E-03   2.8117425036145744E-03   8.4071100858075799E-05
 
      38   3.2124157480314963E+01        1   5.0000000000000001E-03   3.4684106992690450E-02   8.6710267481726132E-07   2.5926369977036118E-08
      38   3.2124157480314963E+01        2   3.4900000000000000E-02   3.5556737212233021E-02   4.3308461491871945E-05   1.2949229986069714E-06
      38   3.2124157480314963E+01        3   6.4800000000000010E-02   4.2096058809049729E-02   1.7676303478155221E-04   5.2852147399684119E-06
      38   3.2124157480314963E+01        4   9.4700000000000006E-02   5.5068500198648770E-02   4.9385926594650009E-04   1.4766392051800355E-05
      38   3.2124157480314963E+01        5   1.2460000000000002E-01   6.2682812888692777E-02   9.7316069934701784E-04   2.9097504910475838E-05
      38   3.2124157480314963E+01        6   1.5450000000000003E-01   6.0753449778551155E-02   1.4502000345764613E-03   4.3360981033836203E-05
      38   3.2124157480314963E+01        7   1.8440000000000001E-01   5.9265344401974542E-02   2.0152208412243253E-03   6.0255103152607338E-05
      38   3.2124157480314963E+01        8   2.1430000000000002E-01   5.0873383493963219E-02   2.3363341915346790E-03   6.9856392326886910E-05
      38   3.2124157480314963E+01        9   2.4420000000000003E-01   3.5693410413484443E-02   2.1285279869699830E-03   6.3642986810402501E-05
      38   3.2124157480314963E+01       10   2.7410000000000001E-01   3.8549598072987384E-02   2.8962625283979818E-03   8.6598249599099676E-05
      38   3.2124157480314963E+01       11   3.0400000000000005E-01   4.4219067062723320E-02   4.0865493016686398E-03   1.2218782411989237E-04
      38   3.2124157480314963E+01       12   3.3390000000000003E-01   3.2884662818677933E-02   3.6662850787707768E-03   1.0962192385524625E-04
      38   3.2124157480314963E+01       13   3.6380000000000001E-01   2.7256987197961918E-02   3.6074742487246271E-03   1.0786348003686637E-04
      38   3.2124157480314963E+01       14   3.9370000000000005E-01   2.3389309452070309E-02   3.6253357143849691E-03   1.0839753786011060E-04
      38   3.2124157480314963E+01       15   4.2360000000000003E-01   1.6413538845081243E-02   2.9451955132032896E-03   8.8061345844778376E-05
      38   3.2124157480314963E+01       16   4.5350000000000007E-01   1.3361493336358285E-02   2.7479547829154529E-03   8.2163848009172058E-05
      38   3.2124157480314963E+01       17   4.8340000000000005E-01   9.6826089820592955E-03   2.2625890761437365E-03   6.7651413376697733E-05
      38   3.2124157480314963E+01       18   5.1330000000000009E-01   9.5314990316973849E-03   2.5113297219096389E-03   7.5088758685098222E-05
      38   3.2124157480314963E+01       19   5.4320000000000002E-01   8.8347562727694711E-03   2.6068383147225026E-03   7.7944465610202843E-05
      38   3.2124157480314963E+01       20   5.7310000000000005E-01   7.9601956619937721E-03   2.6144753995315747E-03   7.8172814445994095E-05
      38   3.2124157480314963E+01       21   6.0300000000000009E-01   6.2292086222215095E-03   2.2649963179173418E-03   6.7723389905728528E-05
      38   3.2124157480314963E+01       22   6.3290000000000002E-01   5.4241392082445715E-03   2.1727062734299375E-03   6.4963917575555150E-05
      38   3.2124157480314963E+01       23   6.6280000000000006E-01   4.4979444680094596E-03   1.9759642769033130E-03   5.9081331879409072E-05
      38   3.2124157480314963E+01       24   6.9270000000000009E-01   3.4926969539027367E-03   1.6759122703641290E-03   5.0109776883887466E-05
      38   3.2124157480314963E+01       25   7.2260000000000002E-01   2.5342936710140347E-03   1.3232833663831683E-03   3.9566172654856741E-05
      38   3.2124157480314963E+01       26   7.5250000000000006E-01   3.1208153971385507E-03   1.7671812237259369E-03   5.2838718589405527E-05
      38   3.2124157480314963E+01       27   7.8240000000000010E-01   3.0989238851255895E-03   1.8970055125378975E-03   5.6720464824883146E-05
      38   3.2124157480314963E+01       28   8.1230000000000013E-01   2.2881204829182005E-03   1.5097734899193395E-03   4.5142227348588261E-05
      38   3.2124157480314963E+01       29   8.4220000000000006E-01   2.4712045702685904E-03   1.7528274775033506E-03   5.2409541577350199E-05
      38   3.2124157480314963E+01       30   8.7210000000000010E-01   2.1289695407893617E-03   1.6192056888811874E-03   4.8414250097547518E-05
      38   3.2124157480314963E+01       31   9.0200000000000014E-01   1.8270349042558540E-03   1.4864829062421802E-03   4.4445838896641198E-05
      38   3.2124157480314963E+01       32   9.3190000000000006E-01   2.0728197219048823E-03   1.8001146052519408E-03   5.3823426697033043E-05
      38   3.2124157480314963E+01       33   9.6180000000000010E-01   1.7467637303254532E-03   1.6158599288344289E-03   4.8314211872149435E-05
      38   3.2124157480314963E+01       34   9.9170000000000014E-01   1.9121556730353861E-03   1.8805456172673147E-03   5.6228313956292724E-05
      38   3.2124157480314963E+01       35   1.0216000000000001E+00   1.7231869507364588E-03   1.7984325971120096E-03   5.3773134653649100E-05
      38   3.2124157480314963E+01       36   1.0515000000000001E+00   1.7193441169235924E-03   1.9009966914008331E-03   5.6839801072884922E-05
      38   3.2124157480314963E+01       37   1.0814000000000001E+00   1.6771249813262760E-03   1.9612734913274630E-03   5.8642077390691158E-05
      38   3.2124157480314963E+01       38   1.1113000000000002E+00   1.6062863466054268E-03   1.9837438646727757E-03   5.9313941553716009E-05
      38   3.2124157480314963E+01       39   1.1412000000000002E+00   1.5643273342204108E-03   2.0372820557706351E-03   6.0914733467542005E-05
      38   3.2124157480314963E+01       40   1.1711000000000000E+00   1.6254663661440689E-03   2.2292868258553741E-03   6.6655676093075694E-05
      38   3.2124157480314963E+01       41   1.2010000000000001E+00   1.4596682510669041E-03   2.1054269450071542E-03   6.2952265655713928E-05
      38   3.2124157480314963E+01       42   1.2309000000000001E+00   1.5096338999221470E-03   2.2872686794501032E-03   6.8389333515558106E-05
      38   3.2124157480314963E+01       43   1.2608000000000001E+00   1.4559285477387524E-03   2.3143682461365558E-03   6.9199610559483030E-05
      38   3.2124157480314963E+01       44   1.2907000000000002E+00   1.4821679678263565E-03   2.4691532368720393E-03   7.3827681782473993E-05
      38   3.2124157480314963E+01       45   1.3206000000000002E+00   1.3719829894381554E-03   2.3927168757661892E-03   7.1542234585409068E-05
      38   3.2124157480314963E+01       46   1.3505000000000000E+00   1.3957836232232901E-03   2.5457003101617033E-03   7.6116439273834946E-05
      38   3.2124157480314963E+01       47   1.3804000000000001E+00   1.3603788497641562E-03   2.5922075574016149E-03   7.7507005966308300E-05
      38   3.2124157480314963E+01       48   1.4103000000000001E+00   1.3213065734664542E-03   2.6280075429874019E-03   7.8577425535323331E-05
      38   3.2124157480314963E+01       49   1.4402000000000001E+00   1.3028504903252688E-03   2.7023412707349245E-03   8.0800003994974259E-05
      38   3.2124157480314963E+01       50   1.4701000000000002E+00   1.2905224875675455E-03   2.7890694699012793E-03   8.3393177150048272E-05
 
      39   3.2992377952755909E+01        1   5.0000000000000001E-03   3.9241152680834890E-02   9.8102881702087220E-07   2.9332761628924086E-08
      39   3.2992377952755909E+01        2   3.4900000000000000E-02   4.0010245228351157E-02   4.8732878790583997E-05   1.4571130758384619E-06
      39   3.2992377952755909E+01        3   6.4800000000000010E-02   4.5954161122665364E-02   1.9296336072051681E-04   5.7696044855434537E-06
      39   3.2992377952755909E+01        4   9.4700000000000006E-02   5.7525893949468880E-02   5.1589739426929242E-04   1.5425332088651848E-05
      39   3.2992377952755909E+01        5   1.2460000000000002E-01   6.3696964784764915E-02   9.8890556979784106E-04   2.9568276536955453E-05
      39   3.2992377952755909E+01        6   1.5450000000000003E-01   6.1443098878423641E-02   1.4666621310026925E-03   4.3853197716980512E-05
      39   3.2992377952755909E+01        7   1.8440000000000001E-01   6.0276200602039823E-02   2.0495933485033769E-03   6.1282841120250978E-05
      39   3.2992377952755909E+01        8   2.1430000000000002E-01   5.1662674469653377E-02   2.3725819770548523E-03   7.0940201113940099E-05
      39   3.2992377952755909E+01        9   2.4420000000000003E-01   3.5764273014375174E-02   2.1327537818009645E-03   6.3769338075848856E-05
      39   3.2992377952755909E+01       10   2.7410000000000001E-01   3.8179305474280958E-02   2.8684421455201629E-03   8.5766420151052884E-05
      39   3.2992377952755909E+01       11   3.0400000000000005E-01   4.3851843172531005E-02   4.0526119386326267E-03   1.2117309696511557E-04
      39   3.2992377952755909E+01       12   3.3390000000000003E-01   3.2457931458025308E-02   3.6187091364893904E-03   1.0819940318103280E-04
      39   3.2992377952755909E+01       13   3.6380000000000001E-01   2.6326422193678929E-02   3.4843135609591716E-03   1.0418097547267926E-04
      39   3.2992377952755909E+01       14   3.9370000000000005E-01   2.2239698266981182E-02   3.4471463370756216E-03   1.0306967547856110E-04
      39   3.2992377952755909E+01       15   4.2360000000000003E-01   1.5441561879025886E-02   2.7707869212242934E-03   8.2846528944606390E-05
      39   3.2992377952755909E+01       16   4.5350000000000007E-01   1.2455620307709372E-02   2.5616508976292027E-03   7.6593361839113173E-05
      39   3.2992377952755909E+01       17   4.8340000000000005E-01   8.9027243316374630E-03   2.0803490937210106E-03   6.2202437902258236E-05
      39   3.2992377952755909E+01       18   5.1330000000000009E-01   8.8716766818824049E-03   2.3374817812278959E-03   6.9890705258714110E-05
      39   3.2992377952755909E+01       19   5.4320000000000002E-01   8.4422461500566794E-03   2.4910218286517006E-03   7.4481552676685864E-05
      39   3.2992377952755909E+01       20   5.7310000000000005E-01   7.5791880313674882E-03   2.4893358778911314E-03   7.4431142748944846E-05
      39   3.2992377952755909E+01       21   6.0300000000000009E-01   5.8052840195325075E-03   2.1108535170581964E-03   6.3114520160040087E-05
      39   3.2992377952755909E+01       22   6.3290000000000002E-01   5.1571387361158613E-03   2.0657559208429235E-03   6.1766102033203424E-05
      39   3.2992377952755909E+01       23   6.6280000000000006E-01   4.3665523042630142E-03   1.9182431948235907E-03   5.7355471525225375E-05
      39   3.2992377952755909E+01       24   6.9270000000000009E-01   3.2764031893152668E-03   1.5721273216956378E-03   4.7006606918699580E-05
      39   3.2992377952755909E+01       25   7.2260000000000002E-01   2.3444815008293674E-03   1.2241727974639949E-03   3.6602766644173457E-05
      39   3.2992377952755909E+01       26   7.5250000000000006E-01   3.0011156870875218E-03   1.6994005147863540E-03   5.0812075392111994E-05
      39   3.2992377952755909E+01       27   7.8240000000000010E-01   3.0115411132291825E-03   1.8435141696933773E-03   5.5121073673831992E-05
      39   3.2992377952755909E+01       28   8.1230000000000013E-01   2.1839711696483599E-03   1.4410525141918865E-03   4.3087470174337414E-05
      39   3.2992377952755909E+01       29   8.4220000000000006E-01   2.3653770902967177E-03   1.6777639570642181E-03   5.0165142316220134E-05
      39   3.2992377952755909E+01       30   8.7210000000000010E-01   2.0902312298730998E-03   1.5897429407246296E-03   4.7533313927666435E-05
      39   3.2992377952755909E+01       31   9.0200000000000014E-01   1.7429388950261414E-03   1.4180620567488492E-03   4.2400055496790601E-05
      39   3.2992377952755909E+01       32   9.3190000000000006E-01   1.9954163531663263E-03   1.7328946086986804E-03   5.1813548800090557E-05
      39   3.2992377952755909E+01       33   9.6180000000000010E-01   1.7219420350013251E-03   1.5928983902223795E-03   4.7627661867649158E-05
      39   3.2992377952755909E+01       34   9.9170000000000014E-01   1.8150229573565659E-03   1.7850186131959796E-03   5.3372056534559806E-05
      39   3.2992377952755909E+01       35   1.0216000000000001E+00   1.6723392454365323E-03   1.7453645474377415E-03   5.2186399968388485E-05
      39   3.2992377952755909E+01       36   1.0515000000000001E+00   1.6815322286668837E-03   1.8591898920730548E-03   5.5589777772984349E-05
      39   3.2992377952755909E+01       37   1.0814000000000001E+00   1.6041510016389436E-03   1.8759358250765837E-03   5.6090481169789864E-05
      39   3.2992377952755909E+01       38   1.1113000000000002E+00   1.5864514681576314E-03   1.9592480339571021E-03   5.8581516215317366E-05
      39   3.2992377952755909E+01       39   1.1412000000000002E+00   1.5105066534983702E-03   1.9671893682200355E-03   5.8818962109779071E-05
      39   3.2992377952755909E+01       40   1.1711000000000000E+00   1.6093170674457500E-03   2.2071384630317444E-03   6.5993440044649174E-05
      39   3.2992377952755909E+01       41   1.2010000000000001E+00   1.4332556617531968E-03   2.0673293997684732E-03   6.1813149053077361E-05
      39   3.2992377952755909E+01       42   1.2309000000000001E+00   1.4820703898443073E-03   2.2455067971155840E-03   6.7140653233755971E-05
      39   3.2992377952755909E+01       43   1.2608000000000001E+00   1.4397871470485848E-03   2.2887096070065577E-03   6.8432417249496088E-05
      39   3.2992377952755909E+01       44   1.2907000000000002E+00   1.4500696519041906E-03   2.4156804440592324E-03   7.2228845277371061E-05
      39   3.2992377952755909E+01       45   1.3206000000000002E+00   1.3580072215080489E-03   2.3683433550770938E-03   7.0813466316805117E-05
      39   3.2992377952755909E+01       46   1.3505000000000000E+00   1.3708197450550241E-03   2.5001699347235421E-03   7.4755081048233918E-05
      39   3.2992377952755909E+01       47   1.3804000000000001E+00   1.3531624373782942E-03   2.5784566535800792E-03   7.7095853942044389E-05
      39   3.2992377952755909E+01       48   1.4103000000000001E+00   1.3149439885363433E-03   2.6153527045683651E-03   7.8199045866594134E-05
      39   3.2992377952755909E+01       49   1.4402000000000001E+00   1.2934850846019728E-03   2.6829157705787854E-03   8.0219181540305696E-05
      39   3.2992377952755909E+01       50   1.4701000000000002E+00   1.2802564240494941E-03   2.7668825149197870E-03   8.2729787196101652E-05
 
      40   3.3860598425196855E+01        1   5.0000000000000001E-03   4.4218496262805343E-02   1.1054624065701337E-06   3.3053325956447005E-08
      40   3.3860598425196855E+01        2   3.4900000000000000E-02   4.5110058140515615E-02   5.4944501915729425E-05   1.6428406072803101E-06
      40   3.3860598425196855E+01        3   6.4800000000000010E-02   5.1008557843070956E-02   2.1418697472536872E-04   6.4041905442885266E-06
      40   3.3860598425196855E+01        4   9.4700000000000006E-02   6.1548165412790727E-02   5.5196948675679451E-04   1.6503887654028160E-05
      40   3.3860598425196855E+01        5   1.2460000000000002E-01   6.6022872787920961E-02   1.0250156636921193E-03   3.0647968344394375E-05
      40   3.3860598425196855E+01        6   1.5450000000000003E-01   6.2895126530351106E-02   1.5013223940611141E-03   4.4889539582427320E-05
      40   3.3860598425196855E+01        7   1.8440000000000001E-01   6.1738136918538952E-02   2.0993040953703711E-03   6.2769192451574108E-05
      40   3.3860598425196855E+01        8   2.1430000000000002E-01   5.2895490163677936E-02   2.4291984090669262E-03   7.2633032431101106E-05
      40   3.3860598425196855E+01        9   2.4420000000000003E-01   3.6180755484795359E-02   2.1575901475083125E-03   6.4511945410498551E-05
      40   3.3860598425196855E+01       10   2.7410000000000001E-01   3.7903938373810245E-02   2.8477535922144465E-03   8.5147832407211969E-05
      40   3.3860598425196855E+01       11   3.0400000000000005E-01   4.3537228875528439E-02   4.0235365437608370E-03   1.2030374265844905E-04
      40   3.3860598425196855E+01       12   3.3390000000000003E-01   3.2203764463282047E-02   3.5903722590373902E-03   1.0735213054521798E-04
      40   3.3860598425196855E+01       13   3.6380000000000001E-01   2.5610373922068573E-02   3.3895442571503019E-03   1.0134737328879404E-04
      40   3.3860598425196855E+01       14   3.9370000000000005E-01   2.1257716968894075E-02   3.2949395402863224E-03   9.8518692254561055E-05
      40   3.3860598425196855E+01       15   4.2360000000000003E-01   1.4514176005967386E-02   2.6043796194157301E-03   7.7870950620530344E-05
      40   3.3860598425196855E+01       16   4.5350000000000007E-01   1.1621274612179815E-02   2.3900574846087790E-03   7.1462718789802514E-05
      40   3.3860598425196855E+01       17   4.8340000000000005E-01   8.2563367046748267E-03   1.9293041030134452E-03   5.7686192680102020E-05
      40   3.3860598425196855E+01       18   5.1330000000000009E-01   8.2794706083362656E-03   2.1814491667308481E-03   6.5225330085252371E-05
      40   3.3860598425196855E+01       19   5.4320000000000002E-01   8.0520512097424727E-03   2.3758884747461630E-03   7.1039065394910294E-05
      40   3.3860598425196855E+01       20   5.7310000000000005E-01   7.2579712863429244E-03   2.3838342905628143E-03   7.1276645287828163E-05
      40   3.3860598425196855E+01       21   6.0300000000000009E-01   5.4496493764085736E-03   1.9815415601065456E-03   5.9248092647185726E-05
      40   3.3860598425196855E+01       22   6.3290000000000002E-01   4.8388040046103949E-03   1.9382429936043910E-03   5.7953465508771306E-05
      40   3.3860598425196855E+01       23   6.6280000000000006E-01   4.2121652224466804E-03   1.8504203569352812E-03   5.5327568672364922E-05
      40   3.3860598425196855E+01       24   6.9270000000000009E-01   3.0959477357874066E-03   1.4855387877309224E-03   4.4417609753154589E-05
      40   3.3860598425196855E+01       25   7.2260000000000002E-01   2.1450999250363797E-03   1.1200655561336887E-03   3.3489960128397303E-05
      40   3.3860598425196855E+01       26   7.5250000000000006E-01   2.8710388122834712E-03   1.6257436714480927E-03   4.8609735776297984E-05
      40   3.3860598425196855E+01       27   7.8240000000000010E-01   2.9188702276162618E-03   1.7867857093064403E-03   5.3424892708262579E-05
      40   3.3860598425196855E+01       28   8.1230000000000013E-01   2.0829107475439199E-03   1.3743696855067693E-03   4.1093653596652408E-05
      40   3.3860598425196855E+01       29   8.4220000000000006E-01   2.2558586371607052E-03   1.6000824262593436E-03   4.7842464545154386E-05
      40   3.3860598425196855E+01       30   8.7210000000000010E-01   2.0381136290041689E-03   1.5501044610747407E-03   4.6348123386134755E-05
      40   3.3860598425196855E+01       31   9.0200000000000014E-01   1.6797094456711269E-03   1.3666183238358119E-03   4.0861887882690785E-05
      40   3.3860598425196855E+01       32   9.3190000000000006E-01   1.8996626524791079E-03   1.6497384937252172E-03   4.9327180962384004E-05
      40   3.3860598425196855E+01       33   9.6180000000000010E-01   1.6986176814552700E-03   1.5713219814575744E-03   4.6982527245581482E-05
      40   3.3860598425196855E+01       34   9.9170000000000014E-01   1.7357110684653276E-03   1.7070178378643102E-03   5.1039833352142885E-05
      40   3.3860598425196855E+01       35   1.0216000000000001E+00   1.5973548066068502E-03   1.6671057961108369E-03   4.9846463303714034E-05
      40   3.3860598425196855E+01       36   1.0515000000000001E+00   1.6540848442941492E-03   1.8288426297847259E-03   5.4682394630563317E-05
      40   3.3860598425196855E+01       37   1.0814000000000001E+00   1.5292245566711083E-03   1.7883148952406857E-03   5.3470615367696511E-05
      40   3.3860598425196855E+01       38   1.1113000000000002E+00   1.5587799957909986E-03   1.9250741062201357E-03   5.7559715775982067E-05
      40   3.3860598425196855E+01       39   1.1412000000000002E+00   1.4600455031715030E-03   1.9014719228838879E-03   5.6854010494228257E-05
      40   3.3860598425196855E+01       40   1.1711000000000000E+00   1.5721721634190259E-03   2.1561951479812627E-03   6.4470234924639771E-05
      40   3.3860598425196855E+01       41   1.2010000000000001E+00   1.4133674011025611E-03   2.0386425527177355E-03   6.0955412326260309E-05
      40   3.3860598425196855E+01       42   1.2309000000000001E+00   1.4398168941728794E-03   2.1814879000495325E-03   6.5226488211481037E-05
      40   3.3860598425196855E+01       43   1.2608000000000001E+00   1.4301848487547747E-03   2.2734456338564741E-03   6.7976024452308587E-05
      40   3.3860598425196855E+01       44   1.2907000000000002E+00   1.4110502501812228E-03   2.3506777694930234E-03   7.0285265307841420E-05
      40   3.3860598425196855E+01       45   1.3206000000000002E+00   1.3479582166664094E-03   2.3508180477997101E-03   7.0289459629211350E-05
      40   3.3860598425196855E+01       46   1.3505000000000000E+00   1.3336061207112947E-03   2.4322978566608251E-03   7.2725705914158690E-05
      40   3.3860598425196855E+01       47   1.3804000000000001E+00   1.3406524401210252E-03   2.5546188017647646E-03   7.6383102172766481E-05
      40   3.3860598425196855E+01       48   1.4103000000000001E+00   1.2903807634027688E-03   2.5664977739811522E-03   7.6738283442036466E-05
      40   3.3860598425196855E+01       49   1.4402000000000001E+00   1.2879657423046237E-03   2.6714676830290650E-03   7.9876883722569060E-05
      40   3.3860598425196855E+01       50   1.4701000000000002E+00   1.2623850170458239E-03   2.7282589371531831E-03   8.1574942220880191E-05
 
      41   3.4728818897637794E+01        1   5.0000000000000001E-03   4.9315454978529322E-02   1.2328863744632330E-06   3.6863302596450672E-08
      41   3.4728818897637794E+01        2   3.4900000000000000E-02   5.0157375976018964E-02   6.1092185512550868E-05   1.8266563468252712E-06
      41   3.4728818897637794E+01        3   6.4800000000000010E-02   5.5986037000785985E-02   2.3508760880778046E-04   7.0291195033526371E-06
      41   3.4728818897637794E+01        4   9.4700000000000006E-02   6.5869390238117886E-02   5.9072261990056275E-04   1.7662606335026829E-05
      41   3.4728818897637794E+01        5   1.2460000000000002E-01   6.8987332301240337E-02   1.0710393719499248E-03   3.2024077221302761E-05
      41   3.4728818897637794E+01        6   1.5450000000000003E-01   6.4843766866118493E-02   1.5478369260359655E-03   4.6280324088475380E-05
      41   3.4728818897637794E+01        7   1.8440000000000001E-01   6.3466944173281928E-02   2.1580893508240081E-03   6.4526871589637850E-05
      41   3.4728818897637794E+01        8   2.1430000000000002E-01   5.4479338054079028E-02   2.5019358156711719E-03   7.4807880888568053E-05
      41   3.4728818897637794E+01        9   2.4420000000000003E-01   3.7031852662272553E-02   2.2083441701950036E-03   6.6029490688830620E-05
      41   3.4728818897637794E+01       10   2.7410000000000001E-01   3.7934546879835523E-02   2.8500532340650156E-03   8.5216591698543981E-05
      41   3.4728818897637794E+01       11   3.0400000000000005E-01   4.3372411489639703E-02   4.0083047802265438E-03   1.1984831292877368E-04
      41   3.4728818897637794E+01       12   3.3390000000000003E-01   3.2074777364035079E-02   3.5759915892421539E-03   1.0692214851834043E-04
      41   3.4728818897637794E+01       13   3.6380000000000001E-01   2.5162007055592801E-02   3.3302027050908121E-03   9.9573060882215302E-05
      41   3.4728818897637794E+01       14   3.9370000000000005E-01   2.0622039475383578E-02   3.1964097258522181E-03   9.5572650802981343E-05
      41   3.4728818897637794E+01       15   4.2360000000000003E-01   1.3789037732051345E-02   2.4742630119645886E-03   7.3980464057741215E-05
      41   3.4728818897637794E+01       16   4.5350000000000007E-01   1.0951562263855187E-02   2.2523229361995525E-03   6.7344455792366629E-05
      41   3.4728818897637794E+01       17   4.8340000000000005E-01   7.8153098685061709E-03   1.8262469100967062E-03   5.4604782611891526E-05
      41   3.4728818897637794E+01       18   5.1330000000000009E-01   7.8634543167952244E-03   2.0718384880462812E-03   6.1947970792583821E-05
      41   3.4728818897637794E+01       19   5.4320000000000002E-01   7.7396545256441405E-03   2.2837107597808003E-03   6.8282951717445949E-05
      41   3.4728818897637794E+01       20   5.7310000000000005E-01   7.0102715715103748E-03   2.3024789020272408E-03   6.8844119170614518E-05
      41   3.4728818897637794E+01       21   6.0300000000000009E-01   5.2154544727876393E-03   1.8963861853958414E-03   5.6701946943335666E-05
      41   3.4728818897637794E+01       22   6.3290000000000002E-01   4.5511021210958560E-03   1.8230004337822681E-03   5.4507712970089825E-05
      41   3.4728818897637794E+01       23   6.6280000000000006E-01   4.0415245161177444E-03   1.7754572393846673E-03   5.3086171457601561E-05
      41   3.4728818897637794E+01       24   6.9270000000000009E-01   2.9658251191022854E-03   1.4231016244634917E-03   4.2550738571458411E-05
      41   3.4728818897637794E+01       25   7.2260000000000002E-01   1.9683092238101259E-03   1.0277541571274674E-03   3.0729849298111280E-05
      41   3.4728818897637794E+01       26   7.5250000000000006E-01   2.7354350258852163E-03   1.5489571798764160E-03   4.6313819678304847E-05
      41   3.4728818897637794E+01       27   7.8240000000000010E-01   2.8512050976066167E-03   1.7453645162106672E-03   5.2186399034698958E-05
      41   3.4728818897637794E+01       28   8.1230000000000013E-01   2.0026303071562007E-03   1.3213981389639726E-03   3.9509804355022791E-05
      41   3.4728818897637794E+01       29   8.4220000000000006E-01   2.1602523046772683E-03   1.5322687743195226E-03   4.5814836352153737E-05
      41   3.4728818897637794E+01       30   8.7210000000000010E-01   1.9856175046642508E-03   1.5101780922156104E-03   4.5154324957246761E-05
      41   3.4728818897637794E+01       31   9.0200000000000014E-01   1.6394761334422897E-03   1.3338843400731810E-03   3.9883141768188122E-05
      41   3.4728818897637794E+01       32   9.3190000000000006E-01   1.8100450164963914E-03   1.5719111681185369E-03   4.7000143926744265E-05
      41   3.4728818897637794E+01       33   9.6180000000000010E-01   1.6680667460875203E-03   1.5430605564049947E-03   4.6137510636509350E-05
      41   3.4728818897637794E+01       34   9.9170000000000014E-01   1.6947716739708757E-03   1.6667552170035794E-03   4.9835980988407036E-05
      41   3.4728818897637794E+01       35   1.0216000000000001E+00   1.5190796991114491E-03   1.5854126839374813E-03   4.7403839249730698E-05
      41   3.4728818897637794E+01       36   1.0515000000000001E+00   1.6396263510295448E-03   1.8128565641751062E-03   5.4204411268835690E-05
      41   3.4728818897637794E+01       37   1.0814000000000001E+00   1.4756376382868935E-03   1.7256489617657837E-03   5.1596903956796947E-05
      41   3.4728818897637794E+01       38   1.1113000000000002E+00   1.5292666854016964E-03   1.8886255311981982E-03   5.6469903382826137E-05
      41   3.4728818897637794E+01       39   1.1412000000000002E+00   1.4294214309589930E-03   1.8615890470762724E-03   5.5661512507580558E-05
      41   3.4728818897637794E+01       40   1.1711000000000000E+00   1.5232868101693990E-03   2.0891500978673068E-03   6.2465587926232484E-05
      41   3.4728818897637794E+01       41   1.2010000000000001E+00   1.3995734525414228E-03   2.0187461475192014E-03   6.0360509810824136E-05
      41   3.4728818897637794E+01       42   1.2309000000000001E+00   1.3916347338552109E-03   2.1084863953744386E-03   6.3043743221695734E-05
      41   3.4728818897637794E+01       43   1.2608000000000001E+00   1.4174240638092596E-03   2.2531608777676213E-03   6.7369510245251891E-05
      41   3.4728818897637794E+01       44   1.2907000000000002E+00   1.3733443422144455E-03   2.2878632526998261E-03   6.8407111255724818E-05
      41   3.4728818897637794E+01       45   1.3206000000000002E+00   1.3344456396430610E-03   2.3272523248076952E-03   6.9584844511750099E-05
      41   3.4728818897637794E+01       46   1.3505000000000000E+00   1.2973669521776096E-03   2.3662030400708714E-03   7.0749470898119065E-05
      41   3.4728818897637794E+01       47   1.3804000000000001E+00   1.3208771302097187E-03   2.5169368664634808E-03   7.5256412307258091E-05
      41   3.4728818897637794E+01       48   1.4103000000000001E+00   1.2537326353641257E-03   2.4936066230128737E-03   7.4558838028084942E-05
      41   3.4728818897637794E+01       49   1.4402000000000001E+00   1.2745420437386956E-03   2.6436245690954346E-03   7.9044374615953517E-05
      41   3.4728818897637794E+01       50   1.4701000000000002E+00   1.2350621808506345E-03   2.6692089872319283E-03   7.9809348718234676E-05
 
      42   3.5597039370078740E+01        1   5.0000000000000001E-03   5.4166327180285134E-02   1.3541581795071285E-06   4.0489329567263148E-08
      42   3.5597039370078740E+01        2   3.4900000000000000E-02   5.4605983725215267E-02   6.6510634237149452E-05   1.9886679636907690E-06
      42   3.5597039370078740E+01        3   6.4800000000000010E-02   5.9959938258923873E-02   2.5177417914675176E-04   7.5280479564878796E-06
      42   3.5597039370078740E+01        4   9.4700000000000006E-02   6.9433940863116411E-02   6.2268983071510581E-04   1.8618425938381669E-05
      42   3.5597039370078740E+01        5   1.2460000000000002E-01   7.1907892190852613E-02   1.1163815315257378E-03   3.3379807792619565E-05
      42   3.5597039370078740E+01        6   1.5450000000000003E-01   6.7100399141359054E-02   1.6017033026040266E-03   4.7890928747860408E-05
      42   3.5597039370078740E+01        7   1.8440000000000001E-01   6.5518204547119679E-02   2.2278390957693474E-03   6.6612388963503501E-05
      42   3.5597039370078740E+01        8   2.1430000000000002E-01   5.6411788849392012E-02   2.5906826328960151E-03   7.7461410723590862E-05
      42   3.5597039370078740E+01        9   2.4420000000000003E-01   3.8285213267289328E-02   2.2830866253047560E-03   6.8264290096612214E-05
      42   3.5597039370078740E+01       10   2.7410000000000001E-01   3.8383695023192235E-02   2.8837980978854015E-03   8.6225563126773519E-05
      42   3.5597039370078740E+01       11   3.0400000000000005E-01   4.3508448019197454E-02   4.0208767321421529E-03   1.2022421429105041E-04
      42   3.5597039370078740E+01       12   3.3390000000000003E-01   3.2101643172287093E-02   3.5789868369801824E-03   1.0701170642570748E-04
      42   3.5597039370078740E+01       13   3.6380000000000001E-01   2.5005594556008578E-02   3.3095014419493403E-03   9.8954093114285300E-05
      42   3.5597039370078740E+01       14   3.9370000000000005E-01   2.0462368564373650E-02   3.1716607841436617E-03   9.4832657445895497E-05
      42   3.5597039370078740E+01       15   4.2360000000000003E-01   1.3441823474696902E-02   2.4119599411562493E-03   7.2117602240571866E-05
      42   3.5597039370078740E+01       16   4.5350000000000007E-01   1.0552290754426298E-02   2.1702078592095108E-03   6.4889214990364387E-05
      42   3.5597039370078740E+01       17   4.8340000000000005E-01   7.6136517665767820E-03   1.7791243401998193E-03   5.3195817771974610E-05
      42   3.5597039370078740E+01       18   5.1330000000000009E-01   7.6925555136893742E-03   2.0268106028992292E-03   6.0601637026686966E-05
      42   3.5597039370078740E+01       19   5.4320000000000002E-01   7.5831695514739983E-03   2.2375373268359194E-03   6.6902366072394001E-05
      42   3.5597039370078740E+01       20   5.7310000000000005E-01   6.8483670864113227E-03   2.2493024084661172E-03   6.7254142013136917E-05
      42   3.5597039370078740E+01       21   6.0300000000000009E-01   5.1009782167404684E-03   1.8547615884107857E-03   5.5457371493482502E-05
      42   3.5597039370078740E+01       22   6.3290000000000002E-01   4.3555496700283984E-03   1.7446694727012802E-03   5.2165617233768287E-05
      42   3.5597039370078740E+01       23   6.6280000000000006E-01   3.8809469734190139E-03   1.7049149082593511E-03   5.0976955756954605E-05
      42   3.5597039370078740E+01       24   6.9270000000000009E-01   2.8782018012433333E-03   1.3810570395745151E-03   4.1293605483278010E-05
      42   3.5597039370078740E+01       25   7.2260000000000002E-01   1.8394710709498845E-03   9.6048121769449623E-04   2.8718388409065444E-05
      42   3.5597039370078740E+01       26   7.5250000000000006E-01   2.5998262323058373E-03   1.4721678529571326E-03   4.4017818803418272E-05
      42   3.5597039370078740E+01       27   7.8240000000000010E-01   2.8125078703530038E-03   1.7216760178347026E-03   5.1478112933257619E-05
      42   3.5597039370078740E+01       28   8.1230000000000013E-01   1.9637927376898816E-03   1.2957718954025466E-03   3.8743579672536153E-05
      42   3.5597039370078740E+01       29   8.4220000000000006E-01   2.0862922034053035E-03   1.4798088123608329E-03   4.4246283489588910E-05
      42   3.5597039370078740E+01       30   8.7210000000000010E-01   1.9448357323903214E-03   1.4791611723379687E-03   4.4226919052905272E-05
      42   3.5597039370078740E+01       31   9.0200000000000014E-01   1.6241923689918466E-03   1.3214494081812426E-03   3.9511337304619160E-05
      42   3.5597039370078740E+01       32   9.3190000000000006E-01   1.7484458458490654E-03   1.5184161315835909E-03   4.5400642334349378E-05
      42   3.5597039370078740E+01       33   9.6180000000000010E-01   1.6331565533001589E-03   1.5107665599968648E-03   4.5171920143906271E-05
      42   3.5597039370078740E+01       34   9.9170000000000014E-01   1.6936998383139002E-03   1.6657010999797514E-03   4.9804462889394579E-05
      42   3.5597039370078740E+01       35   1.0216000000000001E+00   1.4615535144780606E-03   1.5253745287112279E-03   4.5608698408465725E-05
      42   3.5597039370078740E+01       36   1.0515000000000001E+00   1.6348160045614863E-03   1.8075379937794178E-03   5.4045386014004603E-05
      42   3.5597039370078740E+01       37   1.0814000000000001E+00   1.4578965190296580E-03   1.7049020363469165E-03   5.0976570886772813E-05
      42   3.5597039370078740E+01       38   1.1113000000000002E+00   1.5006678280745170E-03   1.8533062944510654E-03   5.5413858204086869E-05
      42   3.5597039370078740E+01       39   1.1412000000000002E+00   1.4264847635601840E-03   1.8577645151739762E-03   5.5547159003701904E-05
      42   3.5597039370078740E+01       40   1.1711000000000000E+00   1.4782170634098125E-03   2.0273380574655562E-03   6.0617407918220143E-05
      42   3.5597039370078740E+01       41   1.2010000000000001E+00   1.3942054874530798E-03   2.0110033893078103E-03   6.0129001340303539E-05
      42   3.5597039370078740E+01       42   1.2309000000000001E+00   1.3539683878568912E-03   2.0514175567138003E-03   6.1337384945742639E-05
      42   3.5597039370078740E+01       43   1.2608000000000001E+00   1.4019980063512268E-03   2.2286393601427365E-03   6.6636316868267834E-05
      42   3.5597039370078740E+01       44   1.2907000000000002E+00   1.3484640756789852E-03   2.2464150552054733E-03   6.7167810150643663E-05
      42   3.5597039370078740E+01       45   1.3206000000000002E+00   1.3178792269546466E-03   2.2983607601777950E-03   6.8720986729316086E-05
      42   3.5597039370078740E+01       46   1.3505000000000000E+00   1.2769883932255083E-03   2.3290356002314415E-03   6.9638164446920111E-05
      42   3.5597039370078740E+01       47   1.3804000000000001E+00   1.3036279373704730E-03   2.4840684577516563E-03   7.4273646886774546E-05
      42   3.5597039370078740E+01       48   1.4103000000000001E+00   1.2280793387678757E-03   2.4425835990521520E-03   7.3033249611659362E-05
      42   3.5597039370078740E+01       49   1.4402000000000001E+00   1.2572133639870576E-03   2.6076818367497538E-03   7.7969686918817656E-05
      42   3.5597039370078740E+01       50   1.4701000000000002E+00   1.2099459880191147E-03   2.6149280217304428E-03   7.8186347849740264E-05
 
      43   3.6465259842519686E+01        1   5.0000000000000001E-03   5.7847996436088560E-02   1.4461999109022141E-06   4.3241377335976208E-08
      43   3.6465259842519686E+01        2   3.4900000000000000E-02   5.7715038023053028E-02   7.0297493462458823E-05   2.1018950545275192E-06
      43   3.6465259842519686E+01        3   6.4800000000000010E-02   6.2341308565004069E-02   2.6177364831679476E-04   7.8270320846721652E-06
      43   3.6465259842519686E+01        4   9.4700000000000006E-02   7.1672085774912644E-02   6.4276171571713643E-04   1.9218575299942384E-05
      43   3.6465259842519686E+01        5   1.2460000000000002E-01   7.4352246590899992E-02   1.1543305246831772E-03   3.4514482688027008E-05
      43   3.6465259842519686E+01        6   1.5450000000000003E-01   6.9554037193952006E-02   1.6602722563289335E-03   4.9642140464235122E-05
      43   3.6465259842519686E+01        7   1.8440000000000001E-01   6.7954543788448868E-02   2.3106828160743909E-03   6.9089416200624300E-05
      43   3.6465259842519686E+01        8   2.1430000000000002E-01   5.8617827665491416E-02   2.6919938404455844E-03   8.0490615829322985E-05
      43   3.6465259842519686E+01        9   2.4420000000000003E-01   3.9774959999472663E-02   2.3719256456229535E-03   7.0920576804126332E-05
      43   3.6465259842519686E+01       10   2.7410000000000001E-01   3.9227975774280659E-02   2.9472295945820832E-03   8.8122164878004310E-05
      43   3.6465259842519686E+01       11   3.0400000000000005E-01   4.4111118181831645E-02   4.0765730978921545E-03   1.2188953562697544E-04
      43   3.6465259842519686E+01       12   3.3390000000000003E-01   3.2449802403304327E-02   3.6178028346005014E-03   1.0817230475455501E-04
      43   3.6465259842519686E+01       13   3.6380000000000001E-01   2.5216062252652174E-02   3.3373569342059067E-03   9.9786972332756638E-05
      43   3.6465259842519686E+01       14   3.9370000000000005E-01   2.0841689885554782E-02   3.2304554713371279E-03   9.6590618592980139E-05
      43   3.6465259842519686E+01       15   4.2360000000000003E-01   1.3615094652642580E-02   2.4430511945824412E-03   7.3047230718015013E-05
      43   3.6465259842519686E+01       16   4.5350000000000007E-01   1.0554160232894625E-02   2.1705923403576334E-03   6.4900710976693255E-05
      43   3.6465259842519686E+01       17   4.8340000000000005E-01   7.6770330891307486E-03   1.7939350062411580E-03   5.3638656686610631E-05
      43   3.6465259842519686E+01       18   5.1330000000000009E-01   7.7873156675710214E-03   2.0517777135398872E-03   6.1348153634842637E-05
      43   3.6465259842519686E+01       19   5.4320000000000002E-01   7.6384362661276973E-03   2.2538446685259391E-03   6.7389955588925590E-05
      43   3.6465259842519686E+01       20   5.7310000000000005E-01   6.7969872603759075E-03   2.2324270329218735E-03   6.6749568284364032E-05
      43   3.6465259842519686E+01       21   6.0300000000000009E-01   5.0783682257061272E-03   1.8465403921807799E-03   5.5211557726205331E-05
      43   3.6465259842519686E+01       22   6.3290000000000002E-01   4.2717157765836278E-03   1.7110887663033597E-03   5.1161554112470467E-05
      43   3.6465259842519686E+01       23   6.6280000000000006E-01   3.7670440885380252E-03   1.6548769335440548E-03   4.9480820312967246E-05
      43   3.6465259842519686E+01       24   6.9270000000000009E-01   2.8315644548481682E-03   1.3586788882168535E-03   4.0624498757683926E-05
      43   3.6465259842519686E+01       25   7.2260000000000002E-01   1.7793170429020425E-03   9.2907174623225411E-04   2.7779245212344404E-05
      43   3.6465259842519686E+01       26   7.5250000000000006E-01   2.4890627760200653E-03   1.4094473535637125E-03   4.2142475871555009E-05
      43   3.6465259842519686E+01       27   7.8240000000000010E-01   2.7919292921195259E-03   1.7090788461079380E-03   5.1101457498627358E-05
      43   3.6465259842519686E+01       28   8.1230000000000013E-01   1.9788549086971977E-03   1.3057103871285045E-03   3.9040740575142293E-05
      43   3.6465259842519686E+01       29   8.4220000000000006E-01   2.0479310166190358E-03   1.4525991903499363E-03   4.3432715791463103E-05
      43   3.6465259842519686E+01       30   8.7210000000000010E-01   1.9217796383021401E-03   1.4616256660774510E-03   4.3702607415715798E-05
      43   3.6465259842519686E+01       31   9.0200000000000014E-01   1.6388079428211379E-03   1.3333406975110495E-03   3.9866886855580388E-05
      43   3.6465259842519686E+01       32   9.3190000000000006E-01   1.7298685948885226E-03   1.5022829481590469E-03   4.4918260149955512E-05
      43   3.6465259842519686E+01       33   9.6180000000000010E-01   1.6087823500276219E-03   1.4882189780419661E-03   4.4497747443454797E-05
      43   3.6465259842519686E+01       34   9.9170000000000014E-01   1.7236209986945126E-03   1.6951276303667842E-03   5.0684316147966860E-05
      43   3.6465259842519686E+01       35   1.0216000000000001E+00   1.4434432909728625E-03   1.5064734940447267E-03   4.5043557471937342E-05
      43   3.6465259842519686E+01       36   1.0515000000000001E+00   1.6384727288713461E-03   1.8115810592402438E-03   5.4166273671283304E-05
      43   3.6465259842519686E+01       37   1.0814000000000001E+00   1.4819645749513460E-03   1.7330478457484701E-03   5.1818130587879266E-05
      43   3.6465259842519686E+01       38   1.1113000000000002E+00   1.4810681563751568E-03   1.8291009411743142E-03   5.4690118141112005E-05
      43   3.6465259842519686E+01       39   1.1412000000000002E+00   1.4501733301284581E-03   1.8886150223157718E-03   5.6469589167241589E-05
      43   3.6465259842519686E+01       40   1.1711000000000000E+00   1.4560744622498707E-03   1.9969700288897784E-03   5.9709403863804385E-05
      43   3.6465259842519686E+01       41   1.2010000000000001E+00   1.4019853387938692E-03   2.0222250546616163E-03   6.0464529134382342E-05
      43   3.6465259842519686E+01       42   1.2309000000000001E+00   1.3462182345136075E-03   2.0396751846036201E-03   6.0986288019648254E-05
      43   3.6465259842519686E+01       43   1.2608000000000001E+00   1.3967186179211855E-03   2.2202471564453192E-03   6.6385389977715060E-05
      43   3.6465259842519686E+01       44   1.2907000000000002E+00   1.3527011584303689E-03   2.2534736388596702E-03   6.7378861801904149E-05
      43   3.6465259842519686E+01       45   1.3206000000000002E+00   1.3112578441013220E-03   2.2868131720400245E-03   6.8375713843996753E-05
      43   3.6465259842519686E+01       46   1.3505000000000000E+00   1.2847900416367880E-03   2.3432646386367662E-03   7.0063612695239321E-05
      43   3.6465259842519686E+01       47   1.3804000000000001E+00   1.3026897764798187E-03   2.4822807882717650E-03   7.4220195569325793E-05
      43   3.6465259842519686E+01       48   1.4103000000000001E+00   1.2349869497145949E-03   2.4563224648358707E-03   7.3444041698592547E-05
      43   3.6465259842519686E+01       49   1.4402000000000001E+00   1.2535181270406340E-03   2.6000172648133592E-03   7.7740516217919455E-05
      43   3.6465259842519686E+01       50   1.4701000000000002E+00   1.2072262336307821E-03   2.6090501048377074E-03   7.8010598134647464E-05
 
      44   3.7333480314960632E+01        1   5.0000000000000001E-03   5.9645321730596328E-02   1.4911330432649082E-06   4.4584877993620763E-08
      44   3.7333480314960632E+01        2   3.4900000000000000E-02   5.9075157672366652E-02   7.1954132796519314E-05   2.1514285706159280E-06
      44   3.7333480314960632E+01        3   6.4800000000000010E-02   6.3106748553194481E-02   2.6498776144480581E-04   7.9231340671996961E-06
      44   3.7333480314960632E+01        4   9.4700000000000006E-02   7.2628848705808879E-02   6.5134205179007761E-04   1.9475127348523324E-05
      44   3.7333480314960632E+01        5   1.2460000000000002E-01   7.6247780112626617E-02   1.1837589858933466E-03   3.5394393678211070E-05
      44   3.7333480314960632E+01        6   1.5450000000000003E-01   7.2141843761629174E-02   1.7220438460510295E-03   5.1489110996925790E-05
      44   3.7333480314960632E+01        7   1.8440000000000001E-01   7.0694470319342617E-02   2.4038495242779223E-03   7.1875100775909887E-05
      44   3.7333480314960632E+01        8   2.1430000000000002E-01   6.0896694341632022E-02   2.7966496303253366E-03   8.3619823946727578E-05
      44   3.7333480314960632E+01        9   2.4420000000000003E-01   4.1277812440072378E-02   2.4615462070387982E-03   7.3600231590460080E-05
      44   3.7333480314960632E+01       10   2.7410000000000001E-01   4.0361789099783399E-02   3.0324139081158979E-03   9.0669175852665365E-05
      44   3.7333480314960632E+01       11   3.0400000000000005E-01   4.5273950244194408E-02   4.1840373857674716E-03   1.2510271783444744E-04
      44   3.7333480314960632E+01       12   3.3390000000000003E-01   3.3301530097753197E-02   3.7127612823897272E-03   1.1101156234345286E-04
      44   3.7333480314960632E+01       13   3.6380000000000001E-01   2.5886502205582321E-02   3.4260899569697910E-03   1.0244008971339677E-04
      44   3.7333480314960632E+01       14   3.9370000000000005E-01   2.1719427078243647E-02   3.3665044641053720E-03   1.0065848347675064E-04
      44   3.7333480314960632E+01       15   4.2360000000000003E-01   1.4316975898679859E-02   2.5689946316523825E-03   7.6812939486406255E-05
      44   3.7333480314960632E+01       16   4.5350000000000007E-01   1.1038157430385010E-02   2.2701322929872003E-03   6.7876955560317300E-05
      44   3.7333480314960632E+01       17   4.8340000000000005E-01   8.0207800970973804E-03   1.8742602808260852E-03   5.6040382396699963E-05
      44   3.7333480314960632E+01       18   5.1330000000000009E-01   8.1037106277135375E-03   2.1351404736499112E-03   6.3840700162132359E-05
      44   3.7333480314960632E+01       19   5.4320000000000002E-01   7.9026395280551633E-03   2.3318021316186118E-03   6.9720883735396511E-05
      44   3.7333480314960632E+01       20   5.7310000000000005E-01   6.8916458497248175E-03   2.2635170417251368E-03   6.7679159547581608E-05
      44   3.7333480314960632E+01       21   6.0300000000000009E-01   5.1297639848634016E-03   1.8652283527721973E-03   5.5770327747888714E-05
      44   3.7333480314960632E+01       22   6.3290000000000002E-01   4.2829569076639450E-03   1.7155915408600174E-03   5.1296187071714529E-05
      44   3.7333480314960632E+01       23   6.6280000000000006E-01   3.7278436682705992E-03   1.6376560383909607E-03   4.8965915547889736E-05
      44   3.7333480314960632E+01       24   6.9270000000000009E-01   2.8375729915481838E-03   1.3615619841497075E-03   4.0710703326076261E-05
      44   3.7333480314960632E+01       25   7.2260000000000002E-01   1.7989962646973666E-03   9.3934726684889128E-04   2.8086483278781856E-05
      44   3.7333480314960632E+01       26   7.5250000000000006E-01   2.4402064257372669E-03   1.3817821398638885E-03   4.1315285981930276E-05
      44   3.7333480314960632E+01       27   7.8240000000000010E-01   2.7858992678020588E-03   1.7053875681692064E-03   5.0991088288259279E-05
      44   3.7333480314960632E+01       28   8.1230000000000013E-01   2.0423061303817451E-03   1.3475774885846955E-03   4.0292566908682405E-05
      44   3.7333480314960632E+01       29   8.4220000000000006E-01   2.0640479880699972E-03   1.4640309717383593E-03   4.3774526054976955E-05
      44   3.7333480314960632E+01       30   8.7210000000000010E-01   1.9208283363447494E-03   1.4609021453733080E-03   4.3680974146661918E-05
      44   3.7333480314960632E+01       31   9.0200000000000014E-01   1.6835087823906811E-03   1.3697094793881880E-03   4.0954313433706826E-05
      44   3.7333480314960632E+01       32   9.3190000000000006E-01   1.7600010052686971E-03   1.5284510666131448E-03   4.5700686891733040E-05
      44   3.7333480314960632E+01       33   9.6180000000000010E-01   1.6084758900603603E-03   1.4879354844175607E-03   4.4489270984085073E-05
      44   3.7333480314960632E+01       34   9.9170000000000014E-01   1.7738687334446146E-03   1.7445447142864815E-03   5.2161886957165812E-05
      44   3.7333480314960632E+01       35   1.0216000000000001E+00   1.4701726237419290E-03   1.5343700048269136E-03   4.5877663144324726E-05
      44   3.7333480314960632E+01       36   1.0515000000000001E+00   1.6531605629674958E-03   1.8278206960562786E-03   5.4651838812082743E-05
      44   3.7333480314960632E+01       37   1.0814000000000001E+00   1.5436653935854984E-03   1.8052023848124999E-03   5.3975551305893756E-05
      44   3.7333480314960632E+01       38   1.1113000000000002E+00   1.4863341990913341E-03   1.8356044391038071E-03   5.4884572729203844E-05
      44   3.7333480314960632E+01       39   1.1412000000000002E+00   1.4930710665229982E-03   1.9444823505136320E-03   5.8140022280357608E-05
      44   3.7333480314960632E+01       40   1.1711000000000000E+00   1.4725634126271331E-03   2.0195842155711140E-03   6.0385568045576321E-05
      44   3.7333480314960632E+01       41   1.2010000000000001E+00   1.4237228865886910E-03   2.0535793153384149E-03   6.1402021528618616E-05
      44   3.7333480314960632E+01       42   1.2309000000000001E+00   1.3788117250882665E-03   2.0890580648828816E-03   6.2462836139998167E-05
      44   3.7333480314960632E+01       43   1.2608000000000001E+00   1.4105287624589713E-03   2.2421999920033886E-03   6.7041779760901326E-05
      44   3.7333480314960632E+01       44   1.2907000000000002E+00   1.3935763759160447E-03   2.3215679289492193E-03   6.9414881075581671E-05
      44   3.7333480314960632E+01       45   1.3206000000000002E+00   1.3260250089794587E-03   2.3125668766290366E-03   6.9145749611208206E-05
      44   3.7333480314960632E+01       46   1.3505000000000000E+00   1.3223878628236523E-03   2.4118374342078841E-03   7.2113939282815744E-05
      44   3.7333480314960632E+01       47   1.3804000000000001E+00   1.3226838350227641E-03   2.5203795500006311E-03   7.5359348545018891E-05
      44   3.7333480314960632E+01       48   1.4103000000000001E+00   1.2751199107148741E-03   2.5361447606974982E-03   7.5830728344855209E-05
      44   3.7333480314960632E+01       49   1.4402000000000001E+00   1.2743148649127013E-03   2.6431533602177620E-03   7.9030285470511102E-05
      44   3.7333480314960632E+01       50   1.4701000000000002E+00   1.2360389193419327E-03   2.6713199086086585E-03   7.9872465267398905E-05
 
      45   3.8201700787401577E+01        1   5.0000000000000001E-03   5.9832246933415698E-02   1.4958061733353924E-06   4.4724604582728245E-08
      45   3.8201700787401577E+01        2   3.4900000000000000E-02   5.9128354796231318E-02   7.2018927425357716E-05   2.1533659300181963E-06
      45   3.8201700787401577E+01        3   6.4800000000000010E-02   6.2948263596380893E-02   2.6432227677174728E-04   7.9032360754752461E-06
      45   3.8201700787401577E+01        4   9.4700000000000006E-02   7.2947900331478271E-02   6.5420333548372707E-04   1.9560679730963443E-05
      45   3.8201700787401577E+01        5   1.2460000000000002E-01   7.7865567249462767E-02   1.2088753900386696E-03   3.6145374162156228E-05
      45   3.8201700787401577E+01        6   1.5450000000000003E-01   7.4830505051705007E-02   1.7862228632104622E-03   5.3408063609992830E-05
      45   3.8201700787401577E+01        7   1.8440000000000001E-01   7.3551854732821914E-02   2.5010101951478477E-03   7.4780204834920658E-05
      45   3.8201700787401577E+01        8   2.1430000000000002E-01   6.3045109131646640E-02   2.8953144838652152E-03   8.6569903067569947E-05
      45   3.8201700787401577E+01        9   2.4420000000000003E-01   4.2645143822981742E-02   2.5430851544879177E-03   7.6038246119188756E-05
      45   3.8201700787401577E+01       10   2.7410000000000001E-01   4.1669665615749571E-02   3.1306757301404141E-03   9.3607204331198405E-05
      45   3.8201700787401577E+01       11   3.0400000000000005E-01   4.6913986629058421E-02   4.3356029883110641E-03   1.2963452935050085E-04
      45   3.8201700787401577E+01       12   3.3390000000000003E-01   3.4662979058546248E-02   3.8645481514838656E-03   1.1554998972936761E-04
      45   3.8201700787401577E+01       13   3.6380000000000001E-01   2.7030722194254161E-02   3.5775279759273043E-03   1.0696808648022642E-04
      45   3.8201700787401577E+01       14   3.9370000000000005E-01   2.2957491224043114E-02   3.5584040229044043E-03   1.0639628028484171E-04
      45   3.8201700787401577E+01       15   4.2360000000000003E-01   1.5388814960320952E-02   2.7613221744825127E-03   8.2563533017027151E-05
      45   3.8201700787401577E+01       16   4.5350000000000007E-01   1.1952006555184379E-02   2.4580765601539692E-03   7.3496489148603691E-05
      45   3.8201700787401577E+01       17   4.8340000000000005E-01   8.6310082449478805E-03   2.0168556850028137E-03   6.0303984981584145E-05
      45   3.8201700787401577E+01       18   5.1330000000000009E-01   8.5594078442612111E-03   2.2552061590475491E-03   6.7430664155521727E-05
      45   3.8201700787401577E+01       19   5.4320000000000002E-01   8.3079547796829183E-03   2.4513969789310675E-03   7.3296769670038936E-05
      45   3.8201700787401577E+01       20   5.7310000000000005E-01   7.1593294310035565E-03   2.3514360034980544E-03   7.0307936504591842E-05
      45   3.8201700787401577E+01       21   6.0300000000000009E-01   5.2722763283365214E-03   1.9170471234701148E-03   5.7319708991756449E-05
      45   3.8201700787401577E+01       22   6.3290000000000002E-01   4.3673129544845538E-03   1.7493814022725533E-03   5.2306503927949354E-05
      45   3.8201700787401577E+01       23   6.6280000000000006E-01   3.7762335676697970E-03   1.6589139070142418E-03   4.9601525819725843E-05
      45   3.8201700787401577E+01       24   6.9270000000000009E-01   2.9118764944544170E-03   1.3972152784077301E-03   4.1776736824391141E-05
      45   3.8201700787401577E+01       25   7.2260000000000002E-01   1.8940627586669185E-03   9.8898630892562821E-04   2.9570690636876291E-05
      45   3.8201700787401577E+01       26   7.5250000000000006E-01   2.4808130273533398E-03   1.4047758818202499E-03   4.2002798866425480E-05
      45   3.8201700787401577E+01       27   7.8240000000000010E-01   2.8090557132088392E-03   1.7195627806674200E-03   5.1414927141955873E-05
      45   3.8201700787401577E+01       28   8.1230000000000013E-01   2.1372397295622327E-03   1.4102176477962995E-03   4.2165507669109368E-05
      45   3.8201700787401577E+01       29   8.4220000000000006E-01   2.1445439037338226E-03   1.5211267923352799E-03   4.5481691090824880E-05
      45   3.8201700787401577E+01       30   8.7210000000000010E-01   1.9509578104823062E-03   1.4838173703175044E-03   4.4366139372493393E-05
      45   3.8201700787401577E+01       31   9.0200000000000014E-01   1.7512582851632779E-03   1.4248307458419839E-03   4.2602439300675328E-05
      45   3.8201700787401577E+01       32   9.3190000000000006E-01   1.8354402989776951E-03   1.5939653865418750E-03   4.7659565057602074E-05
      45   3.8201700787401577E+01       33   9.6180000000000010E-01   1.6386791310391469E-03   1.5158752715629339E-03   4.5324670619731732E-05
      45   3.8201700787401577E+01       34   9.9170000000000014E-01   1.8379369260245633E-03   1.8075537885273898E-03   5.4045858276968968E-05
      45   3.8201700787401577E+01       35   1.0216000000000001E+00   1.5362013251776251E-03   1.6032819525155736E-03   4.7938130380215658E-05
      45   3.8201700787401577E+01       36   1.0515000000000001E+00   1.6827373918022366E-03   1.8605223834052746E-03   5.5629619263817721E-05
      45   3.8201700787401577E+01       37   1.0814000000000001E+00   1.6278917827960110E-03   1.9036989108723371E-03   5.6920597435082888E-05
      45   3.8201700787401577E+01       38   1.1113000000000002E+00   1.5294716398984106E-03   1.8888786474786504E-03   5.6477471559611659E-05
      45   3.8201700787401577E+01       39   1.1412000000000002E+00   1.5457336027434570E-03   2.0130667431188915E-03   6.0190695619254870E-05
      45   3.8201700787401577E+01       40   1.1711000000000000E+00   1.5322218736065595E-03   2.1014043158711498E-03   6.2831989044547388E-05
      45   3.8201700787401577E+01       41   1.2010000000000001E+00   1.4571410945719520E-03   2.1017817719516784E-03   6.2843274981355199E-05
      45   3.8201700787401577E+01       42   1.2309000000000001E+00   1.4467841379291926E-03   2.1920440742496028E-03   6.5542117820063131E-05
      45   3.8201700787401577E+01       43   1.2608000000000001E+00   1.4429786351477182E-03   2.2937828495953024E-03   6.8584107202899558E-05
      45   3.8201700787401577E+01       44   1.2907000000000002E+00   1.4607086481554447E-03   2.4334040169612823E-03   7.2758780107142360E-05
      45   3.8201700787401577E+01       45   1.3206000000000002E+00   1.3634107267227729E-03   2.3777669836607509E-03   7.1095232811456470E-05
      45   3.8201700787401577E+01       46   1.3505000000000000E+00   1.3795359320667988E-03   2.5160669545840142E-03   7.5230401942062041E-05
      45   3.8201700787401577E+01       47   1.3804000000000001E+00   1.3598772576283434E-03   2.5912517715002002E-03   7.7478427967855997E-05
      45   3.8201700787401577E+01       48   1.4103000000000001E+00   1.3303007463813332E-03   2.6458964680392346E-03   7.9112304394373135E-05
      45   3.8201700787401577E+01       49   1.4402000000000001E+00   1.3152242256797529E-03   2.7280065761324966E-03   8.1567396626361664E-05
      45   3.8201700787401577E+01       50   1.4701000000000002E+00   1.2875070131484760E-03   2.7825524446494780E-03   8.3198318095019413E-05
 
      46   3.9069921259842523E+01        1   5.0000000000000001E-03   5.9454408489060473E-02   1.4863602122265118E-06   4.4442170345572710E-08
      46   3.9069921259842523E+01        2   3.4900000000000000E-02   5.8913321169156624E-02   7.1757014317244463E-05   2.1455347280856099E-06
      46   3.9069921259842523E+01        3   6.4800000000000010E-02   6.2948990052263759E-02   2.6432532718905768E-04   7.9033272829528264E-06
      46   3.9069921259842523E+01        4   9.4700000000000006E-02   7.3558163464624252E-02   6.5967623018546226E-04   1.9724319282545325E-05
      46   3.9069921259842523E+01        5   1.2460000000000002E-01   7.9639055729011712E-02   1.2364090824418239E-03   3.6968631565010544E-05
      46   3.9069921259842523E+01        6   1.5450000000000003E-01   7.7579492946151976E-02   1.8518418914978850E-03   5.5370072555786771E-05
      46   3.9069921259842523E+01        7   1.8440000000000001E-01   7.6305568329937720E-02   2.5946457099274714E-03   7.7579906726831419E-05
      46   3.9069921259842523E+01        8   2.1430000000000002E-01   6.4931818601865268E-02   2.9819606540631757E-03   8.9160623556488975E-05
      46   3.9069921259842523E+01        9   2.4420000000000003E-01   4.3846607237877144E-02   2.6147327912449609E-03   7.8180510458224342E-05
      46   3.9069921259842523E+01       10   2.7410000000000001E-01   4.3068283262205916E-02   3.2357550067989732E-03   9.6749074703289322E-05
      46   3.9069921259842523E+01       11   3.0400000000000005E-01   4.8769937710041900E-02   4.5071225634112332E-03   1.3476296464599589E-04
      46   3.9069921259842523E+01       12   3.3390000000000003E-01   3.6294340817784945E-02   4.0464273852455985E-03   1.2098817881884341E-04
      46   3.9069921259842523E+01       13   3.6380000000000001E-01   2.8530598081136341E-02   3.7760372095015510E-03   1.1290351256409640E-04
      46   3.9069921259842523E+01       14   3.9370000000000005E-01   2.4393817262222499E-02   3.7810341135611374E-03   1.1305291999547803E-04
      46   3.9069921259842523E+01       15   4.2360000000000003E-01   1.6604375646277657E-02   2.9794386886660986E-03   8.9085216791116368E-05
      46   3.9069921259842523E+01       16   4.5350000000000007E-01   1.3111813645302063E-02   2.6966050958735252E-03   8.0628492366618425E-05
      46   3.9069921259842523E+01       17   4.8340000000000005E-01   9.4462300435708222E-03   2.2073530953202370E-03   6.5999857550075102E-05
      46   3.9069921259842523E+01       18   5.1330000000000009E-01   9.0910470093189377E-03   2.3952807928591556E-03   7.1618895706488761E-05
      46   3.9069921259842523E+01       19   5.4320000000000002E-01   8.7582609488623051E-03   2.5842671271196329E-03   7.7269587100877037E-05
      46   3.9069921259842523E+01       20   5.7310000000000005E-01   7.5820655117417686E-03   2.4902809679329643E-03   7.4459400941195649E-05
      46   3.9069921259842523E+01       21   6.0300000000000009E-01   5.5429256281247456E-03   2.0154576447168112E-03   6.0262183577032665E-05
      46   3.9069921259842523E+01       22   6.3290000000000002E-01   4.5232883963111058E-03   1.8118593011514118E-03   5.4174593104427225E-05
      46   3.9069921259842523E+01       23   6.6280000000000006E-01   3.9083937892964811E-03   1.7169723998700954E-03   5.1337474756115863E-05
      46   3.9069921259842523E+01       24   6.9270000000000009E-01   3.0614567833918238E-03   1.4689888805677167E-03   4.3922767528974741E-05
      46   3.9069921259842523E+01       25   7.2260000000000002E-01   2.0469113471022599E-03   1.0687963155420689E-03   3.1957009834707870E-05
      46   3.9069921259842523E+01       26   7.5250000000000006E-01   2.6120529816994489E-03   1.4790913262184488E-03   4.4224830653931627E-05
      46   3.9069921259842523E+01       27   7.8240000000000010E-01   2.8852588999894579E-03   1.7662105431664110E-03   5.2809695240675701E-05
      46   3.9069921259842523E+01       28   8.1230000000000013E-01   2.2503305297836822E-03   1.4848384963935509E-03   4.4396671042167179E-05
      46   3.9069921259842523E+01       29   8.4220000000000006E-01   2.2809266518519218E-03   1.6178631901369561E-03   4.8374109385094998E-05
      46   3.9069921259842523E+01       30   8.7210000000000010E-01   2.0215898220859118E-03   1.5375371407578442E-03   4.5972360508659552E-05
      46   3.9069921259842523E+01       31   9.0200000000000014E-01   1.8339710792516810E-03   1.4921262059634851E-03   4.4614573558308212E-05
      46   3.9069921259842523E+01       32   9.3190000000000006E-01   1.9463212160517431E-03   1.6902585451602696E-03   5.0538730500292075E-05
      46   3.9069921259842523E+01       33   9.6180000000000010E-01   1.7031197096480236E-03   1.5754866242360217E-03   4.7107050064657059E-05
      46   3.9069921259842523E+01       34   9.9170000000000014E-01   1.9161039598658302E-03   1.8844286345338530E-03   5.6344416172562220E-05
      46   3.9069921259842523E+01       35   1.0216000000000001E+00   1.6342775146964235E-03   1.7056407918485659E-03   5.0998659676272133E-05
      46   3.9069921259842523E+01       36   1.0515000000000001E+00   1.7347284312194909E-03   1.9180063931168005E-03   5.7348391154192350E-05
      46   3.9069921259842523E+01       37   1.0814000000000001E+00   1.7181244468376694E-03   2.0092193306426110E-03   6.0075657986214081E-05
      46   3.9069921259842523E+01       38   1.1113000000000002E+00   1.6124737099009751E-03   1.9913851821763361E-03   5.9542416947072463E-05
      46   3.9069921259842523E+01       39   1.1412000000000002E+00   1.6044100506282645E-03   2.0894832780454851E-03   6.2475550013560020E-05
      46   3.9069921259842523E+01       40   1.1711000000000000E+00   1.6271172170411470E-03   2.2315509269361226E-03   6.6723372715390077E-05
      46   3.9069921259842523E+01       41   1.2010000000000001E+00   1.5054739046623073E-03   2.1714970655588172E-03   6.4927762260208645E-05
      46   3.9069921259842523E+01       42   1.2309000000000001E+00   1.5364924190080828E-03   2.3279624194918721E-03   6.9606076342806992E-05
      46   3.9069921259842523E+01       43   1.2608000000000001E+00   1.4974634341208949E-03   2.3803927926701191E-03   7.1173744500836582E-05
      46   3.9069921259842523E+01       44   1.2907000000000002E+00   1.5382935294460077E-03   2.5626531742291110E-03   7.6623329909450441E-05
      46   3.9069921259842523E+01       45   1.3206000000000002E+00   1.4238528063016543E-03   2.4831770251321954E-03   7.4246993051452654E-05
      46   3.9069921259842523E+01       46   1.3505000000000000E+00   1.4455666571237427E-03   2.6364971089868025E-03   7.8831263558705409E-05
      46   3.9069921259842523E+01       47   1.3804000000000001E+00   1.4159938511158052E-03   2.6981821738355878E-03   8.0675646997684089E-05
      46   3.9069921259842523E+01       48   1.4103000000000001E+00   1.3862324535583363E-03   2.7571416183359600E-03   8.2438534388245215E-05
      46   3.9069921259842523E+01       49   1.4402000000000001E+00   1.3698519452036600E-03   2.8413140830888246E-03   8.4955291084355881E-05
      46   3.9069921259842523E+01       50   1.4701000000000002E+00   1.3489631890217725E-03   2.9153711638243533E-03   8.7169597798348182E-05
 
      47   3.9938141732283469E+01        1   5.0000000000000001E-03   5.9838371898478918E-02   1.4959592974619730E-06   4.4729182994113000E-08
      47   3.9938141732283469E+01        2   3.4900000000000000E-02   5.9611746585896949E-02   7.2607703459088348E-05   2.1709703334267419E-06
      47   3.9938141732283469E+01        3   6.4800000000000010E-02   6.4096472900693049E-02   2.6914365356892620E-04   8.0473952417108955E-06
      47   3.9938141732283469E+01        4   9.4700000000000006E-02   7.5149852949193865E-02   6.7395064473513614E-04   2.0151124277580574E-05
      47   3.9938141732283469E+01        5   1.2460000000000002E-01   8.1788230586235411E-02   1.2697753659681990E-03   3.7966283442449160E-05
      47   3.9938141732283469E+01        6   1.5450000000000003E-01   8.0215547070223811E-02   1.9147651624530106E-03   5.7251478357345032E-05
      47   3.9938141732283469E+01        7   1.8440000000000001E-01   7.8709301685898306E-02   2.6763807205742074E-03   8.0023783545168814E-05
      47   3.9938141732283469E+01        8   2.1430000000000002E-01   6.6461808432045438E-02   3.0522246567193869E-03   9.1261517235909681E-05
      47   3.9938141732283469E+01        9   2.4420000000000003E-01   4.4877177180880017E-02   2.6761894282208145E-03   8.0018063903802367E-05
      47   3.9938141732283469E+01       10   2.7410000000000001E-01   4.4471123231734647E-02   3.3411515100100421E-03   9.9900430149300282E-05
      47   3.9938141732283469E+01       11   3.0400000000000005E-01   5.0519556978812795E-02   4.6688153777539642E-03   1.3959757979484355E-04
      47   3.9938141732283469E+01       12   3.3390000000000003E-01   3.7839051219556531E-02   4.2186459276178949E-03   1.2613751323577508E-04
      47   3.9938141732283469E+01       13   3.6380000000000001E-01   3.0159962157784003E-02   3.9916842619660622E-03   1.1935135943278528E-04
      47   3.9938141732283469E+01       14   3.9370000000000005E-01   2.5893335028606697E-02   4.0134589025001806E-03   1.2000242118475543E-04
      47   3.9938141732283469E+01       15   4.2360000000000003E-01   1.7803278108947773E-02   3.1945661019041377E-03   9.5517526446933736E-05
      47   3.9938141732283469E+01       16   4.5350000000000007E-01   1.4292287118323300E-02   2.9393839264003872E-03   8.7887579399371601E-05
      47   3.9938141732283469E+01       17   4.8340000000000005E-01   1.0344859172128264E-02   2.4173407601682092E-03   7.2278488729029470E-05
      47   3.9938141732283469E+01       18   5.1330000000000009E-01   9.6687742887008044E-03   2.5474985796988506E-03   7.6170207532995655E-05
      47   3.9938141732283469E+01       19   5.4320000000000002E-01   9.1755656116812474E-03   2.7073996449120861E-03   8.0951249382871387E-05
      47   3.9938141732283469E+01       20   5.7310000000000005E-01   8.0689187681324669E-03   2.6501848090021807E-03   7.9240525789165225E-05
      47   3.9938141732283469E+01       21   6.0300000000000009E-01   5.9374049777895484E-03   2.1588938865690806E-03   6.4550927208415526E-05
      47   3.9938141732283469E+01       22   6.3290000000000002E-01   4.7593963748298945E-03   1.9064352820471260E-03   5.7002414933209083E-05
      47   3.9938141732283469E+01       23   6.6280000000000006E-01   4.0975091284906002E-03   1.8000514945809743E-03   5.3821539687971144E-05
      47   3.9938141732283469E+01       24   6.9270000000000009E-01   3.2693877257769896E-03   1.5687610687451911E-03   4.6905955955481223E-05
      47   3.9938141732283469E+01       25   7.2260000000000002E-01   2.2342203590478417E-03   1.1665998584843035E-03   3.4881335768680682E-05
      47   3.9938141732283469E+01       26   7.5250000000000006E-01   2.8032031501021189E-03   1.5873313037650133E-03   4.7461205982573912E-05
      47   3.9938141732283469E+01       27   7.8240000000000010E-01   3.0195480572949721E-03   1.8484156185815837E-03   5.5267626995589364E-05
      47   3.9938141732283469E+01       28   8.1230000000000013E-01   2.3731239095779615E-03   1.5658614105866701E-03   4.6819256176541447E-05
      47   3.9938141732283469E+01       29   8.4220000000000006E-01   2.4453522093118799E-03   1.7344903761607727E-03   5.1861262247207115E-05
      47   3.9938141732283469E+01       30   8.7210000000000010E-01   2.1290530014770295E-03   1.6192691656090976E-03   4.8416148051712029E-05
      47   3.9938141732283469E+01       31   9.0200000000000014E-01   1.9245709578948702E-03   1.5658386296270985E-03   4.6818575025850257E-05
      47   3.9938141732283469E+01       32   9.3190000000000006E-01   2.0762361746369099E-03   1.8030815812972209E-03   5.3912139280786918E-05
      47   3.9938141732283469E+01       33   9.6180000000000010E-01   1.7996954507058485E-03   1.6648249058614100E-03   4.9778264685256172E-05
      47   3.9938141732283469E+01       34   9.9170000000000014E-01   2.0069852035344924E-03   1.9738075103664919E-03   5.9016844559958121E-05
      47   3.9938141732283469E+01       35   1.0216000000000001E+00   1.7541713687925621E-03   1.8307699981182249E-03   5.4740022943734939E-05
      47   3.9938141732283469E+01       36   1.0515000000000001E+00   1.8167702371987497E-03   2.0087161004918317E-03   6.0060611404705778E-05
      47   3.9938141732283469E+01       37   1.0814000000000001E+00   1.8044520307358724E-03   2.1101730483172477E-03   6.3094174144685721E-05
      47   3.9938141732283469E+01       38   1.1113000000000002E+00   1.7242082266623509E-03   2.1293759349247337E-03   6.3668340454249551E-05
      47   3.9938141732283469E+01       39   1.1412000000000002E+00   1.6705757681184587E-03   2.1756533691774278E-03   6.5052035738405101E-05
      47   3.9938141732283469E+01       40   1.1711000000000000E+00   1.7382486725911826E-03   2.3839649632742136E-03   7.1280552401898999E-05
      47   3.9938141732283469E+01       41   1.2010000000000001E+00   1.5753391886805467E-03   2.2722708210920098E-03   6.7940897550651102E-05
      47   3.9938141732283469E+01       42   1.2309000000000001E+00   1.6318193285954712E-03   2.4723936319992553E-03   7.3924569596777750E-05
      47   3.9938141732283469E+01       43   1.2608000000000001E+00   1.5809426281346553E-03   2.5130927085681809E-03   7.5141471986188622E-05
      47   3.9938141732283469E+01       44   1.2907000000000002E+00   1.6158887964115092E-03   2.6919196330602228E-03   8.0488397028500685E-05
      47   3.9938141732283469E+01       45   1.3206000000000002E+00   1.5084285764135907E-03   2.6306758454423683E-03   7.8657207778726830E-05
      47   3.9938141732283469E+01       46   1.3505000000000000E+00   1.5147069135314564E-03   2.7625985829210753E-03   8.2601697629340165E-05
      47   3.9938141732283469E+01       47   1.3804000000000001E+00   1.4966387085510377E-03   2.8518512851610305E-03   8.5270353426314827E-05
      47   3.9938141732283469E+01       48   1.4103000000000001E+00   1.4444956083043122E-03   2.8730238921590334E-03   8.5903414375555117E-05
      47   3.9938141732283469E+01       49   1.4402000000000001E+00   1.4377659234040721E-03   2.9821796294532020E-03   8.9167170920650756E-05
      47   3.9938141732283469E+01       50   1.4701000000000002E+00   1.4130510005567936E-03   3.0538773582278497E-03   9.1310933011012720E-05
 
      48   4.0806362204724408E+01        1   5.0000000000000001E-03   6.2185340810265145E-02   1.5546335202566287E-06   4.6483542255673210E-08
      48   4.0806362204724408E+01        2   3.4900000000000000E-02   6.2185811374914225E-02   7.5742940112759281E-05   2.2647139093715032E-06
      48   4.0806362204724408E+01        3   6.4800000000000010E-02   6.6918972392501413E-02   2.8099544183500920E-04   8.4017637108667769E-06
      48   4.0806362204724408E+01        4   9.4700000000000006E-02   7.7814367585243072E-02   6.9784625179754268E-04   2.0865602928746532E-05
      48   4.0806362204724408E+01        5   1.2460000000000002E-01   8.4082675332876777E-02   1.3053969877709656E-03   3.9031369934351882E-05
      48   4.0806362204724408E+01        6   1.5450000000000003E-01   8.2362527617641970E-02   1.9660141248650192E-03   5.8783822333464089E-05
      48   4.0806362204724408E+01        7   1.8440000000000001E-01   8.0493808102025277E-02   2.7370599346640827E-03   8.1838092046456094E-05
      48   4.0806362204724408E+01        8   2.1430000000000002E-01   6.7541676850281937E-02   3.1018170630940046E-03   9.2744330186510761E-05
      48   4.0806362204724408E+01        9   2.4420000000000003E-01   4.5673765415563672E-02   2.7236928842361749E-03   8.1438417238661646E-05
      48   4.0806362204724408E+01       10   2.7410000000000001E-01   4.5723667896228434E-02   3.4352562052146385E-03   1.0271416053591771E-04
      48   4.0806362204724408E+01       11   3.0400000000000005E-01   5.1882878382192528E-02   4.7948080885687064E-03   1.4336476184820436E-04
      48   4.0806362204724408E+01       12   3.3390000000000003E-01   3.9003637876197823E-02   4.3484847739433735E-03   1.3001969474090688E-04
      48   4.0806362204724408E+01       13   3.6380000000000001E-01   3.1643778106365157E-02   4.1880679556397958E-03   1.2522323187362993E-04
      48   4.0806362204724408E+01       14   3.9370000000000005E-01   2.7306084977615774E-02   4.2324347066441037E-03   1.2654979772865874E-04
      48   4.0806362204724408E+01       15   4.2360000000000003E-01   1.8908886995554260E-02   3.3929531994657904E-03   1.0144930066402716E-04
      48   4.0806362204724408E+01       16   4.5350000000000007E-01   1.5321473654945062E-02   3.1510487451917261E-03   9.4216357481232625E-05
      48   4.0806362204724408E+01       17   4.8340000000000005E-01   1.1159514665143509E-02   2.6077058387056224E-03   7.7970404577298123E-05
      48   4.0806362204724408E+01       18   5.1330000000000009E-01   1.0244885900243240E-02   2.6992906754009396E-03   8.0708791194488113E-05
      48   4.0806362204724408E+01       19   5.4320000000000002E-01   9.5179585524040877E-03   2.8084282425337175E-03   8.3972004451758164E-05
      48   4.0806362204724408E+01       20   5.7310000000000005E-01   8.4874648221042997E-03   2.7876535859199443E-03   8.3350842219006348E-05
      48   4.0806362204724408E+01       21   6.0300000000000009E-01   6.3690705382124426E-03   2.3158513693288889E-03   6.9243955942933794E-05
      48   4.0806362204724408E+01       22   6.3290000000000002E-01   5.0621604248532008E-03   2.0277111795858221E-03   6.0628564269616095E-05
      48   4.0806362204724408E+01       23   6.6280000000000006E-01   4.3025295278889472E-03   1.8901177433150017E-03   5.6514520525118567E-05
      48   4.0806362204724408E+01       24   6.9270000000000009E-01   3.4909869809620583E-03   1.6750917684221923E-03   5.0085243875823560E-05
      48   4.0806362204724408E+01       25   7.2260000000000002E-01   2.4317521138811785E-03   1.2697412143946639E-03   3.7965262310400458E-05
      48   4.0806362204724408E+01       26   7.5250000000000006E-01   3.0064268973052314E-03   1.7024080207671958E-03   5.0901999820939168E-05
      48   4.0806362204724408E+01       27   7.8240000000000010E-01   3.1801918100324853E-03   1.9467536532653518E-03   5.8207934232634030E-05
      48   4.0806362204724408E+01       28   8.1230000000000013E-01   2.4924776087053790E-03   1.6446147158481858E-03   4.9173980003860768E-05
      48   4.0806362204724408E+01       29   8.4220000000000006E-01   2.6024503234453448E-03   1.8459202004780552E-03   5.5193013994293861E-05
      48   4.0806362204724408E+01       30   8.7210000000000010E-01   2.2525974772585186E-03   1.7132319556737504E-03   5.1225635474645146E-05
      48   4.0806362204724408E+01       31   9.0200000000000014E-01   2.0137151293776962E-03   1.6383666841222116E-03   4.8987163855254137E-05
      48   4.0806362204724408E+01       32   9.3190000000000006E-01   2.2032744709899535E-03   1.9134064157605298E-03   5.7210851831239853E-05
      48   4.0806362204724408E+01       33   9.6180000000000010E-01   1.9124805401289811E-03   1.7691577949665051E-03   5.2897818069498514E-05
      48   4.0806362204724408E+01       34   9.9170000000000014E-01   2.0971124121377189E-03   2.0624448161703055E-03   6.1667100003492145E-05
      48   4.0806362204724408E+01       35   1.0216000000000001E+00   1.8739403175408007E-03   1.9557688448531155E-03   5.8477488461108166E-05
      48   4.0806362204724408E+01       36   1.0515000000000001E+00   1.9222606959118464E-03   2.1253518635214992E-03   6.3548020719292840E-05
      48   4.0806362204724408E+01       37   1.0814000000000001E+00   1.8805247022649146E-03   2.1991344052498625E-03   6.5754118716970900E-05
      48   4.0806362204724408E+01       38   1.1113000000000002E+00   1.8417618450972282E-03   2.2745532066067642E-03   6.8009140877542263E-05
      48   4.0806362204724408E+01       39   1.1412000000000002E+00   1.7431938870843306E-03   2.2702266643290572E-03   6.7879777263438824E-05
      48   4.0806362204724408E+01       40   1.1711000000000000E+00   1.8404622414202451E-03   2.5241483390489013E-03   7.5472035337562166E-05
      48   4.0806362204724408E+01       41   1.2010000000000001E+00   1.6650704125008348E-03   2.4016992280616171E-03   7.1810806919042373E-05
      48   4.0806362204724408E+01       42   1.2309000000000001E+00   1.7158240322530920E-03   2.5996704026205780E-03   7.7730145038355298E-05
      48   4.0806362204724408E+01       43   1.2608000000000001E+00   1.6864631305608428E-03   2.6808298550860090E-03   8.0156812667071681E-05
      48   4.0806362204724408E+01       44   1.2907000000000002E+00   1.6851850848664213E-03   2.8073607697301729E-03   8.3940087014932192E-05
      48   4.0806362204724408E+01       45   1.3206000000000002E+00   1.6063870078023229E-03   2.8015138177144502E-03   8.3765263149662077E-05
      48   4.0806362204724408E+01       46   1.3505000000000000E+00   1.5809740397290967E-03   2.8834598976034231E-03   8.6215450938342372E-05
      48   4.0806362204724408E+01       47   1.3804000000000001E+00   1.5927486180331567E-03   3.0349891174964315E-03   9.0746174613143323E-05
      48   4.0806362204724408E+01       48   1.4103000000000001E+00   1.5097728482026940E-03   3.0028568032209120E-03   8.9785418416305288E-05
      48   4.0806362204724408E+01       49   1.4402000000000001E+00   1.5152919767916027E-03   3.1429823118653785E-03   9.3975171124774840E-05
      48   4.0806362204724408E+01       50   1.4701000000000002E+00   1.4739387643478540E-03   3.1854676286153846E-03   9.5245482095600013E-05
 
      49   4.1674582677165354E+01        1   5.0000000000000001E-03   6.6733507430388278E-02   1.6683376857597070E-06   4.9883296804215252E-08
      49   4.1674582677165354E+01        2   3.4900000000000000E-02   6.6719880890499253E-02   8.1265482123437001E-05   2.4298379154907667E-06
      49   4.1674582677165354E+01        3   6.4800000000000010E-02   7.1186432702181834E-02   2.9891467837376971E-04   8.9375488833757158E-06
      49   4.1674582677165354E+01        4   9.4700000000000006E-02   8.1113620354494820E-02   7.2743424756494153E-04   2.1750284002191756E-05
      49   4.1674582677165354E+01        5   1.2460000000000002E-01   8.6083078133625465E-02   1.3364535613170372E-03   3.9959961483379420E-05
      49   4.1674582677165354E+01        6   1.5450000000000003E-01   8.3621073475810048E-02   1.9960559291359557E-03   5.9682072281165091E-05
      49   4.1674582677165354E+01        7   1.8440000000000001E-01   8.1381542650358046E-02   2.7672458920954789E-03   8.2740652173654840E-05
      49   4.1674582677165354E+01        8   2.1430000000000002E-01   6.8029667536191329E-02   3.1242277864691435E-03   9.3414410815427409E-05
      49   4.1674582677165354E+01        9   2.4420000000000003E-01   4.6125827692522617E-02   2.7506510033179252E-03   8.2244464999205977E-05
      49   4.1674582677165354E+01       10   2.7410000000000001E-01   4.6633360463310305E-02   3.5036021446304788E-03   1.0475770412445134E-04
      49   4.1674582677165354E+01       11   3.0400000000000005E-01   5.2657035109069938E-02   4.8663525566398089E-03   1.4550394144353032E-04
      49   4.1674582677165354E+01       12   3.3390000000000003E-01   3.9619033292023133E-02   4.4170947226913589E-03   1.3207113220847167E-04
      49   4.1674582677165354E+01       13   3.6380000000000001E-01   3.2715258315876732E-02   4.3298788328199446E-03   1.2946337710131636E-04
      49   4.1674582677165354E+01       14   3.9370000000000005E-01   2.8411958677306681E-02   4.4038447872753470E-03   1.3167495913953291E-04
      49   4.1674582677165354E+01       15   4.2360000000000003E-01   1.9834031509554130E-02   3.5589583186186047E-03   1.0641285372669631E-04
      49   4.1674582677165354E+01       16   4.5350000000000007E-01   1.6100317344738865E-02   3.3112274908330217E-03   9.9005701975907366E-05
      49   4.1674582677165354E+01       17   4.8340000000000005E-01   1.1729825678832705E-02   2.7409735842036133E-03   8.1955110167688053E-05
      49   4.1674582677165354E+01       18   5.1330000000000009E-01   1.0711682932633183E-02   2.8222809057562711E-03   8.4386199082112518E-05
      49   4.1674582677165354E+01       19   5.4320000000000002E-01   9.7626796523980260E-03   2.8806371773575927E-03   8.6131051602992041E-05
      49   4.1674582677165354E+01       20   5.7310000000000005E-01   8.7460207771006167E-03   2.8725746371659321E-03   8.5889981651261394E-05
      49   4.1674582677165354E+01       21   6.0300000000000009E-01   6.7115138713419670E-03   2.4403668472447819E-03   7.2966968732618990E-05
      49   4.1674582677165354E+01       22   6.3290000000000002E-01   5.3822825394297894E-03   2.1559400652949165E-03   6.4462607952318012E-05
      49   4.1674582677165354E+01       23   6.6280000000000006E-01   4.4942685116456139E-03   1.9743494151570032E-03   5.9033047513194410E-05
      49   4.1674582677165354E+01       24   6.9270000000000009E-01   3.6749439152449731E-03   1.7633604294174771E-03   5.2724476839582575E-05
      49   4.1674582677165354E+01       25   7.2260000000000002E-01   2.6135333151918643E-03   1.3646584068127516E-03   4.0803286363701282E-05
      49   4.1674582677165354E+01       26   7.5250000000000006E-01   3.1855905918159655E-03   1.8038605825569896E-03   5.3935431418454005E-05
      49   4.1674582677165354E+01       27   7.8240000000000010E-01   3.3194079841971586E-03   2.0319748008683748E-03   6.0756046545964422E-05
      49   4.1674582677165354E+01       28   8.1230000000000013E-01   2.5883727604313600E-03   1.7078893375162857E-03   5.1065891191736957E-05
      49   4.1674582677165354E+01       29   8.4220000000000006E-01   2.7269104517266278E-03   1.9341998740144771E-03   5.7832576233032879E-05
      49   4.1674582677165354E+01       30   8.7210000000000010E-01   2.3673958911454409E-03   1.8005428548101099E-03   5.3836231358822295E-05
      49   4.1674582677165354E+01       31   9.0200000000000014E-01   2.0894879420528712E-03   1.7000157476059845E-03   5.0830470853418951E-05
      49   4.1674582677165354E+01       32   9.3190000000000006E-01   2.3079102197508675E-03   2.0042760353350185E-03   5.9927853456517064E-05
      49   4.1674582677165354E+01       33   9.6180000000000010E-01   2.0179388989754925E-03   1.8667130242527063E-03   5.5814719425155928E-05
      49   4.1674582677165354E+01       34   9.9170000000000014E-01   2.1673065083350554E-03   2.1314785260420533E-03   6.3731207928657409E-05
      49   4.1674582677165354E+01       35   1.0216000000000001E+00   1.9662053783419163E-03   2.0520628034676066E-03   6.1356677823681447E-05
      49   4.1674582677165354E+01       36   1.0515000000000001E+00   2.0255550663447418E-03   2.2395595166029634E-03   6.6962829546428620E-05
      49   4.1674582677165354E+01       37   1.0814000000000001E+00   1.9399419883452998E-03   2.2686185220650119E-03   6.7831693809743864E-05
      49   4.1674582677165354E+01       38   1.1113000000000002E+00   1.9392114678593432E-03   2.3949022911131201E-03   7.1607578504282314E-05
      49   4.1674582677165354E+01       39   1.1412000000000002E+00   1.8165463952384028E-03   2.3657563820160105E-03   7.0736115822278724E-05
      49   4.1674582677165354E+01       40   1.1711000000000000E+00   1.9141215048056747E-03   2.6251701927688786E-03   7.8492588763789492E-05
      49   4.1674582677165354E+01       41   1.2010000000000001E+00   1.7603749457687356E-03   2.5391665821517706E-03   7.5921080806337960E-05
      49   4.1674582677165354E+01       42   1.2309000000000001E+00   1.7772051220439108E-03   2.6926698008165871E-03   8.0510827044415971E-05
      49   4.1674582677165354E+01       43   1.2608000000000001E+00   1.7897661736389937E-03   2.8450420913256748E-03   8.5066758530637690E-05
      49   4.1674582677165354E+01       44   1.2907000000000002E+00   1.7405983356433266E-03   2.8996740638314168E-03   8.6700254508559376E-05
      49   4.1674582677165354E+01       45   1.3206000000000002E+00   1.6943071075915372E-03   2.9548450966764791E-03   8.8349868390626745E-05
      49   4.1674582677165354E+01       46   1.3505000000000000E+00   1.6375081872890616E-03   2.9865697167642019E-03   8.9298434531249657E-05
      49   4.1674582677165354E+01       47   1.3804000000000001E+00   1.6761288483577161E-03   3.1938704932416378E-03   9.5496727747924987E-05
      49   4.1674582677165354E+01       48   1.4103000000000001E+00   1.5740108502632626E-03   3.1306227262486918E-03   9.3605619514835911E-05
      49   4.1674582677165354E+01       49   1.4402000000000001E+00   1.5878662156302624E-03   3.2935140591857639E-03   9.8476070369654369E-05
      49   4.1674582677165354E+01       50   1.4701000000000002E+00   1.5259384088451740E-03   3.2978489488251217E-03   9.8605683569871153E-05
 
      50   4.2542803149606300E+01        1   5.0000000000000001E-03   7.2079762131470299E-02   1.8019940532867575E-06   5.3879622193274061E-08
      50   4.2542803149606300E+01        2   3.4900000000000000E-02   7.1936788522998923E-02   8.7619727788897916E-05   2.6198298608880482E-06
      50   4.2542803149606300E+01        3   6.4800000000000010E-02   7.5857445262444895E-02   3.1852844695481669E-04   9.5240005639490210E-06
      50   4.2542803149606300E+01        4   9.4700000000000006E-02   8.4391092980491314E-02   7.5682691704741451E-04   2.2629124819717699E-05
      50   4.2542803149606300E+01        5   1.2460000000000002E-01   8.7519597745331870E-02   1.3587557581319170E-03   4.0626797168144328E-05
      50   4.2542803149606300E+01        6   1.5450000000000003E-01   8.3817256404635831E-02   2.0007388646927594E-03   5.9822092054313517E-05
      50   4.2542803149606300E+01        7   1.8440000000000001E-01   8.1115011498235967E-02   2.7581829373786574E-03   8.2469669827621875E-05
      50   4.2542803149606300E+01        8   2.1430000000000002E-01   6.7663391724931410E-02   3.1074067566376957E-03   9.2911462023467125E-05
      50   4.2542803149606300E+01        9   2.4420000000000003E-01   4.6090897822053341E-02   2.7485680079971137E-03   8.2182183439113719E-05
      50   4.2542803149606300E+01       10   2.7410000000000001E-01   4.7068807573463940E-02   3.5363176387284805E-03   1.0573589739798158E-04
      50   4.2542803149606300E+01       11   3.0400000000000005E-01   5.2750897061350659E-02   4.8750269028217837E-03   1.4576330439437137E-04
      50   4.2542803149606300E+01       12   3.3390000000000003E-01   3.9616167591336959E-02   4.4167752279857609E-03   1.3206157931677429E-04
      50   4.2542803149606300E+01       13   3.6380000000000001E-01   3.3170560327359350E-02   4.3901382543725543E-03   1.3126513380573939E-04
      50   4.2542803149606300E+01       14   3.9370000000000005E-01   2.8960465654807248E-02   4.4888631987507720E-03   1.3421700964264812E-04
      50   4.2542803149606300E+01       15   4.2360000000000003E-01   2.0420032694905187E-02   3.6641085898743947E-03   1.0955684683724442E-04
      50   4.2542803149606300E+01       16   4.5350000000000007E-01   1.6559754349983660E-02   3.4057163390649281E-03   1.0183091853804137E-04
      50   4.2542803149606300E+01       17   4.8340000000000005E-01   1.1963938438593405E-02   2.7956800144438403E-03   8.3590832431870848E-05
      50   4.2542803149606300E+01       18   5.1330000000000009E-01   1.0940004176042486E-02   2.8824382768906876E-03   8.6184904479031575E-05
      50   4.2542803149606300E+01       19   5.4320000000000002E-01   9.8815640303342982E-03   2.9157159437499876E-03   8.7179906718124641E-05
      50   4.2542803149606300E+01       20   5.7310000000000005E-01   8.8410533248432146E-03   2.9037874702140085E-03   8.6823245359398874E-05
      50   4.2542803149606300E+01       21   6.0300000000000009E-01   6.8843591818381084E-03   2.5032149577489736E-03   7.4846127236694320E-05
      50   4.2542803149606300E+01       22   6.3290000000000002E-01   5.6493690996360342E-03   2.2629249015297401E-03   6.7661454555739242E-05
      50   4.2542803149606300E+01       23   6.6280000000000006E-01   4.6633624844806916E-03   2.0486330467443083E-03   6.1254128097654832E-05
      50   4.2542803149606300E+01       24   6.9270000000000009E-01   3.7906548676642088E-03   1.8188823964058324E-03   5.4384583652534397E-05
      50   4.2542803149606300E+01       25   7.2260000000000002E-01   2.7482287310550036E-03   1.4349897205742058E-03   4.2906192645168764E-05
      50   4.2542803149606300E+01       26   7.5250000000000006E-01   3.3257853265581758E-03   1.8832467273218584E-03   5.6309077146923580E-05
      50   4.2542803149606300E+01       27   7.8240000000000010E-01   3.4069166892837111E-03   2.0855432336850189E-03   6.2357742687182071E-05
      50   4.2542803149606300E+01       28   8.1230000000000013E-01   2.6389942666226918E-03   1.7412909912482551E-03   5.2064600638322839E-05
      50   4.2542803149606300E+01       29   8.4220000000000006E-01   2.8045268786317037E-03   1.9892532708160461E-03   5.9478672797399792E-05
      50   4.2542803149606300E+01       30   8.7210000000000010E-01   2.4541520881352207E-03   1.8665260100503036E-03   5.5809127700504089E-05
      50   4.2542803149606300E+01       31   9.0200000000000014E-01   2.1389676931050897E-03   1.7402726709810738E-03   5.2034152862334116E-05
      50   4.2542803149606300E+01       32   9.3190000000000006E-01   2.3760666778225321E-03   2.0634656668888402E-03   6.1697623439976336E-05
      50   4.2542803149606300E+01       33   9.6180000000000010E-01   2.0984547282086891E-03   1.9411949360511368E-03   5.8041728587929004E-05
      50   4.2542803149606300E+01       34   9.9170000000000014E-01   2.2063976104023581E-03   2.1699234088010601E-03   6.4880709923151707E-05
      50   4.2542803149606300E+01       35   1.0216000000000001E+00   2.0149605897321838E-03   2.1029469872213599E-03   6.2878114917918677E-05
      50   4.2542803149606300E+01       36   1.0515000000000001E+00   2.0971980491305596E-03   2.3187717417168141E-03   6.9331275077332756E-05
      50   4.2542803149606300E+01       37   1.0814000000000001E+00   1.9752771290674244E-03   2.3099403529257172E-03   6.9067216552478960E-05
      50   4.2542803149606300E+01       38   1.1113000000000002E+00   1.9974587126857873E-03   2.4668369214501948E-03   7.3758423951360841E-05
      50   4.2542803149606300E+01       39   1.1412000000000002E+00   1.8788156005731793E-03   2.4468518994825378E-03   7.3160871794527896E-05
      50   4.2542803149606300E+01       40   1.1711000000000000E+00   1.9509765483470497E-03   2.6757159713493451E-03   8.0003907543345433E-05
      50   4.2542803149606300E+01       41   1.2010000000000001E+00   1.8364988233726561E-03   2.6489677393315429E-03   7.9204135406013153E-05
      50   4.2542803149606300E+01       42   1.2309000000000001E+00   1.8127612346651200E-03   2.7465413936350090E-03   8.2121587669686794E-05
      50   4.2542803149606300E+01       43   1.2608000000000001E+00   1.8612913664556739E-03   2.9587397280062778E-03   8.8466317867387729E-05
      50   4.2542803149606300E+01       44   1.2907000000000002E+00   1.7795915150991479E-03   2.9646330545526041E-03   8.8642528331122879E-05
      50   4.2542803149606300E+01       45   1.3206000000000002E+00   1.7478682383223988E-03   3.0482548709750172E-03   9.1142820642153030E-05
      50   4.2542803149606300E+01       46   1.3505000000000000E+00   1.6770970016047337E-03   3.0587737856510441E-03   9.1457336190966235E-05
      50   4.2542803149606300E+01       47   1.3804000000000001E+00   1.7172929683416725E-03   3.2723088951138058E-03   9.7842035963902811E-05
      50   4.2542803149606300E+01       48   1.4103000000000001E+00   1.6165388314287996E-03   3.2152085881034802E-03   9.6134736784294082E-05
      50   4.2542803149606300E+01       49   1.4402000000000001E+00   1.6333061134636072E-03   3.3877644065317359E-03   1.0129415575529893E-04
      50   4.2542803149606300E+01       50   1.4701000000000002E+00   1.5623068405814010E-03   3.3764481856465496E-03   1.0095580075083185E-04
 
      51   4.3411023622047246E+01        1   5.0000000000000001E-03   7.5843449985355887E-02   1.8960862496338974E-06   5.6692978864053541E-08
      51   4.3411023622047246E+01        2   3.4900000000000000E-02   7.5759365881789761E-02   9.2275665237678752E-05   2.7590423906065954E-06
      51   4.3411023622047246E+01        3   6.4800000000000010E-02   7.9480058643438670E-02   3.3373994544614482E-04   9.9788243688397319E-06
      51   4.3411023622047246E+01        4   9.4700000000000006E-02   8.6937770403663461E-02   7.7966574937939038E-04   2.3312005906443777E-05
      51   4.3411023622047246E+01        5   1.2460000000000002E-01   8.8258931114213818E-02   1.3702340269771483E-03   4.0969997406616744E-05
      51   4.3411023622047246E+01        6   1.5450000000000003E-01   8.2982858875770615E-02   1.9808215870793645E-03   5.9226565453673012E-05
      51   4.3411023622047246E+01        7   1.8440000000000001E-01   7.9521845660865731E-02   2.7040099458708554E-03   8.0849897381538597E-05
      51   4.3411023622047246E+01        8   2.1430000000000002E-01   6.6129034355472099E-02   3.0369421769675352E-03   9.0804571091329317E-05
      51   4.3411023622047246E+01        9   2.4420000000000003E-01   4.5395955355226392E-02   2.7071260591096436E-03   8.0943069167378369E-05
      51   4.3411023622047246E+01       10   2.7410000000000001E-01   4.6984386841627548E-02   3.5299750407648198E-03   1.0554625371886814E-04
      51   4.3411023622047246E+01       11   3.0400000000000005E-01   5.2221803405734485E-02   4.8261301835443599E-03   1.4430129248797638E-04
      51   4.3411023622047246E+01       12   3.3390000000000003E-01   3.9031556588040077E-02   4.3515974090708844E-03   1.3011276253121947E-04
      51   4.3411023622047246E+01       13   3.6380000000000001E-01   3.2923309930112755E-02   4.3574145555067929E-03   1.3028669520965313E-04
      51   4.3411023622047246E+01       14   3.9370000000000005E-01   2.8781960093443006E-02   4.4611948920760380E-03   1.3338972727307356E-04
      51   4.3411023622047246E+01       15   4.2360000000000003E-01   2.0491298913890777E-02   3.6768963835598634E-03   1.0993920186843994E-04
      51   4.3411023622047246E+01       16   4.5350000000000007E-01   1.6631342401733720E-02   3.4204392988609620E-03   1.0227113503594278E-04
      51   4.3411023622047246E+01       17   4.8340000000000005E-01   1.1862621550349747E-02   2.7720047338460462E-03   8.2882941541996804E-05
      51   4.3411023622047246E+01       18   5.1330000000000009E-01   1.0867285067357485E-02   2.8632784722907915E-03   8.5612026321494686E-05
      51   4.3411023622047246E+01       19   5.4320000000000002E-01   9.8412834930328361E-03   2.9038305170632655E-03   8.6824532460191655E-05
      51   4.3411023622047246E+01       20   5.7310000000000005E-01   8.8205704279534520E-03   2.8970599936162769E-03   8.6622093809126698E-05
      51   4.3411023622047246E+01       21   6.0300000000000009E-01   6.8943202572003511E-03   2.5068368944003634E-03   7.4954423142570883E-05
      51   4.3411023622047246E+01       22   6.3290000000000002E-01   5.8029651872973792E-03   2.3244497205699398E-03   6.9501046645041221E-05
      51   4.3411023622047246E+01       23   6.6280000000000006E-01   4.7968315147901589E-03   2.1072665042803341E-03   6.3007268477982008E-05
      51   4.3411023622047246E+01       24   6.9270000000000009E-01   3.8335720168973975E-03   1.8394754733198143E-03   5.5000316652262457E-05
      51   4.3411023622047246E+01       25   7.2260000000000002E-01   2.8037433825339369E-03   1.4639767380350661E-03   4.3772904467248486E-05
      51   4.3411023622047246E+01       26   7.5250000000000006E-01   3.4130975486451232E-03   1.9326878187799804E-03   5.7787365781521426E-05
      51   4.3411023622047246E+01       27   7.8240000000000010E-01   3.4363786827599913E-03   2.1035783859206453E-03   6.2896993739027307E-05
      51   4.3411023622047246E+01       28   8.1230000000000013E-01   2.6276890392515928E-03   1.7338314484882395E-03   5.1841560309798376E-05
      51   4.3411023622047246E+01       29   8.4220000000000006E-01   2.8197769709691124E-03   2.0000701741210475E-03   5.9802098206219335E-05
      51   4.3411023622047246E+01       30   8.7210000000000010E-01   2.4954045124195908E-03   1.8979008882726695E-03   5.6747236559352833E-05
      51   4.3411023622047246E+01       31   9.0200000000000014E-01   2.1483397727109390E-03   1.7478978324367114E-03   5.2262145189857684E-05
      51   4.3411023622047246E+01       32   9.3190000000000006E-01   2.3915071797494234E-03   2.0768747794794300E-03   6.2098555906434967E-05
      51   4.3411023622047246E+01       33   9.6180000000000010E-01   2.1416428908413681E-03   1.9811465449531196E-03   5.9236281694098284E-05
      51   4.3411023622047246E+01       34   9.9170000000000014E-01   2.2104590107284903E-03   2.1739176696716472E-03   6.5000138323182262E-05
      51   4.3411023622047246E+01       35   1.0216000000000001E+00   2.0171559422817037E-03   2.1052382032647047E-03   6.2946622277614681E-05
      51   4.3411023622047246E+01       36   1.0515000000000001E+00   2.1207182602997632E-03   2.3447769161165193E-03   7.0108829791883941E-05
      51   4.3411023622047246E+01       37   1.0814000000000001E+00   1.9756008125098993E-03   2.3103188767461696E-03   6.9078534414710488E-05
      51   4.3411023622047246E+01       38   1.1113000000000002E+00   2.0060151191934532E-03   2.4774039781577978E-03   7.4074378946918166E-05
      51   4.3411023622047246E+01       39   1.1412000000000002E+00   1.9094457952644698E-03   2.4867427488234947E-03   7.4353608189822504E-05
      51   4.3411023622047246E+01       40   1.1711000000000000E+00   1.9475408993284789E-03   2.6710040638901144E-03   7.9863021510314435E-05
      51   4.3411023622047246E+01       41   1.2010000000000001E+00   1.8646305547216177E-03   2.6895449767610166E-03   8.0417394805154416E-05
      51   4.3411023622047246E+01       42   1.2309000000000001E+00   1.8175673093532019E-03   2.7538231485728882E-03   8.2339312142329371E-05
      51   4.3411023622047246E+01       43   1.2608000000000001E+00   1.8761226491737246E-03   2.9823157818074358E-03   8.9171241876042352E-05
      51   4.3411023622047246E+01       44   1.2907000000000002E+00   1.7919366632269920E-03   2.9851989169387911E-03   8.9257447616469866E-05
      51   4.3411023622047246E+01       45   1.3206000000000002E+00   1.7496430124415176E-03   3.0513500492812934E-03   9.1235366473510694E-05
      51   4.3411023622047246E+01       46   1.3505000000000000E+00   1.6883989976739372E-03   3.0793869340073597E-03   9.2073669326820067E-05
      51   4.3411023622047246E+01       47   1.3804000000000001E+00   1.7042486432262676E-03   3.2474528793420090E-03   9.7098841092326088E-05
      51   4.3411023622047246E+01       48   1.4103000000000001E+00   1.6190242416156866E-03   3.2201519349767354E-03   9.6282542855804414E-05
      51   4.3411023622047246E+01       49   1.4402000000000001E+00   1.6322447717048026E-03   3.3855629968853719E-03   1.0122833360687264E-04
      51   4.3411023622047246E+01       50   1.4701000000000002E+00   1.5719501435971686E-03   3.3972892343608414E-03   1.0157894810738918E-04
 
      52   4.4279244094488192E+01        1   5.0000000000000001E-03   7.6212006243786268E-02   1.9053001560946567E-06   5.6968474667230249E-08
      52   4.4279244094488192E+01        2   3.4900000000000000E-02   7.6523767329297748E-02   9.3206713844757951E-05   2.7868807439582633E-06
      52   4.4279244094488192E+01        3   6.4800000000000010E-02   8.0770536298482520E-02   3.3915871273878015E-04   1.0140845510889529E-05
      52   4.4279244094488192E+01        4   9.4700000000000006E-02   8.7981487007426126E-02   7.8902589381642826E-04   2.3591874225111209E-05
      52   4.4279244094488192E+01        5   1.2460000000000002E-01   8.8020537248085895E-02   1.3665329240624936E-03   4.0859334429468564E-05
      52   4.4279244094488192E+01        6   1.5450000000000003E-01   8.1143685362741691E-02   1.9369200555299855E-03   5.7913909660346580E-05
      52   4.4279244094488192E+01        7   1.8440000000000001E-01   7.6600665991734151E-02   2.6046800219566937E-03   7.7879932656505158E-05
      52   4.4279244094488192E+01        8   2.1430000000000002E-01   6.3305639797631055E-02   2.9072792218299099E-03   8.6927648732714320E-05
      52   4.4279244094488192E+01        9   2.4420000000000003E-01   4.3907706972892681E-02   2.6183763908469724E-03   7.8289454086324486E-05
      52   4.4279244094488192E+01       10   2.7410000000000001E-01   4.6349281173659815E-02   3.4822590374948129E-03   1.0411954522109493E-04
      52   4.4279244094488192E+01       11   3.0400000000000005E-01   5.1231988523330205E-02   4.7346554513720855E-03   1.4156619799602540E-04
      52   4.4279244094488192E+01       12   3.3390000000000003E-01   3.8026712373993021E-02   4.2395681214737069E-03   1.2676308683206387E-04
      52   4.4279244094488192E+01       13   3.6380000000000001E-01   3.2033292038602307E-02   4.2396202959575123E-03   1.2676464684912965E-04
      52   4.4279244094488192E+01       14   3.9370000000000005E-01   2.7865062369978776E-02   4.3190760291773773E-03   1.2914037327240360E-04
      52   4.4279244094488192E+01       15   4.2360000000000003E-01   1.9961923187554815E-02   3.5819068125283464E-03   1.0709901369459758E-04
      52   4.4279244094488192E+01       16   4.5350000000000007E-01   1.6275693458679515E-02   3.3472957370223122E-03   1.0008414253696716E-04
      52   4.4279244094488192E+01       17   4.8340000000000005E-01   1.1495375870750068E-02   2.6861883940080106E-03   8.0317032980839533E-05
      52   4.4279244094488192E+01       18   5.1330000000000009E-01   1.0542696330407778E-02   2.7777568413502548E-03   8.3054929556372639E-05
      52   4.4279244094488192E+01       19   5.4320000000000002E-01   9.6327541547770630E-03   2.8423005492944462E-03   8.4984786423903956E-05
      52   4.4279244094488192E+01       20   5.7310000000000005E-01   8.7170655262751948E-03   2.8630644700563751E-03   8.5605627654685636E-05
      52   4.4279244094488192E+01       21   6.0300000000000009E-01   6.8021050944515994E-03   2.4733066312884523E-03   7.3951868275524732E-05
      52   4.4279244094488192E+01       22   6.3290000000000002E-01   5.8251077288102972E-03   2.3333191903618794E-03   6.9766243791820210E-05
      52   4.4279244094488192E+01       23   6.6280000000000006E-01   4.8632424787779082E-03   2.1364410957782540E-03   6.3879588763769810E-05
      52   4.4279244094488192E+01       24   6.9270000000000009E-01   3.8104306891585870E-03   1.8283714938959327E-03   5.4668307667488402E-05
      52   4.4279244094488192E+01       25   7.2260000000000002E-01   2.7670798838872156E-03   1.4448328643524215E-03   4.3200502644137412E-05
      52   4.4279244094488192E+01       26   7.5250000000000006E-01   3.4241899892482287E-03   1.9389689825992428E-03   5.7975172579717369E-05
      52   4.4279244094488192E+01       27   7.8240000000000010E-01   3.4120203230549330E-03   2.0886674218732002E-03   6.2451155914008703E-05
      52   4.4279244094488192E+01       28   8.1230000000000013E-01   2.5560106878797745E-03   1.6865358294374994E-03   5.0427421300181241E-05
      52   4.4279244094488192E+01       29   8.4220000000000006E-01   2.7598072642101754E-03   1.9575336107423799E-03   5.8530254961197171E-05
      52   4.4279244094488192E+01       30   8.7210000000000010E-01   2.4759411600777598E-03   1.8830978719622969E-03   5.6304626371672691E-05
      52   4.4279244094488192E+01       31   9.0200000000000014E-01   2.1087038890650069E-03   1.7156499189588464E-03   5.1297932576869515E-05
      52   4.4279244094488192E+01       32   9.3190000000000006E-01   2.3373929289278693E-03   2.0298799288290190E-03   6.0693409871987678E-05
      52   4.4279244094488192E+01       33   9.6180000000000010E-01   2.1331925378269985E-03   1.9733294678159147E-03   5.9002551087695865E-05
      52   4.4279244094488192E+01       34   9.9170000000000014E-01   2.1756376739063264E-03   2.1396719681988372E-03   6.3976191849145252E-05
      52   4.4279244094488192E+01       35   1.0216000000000001E+00   1.9716483558641601E-03   2.0577434570944039E-03   6.1526529367122694E-05
      52   4.4279244094488192E+01       36   1.0515000000000001E+00   2.0954177215459671E-03   2.3168033185171724E-03   6.9272419223663471E-05
      52   4.4279244094488192E+01       37   1.0814000000000001E+00   1.9311806377040100E-03   2.2583727711804249E-03   6.7525345858294723E-05
      52   4.4279244094488192E+01       38   1.1113000000000002E+00   1.9628468765039309E-03   2.4240917298373054E-03   7.2480342722135445E-05
      52   4.4279244094488192E+01       39   1.1412000000000002E+00   1.8910464849477757E-03   2.4627806381278855E-03   7.3637141080023789E-05
      52   4.4279244094488192E+01       40   1.1711000000000000E+00   1.9023475787409362E-03   2.6090225450467173E-03   7.8009774096896858E-05
      52   4.4279244094488192E+01       41   1.2010000000000001E+00   1.8301338049598443E-03   2.6397868304078847E-03   7.8929626229195767E-05
      52   4.4279244094488192E+01       42   1.2309000000000001E+00   1.7836016952281076E-03   2.7023613435812124E-03   8.0800604173078265E-05
      52   4.4279244094488192E+01       43   1.2608000000000001E+00   1.8269765561034254E-03   2.9041923344718993E-03   8.6835350800709802E-05
      52   4.4279244094488192E+01       44   1.2907000000000002E+00   1.7628632370592218E-03   2.9367653075993670E-03   8.7809282697221087E-05
      52   4.4279244094488192E+01       45   1.3206000000000002E+00   1.6970283517627369E-03   2.9595909039507929E-03   8.8491768028128729E-05
      52   4.4279244094488192E+01       46   1.3505000000000000E+00   1.6623998626175938E-03   3.0319684050350640E-03   9.0655855310548439E-05
      52   4.4279244094488192E+01       47   1.3804000000000001E+00   1.6480580580100052E-03   3.1403814854595864E-03   9.3897406415241656E-05
      52   4.4279244094488192E+01       48   1.4103000000000001E+00   1.5827275916955876E-03   3.1479598550380556E-03   9.4123999665637886E-05
      52   4.4279244094488192E+01       49   1.4402000000000001E+00   1.5840125530972042E-03   3.2855208846934492E-03   9.8237074452334151E-05
      52   4.4279244094488192E+01       50   1.4701000000000002E+00   1.5480996137211913E-03   3.3457436120575531E-03   1.0003773400052086E-04
 
      53   4.5147464566929138E+01        1   5.0000000000000001E-03   7.2846837420844121E-02   1.8211709355211031E-06   5.4453010972080992E-08
      53   4.5147464566929138E+01        2   3.4900000000000000E-02   7.3724202951623130E-02   8.9796816437106498E-05   2.6849248114694848E-06
      53   4.5147464566929138E+01        3   6.4800000000000010E-02   7.8998306967074619E-02   3.3171705088702510E-04   9.9183398215220526E-06
      53   4.5147464566929138E+01        4   9.4700000000000006E-02   8.6776062768713594E-02   7.7821554075547280E-04   2.3268644668588641E-05
      53   4.5147464566929138E+01        5   1.2460000000000002E-01   8.6354432319257754E-02   1.3406663784656481E-03   4.0085924716122888E-05
      53   4.5147464566929138E+01        6   1.5450000000000003E-01   7.8273128543406997E-02   1.8683991466132617E-03   5.5865134483736533E-05
      53   4.5147464566929138E+01        7   1.8440000000000001E-01   7.2606300029966445E-02   2.4688581581869600E-03   7.3818858929790117E-05
      53   4.5147464566929138E+01        8   2.1430000000000002E-01   5.9471944495584711E-02   2.7312187202680354E-03   8.1663439736014278E-05
      53   4.5147464566929138E+01        9   2.4420000000000003E-01   4.1662553264900190E-02   2.4844897028798831E-03   7.4286242116108520E-05
      53   4.5147464566929138E+01       10   2.7410000000000001E-01   4.5102706545897507E-02   3.3886028759855824E-03   1.0131922599196894E-04
      53   4.5147464566929138E+01       11   3.0400000000000005E-01   4.9919746065114658E-02   4.6133832523536375E-03   1.3794015924537380E-04
      53   4.5147464566929138E+01       12   3.3390000000000003E-01   3.6829697120494678E-02   4.1061138365032276E-03   1.2277280371144654E-04
      53   4.5147464566929138E+01       13   3.6380000000000001E-01   3.0695941730424565E-02   4.0626213942360533E-03   1.2147237968765801E-04
      53   4.5147464566929138E+01       14   3.9370000000000005E-01   2.6368388470970356E-02   4.0870920387999802E-03   1.2220405196011945E-04
      53   4.5147464566929138E+01       15   4.2360000000000003E-01   1.8895796238973018E-02   3.3906042339007527E-03   1.0137906659363252E-04
      53   4.5147464566929138E+01       16   4.5350000000000007E-01   1.5531393553858068E-02   3.1942213439219475E-03   9.5507218183266246E-05
      53   4.5147464566929138E+01       17   4.8340000000000005E-01   1.0959436543387916E-02   2.5609524715606360E-03   7.6572478899663033E-05
      53   4.5147464566929138E+01       18   5.1330000000000009E-01   1.0089751044028540E-02   2.6584162259548935E-03   7.9486645156051335E-05
      53   4.5147464566929138E+01       19   5.4320000000000002E-01   9.2963597272077043E-03   2.7430419103946033E-03   8.2016953120798658E-05
      53   4.5147464566929138E+01       20   5.7310000000000005E-01   8.5263951106548889E-03   2.8004399904298415E-03   8.3733155713852273E-05
      53   4.5147464566929138E+01       21   6.0300000000000009E-01   6.6568889086941387E-03   2.4205047192013681E-03   7.2373091104120917E-05
      53   4.5147464566929138E+01       22   6.3290000000000002E-01   5.7459229910049254E-03   2.3016007609513414E-03   6.8817862752445130E-05
      53   4.5147464566929138E+01       23   6.6280000000000006E-01   4.8370493046534600E-03   2.1249343338035952E-03   6.3535536580727517E-05
      53   4.5147464566929138E+01       24   6.9270000000000009E-01   3.7290392630372317E-03   1.7893171781223308E-03   5.3500583625857704E-05
      53   4.5147464566929138E+01       25   7.2260000000000002E-01   2.6601305641045952E-03   1.3889891957464431E-03   4.1530776952818662E-05
      53   4.5147464566929138E+01       26   7.5250000000000006E-01   3.3510431920620014E-03   1.8975491515250591E-03   5.6736719630599279E-05
      53   4.5147464566929138E+01       27   7.8240000000000010E-01   3.3425370487496957E-03   2.0461332521832347E-03   6.1179384240278733E-05
      53   4.5147464566929138E+01       28   8.1230000000000013E-01   2.4502014560213409E-03   1.6167195874864401E-03   4.8339915665844572E-05
      53   4.5147464566929138E+01       29   8.4220000000000006E-01   2.6362056048486637E-03   1.8698628499318657E-03   5.5908899212962799E-05
      53   4.5147464566929138E+01       30   8.7210000000000010E-01   2.3959740533815110E-03   1.8222782164410973E-03   5.4486118671588825E-05
      53   4.5147464566929138E+01       31   9.0200000000000014E-01   2.0276510335552576E-03   1.6497049915046923E-03   4.9326179245990306E-05
      53   4.5147464566929138E+01       32   9.3190000000000006E-01   2.2172808540893841E-03   1.9255700856241438E-03   5.7574545560161908E-05
      53   4.5147464566929138E+01       33   9.6180000000000010E-01   2.0642887930064457E-03   1.9095894219990604E-03   5.7096723717771919E-05
      53   4.5147464566929138E+01       34   9.9170000000000014E-01   2.1029906686186616E-03   2.0682258985467534E-03   6.1839954366547936E-05
      53   4.5147464566929138E+01       35   1.0216000000000001E+00   1.8792580672205082E-03   1.9613188023682769E-03   5.8643432190811494E-05
      53   4.5147464566929138E+01       36   1.0515000000000001E+00   2.0294795096210262E-03   2.2438985861413844E-03   6.7092567725627402E-05
      53   4.5147464566929138E+01       37   1.0814000000000001E+00   1.8471833392367945E-03   2.1601441497829947E-03   6.4588310078511559E-05
      53   4.5147464566929138E+01       38   1.1113000000000002E+00   1.8756821126824142E-03   2.3164443195159748E-03   6.9261685153527663E-05
      53   4.5147464566929138E+01       39   1.1412000000000002E+00   1.8280828311425103E-03   2.3807807144180901E-03   7.1185343361100908E-05
      53   4.5147464566929138E+01       40   1.1711000000000000E+00   1.8231984118152942E-03   2.5004714247160473E-03   7.4764095599009833E-05
      53   4.5147464566929138E+01       41   1.2010000000000001E+00   1.7476612013004461E-03   2.5208282644169655E-03   7.5372765106067284E-05
      53   4.5147464566929138E+01       42   1.2309000000000001E+00   1.7153649741902875E-03   2.5989748769509728E-03   7.7709348820834099E-05
      53   4.5147464566929138E+01       43   1.2608000000000001E+00   1.7350154659755439E-03   2.7580094553720791E-03   8.2464482715625178E-05
      53   4.5147464566929138E+01       44   1.2907000000000002E+00   1.6964588053358673E-03   2.8261417338266686E-03   8.4501637841417416E-05
      53   4.5147464566929138E+01       45   1.3206000000000002E+00   1.6095007102917935E-03   2.8069440661577802E-03   8.3927627578117645E-05
      53   4.5147464566929138E+01       46   1.3505000000000000E+00   1.6056639056043485E-03   2.9284905156524675E-03   8.7561866418008801E-05
      53   4.5147464566929138E+01       47   1.3804000000000001E+00   1.5740877672469379E-03   2.9994307886941525E-03   8.9682980581955179E-05
      53   4.5147464566929138E+01       48   1.4103000000000001E+00   1.5278604376323848E-03   3.0388320434946211E-03   9.0861078100489193E-05
      53   4.5147464566929138E+01       49   1.4402000000000001E+00   1.5133046133969869E-03   3.1388601703294934E-03   9.3851919092851867E-05
      53   4.5147464566929138E+01       50   1.4701000000000002E+00   1.4998066818698620E-03   3.2413732170151221E-03   9.6917059188752173E-05
 
      54   4.6015685039370084E+01        1   5.0000000000000001E-03   6.6500695812466176E-02   1.6625173953116544E-06   4.9709270119818480E-08
      54   4.6015685039370084E+01        2   3.4900000000000000E-02   6.7847580701761029E-02   8.2639031770551948E-05   2.4709070499395039E-06
      54   4.6015685039370084E+01        3   6.4800000000000010E-02   7.4133546794970903E-02   3.1128972833395469E-04   9.3075628771852465E-06
      54   4.6015685039370084E+01        4   9.4700000000000006E-02   8.2933237855632794E-02   7.4375274108072205E-04   2.2238206958313594E-05
      54   4.6015685039370084E+01        5   1.2460000000000002E-01   8.2959528396677570E-02   1.2879599518829631E-03   3.8510002561300607E-05
      54   4.6015685039370084E+01        6   1.5450000000000003E-01   7.4465456468702951E-02   1.7775090622720573E-03   5.3147520961934525E-05
      54   4.6015685039370084E+01        7   1.8440000000000001E-01   6.8075357421946356E-02   2.3147908855471141E-03   6.9212247477858722E-05
      54   4.6015685039370084E+01        8   2.1430000000000002E-01   5.5285875539661855E-02   2.5389756383624460E-03   7.5915371587037149E-05
      54   4.6015685039370084E+01        9   2.4420000000000003E-01   3.8945964081698099E-02   2.3224896015009155E-03   6.9442439084877388E-05
      54   4.6015685039370084E+01       10   2.7410000000000001E-01   4.3219324495143006E-02   3.2471028569729353E-03   9.7088375423490787E-05
      54   4.6015685039370084E+01       11   3.0400000000000005E-01   4.8314813346385509E-02   4.4650617902195645E-03   1.3350534752756501E-04
      54   4.6015685039370084E+01       12   3.3390000000000003E-01   3.5618150145881156E-02   3.9710394214256756E-03   1.1873407870062773E-04
      54   4.6015685039370084E+01       13   3.6380000000000001E-01   2.9200843034095449E-02   3.8647444239334680E-03   1.1555585827561071E-04
      54   4.6015685039370084E+01       14   3.9370000000000005E-01   2.4603564021467083E-02   3.8135447962225526E-03   1.1402498940705435E-04
      54   4.6015685039370084E+01       15   4.2360000000000003E-01   1.7495977297227468E-02   3.1394249784435137E-03   9.3868806855461082E-05
      54   4.6015685039370084E+01       16   4.5350000000000007E-01   1.4517495918703018E-02   2.9857008750062810E-03   8.9272456162687818E-05
      54   4.6015685039370084E+01       17   4.8340000000000005E-01   1.0344305430889687E-02   2.4172113643741895E-03   7.2274619794788280E-05
      54   4.6015685039370084E+01       18   5.1330000000000009E-01   9.6294951637271795E-03   2.5371494380088786E-03   7.5860768196465487E-05
      54   4.6015685039370084E+01       19   5.4320000000000002E-01   8.9108787499929971E-03   2.6292994878563342E-03   7.8616054686904413E-05
      54   4.6015685039370084E+01       20   5.7310000000000005E-01   8.2389933114982109E-03   2.7060447059943271E-03   8.0910736709230400E-05
      54   4.6015685039370084E+01       21   6.0300000000000009E-01   6.4602432749831847E-03   2.3490025969733616E-03   7.0235177649503527E-05
      54   4.6015685039370084E+01       22   6.3290000000000002E-01   5.6085555087904432E-03   2.2465765112198765E-03   6.7172637685474317E-05
      54   4.6015685039370084E+01       23   6.6280000000000006E-01   4.7298797259919898E-03   2.0778543263664292E-03   6.2127844358356247E-05
      54   4.6015685039370084E+01       24   6.9270000000000009E-01   3.6024423268344380E-03   1.7285717537202242E-03   5.1684295436234716E-05
      54   4.6015685039370084E+01       25   7.2260000000000002E-01   2.5251164247036485E-03   1.3184914602474931E-03   3.9422894661400054E-05
      54   4.6015685039370084E+01       26   7.5250000000000006E-01   3.2218147859965855E-03   1.8243727589129794E-03   5.4548745491498096E-05
      54   4.6015685039370084E+01       27   7.8240000000000010E-01   3.2419147220680879E-03   1.9845373190544471E-03   5.9337665839727983E-05
      54   4.6015685039370084E+01       28   8.1230000000000013E-01   2.3423222698201822E-03   1.5455375248911794E-03   4.6211571994246275E-05
      54   4.6015685039370084E+01       29   8.4220000000000006E-01   2.4878086268759541E-03   1.7646047488023612E-03   5.2761681989190610E-05
      54   4.6015685039370084E+01       30   8.7210000000000010E-01   2.2785360625575761E-03   1.7329597648664508E-03   5.1815496969506892E-05
      54   4.6015685039370084E+01       31   9.0200000000000014E-01   1.9288891746104344E-03   1.5693519480197483E-03   4.6923623245790485E-05
      54   4.6015685039370084E+01       32   9.3190000000000006E-01   2.0663202356982504E-03   1.7944702069844253E-03   5.3654659188834328E-05
      54   4.6015685039370084E+01       33   9.6180000000000010E-01   1.9455187451068012E-03   1.7997200917542514E-03   5.3811630743452128E-05
      54   4.6015685039370084E+01       34   9.9170000000000014E-01   2.0055399075589271E-03   1.9723861067376812E-03   5.8974344591456682E-05
      54   4.6015685039370084E+01       35   1.0216000000000001E+00   1.7535672028297423E-03   1.8301394503061395E-03   5.4721169564153585E-05
      54   4.6015685039370084E+01       36   1.0515000000000001E+00   1.9319433321190046E-03   2.1360574920298750E-03   6.3868119011693274E-05
      54   4.6015685039370084E+01       37   1.0814000000000001E+00   1.7456460911048168E-03   2.0414038559104985E-03   6.1037975291723919E-05
      54   4.6015685039370084E+01       38   1.1113000000000002E+00   1.7583568718552462E-03   2.1715490913681371E-03   6.4929317831907305E-05
      54   4.6015685039370084E+01       39   1.1412000000000002E+00   1.7404064405548828E-03   2.2665964683517593E-03   6.7771234403717613E-05
      54   4.6015685039370084E+01       40   1.1711000000000000E+00   1.7266675504619675E-03   2.3680817413700124E-03   7.0805644066963388E-05
      54   4.6015685039370084E+01       41   1.2010000000000001E+00   1.6451326989488160E-03   2.3729410500964716E-03   7.0950937397884511E-05
      54   4.6015685039370084E+01       42   1.2309000000000001E+00   1.6315068156162284E-03   2.4719201389560874E-03   7.3910412154787027E-05
      54   4.6015685039370084E+01       43   1.2608000000000001E+00   1.6320954082925689E-03   2.5944060190894623E-03   7.7572739970774944E-05
      54   4.6015685039370084E+01       44   1.2907000000000002E+00   1.6155616339942490E-03   2.6913746110660249E-03   8.0472100870874165E-05
      54   4.6015685039370084E+01       45   1.3206000000000002E+00   1.5157206022493536E-03   2.6433930244526547E-03   7.9037451431134399E-05
      54   4.6015685039370084E+01       46   1.3505000000000000E+00   1.5335719879392906E-03   2.7970056535960722E-03   8.3630469042522579E-05
      54   4.6015685039370084E+01       47   1.3804000000000001E+00   1.5020498894412471E-03   2.8621623128578366E-03   8.5578653154449335E-05
      54   4.6015685039370084E+01       48   1.4103000000000001E+00   1.4689297338140593E-03   2.9216220505542145E-03   8.7356499311571034E-05
      54   4.6015685039370084E+01       49   1.4402000000000001E+00   1.4485009432416863E-03   3.0044459503893060E-03   8.9832933916640274E-05
      54   4.6015685039370084E+01       50   1.4701000000000002E+00   1.4406997220947511E-03   3.1136316095998415E-03   9.3097585127035278E-05
 
      55   4.6883905511811022E+01        1   5.0000000000000001E-03   5.8098288962697003E-02   1.4524572240674252E-06   4.3428470999616021E-08
      55   4.6883905511811022E+01        2   3.4900000000000000E-02   5.9773215693812040E-02   7.2804374447220006E-05   2.1768507959718786E-06
      55   4.6883905511811022E+01        3   6.4800000000000010E-02   6.6834789564716682E-02   2.8064195477382802E-04   8.3911944477374592E-06
      55   4.6883905511811022E+01        4   9.4700000000000006E-02   7.6804167075295915E-02   6.8878668270629063E-04   2.0594721812918094E-05
      55   4.6883905511811022E+01        5   1.2460000000000002E-01   7.8051067993790288E-02   1.2117553187744735E-03   3.6231484031356763E-05
      55   4.6883905511811022E+01        6   1.5450000000000003E-01   7.0085158834585853E-02   1.6729502626712737E-03   5.0021212853871093E-05
      55   4.6883905511811022E+01        7   1.8440000000000001E-01   6.3695378103910516E-02   2.1658568720033869E-03   6.4759120472901276E-05
      55   4.6883905511811022E+01        8   2.1430000000000002E-01   5.1537018309935692E-02   2.3668112820044588E-03   7.0767657331933332E-05
      55   4.6883905511811022E+01        9   2.4420000000000003E-01   3.6244318198758681E-02   2.1613806235102240E-03   6.4625280642955705E-05
      55   4.6883905511811022E+01       10   2.7410000000000001E-01   4.0844692285052650E-02   3.0686948155767566E-03   9.1753974985745040E-05
      55   4.6883905511811022E+01       11   3.0400000000000005E-01   4.6420131932499636E-02   4.2899629126738874E-03   1.2826989108894927E-04
      55   4.6883905511811022E+01       12   3.3390000000000003E-01   3.4459609944536299E-02   3.8418746896244963E-03   1.1487205321977247E-04
      55   4.6883905511811022E+01       13   3.6380000000000001E-01   2.7841362228241580E-02   3.6848165411071539E-03   1.1017601457910393E-04
      55   4.6883905511811022E+01       14   3.9370000000000005E-01   2.2966832089607831E-02   3.5598518541712673E-03   1.0643957043972092E-04
      55   4.6883905511811022E+01       15   4.2360000000000003E-01   1.6049505013620131E-02   2.8798743891487555E-03   8.6108244235547811E-05
      55   4.6883905511811022E+01       16   4.5350000000000007E-01   1.3391037458581301E-02   2.7540308935661132E-03   8.2345523717626800E-05
      55   4.6883905511811022E+01       17   4.8340000000000005E-01   9.7095794170654788E-03   2.2688914076472500E-03   6.7839853088652791E-05
      55   4.6883905511811022E+01       18   5.1330000000000009E-01   9.2275121955223902E-03   2.4312362157133120E-03   7.2693962849828042E-05
      55   4.6883905511811022E+01       19   5.4320000000000002E-01   8.5572161804550306E-03   2.5249456032340276E-03   7.5495873536697439E-05
      55   4.6883905511811022E+01       20   5.7310000000000005E-01   7.8801079489566380E-03   2.5881711019450143E-03   7.7386315948155937E-05
      55   4.6883905511811022E+01       21   6.0300000000000009E-01   6.1907670488045956E-03   2.2510186158487908E-03   6.7305456613878862E-05
      55   4.6883905511811022E+01       22   6.3290000000000002E-01   5.4316844091187111E-03   2.1757285972760173E-03   6.5054285058552925E-05
      55   4.6883905511811022E+01       23   6.6280000000000006E-01   4.5852756478494735E-03   2.0143291995587619E-03   6.0228443066806991E-05
      55   4.6883905511811022E+01       24   6.9270000000000009E-01   3.4543136199910018E-03   1.6574946689720926E-03   4.9559090602265576E-05
      55   4.6883905511811022E+01       25   7.2260000000000002E-01   2.3915866992276929E-03   1.2487688126076313E-03   3.7338187496968181E-05
      55   4.6883905511811022E+01       26   7.5250000000000006E-01   3.0805694258519930E-03   1.7443916909476030E-03   5.2157311559333341E-05
      55   4.6883905511811022E+01       27   7.8240000000000010E-01   3.1274522364331814E-03   1.9144691359440356E-03   5.7242627164726679E-05
      55   4.6883905511811022E+01       28   8.1230000000000013E-01   2.2454274872264644E-03   1.4816033154980970E-03   4.4299939133393113E-05
      55   4.6883905511811022E+01       29   8.4220000000000006E-01   2.3524488151578059E-03   1.6685939206484367E-03   4.9890958227388270E-05
      55   4.6883905511811022E+01       30   8.7210000000000010E-01   2.1560646193323880E-03   1.6398130787366966E-03   4.9030411054227240E-05
      55   4.6883905511811022E+01       31   9.0200000000000014E-01   1.8349996952464291E-03   1.4929630920512760E-03   4.4639596452333166E-05
      55   4.6883905511811022E+01       32   9.3190000000000006E-01   1.9289316586768531E-03   1.6751567995146623E-03   5.0087188305488413E-05
      55   4.6883905511811022E+01       33   9.6180000000000010E-01   1.8061750165334900E-03   1.6708188881014580E-03   4.9957484754233603E-05
      55   4.6883905511811022E+01       34   9.9170000000000014E-01   1.9028195068500372E-03   1.8713637882721540E-03   5.5953777269337412E-05
      55   4.6883905511811022E+01       35   1.0216000000000001E+00   1.6226560133907352E-03   1.6935118195588227E-03   5.0636003404808812E-05
      55   4.6883905511811022E+01       36   1.0515000000000001E+00   1.8115825943678394E-03   2.0029803715236392E-03   5.9889113108556825E-05
      55   4.6883905511811022E+01       37   1.0814000000000001E+00   1.6488354448548758E-03   1.9281909729814406E-03   5.7652910092145088E-05
      55   4.6883905511811022E+01       38   1.1113000000000002E+00   1.6277177042208055E-03   2.0102113275077562E-03   6.0105318692481924E-05
      55   4.6883905511811022E+01       39   1.1412000000000002E+00   1.6395602148361898E-03   2.1352606529156143E-03   6.3844293522176881E-05
      55   4.6883905511811022E+01       40   1.1711000000000000E+00   1.6271068510083327E-03   2.2315367101790919E-03   6.6722947634354859E-05
      55   4.6883905511811022E+01       41   1.2010000000000001E+00   1.5352942344587926E-03   2.2145099390775973E-03   6.6213847178420173E-05
      55   4.6883905511811022E+01       42   1.2309000000000001E+00   1.5431727833451825E-03   2.3380839384352079E-03   6.9908709759212729E-05
      55   4.6883905511811022E+01       43   1.2608000000000001E+00   1.5304382549400104E-03   2.4328101165452033E-03   7.2741022484701587E-05
      55   4.6883905511811022E+01       44   1.2907000000000002E+00   1.5310582274062391E-03   2.5505998376039504E-03   7.6262935144358131E-05
      55   4.6883905511811022E+01       45   1.3206000000000002E+00   1.4292987662995877E-03   2.4926746941937770E-03   7.4530973356393945E-05
      55   4.6883905511811022E+01       46   1.3505000000000000E+00   1.4508592109537082E-03   2.6461499346127236E-03   7.9119883044920456E-05
      55   4.6883905511811022E+01       47   1.3804000000000001E+00   1.4322956053835585E-03   2.7292452344080892E-03   8.1604432508801885E-05
      55   4.6883905511811022E+01       48   1.4103000000000001E+00   1.3980415049393478E-03   2.7806291849068318E-03   8.3140812628714286E-05
      55   4.6883905511811022E+01       49   1.4402000000000001E+00   1.3922669850300251E-03   2.8878068216323170E-03   8.6345423966806297E-05
      55   4.6883905511811022E+01       50   1.4701000000000002E+00   1.3710718346053288E-03   2.9631522362287481E-03   8.8598251863239582E-05
 
      56   4.7752125984251968E+01        1   5.0000000000000001E-03   4.8576476969212440E-02   1.2144119242303110E-06   3.6310916534486306E-08
      56   4.7752125984251968E+01        2   3.4900000000000000E-02   5.0576818072947470E-02   6.1603070181030746E-05   1.8419317984128198E-06
      56   4.7752125984251968E+01        3   6.4800000000000010E-02   5.8347728319986823E-02   2.4500444512475753E-04   7.3256329092302520E-06
      56   4.7752125984251968E+01        4   9.4700000000000006E-02   6.9564357218054221E-02   6.2385941632365995E-04   1.8653396548077438E-05
      56   4.7752125984251968E+01        5   1.2460000000000002E-01   7.2488303989840561E-02   1.1253925175709134E-03   3.3649236275370318E-05
      56   4.7752125984251968E+01        6   1.5450000000000003E-01   6.5758815833722645E-02   1.5696793736549187E-03   4.6933413272282077E-05
      56   4.7752125984251968E+01        7   1.8440000000000001E-01   6.0088833127530349E-02   2.0432222248153407E-03   6.1092344521978699E-05
      56   4.7752125984251968E+01        8   2.1430000000000002E-01   4.8853522334345839E-02   2.2435730979084422E-03   6.7082835627462441E-05
      56   4.7752125984251968E+01        9   2.4420000000000003E-01   3.4090282498662514E-02   2.0329276340235415E-03   6.0784536257303902E-05
      56   4.7752125984251968E+01       10   2.7410000000000001E-01   3.8378025240719475E-02   2.8833721225356994E-03   8.6212826463817434E-05
      56   4.7752125984251968E+01       11   3.0400000000000005E-01   4.4400557724890363E-02   4.1033219427034692E-03   1.2268932608683374E-04
      56   4.7752125984251968E+01       12   3.3390000000000003E-01   3.3365244510269426E-02   3.7198647519067758E-03   1.1122395608201262E-04
      56   4.7752125984251968E+01       13   3.6380000000000001E-01   2.6788585108691358E-02   3.5454810261127496E-03   1.0600988268077124E-04
      56   4.7752125984251968E+01       14   3.9370000000000005E-01   2.1785145431642138E-02   3.3766907885094486E-03   1.0096305457643254E-04
      56   4.7752125984251968E+01       15   4.2360000000000003E-01   1.4850752984477994E-02   2.6647739692456590E-03   7.9676741680445224E-05
      56   4.7752125984251968E+01       16   4.5350000000000007E-01   1.2325808230461090E-02   2.5349534537451473E-03   7.5795108266979924E-05
      56   4.7752125984251968E+01       17   4.8340000000000005E-01   9.1005214232290303E-03   2.1265694398650411E-03   6.3584426251964748E-05
      56   4.7752125984251968E+01       18   5.1330000000000009E-01   8.9002158066064305E-03   2.3450011810535044E-03   7.0115535313499801E-05
      56   4.7752125984251968E+01       19   5.4320000000000002E-01   8.2949069185220357E-03   2.4475469955982836E-03   7.3181655168388701E-05
      56   4.7752125984251968E+01       20   5.7310000000000005E-01   7.5247773486216444E-03   2.4714650368275219E-03   7.3896804601142926E-05
      56   4.7752125984251968E+01       21   6.0300000000000009E-01   5.8642668570245172E-03   2.1323002076158283E-03   6.3755776207713287E-05
      56   4.7752125984251968E+01       22   6.3290000000000002E-01   5.2173764067543343E-03   2.0898848673666565E-03   6.2487557534263047E-05
      56   4.7752125984251968E+01       23   6.6280000000000006E-01   4.4470366608083808E-03   1.9536002817138994E-03   5.8412648423245601E-05
      56   4.7752125984251968E+01       24   6.9270000000000009E-01   3.3170166975739247E-03   1.5916150349818317E-03   4.7589289545956779E-05
      56   4.7752125984251968E+01       25   7.2260000000000002E-01   2.2658035397456117E-03   1.1830910402888615E-03   3.5374422104636966E-05
      56   4.7752125984251968E+01       26   7.5250000000000006E-01   2.9537771042959797E-03   1.6725947464145006E-03   5.0010582917793581E-05
      56   4.7752125984251968E+01       27   7.8240000000000010E-01   3.0205884502668865E-03   1.8490524948896467E-03   5.5286669597200446E-05
      56   4.7752125984251968E+01       28   8.1230000000000013E-01   2.1583615225242592E-03   1.4241544676935464E-03   4.2582218584037047E-05
      56   4.7752125984251968E+01       29   8.4220000000000006E-01   2.2442181792700767E-03   1.5918258396995363E-03   4.7595592607016147E-05
      56   4.7752125984251968E+01       30   8.7210000000000010E-01   2.0520807153862528E-03   1.5607272460858312E-03   4.6665744657966360E-05
      56   4.7752125984251968E+01       31   9.0200000000000014E-01   1.7568042077319554E-03   1.4293429306275502E-03   4.2737353625763757E-05
      56   4.7752125984251968E+01       32   9.3190000000000006E-01   1.8310215653742211E-03   1.5901279920920476E-03   4.7544826963552233E-05
      56   4.7752125984251968E+01       33   9.6180000000000010E-01   1.6814457503701468E-03   1.5554369279386379E-03   4.6507564145365284E-05
      56   4.7752125984251968E+01       34   9.9170000000000014E-01   1.8137620304873399E-03   1.7837785308475308E-03   5.3334978072341184E-05
      56   4.7752125984251968E+01       35   1.0216000000000001E+00   1.5188349526171735E-03   1.5851572502057285E-03   4.7396201781151295E-05
      56   4.7752125984251968E+01       36   1.0515000000000001E+00   1.6868343013607399E-03   1.8650521406766802E-03   5.5765059006232753E-05
      56   4.7752125984251968E+01       37   1.0814000000000001E+00   1.5690301103202355E-03   1.8348645430301478E-03   5.4862449836601431E-05
      56   4.7752125984251968E+01       38   1.1113000000000002E+00   1.5092224324739832E-03   1.8638711255772259E-03   5.5729746654759065E-05
      56   4.7752125984251968E+01       39   1.1412000000000002E+00   1.5306476087551676E-03   1.9934196883283272E-03   5.9603248681017000E-05
      56   4.7752125984251968E+01       40   1.1711000000000000E+00   1.5357393879725748E-03   2.1062284996249585E-03   6.2976232138786277E-05
      56   4.7752125984251968E+01       41   1.2010000000000001E+00   1.4220001192172523E-03   2.0510943939590844E-03   6.1327722379376630E-05
      56   4.7752125984251968E+01       42   1.2309000000000001E+00   1.4494810536730622E-03   2.1961302112344619E-03   6.5664293315910419E-05
      56   4.7752125984251968E+01       43   1.2608000000000001E+00   1.4289421257731344E-03   2.2714701807259479E-03   6.7916958403705863E-05
      56   4.7752125984251968E+01       44   1.2907000000000002E+00   1.4369169231685402E-03   2.3937692278973030E-03   7.1573699914129381E-05
      56   4.7752125984251968E+01       45   1.3206000000000002E+00   1.3486705507689473E-03   2.3520603473336310E-03   7.0326604385275582E-05
      56   4.7752125984251968E+01       46   1.3505000000000000E+00   1.3562202327511911E-03   2.4735426105583183E-03   7.3958924055693738E-05
      56   4.7752125984251968E+01       47   1.3804000000000001E+00   1.3578779363276154E-03   2.5874420564444868E-03   7.7364517487690177E-05
      56   4.7752125984251968E+01       48   1.4103000000000001E+00   1.3063277552113959E-03   2.5982154809861832E-03   7.7686642881486897E-05
      56   4.7752125984251968E+01       49   1.4402000000000001E+00   1.3278908555389422E-03   2.7542793962939756E-03   8.2352953949189892E-05
      56   4.7752125984251968E+01       50   1.4701000000000002E+00   1.2875987597262680E-03   2.7827507268038403E-03   8.3204246731434842E-05
 
      57   4.8620346456692907E+01        1   5.0000000000000001E-03   3.9635840786692106E-02   9.9089601966730269E-07   2.9627790988052357E-08
      57   4.8620346456692907E+01        2   3.4900000000000000E-02   4.1932676082713519E-02   5.1074418795505896E-05   1.5271251219856267E-06
      57   4.8620346456692907E+01        3   6.4800000000000010E-02   5.0378030305307728E-02   2.1153936437319943E-04   6.3250269947586644E-06
      57   4.8620346456692907E+01        4   9.4700000000000006E-02   6.2842755651341231E-02   5.6357948852923685E-04   1.6851026707024184E-05
      57   4.8620346456692907E+01        5   1.2460000000000002E-01   6.7497292267257078E-02   1.0479062620159293E-03   3.1332397234276293E-05
      57   4.8620346456692907E+01        6   1.5450000000000003E-01   6.2235673429167075E-02   1.4855810836725760E-03   4.4418874401810033E-05
      57   4.8620346456692907E+01        7   1.8440000000000001E-01   5.7721631665545427E-02   1.9627294213109409E-03   5.8685609697197146E-05
      57   4.8620346456692907E+01        8   2.1430000000000002E-01   4.7581475001104045E-02   2.1851549728734532E-03   6.5336133688916260E-05
      57   4.8620346456692907E+01        9   2.4420000000000003E-01   3.2891525105103833E-02   1.9614413671687246E-03   5.8647096878344881E-05
      57   4.8620346456692907E+01       10   2.7410000000000001E-01   3.6375189935878599E-02   2.7328974837864074E-03   8.1713634765213599E-05
      57   4.8620346456692907E+01       11   3.0400000000000005E-01   4.2644678217714671E-02   3.9410505821683203E-03   1.1783741240683279E-04
      57   4.8620346456692907E+01       12   3.3390000000000003E-01   3.2385930564456197E-02   3.6106818137460763E-03   1.0795938623100771E-04
      57   4.8620346456692907E+01       13   3.6380000000000001E-01   2.6039316346506407E-02   3.4463149757593156E-03   1.0304481777520356E-04
      57   4.8620346456692907E+01       14   3.9370000000000005E-01   2.1173557598796428E-02   3.2818948640105918E-03   9.8128656433916711E-05
      57   4.8620346456692907E+01       15   4.2360000000000003E-01   1.4119186067933550E-02   2.5335038257043503E-03   7.5751764388560085E-05
      57   4.8620346456692907E+01       16   4.5350000000000007E-01   1.1515632862831037E-02   2.3683309647437732E-03   7.0813095845838835E-05
      57   4.8620346456692907E+01       17   4.8340000000000005E-01   8.5888941973731661E-03   2.0070146613519256E-03   6.0009738374422586E-05
      57   4.8620346456692907E+01       18   5.1330000000000009E-01   8.6545963808380977E-03   2.2802861386284783E-03   6.8180555544991521E-05
      57   4.8620346456692907E+01       19   5.4320000000000002E-01   8.1579925693515080E-03   2.4071481933864891E-03   7.1973730982256045E-05
      57   4.8620346456692907E+01       20   5.7310000000000005E-01   7.2721341130397455E-03   2.3884859804909225E-03   7.1415730816678597E-05
      57   4.8620346456692907E+01       21   6.0300000000000009E-01   5.5592361027419247E-03   2.0213882800818894E-03   6.0439509574448503E-05
      57   4.8620346456692907E+01       22   6.3290000000000002E-01   4.9853725232498220E-03   1.9969528326607301E-03   5.9708889696555840E-05
      57   4.8620346456692907E+01       23   6.6280000000000006E-01   4.3359645836171662E-03   1.9048058916870225E-03   5.6953696161441985E-05
      57   4.8620346456692907E+01       24   6.9270000000000009E-01   3.2214624969418644E-03   1.5457649485192302E-03   4.6218371960724994E-05
      57   4.8620346456692907E+01       25   7.2260000000000002E-01   2.1505494366889648E-03   1.1229110227847150E-03   3.3575039581262987E-05
      57   4.8620346456692907E+01       26   7.5250000000000006E-01   2.8435790496070985E-03   1.6101944092090799E-03   4.8144812835351502E-05
      57   4.8620346456692907E+01       27   7.8240000000000010E-01   2.9453037519993099E-03   1.8029669849134774E-03   5.3908712848912988E-05
      57   4.8620346456692907E+01       28   8.1230000000000013E-01   2.0902158808923229E-03   1.3791898410676683E-03   4.1237776247923292E-05
      57   4.8620346456692907E+01       29   8.4220000000000006E-01   2.1618173030763977E-03   1.5333788289986238E-03   4.5848026987058861E-05
      57   4.8620346456692907E+01       30   8.7210000000000010E-01   1.9777490269442741E-03   1.5041936553117845E-03   4.4975390293822362E-05
      57   4.8620346456692907E+01       31   9.0200000000000014E-01   1.7016217848696900E-03   1.3844462906571196E-03   4.1394944090647887E-05
      57   4.8620346456692907E+01       32   9.3190000000000006E-01   1.7780388502707603E-03   1.5441158096162870E-03   4.6169062707526988E-05
      57   4.8620346456692907E+01       33   9.6180000000000010E-01   1.5992166704204927E-03   1.4793701577345117E-03   4.4233167716261907E-05
      57   4.8620346456692907E+01       34   9.9170000000000014E-01   1.7556981261496200E-03   1.7266744872994472E-03   5.1627567170253483E-05
      57   4.8620346456692907E+01       35   1.0216000000000001E+00   1.4655489069895884E-03   1.5295443862695839E-03   4.5733377149460572E-05
      57   4.8620346456692907E+01       36   1.0515000000000001E+00   1.5902408946508169E-03   1.7582534232126888E-03   5.2571777354059407E-05
      57   4.8620346456692907E+01       37   1.0814000000000001E+00   1.5149855498345144E-03   1.7716634310013554E-03   5.2972736586940537E-05
      57   4.8620346456692907E+01       38   1.1113000000000002E+00   1.4345685686768734E-03   1.7716745227768587E-03   5.2973068231028089E-05
      57   4.8620346456692907E+01       39   1.1412000000000002E+00   1.4339561628459703E-03   1.8674947981930448E-03   5.5838094465972049E-05
      57   4.8620346456692907E+01       40   1.1711000000000000E+00   1.4691526454076837E-03   2.0149064328825587E-03   6.0245702343188521E-05
      57   4.8620346456692907E+01       41   1.2010000000000001E+00   1.3280225838849075E-03   1.9155411030181749E-03   5.7274678980243443E-05
      57   4.8620346456692907E+01       42   1.2309000000000001E+00   1.3615581738794405E-03   2.0629169539212958E-03   6.1681216922246761E-05
      57   4.8620346456692907E+01       43   1.2608000000000001E+00   1.3437550508698783E-03   2.1360553889468057E-03   6.3868056129509507E-05
      57   4.8620346456692907E+01       44   1.2907000000000002E+00   1.3427660184710869E-03   2.2369226247224440E-03   6.6883986479201091E-05
      57   4.8620346456692907E+01       45   1.3206000000000002E+00   1.2791217562245672E-03   2.2307683373913785E-03   6.6699973288002228E-05
      57   4.8620346456692907E+01       46   1.3505000000000000E+00   1.2655619811297461E-03   2.3081955356739829E-03   6.9015046516652105E-05
      57   4.8620346456692907E+01       47   1.3804000000000001E+00   1.2874374772481130E-03   2.4532174686361851E-03   7.3351202312221957E-05
      57   4.8620346456692907E+01       48   1.4103000000000001E+00   1.2147397457734509E-03   2.4160518677236995E-03   7.2239950844938631E-05
      57   4.8620346456692907E+01       49   1.4402000000000001E+00   1.2542843428375266E-03   2.6016065312607435E-03   7.7788035284696248E-05
      57   4.8620346456692907E+01       50   1.4701000000000002E+00   1.2055712752313962E-03   2.6054734186581551E-03   7.7903655217878857E-05
 
      58   4.9488566929133853E+01        1   5.0000000000000001E-03   3.3842108348098990E-02   8.4605270870247482E-07   2.5296975990204002E-08
      58   4.9488566929133853E+01        2   3.4900000000000000E-02   3.6112916156101328E-02   4.3985893007292983E-05   1.3151782009180605E-06
      58   4.9488566929133853E+01        3   6.4800000000000010E-02   4.4769854900422137E-02   1.8799041152106863E-04   5.6209133044799532E-06
      58   4.9488566929133853E+01        4   9.4700000000000006E-02   5.8119497255629524E-02   5.2122088214323864E-04   1.5584504376082839E-05
      58   4.9488566929133853E+01        5   1.2460000000000002E-01   6.4153955334746549E-02   9.9600042120479406E-04   2.9780412594023349E-05
      58   4.9488566929133853E+01        6   1.5450000000000003E-01   6.0176441043270072E-02   1.4364266918131181E-03   4.2949158085212237E-05
      58   4.9488566929133853E+01        7   1.8440000000000001E-01   5.6929890682744191E-02   1.9358075676459967E-03   5.7880646272615313E-05
      58   4.9488566929133853E+01        8   2.1430000000000002E-01   4.7836850642814122E-02   2.1968829689774112E-03   6.5686800772424614E-05
      58   4.9488566929133853E+01        9   2.4420000000000003E-01   3.2828950015806026E-02   1.9577097868205716E-03   5.8535522625935104E-05
      58   4.9488566929133853E+01       10   2.7410000000000001E-01   3.5294181764696335E-02   2.6516804642688651E-03   7.9285245881639089E-05
      58   4.9488566929133853E+01       11   3.0400000000000005E-01   4.1580759639338750E-02   3.8427274828291311E-03   1.1489755173659105E-04
      58   4.9488566929133853E+01       12   3.3390000000000003E-01   3.1651283275912524E-02   3.5287765679176998E-03   1.0551041938073924E-04
      58   4.9488566929133853E+01       13   3.6380000000000001E-01   2.5514291825851677E-02   3.3768277494398732E-03   1.0096714970825224E-04
      58   4.9488566929133853E+01       14   3.9370000000000005E-01   2.1036818691569738E-02   3.2607003757795161E-03   9.7494941235807555E-05
      58   4.9488566929133853E+01       15   4.2360000000000003E-01   1.3926069780672281E-02   2.4988516261917012E-03   7.4715663623131876E-05
      58   4.9488566929133853E+01       16   4.5350000000000007E-01   1.1126146635277105E-02   2.2882283508410197E-03   6.8418027690146503E-05
      58   4.9488566929133853E+01       17   4.8340000000000005E-01   8.2729593186627749E-03   1.9331884016457429E-03   5.7802333209207723E-05
      58   4.9488566929133853E+01       18   5.1330000000000009E-01   8.5035528593143169E-03   2.2404896613227444E-03   6.6990640873550077E-05
      58   4.9488566929133853E+01       19   5.4320000000000002E-01   8.1448353418926318E-03   2.4032659397513739E-03   7.1857651598566092E-05
      58   4.9488566929133853E+01       20   5.7310000000000005E-01   7.1856132658594174E-03   2.3600687611027571E-03   7.0566055956972456E-05
      58   4.9488566929133853E+01       21   6.0300000000000009E-01   5.3687784409813758E-03   1.9521361601467977E-03   5.8368871188389265E-05
      58   4.9488566929133853E+01       22   6.3290000000000002E-01   4.7772029707553176E-03   1.9135679350249096E-03   5.7215681257244810E-05
      58   4.9488566929133853E+01       23   6.6280000000000006E-01   4.2458968621391395E-03   1.8652387957816749E-03   5.5770639993872090E-05
      58   4.9488566929133853E+01       24   6.9270000000000009E-01   3.1804053869170855E-03   1.5260643803381485E-03   4.5629324972110649E-05
      58   4.9488566929133853E+01       25   7.2260000000000002E-01   2.0618067224521478E-03   1.0765739471014981E-03   3.2189561018334802E-05
      58   4.9488566929133853E+01       26   7.5250000000000006E-01   2.7433903347178100E-03   1.5534619232235522E-03   4.6448511504384218E-05
      58   4.9488566929133853E+01       27   7.8240000000000010E-01   2.9120706205310086E-03   1.7826233314611082E-03   5.3300437610687150E-05
      58   4.9488566929133853E+01       28   8.1230000000000013E-01   2.0634562091138052E-03   1.3615329723180723E-03   4.0709835872310372E-05
      58   4.9488566929133853E+01       29   8.4220000000000006E-01   2.1080878692583036E-03   1.4952684964587252E-03   4.4708528044115892E-05
      58   4.9488566929133853E+01       30   8.7210000000000010E-01   1.9364772757551995E-03   1.4728040778495064E-03   4.4036841927700249E-05
      58   4.9488566929133853E+01       31   9.0200000000000014E-01   1.6794317645311232E-03   1.3663924013495802E-03   4.0855132800352455E-05
      58   4.9488566929133853E+01       32   9.3190000000000006E-01   1.7667018739609319E-03   1.5342703530051530E-03   4.5874683554854085E-05
      58   4.9488566929133853E+01       33   9.6180000000000010E-01   1.5680068604645640E-03   1.4504992346561359E-03   4.3369927116218477E-05
      58   4.9488566929133853E+01       34   9.9170000000000014E-01   1.7378709595221875E-03   1.7091420235245212E-03   5.1103346503383192E-05
      58   4.9488566929133853E+01       35   1.0216000000000001E+00   1.4663547093248064E-03   1.5303853752208208E-03   4.5758522719102552E-05
      58   4.9488566929133853E+01       36   1.0515000000000001E+00   1.5492024665452514E-03   1.7128791928413072E-03   5.1215087865955096E-05
      58   4.9488566929133853E+01       37   1.0814000000000001E+00   1.4945955532540713E-03   1.7478188396758739E-03   5.2259783306308639E-05
      58   4.9488566929133853E+01       38   1.1113000000000002E+00   1.4205716656774578E-03   1.7543885198744564E-03   5.2456216744246256E-05
      58   4.9488566929133853E+01       39   1.1412000000000002E+00   1.3800375509939039E-03   1.7972745712652709E-03   5.3738509680831610E-05
      58   4.9488566929133853E+01       40   1.1711000000000000E+00   1.4443783965548001E-03   1.9809291647344580E-03   5.9229782025560308E-05
      58   4.9488566929133853E+01       41   1.2010000000000001E+00   1.2887116963816664E-03   1.8588390395726123E-03   5.5579287283221122E-05
      58   4.9488566929133853E+01       42   1.2309000000000001E+00   1.3087363278502912E-03   1.9828857927109921E-03   5.9288285202058678E-05
      58   4.9488566929133853E+01       43   1.2608000000000001E+00   1.3056579231893156E-03   2.0754955608495787E-03   6.2057317269402420E-05
      58   4.9488566929133853E+01       44   1.2907000000000002E+00   1.2835232907178662E-03   2.1382297800730506E-03   6.3933070424184224E-05
      58   4.9488566929133853E+01       45   1.3206000000000002E+00   1.2398153265759774E-03   2.1622185388367977E-03   6.4650334311220267E-05
      58   4.9488566929133853E+01       46   1.3505000000000000E+00   1.2113815268087829E-03   2.2093785005155805E-03   6.6060417165415873E-05
      58   4.9488566929133853E+01       47   1.3804000000000001E+00   1.2447387357678095E-03   2.3718548391187021E-03   7.0918459689649208E-05
      58   4.9488566929133853E+01       48   1.4103000000000001E+00   1.1639959859590192E-03   2.3151252650488864E-03   6.9222245424961721E-05
      58   4.9488566929133853E+01       49   1.4402000000000001E+00   1.1977751671734809E-03   2.4843965530582288E-03   7.4283456936441057E-05
      58   4.9488566929133853E+01       50   1.4701000000000002E+00   1.1545254631499041E-03   2.4951535153520488E-03   7.4605090109026274E-05
 
      59   5.0356787401574799E+01        1   5.0000000000000001E-03   3.3075008018858723E-02   8.2687520047146808E-07   2.4723568494096902E-08
      59   5.0356787401574799E+01        2   3.4900000000000000E-02   3.4807361216909902E-02   4.2395714035808429E-05   1.2676318496706724E-06
      59   5.0356787401574799E+01        3   6.4800000000000010E-02   4.2819557913420007E-02   1.7980103646076721E-04   5.3760509901769405E-06
      59   5.0356787401574799E+01        4   9.4700000000000006E-02   5.6295089160868790E-02   5.0485942615269589E-04   1.5095296841965610E-05
      59   5.0356787401574799E+01        5   1.2460000000000002E-01   6.3083499251705685E-02   9.7938141924261142E-04   2.9283504435354087E-05
      59   5.0356787401574799E+01        6   1.5450000000000003E-01   5.9997611604657330E-02   1.4321579884060721E-03   4.2821523853341567E-05
      59   5.0356787401574799E+01        7   1.8440000000000001E-01   5.7882400644023689E-02   1.9681961067629697E-03   5.8849063592212806E-05
      59   5.0356787401574799E+01        8   2.1430000000000002E-01   4.9536258667306564E-02   2.2749274158041337E-03   6.8020329732543613E-05
      59   5.0356787401574799E+01        9   2.4420000000000003E-01   3.3841179556451988E-02   2.0180727188448180E-03   6.0340374293460072E-05
      59   5.0356787401574799E+01       10   2.7410000000000001E-01   3.5297550122933265E-02   2.6519335317515759E-03   7.9292812599372135E-05
      59   5.0356787401574799E+01       11   3.0400000000000005E-01   4.1444885640440354E-02   3.8301705513469368E-03   1.1452209948527344E-04
      59   5.0356787401574799E+01       12   3.3390000000000003E-01   3.1338978844297802E-02   3.4939579935574757E-03   1.0446934400736855E-04
      59   5.0356787401574799E+01       13   3.6380000000000001E-01   2.5212506709263470E-02   3.3368863564739726E-03   9.9772902058571807E-05
      59   5.0356787401574799E+01       14   3.9370000000000005E-01   2.1202795123264104E-02   3.2864266712394489E-03   9.8264157470059541E-05
      59   5.0356787401574799E+01       15   4.2360000000000003E-01   1.4166611253335272E-02   2.5420136568002714E-03   7.6006208338328133E-05
      59   5.0356787401574799E+01       16   4.5350000000000007E-01   1.1193686968354778E-02   2.3021188477075232E-03   6.8833353546454953E-05
      59   5.0356787401574799E+01       17   4.8340000000000005E-01   8.2210633745416397E-03   1.9210615878415078E-03   5.7439741476461099E-05
      59   5.0356787401574799E+01       18   5.1330000000000009E-01   8.4552907096636792E-03   2.2277737002280797E-03   6.6610433636819596E-05
      59   5.0356787401574799E+01       19   5.4320000000000002E-01   8.2114560475540152E-03   2.4229234608770249E-03   7.2445411480223066E-05
      59   5.0356787401574799E+01       20   5.7310000000000005E-01   7.2461787679672478E-03   2.3799611132565156E-03   7.1160837286369838E-05
      59   5.0356787401574799E+01       21   6.0300000000000009E-01   5.3303511212889777E-03   1.9381636408607645E-03   5.7951092861736870E-05
      59   5.0356787401574799E+01       22   6.3290000000000002E-01   4.6308605186871389E-03   1.8549486497391706E-03   5.5462964627201215E-05
      59   5.0356787401574799E+01       23   6.6280000000000006E-01   4.1602027080847948E-03   1.8275930248400497E-03   5.4645031442717499E-05
      59   5.0356787401574799E+01       24   6.9270000000000009E-01   3.1807601793371514E-03   1.5262346215523359E-03   4.5634415184414854E-05
      59   5.0356787401574799E+01       25   7.2260000000000002E-01   2.0218607543114010E-03   1.0557161294778713E-03   3.1565912271388362E-05
      59   5.0356787401574799E+01       26   7.5250000000000006E-01   2.6562191151459080E-03   1.5041006753208404E-03   4.4972610192093138E-05
      59   5.0356787401574799E+01       27   7.8240000000000010E-01   2.9068463139464854E-03   1.7794252734392260E-03   5.3204815675832867E-05
      59   5.0356787401574799E+01       28   8.1230000000000013E-01   2.0908717451044120E-03   1.3796226007967958E-03   4.1250715763824207E-05
      59   5.0356787401574799E+01       29   8.4220000000000006E-01   2.0951729685675831E-03   1.4861079465502806E-03   4.4434627601853403E-05
      59   5.0356787401574799E+01       30   8.7210000000000010E-01   1.9254467121259966E-03   1.4644146899142759E-03   4.3785999228436859E-05
      59   5.0356787401574799E+01       31   9.0200000000000014E-01   1.6936274574017047E-03   1.3779420738518570E-03   4.1200468008170533E-05
      59   5.0356787401574799E+01       32   9.3190000000000006E-01   1.7912326006271915E-03   1.5555737586427627E-03   4.6511655383418619E-05
      59   5.0356787401574799E+01       33   9.6180000000000010E-01   1.5749094297401113E-03   1.4568845201442210E-03   4.3560847152312218E-05
      59   5.0356787401574799E+01       34   9.9170000000000014E-01   1.7523301350375140E-03   1.7233621728188944E-03   5.1528528967284951E-05
      59   5.0356787401574799E+01       35   1.0216000000000001E+00   1.5043749704650631E-03   1.5700658503753741E-03   4.6944968926223695E-05
      59   5.0356787401574799E+01       36   1.0515000000000001E+00   1.5632267672714580E-03   1.7283851924939141E-03   5.1678717255568045E-05
      59   5.0356787401574799E+01       37   1.0814000000000001E+00   1.5067631325518425E-03   1.7620479227770461E-03   5.2685232891033689E-05
      59   5.0356787401574799E+01       38   1.1113000000000002E+00   1.4564169152675964E-03   1.7986569618632551E-03   5.3779843159711336E-05
      59   5.0356787401574799E+01       39   1.1412000000000002E+00   1.3811423273057595E-03   1.7987133628190257E-03   5.3781529548288878E-05
      59   5.0356787401574799E+01       40   1.1711000000000000E+00   1.4626779400667503E-03   2.0060265350154136E-03   5.9980193396960879E-05
      59   5.0356787401574799E+01       41   1.2010000000000001E+00   1.3159169597417675E-03   1.8980799386484855E-03   5.6752590165589732E-05
      59   5.0356787401574799E+01       42   1.2309000000000001E+00   1.3104057092703585E-03   1.9854150972240746E-03   5.9363911406999846E-05
      59   5.0356787401574799E+01       43   1.2608000000000001E+00   1.3266198450563580E-03   2.1088169806558091E-03   6.3053627721608709E-05
      59   5.0356787401574799E+01       44   1.2907000000000002E+00   1.2860327263101430E-03   2.1424102651124615E-03   6.4058066926862614E-05
      59   5.0356787401574799E+01       45   1.3206000000000002E+00   1.2457736853120789E-03   2.1726098232838281E-03   6.4961033716186476E-05
      59   5.0356787401574799E+01       46   1.3505000000000000E+00   1.2143878280276718E-03   2.2148615437452262E-03   6.6224360157982276E-05
      59   5.0356787401574799E+01       47   1.3804000000000001E+00   1.2442829548366505E-03   2.3709863466583299E-03   7.0892491765084083E-05
      59   5.0356787401574799E+01       48   1.4103000000000001E+00   1.1734395597541309E-03   2.3339080242243005E-03   6.9783849924306599E-05
      59   5.0356787401574799E+01       49   1.4402000000000001E+00   1.1849086159655469E-03   2.4577090608252990E-03   7.3485500918676457E-05
      59   5.0356787401574799E+01       50   1.4701000000000002E+00   1.1520506497384251E-03   2.4898049634312931E-03   7.4445168406595672E-05
 
      60   5.1225007874015745E+01        1   5.0000000000000001E-03   3.6966765737831891E-02   9.2416914344579732E-07   2.7632657389029345E-08
      60   5.1225007874015745E+01        2   3.4900000000000000E-02   3.7877153229922536E-02   4.6134751405577952E-05   1.3794290670267810E-06
      60   5.1225007874015745E+01        3   6.4800000000000010E-02   4.4644415370226842E-02   1.8746368591619737E-04   5.6051642088943024E-06
      60   5.1225007874015745E+01        4   9.4700000000000006E-02   5.7560432151377301E-02   5.1620713597244530E-04   1.5434593365576117E-05
      60   5.1225007874015745E+01        5   1.2460000000000002E-01   6.4480957258561691E-02   1.0010771783923319E-03   2.9932207633930730E-05
      60   5.1225007874015745E+01        6   1.5450000000000003E-01   6.1837630060689375E-02   1.4760796889561711E-03   4.4134782699789524E-05
      60   5.1225007874015745E+01        7   1.8440000000000001E-01   6.0485579324743077E-02   2.0567129285877961E-03   6.1495716564775120E-05
      60   5.1225007874015745E+01        8   2.1430000000000002E-01   5.2360725095818371E-02   2.4046395960556602E-03   7.1898723922064257E-05
      60   5.1225007874015745E+01        9   2.4420000000000003E-01   3.5662218833066736E-02   2.1266679194923222E-03   6.3587370792820452E-05
      60   5.1225007874015745E+01       10   2.7410000000000001E-01   3.6258110581929480E-02   2.7241012170899333E-03   8.1450626390989020E-05
      60   5.1225007874015745E+01       11   3.0400000000000005E-01   4.2218994915299228E-02   3.9017106340922944E-03   1.1666114795935962E-04
      60   5.1225007874015745E+01       12   3.3390000000000003E-01   3.1597749531448019E-02   3.5228081330390105E-03   1.0533196317786644E-04
      60   5.1225007874015745E+01       13   3.6380000000000001E-01   2.5251516866227570E-02   3.3420493679126406E-03   9.9927276100587970E-05
      60   5.1225007874015745E+01       14   3.9370000000000005E-01   2.1561364443608819E-02   3.3420048047363908E-03   9.9925943661618102E-05
      60   5.1225007874015745E+01       15   4.2360000000000003E-01   1.4628405828301281E-02   2.6248766714766641E-03   7.8483812477152275E-05
      60   5.1225007874015745E+01       16   4.5350000000000007E-01   1.1583173670858938E-02   2.3822215592896093E-03   7.1228424622759334E-05
      60   5.1225007874015745E+01       17   4.8340000000000005E-01   8.4173114339900438E-03   1.9669199630320271E-03   5.8810906894657625E-05
      60   5.1225007874015745E+01       18   5.1330000000000009E-01   8.5111379822252996E-03   2.2424881659175977E-03   6.7050396160936185E-05
      60   5.1225007874015745E+01       19   5.4320000000000002E-01   8.3023846319670962E-03   2.4497534163883151E-03   7.3247627150010633E-05
      60   5.1225007874015745E+01       20   5.7310000000000005E-01   7.3706693066067060E-03   2.4208492351781036E-03   7.2383392131825317E-05
      60   5.1225007874015745E+01       21   6.0300000000000009E-01   5.4066101456752037E-03   1.9658921084588160E-03   5.8780174042918610E-05
      60   5.1225007874015745E+01       22   6.3290000000000002E-01   4.5648604561791930E-03   1.8285115056408370E-03   5.4672494018661036E-05
      60   5.1225007874015745E+01       23   6.6280000000000006E-01   4.0802680181588977E-03   1.7924774086063937E-03   5.3595074517331187E-05
      60   5.1225007874015745E+01       24   6.9270000000000009E-01   3.1975926143742550E-03   1.5343113842349004E-03   4.5875910388623534E-05
      60   5.1225007874015745E+01       25   7.2260000000000002E-01   2.0407860704333767E-03   1.0655979976742012E-03   3.1861380130458624E-05
      60   5.1225007874015745E+01       26   7.5250000000000006E-01   2.6035209418775241E-03   1.4742600053440351E-03   4.4080374159786661E-05
      60   5.1225007874015745E+01       27   7.8240000000000010E-01   2.9084497899506761E-03   1.7804068408903571E-03   5.3234164542621687E-05
      60   5.1225007874015745E+01       28   8.1230000000000013E-01   2.1590038742499806E-03   1.4245783114613629E-03   4.2594891512694762E-05
      60   5.1225007874015745E+01       29   8.4220000000000006E-01   2.1342139014429102E-03   1.5137997130331338E-03   4.5262611419690710E-05
      60   5.1225007874015745E+01       30   8.7210000000000010E-01   1.9387637451503672E-03   1.4745430713772086E-03   4.4088837834178550E-05
      60   5.1225007874015745E+01       31   9.0200000000000014E-01   1.7330332814601626E-03   1.4100028099291145E-03   4.2159084016880530E-05
      60   5.1225007874015745E+01       32   9.3190000000000006E-01   1.8454517916051999E-03   1.6026597432718379E-03   4.7919526323827965E-05
      60   5.1225007874015745E+01       33   9.6180000000000010E-01   1.6023921247024476E-03   1.4823076410592317E-03   4.4320998467671040E-05
      60   5.1225007874015745E+01       34   9.9170000000000014E-01   1.7796238939792044E-03   1.7502047356292062E-03   5.2331121595313277E-05
      60   5.1225007874015745E+01       35   1.0216000000000001E+00   1.5562279649364379E-03   1.6241830867410130E-03   4.8563074293556302E-05
      60   5.1225007874015745E+01       36   1.0515000000000001E+00   1.6096349752486930E-03   1.7796965320624118E-03   5.3212926308666122E-05
      60   5.1225007874015745E+01       37   1.0814000000000001E+00   1.5386650535764278E-03   1.7993548573970661E-03   5.3800710236172290E-05
      60   5.1225007874015745E+01       38   1.1113000000000002E+00   1.5176515411102901E-03   1.8742809709807377E-03   5.6041001032324069E-05
      60   5.1225007874015745E+01       39   1.1412000000000002E+00   1.4236365350809804E-03   1.8540551605878350E-03   5.5436249301576279E-05
      60   5.1225007874015745E+01       40   1.1711000000000000E+00   1.5063184420281673E-03   2.0658784016074536E-03   6.1769764208062877E-05
      60   5.1225007874015745E+01       41   1.2010000000000001E+00   1.3867022392688455E-03   2.0001806966236223E-03   5.9805402829046318E-05
      60   5.1225007874015745E+01       42   1.2309000000000001E+00   1.3560391347046616E-03   2.0545549759306181E-03   6.1431193780325501E-05
      60   5.1225007874015745E+01       43   1.2608000000000001E+00   1.3864130273666330E-03   2.2038652182147758E-03   6.5895570024621816E-05
      60   5.1225007874015745E+01       44   1.2907000000000002E+00   1.3423228629420155E-03   2.2361843690504846E-03   6.6861912634609509E-05
      60   5.1225007874015745E+01       45   1.3206000000000002E+00   1.2904020036657098E-03   2.2504409125056616E-03   6.7288183283919288E-05
      60   5.1225007874015745E+01       46   1.3505000000000000E+00   1.2655066086935452E-03   2.3080945446423747E-03   6.9012026884807026E-05
      60   5.1225007874015745E+01       47   1.3804000000000001E+00   1.2771668240187974E-03   2.4336466961818065E-03   7.2766036215836022E-05
      60   5.1225007874015745E+01       48   1.4103000000000001E+00   1.2235968372417314E-03   2.4336681451683083E-03   7.2766677540532428E-05
      60   5.1225007874015745E+01       49   1.4402000000000001E+00   1.2151313063759870E-03   2.5203962411389719E-03   7.5359847610055272E-05
      60   5.1225007874015745E+01       50   1.4701000000000002E+00   1.1895555388528752E-03   2.5708603051311568E-03   7.6868723123421599E-05
 
      61   5.2093228346456691E+01        1   5.0000000000000001E-03   4.3353762529363044E-02   1.0838440632340760E-06   3.2406937490698882E-08
      61   5.2093228346456691E+01        2   3.4900000000000000E-02   4.3608846822044217E-02   5.3116011517718078E-05   1.5881687443797708E-06
      61   5.2093228346456691E+01        3   6.4800000000000010E-02   4.9252795264643649E-02   2.0681445742804931E-04   6.1837522770986755E-06
      61   5.2093228346456691E+01        4   9.4700000000000006E-02   6.1425819597243171E-02   5.5087227847184063E-04   1.6471081126308039E-05
      61   5.2093228346456691E+01        5   1.2460000000000002E-01   6.8095732552790764E-02   1.0571971431992853E-03   3.1610194581658637E-05
      61   5.2093228346456691E+01        6   1.5450000000000003E-01   6.5505213109215130E-02   1.5636258132202430E-03   4.6752411815285278E-05
      61   5.2093228346456691E+01        7   1.8440000000000001E-01   6.4377639414223350E-02   2.1890560489520260E-03   6.5452775863665587E-05
      61   5.2093228346456691E+01        8   2.1430000000000002E-01   5.5822725393873077E-02   2.5636301941236706E-03   7.6652542804297763E-05
      61   5.2093228346456691E+01        9   2.4420000000000003E-01   3.7912601109420754E-02   2.2608664060227985E-03   6.7599905540081695E-05
      61   5.2093228346456691E+01       10   2.7410000000000001E-01   3.7881829462458300E-02   2.8460925317963567E-03   8.5098166700711087E-05
      61   5.2093228346456691E+01       11   3.0400000000000005E-01   4.3693834315729284E-02   4.0380093921224382E-03   1.2073648082446093E-04
      61   5.2093228346456691E+01       12   3.3390000000000003E-01   3.2447803501714681E-02   3.6175799786414041E-03   1.0816564136137801E-04
      61   5.2093228346456691E+01       13   3.6380000000000001E-01   2.5755660954878828E-02   3.4087730598690333E-03   1.0192231449008411E-04
      61   5.2093228346456691E+01       14   3.9370000000000005E-01   2.2107316084743932E-02   3.4266271398673246E-03   1.0245615148203302E-04
      61   5.2093228346456691E+01       15   4.2360000000000003E-01   1.5133711752294679E-02   2.7155472303480306E-03   8.1194862187406128E-05
      61   5.2093228346456691E+01       16   4.5350000000000007E-01   1.2075130753855251E-02   2.4833985598820677E-03   7.4253616940473841E-05
      61   5.2093228346456691E+01       17   4.8340000000000005E-01   8.7567820514145907E-03   2.0462459496622537E-03   6.1182753894901393E-05
      61   5.2093228346456691E+01       18   5.1330000000000009E-01   8.6602651788524158E-03   2.2817797358993287E-03   6.8225214103389943E-05
      61   5.2093228346456691E+01       19   5.4320000000000002E-01   8.3945533360906717E-03   2.4769492893597310E-03   7.4060783751855969E-05
      61   5.2093228346456691E+01       20   5.7310000000000005E-01   7.4813740703641649E-03   2.4572095074308006E-03   7.3470564272180955E-05
      61   5.2093228346456691E+01       21   6.0300000000000009E-01   5.5222993841574485E-03   2.0079577567741064E-03   6.0037936927545796E-05
      61   5.2093228346456691E+01       22   6.3290000000000002E-01   4.5723988916642339E-03   1.8315311195263545E-03   5.4762780473838012E-05
      61   5.2093228346456691E+01       23   6.6280000000000006E-01   4.0298898978793274E-03   1.7703461069155965E-03   5.2933348596776346E-05
      61   5.2093228346456691E+01       24   6.9270000000000009E-01   3.2135985664919322E-03   1.5419915728991081E-03   4.6105548029683340E-05
      61   5.2093228346456691E+01       25   7.2260000000000002E-01   2.1036624192716591E-03   1.0984289310061355E-03   3.2843025037083460E-05
      61   5.2093228346456691E+01       26   7.5250000000000006E-01   2.6097893936763567E-03   1.4778095553529477E-03   4.4186505705053144E-05
      61   5.2093228346456691E+01       27   7.8240000000000010E-01   2.9122430301903967E-03   1.7827288719927245E-03   5.3303593272582470E-05
      61   5.2093228346456691E+01       28   8.1230000000000013E-01   2.2361365409353205E-03   1.4754728584214908E-03   4.4116638466802582E-05
      61   5.2093228346456691E+01       29   8.4220000000000006E-01   2.2205262671274551E-03   1.5750211465155686E-03   4.7093132280815511E-05
      61   5.2093228346456691E+01       30   8.7210000000000010E-01   1.9723857053364812E-03   1.5001145359574428E-03   4.4853424625127546E-05
      61   5.2093228346456691E+01       31   9.0200000000000014E-01   1.7780104230661364E-03   1.4465963922483012E-03   4.3253232128224216E-05
      61   5.2093228346456691E+01       32   9.3190000000000006E-01   1.9207390164036667E-03   1.6680420008393512E-03   4.9874455825096612E-05
      61   5.2093228346456691E+01       33   9.6180000000000010E-01   1.6450809420785523E-03   1.5217973260176698E-03   4.5501740047928337E-05
      61   5.2093228346456691E+01       34   9.9170000000000014E-01   1.8055787908829145E-03   1.7757305692771624E-03   5.3094344021387166E-05
      61   5.2093228346456691E+01       35   1.0216000000000001E+00   1.6056089154413353E-03   1.6757203334839895E-03   5.0104037971171299E-05
      61   5.2093228346456691E+01       36   1.0515000000000001E+00   1.6672493003844159E-03   1.8433979402809554E-03   5.5117598414400580E-05
      61   5.2093228346456691E+01       37   1.0814000000000001E+00   1.5747023675549482E-03   1.8414978278922186E-03   5.5060785053977349E-05
      61   5.2093228346456691E+01       38   1.1113000000000002E+00   1.5827347858436880E-03   1.9546579770517414E-03   5.8444273513847081E-05
      61   5.2093228346456691E+01       39   1.1412000000000002E+00   1.4864237815393918E-03   1.9358253424051316E-03   5.7881177737913448E-05
      61   5.2093228346456691E+01       40   1.1711000000000000E+00   1.5524603173241132E-03   2.1291608397187548E-03   6.3661909107590775E-05
      61   5.2093228346456691E+01       41   1.2010000000000001E+00   1.4656894171686656E-03   2.1141118810135005E-03   6.3211945242303675E-05
      61   5.2093228346456691E+01       42   1.2309000000000001E+00   1.4187526280060854E-03   2.1495731184184410E-03   6.4272236240711398E-05
      61   5.2093228346456691E+01       43   1.2608000000000001E+00   1.4508207338328589E-03   2.3062487801577239E-03   6.8956838526715953E-05
      61   5.2093228346456691E+01       44   1.2907000000000002E+00   1.4194468414538905E-03   2.3646657053880381E-03   7.0703504591102358E-05
      61   5.2093228346456691E+01       45   1.3206000000000002E+00   1.3487940622868284E-03   2.3522757494890954E-03   7.0333044909723962E-05
      61   5.2093228346456691E+01       46   1.3505000000000000E+00   1.3361466537033378E-03   2.4369314083934964E-03   7.2864249110965551E-05
      61   5.2093228346456691E+01       47   1.3804000000000001E+00   1.3242810410566579E-03   2.5234230327425928E-03   7.5450348679003548E-05
      61   5.2093228346456691E+01       48   1.4103000000000001E+00   1.2809503145657329E-03   2.5477411196397847E-03   7.6177459477229579E-05
      61   5.2093228346456691E+01       49   1.4402000000000001E+00   1.2658395552889964E-03   2.6255740760646917E-03   7.8504664874334305E-05
      61   5.2093228346456691E+01       50   1.4701000000000002E+00   1.2420384948214763E-03   2.6842861551975910E-03   8.0260156040407992E-05
 
      62   5.2961448818897630E+01        1   5.0000000000000001E-03   5.0025960888582639E-02   1.2506490222145660E-06   3.7394405764215536E-08
      62   5.2961448818897630E+01        2   3.4900000000000000E-02   5.0048323556041684E-02   6.0959358574494333E-05   1.8226848213773809E-06
      62   5.2961448818897630E+01        3   6.4800000000000010E-02   5.5184343799398031E-02   2.3172126698742436E-04   6.9284658829239896E-06
      62   5.2961448818897630E+01        4   9.4700000000000006E-02   6.6819632833931303E-02   5.9924448102165108E-04   1.7917409982547370E-05
      62   5.2961448818897630E+01        5   1.2460000000000002E-01   7.3079889518566518E-02   1.1345769775580686E-03   3.3923851628986258E-05
      62   5.2961448818897630E+01        6   1.5450000000000003E-01   7.0341953615305722E-02   1.6790800182857521E-03   5.0204492546744001E-05
      62   5.2961448818897630E+01        7   1.8440000000000001E-01   6.9002391846921612E-02   2.3463131708319407E-03   7.0154763807875041E-05
      62   5.2961448818897630E+01        8   2.1430000000000002E-01   5.9463750657549698E-02   2.7308424224351349E-03   8.1652188430810557E-05
      62   5.2961448818897630E+01        9   2.4420000000000003E-01   4.0238352906943296E-02   2.3995594514456108E-03   7.1746827598223785E-05
      62   5.2961448818897630E+01       10   2.7410000000000001E-01   3.9810680625582087E-02   2.9910086820512890E-03   8.9431159593333562E-05
      62   5.2961448818897630E+01       11   3.0400000000000005E-01   4.5529040083204207E-02   4.2076117683294010E-03   1.2580759187304910E-04
      62   5.2961448818897630E+01       12   3.3390000000000003E-01   3.3723836990108669E-02   3.7598439441959941E-03   1.1241933393146025E-04
      62   5.2961448818897630E+01       13   3.6380000000000001E-01   2.6719002395739211E-02   3.5362717234371389E-03   1.0573452453077048E-04
      62   5.2961448818897630E+01       14   3.9370000000000005E-01   2.2876949678508774E-02   3.5459201083144608E-03   1.0602301123860240E-04
      62   5.2961448818897630E+01       15   4.2360000000000003E-01   1.5633895438351007E-02   2.8052986704155728E-03   8.3878430245425643E-05
      62   5.2961448818897630E+01       16   4.5350000000000007E-01   1.2506832867789093E-02   2.5721833879634583E-03   7.6908283300107416E-05
      62   5.2961448818897630E+01       17   4.8340000000000005E-01   9.0925995378829064E-03   2.1247182888705298E-03   6.3529076837228848E-05
      62   5.2961448818897630E+01       18   5.1330000000000009E-01   8.8543205884705368E-03   2.3329088517131877E-03   6.9753974666224324E-05
      62   5.2961448818897630E+01       19   5.4320000000000002E-01   8.4932388725763724E-03   2.5060680595529496E-03   7.4931434980633210E-05
      62   5.2961448818897630E+01       20   5.7310000000000005E-01   7.5545125479580142E-03   2.4812313730416288E-03   7.4188818053944723E-05
      62   5.2961448818897630E+01       21   6.0300000000000009E-01   5.6138052489784710E-03   2.0412301127758136E-03   6.1032780371996841E-05
      62   5.2961448818897630E+01       22   6.3290000000000002E-01   4.6158651489328134E-03   1.8489420682915368E-03   5.5283367841916966E-05
      62   5.2961448818897630E+01       23   6.6280000000000006E-01   4.0209202150500922E-03   1.7664056908051316E-03   5.2815530155073448E-05
      62   5.2961448818897630E+01       24   6.9270000000000009E-01   3.2216346584276463E-03   1.5458475573313642E-03   4.6220841964207801E-05
      62   5.2961448818897630E+01       25   7.2260000000000002E-01   2.1751150726597953E-03   1.1357379882767674E-03   3.3958565849475351E-05
      62   5.2961448818897630E+01       26   7.5250000000000006E-01   2.6721983221271416E-03   1.5131490011440075E-03   4.5243155134205836E-05
      62   5.2961448818897630E+01       27   7.8240000000000010E-01   2.9264111968382986E-03   1.7914019118058775E-03   5.3562917162995751E-05
      62   5.2961448818897630E+01       28   8.1230000000000013E-01   2.2929468817857969E-03   1.5129580989102004E-03   4.5237447157414998E-05
      62   5.2961448818897630E+01       29   8.4220000000000006E-01   2.3284800325721867E-03   1.6515928430266796E-03   4.9382626006497734E-05
      62   5.2961448818897630E+01       30   8.7210000000000010E-01   2.0229388965334557E-03   1.5385631906746399E-03   4.6003039401171744E-05
      62   5.2961448818897630E+01       31   9.0200000000000014E-01   1.8120618306544029E-03   1.4743007536677452E-03   4.4081592534665594E-05
      62   5.2961448818897630E+01       32   9.3190000000000006E-01   2.0000808793689041E-03   1.7369454586858295E-03   5.1934669214706316E-05
      62   5.2961448818897630E+01       33   9.6180000000000010E-01   1.7048592540238250E-03   1.5770958058342467E-03   4.7155164594443989E-05
      62   5.2961448818897630E+01       34   9.9170000000000014E-01   1.8293064322988711E-03   1.7990659664428314E-03   5.3792072396640673E-05
      62   5.2961448818897630E+01       35   1.0216000000000001E+00   1.6444912733962372E-03   1.7163005502554706E-03   5.1317386452638584E-05
      62   5.2961448818897630E+01       36   1.0515000000000001E+00   1.7259814741021990E-03   1.9083353002994133E-03   5.7059225478952468E-05
      62   5.2961448818897630E+01       37   1.0814000000000001E+00   1.6063183582154185E-03   1.8784703881216901E-03   5.6166264604838546E-05
      62   5.2961448818897630E+01       38   1.1113000000000002E+00   1.6342401069505109E-03   2.0182664145881649E-03   6.0346165796186141E-05
      62   5.2961448818897630E+01       39   1.1412000000000002E+00   1.5529638000307462E-03   2.0224828997447149E-03   6.0472238702366988E-05
      62   5.2961448818897630E+01       40   1.1711000000000000E+00   1.5876476791635513E-03   2.1774194341868443E-03   6.5104841082186664E-05
      62   5.2961448818897630E+01       41   1.2010000000000001E+00   1.5262663813048493E-03   2.2014881546604964E-03   6.5824495824348849E-05
      62   5.2961448818897630E+01       42   1.2309000000000001E+00   1.4790788798790019E-03   2.2409743160628870E-03   6.7005132050280337E-05
      62   5.2961448818897630E+01       43   1.2608000000000001E+00   1.4963280862104842E-03   2.3785880247395408E-03   7.1119781939712288E-05
      62   5.2961448818897630E+01       44   1.2907000000000002E+00   1.4864705578259245E-03   2.4763209494761285E-03   7.4041996389336264E-05
      62   5.2961448818897630E+01       45   1.3206000000000002E+00   1.3982414762543621E-03   2.4385112660909197E-03   7.2911486856118510E-05
      62   5.2961448818897630E+01       46   1.3505000000000000E+00   1.3995824388688784E-03   2.5526287810266135E-03   7.6323600552695756E-05
      62   5.2961448818897630E+01       47   1.3804000000000001E+00   1.3754262900857763E-03   2.6208805175318138E-03   7.8364327474201250E-05
      62   5.2961448818897630E+01       48   1.4103000000000001E+00   1.3294908607343263E-03   2.6442856491482730E-03   7.9064140909533378E-05
      62   5.2961448818897630E+01       49   1.4402000000000001E+00   1.3184281105226802E-03   2.7346519973086153E-03   8.1766094719527621E-05
      62   5.2961448818897630E+01       50   1.4701000000000002E+00   1.2895340772394700E-03   2.7869333234208206E-03   8.3329306370282552E-05
 
      63   5.3829669291338575E+01        1   5.0000000000000001E-03   5.5653532208000803E-02   1.3913383052000201E-06   4.1601015325480614E-08
      63   5.3829669291338575E+01        2   3.4900000000000000E-02   5.5790144815999407E-02   6.7952954287335435E-05   2.0317933331913300E-06
      63   5.3829669291338575E+01        3   6.4800000000000010E-02   6.0984778974089923E-02   2.5607752630336261E-04   7.6567180364705434E-06
      63   5.3829669291338575E+01        4   9.4700000000000006E-02   7.2289808571442404E-02   6.4830150935146704E-04   1.9384215129608869E-05
      63   5.3829669291338575E+01        5   1.2460000000000002E-01   7.8062144999707678E-02   1.2119272910636621E-03   3.6236626002803505E-05
      63   5.3829669291338575E+01        6   1.5450000000000003E-01   7.5235910372681417E-02   1.7958999895734992E-03   5.3697409688247639E-05
      63   5.3829669291338575E+01        7   1.8440000000000001E-01   7.3665561441651844E-02   2.5048766053026067E-03   7.4895810498547963E-05
      63   5.3829669291338575E+01        8   2.1430000000000002E-01   6.2963579901642516E-02   2.8915702955571829E-03   8.6457951837159793E-05
      63   5.3829669291338575E+01        9   2.4420000000000003E-01   4.2417850592892360E-02   2.5295308318303302E-03   7.5632971871726892E-05
      63   5.3829669291338575E+01       10   2.7410000000000001E-01   4.1707561258198043E-02   3.1335228604530384E-03   9.3692333527545870E-05
      63   5.3829669291338575E+01       11   3.0400000000000005E-01   4.7326342297364744E-02   4.3737112497532612E-03   1.3077396636762255E-04
      63   5.3829669291338575E+01       12   3.3390000000000003E-01   3.5119075381921112E-02   3.9153979702608336E-03   1.1707039931079895E-04
      63   5.3829669291338575E+01       13   3.6380000000000001E-01   2.7964627977251931E-02   3.7011308172256036E-03   1.1066381143504557E-04
      63   5.3829669291338575E+01       14   3.9370000000000005E-01   2.3847093354447992E-02   3.6962920773405002E-03   1.1051913311248098E-04
      63   5.3829669291338575E+01       15   4.2360000000000003E-01   1.6175516201153532E-02   2.9024854535657390E-03   8.6784315061615619E-05
      63   5.3829669291338575E+01       16   4.5350000000000007E-01   1.2844472287495506E-02   2.6416230707089735E-03   7.8984529814198320E-05
      63   5.3829669291338575E+01       17   4.8340000000000005E-01   9.3107482498337966E-03   2.1756943112989330E-03   6.5053259907838106E-05
      63   5.3829669291338575E+01       18   5.1330000000000009E-01   9.0041280151315160E-03   2.3723796465887253E-03   7.0934151433002906E-05
      63   5.3829669291338575E+01       19   5.4320000000000002E-01   8.5887297860654330E-03   2.5342442043503320E-03   7.5773901710074942E-05
      63   5.3829669291338575E+01       20   5.7310000000000005E-01   7.6077483979846757E-03   2.4987163478058039E-03   7.4711618799393558E-05
      63   5.3829669291338575E+01       21   6.0300000000000009E-01   5.6593676586431524E-03   2.0577970149915788E-03   6.1528130748248218E-05
      63   5.3829669291338575E+01       22   6.3290000000000002E-01   4.6437813090979231E-03   1.8601242326852191E-03   5.5617714557288061E-05
      63   5.3829669291338575E+01       23   6.6280000000000006E-01   4.0272596964172650E-03   1.7691906493133389E-03   5.2898800414468843E-05
      63   5.3829669291338575E+01       24   6.9270000000000009E-01   3.2151008373403956E-03   1.5427124124627973E-03   4.6127101132637652E-05
      63   5.3829669291338575E+01       25   7.2260000000000002E-01   2.2220354217944212E-03   1.1602374842368778E-03   3.4691100778682651E-05
      63   5.3829669291338575E+01       26   7.5250000000000006E-01   2.7557376739267094E-03   1.5604536812214617E-03   4.6657565068521716E-05
      63   5.3829669291338575E+01       27   7.8240000000000010E-01   2.9509427648535843E-03   1.8064189052788583E-03   5.4011925267837875E-05
      63   5.3829669291338575E+01       28   8.1230000000000013E-01   2.3160986993154080E-03   1.5282343925366083E-03   4.5694208336844595E-05
      63   5.3829669291338575E+01       29   8.4220000000000006E-01   2.4250847331355402E-03   1.7201146382842148E-03   5.1431427684698030E-05
      63   5.3829669291338575E+01       30   8.7210000000000010E-01   2.0844182509360933E-03   1.5853218307069364E-03   4.7401122738137412E-05
      63   5.3829669291338575E+01       31   9.0200000000000014E-01   1.8294586558952294E-03   1.4884548802709826E-03   4.4504800920102388E-05
      63   5.3829669291338575E+01       32   9.3190000000000006E-01   2.0608381087252707E-03   1.7897093217382944E-03   5.3512308719975018E-05
      63   5.3829669291338575E+01       33   9.6180000000000010E-01   1.7764398213502245E-03   1.6433120710439748E-03   4.9135030924214859E-05
      63   5.3829669291338575E+01       34   9.9170000000000014E-01   1.8576854605784755E-03   1.8269758578842526E-03   5.4626578150739165E-05
      63   5.3829669291338575E+01       35   1.0216000000000001E+00   1.6702616674793820E-03   1.7431962487980707E-03   5.2121567839062329E-05
      63   5.3829669291338575E+01       36   1.0515000000000001E+00   1.7807588566045183E-03   1.9689000365122134E-03   5.8870111091715190E-05
      63   5.3829669291338575E+01       37   1.0814000000000001E+00   1.6344114382399841E-03   1.9113231651987747E-03   5.7148562639443379E-05
      63   5.3829669291338575E+01       38   1.1113000000000002E+00   1.6605206295017430E-03   2.0507225364257038E-03   6.1316603839128554E-05
      63   5.3829669291338575E+01       39   1.1412000000000002E+00   1.6093825955289466E-03   2.0959592094417245E-03   6.2669180362307574E-05
      63   5.3829669291338575E+01       40   1.1711000000000000E+00   1.6126364742118785E-03   2.2116909471233959E-03   6.6129559318989551E-05
      63   5.3829669291338575E+01       41   1.2010000000000001E+00   1.5579078564580532E-03   2.2471278500629530E-03   6.7189122716882307E-05
      63   5.3829669291338575E+01       42   1.2309000000000001E+00   1.5324276559661833E-03   2.3218038368079496E-03   6.9421934720557708E-05
      63   5.3829669291338575E+01       43   1.2608000000000001E+00   1.5233634761438173E-03   2.4215639304464558E-03   7.2404761520349051E-05
      63   5.3829669291338575E+01       44   1.2907000000000002E+00   1.5320985979527348E-03   2.5523329976493625E-03   7.6314756629715955E-05
      63   5.3829669291338575E+01       45   1.3206000000000002E+00   1.4351939892514193E-03   2.5029558708204841E-03   7.4838380537532492E-05
      63   5.3829669291338575E+01       46   1.3505000000000000E+00   1.4436287165918685E-03   2.6329625956632587E-03   7.8725581610331459E-05
      63   5.3829669291338575E+01       47   1.3804000000000001E+00   1.4289256269783483E-03   2.7228237265378512E-03   8.1412429423481772E-05
      63   5.3829669291338575E+01       48   1.4103000000000001E+00   1.3728291432673477E-03   2.7304831567396414E-03   8.1641446386515289E-05
      63   5.3829669291338575E+01       49   1.4402000000000001E+00   1.3706970288143031E-03   2.8430669352658175E-03   8.5007701364447959E-05
      63   5.3829669291338575E+01       50   1.4701000000000002E+00   1.3298660082925178E-03   2.8740984512244006E-03   8.5935543691609593E-05
 
      64   5.4697889763779521E+01        1   5.0000000000000001E-03   5.9528359079274042E-02   1.4882089769818511E-06   4.4497448411757355E-08
      64   5.4697889763779521E+01        2   3.4900000000000000E-02   5.9877696529956496E-02   7.2931633150452311E-05   2.1806558311985247E-06
      64   5.4697889763779521E+01        3   6.4800000000000010E-02   6.5338712555468387E-02   2.7435986756891407E-04   8.2033600403105324E-06
      64   5.4697889763779521E+01        4   9.4700000000000006E-02   7.6374133745822026E-02   6.8493010510456919E-04   2.0479410142626623E-05
      64   5.4697889763779521E+01        5   1.2460000000000002E-01   8.1653296959233679E-02   1.2676804998196167E-03   3.7903646944606548E-05
      64   5.4697889763779521E+01        6   1.5450000000000003E-01   7.8989716584649192E-02   1.8855042823047231E-03   5.6376578040911235E-05
      64   5.4697889763779521E+01        7   1.8440000000000001E-01   7.7598374128617933E-02   2.6386054509100823E-03   7.8894302982211484E-05
      64   5.4697889763779521E+01        8   2.1430000000000002E-01   6.6037832783462383E-02   3.0327537912857908E-03   9.0679338359445162E-05
      64   5.4697889763779521E+01        9   2.4420000000000003E-01   4.4348718345412395E-02   2.6446755042717190E-03   7.9075797577724417E-05
      64   5.4697889763779521E+01       10   2.7410000000000001E-01   4.3359403762443773E-02   3.2576271257894487E-03   9.7403051061104539E-05
      64   5.4697889763779521E+01       11   3.0400000000000005E-01   4.8770386996667116E-02   4.5071640846839891E-03   1.3476420613205131E-04
      64   5.4697889763779521E+01       12   3.3390000000000003E-01   3.6310474000377527E-02   4.0482260610276311E-03   1.2104195922472620E-04
      64   5.4697889763779521E+01       13   3.6380000000000001E-01   2.9204365172017528E-02   3.8652105804371961E-03   1.1556979635507219E-04
      64   5.4697889763779521E+01       14   3.9370000000000005E-01   2.4878898761122738E-02   3.8562215955154095E-03   1.1530102570591077E-04
      64   5.4697889763779521E+01       15   4.2360000000000003E-01   1.6793755385500132E-02   3.0134204133577722E-03   9.0101270359397410E-05
      64   5.4697889763779521E+01       16   4.5350000000000007E-01   1.3151797141550819E-02   2.7048281916749110E-03   8.0874362931079855E-05
      64   5.4697889763779521E+01       17   4.8340000000000005E-01   9.3907058691556876E-03   2.1943784527702426E-03   6.5611915737830270E-05
      64   5.4697889763779521E+01       18   5.1330000000000009E-01   9.0311081573919427E-03   2.3794882905632604E-03   7.1146699887841502E-05
      64   5.4697889763779521E+01       19   5.4320000000000002E-01   8.6380193207964938E-03   2.5487878820347754E-03   7.6208757672839805E-05
      64   5.4697889763779521E+01       20   5.7310000000000005E-01   7.6556907455141944E-03   2.5144627055002735E-03   7.5182434894458200E-05
      64   5.4697889763779521E+01       21   6.0300000000000009E-01   5.6769504202612182E-03   2.0641902653607620E-03   6.1719288934286798E-05
      64   5.4697889763779521E+01       22   6.3290000000000002E-01   4.6311995114278652E-03   1.8550844374883683E-03   5.5467024680902229E-05
      64   5.4697889763779521E+01       23   6.6280000000000006E-01   4.0070811924640543E-03   1.7603261550412383E-03   5.2633752035733040E-05
      64   5.4697889763779521E+01       24   6.9270000000000009E-01   3.1831496963607379E-03   1.5273811913672742E-03   4.5668697621881511E-05
      64   5.4697889763779521E+01       25   7.2260000000000002E-01   2.2330087784587834E-03   1.1659672307589256E-03   3.4862420199691881E-05
      64   5.4697889763779521E+01       26   7.5250000000000006E-01   2.8235606828191520E-03   1.5988588839006127E-03   4.7805880628628329E-05
      64   5.4697889763779521E+01       27   7.8240000000000010E-01   2.9715268830038007E-03   1.8190194682643249E-03   5.4388682101103330E-05
      64   5.4697889763779521E+01       28   8.1230000000000013E-01   2.3058347421731767E-03   1.5214619124549449E-03   4.5491711182402860E-05
      64   5.4697889763779521E+01       29   8.4220000000000006E-01   2.4883699849577484E-03   1.7650029205613187E-03   5.2773587324783437E-05
      64   5.4697889763779521E+01       30   8.7210000000000010E-01   2.1487931128563792E-03   1.6342826733329987E-03   4.8865051932656669E-05
      64   5.4697889763779521E+01       31   9.0200000000000014E-01   1.8357556497799789E-03   1.4935781396835904E-03   4.4657986376539362E-05
      64   5.4697889763779521E+01       32   9.3190000000000006E-01   2.0874433467606684E-03   1.8128143110712363E-03   5.4203147901029974E-05
      64   5.4697889763779521E+01       33   9.6180000000000010E-01   1.8444303537848781E-03   1.7062073413051707E-03   5.1015599505024615E-05
      64   5.4697889763779521E+01       34   9.9170000000000014E-01   1.8957265782292125E-03   1.8643881136345822E-03   5.5745204597674024E-05
      64   5.4697889763779521E+01       35   1.0216000000000001E+00   1.6850864613193867E-03   1.7586683903877776E-03   5.2584184872594558E-05
      64   5.4697889763779521E+01       36   1.0515000000000001E+00   1.8269496247146479E-03   2.0199709632024061E-03   6.0397131799751957E-05
      64   5.4697889763779521E+01       37   1.0814000000000001E+00   1.6642805880988270E-03   1.9462529244468358E-03   5.8192962440960405E-05
      64   5.4697889763779521E+01       38   1.1113000000000002E+00   1.6638446760776486E-03   2.0548276930279340E-03   6.1439348021535234E-05
      64   5.4697889763779521E+01       39   1.1412000000000002E+00   1.6448732861004418E-03   2.1421800645444380E-03   6.4051183929878707E-05
      64   5.4697889763779521E+01       40   1.1711000000000000E+00   1.6355362228915430E-03   2.2430973847527859E-03   6.7068611804108313E-05
      64   5.4697889763779521E+01       41   1.2010000000000001E+00   1.5650467582447379E-03   2.2574250091389686E-03   6.7497007773255178E-05
      64   5.4697889763779521E+01       42   1.2309000000000001E+00   1.5779809779554945E-03   2.3908223495986538E-03   7.1485588252999762E-05
      64   5.4697889763779521E+01       43   1.2608000000000001E+00   1.5469963877809910E-03   2.4591312000365566E-03   7.3528022881093062E-05
      64   5.4697889763779521E+01       44   1.2907000000000002E+00   1.5604901830303388E-03   2.5996307234915301E-03   7.7728958632396769E-05
      64   5.4697889763779521E+01       45   1.3206000000000002E+00   1.4689139009595713E-03   2.5617628694600825E-03   7.6596709796856487E-05
      64   5.4697889763779521E+01       46   1.3505000000000000E+00   1.4685165933044000E-03   2.6783543558273784E-03   8.0082795239238633E-05
      64   5.4697889763779521E+01       47   1.3804000000000001E+00   1.4768040558740519E-03   2.8140562719728788E-03   8.4140282531989087E-05
      64   5.4697889763779521E+01       48   1.4103000000000001E+00   1.4116186031758909E-03   2.8076333013579502E-03   8.3948235710602732E-05
      64   5.4697889763779521E+01       49   1.4402000000000001E+00   1.4205736197304552E-03   2.9465197651009816E-03   8.8100940976519373E-05
      64   5.4697889763779521E+01       50   1.4701000000000002E+00   1.3677940372894121E-03   2.9560682803035946E-03   8.8386441581077494E-05
 
      65   5.5566110236220467E+01        1   5.0000000000000001E-03   6.1315654461028463E-02   1.5328913615257117E-06   4.5833451709618791E-08
      65   5.5566110236220467E+01        2   3.4900000000000000E-02   6.1745772877092840E-02   7.5206968822027849E-05   2.2486883677786333E-06
      65   5.5566110236220467E+01        3   6.4800000000000010E-02   6.7334654344893080E-02   2.8274090698037993E-04   8.4539531187133621E-06
      65   5.5566110236220467E+01        4   9.4700000000000006E-02   7.8121160356607974E-02   7.0059759698249248E-04   2.0947868149776529E-05
      65   5.5566110236220467E+01        5   1.2460000000000002E-01   8.3070697474924501E-02   1.2896858696097994E-03   3.8561607501333010E-05
      65   5.5566110236220467E+01        6   1.5450000000000003E-01   8.0838464343047062E-02   1.9296343534846200E-03   5.7696067169190150E-05
      65   5.5566110236220467E+01        7   1.8440000000000001E-01   8.0109430388443828E-02   2.7239898008931955E-03   8.1447295046706557E-05
      65   5.5566110236220467E+01        8   2.1430000000000002E-01   6.8291328501635190E-02   3.1362444328600606E-03   9.3773708542515836E-05
      65   5.5566110236220467E+01        9   2.4420000000000003E-01   4.5928377700957312E-02   2.7388763416029169E-03   8.1892402613927231E-05
      65   5.5566110236220467E+01       10   2.7410000000000001E-01   4.4720707329547513E-02   3.3599029654418420E-03   1.0046109866671110E-04
      65   5.5566110236220467E+01       11   3.0400000000000005E-01   4.9766308521900823E-02   4.5992031683599879E-03   1.3751617473396367E-04
      65   5.5566110236220467E+01       12   3.3390000000000003E-01   3.7104018173559211E-02   4.1366976739957602E-03   1.2368726045247327E-04
      65   5.5566110236220467E+01       13   3.6380000000000001E-01   3.0152233240072029E-02   3.9906613363061587E-03   1.1932077395555418E-04
      65   5.5566110236220467E+01       14   3.9370000000000005E-01   2.5743325333125833E-02   3.9902074462036521E-03   1.1930720264148923E-04
      65   5.5566110236220467E+01       15   4.2360000000000003E-01   1.7433716882154757E-02   3.1282531588345285E-03   9.3534769449152427E-05
      65   5.5566110236220467E+01       16   4.5350000000000007E-01   1.3504603814797005E-02   2.7773872059097364E-03   8.3043877456701141E-05
      65   5.5566110236220467E+01       17   4.8340000000000005E-01   9.4088251182616513E-03   2.1986124784518580E-03   6.5738513105710562E-05
      65   5.5566110236220467E+01       18   5.1330000000000009E-01   8.9286063055300461E-03   2.3524814214154468E-03   7.0339194500321873E-05
      65   5.5566110236220467E+01       19   5.4320000000000002E-01   8.5921600038628507E-03   2.5352563458181970E-03   7.5804164739964110E-05
      65   5.5566110236220467E+01       20   5.7310000000000005E-01   7.6805213505379078E-03   2.5226181590527461E-03   7.5426282955677124E-05
      65   5.5566110236220467E+01       21   6.0300000000000009E-01   5.6926414414339432E-03   2.0698956618783555E-03   6.1889880290162843E-05
      65   5.5566110236220467E+01       22   6.3290000000000002E-01   4.5989237177378496E-03   1.8421559677832329E-03   5.5080463436718676E-05
      65   5.5566110236220467E+01       23   6.6280000000000006E-01   3.9460027147886021E-03   1.7334941452570578E-03   5.1831474943186043E-05
      65   5.5566110236220467E+01       24   6.9270000000000009E-01   3.1170979262535926E-03   1.4956873532064390E-03   4.4721051860872538E-05
      65   5.5566110236220467E+01       25   7.2260000000000002E-01   2.2135866519152440E-03   1.1558259526234002E-03   3.4559195983439674E-05
      65   5.5566110236220467E+01       26   7.5250000000000006E-01   2.8622211778048406E-03   1.6207506308143526E-03   4.8460443861349151E-05
      65   5.5566110236220467E+01       27   7.8240000000000010E-01   2.9735517339503177E-03   1.8202589802852711E-03   5.4425743510529614E-05
      65   5.5566110236220467E+01       28   8.1230000000000013E-01   2.2653577836564600E-03   1.4947539487015834E-03   4.4693143066177354E-05
      65   5.5566110236220467E+01       29   8.4220000000000006E-01   2.5081109089685983E-03   1.7790051745445908E-03   5.3192254718883276E-05
      65   5.5566110236220467E+01       30   8.7210000000000010E-01   2.2036378043426555E-03   1.6759952646867415E-03   5.0112258414133581E-05
      65   5.5566110236220467E+01       31   9.0200000000000014E-01   1.8387045575521974E-03   1.4959773828426984E-03   4.4729723746996692E-05
      65   5.5566110236220467E+01       32   9.3190000000000006E-01   2.0764809792955196E-03   1.8032941788698608E-03   5.3918495948208846E-05
      65   5.5566110236220467E+01       33   9.6180000000000010E-01   1.8893058713782037E-03   1.7477198535046593E-03   5.2256823619789322E-05
      65   5.5566110236220467E+01       34   9.9170000000000014E-01   1.9388001434520535E-03   1.9067496250126323E-03   5.7011813787877715E-05
      65   5.5566110236220467E+01       35   1.0216000000000001E+00   1.6913870045104442E-03   1.7652440566261200E-03   5.2780797293121003E-05
      65   5.5566110236220467E+01       36   1.0515000000000001E+00   1.8585366830898282E-03   2.0548952653658059E-03   6.1441368434437605E-05
      65   5.5566110236220467E+01       37   1.0814000000000001E+00   1.6966971092873197E-03   1.9841616458575492E-03   5.9326433211140735E-05
      65   5.5566110236220467E+01       38   1.1113000000000002E+00   1.6576550969617551E-03   2.0471836390135245E-03   6.1210790806504392E-05
      65   5.5566110236220467E+01       39   1.1412000000000002E+00   1.6559585144148216E-03   2.1566167724092027E-03   6.4482841495035176E-05
      65   5.5566110236220467E+01       40   1.1711000000000000E+00   1.6583693140032666E-03   2.2744124031801862E-03   6.8004930855087586E-05
      65   5.5566110236220467E+01       41   1.2010000000000001E+00   1.5571534456150235E-03   2.2460396871085558E-03   6.7156586644545840E-05
      65   5.5566110236220467E+01       42   1.2309000000000001E+00   1.6052945984061553E-03   2.4322056204581686E-03   7.2722948051699251E-05
      65   5.5566110236220467E+01       43   1.2608000000000001E+00   1.5714633461346907E-03   2.4980242841657848E-03   7.4690926096556977E-05
      65   5.5566110236220467E+01       44   1.2907000000000002E+00   1.5730157912405419E-03   2.6204972155001046E-03   7.8352866743453144E-05
      65   5.5566110236220467E+01       45   1.3206000000000002E+00   1.4994375058619090E-03   2.6149955590205787E-03   7.8188367214715318E-05
      65   5.5566110236220467E+01       46   1.3505000000000000E+00   1.4772208603351189E-03   2.6942296354274219E-03   8.0557466099279935E-05
      65   5.5566110236220467E+01       47   1.3804000000000001E+00   1.5011710225036536E-03   2.8604876282521661E-03   8.5528580084739790E-05
      65   5.5566110236220467E+01       48   1.4103000000000001E+00   1.4320469840030034E-03   2.8482642495290663E-03   8.5163101060919098E-05
      65   5.5566110236220467E+01       49   1.4402000000000001E+00   1.4495343939835859E-03   3.0065895091566743E-03   8.9897026323784579E-05
      65   5.5566110236220467E+01       50   1.4701000000000002E+00   1.3953869925881282E-03   3.0157020100133776E-03   9.0169490099400011E-05
 
      66   5.6434330708661413E+01        1   5.0000000000000001E-03   6.1393168787726382E-02   1.5348292196931596E-06   4.5891393668825480E-08
      66   5.6434330708661413E+01        2   3.4900000000000000E-02   6.1643174688923573E-02   7.5082003202855811E-05   2.2449518957653893E-06
      66   5.6434330708661413E+01        3   6.4800000000000010E-02   6.6993820593437545E-02   2.8130973242466805E-04   8.4111609994975757E-06
      66   5.6434330708661413E+01        4   9.4700000000000006E-02   7.7525880603452349E-02   6.9525907458101513E-04   2.0788246329972358E-05
      66   5.6434330708661413E+01        5   1.2460000000000002E-01   8.2403125216111400E-02   1.2793217034801645E-03   3.8251718934056923E-05
      66   5.6434330708661413E+01        6   1.5450000000000003E-01   8.0705893944582829E-02   1.9264698649306790E-03   5.7601448961427313E-05
      66   5.6434330708661413E+01        7   1.8440000000000001E-01   8.0802018677552656E-02   2.7475401298195472E-03   8.2151449881604483E-05
      66   5.6434330708661413E+01        8   2.1430000000000002E-01   6.9272069900435981E-02   3.1812844814218737E-03   9.5120405994514047E-05
      66   5.6434330708661413E+01        9   2.4420000000000003E-01   4.6958965778470425E-02   2.8003340600056257E-03   8.3729988394168225E-05
      66   5.6434330708661413E+01       10   2.7410000000000001E-01   4.5821109486277524E-02   3.4425770708027144E-03   1.0293305441700118E-04
      66   5.6434330708661413E+01       11   3.0400000000000005E-01   5.0442678084775448E-02   4.6617105378826094E-03   1.3938514508269006E-04
      66   5.6434330708661413E+01       12   3.3390000000000003E-01   3.7524260005603979E-02   4.1835501038593841E-03   1.2508814810539560E-04
      66   5.6434330708661413E+01       13   3.6380000000000001E-01   3.0648973888106511E-02   4.0564051796394083E-03   1.2128651487121834E-04
      66   5.6434330708661413E+01       14   3.9370000000000005E-01   2.6217197561747105E-02   4.0636574947395584E-03   1.2150335909271282E-04
      66   5.6434330708661413E+01       15   4.2360000000000003E-01   1.7947921553678761E-02   3.2205204819105945E-03   9.6293562409126792E-05
      66   5.6434330708661413E+01       16   4.5350000000000007E-01   1.3911009518375357E-02   2.8609695173204934E-03   8.5542988567882775E-05
      66   5.6434330708661413E+01       17   4.8340000000000005E-01   9.4767449858504556E-03   2.2144836915457978E-03   6.6213062377219368E-05
      66   5.6434330708661413E+01       18   5.1330000000000009E-01   8.7737302389901406E-03   2.3116751570680795E-03   6.9119087196335588E-05
      66   5.6434330708661413E+01       19   5.4320000000000002E-01   8.4401477550706781E-03   2.4904026631331461E-03   7.4463039627681082E-05
      66   5.6434330708661413E+01       20   5.7310000000000005E-01   7.6446593502569509E-03   2.5108395142186477E-03   7.5074101475137585E-05
      66   5.6434330708661413E+01       21   6.0300000000000009E-01   5.7130893818054104E-03   2.0773307170288842E-03   6.2112188439163651E-05
      66   5.6434330708661413E+01       22   6.3290000000000002E-01   4.5919503660018955E-03   1.8393627052061014E-03   5.4996944885662443E-05
      66   5.6434330708661413E+01       23   6.6280000000000006E-01   3.8750096864883427E-03   1.7023066353115254E-03   5.0898968395814621E-05
      66   5.6434330708661413E+01       24   6.9270000000000009E-01   3.0269521876473610E-03   1.4524324268715310E-03   4.3427729563458789E-05
      66   5.6434330708661413E+01       25   7.2260000000000002E-01   2.1721573523022959E-03   1.1341936123442317E-03   3.3912389009092533E-05
      66   5.6434330708661413E+01       26   7.5250000000000006E-01   2.8769121765654759E-03   1.6290695006813047E-03   4.8709178070371020E-05
      66   5.6434330708661413E+01       27   7.8240000000000010E-01   2.9577127406612315E-03   1.8105631443447155E-03   5.4135838015907003E-05
      66   5.6434330708661413E+01       28   8.1230000000000013E-01   2.1995304879881068E-03   1.4513190392835224E-03   4.3394439274577330E-05
      66   5.6434330708661413E+01       29   8.4220000000000006E-01   2.4774367010941983E-03   1.7572479331329442E-03   5.2541713200675042E-05
      66   5.6434330708661413E+01       30   8.7210000000000010E-01   2.2294055943714525E-03   1.6955931741002572E-03   5.0698235905597704E-05
      66   5.6434330708661413E+01       31   9.0200000000000014E-01   1.8387837812218278E-03   1.4960418395372043E-03   4.4731651002162417E-05
      66   5.6434330708661413E+01       32   9.3190000000000006E-01   2.0335615245677860E-03   1.7660213101836045E-03   5.2804037174489782E-05
      66   5.6434330708661413E+01       33   9.6180000000000010E-01   1.8957705873321343E-03   1.7537000987318180E-03   5.2435632952081368E-05
      66   5.6434330708661413E+01       34   9.9170000000000014E-01   1.9736930947108688E-03   1.9410657570559636E-03   5.8037866135973321E-05
      66   5.6434330708661413E+01       35   1.0216000000000001E+00   1.6885804732521736E-03   1.7623149738022683E-03   5.2693217716687830E-05
      66   5.6434330708661413E+01       36   1.0515000000000001E+00   1.8680959907645700E-03   2.0654645354048263E-03   6.1757389608604315E-05
      66   5.6434330708661413E+01       37   1.0814000000000001E+00   1.7254806941461693E-03   2.0178219172133508E-03   6.0332875324679199E-05
      66   5.6434330708661413E+01       38   1.1113000000000002E+00   1.6543214293931385E-03   2.0430666006037309E-03   6.1087691358051571E-05
      66   5.6434330708661413E+01       39   1.1412000000000002E+00   1.6483774311798641E-03   2.1467436438765610E-03   6.4187634951909194E-05
      66   5.6434330708661413E+01       40   1.1711000000000000E+00   1.6753267693191769E-03   2.2976691327706400E-03   6.8700307069842145E-05
      66   5.6434330708661413E+01       41   1.2010000000000001E+00   1.5418951010918803E-03   2.2240310357100296E-03   6.6498527967729892E-05
      66   5.6434330708661413E+01       42   1.2309000000000001E+00   1.6015830386596041E-03   2.4265821813179694E-03   7.2554807221407295E-05
      66   5.6434330708661413E+01       43   1.2608000000000001E+00   1.5844737436430981E-03   2.5187058285381638E-03   7.5309304273291113E-05
      66   5.6434330708661413E+01       44   1.2907000000000002E+00   1.5640313558227422E-03   2.6055299862286063E-03   7.7905346588235346E-05
      66   5.6434330708661413E+01       45   1.3206000000000002E+00   1.5123541729036333E-03   2.6375220243246731E-03   7.8861908527307737E-05
      66   5.6434330708661413E+01       46   1.3505000000000000E+00   1.4724788183156478E-03   2.6855808609046990E-03   8.0298867741050519E-05
      66   5.6434330708661413E+01       47   1.3804000000000001E+00   1.4924046856393822E-03   2.8437833368893353E-03   8.5029121772991147E-05
      66   5.6434330708661413E+01       48   1.4103000000000001E+00   1.4246571135564732E-03   2.8335661955988336E-03   8.4723629248405140E-05
      66   5.6434330708661413E+01       49   1.4402000000000001E+00   1.4404303039796792E-03   2.9877060238045678E-03   8.9332410111756598E-05
      66   5.6434330708661413E+01       50   1.4701000000000002E+00   1.3978065331094382E-03   3.0209311064949853E-03   9.0325840084200080E-05
 
      67   5.7302551181102359E+01        1   5.0000000000000001E-03   6.1154630629821183E-02   1.5288657657455297E-06   4.5713086395791346E-08
      67   5.7302551181102359E+01        2   3.4900000000000000E-02   6.0924538235563173E-02   7.4206696816298307E-05   2.2187802348073197E-06
      67   5.7302551181102359E+01        3   6.4800000000000010E-02   6.5505591590927364E-02   2.7506059931396769E-04   8.2243119194876359E-06
      67   5.7302551181102359E+01        4   9.4700000000000006E-02   7.5538581856931075E-02   6.7743680056532509E-04   2.0255360336903224E-05
      67   5.7302551181102359E+01        5   1.2460000000000002E-01   8.0382758497937537E-02   1.2479551869218402E-03   3.7313860088963029E-05
      67   5.7302551181102359E+01        6   1.5450000000000003E-01   7.9050695698729620E-02   1.8869598690026016E-03   5.6420100083177801E-05
      67   5.7302551181102359E+01        7   1.8440000000000001E-01   7.9714700176620842E-02   2.7105676473977024E-03   8.1045972657191315E-05
      67   5.7302551181102359E+01        8   2.1430000000000002E-01   6.8720135550882702E-02   3.1559371779051573E-03   9.4362521619364227E-05
      67   5.7302551181102359E+01        9   2.4420000000000003E-01   4.7194829198352106E-02   2.8143994542760187E-03   8.4150543682852982E-05
      67   5.7302551181102359E+01       10   2.7410000000000001E-01   4.6621051531521622E-02   3.5026773646149602E-03   1.0473005320198734E-04
      67   5.7302551181102359E+01       11   3.0400000000000005E-01   5.0985116053046037E-02   4.7118404851583043E-03   1.4088403050623334E-04
      67   5.7302551181102359E+01       12   3.3390000000000003E-01   3.7755836122512543E-02   4.2093683421883877E-03   1.2586011343143283E-04
      67   5.7302551181102359E+01       13   3.6380000000000001E-01   3.0726702798653215E-02   4.0666926351509850E-03   1.2159410979101447E-04
      67   5.7302551181102359E+01       14   3.9370000000000005E-01   2.6201212806318187E-02   4.0611798626033506E-03   1.2142927789184021E-04
      67   5.7302551181102359E+01       15   4.2360000000000003E-01   1.8167685055700745E-02   3.2599541766323730E-03   9.7472629881307978E-05
      67   5.7302551181102359E+01       16   4.5350000000000007E-01   1.4279286305411875E-02   2.9367101499651943E-03   8.7807633483959321E-05
      67   5.7302551181102359E+01       17   4.8340000000000005E-01   9.6533067520449684E-03   2.2557418611358895E-03   6.7446681647963109E-05
      67   5.7302551181102359E+01       18   5.1330000000000009E-01   8.6839939344980892E-03   2.2880317146404209E-03   6.8412148267748605E-05
      67   5.7302551181102359E+01       19   5.4320000000000002E-01   8.2387379562381055E-03   2.4309734310924628E-03   7.2686105589664658E-05
      67   5.7302551181102359E+01       20   5.7310000000000005E-01   7.5378343929811738E-03   2.4757535396128958E-03   7.4025030834425599E-05
      67   5.7302551181102359E+01       21   6.0300000000000009E-01   5.7311364874177428E-03   2.0838928070534787E-03   6.2308394930899033E-05
      67   5.7302551181102359E+01       22   6.3290000000000002E-01   4.6453053024202518E-03   1.8607346871232350E-03   5.5635967144984736E-05
      67   5.7302551181102359E+01       23   6.6280000000000006E-01   3.8507131889921669E-03   1.6916330906629048E-03   5.0579829410820865E-05
      67   5.7302551181102359E+01       24   6.9270000000000009E-01   2.9519026708856450E-03   1.4164211703308466E-03   4.2350992992892325E-05
      67   5.7302551181102359E+01       25   7.2260000000000002E-01   2.1205376988170004E-03   1.1072403710459479E-03   3.3106487094273849E-05
      67   5.7302551181102359E+01       26   7.5250000000000006E-01   2.8766750505689509E-03   1.6289352266037349E-03   4.8705163275451680E-05
      67   5.7302551181102359E+01       27   7.8240000000000010E-01   2.9413069840530407E-03   1.8005203643743930E-03   5.3835558894794359E-05
      67   5.7302551181102359E+01       28   8.1230000000000013E-01   2.1259720749386671E-03   1.4027828967107577E-03   4.1943208611651663E-05
      67   5.7302551181102359E+01       29   8.4220000000000006E-01   2.4007817768945459E-03   1.7028765310079944E-03   5.0916008277139043E-05
      67   5.7302551181102359E+01       30   8.7210000000000010E-01   2.2117030847308701E-03   1.6821293815150061E-03   5.0295668507298691E-05
      67   5.7302551181102359E+01       31   9.0200000000000014E-01   1.8336096069350269E-03   1.4918321106407661E-03   4.4605780108158915E-05
      67   5.7302551181102359E+01       32   9.3190000000000006E-01   1.9757919235286621E-03   1.7158520159265343E-03   5.1303975276203384E-05
      67   5.7302551181102359E+01       33   9.6180000000000010E-01   1.8652163279256322E-03   1.7254355987464764E-03   5.1590524402519658E-05
      67   5.7302551181102359E+01       34   9.9170000000000014E-01   1.9916892337795964E-03   1.9587643999701707E-03   5.8567055559108119E-05
      67   5.7302551181102359E+01       35   1.0216000000000001E+00   1.6809224689772698E-03   1.7543225708242141E-03   5.2454244867644014E-05
      67   5.7302551181102359E+01       36   1.0515000000000001E+00   1.8559154762394486E-03   2.0519971221139681E-03   6.1354713951207665E-05
      67   5.7302551181102359E+01       37   1.0814000000000001E+00   1.7465001747140451E-03   2.0424026434551403E-03   6.1067839039308710E-05
      67   5.7302551181102359E+01       38   1.1113000000000002E+00   1.6625510954594606E-03   2.0532301368884494E-03   6.1391581092964649E-05
      67   5.7302551181102359E+01       39   1.1412000000000002E+00   1.6373721043605491E-03   2.1324109947203312E-03   6.3759088742137916E-05
      67   5.7302551181102359E+01       40   1.1711000000000000E+00   1.6876678947436816E-03   2.3145946803538489E-03   6.9206380942580094E-05
      67   5.7302551181102359E+01       41   1.2010000000000001E+00   1.5325932055811492E-03   2.2106139723234554E-03   6.6097357772471331E-05
      67   5.7302551181102359E+01       42   1.2309000000000001E+00   1.5757666926289745E-03   2.3874674531068774E-03   7.1385276847895650E-05
      67   5.7302551181102359E+01       43   1.2608000000000001E+00   1.5828715919551139E-03   2.5161590215551401E-03   7.5233154744498698E-05
      67   5.7302551181102359E+01       44   1.2907000000000002E+00   1.5402653685949027E-03   2.5659380738644912E-03   7.6721548408548295E-05
      67   5.7302551181102359E+01       45   1.3206000000000002E+00   1.5009313026271671E-03   2.6176007172162073E-03   7.8266261444764613E-05
      67   5.7302551181102359E+01       46   1.3505000000000000E+00   1.4632803461392383E-03   2.6688042251261364E-03   7.9797246331271497E-05
      67   5.7302551181102359E+01       47   1.3804000000000001E+00   1.4671455075424683E-03   2.7956518679474853E-03   8.3589990851629833E-05
      67   5.7302551181102359E+01       48   1.4103000000000001E+00   1.4064323427826712E-03   2.7973181090271337E-03   8.3639811459911313E-05
      67   5.7302551181102359E+01       49   1.4402000000000001E+00   1.4099156434604985E-03   2.9244132460869488E-03   8.7439956057999791E-05
      67   5.7302551181102359E+01       50   1.4701000000000002E+00   1.3815560950513977E-03   2.9858107571040719E-03   8.9275741637411763E-05
 
      68   5.8170771653543305E+01        1   5.0000000000000001E-03   6.2400910973823283E-02   1.5600227743455822E-06   4.6644680952932920E-08
      68   5.8170771653543305E+01        2   3.4900000000000000E-02   6.1446856895309328E-02   7.4842886167055724E-05   2.2378022963949667E-06
      68   5.8170771653543305E+01        3   6.4800000000000010E-02   6.4679888010369391E-02   2.7159343695106158E-04   8.1206437648367438E-06
      68   5.8170771653543305E+01        4   9.4700000000000006E-02   7.3613651214438761E-02   6.6017384931969618E-04   1.9739198094658920E-05
      68   5.8170771653543305E+01        5   1.2460000000000002E-01   7.8000107939898741E-02   1.2109641557841986E-03   3.6207828257947546E-05
      68   5.8170771653543305E+01        6   1.5450000000000003E-01   7.6574176542558395E-02   1.8278447376150052E-03   5.4652557654688666E-05
      68   5.8170771653543305E+01        7   1.8440000000000001E-01   7.7289950059604581E-02   2.6281179962587562E-03   7.8580728088136829E-05
      68   5.8170771653543305E+01        8   2.1430000000000002E-01   6.6760663661060538E-02   3.0659494306957383E-03   9.1671887977802600E-05
      68   5.8170771653543305E+01        9   2.4420000000000003E-01   4.6497681195998487E-02   2.7728259812769438E-03   8.2907496840180635E-05
      68   5.8170771653543305E+01       10   2.7410000000000001E-01   4.6971385884199371E-02   3.5289982683024651E-03   1.0551704822224373E-04
      68   5.8170771653543305E+01       11   3.0400000000000005E-01   5.1427370991115828E-02   4.7527119175149613E-03   1.4210608633369738E-04
      68   5.8170771653543305E+01       12   3.3390000000000003E-01   3.7947680400588268E-02   4.2307569091940703E-03   1.2649963158490273E-04
      68   5.8170771653543305E+01       13   3.6380000000000001E-01   3.0553552576639935E-02   4.0437761270814294E-03   1.2090890619973476E-04
      68   5.8170771653543305E+01       14   3.9370000000000005E-01   2.5785769798748529E-02   3.9967863252173856E-03   1.1950391112399985E-04
      68   5.8170771653543305E+01       15   4.2360000000000003E-01   1.8013028368087280E-02   3.2322030507633431E-03   9.6642871217823985E-05
      68   5.8170771653543305E+01       16   4.5350000000000007E-01   1.4460195088843216E-02   2.9739162574104467E-03   8.8920096096572373E-05
      68   5.8170771653543305E+01       17   4.8340000000000005E-01   9.8891659044394453E-03   2.3108563806527945E-03   6.9094605781518575E-05
      68   5.8170771653543305E+01       18   5.1330000000000009E-01   8.7442510393602735E-03   2.3039080692299129E-03   6.8886851269974410E-05
      68   5.8170771653543305E+01       19   5.4320000000000002E-01   8.0988531518641320E-03   2.3896981478326988E-03   7.1451974620197702E-05
      68   5.8170771653543305E+01       20   5.7310000000000005E-01   7.4094570978882751E-03   2.4335888373705488E-03   7.2764306237379418E-05
      68   5.8170771653543305E+01       21   6.0300000000000009E-01   5.7430114287713892E-03   2.0882106426041366E-03   6.2437498213863704E-05
      68   5.8170771653543305E+01       22   6.3290000000000002E-01   4.7576216875820547E-03   1.9057244090461350E-03   5.6981159830479447E-05
      68   5.8170771653543305E+01       23   6.6280000000000006E-01   3.9107420454374568E-03   1.7180039978101295E-03   5.1368319534522885E-05
      68   5.8170771653543305E+01       24   6.9270000000000009E-01   2.9402185161167939E-03   1.4108147239072397E-03   4.2183360244826475E-05
      68   5.8170771653543305E+01       25   7.2260000000000002E-01   2.0795558488369945E-03   1.0858416669326820E-03   3.2466665841287201E-05
      68   5.8170771653543305E+01       26   7.5250000000000006E-01   2.8693896613193070E-03   1.6248098294074412E-03   4.8581813899282505E-05
      68   5.8170771653543305E+01       27   7.8240000000000010E-01   2.9438622757351710E-03   1.8020845855643390E-03   5.3882329108373749E-05
      68   5.8170771653543305E+01       28   8.1230000000000013E-01   2.0768860133404516E-03   1.3703943773653877E-03   4.0974791883225101E-05
      68   5.8170771653543305E+01       29   8.4220000000000006E-01   2.3079730870451836E-03   1.6370472493385422E-03   4.8947712755222421E-05
      68   5.8170771653543305E+01       30   8.7210000000000010E-01   2.1594991192938604E-03   1.6424252165665391E-03   4.9108513975339528E-05
      68   5.8170771653543305E+01       31   9.0200000000000014E-01   1.8269179496036869E-03   1.4863877514693583E-03   4.4442993768933821E-05
      68   5.8170771653543305E+01       32   9.3190000000000006E-01   1.9298302784793672E-03   1.6759371947482563E-03   5.0110522122972874E-05
      68   5.8170771653543305E+01       33   9.6180000000000010E-01   1.8191926657177594E-03   1.6828609847624450E-03   5.0317543444397115E-05
      68   5.8170771653543305E+01       34   9.9170000000000014E-01   1.9965166446544559E-03   1.9635120083848429E-03   5.8709009050706815E-05
      68   5.8170771653543305E+01       35   1.0216000000000001E+00   1.6808485565214153E-03   1.7542454308656712E-03   5.2451938382883580E-05
      68   5.8170771653543305E+01       36   1.0515000000000001E+00   1.8362781941738779E-03   2.0302851170142851E-03   6.0705524998727138E-05
      68   5.8170771653543305E+01       37   1.0814000000000001E+00   1.7623579389311251E-03   2.0609471245981530E-03   6.1622319025484782E-05
      68   5.8170771653543305E+01       38   1.1113000000000002E+00   1.6880822488201269E-03   2.0847607970003743E-03   6.2334347830311201E-05
      68   5.8170771653543305E+01       39   1.1412000000000002E+00   1.6403531339376817E-03   2.1362933011483784E-03   6.3875169704336529E-05
      68   5.8170771653543305E+01       40   1.1711000000000000E+00   1.7069243901253774E-03   2.3410044864013240E-03   6.9996034143399600E-05
      68   5.8170771653543305E+01       41   1.2010000000000001E+00   1.5472291400748697E-03   2.2317248588731324E-03   6.6728573280306678E-05
      68   5.8170771653543305E+01       42   1.2309000000000001E+00   1.5588272953273928E-03   2.3618023213827768E-03   7.0617889409345047E-05
      68   5.8170771653543305E+01       43   1.2608000000000001E+00   1.5850495952877330E-03   2.5196212118946469E-03   7.5336674235649962E-05
      68   5.8170771653543305E+01       44   1.2907000000000002E+00   1.5286870983901642E-03   2.5466497583874438E-03   7.6144827775784585E-05
      68   5.8170771653543305E+01       45   1.3206000000000002E+00   1.4823548235399118E-03   2.5852036282241670E-03   7.7297588483902615E-05
      68   5.8170771653543305E+01       46   1.3505000000000000E+00   1.4643653639204754E-03   2.6707831350776998E-03   7.9856415738823239E-05
      68   5.8170771653543305E+01       47   1.3804000000000001E+00   1.4565177174105999E-03   2.7754005696396028E-03   8.2984477032224137E-05
      68   5.8170771653543305E+01       48   1.4103000000000001E+00   1.4074872309967820E-03   2.7994162248159769E-03   8.3702545121997732E-05
      68   5.8170771653543305E+01       49   1.4402000000000001E+00   1.4001614150706066E-03   2.9041812592719473E-03   8.6835019652231236E-05
      68   5.8170771653543305E+01       50   1.4701000000000002E+00   1.3772069620787313E-03   2.9764114369748517E-03   8.8994701965548089E-05
 
      69   5.9038992125984244E+01        1   5.0000000000000001E-03   6.5927098907244117E-02   1.6481774726811030E-06   4.9280506433164991E-08
      69   5.9038992125984244E+01        2   3.4900000000000000E-02   6.4236233729431672E-02   7.8240375044785074E-05   2.3393872138390743E-06
      69   5.9038992125984244E+01        3   6.4800000000000010E-02   6.5871102370046120E-02   2.7659539369591851E-04   8.2702022715079660E-06
      69   5.9038992125984244E+01        4   9.4700000000000006E-02   7.3099527255190699E-02   6.5556313938200329E-04   1.9601337867521901E-05
      69   5.9038992125984244E+01        5   1.2460000000000002E-01   7.6297356742156819E-02   1.1845286709990638E-03   3.5417407262872016E-05
      69   5.9038992125984244E+01        6   1.5450000000000003E-01   7.4099799538368386E-02   1.7687807399307386E-03   5.2886544123929095E-05
      69   5.9038992125984244E+01        7   1.8440000000000001E-01   7.4237867079472455E-02   2.5243369199354506E-03   7.5477673906069995E-05
      69   5.9038992125984244E+01        8   2.1430000000000002E-01   6.3868739153289264E-02   2.9331392725578417E-03   8.7700864249479481E-05
      69   5.9038992125984244E+01        9   2.4420000000000003E-01   4.4942421736607785E-02   2.6800801985690441E-03   8.0134397937214432E-05
      69   5.9038992125984244E+01       10   2.7410000000000001E-01   4.6696853133535193E-02   3.5083724003735373E-03   1.0490033477116878E-04
      69   5.9038992125984244E+01       11   3.0400000000000005E-01   5.1583009847098578E-02   4.7670954380294632E-03   1.4253615359708098E-04
      69   5.9038992125984244E+01       12   3.3390000000000003E-01   3.8060419981532853E-02   4.2433261560093135E-03   1.2687545206467850E-04
      69   5.9038992125984244E+01       13   3.6380000000000001E-01   3.0300582666978472E-02   4.0102954482309746E-03   1.1990783390210617E-04
      69   5.9038992125984244E+01       14   3.9370000000000005E-01   2.5208643579641744E-02   3.9073319401649615E-03   1.1682922501093237E-04
      69   5.9038992125984244E+01       15   4.2360000000000003E-01   1.7568838288312860E-02   3.1524989331864635E-03   9.4259718102275282E-05
      69   5.9038992125984244E+01       16   4.5350000000000007E-01   1.4353590519734744E-02   2.9519917218673178E-03   8.8264552483832820E-05
      69   5.9038992125984244E+01       17   4.8340000000000005E-01   1.0052242750670216E-02   2.3489634540188038E-03   7.0234007275162249E-05
      69   5.9038992125984244E+01       18   5.1330000000000009E-01   8.9411764939886767E-03   2.3557933755772409E-03   7.0438221929759514E-05
      69   5.9038992125984244E+01       19   5.4320000000000002E-01   8.1142919087637821E-03   2.3942536037813524E-03   7.1588182753062459E-05
      69   5.9038992125984244E+01       20   5.7310000000000005E-01   7.3426468845894047E-03   2.4116454497297977E-03   7.2108198946920971E-05
      69   5.9038992125984244E+01       21   6.0300000000000009E-01   5.7517331603793610E-03   2.0913819427123797E-03   6.2532320087100167E-05
      69   5.9038992125984244E+01       22   6.3290000000000002E-01   4.8864438422902313E-03   1.9573257217974350E-03   5.8524039081743319E-05
      69   5.9038992125984244E+01       23   6.6280000000000006E-01   4.0389760805521948E-03   1.7743377018547288E-03   5.3052697285456405E-05
      69   5.9038992125984244E+01       24   6.9270000000000009E-01   3.0099707848084737E-03   1.4442841844785324E-03   4.3184097115908128E-05
      69   5.9038992125984244E+01       25   7.2260000000000002E-01   2.0719436397414405E-03   1.0818669461681596E-03   3.2347821690427980E-05
      69   5.9038992125984244E+01       26   7.5250000000000006E-01   2.8643821747164973E-03   1.6219743088218090E-03   4.8497031833772102E-05
      69   5.9038992125984244E+01       27   7.8240000000000010E-01   2.9720281184207153E-03   1.8193262994044928E-03   5.4397856352194344E-05
      69   5.9038992125984244E+01       28   8.1230000000000013E-01   2.0787809552056170E-03   1.3716447193007548E-03   4.1012177107092575E-05
      69   5.9038992125984244E+01       29   8.4220000000000006E-01   2.2422909474906945E-03   1.5904588525795459E-03   4.7554719692128435E-05
      69   5.9038992125984244E+01       30   8.7210000000000010E-01   2.1019420818944794E-03   1.5986497277177554E-03   4.7799626858760898E-05
      69   5.9038992125984244E+01       31   9.0200000000000014E-01   1.8247527120428520E-03   1.4846261055289130E-03   4.4390320555314511E-05
      69   5.9038992125984244E+01       32   9.3190000000000006E-01   1.9121989112890908E-03   1.6606254523645002E-03   4.9652701025698569E-05
      69   5.9038992125984244E+01       33   9.6180000000000010E-01   1.7803963645023374E-03   1.6469721078452956E-03   4.9244466024574350E-05
      69   5.9038992125984244E+01       34   9.9170000000000014E-01   1.9935282897274994E-03   1.9605730542819029E-03   5.8621134323028910E-05
      69   5.9038992125984244E+01       35   1.0216000000000001E+00   1.6930107977503467E-03   1.7669387553309603E-03   5.2831468784395725E-05
      69   5.9038992125984244E+01       36   1.0515000000000001E+00   1.8227558404406952E-03   2.0153340961838961E-03   6.0258489475898505E-05
      69   5.9038992125984244E+01       37   1.0814000000000001E+00   1.7729518300594754E-03   2.0733358959010594E-03   6.1992743287441686E-05
      69   5.9038992125984244E+01       38   1.1113000000000002E+00   1.7247013645608814E-03   2.1299849541588914E-03   6.3686550129350860E-05
      69   5.9038992125984244E+01       39   1.1412000000000002E+00   1.6602218212154352E-03   2.1621690364738485E-03   6.4648854190568086E-05
      69   5.9038992125984244E+01       40   1.1711000000000000E+00   1.7351258121867657E-03   2.3796820376452651E-03   7.1152492925593435E-05
      69   5.9038992125984244E+01       41   1.2010000000000001E+00   1.5866886364355164E-03   2.2886412758832257E-03   6.8430374148908463E-05
      69   5.9038992125984244E+01       42   1.2309000000000001E+00   1.5696626076273674E-03   2.3782190635194436E-03   7.1108749999231378E-05
      69   5.9038992125984244E+01       43   1.2608000000000001E+00   1.6058504617848257E-03   2.5526866154048436E-03   7.6325329800604834E-05
      69   5.9038992125984244E+01       44   1.2907000000000002E+00   1.5508320853756775E-03   2.5835412359275760E-03   7.7247882954234535E-05
      69   5.9038992125984244E+01       45   1.3206000000000002E+00   1.4820876463845687E-03   2.5847376754438993E-03   7.7283656495772605E-05
      69   5.9038992125984244E+01       46   1.3505000000000000E+00   1.4834591943907079E-03   2.7056074225542911E-03   8.0897661934373316E-05
      69   5.9038992125984244E+01       47   1.3804000000000001E+00   1.4744831523393169E-03   2.8096337806324824E-03   8.4008050040911247E-05
      69   5.9038992125984244E+01       48   1.4103000000000001E+00   1.4352196953680060E-03   2.8545746013931869E-03   8.5351780581656309E-05
      69   5.9038992125984244E+01       49   1.4402000000000001E+00   1.4307436274375942E-03   2.9676141514137448E-03   8.8731663127270991E-05
      69   5.9038992125984244E+01       50   1.4701000000000002E+00   1.4030487021005468E-03   3.0322604507179770E-03   9.0664587476467536E-05
 
      70   5.9907212598425190E+01        1   5.0000000000000001E-03   7.0697025769963492E-02   1.7674256442490875E-06   5.2846026763047729E-08
      70   5.9907212598425190E+01        2   3.4900000000000000E-02   6.8643435425712496E-02   8.3608390782872075E-05   2.4998908844078755E-06
      70   5.9907212598425190E+01        3   6.4800000000000010E-02   6.9185374652318471E-02   2.9051215558007144E-04   8.6863134518441377E-06
      70   5.9907212598425190E+01        4   9.4700000000000006E-02   7.4722852212281823E-02   6.7012126369644259E-04   2.0036625784523639E-05
      70   5.9907212598425190E+01        5   1.2460000000000002E-01   7.6207884426563760E-02   1.1831395989839110E-03   3.5375874009618950E-05
      70   5.9907212598425190E+01        6   1.5450000000000003E-01   7.2522129305696778E-02   1.7311213570593092E-03   5.1760528576073352E-05
      70   5.9907212598425190E+01        7   1.8440000000000001E-01   7.1381689870867765E-02   2.4272172980874702E-03   7.2573797212815373E-05
      70   5.9907212598425190E+01        8   2.1430000000000002E-01   6.0691761280179335E-02   2.7872381839939833E-03   8.3338421701420115E-05
      70   5.9907212598425190E+01        9   2.4420000000000003E-01   4.2792033474966767E-02   2.5518447191141178E-03   7.6300157101512136E-05
      70   5.9907212598425190E+01       10   2.7410000000000001E-01   4.5698135819857176E-02   3.4333379596358841E-03   1.0265680499311295E-04
      70   5.9907212598425190E+01       11   3.0400000000000005E-01   5.1173418934413732E-02   4.7292426842427812E-03   1.4140435625885920E-04
      70   5.9907212598425190E+01       12   3.3390000000000003E-01   3.7910374204503779E-02   4.2265976708645058E-03   1.2637527035884875E-04
      70   5.9907212598425190E+01       13   3.6380000000000001E-01   3.0047445830359017E-02   3.9767926765241820E-03   1.1890610102807306E-04
      70   5.9907212598425190E+01       14   3.9370000000000005E-01   2.4725964449507962E-02   3.8325168246247559E-03   1.1459225305628023E-04
      70   5.9907212598425190E+01       15   4.2360000000000003E-01   1.7056269125151142E-02   3.0605250807589808E-03   9.1509699914693552E-05
      70   5.9907212598425190E+01       16   4.5350000000000007E-01   1.4003149997849431E-02   2.8799193356452103E-03   8.6109588135791803E-05
      70   5.9907212598425190E+01       17   4.8340000000000005E-01   1.0031233459465775E-02   2.3440540961314027E-03   7.0087217474328959E-05
      70   5.9907212598425190E+01       18   5.1330000000000009E-01   9.1651928764982567E-03   2.4148165153499153E-03   7.2203013808962477E-05
      70   5.9907212598425190E+01       19   5.4320000000000002E-01   8.2849030473587000E-03   2.4445951909486739E-03   7.3093396209365365E-05
      70   5.9907212598425190E+01       20   5.7310000000000005E-01   7.3937883985228121E-03   2.4284425531869514E-03   7.2610432340289868E-05
      70   5.9907212598425190E+01       21   6.0300000000000009E-01   5.7731296759628604E-03   2.0991619083471805E-03   6.2764941059580709E-05
      70   5.9907212598425190E+01       22   6.3290000000000002E-01   4.9895620726634138E-03   1.9986310086706521E-03   5.9759067159252513E-05
      70   5.9907212598425190E+01       23   6.6280000000000006E-01   4.1852824243287278E-03   1.8386106404921197E-03   5.4974458150714394E-05
      70   5.9907212598425190E+01       24   6.9270000000000009E-01   3.1382715417987038E-03   1.5058471588146449E-03   4.5024830048557890E-05
      70   5.9907212598425190E+01       25   7.2260000000000002E-01   2.1120498903262749E-03   1.1028084553917812E-03   3.2973972816214267E-05
      70   5.9907212598425190E+01       26   7.5250000000000006E-01   2.8782125252204555E-03   1.6298058312343659E-03   4.8731194353907552E-05
      70   5.9907212598425190E+01       27   7.8240000000000010E-01   3.0233375243417099E-03   1.8507353399247722E-03   5.5336986663750702E-05
      70   5.9907212598425190E+01       28   8.1230000000000013E-01   2.1336177886443031E-03   1.4078277778481181E-03   4.2094050557658741E-05
      70   5.9907212598425190E+01       29   8.4220000000000006E-01   2.2303407937661083E-03   1.5819825985045677E-03   4.7301279695286585E-05
      70   5.9907212598425190E+01       30   8.7210000000000010E-01   2.0680615640080867E-03   1.5728816149041039E-03   4.7029160285632714E-05
      70   5.9907212598425190E+01       31   9.0200000000000014E-01   1.8303946522006131E-03   1.4892164106090281E-03   4.4527570677209951E-05
      70   5.9907212598425190E+01       32   9.3190000000000006E-01   1.9180353843495583E-03   1.6656940650799619E-03   4.9804252545890870E-05
      70   5.9907212598425190E+01       33   9.6180000000000010E-01   1.7546494749004526E-03   1.6231547097178120E-03   4.8532325820562590E-05
      70   5.9907212598425190E+01       34   9.9170000000000014E-01   1.9812636191036430E-03   1.9485111322772430E-03   5.8260482855089579E-05
      70   5.9907212598425190E+01       35   1.0216000000000001E+00   1.7063577128895314E-03   1.7808684843408852E-03   5.3247967681792478E-05
      70   5.9907212598425190E+01       36   1.0515000000000001E+00   1.8139951107679531E-03   2.0056477757095866E-03   5.9968868493716654E-05
      70   5.9907212598425190E+01       37   1.0814000000000001E+00   1.7729364013814460E-03   2.0733178532044436E-03   6.1992203810812870E-05
      70   5.9907212598425190E+01       38   1.1113000000000002E+00   1.7568671784650716E-03   2.1697093383693969E-03   6.4874309217244979E-05
      70   5.9907212598425190E+01       39   1.1412000000000002E+00   1.6844284484651096E-03   2.1936942334372235E-03   6.5591457579772998E-05
      70   5.9907212598425190E+01       40   1.1711000000000000E+00   1.7589710948441061E-03   2.4123852516852503E-03   7.2130319025388994E-05
      70   5.9907212598425190E+01       41   1.2010000000000001E+00   1.6309437130422159E-03   2.3524748426358055E-03   7.0338997794810605E-05
      70   5.9907212598425190E+01       42   1.2309000000000001E+00   1.5975184219047403E-03   2.4204238202757008E-03   7.2370672226243474E-05
      70   5.9907212598425190E+01       43   1.2608000000000001E+00   1.6369552761468520E-03   2.6021313458988319E-03   7.7803727242375085E-05
      70   5.9907212598425190E+01       44   1.2907000000000002E+00   1.6004036808059008E-03   2.6661228784744394E-03   7.9717074066385752E-05
      70   5.9907212598425190E+01       45   1.3206000000000002E+00   1.5095244234403298E-03   2.6325869855179538E-03   7.8714350866986837E-05
      70   5.9907212598425190E+01       46   1.3505000000000000E+00   1.5164273820406215E-03   2.7657364598416331E-03   8.2695520149264840E-05
      70   5.9907212598425190E+01       47   1.3804000000000001E+00   1.5105819421799306E-03   2.8784201748447377E-03   8.6064763227857672E-05
      70   5.9907212598425190E+01       48   1.4103000000000001E+00   1.4690217294361242E-03   2.9218050248870173E-03   8.7361970244121840E-05
      70   5.9907212598425190E+01       49   1.4402000000000001E+00   1.4789698089088268E-03   3.0676437415220674E-03   9.1722547871509838E-05
      70   5.9907212598425190E+01       50   1.4701000000000002E+00   1.4431496316174638E-03   3.1189263393853698E-03   9.3255897547622583E-05
 
      71   6.0775433070866136E+01        1   5.0000000000000001E-03   7.4725743804091360E-02   1.8681435951022841E-06   5.5857493493558306E-08
      71   6.0775433070866136E+01        2   3.4900000000000000E-02   7.2945581305872559E-02   8.8848447486365834E-05   2.6565685798423389E-06
      71   6.0775433070866136E+01        3   6.4800000000000010E-02   7.3559615745105736E-02   3.0887976889832887E-04   9.2355050900600347E-06
      71   6.0775433070866136E+01        4   9.4700000000000006E-02   7.8269472136759194E-02   7.0192767037494889E-04   2.0987637344210978E-05
      71   6.0775433070866136E+01        5   1.2460000000000002E-01   7.8159183362784879E-02   1.2134338271765736E-03   3.6281671432579559E-05
      71   6.0775433070866136E+01        6   1.5450000000000003E-01   7.2518207337372798E-02   1.7310277386949238E-03   5.1757729386978230E-05
      71   6.0775433070866136E+01        7   1.8440000000000001E-01   6.9452242047098142E-02   2.3616095891346154E-03   7.0612126715125013E-05
      71   6.0775433070866136E+01        8   2.1430000000000002E-01   5.7874636620524680E-02   2.6578631707329199E-03   7.9470108804914321E-05
      71   6.0775433070866136E+01        9   2.4420000000000003E-01   4.0412339666731377E-02   2.4099349152435796E-03   7.2057053965783046E-05
      71   6.0775433070866136E+01       10   2.7410000000000001E-01   4.4017198990199770E-02   3.3070478140648910E-03   9.8880729640540263E-05
      71   6.0775433070866136E+01       11   3.0400000000000005E-01   5.0030828251470330E-02   4.6236490236878829E-03   1.3824710580826773E-04
      71   6.0775433070866136E+01       12   3.3390000000000003E-01   3.7331548986879709E-02   4.1620649046235202E-03   1.2444574064824328E-04
      71   6.0775433070866136E+01       13   3.6380000000000001E-01   2.9773502827731509E-02   3.9405361995915097E-03   1.1782203236778617E-04
      71   6.0775433070866136E+01       14   3.9370000000000005E-01   2.4476489702066284E-02   3.7938483161084678E-03   1.1343606465164321E-04
      71   6.0775433070866136E+01       15   4.2360000000000003E-01   1.6700205814020683E-02   2.9966341626421972E-03   8.9599361463001722E-05
      71   6.0775433070866136E+01       16   4.5350000000000007E-01   1.3582005005563964E-02   2.7933057089555482E-03   8.3519840697770904E-05
      71   6.0775433070866136E+01       17   4.8340000000000005E-01   9.8307383393422699E-03   2.2972032866592756E-03   6.8686378271112349E-05
      71   6.0775433070866136E+01       18   5.1330000000000009E-01   9.2958417822388978E-03   2.4492394827163627E-03   7.3232260533219259E-05
      71   6.0775433070866136E+01       19   5.4320000000000002E-01   8.5157368062618102E-03   2.5127064402532813E-03   7.5129922563573121E-05
      71   6.0775433070866136E+01       20   5.7310000000000005E-01   7.5574352459461640E-03   2.4821913145197964E-03   7.4217520304141932E-05
      71   6.0775433070866136E+01       21   6.0300000000000009E-01   5.8429567298741826E-03   2.1245516535928224E-03   6.3524094442425408E-05
      71   6.0775433070866136E+01       22   6.3290000000000002E-01   5.0788354337761559E-03   2.0343905613467725E-03   6.0828277784268509E-05
      71   6.0775433070866136E+01       23   6.6280000000000006E-01   4.3214759790487899E-03   1.8984409920638932E-03   5.6763385662710418E-05
      71   6.0775433070866136E+01       24   6.9270000000000009E-01   3.2879598763852838E-03   1.5776726048739446E-03   4.7172410885730952E-05
      71   6.0775433070866136E+01       25   7.2260000000000002E-01   2.2001757308513980E-03   1.1488234299976130E-03   3.4349820556928638E-05
      71   6.0775433070866136E+01       26   7.5250000000000006E-01   2.9310669710970330E-03   1.6597349915522647E-03   4.9626076247412723E-05
      71   6.0775433070866136E+01       27   7.8240000000000010E-01   3.0986050763487853E-03   1.8968103538216910E-03   5.6714629579268574E-05
      71   6.0775433070866136E+01       28   8.1230000000000013E-01   2.2233214051008499E-03   1.4670170308123068E-03   4.3863809221287984E-05
      71   6.0775433070866136E+01       29   8.4220000000000006E-01   2.2694743340062494E-03   1.6097400514690735E-03   4.8131227538925307E-05
      71   6.0775433070866136E+01       30   8.7210000000000010E-01   2.0736457367197289E-03   1.5771287044228359E-03   4.7156148262242802E-05
      71   6.0775433070866136E+01       31   9.0200000000000014E-01   1.8517571735719900E-03   1.5065970434468658E-03   4.5047251599061298E-05
      71   6.0775433070866136E+01       32   9.3190000000000006E-01   1.9413077680458881E-03   1.6859046783562056E-03   5.0408549882850560E-05
      71   6.0775433070866136E+01       33   9.6180000000000010E-01   1.7410361369071352E-03   1.6105615656198508E-03   4.8155790812033549E-05
      71   6.0775433070866136E+01       34   9.9170000000000014E-01   1.9632138724989825E-03   1.9307597680191762E-03   5.7729717063773379E-05
      71   6.0775433070866136E+01       35   1.0216000000000001E+00   1.7152023109983751E-03   1.7900992956237246E-03   5.3523968939149376E-05
      71   6.0775433070866136E+01       36   1.0515000000000001E+00   1.8074129612799404E-03   1.9983702073183294E-03   5.9751269198818060E-05
      71   6.0775433070866136E+01       37   1.0814000000000001E+00   1.7649311982218545E-03   2.0639563608145432E-03   6.1712295188354860E-05
      71   6.0775433070866136E+01       38   1.1113000000000002E+00   1.7812522769589869E-03   2.1998246348288201E-03   6.5774756581381730E-05
      71   6.0775433070866136E+01       39   1.1412000000000002E+00   1.7073645861679938E-03   2.2235648242966851E-03   6.6484588246470898E-05
      71   6.0775433070866136E+01       40   1.1711000000000000E+00   1.7717418378141812E-03   2.4299000090819900E-03   7.2654010271551512E-05
      71   6.0775433070866136E+01       41   1.2010000000000001E+00   1.6666325127433275E-03   2.4039524030134889E-03   7.1878176850103333E-05
      71   6.0775433070866136E+01       42   1.2309000000000001E+00   1.6270852508139103E-03   2.4652209606407204E-03   7.3710106723157557E-05
      71   6.0775433070866136E+01       43   1.2608000000000001E+00   1.6629723306524982E-03   2.6434884886647938E-03   7.9040305811077351E-05
      71   6.0775433070866136E+01       44   1.2907000000000002E+00   1.6550852927211333E-03   2.7572173306476865E-03   8.2440798186365842E-05
      71   6.0775433070866136E+01       45   1.3206000000000002E+00   1.5551629523286854E-03   2.7121798661126541E-03   8.1094177996768373E-05
      71   6.0775433070866136E+01       46   1.3505000000000000E+00   1.5558628349931736E-03   2.8376608205680086E-03   8.4846058534983481E-05
      71   6.0775433070866136E+01       47   1.3804000000000001E+00   1.5529394482871745E-03   2.9591325789393159E-03   8.8478064110285564E-05
      71   6.0775433070866136E+01       48   1.4103000000000001E+00   1.4932065030418213E-03   2.9699072357876038E-03   8.8800226350049371E-05
      71   6.0775433070866136E+01       49   1.4402000000000001E+00   1.5150079535811757E-03   3.1423931977275069E-03   9.3957556612052478E-05
      71   6.0775433070866136E+01       50   1.4701000000000002E+00   1.4728506088316027E-03   3.1831159134317133E-03   9.5175165811608255E-05
 
      72   6.1643653543307082E+01        1   5.0000000000000001E-03   7.6655159420721486E-02   1.9163789855180372E-06   5.7299731666989325E-08
      72   6.1643653543307082E+01        2   3.4900000000000000E-02   7.5643251044708537E-02   9.2134236204965454E-05   2.7548136625284678E-06
      72   6.1643653543307082E+01        3   6.4800000000000010E-02   7.7442338536793540E-02   3.2518347720953761E-04   9.7229859685651775E-06
      72   6.1643653543307082E+01        4   9.4700000000000006E-02   8.2573928009434500E-02   7.4053041804212954E-04   2.2141859499459679E-05
      72   6.1643653543307082E+01        5   1.2460000000000002E-01   8.1637983974619202E-02   1.2674427632833995E-03   3.7896538622173655E-05
      72   6.1643653543307082E+01        6   1.5450000000000003E-01   7.4102009709443639E-02   1.7688334972668477E-03   5.2888121568278758E-05
      72   6.1643653543307082E+01        7   1.8440000000000001E-01   6.8813203858181821E-02   2.3398801435431456E-03   6.9962416291940066E-05
      72   6.1643653543307082E+01        8   2.1430000000000002E-01   5.5903188123915870E-02   2.5673254039648933E-03   7.6763029578550326E-05
      72   6.1643653543307082E+01        9   2.4420000000000003E-01   3.8203633892961580E-02   2.2782217502646698E-03   6.8118830332913646E-05
      72   6.1643653543307082E+01       10   2.7410000000000001E-01   4.1878657271948470E-02   3.1463774425538791E-03   9.4076685532361006E-05
      72   6.1643653543307082E+01       11   3.0400000000000005E-01   4.8221631616743088E-02   4.4564503074929302E-03   1.3324786419403864E-04
      72   6.1643653543307082E+01       12   3.3390000000000003E-01   3.6276157421905535E-02   4.0444001328038852E-03   1.2092756397083619E-04
      72   6.1643653543307082E+01       13   3.6380000000000001E-01   2.9381684321571906E-02   3.8886788479011438E-03   1.1627149755224422E-04
      72   6.1643653543307082E+01       14   3.9370000000000005E-01   2.4405390815596360E-02   3.7828280107462843E-03   1.1310655752131393E-04
      72   6.1643653543307082E+01       15   4.2360000000000003E-01   1.6583319965271383E-02   2.9756605212756032E-03   8.8972249586140547E-05
      72   6.1643653543307082E+01       16   4.5350000000000007E-01   1.3269945290994147E-02   2.7291268059227622E-03   8.1600891497090605E-05
      72   6.1643653543307082E+01       17   4.8340000000000005E-01   9.5660753217956251E-03   2.2353580078227735E-03   6.6837204433900944E-05
      72   6.1643653543307082E+01       18   5.1330000000000009E-01   9.2907981820107323E-03   2.4479106106138422E-03   7.3192527257353893E-05
      72   6.1643653543307082E+01       19   5.4320000000000002E-01   8.6905884003274838E-03   2.5642992426722459E-03   7.6672547355900175E-05
      72   6.1643653543307082E+01       20   5.7310000000000005E-01   7.7696251549562176E-03   2.5518837342406301E-03   7.6301323653794859E-05
      72   6.1643653543307082E+01       21   6.0300000000000009E-01   5.9835028604679937E-03   2.1756554915919077E-03   6.5052099198598053E-05
      72   6.1643653543307082E+01       22   6.3290000000000002E-01   5.2020705046419138E-03   2.0837538983292814E-03   6.2304241560045531E-05
      72   6.1643653543307082E+01       23   6.6280000000000006E-01   4.4554896802514203E-03   1.9573137256148213E-03   5.8523680395883171E-05
      72   6.1643653543307082E+01       24   6.9270000000000009E-01   3.4282906511684079E-03   1.6450079822263801E-03   4.9185738668568773E-05
      72   6.1643653543307082E+01       25   7.2260000000000002E-01   2.3132592873288615E-03   1.2078700949558236E-03   3.6115315839179133E-05
      72   6.1643653543307082E+01       26   7.5250000000000006E-01   3.0207581535762439E-03   1.7105231842010082E-03   5.1144643207610156E-05
      72   6.1643653543307082E+01       27   7.8240000000000010E-01   3.1930205433380429E-03   1.9546067592794529E-03   5.8442742102455652E-05
      72   6.1643653543307082E+01       28   8.1230000000000013E-01   2.3228835828289305E-03   1.5327112709778354E-03   4.5828067002237291E-05
      72   6.1643653543307082E+01       29   8.4220000000000006E-01   2.3371018660756928E-03   1.6577083167730567E-03   4.9565478671514403E-05
      72   6.1643653543307082E+01       30   8.7210000000000010E-01   2.1155780249807392E-03   1.6090206589102916E-03   4.8109717701417729E-05
      72   6.1643653543307082E+01       31   9.0200000000000014E-01   1.8997646977229059E-03   1.5456561571261474E-03   4.6215119098071822E-05
      72   6.1643653543307082E+01       32   9.3190000000000006E-01   1.9915185073370836E-03   1.7295095727825846E-03   5.1712336226199289E-05
      72   6.1643653543307082E+01       33   9.6180000000000010E-01   1.7479225654613462E-03   1.6169319199845235E-03   4.8346264407537261E-05
      72   6.1643653543307082E+01       34   9.9170000000000014E-01   1.9526182755156209E-03   1.9203393280150625E-03   5.7418145907650380E-05
      72   6.1643653543307082E+01       35   1.0216000000000001E+00   1.7307313939305313E-03   1.8063064801874828E-03   5.4008563757605745E-05
      72   6.1643653543307082E+01       36   1.0515000000000001E+00   1.8130862384430544E-03   2.0046428789785996E-03   5.9938822081460144E-05
      72   6.1643653543307082E+01       37   1.0814000000000001E+00   1.7583984510353269E-03   2.0563167966645007E-03   6.1483872220268579E-05
      72   6.1643653543307082E+01       38   1.1113000000000002E+00   1.8052430864338286E-03   2.2294529892033848E-03   6.6660644377181227E-05
      72   6.1643653543307082E+01       39   1.1412000000000002E+00   1.7351222205883019E-03   2.2597146308480855E-03   6.7565467462357771E-05
      72   6.1643653543307082E+01       40   1.1711000000000000E+00   1.7791591118430533E-03   2.4400726165383652E-03   7.2958171234497137E-05
      72   6.1643653543307082E+01       41   1.2010000000000001E+00   1.6948114533668561E-03   2.4445977351478070E-03   7.3093472280919450E-05
      72   6.1643653543307082E+01       42   1.2309000000000001E+00   1.6574434504347849E-03   2.5112171184912442E-03   7.5085391842888218E-05
      72   6.1643653543307082E+01       43   1.2608000000000001E+00   1.6787026073760611E-03   2.6684935982963743E-03   7.9787958589061603E-05
      72   6.1643653543307082E+01       44   1.2907000000000002E+00   1.6952077863158234E-03   2.8240576531220643E-03   8.4439323828349738E-05
      72   6.1643653543307082E+01       45   1.3206000000000002E+00   1.6004023563605694E-03   2.7910766791999805E-03   8.3453192708079436E-05
      72   6.1643653543307082E+01       46   1.3505000000000000E+00   1.5917280796919140E-03   2.9030736560781171E-03   8.6801902316735718E-05
      72   6.1643653543307082E+01       47   1.3804000000000001E+00   1.5958029084697989E-03   3.0408090806293012E-03   9.0920191510816120E-05
      72   6.1643653543307082E+01       48   1.4103000000000001E+00   1.5124744887312952E-03   3.0082302205868589E-03   8.9946083595547106E-05
      72   6.1643653543307082E+01       49   1.4402000000000001E+00   1.5324568023560093E-03   3.1785851817818503E-03   9.5039696935277348E-05
      72   6.1643653543307082E+01       50   1.4701000000000002E+00   1.4865239596052642E-03   3.2126666772203795E-03   9.6058733648889368E-05
 
      73   6.2511874015748027E+01        1   5.0000000000000001E-03   7.6069678362917142E-02   1.9017419590729287E-06   5.6862084576280583E-08
      73   6.2511874015748027E+01        2   3.4900000000000000E-02   7.5920274247106651E-02   9.2471653235718382E-05   2.7649024317479801E-06
      73   6.2511874015748027E+01        3   6.4800000000000010E-02   7.9373486957577677E-02   3.3329244667434704E-04   9.9654441555629793E-06
      73   6.2511874015748027E+01        4   9.4700000000000006E-02   8.5924561657932122E-02   7.7057920215888465E-04   2.3040318144550654E-05
      73   6.2511874015748027E+01        5   1.2460000000000002E-01   8.5252952699195486E-02   1.3235657311274423E-03   3.9574615360710532E-05
      73   6.2511874015748027E+01        6   1.5450000000000003E-01   7.6486455552693303E-02   1.8257508156566779E-03   5.4589949388134686E-05
      73   6.2511874015748027E+01        7   1.8440000000000001E-01   6.9271515107489065E-02   2.3554642659453897E-03   7.0428381551767161E-05
      73   6.2511874015748027E+01        8   2.1430000000000002E-01   5.4951716408986821E-02   2.5236295507073516E-03   7.5456523566149830E-05
      73   6.2511874015748027E+01        9   2.4420000000000003E-01   3.6526059007371686E-02   2.1781818534643612E-03   6.5127637418584415E-05
      73   6.2511874015748027E+01       10   2.7410000000000001E-01   3.9681733658353750E-02   2.9813207919563807E-03   8.9141491679495803E-05
      73   6.2511874015748027E+01       11   3.0400000000000005E-01   4.6052781026179858E-02   4.2560138113154388E-03   1.2725481295833166E-04
      73   6.2511874015748027E+01       12   3.3390000000000003E-01   3.4833149430284809E-02   3.8835203117944042E-03   1.1611725732265271E-04
      73   6.2511874015748027E+01       13   3.6380000000000001E-01   2.8741845962477329E-02   3.8039959595460985E-03   1.1373947919042838E-04
      73   6.2511874015748027E+01       14   3.9370000000000005E-01   2.4294308995880330E-02   3.7656103631256636E-03   1.1259174985745737E-04
      73   6.2511874015748027E+01       15   4.2360000000000003E-01   1.6601278061542900E-02   2.9788828674779514E-03   8.9068597737590769E-05
      73   6.2511874015748027E+01       16   4.5350000000000007E-01   1.3138445756399234E-02   2.7020823157640193E-03   8.0792261241344199E-05
      73   6.2511874015748027E+01       17   4.8340000000000005E-01   9.3750756783803277E-03   2.1907260591879033E-03   6.5502709169718321E-05
      73   6.2511874015748027E+01       18   5.1330000000000009E-01   9.2016918286580290E-03   2.4244331457532312E-03   7.2490551058021634E-05
      73   6.2511874015748027E+01       19   5.4320000000000002E-01   8.7475908182429556E-03   2.5811187317974727E-03   7.7175450080744449E-05
      73   6.2511874015748027E+01       20   5.7310000000000005E-01   7.9351295003363444E-03   2.6062425789079658E-03   7.7926653109348191E-05
      73   6.2511874015748027E+01       21   6.0300000000000009E-01   6.1493774268227440E-03   2.2359689767895920E-03   6.6855472406008811E-05
      73   6.2511874015748027E+01       22   6.3290000000000002E-01   5.3620911797637770E-03   2.1478521656059218E-03   6.4220779751617081E-05
      73   6.2511874015748027E+01       23   6.6280000000000006E-01   4.5912478578621014E-03   2.0169528143505954E-03   6.0306889149082820E-05
      73   6.2511874015748027E+01       24   6.9270000000000009E-01   3.5371808100052430E-03   1.6972571053896811E-03   5.0747987451151480E-05
      73   6.2511874015748027E+01       25   7.2260000000000002E-01   2.4064080125365448E-03   1.2565077726160465E-03   3.7569582401219799E-05
      73   6.2511874015748027E+01       26   7.5250000000000006E-01   3.1033647381125381E-03   1.7572996789858382E-03   5.2543260401676576E-05
      73   6.2511874015748027E+01       27   7.8240000000000010E-01   3.2773636947156176E-03   2.0062373991528788E-03   5.9986498234671088E-05
      73   6.2511874015748027E+01       28   8.1230000000000013E-01   2.4068721763543604E-03   1.5881295729890056E-03   4.7485074232371278E-05
      73   6.2511874015748027E+01       29   8.4220000000000006E-01   2.4049371773201596E-03   1.7058239600204186E-03   5.1004136404610529E-05
      73   6.2511874015748027E+01       30   8.7210000000000010E-01   2.1690764163796853E-03   1.6497093104102317E-03   4.9326308381265939E-05
      73   6.2511874015748027E+01       31   9.0200000000000014E-01   1.9655180722839834E-03   1.5991533656825384E-03   4.7814685633907905E-05
      73   6.2511874015748027E+01       32   9.3190000000000006E-01   2.0719742135941353E-03   1.7993803340353206E-03   5.3801471987656101E-05
      73   6.2511874015748027E+01       33   9.6180000000000010E-01   1.7830645870108158E-03   1.6494403717311394E-03   4.9318267114761080E-05
      73   6.2511874015748027E+01       34   9.9170000000000014E-01   1.9530563280795207E-03   1.9207701390838426E-03   5.7431027158606906E-05
      73   6.2511874015748027E+01       35   1.0216000000000001E+00   1.7555070583917306E-03   1.8321640126874169E-03   5.4781703979353777E-05
      73   6.2511874015748027E+01       36   1.0515000000000001E+00   1.8366312361672908E-03   2.0306754586886465E-03   6.0717196214790545E-05
      73   6.2511874015748027E+01       37   1.0814000000000001E+00   1.7501854641927903E-03   2.0467123166416998E-03   6.1196698267586833E-05
      73   6.2511874015748027E+01       38   1.1113000000000002E+00   1.8165400630419481E-03   2.2434046162486303E-03   6.7077798025834062E-05
      73   6.2511874015748027E+01       39   1.1412000000000002E+00   1.7596771833425539E-03   2.2916934781807533E-03   6.8521634997604537E-05
      73   6.2511874015748027E+01       40   1.1711000000000000E+00   1.7774414414202745E-03   2.4377168741345737E-03   7.2887734536623768E-05
      73   6.2511874015748027E+01       41   1.2010000000000001E+00   1.7051803066773672E-03   2.4595537795317418E-03   7.3540658007999099E-05
      73   6.2511874015748027E+01       42   1.2309000000000001E+00   1.6836298193702909E-03   2.5508924738855531E-03   7.6271684969178059E-05
      73   6.2511874015748027E+01       43   1.2608000000000001E+00   1.6819092732297733E-03   2.6735909676963549E-03   7.9940369934121026E-05
      73   6.2511874015748027E+01       44   1.2907000000000002E+00   1.7053195906569256E-03   2.8409029735995163E-03   8.4942998910625549E-05
      73   6.2511874015748027E+01       45   1.3206000000000002E+00   1.6242016258888547E-03   2.8325822330367346E-03   8.4694208767798377E-05
      73   6.2511874015748027E+01       46   1.3505000000000000E+00   1.6058337101690682E-03   2.9288002137502827E-03   8.7571126391133473E-05
      73   6.2511874015748027E+01       47   1.3804000000000001E+00   1.6223335822502052E-03   3.0913633898854687E-03   9.2431765357575530E-05
      73   6.2511874015748027E+01       48   1.4103000000000001E+00   1.5279503312843675E-03   3.0390108371222478E-03   9.0866424029955226E-05
      73   6.2511874015748027E+01       49   1.4402000000000001E+00   1.5347549582857434E-03   3.1833519617474890E-03   9.5182223656249944E-05
      73   6.2511874015748027E+01       50   1.4701000000000002E+00   1.4882575378595614E-03   3.2164132761594330E-03   9.6170756957167068E-05
 
      74   6.3380094488188973E+01        1   5.0000000000000001E-03   7.2663271143691310E-02   1.8165817785922828E-06   5.4315795179909268E-08
      74   6.3380094488188973E+01        2   3.4900000000000000E-02   7.3228387980936283E-02   8.9192908844660211E-05   2.6668679744553407E-06
      74   6.3380094488188973E+01        3   6.4800000000000010E-02   7.8267096239492601E-02   3.2864666779347908E-04   9.8265353670250264E-06
      74   6.3380094488188973E+01        4   9.4700000000000006E-02   8.6751621201182669E-02   7.7799634657811439E-04   2.3262090762685625E-05
      74   6.3380094488188973E+01        5   1.2460000000000002E-01   8.7368779094589413E-02   1.3564142744481563E-03   4.0556786805999879E-05
      74   6.3380094488188973E+01        6   1.5450000000000003E-01   7.8431044400462210E-02   1.8721686376001337E-03   5.5977842264244009E-05
      74   6.3380094488188973E+01        7   1.8440000000000001E-01   7.0134500603427921E-02   2.3848086724385770E-03   7.1305779305913471E-05
      74   6.3380094488188973E+01        8   2.1430000000000002E-01   5.4807936384306047E-02   2.5170265264016995E-03   7.5259093139410835E-05
      74   6.3380094488188973E+01        9   2.4420000000000003E-01   3.5582560583753371E-02   2.1219176081297389E-03   6.3445336483079206E-05
      74   6.3380094488188973E+01       10   2.7410000000000001E-01   3.7884967571218807E-02   2.8463283004494019E-03   8.5105216183437138E-05
      74   6.3380094488188973E+01       11   3.0400000000000005E-01   4.3992317396244131E-02   4.0655940044912985E-03   1.2156126073428986E-04
      74   6.3380094488188973E+01       12   3.3390000000000003E-01   3.3240752955163447E-02   3.7059852867763385E-03   1.1080896007461254E-04
      74   6.3380094488188973E+01       13   3.6380000000000001E-01   2.7794162600078248E-02   3.6785696495519006E-03   1.0998923252160185E-04
      74   6.3380094488188973E+01       14   3.9370000000000005E-01   2.3910145614969399E-02   3.7060651581751172E-03   1.1081134822943603E-04
      74   6.3380094488188973E+01       15   4.2360000000000003E-01   1.6551566282030687E-02   2.9699627368860895E-03   8.8801885832894090E-05
      74   6.3380094488188973E+01       16   4.5350000000000007E-01   1.3131544111169331E-02   2.7006629078773358E-03   8.0749820945532361E-05
      74   6.3380094488188973E+01       17   4.8340000000000005E-01   9.3332084007614162E-03   2.1809426996446291E-03   6.5210186719374426E-05
      74   6.3380094488188973E+01       18   5.1330000000000009E-01   9.1250449592910794E-03   2.4042384669841908E-03   7.1886730162827318E-05
      74   6.3380094488188973E+01       19   5.4320000000000002E-01   8.7074344846761811E-03   2.5692699534397385E-03   7.6821171607848200E-05
      74   6.3380094488188973E+01       20   5.7310000000000005E-01   7.9802816565186698E-03   2.6210725160837724E-03   7.8370068230904810E-05
      74   6.3380094488188973E+01       21   6.0300000000000009E-01   6.2413789214555418E-03   2.2694215482515290E-03   6.7855704292720735E-05
      74   6.3380094488188973E+01       22   6.3290000000000002E-01   5.4880893938482498E-03   2.1983223138952943E-03   6.5729837185469312E-05
      74   6.3380094488188973E+01       23   6.6280000000000006E-01   4.7047081559908940E-03   2.0667963590061192E-03   6.1797211134282981E-05
      74   6.3380094488188973E+01       24   6.9270000000000009E-01   3.6086074515574800E-03   1.7315299857993418E-03   5.1772746575400329E-05
      74   6.3380094488188973E+01       25   7.2260000000000002E-01   2.4456821756721606E-03   1.2770148067456724E-03   3.8182742721695610E-05
      74   6.3380094488188973E+01       26   7.5250000000000006E-01   3.1242609258559212E-03   1.7691322758967025E-03   5.2897055049311415E-05
      74   6.3380094488188973E+01       27   7.8240000000000010E-01   3.3109748362880574E-03   2.0268124513997741E-03   6.0601692296853258E-05
      74   6.3380094488188973E+01       28   8.1230000000000013E-01   2.4569616138536599E-03   1.6211801511495428E-03   4.8473286519371341E-05
      74   6.3380094488188973E+01       29   8.4220000000000006E-01   2.4533810864310322E-03   1.7401852654456442E-03   5.2031539436824776E-05
      74   6.3380094488188973E+01       30   8.7210000000000010E-01   2.2021497192924620E-03   1.6748634890870215E-03   5.0078418323701956E-05
      74   6.3380094488188973E+01       31   9.0200000000000014E-01   2.0125988912014165E-03   1.6374585082770377E-03   4.8960009397483434E-05
      74   6.3380094488188973E+01       32   9.3190000000000006E-01   2.1545254230300433E-03   1.8710709090604500E-03   5.5945020180907469E-05
      74   6.3380094488188973E+01       33   9.6180000000000010E-01   1.8370832588446094E-03   1.6994108432435179E-03   5.0812384212981194E-05
      74   6.3380094488188973E+01       34   9.9170000000000014E-01   1.9519671830372568E-03   1.9196989988180782E-03   5.7399000064660554E-05
      74   6.3380094488188973E+01       35   1.0216000000000001E+00   1.7678335116708510E-03   1.8450287197782371E-03   5.5166358721369300E-05
      74   6.3380094488188973E+01       36   1.0515000000000001E+00   1.8630728331761176E-03   2.0599106699150495E-03   6.1591329030459996E-05
      74   6.3380094488188973E+01       37   1.0814000000000001E+00   1.7284057043024745E-03   2.0212425000233980E-03   6.0435150750699616E-05
      74   6.3380094488188973E+01       38   1.1113000000000002E+00   1.7857231251981890E-03   2.2053460773680928E-03   6.5939847713305985E-05
      74   6.3380094488188973E+01       39   1.1412000000000002E+00   1.7538865040270261E-03   2.2841520597051078E-03   6.8296146585182738E-05
      74   6.3380094488188973E+01       40   1.1711000000000000E+00   1.7521295878431635E-03   2.4030022944344161E-03   7.1849768603589055E-05
      74   6.3380094488188973E+01       41   1.2010000000000001E+00   1.6745256708146684E-03   2.4153375021087491E-03   7.2218591313051616E-05
      74   6.3380094488188973E+01       42   1.2309000000000001E+00   1.6834371473741642E-03   2.5506005536907492E-03   7.6262956555353423E-05
      74   6.3380094488188973E+01       43   1.2608000000000001E+00   1.6661114161796329E-03   2.6484784312531106E-03   7.9189505094468018E-05
      74   6.3380094488188973E+01       44   1.2907000000000002E+00   1.6765402244850632E-03   2.7929592407157245E-03   8.3509481297400185E-05
      74   6.3380094488188973E+01       45   1.3206000000000002E+00   1.6123353115197832E-03   2.8118875663662307E-03   8.4075438234350322E-05
      74   6.3380094488188973E+01       46   1.3505000000000000E+00   1.5834613670393965E-03   2.8879964101401448E-03   8.6351092663190354E-05
      74   6.3380094488188973E+01       47   1.3804000000000001E+00   1.6070440358264171E-03   3.0622290955704271E-03   9.1560649957555791E-05
      74   6.3380094488188973E+01       48   1.4103000000000001E+00   1.5214349212189328E-03   3.0260520377478548E-03   9.0478955928660878E-05
      74   6.3380094488188973E+01       49   1.4402000000000001E+00   1.5149981855410639E-03   3.1423729370927494E-03   9.3956950819073221E-05
      74   6.3380094488188973E+01       50   1.4701000000000002E+00   1.4734387498891248E-03   3.1843870003622652E-03   9.5213171310831756E-05
 
      75   6.4248314960629926E+01        1   5.0000000000000001E-03   6.6059062946849448E-02   1.6514765736712364E-06   4.9379149552769975E-08
      75   6.4248314960629926E+01        2   3.4900000000000000E-02   6.7232092371561941E-02   8.1889360829486165E-05   2.4484918888016368E-06
      75   6.4248314960629926E+01        3   6.4800000000000010E-02   7.3672582819148291E-02   3.0935412216091655E-04   9.2496882526114060E-06
      75   6.4248314960629926E+01        4   9.4700000000000006E-02   8.4208457494413455E-02   7.5518902557107452E-04   2.2580151864575132E-05
      75   6.4248314960629926E+01        5   1.2460000000000002E-01   8.6778306966038665E-02   1.3472471001768653E-03   4.0282688295288283E-05
      75   6.4248314960629926E+01        6   1.5450000000000003E-01   7.8748340048649140E-02   1.8797425640462678E-03   5.6204302664983421E-05
      75   6.4248314960629926E+01        7   1.8440000000000001E-01   7.0489967686078944E-02   2.3968957476181094E-03   7.1667182853781490E-05
      75   6.4248314960629926E+01        8   2.1430000000000002E-01   5.4968870367527137E-02   2.5244173375047964E-03   7.5480078391393422E-05
      75   6.4248314960629926E+01        9   2.4420000000000003E-01   3.5328106906357827E-02   2.1067436091352569E-03   6.2991633913144193E-05
      75   6.4248314960629926E+01       10   2.7410000000000001E-01   3.6814689010081968E-02   2.7659174052255568E-03   8.2700930416244162E-05
      75   6.4248314960629926E+01       11   3.0400000000000005E-01   4.2508122078072946E-02   3.9284306099671906E-03   1.1746007523801903E-04
      75   6.4248314960629926E+01       12   3.3390000000000003E-01   3.1854081715236515E-02   3.5513864057071646E-03   1.0618645353064425E-04
      75   6.4248314960629926E+01       13   3.6380000000000001E-01   2.6655108755154953E-02   3.5278153719926104E-03   1.0548167962257907E-04
      75   6.4248314960629926E+01       14   3.9370000000000005E-01   2.3181503581139795E-02   3.5931258688105595E-03   1.0743446347743575E-04
      75   6.4248314960629926E+01       15   4.2360000000000003E-01   1.6273928870738773E-02   2.9201443238215988E-03   8.7312315282265824E-05
      75   6.4248314960629926E+01       16   4.5350000000000007E-01   1.3117930305026409E-02   2.6978630618749184E-03   8.0666105550060083E-05
      75   6.4248314960629926E+01       17   4.8340000000000005E-01   9.4158699799031919E-03   2.2002586904410677E-03   6.5787734844187940E-05
      75   6.4248314960629926E+01       18   5.1330000000000009E-01   9.1318960496252748E-03   2.4060435709585539E-03   7.1940702771660777E-05
      75   6.4248314960629926E+01       19   5.4320000000000002E-01   8.6442821992180445E-03   2.5506358460221997E-03   7.6264011796063787E-05
      75   6.4248314960629926E+01       20   5.7310000000000005E-01   7.9016178559020520E-03   2.5952358934329301E-03   7.7597553213644622E-05
      75   6.4248314960629926E+01       21   6.0300000000000009E-01   6.1905807477161557E-03   2.2509508750963247E-03   6.7303431165380122E-05
      75   6.4248314960629926E+01       22   6.3290000000000002E-01   5.4985471210872022E-03   2.2025112863212517E-03   6.5855087461005437E-05
      75   6.4248314960629926E+01       23   6.6280000000000006E-01   4.7627113579033617E-03   2.0922773883385614E-03   6.2559093911322995E-05
      75   6.4248314960629926E+01       24   6.9270000000000009E-01   3.6529190841719473E-03   1.7527921822620130E-03   5.2408486249634196E-05
      75   6.4248314960629926E+01       25   7.2260000000000002E-01   2.4375302267285624E-03   1.2727582604092913E-03   3.8055471986237821E-05
      75   6.4248314960629926E+01       26   7.5250000000000006E-01   3.0709693314589690E-03   1.7389555774969632E-03   5.1994771767159210E-05
      75   6.4248314960629926E+01       27   7.8240000000000010E-01   3.2765985923033959E-03   2.0057690418948618E-03   5.9972494352656380E-05
      75   6.4248314960629926E+01       28   8.1230000000000013E-01   2.4675126298855667E-03   1.6281420416686865E-03   4.8681447045893736E-05
      75   6.4248314960629926E+01       29   8.4220000000000006E-01   2.4769415568640808E-03   1.7568967269146005E-03   5.2531212134746566E-05
      75   6.4248314960629926E+01       30   8.7210000000000010E-01   2.1997331978879640E-03   1.6730255834098856E-03   5.0023464943955588E-05
      75   6.4248314960629926E+01       31   9.0200000000000014E-01   2.0064702190766151E-03   1.6324721961216108E-03   4.8810918664036175E-05
      75   6.4248314960629926E+01       32   9.3190000000000006E-01   2.1950683937674736E-03   1.9062799496699639E-03   5.6997770495131933E-05
      75   6.4248314960629926E+01       33   9.6180000000000010E-01   1.8877192630412179E-03   1.7462521468022693E-03   5.2212939189387862E-05
      75   6.4248314960629926E+01       34   9.9170000000000014E-01   1.9435113856326998E-03   1.9113829851305536E-03   5.7150351255403568E-05
      75   6.4248314960629926E+01       35   1.0216000000000001E+00   1.7496440042376834E-03   1.8260449391273687E-03   5.4598743679908340E-05
      75   6.4248314960629926E+01       36   1.0515000000000001E+00   1.8727820780047534E-03   2.0706457183056314E-03   6.1912306977338392E-05
      75   6.4248314960629926E+01       37   1.0814000000000001E+00   1.6982082922465573E-03   1.9859288624403913E-03   5.9379272986967716E-05
      75   6.4248314960629926E+01       38   1.1113000000000002E+00   1.7114465589321256E-03   2.1136154323740351E-03   6.3197101427983659E-05
      75   6.4248314960629926E+01       39   1.1412000000000002E+00   1.7044597862835604E-03   2.2197817946514801E-03   6.6371475660079269E-05
      75   6.4248314960629926E+01       40   1.1711000000000000E+00   1.7034104312789119E-03   2.3361851789544365E-03   6.9851936850737672E-05
      75   6.4248314960629926E+01       41   1.2010000000000001E+00   1.6010481674092235E-03   2.3093534777192319E-03   6.9049668983805048E-05
      75   6.4248314960629926E+01       42   1.2309000000000001E+00   1.6380006539702414E-03   2.4817590496199983E-03   7.4204595583637960E-05
      75   6.4248314960629926E+01       43   1.2608000000000001E+00   1.6255822323336623E-03   2.5840525662059362E-03   7.7263171729557504E-05
      75   6.4248314960629926E+01       44   1.2907000000000002E+00   1.6131463021589649E-03   2.6873508940861214E-03   8.0351791733175050E-05
      75   6.4248314960629926E+01       45   1.3206000000000002E+00   1.5637329229690024E-03   2.7271257608750261E-03   8.1541060250163295E-05
      75   6.4248314960629926E+01       46   1.3505000000000000E+00   1.5277971681168429E-03   2.7864732470191961E-03   8.3315550085873985E-05
      75   6.4248314960629926E+01       47   1.3804000000000001E+00   1.5424191709203152E-03   2.9390861466524120E-03   8.7878675784907134E-05
      75   6.4248314960629926E+01       48   1.4103000000000001E+00   1.4749139564495873E-03   2.9335243467668373E-03   8.7712377968328459E-05
      75   6.4248314960629926E+01       49   1.4402000000000001E+00   1.4635566454043532E-03   3.0356741270804858E-03   9.0766656399706539E-05
      75   6.4248314960629926E+01       50   1.4701000000000002E+00   1.4313012005258447E-03   3.0933195810822650E-03   9.2490255474359743E-05
 
      76   6.5116535433070865E+01        1   5.0000000000000001E-03   5.6666296777770027E-02   1.4166574194442507E-06   4.2358056841383104E-08
      76   6.5116535433070865E+01        2   3.4900000000000000E-02   5.8406388603150498E-02   7.1139565382523348E-05   2.1270730049374485E-06
      76   6.5116535433070865E+01        3   6.4800000000000010E-02   6.6054911266358748E-02   2.7736721460389112E-04   8.2932797166563467E-06
      76   6.5116535433070865E+01        4   9.4700000000000006E-02   7.8405110125699784E-02   7.0314408406718708E-04   2.1024008113608900E-05
      76   6.5116535433070865E+01        5   1.2460000000000002E-01   8.3052947058669224E-02   1.2894102915573696E-03   3.8553367717565356E-05
      76   6.5116535433070865E+01        6   1.5450000000000003E-01   7.6699582710933606E-02   1.8308382142056636E-03   5.4742062604749352E-05
      76   6.5116535433070865E+01        7   1.8440000000000001E-01   6.9580596146078075E-02   2.3659740597697055E-03   7.0742624387114204E-05
      76   6.5116535433070865E+01        8   2.1430000000000002E-01   5.4885647975568712E-02   2.5205953915975257E-03   7.5365802208766030E-05
      76   6.5116535433070865E+01        9   2.4420000000000003E-01   3.5505201275178783E-02   2.1173043909715529E-03   6.3307401290049444E-05
      76   6.5116535433070865E+01       10   2.7410000000000001E-01   3.6527923838997597E-02   2.7443725056421992E-03   8.2056737918701771E-05
      76   6.5116535433070865E+01       11   3.0400000000000005E-01   4.1864465976475182E-02   3.8689464876819316E-03   1.1568149998168978E-04
      76   6.5116535433070865E+01       12   3.3390000000000003E-01   3.0997551027543660E-02   3.4558924759955315E-03   1.0333118503226641E-04
      76   6.5116535433070865E+01       13   3.6380000000000001E-01   2.5597354316488422E-02   3.3878211066231422E-03   1.0129585108803197E-04
      76   6.5116535433070865E+01       14   3.9370000000000005E-01   2.2262465932352770E-02   3.4506753181502417E-03   1.0317519201269225E-04
      76   6.5116535433070865E+01       15   4.2360000000000003E-01   1.5743499680072028E-02   2.8249657223530979E-03   8.4466475098357642E-05
      76   6.5116535433070865E+01       16   4.5350000000000007E-01   1.2960818922630891E-02   2.6655511814708457E-03   7.9699980325978297E-05
      76   6.5116535433070865E+01       17   4.8340000000000005E-01   9.5050099971969344E-03   2.2210885339005925E-03   6.6410547163627730E-05
      76   6.5116535433070865E+01       18   5.1330000000000009E-01   9.2084633753265182E-03   2.4262172918099343E-03   7.2543897025117055E-05
      76   6.5116535433070865E+01       19   5.4320000000000002E-01   8.6187005594556207E-03   2.5430875677644668E-03   7.6038318276157578E-05
      76   6.5116535433070865E+01       20   5.7310000000000005E-01   7.7590169367640462E-03   2.5483995327619255E-03   7.6197146029581591E-05
      76   6.5116535433070865E+01       21   6.0300000000000009E-01   6.0111180469583211E-03   2.1856966219364689E-03   6.5352328995900435E-05
      76   6.5116535433070865E+01       22   6.3290000000000002E-01   5.3655436919050467E-03   2.1492351121897833E-03   6.4262129854474533E-05
      76   6.5116535433070865E+01       23   6.6280000000000006E-01   4.7383819836881360E-03   2.0815894008210157E-03   6.2239523084548385E-05
      76   6.5116535433070865E+01       24   6.9270000000000009E-01   3.6681067681284211E-03   1.7600797386223279E-03   5.2626384184807618E-05
      76   6.5116535433070865E+01       25   7.2260000000000002E-01   2.4087753273241523E-03   1.2577438678315551E-03   3.7606541648163501E-05
      76   6.5116535433070865E+01       26   7.5250000000000006E-01   2.9760274005806247E-03   1.6851941157500327E-03   5.0387304060925991E-05
      76   6.5116535433070865E+01       27   7.8240000000000010E-01   3.1871515542643992E-03   1.9510140590265792E-03   5.8335320364894731E-05
      76   6.5116535433070865E+01       28   8.1230000000000013E-01   2.4376375163756084E-03   1.6084295069825143E-03   4.8092042258777186E-05
      76   6.5116535433070865E+01       29   8.4220000000000006E-01   2.4730184541229276E-03   1.7541140668448944E-03   5.2448010598662352E-05
      76   6.5116535433070865E+01       30   8.7210000000000010E-01   2.1670845656721867E-03   1.6481943916031791E-03   4.9281012308935065E-05
      76   6.5116535433070865E+01       31   9.0200000000000014E-01   1.9433540906286016E-03   1.5811206615517933E-03   4.7275507780398631E-05
      76   6.5116535433070865E+01       32   9.3190000000000006E-01   2.1674574149942341E-03   1.8823015372543711E-03   5.6280815963905706E-05
      76   6.5116535433070865E+01       33   9.6180000000000010E-01   1.9100487559806202E-03   1.7669082505703784E-03   5.2830556692054326E-05
      76   6.5116535433070865E+01       34   9.9170000000000014E-01   1.9345702937761126E-03   1.9025896994469679E-03   5.6887432013464355E-05
      76   6.5116535433070865E+01       35   1.0216000000000001E+00   1.7087775486453601E-03   1.7833939859999359E-03   5.3323480181398093E-05
      76   6.5116535433070865E+01       36   1.0515000000000001E+00   1.8582301203720003E-03   2.0545563136070734E-03   6.1431233776851503E-05
      76   6.5116535433070865E+01       37   1.0814000000000001E+00   1.6768300334827908E-03   1.9609285716624455E-03   5.8631764292707134E-05
      76   6.5116535433070865E+01       38   1.1113000000000002E+00   1.6314526410632620E-03   2.0148239285311177E-03   6.0243235463080429E-05
      76   6.5116535433070865E+01       39   1.1412000000000002E+00   1.6286292739664252E-03   2.1210248793664937E-03   6.3418643893058170E-05
      76   6.5116535433070865E+01       40   1.1711000000000000E+00   1.6474344196173323E-03   2.2594154666059092E-03   6.7556522451516702E-05
      76   6.5116535433070865E+01       41   1.2010000000000001E+00   1.5133099645661455E-03   2.1827998062001731E-03   6.5265714205385187E-05
      76   6.5116535433070865E+01       42   1.2309000000000001E+00   1.5525884124967017E-03   2.3523496976081424E-03   7.0335255958483477E-05
      76   6.5116535433070865E+01       43   1.2608000000000001E+00   1.5582819520715055E-03   2.4770709208245482E-03   7.4064420532654002E-05
      76   6.5116535433070865E+01       44   1.2907000000000002E+00   1.5262129758679126E-03   2.5425281016205697E-03   7.6021590238455045E-05
      76   6.5116535433070865E+01       45   1.3206000000000002E+00   1.4830517600975010E-03   2.5864190746805148E-03   7.7333930332947412E-05
      76   6.5116535433070865E+01       46   1.3505000000000000E+00   1.4503313181296383E-03   2.6451871371535704E-03   7.9091095400891768E-05
      76   6.5116535433070865E+01       47   1.3804000000000001E+00   1.4458416057419321E-03   2.7550571944423320E-03   8.2376210113825751E-05
      76   6.5116535433070865E+01       48   1.4103000000000001E+00   1.3917753872478844E-03   2.7681662146249158E-03   8.2768169817284994E-05
      76   6.5116535433070865E+01       49   1.4402000000000001E+00   1.3844125706152218E-03   2.8715153834449015E-03   8.5858309965002576E-05
      76   6.5116535433070865E+01       50   1.4701000000000002E+00   1.3580668155334431E-03   2.9350458669106529E-03   8.7757871420628535E-05
 
      77   6.5984755905511818E+01        1   5.0000000000000001E-03   4.6202122887869977E-02   1.1550530721967494E-06   3.4536086858682813E-08
      77   6.5984755905511818E+01        2   3.4900000000000000E-02   4.8368591497206730E-02   5.8913428129512768E-05   1.7615115010724322E-06
      77   6.5984755905511818E+01        3   6.4800000000000010E-02   5.6849053431089105E-02   2.3871144931928047E-04   7.1374723346464874E-06
      77   6.5984755905511818E+01        4   9.4700000000000006E-02   7.0415402378103370E-02   6.3149166591304517E-04   1.8881600810800055E-05
      77   6.5984755905511818E+01        5   1.2460000000000002E-01   7.6722826518463100E-02   1.1911341573513830E-03   3.5614911304806358E-05
      77   6.5984755905511818E+01        6   1.5450000000000003E-01   7.2319234813041713E-02   1.7262782147960097E-03   5.1615718622400701E-05
      77   6.5984755905511818E+01        7   1.8440000000000001E-01   6.7153903937603926E-02   2.2834583709957640E-03   6.8275405292773361E-05
      77   6.5984755905511818E+01        8   2.1430000000000002E-01   5.4220892511490794E-02   2.4900668359350343E-03   7.4452998394457546E-05
      77   6.5984755905511818E+01        9   2.4420000000000003E-01   3.5788371587086948E-02   2.1341908674105724E-03   6.3812306935576122E-05
      77   6.5984755905511818E+01       10   2.7410000000000001E-01   3.6821302882530368E-02   2.7664143108198417E-03   8.2715787893513287E-05
      77   6.5984755905511818E+01       11   3.0400000000000005E-01   4.2014039348249141E-02   3.8827694604077938E-03   1.1609480686619306E-04
      77   6.5984755905511818E+01       12   3.3390000000000003E-01   3.0805587938502840E-02   3.4344906628492110E-03   1.0269127081919142E-04
      77   6.5984755905511818E+01       13   3.6380000000000001E-01   2.4909482157344065E-02   3.2967809236966366E-03   9.8573749618529461E-05
      77   6.5984755905511818E+01       14   3.9370000000000005E-01   2.1448238536119834E-02   3.3244703241446290E-03   9.9401662691924427E-05
      77   6.5984755905511818E+01       15   4.2360000000000003E-01   1.5086952284086092E-02   2.7071568535214654E-03   8.0943989920291830E-05
      77   6.5984755905511818E+01       16   4.5350000000000007E-01   1.2597752385317880E-02   2.5908821005073430E-03   7.7467374805169576E-05
      77   6.5984755905511818E+01       17   4.8340000000000005E-01   9.4525666259654244E-03   2.2088337997597817E-03   6.6044130612817484E-05
      77   6.5984755905511818E+01       18   5.1330000000000009E-01   9.2530266817504939E-03   2.4379586931946406E-03   7.2894964926519773E-05
      77   6.5984755905511818E+01       19   5.4320000000000002E-01   8.6282240624865440E-03   2.5458976319954300E-03   7.6122339196663379E-05
      77   6.5984755905511818E+01       20   5.7310000000000005E-01   7.6239373462626504E-03   2.5040335044203255E-03   7.4870601782167751E-05
      77   6.5984755905511818E+01       21   6.0300000000000009E-01   5.7769162115653017E-03   2.1005387267710486E-03   6.2806107930454363E-05
      77   6.5984755905511818E+01       22   6.3290000000000002E-01   5.1196012648193710E-03   2.0507198208750957E-03   6.1316522644165366E-05
      77   6.5984755905511818E+01       23   6.6280000000000006E-01   4.6108925190542546E-03   2.0255827894478076E-03   6.0564925404489459E-05
      77   6.5984755905511818E+01       24   6.9270000000000009E-01   3.6212487679111063E-03   1.7375957102152330E-03   5.1954111735435477E-05
      77   6.5984755905511818E+01       25   7.2260000000000002E-01   2.3666353642513589E-03   1.2357404540867239E-03   3.6948639577193052E-05
      77   6.5984755905511818E+01       26   7.5250000000000006E-01   2.8740591680067071E-03   1.6274539667535982E-03   4.8660873605932601E-05
      77   6.5984755905511818E+01       27   7.8240000000000010E-01   3.0661171490476264E-03   1.8769228769213891E-03   5.6119994019949545E-05
      77   6.5984755905511818E+01       28   8.1230000000000013E-01   2.3658037543377690E-03   1.5610313431115336E-03   4.6674837159034864E-05
      77   6.5984755905511818E+01       29   8.4220000000000006E-01   2.4347277252708662E-03   1.7269544207059149E-03   5.1635937179106864E-05
      77   6.5984755905511818E+01       30   8.7210000000000010E-01   2.1144907888623445E-03   1.6081937523367907E-03   4.8084993194870052E-05
      77   6.5984755905511818E+01       31   9.0200000000000014E-01   1.8457807482506728E-03   1.5017345998997408E-03   4.4901864537002259E-05
      77   6.5984755905511818E+01       32   9.3190000000000006E-01   2.0759841140298853E-03   1.8028626823860811E-03   5.3905594203343837E-05
      77   6.5984755905511818E+01       33   9.6180000000000010E-01   1.8807320172151247E-03   1.7397885304886904E-03   5.2019677061611858E-05
      77   6.5984755905511818E+01       34   9.9170000000000014E-01   1.9188044629925734E-03   1.8870844953463527E-03   5.6423826410855958E-05
      77   6.5984755905511818E+01       35   1.0216000000000001E+00   1.6588168544691838E-03   1.7312516801738739E-03   5.1764425237198841E-05
      77   6.5984755905511818E+01       36   1.0515000000000001E+00   1.8172156675318873E-03   2.0092085915418834E-03   6.0075336887102324E-05
      77   6.5984755905511818E+01       37   1.0814000000000001E+00   1.6616431296044417E-03   1.9431686120150791E-03   5.8100741499250878E-05
      77   6.5984755905511818E+01       38   1.1113000000000002E+00   1.5764027822181227E-03   1.9468380305211329E-03   5.8210457112581890E-05
      77   6.5984755905511818E+01       39   1.1412000000000002E+00   1.5513989248248598E-03   2.0204449041751611E-03   6.0411302634837331E-05
      77   6.5984755905511818E+01       40   1.1711000000000000E+00   1.5928152892903797E-03   2.1845066833707343E-03   6.5316749832784970E-05
      77   6.5984755905511818E+01       41   1.2010000000000001E+00   1.4396226616422987E-03   2.0765131667755134E-03   6.2087743686587861E-05
      77   6.5984755905511818E+01       42   1.2309000000000001E+00   1.4535693702420098E-03   2.2023244802160426E-03   6.5849501958459687E-05
      77   6.5984755905511818E+01       43   1.2608000000000001E+00   1.4715211469574678E-03   2.3391545013154770E-03   6.9940719589332780E-05
      77   6.5984755905511818E+01       44   1.2907000000000002E+00   1.4294349768248444E-03   2.3813050049255086E-03   7.1201019647272726E-05
      77   6.5984755905511818E+01       45   1.3206000000000002E+00   1.3801561964210988E-03   2.4069708209154854E-03   7.1968427545373033E-05
      77   6.5984755905511818E+01       46   1.3505000000000000E+00   1.3607797939246299E-03   2.4818585673443850E-03   7.4207571163597121E-05
      77   6.5984755905511818E+01       47   1.3804000000000001E+00   1.3442859858446489E-03   2.5615425382566801E-03   7.6590121893874751E-05
      77   6.5984755905511818E+01       48   1.4103000000000001E+00   1.2955576709105440E-03   2.5767943639270338E-03   7.7046151481418332E-05
      77   6.5984755905511818E+01       49   1.4402000000000001E+00   1.2983661695850626E-03   2.6930400000999138E-03   8.0521896002987446E-05
      77   6.5984755905511818E+01       50   1.4701000000000002E+00   1.2686020491194281E-03   2.7416951496306344E-03   8.1976684973955990E-05
 
      78   6.6852976377952757E+01        1   5.0000000000000001E-03   3.7166456409572904E-02   9.2916141023932262E-07   2.7781926166155753E-08
      78   6.6852976377952757E+01        2   3.4900000000000000E-02   3.9455381723869899E-02   4.8057049493490778E-05   1.4369057798553746E-06
      78   6.6852976377952757E+01        3   6.4800000000000010E-02   4.8164471103910207E-02   2.0224454074416318E-04   6.0471117682504799E-06
      78   6.6852976377952757E+01        4   9.4700000000000006E-02   6.2116219951872324E-02   5.5706385098818671E-04   1.6656209144546785E-05
      78   6.6852976377952757E+01        5   1.2460000000000002E-01   6.9296249284014691E-02   1.0758353575342139E-03   3.2167477190272999E-05
      78   6.6852976377952757E+01        6   1.5450000000000003E-01   6.6574896304169268E-02   1.5891594185045970E-03   4.7515866613287460E-05
      78   6.6852976377952757E+01        7   1.8440000000000001E-01   6.3651024827518402E-02   2.1643487115790465E-03   6.4714026476213505E-05
      78   6.6852976377952757E+01        8   2.1430000000000002E-01   5.3011023890398419E-02   2.4345042365443636E-03   7.2791676672676484E-05
      78   6.6852976377952757E+01        9   2.4420000000000003E-01   3.5942700113472351E-02   2.1433940391947697E-03   6.4087481771923623E-05
      78   6.6852976377952757E+01       10   2.7410000000000001E-01   3.7362748109869393E-02   2.8070935293204565E-03   8.3932096526681663E-05
      78   6.6852976377952757E+01       11   3.0400000000000005E-01   4.2679709825899338E-02   3.9442880632703141E-03   1.1793421309178242E-04
      78   6.6852976377952757E+01       12   3.3390000000000003E-01   3.1205714310541074E-02   3.4791004359679195E-03   1.0402510303544081E-04
      78   6.6852976377952757E+01       13   3.6380000000000001E-01   2.4767839053464941E-02   3.2780343965752687E-03   9.8013228457600560E-05
      78   6.6852976377952757E+01       14   3.9370000000000005E-01   2.1024806338612277E-02   3.2588384647949391E-03   9.7439270097368706E-05
      78   6.6852976377952757E+01       15   4.2360000000000003E-01   1.4530295698566299E-02   2.6072720880518136E-03   7.7957435432749237E-05
      78   6.6852976377952757E+01       16   4.5350000000000007E-01   1.2106991286573714E-02   2.4899510687271457E-03   7.4449536954941670E-05
      78   6.6852976377952757E+01       17   4.8340000000000005E-01   9.1933914892355258E-03   2.1482709045463461E-03   6.4233300045935763E-05
      78   6.6852976377952757E+01       18   5.1330000000000009E-01   9.1577745128465747E-03   2.4128619479660812E-03   7.2144572244185840E-05
      78   6.6852976377952757E+01       19   5.4320000000000002E-01   8.6222459036528372E-03   2.5441336791462454E-03   7.6069597006472747E-05
      78   6.6852976377952757E+01       20   5.7310000000000005E-01   7.5366920267550689E-03   2.4753783367256520E-03   7.4013812268097006E-05
      78   6.6852976377952757E+01       21   6.0300000000000009E-01   5.5692146519240246E-03   2.0250165703714434E-03   6.0547995454106171E-05
      78   6.6852976377952757E+01       22   6.3290000000000002E-01   4.8255897134435819E-03   1.9329498452881708E-03   5.7795200374116318E-05
      78   6.6852976377952757E+01       23   6.6280000000000006E-01   4.3828041478107599E-03   1.9253826921011947E-03   5.7568942493825736E-05
      78   6.6852976377952757E+01       24   6.9270000000000009E-01   3.4850158076236643E-03   1.6722266006740703E-03   4.9999575360154716E-05
      78   6.6852976377952757E+01       25   7.2260000000000002E-01   2.3005802271972844E-03   1.2012497140720347E-03   3.5917366450753844E-05
      78   6.6852976377952757E+01       26   7.5250000000000006E-01   2.7805462323190096E-03   1.5745016824645914E-03   4.7077600305691295E-05
      78   6.6852976377952757E+01       27   7.8240000000000010E-01   2.9397977083392680E-03   1.7995964616084332E-03   5.3807934202092164E-05
      78   6.6852976377952757E+01       28   8.1230000000000013E-01   2.2631789086437677E-03   1.4933162587912098E-03   4.4650156137857182E-05
      78   6.6852976377952757E+01       29   8.4220000000000006E-01   2.3659268269214172E-03   1.6781538857138963E-03   5.0176801182845506E-05
      78   6.6852976377952757E+01       30   8.7210000000000010E-01   2.0526316397873889E-03   1.5611462562723896E-03   4.6678273062544462E-05
      78   6.6852976377952757E+01       31   9.0200000000000014E-01   1.7431720657867318E-03   1.4182517654123484E-03   4.2405727785829226E-05
      78   6.6852976377952757E+01       32   9.3190000000000006E-01   1.9497457962473941E-03   1.6932325794006341E-03   5.0627654124078967E-05
      78   6.6852976377952757E+01       33   9.6180000000000010E-01   1.7946305428704619E-03   1.6601395660685372E-03   4.9638173025449276E-05
      78   6.6852976377952757E+01       34   9.9170000000000014E-01   1.8745610059545433E-03   1.8435724317633986E-03   5.5122815709725628E-05
      78   6.6852976377952757E+01       35   1.0216000000000001E+00   1.5996726136394501E-03   1.6695248138032942E-03   4.9918791932718505E-05
      78   6.6852976377952757E+01       36   1.0515000000000001E+00   1.7499868708308747E-03   1.9348769212046161E-03   5.7852819944018038E-05
      78   6.6852976377952757E+01       37   1.0814000000000001E+00   1.6319538810678500E-03   1.9084492340434968E-03   5.7062632097900568E-05
      78   6.6852976377952757E+01       38   1.1113000000000002E+00   1.5415679687949611E-03   1.9038174647600817E-03   5.6924142196326456E-05
      78   6.6852976377952757E+01       39   1.1412000000000002E+00   1.4856097733536315E-03   1.9347652290683493E-03   5.7849480349143655E-05
      78   6.6852976377952757E+01       40   1.1711000000000000E+00   1.5390798126020198E-03   2.1108098091951158E-03   6.3113213294933978E-05
      78   6.6852976377952757E+01       41   1.2010000000000001E+00   1.3904559988544155E-03   2.0055951232036081E-03   5.9967294183787896E-05
      78   6.6852976377952757E+01       42   1.2309000000000001E+00   1.3744857377363273E-03   2.0825036973780857E-03   6.2266860551604778E-05
      78   6.6852976377952757E+01       43   1.2608000000000001E+00   1.3920365345434652E-03   2.2128044387982279E-03   6.6162852720067023E-05
      78   6.6852976377952757E+01       44   1.2907000000000002E+00   1.3502879531689218E-03   2.2494534645529233E-03   6.7258658590132420E-05
      78   6.6852976377952757E+01       45   1.3206000000000002E+00   1.2850367194017353E-03   2.2410839406623358E-03   6.7008409825803860E-05
      78   6.6852976377952757E+01       46   1.3505000000000000E+00   1.2795547075259270E-03   2.3337161732098388E-03   6.9778113578974197E-05
      78   6.6852976377952757E+01       47   1.3804000000000001E+00   1.2672129276794239E-03   2.4146795052989219E-03   7.2198917208437784E-05
      78   6.6852976377952757E+01       48   1.4103000000000001E+00   1.2185409242113810E-03   2.4236122067152130E-03   7.2466004980784889E-05
      78   6.6852976377952757E+01       49   1.4402000000000001E+00   1.2345462008489154E-03   2.5606661500738484E-03   7.6563917887208086E-05
      78   6.6852976377952757E+01       50   1.4701000000000002E+00   1.1979568276816995E-03   2.5890171202242918E-03   7.7411611894706339E-05
 
      79   6.7721196850393710E+01        1   5.0000000000000001E-03   3.1916062392128304E-02   7.9790155980320763E-07   2.3857256638115912E-08
      79   6.7721196850393710E+01        2   3.4900000000000000E-02   3.3956762326344370E-02   4.1359676081110707E-05   1.2366543148252104E-06
      79   6.7721196850393710E+01        3   6.4800000000000010E-02   4.2216343678037803E-02   1.7726811575782789E-04   5.3003166611590551E-06
      79   6.7721196850393710E+01        4   9.4700000000000006E-02   5.5701008242360663E-02   4.9953165500823233E-04   1.4935996484746151E-05
      79   6.7721196850393710E+01        5   1.2460000000000002E-01   6.2836977588087609E-02   9.7555413097147456E-04   2.9169068516047096E-05
      79   6.7721196850393710E+01        6   1.5450000000000003E-01   6.1099492552624410E-02   1.4584601621042833E-03   4.3607958846918081E-05
      79   6.7721196850393710E+01        7   1.8440000000000001E-01   6.0116912445373656E-02   2.0441770159685211E-03   6.1120892777458797E-05
      79   6.7721196850393710E+01        8   2.1430000000000002E-01   5.1709303019756209E-02   2.3747233694377643E-03   7.1004228746189172E-05
      79   6.7721196850393710E+01        9   2.4420000000000003E-01   3.5945799398203762E-02   2.1435788608247003E-03   6.4093007938658558E-05
      79   6.7721196850393710E+01       10   2.7410000000000001E-01   3.7864557560660442E-02   2.8447948798240434E-03   8.5059366906738919E-05
      79   6.7721196850393710E+01       11   3.0400000000000005E-01   4.3535168124446397E-02   4.0233460973888397E-03   1.2029804831192634E-04
      79   6.7721196850393710E+01       12   3.3390000000000003E-01   3.2010019154409534E-02   3.5687717476099875E-03   1.0670627525353865E-04
      79   6.7721196850393710E+01       13   3.6380000000000001E-01   2.5188522704223917E-02   3.3337120628540258E-03   9.9677990679335388E-05
      79   6.7721196850393710E+01       14   3.9370000000000005E-01   2.1144378465284112E-02   3.2773721073617143E-03   9.7993426010115281E-05
      79   6.7721196850393710E+01       15   4.2360000000000003E-01   1.4293495929275594E-02   2.5647814573215881E-03   7.6686965573915505E-05
      79   6.7721196850393710E+01       16   4.5350000000000007E-01   1.1688530466838548E-02   2.4038894750035671E-03   7.1876295302606669E-05
      79   6.7721196850393710E+01       17   4.8340000000000005E-01   8.8163277226307353E-03   2.0601603177292623E-03   6.1598793500104954E-05
      79   6.7721196850393710E+01       18   5.1330000000000009E-01   8.9098680591452768E-03   2.3475443265339345E-03   7.0191575363364651E-05
      79   6.7721196850393710E+01       19   5.4320000000000002E-01   8.5561057895183704E-03   2.5246179643554174E-03   7.5486077134227000E-05
      79   6.7721196850393710E+01       20   5.7310000000000005E-01   7.4932460473771745E-03   2.4611087824187908E-03   7.3587152594321861E-05
      79   6.7721196850393710E+01       21   6.0300000000000009E-01   5.4362744474854190E-03   1.9766783155757265E-03   5.9102681635714233E-05
      79   6.7721196850393710E+01       22   6.3290000000000002E-01   4.5574705529586096E-03   1.8255513881971334E-03   5.4583986507094298E-05
      79   6.7721196850393710E+01       23   6.6280000000000006E-01   4.1028026362492902E-03   1.8023769528664366E-03   5.3891070890706468E-05
      79   6.7721196850393710E+01       24   6.9270000000000009E-01   3.2853358834553205E-03   1.5764135257134233E-03   4.7134764418831368E-05
      79   6.7721196850393710E+01       25   7.2260000000000002E-01   2.2145113622823610E-03   1.1563087908443702E-03   3.4573632846246675E-05
      79   6.7721196850393710E+01       26   7.5250000000000006E-01   2.7050855191524661E-03   1.5317715820045790E-03   4.5799970301936922E-05
      79   6.7721196850393710E+01       27   7.8240000000000010E-01   2.8353727212494799E-03   1.7356727308234163E-03   5.1896614651620155E-05
      79   6.7721196850393710E+01       28   8.1230000000000013E-01   2.1580653010111624E-03   1.4239590114704340E-03   4.2576374442965987E-05
      79   6.7721196850393710E+01       29   8.4220000000000006E-01   2.2914877976890000E-03   1.6253542197505581E-03   4.8598091170541695E-05
      79   6.7721196850393710E+01       30   8.7210000000000010E-01   1.9997564860746637E-03   1.5209316134361336E-03   4.5475855241740404E-05
      79   6.7721196850393710E+01       31   9.0200000000000014E-01   1.6623884884887303E-03   1.3525259237883852E-03   4.0440525121272724E-05
      79   6.7721196850393710E+01       32   9.3190000000000006E-01   1.8313240368715328E-03   1.5903906697162661E-03   4.7552681024516363E-05
      79   6.7721196850393710E+01       33   9.6180000000000010E-01   1.6831070401083555E-03   1.5569737193612851E-03   4.6553514208902434E-05
      79   6.7721196850393710E+01       34   9.9170000000000014E-01   1.8017392392327995E-03   1.7719544896777262E-03   5.2981439241364024E-05
      79   6.7721196850393710E+01       35   1.0216000000000001E+00   1.5321023081879548E-03   1.5990039455545829E-03   4.7810217972082039E-05
      79   6.7721196850393710E+01       36   1.0515000000000001E+00   1.6694657332425537E-03   1.8458485442575294E-03   5.5190871473300145E-05
      79   6.7721196850393710E+01       37   1.0814000000000001E+00   1.5824929577982322E-03   1.8506083463664378E-03   5.5333189556356506E-05
      79   6.7721196850393710E+01       38   1.1113000000000002E+00   1.5115842823844026E-03   1.8667879811422215E-03   5.5816960636152435E-05
      79   6.7721196850393710E+01       39   1.1412000000000002E+00   1.4359557774432671E-03   1.8700989711486751E-03   5.5915959237345400E-05
      79   6.7721196850393710E+01       40   1.1711000000000000E+00   1.4924918362058468E-03   2.0469155544836997E-03   6.1202775079062632E-05
      79   6.7721196850393710E+01       41   1.2010000000000001E+00   1.3676592574200141E-03   1.9727130805618862E-03   5.8984121108800414E-05
      79   6.7721196850393710E+01       42   1.2309000000000001E+00   1.3385303021161696E-03   2.0280270843699832E-03   6.0638009822662511E-05
      79   6.7721196850393710E+01       43   1.2608000000000001E+00   1.3510499428251680E-03   2.1476514705859361E-03   6.4214778970519509E-05
      79   6.7721196850393710E+01       44   1.2907000000000002E+00   1.3201679236752556E-03   2.1992763119404336E-03   6.5758361727018974E-05
      79   6.7721196850393710E+01       45   1.3206000000000002E+00   1.2382102139584148E-03   2.1594192475357299E-03   6.4566635501318336E-05
      79   6.7721196850393710E+01       46   1.3505000000000000E+00   1.2366610764216913E-03   2.2554846133969707E-03   6.7438989940569433E-05
      79   6.7721196850393710E+01       47   1.3804000000000001E+00   1.2382401732841275E-03   2.3594718012720263E-03   7.0548206858033608E-05
      79   6.7721196850393710E+01       48   1.4103000000000001E+00   1.1854448579880575E-03   2.3577859152059525E-03   7.0497798864657991E-05
      79   6.7721196850393710E+01       49   1.4402000000000001E+00   1.2107213015956479E-03   2.5112491148873068E-03   7.5086348535130491E-05
      79   6.7721196850393710E+01       50   1.4701000000000002E+00   1.1746865614527171E-03   2.5387255602391098E-03   7.5907894251149398E-05
 
      80   6.8589417322834649E+01        1   5.0000000000000001E-03   3.1915913703080466E-02   7.9789784257701168E-07   2.3857145493052654E-08
      80   6.8589417322834649E+01        2   3.4900000000000000E-02   3.3396765879859278E-02   4.0677594809327400E-05   1.2162600847988894E-06
      80   6.8589417322834649E+01        3   6.4800000000000010E-02   4.0639782430111085E-02   1.7064807201533369E-04   5.1023773532584780E-06
      80   6.8589417322834649E+01        4   9.4700000000000006E-02   5.2968044494574339E-02   4.7502219015134727E-04   1.4203163485525286E-05
      80   6.8589417322834649E+01        5   1.2460000000000002E-01   5.9235133698991180E-02   9.1963492829823018E-04   2.7497084356117087E-05
      80   6.8589417322834649E+01        6   1.5450000000000003E-01   5.7598876198852067E-02   1.3748995745856492E-03   4.1109497280110918E-05
      80   6.8589417322834649E+01        7   1.8440000000000001E-01   5.7850283228182656E-02   1.9671040067098570E-03   5.8816409800624737E-05
      80   6.8589417322834649E+01        8   2.1430000000000002E-01   5.1067609352378043E-02   2.3452539150271923E-03   7.0123092059313060E-05
      80   6.8589417322834649E+01        9   2.4420000000000003E-01   3.6034860440679169E-02   2.1488898949697036E-03   6.4251807859594154E-05
      80   6.8589417322834649E+01       10   2.7410000000000001E-01   3.8226850109061780E-02   2.8720142124424000E-03   8.5873224952027786E-05
      80   6.8589417322834649E+01       11   3.0400000000000005E-01   4.4345435824811409E-02   4.0982277971857725E-03   1.2253701113585462E-04
      80   6.8589417322834649E+01       12   3.3390000000000003E-01   3.2993530864951701E-02   3.6784226912440826E-03   1.0998483846819809E-04
      80   6.8589417322834649E+01       13   3.6380000000000001E-01   2.6036800076497554E-02   3.4459819463164851E-03   1.0303486019486293E-04
      80   6.8589417322834649E+01       14   3.9370000000000005E-01   2.1777700378240086E-02   3.3755368075400970E-03   1.0092855054544892E-04
      80   6.8589417322834649E+01       15   4.2360000000000003E-01   1.4486651281913633E-02   2.5994406666066858E-03   7.7723275931539920E-05
      80   6.8589417322834649E+01       16   4.5350000000000007E-01   1.1548169780265851E-02   2.3750225803914815E-03   7.1013175153705307E-05
      80   6.8589417322834649E+01       17   4.8340000000000005E-01   8.5104426056179776E-03   1.9886824417156405E-03   5.9461605007297664E-05
      80   6.8589417322834649E+01       18   5.1330000000000009E-01   8.6087490316306692E-03   2.2682064216445609E-03   6.7819372007172390E-05
      80   6.8589417322834649E+01       19   5.4320000000000002E-01   8.4271162723124765E-03   2.4865575125140589E-03   7.4348069624170375E-05
      80   6.8589417322834649E+01       20   5.7310000000000005E-01   7.4576939371527300E-03   2.4494319189935563E-03   7.3238014377907345E-05
      80   6.8589417322834649E+01       21   6.0300000000000009E-01   5.3786546626751726E-03   1.9557272432406576E-03   5.8476244572895675E-05
      80   6.8589417322834649E+01       22   6.3290000000000002E-01   4.3717201995962475E-03   1.7511467789959540E-03   5.2359288691979032E-05
      80   6.8589417322834649E+01       23   6.6280000000000006E-01   3.8509855161134882E-03   1.6917527250130374E-03   5.0583406477889826E-05
      80   6.8589417322834649E+01       24   6.9270000000000009E-01   3.0904523147776016E-03   1.4829019017878525E-03   4.4338766863456798E-05
      80   6.8589417322834649E+01       25   7.2260000000000002E-01   2.1322514534612663E-03   1.1133567169359050E-03   3.3289365836383566E-05
      80   6.8589417322834649E+01       26   7.5250000000000006E-01   2.6569863643717594E-03   1.5045351349902865E-03   4.4985600536209577E-05
      80   6.8589417322834649E+01       27   7.8240000000000010E-01   2.7667956779938606E-03   1.6936933102529794E-03   5.0641429976564091E-05
      80   6.8589417322834649E+01       28   8.1230000000000013E-01   2.0746167344619848E-03   1.3688970361556392E-03   4.0930021381053621E-05
      80   6.8589417322834649E+01       29   8.4220000000000006E-01   2.2385436744228370E-03   1.5878009086448051E-03   4.7475247168479682E-05
      80   6.8589417322834649E+01       30   8.7210000000000010E-01   1.9771993000702753E-03   1.5037755559145617E-03   4.4962889121845404E-05
      80   6.8589417322834649E+01       31   9.0200000000000014E-01   1.6233635157855164E-03   1.3207750498971597E-03   3.9491173991925080E-05
      80   6.8589417322834649E+01       32   9.3190000000000006E-01   1.7564982788319168E-03   1.5254091672379036E-03   4.5609734100413328E-05
      80   6.8589417322834649E+01       33   9.6180000000000010E-01   1.5958684426278188E-03   1.4762728486772739E-03   4.4140558175450502E-05
      80   6.8589417322834649E+01       34   9.9170000000000014E-01   1.7353502458231499E-03   1.7066629800209208E-03   5.1029223102625542E-05
      80   6.8589417322834649E+01       35   1.0216000000000001E+00   1.4735433931115981E-03   1.5378879640995094E-03   4.5982850126575338E-05
      80   6.8589417322834649E+01       36   1.0515000000000001E+00   1.5984883090243707E-03   1.7673721954714909E-03   5.2844428644597590E-05
      80   6.8589417322834649E+01       37   1.0814000000000001E+00   1.5306122945592483E-03   1.7899377519527521E-03   5.3519138783387303E-05
      80   6.8589417322834649E+01       38   1.1113000000000002E+00   1.4867751710029809E-03   1.8361490339863268E-03   5.4900856116191183E-05
      80   6.8589417322834649E+01       39   1.1412000000000002E+00   1.4063516241586444E-03   1.8315443739466118E-03   5.4763176781003706E-05
      80   6.8589417322834649E+01       40   1.1711000000000000E+00   1.4632121049602054E-03   2.0067591289248399E-03   6.0002097954852724E-05
      80   6.8589417322834649E+01       41   1.2010000000000001E+00   1.3691186266927041E-03   1.9748180762601836E-03   5.9047060480179505E-05
      80   6.8589417322834649E+01       42   1.2309000000000001E+00   1.3440536443535532E-03   2.0363955819945414E-03   6.0888227901636802E-05
      80   6.8589417322834649E+01       43   1.2608000000000001E+00   1.3504519632222423E-03   2.1467009122587452E-03   6.4186357276536493E-05
      80   6.8589417322834649E+01       44   1.2907000000000002E+00   1.3370833704665081E-03   2.2274558645312310E-03   6.6600930349483819E-05
      80   6.8589417322834649E+01       45   1.3206000000000002E+00   1.2494965763937618E-03   2.1791024871042667E-03   6.5155164364417593E-05
      80   6.8589417322834649E+01       46   1.3505000000000000E+00   1.2410182123256408E-03   2.2634313768046732E-03   6.7676598166459745E-05
      80   6.8589417322834649E+01       47   1.3804000000000001E+00   1.2546107704697388E-03   2.3906660423108927E-03   7.1480914665095712E-05
      80   6.8589417322834649E+01       48   1.4103000000000001E+00   1.1957264559842101E-03   2.3782354593393520E-03   7.1109240234246639E-05
      80   6.8589417322834649E+01       49   1.4402000000000001E+00   1.2172161877937447E-03   2.5247206522219260E-03   7.5489147501435608E-05
      80   6.8589417322834649E+01       50   1.4701000000000002E+00   1.1881491975628095E-03   2.5678209287590512E-03   7.6777845769895647E-05
 
      81   6.9457637795275588E+01        1   5.0000000000000001E-03   3.7219032843929342E-02   9.3047582109823357E-07   2.7821227050837191E-08
      81   6.9457637795275588E+01        2   3.4900000000000000E-02   3.7973310808332543E-02   4.6251872297657122E-05   1.3829309816999482E-06
      81   6.9457637795275588E+01        3   6.4800000000000010E-02   4.3915227195266970E-02   1.8440179560201387E-04   5.5136136885002159E-06
      81   6.9457637795275588E+01        4   9.4700000000000006E-02   5.4770925908112347E-02   4.9119059292728330E-04   1.4686598728525774E-05
      81   6.9457637795275588E+01        5   1.2460000000000002E-01   5.9675163775973719E-02   9.2646646564819646E-04   2.7701347322881079E-05
      81   6.9457637795275588E+01        6   1.5450000000000003E-01   5.7347078844432645E-02   1.3688891087863188E-03   4.0929784352710942E-05
      81   6.9457637795275588E+01        7   1.8440000000000001E-01   5.7954659787827281E-02   1.9706531604430149E-03   5.8922529497246161E-05
      81   6.9457637795275588E+01        8   2.1430000000000002E-01   5.1828791157528656E-02   2.3802108012260133E-03   7.1168302956657815E-05
      81   6.9457637795275588E+01        9   2.4420000000000003E-01   3.6609295913697271E-02   2.1831455731708945E-03   6.5276052637809764E-05
      81   6.9457637795275588E+01       10   2.7410000000000001E-01   3.8595964053981566E-02   2.8997460421065191E-03   8.6702406658984940E-05
      81   6.9457637795275588E+01       11   3.0400000000000005E-01   4.5056458303078833E-02   4.1639376505373344E-03   1.2450173575106633E-04
      81   6.9457637795275588E+01       12   3.3390000000000003E-01   3.3968105890612131E-02   3.7870772909406937E-03   1.1323361099912676E-04
      81   6.9457637795275588E+01       13   3.6380000000000001E-01   2.7091015022837530E-02   3.5855077583191574E-03   1.0720668197374283E-04
      81   6.9457637795275588E+01       14   3.9370000000000005E-01   2.2755724601527017E-02   3.5271302589620621E-03   1.0546119474296568E-04
      81   6.9457637795275588E+01       15   4.2360000000000003E-01   1.5076472065580666E-02   2.7052763149727158E-03   8.0887761817684226E-05
      81   6.9457637795275588E+01       16   4.5350000000000007E-01   1.1782905287353882E-02   2.4232988129340967E-03   7.2456634506729505E-05
      81   6.9457637795275588E+01       17   4.8340000000000005E-01   8.4402815091551408E-03   1.9722875082094733E-03   5.8971396495463261E-05
      81   6.9457637795275588E+01       18   5.1330000000000009E-01   8.4000329929722339E-03   2.2132145688857166E-03   6.6175115609682942E-05
      81   6.9457637795275588E+01       19   5.4320000000000002E-01   8.2848641679584938E-03   2.4445837189502415E-03   7.3093053196612235E-05
      81   6.9457637795275588E+01       20   5.7310000000000005E-01   7.4090513215493946E-03   2.4334555627249545E-03   7.2760321325476157E-05
      81   6.9457637795275588E+01       21   6.0300000000000009E-01   5.3761295581160060E-03   1.9548090924970036E-03   5.8448791865660419E-05
      81   6.9457637795275588E+01       22   6.3290000000000002E-01   4.2950211780900761E-03   1.7204240340968002E-03   5.1440678619494334E-05
      81   6.9457637795275588E+01       23   6.6280000000000006E-01   3.6953240395920183E-03   1.6233700406370858E-03   4.8538764215048877E-05
      81   6.9457637795275588E+01       24   6.9270000000000009E-01   2.9594600890732975E-03   1.4200474711637337E-03   4.2459419387795645E-05
      81   6.9457637795275588E+01       25   7.2260000000000002E-01   2.0774403388470505E-03   1.0847370517836450E-03   3.2433637848330990E-05
      81   6.9457637795275588E+01       26   7.5250000000000006E-01   2.6423485593915393E-03   1.4962463864339557E-03   4.4737766954375282E-05
      81   6.9457637795275588E+01       27   7.8240000000000010E-01   2.7369789987852912E-03   1.6754410372314566E-03   5.0095687013220565E-05
      81   6.9457637795275588E+01       28   8.1230000000000013E-01   2.0228390878240217E-03   1.3347325247813479E-03   3.9908502490962310E-05
      81   6.9457637795275588E+01       29   8.4220000000000006E-01   2.2173725542479514E-03   1.5727842153210178E-03   4.7026248038098443E-05
      81   6.9457637795275588E+01       30   8.7210000000000010E-01   1.9951749100947810E-03   1.5174470572935797E-03   4.5371667013078041E-05
      81   6.9457637795275588E+01       31   9.0200000000000014E-01   1.6342450363319718E-03   1.3296282985398380E-03   3.9755886126341169E-05
      81   6.9457637795275588E+01       32   9.3190000000000006E-01   1.7381549946081020E-03   1.5094791693270231E-03   4.5133427162878003E-05
      81   6.9457637795275588E+01       33   9.6180000000000010E-01   1.5620581628486589E-03   1.4449963369605769E-03   4.3205390475121255E-05
      81   6.9457637795275588E+01       34   9.9170000000000014E-01   1.7140437280337055E-03   1.6857086826207706E-03   5.0402689610361053E-05
      81   6.9457637795275588E+01       35   1.0216000000000001E+00   1.4514382202763171E-03   1.5148175344083064E-03   4.5293044278808371E-05
      81   6.9457637795275588E+01       36   1.0515000000000001E+00   1.5586279867850241E-03   1.7233005405018324E-03   5.1526686161004799E-05
      81   6.9457637795275588E+01       37   1.0814000000000001E+00   1.4969566770773406E-03   1.7505799991695795E-03   5.2342341975170439E-05
      81   6.9457637795275588E+01       38   1.1113000000000002E+00   1.4806061976616327E-03   1.8285304278498236E-03   5.4673059792709734E-05
      81   6.9457637795275588E+01       39   1.1412000000000002E+00   1.4041883507210176E-03   1.8287270619558329E-03   5.4678939152479418E-05
      81   6.9457637795275588E+01       40   1.1711000000000000E+00   1.4564936698925775E-03   1.9975449617795934E-03   5.9726594357209856E-05
      81   6.9457637795275588E+01       41   1.2010000000000001E+00   1.3877996376059948E-03   2.0017635850825247E-03   5.9852731193967504E-05
      81   6.9457637795275588E+01       42   1.2309000000000001E+00   1.3745505487485700E-03   2.0826018935025856E-03   6.2269796615727318E-05
      81   6.9457637795275588E+01       43   1.2608000000000001E+00   1.3686499351524370E-03   2.1756287112532353E-03   6.5051298466471750E-05
      81   6.9457637795275588E+01       44   1.2907000000000002E+00   1.3674553755957353E-03   2.2780527849903236E-03   6.8113778271210691E-05
      81   6.9457637795275588E+01       45   1.3206000000000002E+00   1.2904231287040849E-03   2.2504777542421920E-03   6.7289284851841549E-05
      81   6.9457637795275588E+01       46   1.3505000000000000E+00   1.2736712556015142E-03   2.3229856379466357E-03   6.9457270574604425E-05
      81   6.9457637795275588E+01       47   1.3804000000000001E+00   1.2907536027439415E-03   2.4595363595635682E-03   7.3540137150950702E-05
      81   6.9457637795275588E+01       48   1.4103000000000001E+00   1.2294829757295287E-03   2.4453753572988113E-03   7.3116723183234470E-05
      81   6.9457637795275588E+01       49   1.4402000000000001E+00   1.2341465618643057E-03   2.5598372284673207E-03   7.6539133131172909E-05
      81   6.9457637795275588E+01       50   1.4701000000000002E+00   1.2061516793041376E-03   2.6067277844635437E-03   7.7941160755459974E-05
 
      82   7.0325858267716541E+01        1   5.0000000000000001E-03   4.6485108209734283E-02   1.1621277052433571E-06   3.4747618386776385E-08
      82   7.0325858267716541E+01        2   3.4900000000000000E-02   4.6502512798211618E-02   5.6640525613349733E-05   1.6935517158391573E-06
      82   7.0325858267716541E+01        3   6.4800000000000010E-02   5.1210294023206773E-02   2.1503407301520623E-04   6.4295187831546674E-06
      82   7.0325858267716541E+01        4   9.4700000000000006E-02   6.0795564930499008E-02   5.4522009789755889E-04   1.6302080927137015E-05
      82   7.0325858267716541E+01        5   1.2460000000000002E-01   6.4375272164092001E-02   9.9943640039107493E-04   2.9883148371693148E-05
      82   7.0325858267716541E+01        6   1.5450000000000003E-01   6.0876989393809026E-02   1.4531489560775704E-03   4.3449153786719365E-05
      82   7.0325858267716541E+01        7   1.8440000000000001E-01   6.0970956616237471E-02   2.0732173873663049E-03   6.1989199882252533E-05
      82   7.0325858267716541E+01        8   2.1430000000000002E-01   5.4382031736107117E-02   2.4974670726445342E-03   7.4674265472071596E-05
      82   7.0325858267716541E+01        9   2.4420000000000003E-01   3.8008482338708620E-02   2.2665841527329087E-03   6.7770866166713979E-05
      82   7.0325858267716541E+01       10   2.7410000000000001E-01   3.9285608932800364E-02   2.9515596204645273E-03   8.8251632651889378E-05
      82   7.0325858267716541E+01       11   3.0400000000000005E-01   4.5828633183748441E-02   4.2352989643092967E-03   1.2663543903284800E-04
      82   7.0325858267716541E+01       12   3.3390000000000003E-01   3.4879050760508616E-02   3.8886378148390056E-03   1.1627027066368630E-04
      82   7.0325858267716541E+01       13   3.6380000000000001E-01   2.8156522897140240E-02   3.7265281943065858E-03   1.1142319300976694E-04
      82   7.0325858267716541E+01       14   3.9370000000000005E-01   2.3861972159167241E-02   3.6985982874595540E-03   1.1058808879504069E-04
      82   7.0325858267716541E+01       15   4.2360000000000003E-01   1.5923449828849391E-02   2.8572554300012555E-03   8.5431937357037559E-05
      82   7.0325858267716541E+01       16   4.5350000000000007E-01   1.2351025858391717E-02   2.5401397678450227E-03   7.5950179058566195E-05
      82   7.0325858267716541E+01       17   4.8340000000000005E-01   8.6665510178224273E-03   2.0251611623582264E-03   6.0552318754510985E-05
      82   7.0325858267716541E+01       18   5.1330000000000009E-01   8.4028612678097407E-03   2.2139597539439682E-03   6.6197396642924658E-05
      82   7.0325858267716541E+01       19   5.4320000000000002E-01   8.2232116598685411E-03   2.4263921452015698E-03   7.2549125141526955E-05
      82   7.0325858267716541E+01       20   5.7310000000000005E-01   7.3894891377174659E-03   2.4270304884477121E-03   7.2568211604586609E-05
      82   7.0325858267716541E+01       21   6.0300000000000009E-01   5.4328283740051816E-03   1.9754252922436510E-03   5.9065216238085175E-05
      82   7.0325858267716541E+01       22   6.3290000000000002E-01   4.3342793240375623E-03   1.7361493716496570E-03   5.1910866212324758E-05
      82   7.0325858267716541E+01       23   6.6280000000000006E-01   3.6632760930906880E-03   1.6092912546749368E-03   4.8117808514780625E-05
      82   7.0325858267716541E+01       24   6.9270000000000009E-01   2.9142351747560710E-03   1.3983470517369308E-03   4.1810576846934241E-05
      82   7.0325858267716541E+01       25   7.2260000000000002E-01   2.0648841411453653E-03   1.0781808236109999E-03   3.2237606625968902E-05
      82   7.0325858267716541E+01       26   7.5250000000000006E-01   2.6743027877798920E-03   1.5143406679727878E-03   4.5278785972386366E-05
      82   7.0325858267716541E+01       27   7.8240000000000010E-01   2.7640181418196142E-03   1.6919930421505230E-03   5.0590591960300651E-05
      82   7.0325858267716541E+01       28   8.1230000000000013E-01   2.0150422342776328E-03   1.3295879168478931E-03   3.9754678713752015E-05
      82   7.0325858267716541E+01       29   8.4220000000000006E-01   2.2254402289297961E-03   1.5785066237496970E-03   4.7197348050115952E-05
      82   7.0325858267716541E+01       30   8.7210000000000010E-01   2.0461054876368284E-03   1.5561827363693411E-03   4.6529863817443310E-05
      82   7.0325858267716541E+01       31   9.0200000000000014E-01   1.6922329689473660E-03   1.3768075124674531E-03   4.1166544622776855E-05
      82   7.0325858267716541E+01       32   9.3190000000000006E-01   1.7738522234152937E-03   1.5404799853959638E-03   4.6060351563339329E-05
      82   7.0325858267716541E+01       33   9.6180000000000010E-01   1.5814671177507883E-03   1.4629507700315350E-03   4.3742228023942910E-05
      82   7.0325858267716541E+01       34   9.9170000000000014E-01   1.7512551926503624E-03   1.7223050004225885E-03   5.1496919512635409E-05
      82   7.0325858267716541E+01       35   1.0216000000000001E+00   1.4881208495211807E-03   1.5531019678840486E-03   4.6437748839733064E-05
      82   7.0325858267716541E+01       36   1.0515000000000001E+00   1.5703265931135276E-03   1.7362351309108065E-03   5.1913430414233127E-05
      82   7.0325858267716541E+01       37   1.0814000000000001E+00   1.4979512938945699E-03   1.7517431298959001E-03   5.2377119583887426E-05
      82   7.0325858267716541E+01       38   1.1113000000000002E+00   1.5067924282076452E-03   1.8608701002216510E-03   5.5640015996627379E-05
      82   7.0325858267716541E+01       39   1.1412000000000002E+00   1.4411444408942769E-03   1.8768563618244848E-03   5.6118005218552106E-05
      82   7.0325858267716541E+01       40   1.1711000000000000E+00   1.4783770147473404E-03   2.0275574267597817E-03   6.0623967060117490E-05
      82   7.0325858267716541E+01       41   1.2010000000000001E+00   1.4180869985556581E-03   2.0454501048036804E-03   6.1158958133630052E-05
      82   7.0325858267716541E+01       42   1.2309000000000001E+00   1.4218140100151202E-03   2.1542114636393973E-03   6.4410922762817995E-05
      82   7.0325858267716541E+01       43   1.2608000000000001E+00   1.4019821491771797E-03   2.2286141533150077E-03   6.6635563184118740E-05
      82   7.0325858267716541E+01       44   1.2907000000000002E+00   1.3974192549450000E-03   2.3279698060638407E-03   6.9606297201308849E-05
      82   7.0325858267716541E+01       45   1.3206000000000002E+00   1.3381501842833442E-03   2.3337129927212710E-03   6.9778018482366023E-05
      82   7.0325858267716541E+01       46   1.3505000000000000E+00   1.3205183500802548E-03   2.4084277229234601E-03   7.2011988915411472E-05
      82   7.0325858267716541E+01       47   1.3804000000000001E+00   1.3321680782603408E-03   2.5384518149442854E-03   7.5899709266834148E-05
      82   7.0325858267716541E+01       48   1.4103000000000001E+00   1.2743900763648663E-03   2.5346931595207024E-03   7.5787325469669022E-05
      82   7.0325858267716541E+01       49   1.4402000000000001E+00   1.2627529595632076E-03   2.6191719331650942E-03   7.8313240801636329E-05
      82   7.0325858267716541E+01       50   1.4701000000000002E+00   1.2245696685197727E-03   2.6465326324326189E-03   7.9131325709735318E-05
 
      83   7.1194078740157480E+01        1   5.0000000000000001E-03   5.7795787182447121E-02   1.4448946795611782E-06   4.3202350918879239E-08
      83   7.1194078740157480E+01        2   3.4900000000000000E-02   5.7122599767604525E-02   6.9575897742939988E-05   2.0803193425139062E-06
      83   7.1194078740157480E+01        3   6.4800000000000010E-02   6.0809201188629348E-02   2.5534026815910224E-04   7.6346740179571583E-06
      83   7.1194078740157480E+01        4   9.4700000000000006E-02   6.9636350923493281E-02   6.2450506235347094E-04   1.8672701364368784E-05
      83   7.1194078740157480E+01        5   1.2460000000000002E-01   7.2409884008301117E-02   1.1241750348103166E-03   3.3612833540828471E-05
      83   7.1194078740157480E+01        6   1.5450000000000003E-01   6.7742872624480352E-02   1.6170393052645027E-03   4.8349475227408641E-05
      83   7.1194078740157480E+01        7   1.8440000000000001E-01   6.6697171950499956E-02   2.2679279488147523E-03   6.7811045669561115E-05
      83   7.1194078740157480E+01        8   2.1430000000000002E-01   5.8615691515571326E-02   2.6918957388499406E-03   8.0487682591613241E-05
      83   7.1194078740157480E+01        9   2.4420000000000003E-01   4.0327533372680656E-02   2.4048776072344248E-03   7.1905840456309322E-05
      83   7.1194078740157480E+01       10   2.7410000000000001E-01   4.0581154970547401E-02   3.0488950436727527E-03   9.1161961805815320E-05
      83   7.1194078740157480E+01       11   3.0400000000000005E-01   4.6927976247079083E-02   4.3368958528500617E-03   1.2967318600021687E-04
      83   7.1194078740157480E+01       12   3.3390000000000003E-01   3.5820483300599310E-02   3.9935973850020101E-03   1.1940856181156013E-04
      83   7.1194078740157480E+01       13   3.6380000000000001E-01   2.9152793820305545E-02   3.8583850893467203E-03   1.1536571417146696E-04
      83   7.1194078740157480E+01       14   3.9370000000000005E-01   2.4915978552637528E-02   3.8619689517054669E-03   1.1547287165599349E-04
      83   7.1194078740157480E+01       15   4.2360000000000003E-01   1.6842531376576396E-02   3.0221726289174841E-03   9.0362961604632794E-05
      83   7.1194078740157480E+01       16   4.5350000000000007E-01   1.3110862376378709E-02   2.6964094557663932E-03   8.0622642727415169E-05
      83   7.1194078740157480E+01       17   4.8340000000000005E-01   9.1412830174147017E-03   2.1360944282128708E-03   6.3869223403564848E-05
      83   7.1194078740157480E+01       18   5.1330000000000009E-01   8.6626143784147274E-03   2.2823986956939961E-03   6.8243721001250501E-05
      83   7.1194078740157480E+01       19   5.4320000000000002E-01   8.3327811304388707E-03   2.4587223969015472E-03   7.3515799667356275E-05
      83   7.1194078740157480E+01       20   5.7310000000000005E-01   7.4809197058174565E-03   2.4570602742988237E-03   7.3466102201534851E-05
      83   7.1194078740157480E+01       21   6.0300000000000009E-01   5.5765327153667653E-03   2.0276774841017950E-03   6.0627556774643684E-05
      83   7.1194078740157480E+01       22   6.3290000000000002E-01   4.4836190742467037E-03   1.7959692619022288E-03   5.3699480930876654E-05
      83   7.1194078740157480E+01       23   6.6280000000000006E-01   3.7449631614315448E-03   1.6451766974754178E-03   4.9190783254515007E-05
      83   7.1194078740157480E+01       24   6.9270000000000009E-01   2.9494125822757278E-03   1.4152263429207585E-03   4.2315267653330689E-05
      83   7.1194078740157480E+01       25   7.2260000000000002E-01   2.1012867877232143E-03   1.0971884931876351E-03   3.2805935946310297E-05
      83   7.1194078740157480E+01       26   7.5250000000000006E-01   2.7705831282361241E-03   1.5688600125082571E-03   4.6908914373996894E-05
      83   7.1194078740157480E+01       27   7.8240000000000010E-01   2.8761694749352353E-03   1.7606464538009305E-03   5.2643328968647832E-05
      83   7.1194078740157480E+01       28   8.1230000000000013E-01   2.0679203929598127E-03   1.3644785805039805E-03   4.0797909557069028E-05
      83   7.1194078740157480E+01       29   8.4220000000000006E-01   2.2552496124729269E-03   1.5996504445367219E-03   4.7829548291647997E-05
      83   7.1194078740157480E+01       30   8.7210000000000010E-01   2.1073449079335969E-03   1.6027588924995731E-03   4.7922490885737244E-05
      83   7.1194078740157480E+01       31   9.0200000000000014E-01   1.7856416465530964E-03   1.4528051862021858E-03   4.3438875067445364E-05
      83   7.1194078740157480E+01       32   9.3190000000000006E-01   1.8606183611406264E-03   1.6158309626710826E-03   4.8313345783865377E-05
      83   7.1194078740157480E+01       33   9.6180000000000010E-01   1.6444569096389599E-03   1.5212200590433652E-03   4.5484479765396627E-05
      83   7.1194078740157480E+01       34   9.9170000000000014E-01   1.8330788746932481E-03   1.8027760461770182E-03   5.3903003780692856E-05
      83   7.1194078740157480E+01       35   1.0216000000000001E+00   1.5832949669524338E-03   1.6524320116245604E-03   4.9407717147574367E-05
      83   7.1194078740157480E+01       36   1.0515000000000001E+00   1.6464203009064495E-03   1.8203683101428931E-03   5.4429012473272513E-05
      83   7.1194078740157480E+01       37   1.0814000000000001E+00   1.5447893167517930E-03   1.8065167297402101E-03   5.4014850219232293E-05
      83   7.1194078740157480E+01       38   1.1113000000000002E+00   1.5667042940935301E-03   1.9348605170756497E-03   5.7852329460561942E-05
      83   7.1194078740157480E+01       39   1.1412000000000002E+00   1.5183854762933703E-03   1.9774502541290893E-03   5.9125762598459784E-05
      83   7.1194078740157480E+01       40   1.1711000000000000E+00   1.5345152171153658E-03   2.1045495796414922E-03   6.2926032431280629E-05
      83   7.1194078740157480E+01       41   1.2010000000000001E+00   1.4576695035572029E-03   2.1025439496004132E-03   6.2866064093052362E-05
      83   7.1194078740157480E+01       42   1.2309000000000001E+00   1.4825762957542759E-03   2.2462733026522440E-03   6.7163571749302112E-05
      83   7.1194078740157480E+01       43   1.2608000000000001E+00   1.4648422811594998E-03   2.3285376651067001E-03   6.9623276186690347E-05
      83   7.1194078740157480E+01       44   1.2907000000000002E+00   1.4465155141926865E-03   2.4097595829792842E-03   7.2051811531080609E-05
      83   7.1194078740157480E+01       45   1.3206000000000002E+00   1.3963637008755079E-03   2.4352364551986048E-03   7.2813570010438300E-05
      83   7.1194078740157480E+01       46   1.3505000000000000E+00   1.3836431160440096E-03   2.5235578431076458E-03   7.5454379508918621E-05
      83   7.1194078740157480E+01       47   1.3804000000000001E+00   1.3845083123966912E-03   2.6381863488264749E-03   7.8881771829911621E-05
      83   7.1194078740157480E+01       48   1.4103000000000001E+00   1.3305620827439339E-03   2.6464162519758039E-03   7.9127845934076548E-05
      83   7.1194078740157480E+01       49   1.4402000000000001E+00   1.3168318351259845E-03   2.7313410411275475E-03   8.1667097129713685E-05
      83   7.1194078740157480E+01       50   1.4701000000000002E+00   1.2669321122795762E-03   2.7380860921352680E-03   8.1868774154844528E-05
 
      84   7.2062299212598433E+01        1   5.0000000000000001E-03   6.9282476222353895E-02   1.7320619055588474E-06   5.1788650976209550E-08
      84   7.2062299212598433E+01        2   3.4900000000000000E-02   6.7958220771473760E-02   8.2773792481862754E-05   2.4749363952076969E-06
      84   7.2062299212598433E+01        3   6.4800000000000010E-02   7.0748619360583603E-02   2.9707628263986503E-04   8.8825808509319659E-06
      84   7.2062299212598433E+01        4   9.4700000000000006E-02   7.9228828184747691E-02   7.1053126175535408E-04   2.1244884726485092E-05
      84   7.2062299212598433E+01        5   1.2460000000000002E-01   8.1862632325896079E-02   1.2709304648807092E-03   3.8000820899933216E-05
      84   7.2062299212598433E+01        6   1.5450000000000003E-01   7.6512164956506090E-02   1.8263645055530402E-03   5.4608298716035912E-05
      84   7.2062299212598433E+01        7   1.8440000000000001E-01   7.4198738207617854E-02   2.5230064068193850E-03   7.5437891563899628E-05
      84   7.2062299212598433E+01        8   2.1430000000000002E-01   6.3971433191530994E-02   2.9378554438901335E-03   8.7841877772315013E-05
      84   7.2062299212598433E+01        9   2.4420000000000003E-01   4.3386426910743223E-02   2.5872905632815741E-03   7.7359987842119074E-05
      84   7.2062299212598433E+01       10   2.7410000000000001E-01   4.2568028907015998E-02   3.1981704918875270E-03   9.5625297707437078E-05
      84   7.2062299212598433E+01       11   3.0400000000000005E-01   4.8512861429000798E-02   4.4833646018225390E-03   1.3405260159449393E-04
      84   7.2062299212598433E+01       12   3.3390000000000003E-01   3.6911289758080092E-02   4.1152105352094412E-03   1.2304479500276232E-04
      84   7.2062299212598433E+01       13   3.6380000000000001E-01   3.0099608233813597E-02   3.9836963935728532E-03   1.1911252216782834E-04
      84   7.2062299212598433E+01       14   3.9370000000000005E-01   2.5819639576733420E-02   4.0020361303054128E-03   1.1966088029613186E-04
      84   7.2062299212598433E+01       15   4.2360000000000003E-01   1.7669960341392531E-02   3.1706439669800385E-03   9.4802254612703172E-05
      84   7.2062299212598433E+01       16   4.5350000000000007E-01   1.3886949790284854E-02   2.8560213395070122E-03   8.5395038051259685E-05
      84   7.2062299212598433E+01       17   4.8340000000000005E-01   9.7397243364867204E-03   2.2759355385741633E-03   6.8050472603367493E-05
      84   7.2062299212598433E+01       18   5.1330000000000009E-01   9.1254757674201579E-03   2.4043519749702273E-03   7.1890124051609809E-05
      84   7.2062299212598433E+01       19   5.4320000000000002E-01   8.6312561420553921E-03   2.5467922963131905E-03   7.6149089659764414E-05
      84   7.2062299212598433E+01       20   5.7310000000000005E-01   7.7247475947177487E-03   2.5371439863479148E-03   7.5860605191802673E-05
      84   7.2062299212598433E+01       21   6.0300000000000009E-01   5.8158272030009034E-03   2.1146871134559561E-03   6.3229144692333094E-05
      84   7.2062299212598433E+01       22   6.3290000000000002E-01   4.7216928369847597E-03   1.8913326620623525E-03   5.6550846595664353E-05
      84   7.2062299212598433E+01       23   6.6280000000000006E-01   3.9149223740401144E-03   1.7198404322177389E-03   5.1423228923310401E-05
      84   7.2062299212598433E+01       24   6.9270000000000009E-01   3.0518357220764005E-03   1.4643723750634454E-03   4.3784734014397027E-05
      84   7.2062299212598433E+01       25   7.2260000000000002E-01   2.1796168228083498E-03   1.1380885805381653E-03   3.4028848558091150E-05
      84   7.2062299212598433E+01       26   7.5250000000000006E-01   2.9223614542651802E-03   1.6548054382367477E-03   4.9478682603278768E-05
      84   7.2062299212598433E+01       27   7.8240000000000010E-01   3.0648570213188410E-03   1.8761514900346437E-03   5.6096929552035855E-05
      84   7.2062299212598433E+01       28   8.1230000000000013E-01   2.1796933909726955E-03   1.4382299019699884E-03   4.3003074068902658E-05
      84   7.2062299212598433E+01       29   8.4220000000000006E-01   2.2982803565919988E-03   1.6301721874862046E-03   4.8742148405837527E-05
      84   7.2062299212598433E+01       30   8.7210000000000010E-01   2.1552845423941729E-03   1.6392197846608900E-03   4.9012671561360623E-05
      84   7.2062299212598433E+01       31   9.0200000000000014E-01   1.8933591383577186E-03   1.5404445684043936E-03   4.6059292595291380E-05
      84   7.2062299212598433E+01       32   9.3190000000000006E-01   1.9897619889451107E-03   1.7279841461483386E-03   5.1666725969835336E-05
      84   7.2062299212598433E+01       33   9.6180000000000010E-01   1.7407391904790239E-03   1.6102868725827414E-03   4.8147577490223974E-05
      84   7.2062299212598433E+01       34   9.9170000000000014E-01   1.9282682244197435E-03   1.8963918102923565E-03   5.6702115127741474E-05
      84   7.2062299212598433E+01       35   1.0216000000000001E+00   1.7025275009567506E-03   1.7768710202289287E-03   5.3128443504844981E-05
      84   7.2062299212598433E+01       36   1.0515000000000001E+00   1.7706734216327382E-03   1.9577490526434360E-03   5.8536696674038747E-05
      84   7.2062299212598433E+01       37   1.0814000000000001E+00   1.6331583354528628E-03   1.9098577542689666E-03   5.7104746852642109E-05
      84   7.2062299212598433E+01       38   1.1113000000000002E+00   1.6449871157293741E-03   2.0315388381343829E-03   6.0743011260218063E-05
      84   7.2062299212598433E+01       39   1.1412000000000002E+00   1.6138599392280838E-03   2.1017902217728593E-03   6.2843527631008500E-05
      84   7.2062299212598433E+01       40   1.1711000000000000E+00   1.6171648262259370E-03   2.2179014696528305E-03   6.6315253942619650E-05
      84   7.2062299212598433E+01       41   1.2010000000000001E+00   1.5036945273854802E-03   2.1689304899953445E-03   6.4851021650860812E-05
      84   7.2062299212598433E+01       42   1.2309000000000001E+00   1.5411655403760494E-03   2.3350427348854058E-03   6.9817777773073647E-05
      84   7.2062299212598433E+01       43   1.2608000000000001E+00   1.5476801449142601E-03   2.4602181117533198E-03   7.3560521541424286E-05
      84   7.2062299212598433E+01       44   1.2907000000000002E+00   1.5207922475701824E-03   2.5334976751688544E-03   7.5751580487548763E-05
      84   7.2062299212598433E+01       45   1.3206000000000002E+00   1.4648563838034919E-03   2.5546866229994481E-03   7.6385130027683507E-05
      84   7.2062299212598433E+01       46   1.3505000000000000E+00   1.4552766552090074E-03   2.6542066914221119E-03   7.9360780073521158E-05
      84   7.2062299212598433E+01       47   1.3804000000000001E+00   1.4464137591062277E-03   2.7561474350581549E-03   8.2408808308238852E-05
      84   7.2062299212598433E+01       48   1.4103000000000001E+00   1.3903738871766664E-03   2.7653787065381320E-03   8.2684823325490165E-05
      84   7.2062299212598433E+01       49   1.4402000000000001E+00   1.3874905838885407E-03   2.8778997248272214E-03   8.6049201772333937E-05
      84   7.2062299212598433E+01       50   1.4701000000000002E+00   1.3363423090579567E-03   2.8880949936456253E-03   8.6354040310004216E-05
 
      85   7.2930519685039371E+01        1   5.0000000000000001E-03   7.8667163562395420E-02   1.9666790890598857E-06   5.8803704762890593E-08
      85   7.2930519685039371E+01        2   3.4900000000000000E-02   7.6900302534698539E-02   9.3665337490288176E-05   2.8005935909596169E-06
      85   7.2930519685039371E+01        3   6.4800000000000010E-02   7.9066057427972541E-02   3.3200153778235392E-04   9.9268459796923838E-06
      85   7.2930519685039371E+01        4   9.4700000000000006E-02   8.7495574231970394E-02   7.8466818431399145E-04   2.3461578710988349E-05
      85   7.2930519685039371E+01        5   1.2460000000000002E-01   9.0527337141429506E-02   1.4054513934946362E-03   4.2022996665489632E-05
      85   7.2930519685039371E+01        6   1.5450000000000003E-01   8.5200866210617260E-02   2.0337659766639874E-03   6.0809602702253238E-05
      85   7.2930519685039371E+01        7   1.8440000000000001E-01   8.1969676805841371E-02   2.7872444295126745E-03   8.3338608442428989E-05
      85   7.2930519685039371E+01        8   2.1430000000000002E-01   6.9517150721122384E-02   3.1925396931206779E-03   9.5456936824308289E-05
      85   7.2930519685039371E+01        9   2.4420000000000003E-01   4.6772655205078173E-02   2.7892236823437587E-03   8.3397788102078404E-05
      85   7.2930519685039371E+01       10   2.7410000000000001E-01   4.5097887987347242E-02   3.3882408537786683E-03   1.0130840152798221E-04
      85   7.2930519685039371E+01       11   3.0400000000000005E-01   5.0523074247994681E-02   4.6691404297026775E-03   1.3960729884811008E-04
      85   7.2930519685039371E+01       12   3.3390000000000003E-01   3.8167352743928587E-02   4.2552480052119313E-03   1.2723191535583678E-04
      85   7.2930519685039371E+01       13   3.6380000000000001E-01   3.1032440269380929E-02   4.1071571239262852E-03   1.2280399800539596E-04
      85   7.2930519685039371E+01       14   3.9370000000000005E-01   2.6558730720951669E-02   4.1165950285409862E-03   1.2308619135337551E-04
      85   7.2930519685039371E+01       15   4.2360000000000003E-01   1.8325268808308738E-02   3.2882305261457434E-03   9.8318092731757741E-05
      85   7.2930519685039371E+01       16   4.5350000000000007E-01   1.4548076940178649E-02   2.9919902366902572E-03   8.9460508077038707E-05
      85   7.2930519685039371E+01       17   4.8340000000000005E-01   1.0316506427856002E-02   2.4107154167728514E-03   7.2080390961508272E-05
      85   7.2930519685039371E+01       18   5.1330000000000009E-01   9.6584070472091939E-03   2.5447670511527624E-03   7.6088534829467613E-05
      85   7.2930519685039371E+01       19   5.4320000000000002E-01   9.0417710638536920E-03   2.6679213907521092E-03   7.9770849583488078E-05
      85   7.2930519685039371E+01       20   5.7310000000000005E-01   8.0834495386113044E-03   2.6549573477143316E-03   7.9383224696658532E-05
      85   7.2930519685039371E+01       21   6.0300000000000009E-01   6.1258322102663351E-03   2.2274077241427326E-03   6.6599490951867719E-05
      85   7.2930519685039371E+01       22   6.3290000000000002E-01   5.0237080808231841E-03   2.0123086159910095E-03   6.0168027618131195E-05
      85   7.2930519685039371E+01       23   6.6280000000000006E-01   4.1548565805100152E-03   1.8252444504673190E-03   5.4574809068972852E-05
      85   7.2930519685039371E+01       24   6.9270000000000009E-01   3.2105445301914164E-03   1.5405261446132521E-03   4.6061731723936249E-05
      85   7.2930519685039371E+01       25   7.2260000000000002E-01   2.2799211938466070E-03   1.1904625841071134E-03   3.5594831264802698E-05
      85   7.2930519685039371E+01       26   7.5250000000000006E-01   3.0826484396468735E-03   1.7455689455027903E-03   5.2192511470533438E-05
      85   7.2930519685039371E+01       27   7.8240000000000010E-01   3.2719034816906878E-03   2.0028949310601195E-03   5.9886558438697583E-05
      85   7.2930519685039371E+01       28   8.1230000000000013E-01   2.3273285825979855E-03   1.5356442209095008E-03   4.5915762205194085E-05
      85   7.2930519685039371E+01       29   8.4220000000000006E-01   2.3583436606081690E-03   1.6727751394780496E-03   5.0015976670393690E-05
      85   7.2930519685039371E+01       30   8.7210000000000010E-01   2.1879714542236465E-03   1.6640800903497245E-03   4.9755994701456776E-05
      85   7.2930519685039371E+01       31   9.0200000000000014E-01   1.9911350865158416E-03   1.6199954709296353E-03   4.8437864580796107E-05
      85   7.2930519685039371E+01       32   9.3190000000000006E-01   2.1354375793108263E-03   1.8544943076808796E-03   5.5449379799658314E-05
      85   7.2930519685039371E+01       33   9.6180000000000010E-01   1.8553548572077881E-03   1.7163131541389452E-03   5.1317763308754471E-05
      85   7.2930519685039371E+01       34   9.9170000000000014E-01   2.0087932630278066E-03   1.9755856806294354E-03   5.9070011850820132E-05
      85   7.2930519685039371E+01       35   1.0216000000000001E+00   1.7988479163306803E-03   1.8773974168000091E-03   5.6134182762320280E-05
      85   7.2930519685039371E+01       36   1.0515000000000001E+00   1.9006938666373005E-03   2.1015064502087314E-03   6.2835042861241077E-05
      85   7.2930519685039371E+01       37   1.0814000000000001E+00   1.7439759491477288E-03   2.0394507485489944E-03   6.0979577381614945E-05
      85   7.2930519685039371E+01       38   1.1113000000000002E+00   1.7264784089212220E-03   2.1321795820684959E-03   6.3752169503848046E-05
      85   7.2930519685039371E+01       39   1.1412000000000002E+00   1.7024755981157910E-03   2.2171977121125891E-03   6.6294211592166435E-05
      85   7.2930519685039371E+01       40   1.1711000000000000E+00   1.7107501169713391E-03   2.3462513759307919E-03   7.0152916140330687E-05
      85   7.2930519685039371E+01       41   1.2010000000000001E+00   1.5595915369243964E-03   2.2495563924512865E-03   6.7261736134293488E-05
      85   7.2930519685039371E+01       42   1.2309000000000001E+00   1.5839488531086121E-03   2.3998643656273732E-03   7.1755944532258471E-05
      85   7.2930519685039371E+01       43   1.2608000000000001E+00   1.6165236483671162E-03   2.5696528903978774E-03   7.6832621422896552E-05
      85   7.2930519685039371E+01       44   1.2907000000000002E+00   1.5931604555323305E-03   2.6540563424826665E-03   7.9356284640231744E-05
      85   7.2930519685039371E+01       45   1.3206000000000002E+00   1.5238471177287424E-03   2.6575655403500067E-03   7.9461209656465220E-05
      85   7.2930519685039371E+01       46   1.3505000000000000E+00   1.5121390548114093E-03   2.7579151931525527E-03   8.2461664275261339E-05
      85   7.2930519685039371E+01       47   1.3804000000000001E+00   1.5007698929595211E-03   2.8597232742371224E-03   8.5505725899689982E-05
      85   7.2930519685039371E+01       48   1.4103000000000001E+00   1.4374615874483986E-03   2.8590336038806859E-03   8.5485104756032528E-05
      85   7.2930519685039371E+01       49   1.4402000000000001E+00   1.4450361581517044E-03   2.9972593761719165E-03   8.9618055347540321E-05
      85   7.2930519685039371E+01       50   1.4701000000000002E+00   1.4033713267147013E-03   3.0329577051015663E-03   9.0685435382536857E-05
 
      86   7.3798740157480324E+01        1   5.0000000000000001E-03   8.3037868198256287E-02   2.0759467049564073E-06   6.2070806478196591E-08
      86   7.3798740157480324E+01        2   3.4900000000000000E-02   8.1420406662622333E-02   9.9170869519140637E-05   2.9652089986223056E-06
      86   7.3798740157480324E+01        3   6.4800000000000010E-02   8.3842265732274990E-02   3.5205702750045208E-04   1.0526505122263519E-05
      86   7.3798740157480324E+01        4   9.4700000000000006E-02   9.2803658151926774E-02   8.3227155863571309E-04   2.4884919603207827E-05
      86   7.3798740157480324E+01        5   1.2460000000000002E-01   9.6647743923321580E-02   1.5004716880485957E-03   4.4864103472653022E-05
      86   7.3798740157480324E+01        6   1.5450000000000003E-01   9.1911161773053987E-02   2.1939424093132430E-03   6.5598878038465981E-05
      86   7.3798740157480324E+01        7   1.8440000000000001E-01   8.8262860867963894E-02   3.0012338327232890E-03   8.9736891598426365E-05
      86   7.3798740157480324E+01        8   2.1430000000000002E-01   7.4054419750437167E-02   3.4009114592847547E-03   1.0168725263261419E-04
      86   7.3798740157480324E+01        9   2.4420000000000003E-01   4.9868275839318257E-02   2.9738268088226037E-03   8.8917421583795871E-05
      86   7.3798740157480324E+01       10   2.7410000000000001E-01   4.7833086820792819E-02   3.5937385576464897E-03   1.0745278287363006E-04
      86   7.3798740157480324E+01       11   3.0400000000000005E-01   5.2729425788534991E-02   4.8730426136732513E-03   1.4570397414883024E-04
      86   7.3798740157480324E+01       12   3.3390000000000003E-01   3.9485834057564631E-02   4.4022444452689758E-03   1.3162710891354240E-04
      86   7.3798740157480324E+01       13   3.6380000000000001E-01   3.1933544145235325E-02   4.2264186183813193E-03   1.2636991668960146E-04
      86   7.3798740157480324E+01       14   3.9370000000000005E-01   2.7155992533569977E-02   4.2091704243456627E-03   1.2585419568793534E-04
      86   7.3798740157480324E+01       15   4.2360000000000003E-01   1.8816973889279914E-02   3.3764605910917649E-03   1.0095617167364379E-04
      86   7.3798740157480324E+01       16   4.5350000000000007E-01   1.5053517411943929E-02   3.0959402613545666E-03   9.2568613814501558E-05
      86   7.3798740157480324E+01       17   4.8340000000000005E-01   1.0772781631909962E-02   2.5173357805942749E-03   7.5268339839768832E-05
      86   7.3798740157480324E+01       18   5.1330000000000009E-01   1.0122188109209694E-02   2.6669626430095511E-03   7.9742183025985599E-05
      86   7.3798740157480324E+01       19   5.4320000000000002E-01   9.4421752567725135E-03   2.7860671504369005E-03   8.3303407798063342E-05
      86   7.3798740157480324E+01       20   5.7310000000000005E-01   8.4709032697623341E-03   2.7822140498815454E-03   8.3188200091458231E-05
      86   7.3798740157480324E+01       21   6.0300000000000009E-01   6.4674102217903073E-03   2.3516085633349527E-03   7.0313096043715098E-05
      86   7.3798740157480324E+01       22   6.3290000000000002E-01   5.3727510297956645E-03   2.1521221008249333E-03   6.4348450814665520E-05
      86   7.3798740157480324E+01       23   6.6280000000000006E-01   4.4550025767971400E-03   1.9570997391968790E-03   5.8517282201986696E-05
      86   7.3798740157480324E+01       24   6.9270000000000009E-01   3.4155970707687284E-03   1.6389171797813221E-03   4.9003623675461541E-05
      86   7.3798740157480324E+01       25   7.2260000000000002E-01   2.3856416378047179E-03   1.2456645942673782E-03   3.7245371368594615E-05
      86   7.3798740157480324E+01       26   7.5250000000000006E-01   3.2037001116356134E-03   1.8141152113393642E-03   5.4242044819046999E-05
      86   7.3798740157480324E+01       27   7.8240000000000010E-01   3.4382287040938980E-03   2.1047108760361912E-03   6.2930855193482133E-05
      86   7.3798740157480324E+01       28   8.1230000000000013E-01   2.4890824018305420E-03   1.6423744521161454E-03   4.9106996118272754E-05
      86   7.3798740157480324E+01       29   8.4220000000000006E-01   2.4566471843970633E-03   1.7425019114764722E-03   5.2100807153146532E-05
      86   7.3798740157480324E+01       30   8.7210000000000010E-01   2.2294816744315733E-03   1.6956510374298154E-03   5.0699966019151489E-05
      86   7.3798740157480324E+01       31   9.0200000000000014E-01   2.0638363099220046E-03   1.6791454770977831E-03   5.0206449765223729E-05
      86   7.3798740157480324E+01       32   9.3190000000000006E-01   2.2623982976639734E-03   1.9647517704913697E-03   5.8746077937691968E-05
      86   7.3798740157480324E+01       33   9.6180000000000010E-01   1.9726523862438829E-03   1.8248203172029531E-03   5.4562127484368308E-05
      86   7.3798740157480324E+01       34   9.9170000000000014E-01   2.0747022502834484E-03   2.0404051191667658E-03   6.1008113063086308E-05
      86   7.3798740157480324E+01       35   1.0216000000000001E+00   1.8562790996641287E-03   1.9373364223463586E-03   5.7926359028156137E-05
      86   7.3798740157480324E+01       36   1.0515000000000001E+00   2.0034119239283662E-03   2.2150769013682273E-03   6.6230799350910016E-05
      86   7.3798740157480324E+01       37   1.0814000000000001E+00   1.8573290563440878E-03   2.1720088147510795E-03   6.4943063561057288E-05
      86   7.3798740157480324E+01       38   1.1113000000000002E+00   1.8107375808437784E-03   2.2362386221624468E-03   6.6863534802657170E-05
      86   7.3798740157480324E+01       39   1.1412000000000002E+00   1.7802825808791577E-03   2.3185286588587560E-03   6.9324006899876818E-05
      86   7.3798740157480324E+01       40   1.1711000000000000E+00   1.8068439351063888E-03   2.4780416653372613E-03   7.4093445793584132E-05
      86   7.3798740157480324E+01       41   1.2010000000000001E+00   1.6368181580041466E-03   2.3609481479233397E-03   7.0592349622907873E-05
      86   7.3798740157480324E+01       42   1.2309000000000001E+00   1.6244619264249344E-03   2.4612463230075489E-03   7.3591265057925729E-05
      86   7.3798740157480324E+01       43   1.2608000000000001E+00   1.6592706657041221E-03   2.6376042604671504E-03   7.8864367387967822E-05
      86   7.3798740157480324E+01       44   1.2907000000000002E+00   1.6427101660384702E-03   2.7366015267924660E-03   8.1824385651094753E-05
      86   7.3798740157480324E+01       45   1.3206000000000002E+00   1.5613828434635003E-03   2.7230272589726739E-03   8.1418515043282964E-05
      86   7.3798740157480324E+01       46   1.3505000000000000E+00   1.5437146063962751E-03   2.8155042708044977E-03   8.4183577697054504E-05
      86   7.3798740157480324E+01       47   1.3804000000000001E+00   1.5377823591393952E-03   2.9302506825147319E-03   8.7614495407190509E-05
      86   7.3798740157480324E+01       48   1.4103000000000001E+00   1.4685462128017520E-03   2.9208592479363529E-03   8.7333691513296968E-05
      86   7.3798740157480324E+01       49   1.4402000000000001E+00   1.4765995806210225E-03   3.0627274707981733E-03   9.1575551376865406E-05
      86   7.3798740157480324E+01       50   1.4701000000000002E+00   1.4451925888589652E-03   3.1233415663383889E-03   9.3387912833517846E-05
 
      87   7.4666960629921263E+01        1   5.0000000000000001E-03   8.0466861934773676E-02   2.0116715483693418E-06   6.0148979296243336E-08
      87   7.4666960629921263E+01        2   3.4900000000000000E-02   7.9790899345316427E-02   9.7186113311588859E-05   2.9058647880165076E-06
      87   7.4666960629921263E+01        3   6.4800000000000010E-02   8.3779377772399258E-02   3.5179295844141545E-04   1.0518609457398324E-05
      87   7.4666960629921263E+01        4   9.4700000000000006E-02   9.4167920516859682E-02   8.4450638630804433E-04   2.5250740950610530E-05
      87   7.4666960629921263E+01        5   1.2460000000000002E-01   9.9160823261948777E-02   1.5394876468734771E-03   4.6030680641516976E-05
      87   7.4666960629921263E+01        6   1.5450000000000003E-01   9.5277634928602500E-02   2.2743009651544749E-03   6.8001598858118817E-05
      87   7.4666960629921263E+01        7   1.8440000000000001E-01   9.1607951778566399E-02   3.1149781631892338E-03   9.3137847079358113E-05
      87   7.4666960629921263E+01        8   2.1430000000000002E-01   7.6455135576825844E-02   3.5111631092465830E-03   1.0498377696647286E-04
      87   7.4666960629921263E+01        9   2.4420000000000003E-01   5.1952023773621500E-02   3.0980882829875866E-03   9.2632839661328860E-05
      87   7.4666960629921263E+01       10   2.7410000000000001E-01   5.0275735411708954E-02   3.7772567248273775E-03   1.1293997607233861E-04
      87   7.4666960629921263E+01       11   3.0400000000000005E-01   5.4777456010279592E-02   5.0623133746460006E-03   1.5136316990191546E-04
      87   7.4666960629921263E+01       12   3.3390000000000003E-01   4.0673102554894390E-02   4.5346120720941583E-03   1.3558490095561535E-04
      87   7.4666960629921263E+01       13   3.6380000000000001E-01   3.2718389073509102E-02   4.3302931899701228E-03   1.2947576638010669E-04
      87   7.4666960629921263E+01       14   3.9370000000000005E-01   2.7609065445795597E-02   4.2793965852880311E-03   1.2795395790011216E-04
      87   7.4666960629921263E+01       15   4.2360000000000003E-01   1.9173399862324615E-02   3.4404165841599482E-03   1.0286845586638248E-04
      87   7.4666960629921263E+01       16   4.5350000000000007E-01   1.5416682052605794E-02   3.1706295184735270E-03   9.4801822602358479E-05
      87   7.4666960629921263E+01       17   4.8340000000000005E-01   1.1080581748336328E-02   2.5892611451682713E-03   7.7418908240531323E-05
      87   7.4666960629921263E+01       18   5.1330000000000009E-01   1.0437838460078071E-02   2.7501292157837598E-03   8.2228863551934441E-05
      87   7.4666960629921263E+01       19   5.4320000000000002E-01   9.7282970008901928E-03   2.8704920176559462E-03   8.5827711327912808E-05
      87   7.4666960629921263E+01       20   5.7310000000000005E-01   8.7891976366916910E-03   2.8867558007984878E-03   8.6313998443874804E-05
      87   7.4666960629921263E+01       21   6.0300000000000009E-01   6.7836521594278913E-03   2.4665969780374168E-03   7.3751249643318773E-05
      87   7.4666960629921263E+01       22   6.3290000000000002E-01   5.7331391733259299E-03   2.2964800441328424E-03   6.8664753319571997E-05
      87   7.4666960629921263E+01       23   6.6280000000000006E-01   4.7863576109975986E-03   2.1026652781244715E-03   6.2869691815921713E-05
      87   7.4666960629921263E+01       24   6.9270000000000009E-01   3.6472376550900549E-03   1.7500660434537469E-03   5.2326974699267044E-05
      87   7.4666960629921263E+01       25   7.2260000000000002E-01   2.4937024659751252E-03   1.3020886378227860E-03   3.8932450270901306E-05
      87   7.4666960629921263E+01       26   7.5250000000000006E-01   3.2739041618417885E-03   1.8538686935439246E-03   5.5430673936963361E-05
      87   7.4666960629921263E+01       27   7.8240000000000010E-01   3.5400708899357954E-03   2.1670535456571839E-03   6.4794901015149809E-05
      87   7.4666960629921263E+01       28   8.1230000000000013E-01   2.6447246050004744E-03   1.7450720478122039E-03   5.2177654229584907E-05
      87   7.4666960629921263E+01       29   8.4220000000000006E-01   2.6003257071488886E-03   1.8444132083543011E-03   5.5147954929793611E-05
      87   7.4666960629921263E+01       30   8.7210000000000010E-01   2.2993289991270118E-03   1.7487740076429319E-03   5.2288342828523672E-05
      87   7.4666960629921263E+01       31   9.0200000000000014E-01   2.1079952316573969E-03   1.7150733524573852E-03   5.1280693238475830E-05
      87   7.4666960629921263E+01       32   9.3190000000000006E-01   2.3428903941511126E-03   2.0346541343885505E-03   6.0836158618217673E-05
      87   7.4666960629921263E+01       33   9.6180000000000010E-01   2.0784251832767606E-03   1.9226664204388612E-03   5.7487725971121963E-05
      87   7.4666960629921263E+01       34   9.9170000000000014E-01   2.1465716518325028E-03   2.1110864397331786E-03   6.3121484548022048E-05
      87   7.4666960629921263E+01       35   1.0216000000000001E+00   1.8957609804608477E-03   1.9785423410598004E-03   5.9158415997688044E-05
      87   7.4666960629921263E+01       36   1.0515000000000001E+00   2.0709993542440061E-03   2.2898050957684325E-03   6.8465172363476142E-05
      87   7.4666960629921263E+01       37   1.0814000000000001E+00   1.9514144040889288E-03   2.2820346628595243E-03   6.8232836419499789E-05
      87   7.4666960629921263E+01       38   1.1113000000000002E+00   1.8922264877713172E-03   2.3368764190895130E-03   6.9872604930776449E-05
      87   7.4666960629921263E+01       39   1.1412000000000002E+00   1.8467331021541386E-03   2.4050696606226804E-03   7.1911582852618162E-05
      87   7.4666960629921263E+01       40   1.1711000000000000E+00   1.8924231188964303E-03   2.5954113943973370E-03   7.7602800692480397E-05
      87   7.4666960629921263E+01       41   1.2010000000000001E+00   1.7290207078591497E-03   2.4939411980367458E-03   7.4568841821298713E-05
      87   7.4666960629921263E+01       42   1.2309000000000001E+00   1.6822626264170284E-03   2.5488210195939373E-03   7.6209748485858743E-05
      87   7.4666960629921263E+01       43   1.2608000000000001E+00   1.6941372741154481E-03   2.6930288013781584E-03   8.0521561161206950E-05
      87   7.4666960629921263E+01       44   1.2907000000000002E+00   1.6769007287889106E-03   2.7935598071751767E-03   8.3527438234537799E-05
      87   7.4666960629921263E+01       45   1.3206000000000002E+00   1.5880643647234207E-03   2.7695594147509823E-03   8.2809826501054390E-05
      87   7.4666960629921263E+01       46   1.3505000000000000E+00   1.5621569823561754E-03   2.8491404028095561E-03   8.5189298044005749E-05
      87   7.4666960629921263E+01       47   1.3804000000000001E+00   1.5639110816464599E-03   2.9800390719474292E-03   8.9103168251228153E-05
      87   7.4666960629921263E+01       48   1.4103000000000001E+00   1.4956116864610746E-03   2.9746910159450606E-03   8.8943261376757334E-05
      87   7.4666960629921263E+01       49   1.4402000000000001E+00   1.4969755991250176E-03   3.1049909201697570E-03   9.2839228513075754E-05
      87   7.4666960629921263E+01       50   1.4701000000000002E+00   1.4673213620503521E-03   3.1711661384082627E-03   9.4817867538407076E-05
 
      88   7.5535181102362202E+01        1   5.0000000000000001E-03   7.2013861392757159E-02   1.8003465348189290E-06   5.3830361391085990E-08
      88   7.5535181102362202E+01        2   3.4900000000000000E-02   7.2712673577367590E-02   8.8564763543969507E-05   2.6480864299646887E-06
      88   7.5535181102362202E+01        3   6.4800000000000010E-02   7.9056833211959596E-02   3.3196280493034692E-04   9.9256878674173745E-06
      88   7.5535181102362202E+01        4   9.4700000000000006E-02   9.1402895042693902E-02   8.1970938900343294E-04   2.4509310731202649E-05
      88   7.5535181102362202E+01        5   1.2460000000000002E-01   9.7641907811927733E-02   1.5159062414854285E-03   4.5325596620414318E-05
      88   7.5535181102362202E+01        6   1.5450000000000003E-01   9.4673290812858926E-02   2.2598751200256467E-03   6.7570266088766857E-05
      88   7.5535181102362202E+01        7   1.8440000000000001E-01   9.1318764407195691E-02   3.1051448208930621E-03   9.2843830144702578E-05
      88   7.5535181102362202E+01        8   2.1430000000000002E-01   7.6138370242706033E-02   3.4966158228274514E-03   1.0454881310254081E-04
      88   7.5535181102362202E+01        9   2.4420000000000003E-01   5.2458765083744779E-02   3.1283071118486066E-03   9.3536382644273357E-05
      88   7.5535181102362202E+01       10   2.7410000000000001E-01   5.1841217649058829E-02   3.8948726733600857E-03   1.1645669293346659E-04
      88   7.5535181102362202E+01       11   3.0400000000000005E-01   5.6181314355962006E-02   5.1920523475205860E-03   1.5524236519086555E-04
      88   7.5535181102362202E+01       12   3.3390000000000003E-01   4.1449457432397946E-02   4.6211672640666763E-03   1.3817290119559365E-04
      88   7.5535181102362202E+01       13   3.6380000000000001E-01   3.3255556167988046E-02   4.4013874912779321E-03   1.3160148598921021E-04
      88   7.5535181102362202E+01       14   3.9370000000000005E-01   2.7867033759182761E-02   4.3193815938928643E-03   1.2914950965739667E-04
      88   7.5535181102362202E+01       15   4.2360000000000003E-01   1.9375248252100279E-02   3.4766356456021885E-03   1.0395140580350546E-04
      88   7.5535181102362202E+01       16   4.5350000000000007E-01   1.5629778247726732E-02   3.2144553614285383E-03   9.6112215306713312E-05
      88   7.5535181102362202E+01       17   4.8340000000000005E-01   1.1245717913607223E-02   2.6278494310642002E-03   7.8572697988819608E-05
      88   7.5535181102362202E+01       18   5.1330000000000009E-01   1.0591583418335423E-02   2.7906374592385872E-03   8.3440060031233769E-05
      88   7.5535181102362202E+01       19   5.4320000000000002E-01   9.8442669113316967E-03   2.9047108230830575E-03   8.6850853610183443E-05
      88   7.5535181102362202E+01       20   5.7310000000000005E-01   8.9485551728977816E-03   2.9390957652707219E-03   8.7878963381594606E-05
      88   7.5535181102362202E+01       21   6.0300000000000009E-01   6.9859226721168347E-03   2.5401443568857309E-03   7.5950316270883373E-05
      88   7.5535181102362202E+01       22   6.3290000000000002E-01   6.0201408078018655E-03   2.4114421105124622E-03   7.2102119104322632E-05
      88   7.5535181102362202E+01       23   6.6280000000000006E-01   5.0808224352533416E-03   2.2320248061649447E-03   6.6737541704331858E-05
      88   7.5535181102362202E+01       24   6.9270000000000009E-01   3.8682132654484346E-03   1.8560974975817663E-03   5.5497315177694823E-05
      88   7.5535181102362202E+01       25   7.2260000000000002E-01   2.6039969284605705E-03   1.3596789752333526E-03   4.0654401359477250E-05
      88   7.5535181102362202E+01       26   7.5250000000000006E-01   3.3080450150731609E-03   1.8732011650665220E-03   5.6008714835489023E-05
      88   7.5535181102362202E+01       27   7.8240000000000010E-01   3.5727993911841799E-03   2.1870882898415421E-03   6.5393939866262117E-05
      88   7.5535181102362202E+01       28   8.1230000000000013E-01   2.7556459037736897E-03   1.8182613914702100E-03   5.4366015604959295E-05
      88   7.5535181102362202E+01       29   8.4220000000000006E-01   2.7488672354184698E-03   1.9497738391307988E-03   5.8298237790010897E-05
      88   7.5535181102362202E+01       30   8.7210000000000010E-01   2.3831603758363877E-03   1.8125326662211257E-03   5.4194726720011672E-05
      88   7.5535181102362202E+01       31   9.0200000000000014E-01   2.1253544644186067E-03   1.7291968936688365E-03   5.1702987120698225E-05
      88   7.5535181102362202E+01       32   9.3190000000000006E-01   2.3647388754276079E-03   2.0536281772504396E-03   6.1403482499788152E-05
      88   7.5535181102362202E+01       33   9.6180000000000010E-01   2.1516680431290119E-03   1.9904204047092111E-03   5.9513570100805428E-05
      88   7.5535181102362202E+01       34   9.9170000000000014E-01   2.2245353159688675E-03   2.1877612779617021E-03   6.5414062211054905E-05
      88   7.5535181102362202E+01       35   1.0216000000000001E+00   1.9332634457947264E-03   2.0176824100463287E-03   6.0328704060385245E-05
      88   7.5535181102362202E+01       36   1.0515000000000001E+00   2.1013937839669643E-03   2.3234107653790884E-03   6.9469981884834759E-05
      88   7.5535181102362202E+01       37   1.0814000000000001E+00   1.9972657114888568E-03   2.3356543720329400E-03   6.9836065723784922E-05
      88   7.5535181102362202E+01       38   1.1113000000000002E+00   1.9415185431824521E-03   2.3977515007370625E-03   7.1692769872038181E-05
      88   7.5535181102362202E+01       39   1.1412000000000002E+00   1.8803892580002294E-03   2.4489013324675191E-03   7.3222149840778834E-05
      88   7.5535181102362202E+01       40   1.1711000000000000E+00   1.9365778553180769E-03   2.6559685208037091E-03   7.9413458772030924E-05
      88   7.5535181102362202E+01       41   1.2010000000000001E+00   1.7973547438240554E-03   2.5925062798465618E-03   7.7515937767412218E-05
      88   7.5535181102362202E+01       42   1.2309000000000001E+00   1.7438313504029362E-03   2.6421047051377886E-03   7.8998930683619897E-05
      88   7.5535181102362202E+01       43   1.2608000000000001E+00   1.7302605760258394E-03   2.7504510031866602E-03   8.2238484995281153E-05
      88   7.5535181102362202E+01       44   1.2907000000000002E+00   1.7059278443232781E-03   2.8419162673298595E-03   8.4973296393162822E-05
      88   7.5535181102362202E+01       45   1.3206000000000002E+00   1.6161661916439824E-03   2.8185685613878689E-03   8.4275199985497294E-05
      88   7.5535181102362202E+01       46   1.3505000000000000E+00   1.5818556134027815E-03   2.8850677559685667E-03   8.6263525903460168E-05
      88   7.5535181102362202E+01       47   1.3804000000000001E+00   1.5864869628374235E-03   3.0230575074724764E-03   9.0389419473427068E-05
      88   7.5535181102362202E+01       48   1.4103000000000001E+00   1.5250657961076281E-03   3.0332736521610044E-03   9.0694882199614057E-05
      88   7.5535181102362202E+01       49   1.4402000000000001E+00   1.5218982470627340E-03   3.1566848793755237E-03   9.4384877893328179E-05
      88   7.5535181102362202E+01       50   1.4701000000000002E+00   1.4849516267927115E-03   3.2092685609641644E-03   9.5957129972828537E-05
 
      89   7.6403401574803155E+01        1   5.0000000000000001E-03   6.1199681843317283E-02   1.5299920460829321E-06   4.5746762177879681E-08
      89   7.6403401574803155E+01        2   3.4900000000000000E-02   6.3011213583244657E-02   7.6748288256527823E-05   2.2947738188701825E-06
      89   7.6403401574803155E+01        3   6.4800000000000010E-02   7.1304924050572344E-02   2.9941222828531539E-04   8.9524256257309320E-06
      89   7.6403401574803155E+01        4   9.4700000000000006E-02   8.5204204276463774E-02   7.6411897232971213E-04   2.2847157272658397E-05
      89   7.6403401574803155E+01        5   1.2460000000000002E-01   9.2388869259493481E-02   1.4343519774727182E-03   4.2887124126434281E-05
      89   7.6403401574803155E+01        6   1.5450000000000003E-01   9.0316233362454493E-02   2.1558710694201304E-03   6.4460544975661918E-05
      89   7.6403401574803155E+01        7   1.8440000000000001E-01   8.7653798612909478E-02   2.9805236696022618E-03   8.9117657721107647E-05
      89   7.6403401574803155E+01        8   2.1430000000000002E-01   7.3278086304052886E-02   3.3652587416896141E-03   1.0062123637651948E-04
      89   7.6403401574803155E+01        9   2.4420000000000003E-01   5.1229605888920351E-02   3.0550078749217572E-03   9.1344735460160558E-05
      89   7.6403401574803155E+01       10   2.7410000000000001E-01   5.2053421866484414E-02   3.9108157481006862E-03   1.1693339086821055E-04
      89   7.6403401574803155E+01       11   3.0400000000000005E-01   5.6433394508241572E-02   5.2153485868736546E-03   1.5593892274752230E-04
      89   7.6403401574803155E+01       12   3.3390000000000003E-01   4.1502637880050132E-02   4.6270963101628648E-03   1.3835017967386970E-04
      89   7.6403401574803155E+01       13   3.6380000000000001E-01   3.3393459059580230E-02   4.4196389996574298E-03   1.3214720608975718E-04
      89   7.6403401574803155E+01       14   3.9370000000000005E-01   2.7849213867607220E-02   4.3166195162228213E-03   1.2906692353506239E-04
      89   7.6403401574803155E+01       15   4.2360000000000003E-01   1.9361388147216538E-02   3.4741486305165685E-03   1.0387704405244542E-04
      89   7.6403401574803155E+01       16   4.5350000000000007E-01   1.5647143039823608E-02   3.2180266436419641E-03   9.6218996644894752E-05
      89   7.6403401574803155E+01       17   4.8340000000000005E-01   1.1268744310153306E-02   2.6332301371718883E-03   7.8733581101439476E-05
      89   7.6403401574803155E+01       18   5.1330000000000009E-01   1.0603378770850689E-02   2.7937452620357631E-03   8.3532983334869341E-05
      89   7.6403401574803155E+01       19   5.4320000000000002E-01   9.7907910019917489E-03   2.8889318875835383E-03   8.6379063438747820E-05
      89   7.6403401574803155E+01       20   5.7310000000000005E-01   8.9018391235219443E-03   2.9237521773687837E-03   8.7420190103326649E-05
      89   7.6403401574803155E+01       21   6.0300000000000009E-01   6.9893805216639749E-03   2.5414016621017172E-03   7.5987909696841364E-05
      89   7.6403401574803155E+01       22   6.3290000000000002E-01   6.1306208382625842E-03   2.4556962577706809E-03   7.3425318107343373E-05
      89   7.6403401574803155E+01       23   6.6280000000000006E-01   5.2571151051320339E-03   2.3094708530065067E-03   6.9053178504894559E-05
      89   7.6403401574803155E+01       24   6.9270000000000009E-01   4.0344043384721922E-03   1.9358415069193860E-03   5.7881661056889652E-05
      89   7.6403401574803155E+01       25   7.2260000000000002E-01   2.7079312014810812E-03   1.4139483348810599E-03   4.2277055212943703E-05
      89   7.6403401574803155E+01       26   7.5250000000000006E-01   3.3200133555669462E-03   1.8799783126732560E-03   5.6211351548930369E-05
      89   7.6403401574803155E+01       27   7.8240000000000010E-01   3.5339843467167955E-03   2.1633276696864435E-03   6.4683497323624669E-05
      89   7.6403401574803155E+01       28   8.1230000000000013E-01   2.7774007010011176E-03   1.8326158873884723E-03   5.4795215032915336E-05
      89   7.6403401574803155E+01       29   8.4220000000000006E-01   2.8376646125025341E-03   2.0127578932863225E-03   6.0181461009261058E-05
      89   7.6403401574803155E+01       30   8.7210000000000010E-01   2.4482340524848429E-03   1.8620249982657291E-03   5.5674547448145311E-05
      89   7.6403401574803155E+01       31   9.0200000000000014E-01   2.1235463166406178E-03   1.7277257774040737E-03   5.1659000744381812E-05
      89   7.6403401574803155E+01       32   9.3190000000000006E-01   2.3344896468240565E-03   2.0273586094576280E-03   6.0618022422783087E-05
      89   7.6403401574803155E+01       33   9.6180000000000010E-01   2.1684382386026524E-03   2.0059338289887085E-03   5.9977421486762394E-05
      89   7.6403401574803155E+01       34   9.9170000000000014E-01   2.2740922114455647E-03   2.2364989429480156E-03   6.6871318394145688E-05
      89   7.6403401574803155E+01       35   1.0216000000000001E+00   1.9559841297098054E-03   2.0413952280688265E-03   6.1037717319257926E-05
      89   7.6403401574803155E+01       36   1.0515000000000001E+00   2.0910976239837914E-03   2.3120267929273332E-03   6.9129601108527274E-05
      89   7.6403401574803155E+01       37   1.0814000000000001E+00   1.9815185406080516E-03   2.3172392216083706E-03   6.9285452726090298E-05
      89   7.6403401574803155E+01       38   1.1113000000000002E+00   1.9359382462524810E-03   2.3908599027220034E-03   7.1486711091387921E-05
      89   7.6403401574803155E+01       39   1.1412000000000002E+00   1.8644661977114821E-03   2.4281641348941063E-03   7.2602107633333799E-05
      89   7.6403401574803155E+01       40   1.1711000000000000E+00   1.9199098841863286E-03   2.6331088115955207E-03   7.8729953466706085E-05
      89   7.6403401574803155E+01       41   1.2010000000000001E+00   1.8080552411112642E-03   2.6079406878341291E-03   7.7977426566240476E-05
      89   7.6403401574803155E+01       42   1.2309000000000001E+00   1.7768586704209693E-03   2.6921448868317201E-03   8.0495132116268454E-05
      89   7.6403401574803155E+01       43   1.2608000000000001E+00   1.7556424555768462E-03   2.7907984612754165E-03   8.3444873992134967E-05
      89   7.6403401574803155E+01       44   1.2907000000000002E+00   1.7259291823625072E-03   2.8752366261780953E-03   8.5969575122725068E-05
      89   7.6403401574803155E+01       45   1.3206000000000002E+00   1.6444285762163059E-03   2.8678577180583065E-03   8.5748945769943379E-05
      89   7.6403401574803155E+01       46   1.3505000000000000E+00   1.6068030696482708E-03   2.9305681802787660E-03   8.7623988590335120E-05
      89   7.6403401574803155E+01       47   1.3804000000000001E+00   1.6068472212487916E-03   3.0618540645740134E-03   9.1549436530763022E-05
      89   7.6403401574803155E+01       48   1.4103000000000001E+00   1.5507465051015899E-03   3.0843511979029726E-03   9.2222100817298898E-05
      89   7.6403401574803155E+01       49   1.4402000000000001E+00   1.5505425340188142E-03   3.2160981730627097E-03   9.6161335374575038E-05
      89   7.6403401574803155E+01       50   1.4701000000000002E+00   1.5050532146190128E-03   3.2527119921658557E-03   9.7256088565759102E-05
 
      90   7.7271622047244094E+01        1   5.0000000000000001E-03   5.1355255391231154E-02   1.2838813847807790E-06   3.8388053404945302E-08
      90   7.7271622047244094E+01        2   3.4900000000000000E-02   5.3573590087612158E-02   6.5253168462612492E-05   1.9510697370321140E-06
      90   7.7271622047244094E+01        3   6.4800000000000010E-02   6.2580239695194440E-02   2.6277692968970932E-04   7.8570301977223112E-06
      90   7.7271622047244094E+01        4   9.4700000000000006E-02   7.6957905807407620E-02   6.9016542549235431E-04   2.0635946222221397E-05
      90   7.7271622047244094E+01        5   1.2460000000000002E-01   8.4514539963358698E-02   1.3121017552575383E-03   3.9231842482200408E-05
      90   7.7271622047244094E+01        6   1.5450000000000003E-01   8.3222746503871001E-02   1.9865477647340274E-03   5.9397778165547428E-05
      90   7.7271622047244094E+01        7   1.8440000000000001E-01   8.1554047692092901E-02   2.7731116431314044E-03   8.2916038129629015E-05
      90   7.7271622047244094E+01        8   2.1430000000000002E-01   6.8568748097312768E-02   3.1489847863075595E-03   9.4154645110596053E-05
      90   7.7271622047244094E+01        9   2.4420000000000003E-01   4.8516699585204284E-02   2.8932273970522222E-03   8.6507499171861469E-05
      90   7.7271622047244094E+01       10   2.7410000000000001E-01   5.0745531841420437E-02   3.8125529111267091E-03   1.1399533204268863E-04
      90   7.7271622047244094E+01       11   3.0400000000000005E-01   5.5250405788893293E-02   5.1060215013863644E-03   1.5267004289145234E-04
      90   7.7271622047244094E+01       12   3.3390000000000003E-01   4.0624017127926286E-02   4.5291395766189711E-03   1.3542127334090727E-04
      90   7.7271622047244094E+01       13   3.6380000000000001E-01   3.2984921945256603E-02   4.3655689328203681E-03   1.3053051109132902E-04
      90   7.7271622047244094E+01       14   3.9370000000000005E-01   2.7460128732662209E-02   4.2563114409227363E-03   1.2726371208358984E-04
      90   7.7271622047244094E+01       15   4.2360000000000003E-01   1.9070250907064587E-02   3.4219078492009128E-03   1.0231504469110731E-04
      90   7.7271622047244094E+01       16   4.5350000000000007E-01   1.5428056770070645E-02   3.1729688684604628E-03   9.4871769166967863E-05
      90   7.7271622047244094E+01       17   4.8340000000000005E-01   1.1143614016884029E-02   2.6039902458192257E-03   7.7859308349994871E-05
      90   7.7271622047244094E+01       18   5.1330000000000009E-01   1.0501429985495636E-02   2.7668841131311362E-03   8.2729834982620996E-05
      90   7.7271622047244094E+01       19   5.4320000000000002E-01   9.6170656009809622E-03   2.8376713867147934E-03   8.4846374462772334E-05
      90   7.7271622047244094E+01       20   5.7310000000000005E-01   8.6761432156975092E-03   2.8496237986406991E-03   8.5203751579356914E-05
      90   7.7271622047244094E+01       21   6.0300000000000009E-01   6.7755433867975005E-03   2.4636485553300533E-03   7.3663091804368607E-05
      90   7.7271622047244094E+01       22   6.3290000000000002E-01   6.0114412943764227E-03   2.4079574124489397E-03   7.1997926632223313E-05
      90   7.7271622047244094E+01       23   6.6280000000000006E-01   5.2645223778110175E-03   2.3127248963383112E-03   6.9150474400515521E-05
      90   7.7271622047244094E+01       24   6.9270000000000009E-01   4.1088389842095863E-03   1.9715577278735445E-03   5.8949576063418993E-05
      90   7.7271622047244094E+01       25   7.2260000000000002E-01   2.7880112557113934E-03   1.4557621960582586E-03   4.3527289662141941E-05
      90   7.7271622047244094E+01       26   7.5250000000000006E-01   3.3165089648298260E-03   1.8779939295159196E-03   5.6152018492526006E-05
      90   7.7271622047244094E+01       27   7.8240000000000010E-01   3.4369195684004050E-03   2.1039094889356118E-03   6.2906893719174808E-05
      90   7.7271622047244094E+01       28   8.1230000000000013E-01   2.7005070617893406E-03   1.7818790582345707E-03   5.3278183841213676E-05
      90   7.7271622047244094E+01       29   8.4220000000000006E-01   2.8342548773653518E-03   2.0103393652893416E-03   6.0109147022151327E-05
      90   7.7271622047244094E+01       30   8.7210000000000010E-01   2.4767387756459451E-03   1.8837045051906271E-03   5.6322764705199764E-05
      90   7.7271622047244094E+01       31   9.0200000000000014E-01   2.1173861568876667E-03   1.7227138467884337E-03   5.1509144018974180E-05
      90   7.7271622047244094E+01       32   9.3190000000000006E-01   2.2762827108158143E-03   1.9768095170652070E-03   5.9106604560249701E-05
      90   7.7271622047244094E+01       33   9.6180000000000010E-01   2.1229986904725794E-03   1.9638995551295598E-03   5.8720596698373851E-05
      90   7.7271622047244094E+01       34   9.9170000000000014E-01   2.2620147671550917E-03   2.2246211522176269E-03   6.6516172451307057E-05
      90   7.7271622047244094E+01       35   1.0216000000000001E+00   1.9460148883562358E-03   2.0309906642395370E-03   6.0726620860762169E-05
      90   7.7271622047244094E+01       36   1.0515000000000001E+00   2.0517321468685717E-03   2.2685022645825672E-03   6.7828217711018770E-05
      90   7.7271622047244094E+01       37   1.0814000000000001E+00   1.9286812045498137E-03   2.2554498691646227E-03   6.7437951088022234E-05
      90   7.7271622047244094E+01       38   1.1113000000000002E+00   1.8953563816642913E-03   2.3407417995183421E-03   6.9988179805598438E-05
      90   7.7271622047244094E+01       39   1.1412000000000002E+00   1.8205914772163314E-03   2.3710244437237364E-03   7.0893630867339732E-05
      90   7.7271622047244094E+01       40   1.1711000000000000E+00   1.8661748131389259E-03   2.5594124937464192E-03   7.6526433563017958E-05
      90   7.7271622047244094E+01       41   1.2010000000000001E+00   1.7714978659342910E-03   2.5552102933214878E-03   7.6400787770312497E-05
      90   7.7271622047244094E+01       42   1.2309000000000001E+00   1.7728398661556752E-03   2.6860559369708817E-03   8.0313072515429373E-05
      90   7.7271622047244094E+01       43   1.2608000000000001E+00   1.7613458966626021E-03   2.7998647461305935E-03   8.3715955909304763E-05
      90   7.7271622047244094E+01       44   1.2907000000000002E+00   1.7296063866630784E-03   2.8813625046874725E-03   8.6152738890155452E-05
      90   7.7271622047244094E+01       45   1.3206000000000002E+00   1.6611056270264574E-03   2.8969422338421362E-03   8.6618572791879889E-05
      90   7.7271622047244094E+01       46   1.3505000000000000E+00   1.6294925492995687E-03   2.9719503934131555E-03   8.8861316763053371E-05
      90   7.7271622047244094E+01       47   1.3804000000000001E+00   1.6212720985836562E-03   3.0893407283430875E-03   9.2371287777458344E-05
      90   7.7271622047244094E+01       48   1.4103000000000001E+00   1.5618409397116662E-03   3.1064174302414447E-03   9.2881881164219221E-05
      90   7.7271622047244094E+01       49   1.4402000000000001E+00   1.5684920792355449E-03   3.2533286896801491E-03   9.7274527821436478E-05
      90   7.7271622047244094E+01       50   1.4701000000000002E+00   1.5206186044258337E-03   3.2863518193796720E-03   9.8261919399452214E-05
 
      91   7.8139842519685047E+01        1   5.0000000000000001E-03   4.4035487980485052E-02   1.1008871995121265E-06   3.2916527265412587E-08
      91   7.8139842519685047E+01        2   3.4900000000000000E-02   4.6014714625390855E-02   5.6046382560872316E-05   1.6757868385700826E-06
      91   7.8139842519685047E+01        3   6.4800000000000010E-02   5.4546598722698930E-02   2.2904334990056177E-04   6.8483961620267982E-06
      91   7.8139842519685047E+01        4   9.4700000000000006E-02   6.8370596406506806E-02   6.1315366192722968E-04   1.8333294491624170E-05
      91   7.8139842519685047E+01        5   1.2460000000000002E-01   7.5723391332076881E-02   1.1756177661731071E-03   3.5150971208575910E-05
      91   7.8139842519685047E+01        6   1.5450000000000003E-01   7.4922521763717734E-02   1.7884193251303838E-03   5.3473737821398488E-05
      91   7.8139842519685047E+01        7   1.8440000000000001E-01   7.4252300491196771E-02   2.5248277044303408E-03   7.5492348362467211E-05
      91   7.8139842519685047E+01        8   2.1430000000000002E-01   6.2867333947805554E-02   2.8871502492126568E-03   8.6325792451458455E-05
      91   7.8139842519685047E+01        9   2.4420000000000003E-01   4.4797515076791819E-02   2.6714388869839762E-03   7.9876022720820904E-05
      91   7.8139842519685047E+01       10   2.7410000000000001E-01   4.8105821887513146E-02   3.6142293641245921E-03   1.0806545798732533E-04
      91   7.8139842519685047E+01       11   3.0400000000000005E-01   5.2734475026525979E-02   4.8735092440514265E-03   1.4571792639713767E-04
      91   7.8139842519685047E+01       12   3.3390000000000003E-01   3.8820304439771691E-02   4.3280450739496389E-03   1.2940854771109424E-04
      91   7.8139842519685047E+01       13   3.6380000000000001E-01   3.1921593806235778E-02   4.2248369857565806E-03   1.2632262587412179E-04
      91   7.8139842519685047E+01       14   3.9370000000000005E-01   2.6599091218068763E-02   4.1228508930823823E-03   1.2327324170316326E-04
      91   7.8139842519685047E+01       15   4.2360000000000003E-01   1.8455208081910843E-02   3.3115464343855135E-03   9.9015238388126879E-05
      91   7.8139842519685047E+01       16   4.5350000000000007E-01   1.4959344869401269E-02   3.0765725243670221E-03   9.1989518478573974E-05
      91   7.8139842519685047E+01       17   4.8340000000000005E-01   1.0863339156756704E-02   2.5384968609250512E-03   7.5901056141659048E-05
      91   7.8139842519685047E+01       18   5.1330000000000009E-01   1.0301381818517192E-02   2.7141760442454550E-03   8.1153863722939118E-05
      91   7.8139842519685047E+01       19   5.4320000000000002E-01   9.3809611541034559E-03   2.7680049353273678E-03   8.2763347566288311E-05
      91   7.8139842519685047E+01       20   5.7310000000000005E-01   8.3485934257838471E-03   2.7420421631867142E-03   8.1987060679282779E-05
      91   7.8139842519685047E+01       21   6.0300000000000009E-01   6.4035195330640624E-03   2.3283773338978915E-03   6.9618482283546971E-05
      91   7.8139842519685047E+01       22   6.3290000000000002E-01   5.6882306150487999E-03   2.2784913637997296E-03   6.8126891777611925E-05
      91   7.8139842519685047E+01       23   6.6280000000000006E-01   5.0955185592847117E-03   2.2384808698850418E-03   6.6930578009562764E-05
      91   7.8139842519685047E+01       24   6.9270000000000009E-01   4.0601086375577087E-03   1.9481752853167335E-03   5.8250441030970343E-05
      91   7.8139842519685047E+01       25   7.2260000000000002E-01   2.8158440144474455E-03   1.4702950921851848E-03   4.3961823256337031E-05
      91   7.8139842519685047E+01       26   7.5250000000000006E-01   3.2960976314244353E-03   1.8664358844042834E-03   5.5806432943688083E-05
      91   7.8139842519685047E+01       27   7.8240000000000010E-01   3.3137746773014530E-03   2.0285263734041623E-03   6.0652938564784467E-05
      91   7.8139842519685047E+01       28   8.1230000000000013E-01   2.5594253813845066E-03   1.6887889510576815E-03   5.0494789636624684E-05
      91   7.8139842519685047E+01       29   8.4220000000000006E-01   2.7518762933589681E-03   1.9519081664556028E-03   5.8362054177022536E-05
      91   7.8139842519685047E+01       30   8.7210000000000010E-01   2.4636421896841658E-03   1.8737437865951078E-03   5.6024939219193736E-05
      91   7.8139842519685047E+01       31   9.0200000000000014E-01   2.1112965448510193E-03   1.7177593140769692E-03   5.1361003490901387E-05
      91   7.8139842519685047E+01       32   9.3190000000000006E-01   2.2139630313129000E-03   1.9226887635417301E-03   5.7488394029897743E-05
      91   7.8139842519685047E+01       33   9.6180000000000010E-01   2.0346507049113071E-03   1.8821724347507184E-03   5.6276955799046491E-05
      91   7.8139842519685047E+01       34   9.9170000000000014E-01   2.1884883080249659E-03   2.1523101670712919E-03   6.4354073995431636E-05
      91   7.8139842519685047E+01       35   1.0216000000000001E+00   1.9013397452823349E-03   1.9843647113500910E-03   5.9332504869367735E-05
      91   7.8139842519685047E+01       36   1.0515000000000001E+00   2.0027594542038401E-03   2.2143554967492480E-03   6.6209229352802527E-05
      91   7.8139842519685047E+01       37   1.0814000000000001E+00   1.8714749852165047E-03   2.1885514312027974E-03   6.5437687792963659E-05
      91   7.8139842519685047E+01       38   1.1113000000000002E+00   1.8527088830512458E-03   2.2880726637219389E-03   6.8413372645285991E-05
      91   7.8139842519685047E+01       39   1.1412000000000002E+00   1.7805796921792874E-03   2.3189155980287623E-03   6.9335576381060013E-05
      91   7.8139842519685047E+01       40   1.1711000000000000E+00   1.8123821234852851E-03   2.4856371534072276E-03   7.4320550886876121E-05
      91   7.8139842519685047E+01       41   1.2010000000000001E+00   1.7169325969667410E-03   2.4765052947974247E-03   7.4047508314443018E-05
      91   7.8139842519685047E+01       42   1.2309000000000001E+00   1.7412746190379866E-03   2.6382309635815619E-03   7.8883105811088715E-05
      91   7.8139842519685047E+01       43   1.2608000000000001E+00   1.7425906937518741E-03   2.7700511634971238E-03   8.2824529788564017E-05
      91   7.8139842519685047E+01       44   1.2907000000000002E+00   1.7066156626412373E-03   2.8430621083296885E-03   8.5007557039057697E-05
      91   7.8139842519685047E+01       45   1.3206000000000002E+00   1.6443312000105116E-03   2.8676878954783653E-03   8.5743868074803143E-05
      91   7.8139842519685047E+01       46   1.3505000000000000E+00   1.6247630000951975E-03   2.9633244039143762E-03   8.8603399677039869E-05
      91   7.8139842519685047E+01       47   1.3804000000000001E+00   1.6121152910371940E-03   3.0718923934709842E-03   9.1849582564782446E-05
      91   7.8139842519685047E+01       48   1.4103000000000001E+00   1.5428190078605986E-03   3.0685838332620173E-03   9.1750656614534331E-05
      91   7.8139842519685047E+01       49   1.4402000000000001E+00   1.5518105300017092E-03   3.2187282199492469E-03   9.6239973776482502E-05
      91   7.8139842519685047E+01       50   1.4701000000000002E+00   1.5070782382715100E-03   3.2570884611537406E-03   9.7386944988496870E-05
 
      92   7.9008062992125986E+01        1   5.0000000000000001E-03   3.9622433326960416E-02   9.9056083317401043E-07   2.9617768911902919E-08
      92   7.9008062992125986E+01        2   3.4900000000000000E-02   4.1042173445075159E-02   4.9989777677835999E-05   1.4946943525672966E-06
      92   7.9008062992125986E+01        3   6.4800000000000010E-02   4.8466250631364623E-02   2.0351172505112536E-04   6.0850005790286499E-06
      92   7.9008062992125986E+01        4   9.4700000000000006E-02   6.1141122580715412E-02   5.4831909000488822E-04   1.6394740791146161E-05
      92   7.9008062992125986E+01        5   1.2460000000000002E-01   6.7826599371777221E-02   1.0530188075027411E-03   3.1485262344331962E-05
      92   7.9008062992125986E+01        6   1.5450000000000003E-01   6.7045534943189433E-02   1.6003936804776682E-03   4.7851771046282289E-05
      92   7.9008062992125986E+01        7   1.8440000000000001E-01   6.7022438207180540E-02   2.2789880944365146E-03   6.8141744023651808E-05
      92   7.9008062992125986E+01        8   2.1430000000000002E-01   5.7046710913272715E-02   2.6198411048694841E-03   7.8333249035597588E-05
      92   7.9008062992125986E+01        9   2.4420000000000003E-01   4.0640788376017346E-02   2.4235581433316037E-03   7.2464388485614964E-05
      92   7.9008062992125986E+01       10   2.7410000000000001E-01   4.4583516997504846E-02   3.3495957446713072E-03   1.0015291276567210E-04
      92   7.9008062992125986E+01       11   3.0400000000000005E-01   4.9314363656668435E-02   4.5574362316946710E-03   1.3626734332767068E-04
      92   7.9008062992125986E+01       12   3.3390000000000003E-01   3.6318856903442845E-02   4.0491606642678894E-03   1.2106990386160992E-04
      92   7.9008062992125986E+01       13   3.6380000000000001E-01   3.0200798334155798E-02   3.9970889478767877E-03   1.1951295954151598E-04
      92   7.9008062992125986E+01       14   3.9370000000000005E-01   2.5217699492850156E-02   3.9087356039049330E-03   1.1687119455675752E-04
      92   7.9008062992125986E+01       15   4.2360000000000003E-01   1.7493655657866307E-02   3.1390083905343310E-03   9.3856350876976512E-05
      92   7.9008062992125986E+01       16   4.5350000000000007E-01   1.4240126899949797E-02   2.9286565385292012E-03   8.7566830502023131E-05
      92   7.9008062992125986E+01       17   4.8340000000000005E-01   1.0414014817823504E-02   2.4335007444032061E-03   7.2761672257655878E-05
      92   7.9008062992125986E+01       18   5.1330000000000009E-01   9.9927387821533899E-03   2.6328557369041635E-03   7.8722386533434501E-05
      92   7.9008062992125986E+01       19   5.4320000000000002E-01   9.1046560534754333E-03   2.6864766281922354E-03   8.0325651182947856E-05
      92   7.9008062992125986E+01       20   5.7310000000000005E-01   7.9860752532665835E-03   2.6229753859145413E-03   7.8426964038844804E-05
      92   7.9008062992125986E+01       21   6.0300000000000009E-01   5.9636250828592014E-03   2.1684277527533520E-03   6.4835989807325239E-05
      92   7.9008062992125986E+01       22   6.3290000000000002E-01   5.2395993111085159E-03   2.0987865274919673E-03   6.2753717172009835E-05
      92   7.9008062992125986E+01       23   6.6280000000000006E-01   4.7748899507052498E-03   2.0976274909222273E-03   6.2719061978574610E-05
      92   7.9008062992125986E+01       24   6.9270000000000009E-01   3.8658299060083294E-03   1.8549538823803681E-03   5.5463121083173016E-05
      92   7.9008062992125986E+01       25   7.2260000000000002E-01   2.7543376110476261E-03   1.4381794769051024E-03   4.3001566359462567E-05
      92   7.9008062992125986E+01       26   7.5250000000000006E-01   3.2406698491176259E-03   1.8350495562494131E-03   5.4867981731857465E-05
      92   7.9008062992125986E+01       27   7.8240000000000010E-01   3.1888192382532447E-03   1.9520349313801068E-03   5.8365844448265207E-05
      92   7.9008062992125986E+01       28   8.1230000000000013E-01   2.3979039876020499E-03   1.5822120814356049E-03   4.7308141234924595E-05
      92   7.9008062992125986E+01       29   8.4220000000000006E-01   2.6163509935048235E-03   1.8557799574278062E-03   5.5487820727091417E-05
      92   7.9008062992125986E+01       30   8.7210000000000010E-01   2.3957329285459565E-03   1.8220948269195567E-03   5.4480635324894758E-05
      92   7.9008062992125986E+01       31   9.0200000000000014E-01   2.0831678275190714E-03   1.6948736771408271E-03   5.0676722946510742E-05
      92   7.9008062992125986E+01       32   9.3190000000000006E-01   2.1499383083681124E-03   1.8670872861666467E-03   5.5825909856382749E-05
      92   7.9008062992125986E+01       33   9.6180000000000010E-01   1.9287150452881154E-03   1.7841756739707900E-03   5.3346852651726636E-05
      92   7.9008062992125986E+01       34   9.9170000000000014E-01   2.0770457939838292E-03   2.0427099214884456E-03   6.1077026652504542E-05
      92   7.9008062992125986E+01       35   1.0216000000000001E+00   1.8257485442663404E-03   1.9054727026194594E-03   5.6973633808321851E-05
      92   7.9008062992125986E+01       36   1.0515000000000001E+00   1.9415759007524920E-03   2.1467077632127698E-03   6.4186562120061827E-05
      92   7.9008062992125986E+01       37   1.0814000000000001E+00   1.8061337653273793E-03   2.1121397124063859E-03   6.3152977400950954E-05
      92   7.9008062992125986E+01       38   1.1113000000000002E+00   1.8014383837545377E-03   2.2247542282303506E-03   6.6520151424087496E-05
      92   7.9008062992125986E+01       39   1.1412000000000002E+00   1.7374416935145730E-03   2.2627353672810342E-03   6.7655787481702936E-05
      92   7.9008062992125986E+01       40   1.1711000000000000E+00   1.7591766442940345E-03   2.4126671576602562E-03   7.2138748014041677E-05
      92   7.9008062992125986E+01       41   1.2010000000000001E+00   1.6469079469594897E-03   2.3755016696023154E-03   7.1027499921109239E-05
      92   7.9008062992125986E+01       42   1.2309000000000001E+00   1.6756105225915862E-03   2.5387423185703525E-03   7.5908395325253550E-05
      92   7.9008062992125986E+01       43   1.2608000000000001E+00   1.6826177263681453E-03   2.6747171365937715E-03   7.9974042384153780E-05
      92   7.9008062992125986E+01       44   1.2907000000000002E+00   1.6400119531920277E-03   2.7321065565001760E-03   8.1689986039355279E-05
      92   7.9008062992125986E+01       45   1.3206000000000002E+00   1.5725170479918514E-03   2.7424451375311592E-03   8.1999109612181675E-05
      92   7.9008062992125986E+01       46   1.3505000000000000E+00   1.5625352860681510E-03   2.8498303721292187E-03   8.5209928126663662E-05
      92   7.9008062992125986E+01       47   1.3804000000000001E+00   1.5545505490974782E-03   2.9622025382355292E-03   8.8569855893242346E-05
      92   7.9008062992125986E+01       48   1.4103000000000001E+00   1.4795644203137231E-03   2.9427738686860967E-03   8.7988938673714303E-05
      92   7.9008062992125986E+01       49   1.4402000000000001E+00   1.4829914768512054E-03   3.0759853888089853E-03   9.1971963125388678E-05
      92   7.9008062992125986E+01       50   1.4701000000000002E+00   1.4408533140063261E-03   3.1139635515191216E-03   9.3107510190421758E-05
 
      93   7.9876283464566939E+01        1   5.0000000000000001E-03   3.8379829886684043E-02   9.5949574716710119E-07   2.8688922840296333E-08
      93   7.9876283464566939E+01        2   3.4900000000000000E-02   3.9185280276933868E-02   4.7728063230108223E-05   1.4270690905802362E-06
      93   7.9876283464566939E+01        3   6.4800000000000010E-02   4.5354273438923239E-02   1.9044440834097627E-04   5.6942878093951917E-06
      93   7.9876283464566939E+01        4   9.4700000000000006E-02   5.6641895568590249E-02   5.0796961722971866E-04   1.5188291555168591E-05
      93   7.9876283464566939E+01        5   1.2460000000000002E-01   6.2274658923478721E-02   9.6682404373243523E-04   2.8908038907599820E-05
      93   7.9876283464566939E+01        6   1.5450000000000003E-01   6.0974728790646845E-02   1.4554820199149385E-03   4.3518912395456671E-05
      93   7.9876283464566939E+01        7   1.8440000000000001E-01   6.1049941193323479E-02   2.0759031283754080E-03   6.2069503538424707E-05
      93   7.9876283464566939E+01        8   2.1430000000000002E-01   5.1990759221657239E-02   2.3876491019674058E-03   7.1390708148825447E-05
      93   7.9876283464566939E+01        9   2.4420000000000003E-01   3.6669990169136628E-02   2.1867649925498335E-03   6.5384273277240039E-05
      93   7.9876283464566939E+01       10   2.7410000000000001E-01   4.0763522722858721E-02   3.0625964806217814E-03   9.1571634770591282E-05
      93   7.9876283464566939E+01       11   3.0400000000000005E-01   4.5578100812047079E-02   4.2121457646461438E-03   1.2594315836291973E-04
      93   7.9876283464566939E+01       12   3.3390000000000003E-01   3.3508968303909870E-02   3.7358884041179519E-03   1.1170306328312678E-04
      93   7.9876283464566939E+01       13   3.6380000000000001E-01   2.8004104563294122E-02   3.7063555607579853E-03   1.1082003126666379E-04
      93   7.9876283464566939E+01       14   3.9370000000000005E-01   2.3416971677064476E-02   3.6296233506837752E-03   1.0852573818544491E-04
      93   7.9876283464566939E+01       15   4.2360000000000003E-01   1.6229510087935262E-02   2.9121739524684367E-03   8.7074001178806280E-05
      93   7.9876283464566939E+01       16   4.5350000000000007E-01   1.3286230570712126E-02   2.7324760731914409E-03   8.1701034588424107E-05
      93   7.9876283464566939E+01       17   4.8340000000000005E-01   9.7884381583969501E-03   2.2873187681887765E-03   6.8390831168844431E-05
      93   7.9876283464566939E+01       18   5.1330000000000009E-01   9.5595120140511639E-03   2.5187104953798378E-03   7.5309443811857172E-05
      93   7.9876283464566939E+01       19   5.4320000000000002E-01   8.7817978857527654E-03   2.5912120825890184E-03   7.7477241269411666E-05
      93   7.9876283464566939E+01       20   5.7310000000000005E-01   7.6267807617779043E-03   2.5049674060768851E-03   7.4898525441698886E-05
      93   7.9876283464566939E+01       21   6.0300000000000009E-01   5.5409824405636531E-03   2.0147510842309100E-03   6.0241057418504218E-05
      93   7.9876283464566939E+01       22   6.3290000000000002E-01   4.7653054897014487E-03   1.9088022513410426E-03   5.7073187315097183E-05
      93   7.9876283464566939E+01       23   6.6280000000000006E-01   4.3602362091385424E-03   1.9154685099816049E-03   5.7272508448449999E-05
      93   7.9876283464566939E+01       24   6.9270000000000009E-01   3.5424433284715643E-03   1.6997822369390618E-03   5.0823488884477962E-05
      93   7.9876283464566939E+01       25   7.2260000000000002E-01   2.5850883099194067E-03   1.3498058256915340E-03   4.0359194188176875E-05
      93   7.9876283464566939E+01       26   7.5250000000000006E-01   3.1281257187055198E-03   1.7713207390027430E-03   5.2962490096182027E-05
      93   7.9876283464566939E+01       27   7.8240000000000010E-01   3.0667322395771033E-03   1.8772994044413867E-03   5.6131252192797470E-05
      93   7.9876283464566939E+01       28   8.1230000000000013E-01   2.2446914824260930E-03   1.4811176765012217E-03   4.4285418527386535E-05
      93   7.9876283464566939E+01       29   8.4220000000000006E-01   2.4493448585859458E-03   1.7373223656446930E-03   5.1945938732776332E-05
      93   7.9876283464566939E+01       30   8.7210000000000010E-01   2.2649394741503523E-03   1.7226187652060283E-03   5.1506301079660258E-05
      93   7.9876283464566939E+01       31   9.0200000000000014E-01   2.0074604429197135E-03   1.6332778462012510E-03   4.8835007601417416E-05
      93   7.9876283464566939E+01       32   9.3190000000000006E-01   2.0749193775024244E-03   1.8019380251408934E-03   5.3877946951712722E-05
      93   7.9876283464566939E+01       33   9.6180000000000010E-01   1.8239612588136350E-03   1.6872722158675850E-03   5.0449439254440801E-05
      93   7.9876283464566939E+01       34   9.9170000000000014E-01   1.9546326161244305E-03   1.9223203693376904E-03   5.7477379043196955E-05
      93   7.9876283464566939E+01       35   1.0216000000000001E+00   1.7249559034496714E-03   1.8002787939050110E-03   5.3828335937759842E-05
      93   7.9876283464566939E+01       36   1.0515000000000001E+00   1.8525729140037904E-03   2.0483014106573477E-03   6.1244212178654717E-05
      93   7.9876283464566939E+01       37   1.0814000000000001E+00   1.7122184723501782E-03   2.0023127307578410E-03   5.9869150649659460E-05
      93   7.9876283464566939E+01       38   1.1113000000000002E+00   1.7146502708034294E-03   2.1175719770974025E-03   6.3315402115212343E-05
      93   7.9876283464566939E+01       39   1.1412000000000002E+00   1.6648822018190288E-03   2.1682384246185580E-03   6.4830328896094903E-05
      93   7.9876283464566939E+01       40   1.1711000000000000E+00   1.6877354234298384E-03   2.3146872942728766E-03   6.9209150098759032E-05
      93   7.9876283464566939E+01       41   1.2010000000000001E+00   1.5545873499421962E-03   2.2423383481439741E-03   6.7045916609504843E-05
      93   7.9876283464566939E+01       42   1.2309000000000001E+00   1.5702308362665087E-03   2.3790799951460728E-03   7.1134491854867599E-05
      93   7.9876283464566939E+01       43   1.2608000000000001E+00   1.5766487897072360E-03   2.5062671515544838E-03   7.4937387831479081E-05
      93   7.9876283464566939E+01       44   1.2907000000000002E+00   1.5345419034526507E-03   2.5564033161387251E-03   7.6436459152547890E-05
      93   7.9876283464566939E+01       45   1.3206000000000002E+00   1.4604310266752964E-03   2.5469688693804606E-03   7.6154369194475789E-05
      93   7.9876283464566939E+01       46   1.3505000000000000E+00   1.4529072437128351E-03   2.6498852396724653E-03   7.9231568666206735E-05
      93   7.9876283464566939E+01       47   1.3804000000000001E+00   1.4562689615137115E-03   2.7749265642432576E-03   8.2970304270873417E-05
      93   7.9876283464566939E+01       48   1.4103000000000001E+00   1.3873710647810519E-03   2.7594062546754104E-03   8.2506247014794794E-05
      93   7.9876283464566939E+01       49   1.4402000000000001E+00   1.3839841196061258E-03   2.8706267006275207E-03   8.5831738348762893E-05
      93   7.9876283464566939E+01       50   1.4701000000000002E+00   1.3412620098063014E-03   2.8987274214339405E-03   8.6671949900874834E-05
 
      94   8.0744503937007877E+01        1   5.0000000000000001E-03   4.0547466229278468E-02   1.0136866557319617E-06   3.0309231006385663E-08
      94   8.0744503937007877E+01        2   3.4900000000000000E-02   4.0786193647785289E-02   4.9677991724938965E-05   1.4853719525756755E-06
      94   8.0744503937007877E+01        3   6.4800000000000010E-02   4.5761255677980957E-02   1.9215334304206920E-04   5.7453849569578699E-06
      94   8.0744503937007877E+01        4   9.4700000000000006E-02   5.5590359068056414E-02   4.9853934325464616E-04   1.4906326363313923E-05
      94   8.0744503937007877E+01        5   1.2460000000000002E-01   5.9894060260954340E-02   9.2986486860095817E-04   2.7802959571168654E-05
      94   8.0744503937007877E+01        6   1.5450000000000003E-01   5.7644556537238031E-02   1.3759899756830066E-03   4.1142100272921904E-05
      94   8.0744503937007877E+01        7   1.8440000000000001E-01   5.7281315078889873E-02   1.9477571779009210E-03   5.8237939619237551E-05
      94   8.0744503937007877E+01        8   2.1430000000000002E-01   4.8490745701190788E-02   2.2269127660468797E-03   6.6584691704801724E-05
      94   8.0744503937007877E+01        9   2.4420000000000003E-01   3.3486190690810359E-02   1.9969034406271367E-03   5.9707412874751399E-05
      94   8.0744503937007877E+01       10   2.7410000000000001E-01   3.7245843419156342E-02   2.7983103852143856E-03   8.3669480517910145E-05
      94   8.0744503937007877E+01       11   3.0400000000000005E-01   4.2124767472935573E-02   3.8930025107788151E-03   1.1640077507228659E-04
      94   8.0744503937007877E+01       12   3.3390000000000003E-01   3.0855097668880661E-02   3.4400104635763469E-03   1.0285631286093279E-04
      94   8.0744503937007877E+01       13   3.6380000000000001E-01   2.5696843220711200E-02   3.4009885068721447E-03   1.0168955635547715E-04
      94   8.0744503937007877E+01       14   3.9370000000000005E-01   2.1475369860019997E-02   3.3286756709384442E-03   9.9527402561059504E-05
      94   8.0744503937007877E+01       15   4.2360000000000003E-01   1.4809142286841982E-02   2.6573074721583738E-03   7.9453493417535400E-05
      94   8.0744503937007877E+01       16   4.5350000000000007E-01   1.2164457040518901E-02   2.5017696049814591E-03   7.4802911188945646E-05
      94   8.0744503937007877E+01       17   4.8340000000000005E-01   9.0183718389263666E-03   2.1073730897493491E-03   6.3010455383505557E-05
      94   8.0744503937007877E+01       18   5.1330000000000009E-01   9.0151723665688275E-03   2.3752895779574953E-03   7.1021158380929123E-05
      94   8.0744503937007877E+01       19   5.4320000000000002E-01   8.4181262679267968E-03   2.4839048657223930E-03   7.4268755485099570E-05
      94   8.0744503937007877E+01       20   5.7310000000000005E-01   7.3041336648993873E-03   2.3989960288220854E-03   7.1729981261780371E-05
      94   8.0744503937007877E+01       21   6.0300000000000009E-01   5.2068816577647012E-03   1.8932690326981659E-03   5.6608744077675177E-05
      94   8.0744503937007877E+01       22   6.3290000000000002E-01   4.3632076256312231E-03   1.7477369618532207E-03   5.2257335159411310E-05
      94   8.0744503937007877E+01       23   6.6280000000000006E-01   3.9409451682147776E-03   1.7312723456261979E-03   5.1765043134223329E-05
      94   8.0744503937007877E+01       24   6.9270000000000009E-01   3.1642693545103416E-03   1.5183217748208739E-03   4.5397821067144137E-05
      94   8.0744503937007877E+01       25   7.2260000000000002E-01   2.3381494156429470E-03   1.2208664943715209E-03   3.6503908181708479E-05
      94   8.0744503937007877E+01       26   7.5250000000000006E-01   2.9643092802014675E-03   1.6785586568470827E-03   5.0188903839727781E-05
      94   8.0744503937007877E+01       27   7.8240000000000010E-01   2.9505661967668263E-03   1.8061883892149257E-03   5.4005032837526293E-05
      94   8.0744503937007877E+01       28   8.1230000000000013E-01   2.1189447372013063E-03   1.3981460393862493E-03   4.1804566577648867E-05
      94   8.0744503937007877E+01       29   8.4220000000000006E-01   2.2811103247495201E-03   1.6179934694775077E-03   4.8378004737377493E-05
      94   8.0744503937007877E+01       30   8.7210000000000010E-01   2.0989373560261807E-03   1.5963644581888762E-03   4.7731297299847407E-05
      94   8.0744503937007877E+01       31   9.0200000000000014E-01   1.8924672235505150E-03   1.5397189029495936E-03   4.6037595198192856E-05
      94   8.0744503937007877E+01       32   9.3190000000000006E-01   1.9932359173557576E-03   1.7310010362345920E-03   5.1756930983414313E-05
      94   8.0744503937007877E+01       33   9.6180000000000010E-01   1.7364644131188957E-03   1.6063324502868120E-03   4.8029340263575688E-05
      94   8.0744503937007877E+01       34   9.9170000000000014E-01   1.8479952163423510E-03   1.8174458041415222E-03   5.4341629543831528E-05
      94   8.0744503937007877E+01       35   1.0216000000000001E+00   1.6208229382735310E-03   1.6915987003570286E-03   5.0578801140675164E-05
      94   8.0744503937007877E+01       36   1.0515000000000001E+00   1.7487763022301253E-03   1.9335384533074183E-03   5.7812799753891822E-05
      94   8.0744503937007877E+01       37   1.0814000000000001E+00   1.6065417993635232E-03   1.8787316860008161E-03   5.6174077411424413E-05
      94   8.0744503937007877E+01       38   1.1113000000000002E+00   1.6059560417255277E-03   1.9833359422121535E-03   5.9301744672143400E-05
      94   8.0744503937007877E+01       39   1.1412000000000002E+00   1.5727447649148327E-03   2.0482443909125860E-03   6.1242507288286336E-05
      94   8.0744503937007877E+01       40   1.1711000000000000E+00   1.6098310072163685E-03   2.2078433186865807E-03   6.6014515228728776E-05
      94   8.0744503937007877E+01       41   1.2010000000000001E+00   1.4669398946465296E-03   2.1159155709780495E-03   6.3265875572243694E-05
      94   8.0744503937007877E+01       42   1.2309000000000001E+00   1.4617404111968108E-03   2.2147045453797783E-03   6.6219665906855384E-05
      94   8.0744503937007877E+01       43   1.2608000000000001E+00   1.4658314257844636E-03   2.3301100258619092E-03   6.9670289773271095E-05
      94   8.0744503937007877E+01       44   1.2907000000000002E+00   1.4368978112563506E-03   2.3937373892387501E-03   7.1572747938238645E-05
      94   8.0744503937007877E+01       45   1.3206000000000002E+00   1.3668554223361506E-03   2.3837744789354420E-03   7.1274856920169733E-05
      94   8.0744503937007877E+01       46   1.3505000000000000E+00   1.3572038290563487E-03   2.4753365429253790E-03   7.4012562633468849E-05
      94   8.0744503937007877E+01       47   1.3804000000000001E+00   1.3696607359205042E-03   2.6098942300851824E-03   7.8035837479546968E-05
      94   8.0744503937007877E+01       48   1.4103000000000001E+00   1.3143708090745264E-03   2.6142126815189163E-03   7.8164959177415614E-05
      94   8.0744503937007877E+01       49   1.4402000000000001E+00   1.3125843643492592E-03   2.7225310390118639E-03   8.1403678066454743E-05
      94   8.0744503937007877E+01       50   1.4701000000000002E+00   1.2701439058040223E-03   2.7450274010616580E-03   8.2076319291743589E-05
 
      95   8.1612724409448816E+01        1   5.0000000000000001E-03   4.5840051130283249E-02   1.1460012782570814E-06   3.4265438219886739E-08
      95   8.1612724409448816E+01        2   3.4900000000000000E-02   4.5579695208849073E-02   5.5516524561330261E-05   1.6599440843837752E-06
      95   8.1612724409448816E+01        3   6.4800000000000010E-02   4.9474319732005528E-02   2.0774464752748055E-04   6.2115649610716694E-06
      95   8.1612724409448816E+01        4   9.4700000000000006E-02   5.7904153925579509E-02   5.1928966377845043E-04   1.5526760946975672E-05
      95   8.1612724409448816E+01        5   1.2460000000000002E-01   6.0844062518747966E-02   9.4461380565356542E-04   2.8243952789041610E-05
      95   8.1612724409448816E+01        6   1.5450000000000003E-01   5.7440456204869969E-02   1.3711180497242980E-03   4.0996429686756518E-05
      95   8.1612724409448816E+01        7   1.8440000000000001E-01   5.6220104678096842E-02   1.9116724586070112E-03   5.7159006512349646E-05
      95   8.1612724409448816E+01        8   2.1430000000000002E-01   4.7015793398322826E-02   2.1591763337633430E-03   6.4559372379523975E-05
      95   8.1612724409448816E+01        9   2.4420000000000003E-01   3.1516590600182789E-02   1.8794490178786849E-03   5.6195525634572692E-05
      95   8.1612724409448816E+01       10   2.7410000000000001E-01   3.4526874089389210E-02   2.5940320171038240E-03   7.7561557311404353E-05
      95   8.1612724409448816E+01       11   3.0400000000000005E-01   3.9447726568854376E-02   3.6456010985872469E-03   1.0900347284775871E-04
      95   8.1612724409448816E+01       12   3.3390000000000003E-01   2.8773956521544068E-02   3.2079856811612966E-03   9.5918771866722785E-05
      95   8.1612724409448816E+01       13   3.6380000000000001E-01   2.3699507742543265E-02   3.1366402775090080E-03   9.3785544297519353E-05
      95   8.1612724409448816E+01       14   3.9370000000000005E-01   1.9747333268104083E-02   3.0608305348828208E-03   9.1518832992996358E-05
      95   8.1612724409448816E+01       15   4.2360000000000003E-01   1.3452941301250465E-02   2.4139548901548282E-03   7.2177251215629378E-05
      95   8.1612724409448816E+01       16   4.5350000000000007E-01   1.1006738691508507E-02   2.2636706444576962E-03   6.7683752269285136E-05
      95   8.1612724409448816E+01       17   4.8340000000000005E-01   8.1816009268848716E-03   1.9118401782863420E-03   5.7164021330761637E-05
      95   8.1612724409448816E+01       18   5.1330000000000009E-01   8.4003565330239855E-03   2.2132998142123427E-03   6.6177664444949067E-05
      95   8.1612724409448816E+01       19   5.4320000000000002E-01   8.0359197028937734E-03   2.3711286116747830E-03   7.0896745489076022E-05
      95   8.1612724409448816E+01       20   5.7310000000000005E-01   7.0441411771833178E-03   2.3136031575837390E-03   6.9176734411753813E-05
      95   8.1612724409448816E+01       21   6.0300000000000009E-01   4.9988714814073482E-03   1.8176346604830450E-03   5.4347276348443057E-05
      95   8.1612724409448816E+01       22   6.3290000000000002E-01   4.0951649685721054E-03   1.6403691491588171E-03   4.9047037559848643E-05
      95   8.1612724409448816E+01       23   6.6280000000000006E-01   3.6043667845791529E-03   1.5834121692340749E-03   4.7344023860098846E-05
      95   8.1612724409448816E+01       24   6.9270000000000009E-01   2.8285890113066239E-03   1.3572511713531050E-03   4.0581810023457845E-05
      95   8.1612724409448816E+01       25   7.2260000000000002E-01   2.0791467502153009E-03   1.0856280557764496E-03   3.2460278867715850E-05
      95   8.1612724409448816E+01       26   7.5250000000000006E-01   2.7854594432328134E-03   1.5772838188521012E-03   4.7160786183677833E-05
      95   8.1612724409448816E+01       27   7.8240000000000010E-01   2.8466921464276197E-03   1.7426019142295526E-03   5.2103797235463632E-05
      95   8.1612724409448816E+01       28   8.1230000000000013E-01   2.0286152532386216E-03   1.3385438194581168E-03   4.0022460201797701E-05
      95   8.1612724409448816E+01       29   8.4220000000000006E-01   2.1444696671530671E-03   1.5210741362661913E-03   4.5480116674359130E-05
      95   8.1612724409448816E+01       30   8.7210000000000010E-01   1.9479225575871129E-03   1.4815088832015883E-03   4.4297115607727499E-05
      95   8.1612724409448816E+01       31   9.0200000000000014E-01   1.7733763453103286E-03   1.4428260880498651E-03   4.3140500032690977E-05
      95   8.1612724409448816E+01       32   9.3190000000000006E-01   1.9178324526195542E-03   1.6655178315333641E-03   4.9798983162847595E-05
      95   8.1612724409448816E+01       33   9.6180000000000010E-01   1.6734793966572180E-03   1.5480675788273849E-03   4.6287220606938817E-05
      95   8.1612724409448816E+01       34   9.9170000000000014E-01   1.7744733223499713E-03   1.7451393086661390E-03   5.2179665329117568E-05
      95   8.1612724409448816E+01       35   1.0216000000000001E+00   1.5425878811536813E-03   1.6099473874213515E-03   4.8137426883898419E-05
      95   8.1612724409448816E+01       36   1.0515000000000001E+00   1.6687359559862073E-03   1.8450416643920513E-03   5.5166745765322347E-05
      95   8.1612724409448816E+01       37   1.0814000000000001E+00   1.5335396404790350E-03   1.7933610662652509E-03   5.3621495881331013E-05
      95   8.1612724409448816E+01       38   1.1113000000000002E+00   1.5223208918419195E-03   1.8800475616545926E-03   5.6213422093472328E-05
      95   8.1612724409448816E+01       39   1.1412000000000002E+00   1.4972990358980305E-03   1.9499885933259100E-03   5.8304658940444726E-05
      95   8.1612724409448816E+01       40   1.1711000000000000E+00   1.5542921829042515E-03   2.1316731979499669E-03   6.3737028618704022E-05
      95   8.1612724409448816E+01       41   1.2010000000000001E+00   1.4208999811593651E-03   2.0495075537242499E-03   6.1280275856355089E-05
      95   8.1612724409448816E+01       42   1.2309000000000001E+00   1.4019326546034956E-03   2.1240889276123711E-03   6.3510258935609913E-05
      95   8.1612724409448816E+01       43   1.2608000000000001E+00   1.4028255094528691E-03   2.2299547728427587E-03   6.6675647707998504E-05
      95   8.1612724409448816E+01       44   1.2907000000000002E+00   1.3898900697716283E-03   2.3154268876191091E-03   6.9231263939811374E-05
      95   8.1612724409448816E+01       45   1.3206000000000002E+00   1.3330050552870368E-03   2.3247399682215283E-03   6.9509725049823716E-05
      95   8.1612724409448816E+01       46   1.3505000000000000E+00   1.3214257913766036E-03   2.4100827599586663E-03   7.2061474522764141E-05
      95   8.1612724409448816E+01       47   1.3804000000000001E+00   1.3334999126744056E-03   2.5409896309607168E-03   7.5975589965725446E-05
      95   8.1612724409448816E+01       48   1.4103000000000001E+00   1.2883237460064873E-03   2.5624064772737563E-03   7.6615953670485326E-05
      95   8.1612724409448816E+01       49   1.4402000000000001E+00   1.2971517349043417E-03   2.6905210487830175E-03   8.0446579358612241E-05
      95   8.1612724409448816E+01       50   1.4701000000000002E+00   1.2598210259213611E-03   2.7227176548933010E-03   8.1409257881309724E-05
 
      96   8.2480944881889769E+01        1   5.0000000000000001E-03   5.3186400092327876E-02   1.3296600023081969E-06   3.9756834069015096E-08
      96   8.2480944881889769E+01        2   3.4900000000000000E-02   5.2534735651722259E-02   6.3987833371154226E-05   1.9132362177975117E-06
      96   8.2480944881889769E+01        3   6.4800000000000010E-02   5.5550724993183268E-02   2.3325971627537632E-04   6.9744655166337532E-06
      96   8.2480944881889769E+01        4   9.4700000000000006E-02   6.2865214466613320E-02   5.6378090120589035E-04   1.6857048946056126E-05
      96   8.2480944881889769E+01        5   1.2460000000000002E-01   6.4718877628140881E-02   1.0047709301973080E-03   3.0042650812899515E-05
      96   8.2480944881889769E+01        6   1.5450000000000003E-01   6.0164189289573990E-02   1.4361342393894542E-03   4.2940413757744685E-05
      96   8.2480944881889769E+01        7   1.8440000000000001E-01   5.7778548471794998E-02   1.9646647839638952E-03   5.8743477040520479E-05
      96   8.2480944881889769E+01        8   2.1430000000000002E-01   4.7544082243255410E-02   2.1834377295395610E-03   6.5284788113232885E-05
      96   8.2480944881889769E+01        9   2.4420000000000003E-01   3.0907762893411950E-02   1.8431424055910871E-03   5.5109957927173514E-05
      96   8.2480944881889769E+01       10   2.7410000000000001E-01   3.2928942519524378E-02   2.4739781239353077E-03   7.3971945905665712E-05
      96   8.2480944881889769E+01       11   3.0400000000000005E-01   3.7871443383085991E-02   3.4999273116912760E-03   1.0464782661956917E-04
      96   8.2480944881889769E+01       12   3.3390000000000003E-01   2.7538029637212500E-02   3.0701931692094088E-03   9.1798775759361349E-05
      96   8.2480944881889769E+01       13   3.6380000000000001E-01   2.2328301037648522E-02   2.9551604667852386E-03   8.8359297956878651E-05
      96   8.2480944881889769E+01       14   3.9370000000000005E-01   1.8522526044697726E-02   2.8709857949450746E-03   8.5842475268857753E-05
      96   8.2480944881889769E+01       15   4.2360000000000003E-01   1.2389405864509265E-02   2.2231173245337147E-03   6.6471208003558084E-05
      96   8.2480944881889769E+01       16   4.5350000000000007E-01   9.9943176002402108E-03   2.0554538448800028E-03   6.1458069961912098E-05
      96   8.2480944881889769E+01       17   4.8340000000000005E-01   7.3881172578696480E-03   1.7264224375783549E-03   5.1620030883592820E-05
      96   8.2480944881889769E+01       18   5.1330000000000009E-01   7.7645805235333322E-03   2.0457875284951347E-03   6.1169047102004544E-05
      96   8.2480944881889769E+01       19   5.4320000000000002E-01   7.6525986194274616E-03   2.2580235008636523E-03   6.7514902675823213E-05
      96   8.2480944881889769E+01       20   5.7310000000000005E-01   6.8418964642861582E-03   2.2471771739763823E-03   6.7190597501893840E-05
      96   8.2480944881889769E+01       21   6.0300000000000009E-01   4.9044943200921955E-03   1.7833182752344037E-03   5.3321216429508680E-05
      96   8.2480944881889769E+01       22   6.3290000000000002E-01   3.9684383721938785E-03   1.5896072383024570E-03   4.7529256425243478E-05
      96   8.2480944881889769E+01       23   6.6280000000000006E-01   3.3986638128075727E-03   1.4930460638354081E-03   4.4642077308678716E-05
      96   8.2480944881889769E+01       24   6.9270000000000009E-01   2.6014030084565952E-03   1.2482397641636262E-03   3.7322368948492430E-05
      96   8.2480944881889769E+01       25   7.2260000000000002E-01   1.8676476137538655E-03   9.7519362093376736E-04   2.9158289265919649E-05
      96   8.2480944881889769E+01       26   7.5250000000000006E-01   2.6292839665084927E-03   1.4888484790602249E-03   4.4516569523900735E-05
      96   8.2480944881889769E+01       27   7.8240000000000010E-01   2.7563729168487883E-03   1.6873130195194860E-03   5.0450659283632644E-05
      96   8.2480944881889769E+01       28   8.1230000000000013E-01   1.9644362420095018E-03   1.2961964996878821E-03   3.8756275340667685E-05
      96   8.2480944881889769E+01       29   8.4220000000000006E-01   2.0517630908874298E-03   1.4553172838474506E-03   4.3513986787038781E-05
      96   8.2480944881889769E+01       30   8.7210000000000010E-01   1.8415961402161022E-03   1.4006414322648960E-03   4.1879178824720395E-05
      96   8.2480944881889769E+01       31   9.0200000000000014E-01   1.6750499880345874E-03   1.3628273704648928E-03   4.0748538376900302E-05
      96   8.2480944881889769E+01       32   9.3190000000000006E-01   1.8505998185317073E-03   1.6071304834721098E-03   4.8053201455816095E-05
      96   8.2480944881889769E+01       33   9.6180000000000010E-01   1.6267285938764749E-03   1.5048203167376409E-03   4.4994127470455472E-05
      96   8.2480944881889769E+01       34   9.9170000000000014E-01   1.7304245957862278E-03   1.7018187564465806E-03   5.0884380817752769E-05
      96   8.2480944881889769E+01       35   1.0216000000000001E+00   1.4979227727895919E-03   1.5633319074229751E-03   4.6743624031946969E-05
      96   8.2480944881889769E+01       36   1.0515000000000001E+00   1.6289539240215728E-03   1.8010565712407813E-03   5.3851591480099372E-05
      96   8.2480944881889769E+01       37   1.0814000000000001E+00   1.5079217045192927E-03   1.7634027869123108E-03   5.2725743328678104E-05
      96   8.2480944881889769E+01       38   1.1113000000000002E+00   1.4840805708567029E-03   1.8328212359762014E-03   5.4801354955688431E-05
      96   8.2480944881889769E+01       39   1.1412000000000002E+00   1.4505972800737206E-03   1.8891671482021729E-03   5.6486097731244986E-05
      96   8.2480944881889769E+01       40   1.1711000000000000E+00   1.5191027139821532E-03   2.0834117136702434E-03   6.2294010238740286E-05
      96   8.2480944881889769E+01       41   1.2010000000000001E+00   1.4094194984989690E-03   2.0329480940544115E-03   6.0785148012226920E-05
      96   8.2480944881889769E+01       42   1.2309000000000001E+00   1.3945065338301134E-03   2.1128375020477712E-03   6.3173841311228379E-05
      96   8.2480944881889769E+01       43   1.2608000000000001E+00   1.3916975231257119E-03   2.2122655406074171E-03   6.6146739664161788E-05
      96   8.2480944881889769E+01       44   1.2907000000000002E+00   1.3830943585795702E-03   2.3041058682400938E-03   6.8892765460378815E-05
      96   8.2480944881889769E+01       45   1.3206000000000002E+00   1.3358918923234275E-03   2.3297745668628624E-03   6.9660259549199604E-05
      96   8.2480944881889769E+01       46   1.3505000000000000E+00   1.3240120912952802E-03   2.4147997837119196E-03   7.2202513532986410E-05
      96   8.2480944881889769E+01       47   1.3804000000000001E+00   1.3275331226703364E-03   2.5296198877861166E-03   7.5635634644804906E-05
      96   8.2480944881889769E+01       48   1.4103000000000001E+00   1.2826843715516359E-03   2.5511900655017339E-03   7.6280582958501860E-05
      96   8.2480944881889769E+01       49   1.4402000000000001E+00   1.3010218380649248E-03   2.6985483240310275E-03   8.0686594888527741E-05
      96   8.2480944881889769E+01       50   1.4701000000000002E+00   1.2715464974101121E-03   2.7480586736392154E-03   8.2166954341812565E-05
 
      97   8.3349165354330708E+01        1   5.0000000000000001E-03   6.0909676154290979E-02   1.5227419038572745E-06   4.5529982925332520E-08
      97   8.3349165354330708E+01        2   3.4900000000000000E-02   6.0078040084368352E-02   7.3175653603161506E-05   2.1879520427345296E-06
      97   8.3349165354330708E+01        3   6.4800000000000010E-02   6.2638702092608703E-02   2.6302241563494770E-04   7.8643702274849384E-06
      97   8.3349165354330708E+01        4   9.4700000000000006E-02   6.9414659201132961E-02   6.2251691103508856E-04   1.8613255639949150E-05
      97   8.3349165354330708E+01        5   1.2460000000000002E-01   7.0671732838482715E-02   1.0971899597946987E-03   3.2805979797861499E-05
      97   8.3349165354330708E+01        6   1.5450000000000003E-01   6.5075030615272450E-02   1.5533572495442078E-03   4.6445381761371823E-05
      97   8.3349165354330708E+01        7   1.8440000000000001E-01   6.1302052789857633E-02   2.0844757697525335E-03   6.2325825515600767E-05
      97   8.3349165354330708E+01        8   2.1430000000000002E-01   4.9594903828551230E-02   2.2776206649252630E-03   6.8100857881265377E-05
      97   8.3349165354330708E+01        9   2.4420000000000003E-01   3.1528644529281682E-02   1.8801678375471539E-03   5.6217018342659911E-05
      97   8.3349165354330708E+01       10   2.7410000000000001E-01   3.2588606577624163E-02   2.4484084089482316E-03   7.3207411427552135E-05
      97   8.3349165354330708E+01       11   3.0400000000000005E-01   3.7556526590766921E-02   3.4708239614123166E-03   1.0377763644622829E-04
      97   8.3349165354330708E+01       12   3.3390000000000003E-01   2.7271997464719554E-02   3.0405334524635863E-03   9.0911950228661257E-05
      97   8.3349165354330708E+01       13   3.6380000000000001E-01   2.1737979840201198E-02   2.8770311965617586E-03   8.6023232777196606E-05
      97   8.3349165354330708E+01       14   3.9370000000000005E-01   1.7968581539037347E-02   2.7851245682905127E-03   8.3275224591886353E-05
      97   8.3349165354330708E+01       15   4.2360000000000003E-01   1.1810245551300830E-02   2.1191945585789453E-03   6.3363917301510476E-05
      97   8.3349165354330708E+01       16   4.5350000000000007E-01   9.3306129310633066E-03   1.9189548492815752E-03   5.7376749993519113E-05
      97   8.3349165354330708E+01       17   4.8340000000000005E-01   6.7778098236887397E-03   1.5838085061239680E-03   4.7355874333106651E-05
      97   8.3349165354330708E+01       18   5.1330000000000009E-01   7.1867366059749430E-03   1.8935390101914339E-03   5.6616816404723889E-05
      97   8.3349165354330708E+01       19   5.4320000000000002E-01   7.2958673620941725E-03   2.1527641500718462E-03   6.4367648087148213E-05
      97   8.3349165354330708E+01       20   5.7310000000000005E-01   6.6796900263965172E-03   2.1939015059506679E-03   6.5597655027924983E-05
      97   8.3349165354330708E+01       21   6.0300000000000009E-01   4.8919131717578973E-03   1.7787436564697179E-03   5.3184435328444575E-05
      97   8.3349165354330708E+01       22   6.3290000000000002E-01   3.9668046063909600E-03   1.5889528131350645E-03   4.7509689112738439E-05
      97   8.3349165354330708E+01       23   6.6280000000000006E-01   3.3389749893541444E-03   1.4668245344872349E-03   4.3858053581168330E-05
      97   8.3349165354330708E+01       24   6.9270000000000009E-01   2.5072218992551504E-03   1.2030485326796478E-03   3.5971151127121476E-05
      97   8.3349165354330708E+01       25   7.2260000000000002E-01   1.7396760102733927E-03   9.0837315091801991E-04   2.7160357212448800E-05
      97   8.3349165354330708E+01       26   7.5250000000000006E-01   2.5228970324868106E-03   1.4286062127521098E-03   4.2715325761288089E-05
      97   8.3349165354330708E+01       27   7.8240000000000010E-01   2.6891140097955214E-03   1.6461404957089664E-03   4.9219600821698109E-05
      97   8.3349165354330708E+01       28   8.1230000000000013E-01   1.9217337398395010E-03   1.2680200525948227E-03   3.7913799572585206E-05
      97   8.3349165354330708E+01       29   8.4220000000000006E-01   2.0028699506560070E-03   1.4206373384110646E-03   4.2477056418490837E-05
      97   8.3349165354330708E+01       30   8.7210000000000010E-01   1.7835896681252094E-03   1.3565241220817371E-03   4.0560071250243950E-05
      97   8.3349165354330708E+01       31   9.0200000000000014E-01   1.6059001528789529E-03   1.3065667879829279E-03   3.9066346960689551E-05
      97   8.3349165354330708E+01       32   9.3190000000000006E-01   1.7936763681459947E-03   1.5576960182661879E-03   4.6575110946159032E-05
      97   8.3349165354330708E+01       33   9.6180000000000010E-01   1.5924103289248329E-03   1.4730738886433563E-03   4.4044909270436363E-05
      97   8.3349165354330708E+01       34   9.9170000000000014E-01   1.7072641624086989E-03   1.6790411907408632E-03   5.0203331603151825E-05
      97   8.3349165354330708E+01       35   1.0216000000000001E+00   1.4756948508509531E-03   1.5401333685973275E-03   4.6049987721060106E-05
      97   8.3349165354330708E+01       36   1.0515000000000001E+00   1.6139701568385790E-03   1.7844897353414279E-03   5.3356243086708710E-05
      97   8.3349165354330708E+01       37   1.0814000000000001E+00   1.5090965342267409E-03   1.7647766632707799E-03   5.2766822231796330E-05
      97   8.3349165354330708E+01       38   1.1113000000000002E+00   1.4788539630865519E-03   1.8263664397196065E-03   5.4608356547616243E-05
      97   8.3349165354330708E+01       39   1.1412000000000002E+00   1.4267366431275155E-03   1.8580925473648828E-03   5.5556967166210009E-05
      97   8.3349165354330708E+01       40   1.1711000000000000E+00   1.4880335279706756E-03   2.0408010952606232E-03   6.1019952748292647E-05
      97   8.3349165354330708E+01       41   1.2010000000000001E+00   1.4009974037454118E-03   2.0208000561597861E-03   6.0421921679177616E-05
      97   8.3349165354330708E+01       42   1.2309000000000001E+00   1.4053585487465699E-03   2.1292795505660355E-03   6.3665458561924470E-05
      97   8.3349165354330708E+01       43   1.2608000000000001E+00   1.4037429439367037E-03   2.2314131419643719E-03   6.6719252944734734E-05
      97   8.3349165354330708E+01       44   1.2907000000000002E+00   1.3874794014210096E-03   2.3114109395685756E-03   6.9111187093100421E-05
      97   8.3349165354330708E+01       45   1.3206000000000002E+00   1.3380682413397450E-03   2.3335700855092218E-03   6.9773745556725743E-05
      97   8.3349165354330708E+01       46   1.3505000000000000E+00   1.3256790595062764E-03   2.4178400841002872E-03   7.2293418514598608E-05
      97   8.3349165354330708E+01       47   1.3804000000000001E+00   1.3206501703048666E-03   2.5165043934206321E-03   7.5243481363276914E-05
      97   8.3349165354330708E+01       48   1.4103000000000001E+00   1.2690478502058043E-03   2.5240677596897404E-03   7.5469626014723260E-05
      97   8.3349165354330708E+01       49   1.4402000000000001E+00   1.2868508520594243E-03   2.6691552043952428E-03   7.9807740611417778E-05
      97   8.3349165354330708E+01       50   1.4701000000000002E+00   1.2623991443795656E-03   2.7282894690622427E-03   8.1575855124961080E-05
 
      98   8.4217385826771661E+01        1   5.0000000000000001E-03   6.7251892570122360E-02   1.6812973142530590E-06   5.0270789696166476E-08
      98   8.4217385826771661E+01        2   3.4900000000000000E-02   6.6579484040086789E-02   8.1094477355666110E-05   2.4247248729344174E-06
      98   8.4217385826771661E+01        3   6.4800000000000010E-02   6.9371761312593927E-02   2.9129480062203448E-04   8.7097145385988326E-06
      98   8.4217385826771661E+01        4   9.4700000000000006E-02   7.6373411196320115E-02   6.8492362521560654E-04   2.0479216393946641E-05
      98   8.4217385826771661E+01        5   1.2460000000000002E-01   7.7530341004682604E-02   1.2036709489522586E-03   3.5989761373672541E-05
      98   8.4217385826771661E+01        6   1.5450000000000003E-01   7.1053863158035677E-02   1.6960734770481017E-03   5.0712596963738253E-05
      98   8.4217385826771661E+01        7   1.8440000000000001E-01   6.5805626085151989E-02   2.2376123937988138E-03   6.6904610574584553E-05
      98   8.4217385826771661E+01        8   2.1430000000000002E-01   5.2454548731419998E-02   2.4089483986706106E-03   7.2027557120251266E-05
      98   8.4217385826771661E+01        9   2.4420000000000003E-01   3.3050962700134627E-02   1.9709492113132569E-03   5.8931381418266392E-05
      98   8.4217385826771661E+01       10   2.7410000000000001E-01   3.3445669919450201E-02   2.5128002720409283E-03   7.5132728134023777E-05
      98   8.4217385826771661E+01       11   3.0400000000000005E-01   3.8493173028038598E-02   3.5573850785592161E-03   1.0636581384892059E-04
      98   8.4217385826771661E+01       12   3.3390000000000003E-01   2.7977594129038642E-02   3.1191998671471566E-03   9.3264076027699998E-05
      98   8.4217385826771661E+01       13   3.6380000000000001E-01   2.1963316307030509E-02   2.9068545770946632E-03   8.6914951855130443E-05
      98   8.4217385826771661E+01       14   3.9370000000000005E-01   1.8154131624958797E-02   2.8138847740878108E-03   8.4135154745225565E-05
      98   8.4217385826771661E+01       15   4.2360000000000003E-01   1.1837252001054089E-02   2.1240405138230629E-03   6.3508811363309590E-05
      98   8.4217385826771661E+01       16   4.5350000000000007E-01   9.1823068080789955E-03   1.8884538783398451E-03   5.6464770962361382E-05
      98   8.4217385826771661E+01       17   4.8340000000000005E-01   6.5012183097240273E-03   1.5191758292070160E-03   4.5423357293289785E-05
      98   8.4217385826771661E+01       18   5.1330000000000009E-01   6.7970809550723836E-03   1.7908737511207018E-03   5.3547125158508992E-05
      98   8.4217385826771661E+01       19   5.4320000000000002E-01   7.0345249948285437E-03   2.0756508404100780E-03   6.2061960128261348E-05
      98   8.4217385826771661E+01       20   5.7310000000000005E-01   6.5676772169759520E-03   2.1571116144583355E-03   6.4497637272304252E-05
      98   8.4217385826771661E+01       21   6.0300000000000009E-01   4.9476514226921234E-03   1.7990105861536610E-03   5.3790416525994473E-05
      98   8.4217385826771661E+01       22   6.3290000000000002E-01   4.0804821960166351E-03   1.6344877823985160E-03   4.8871184693715637E-05
      98   8.4217385826771661E+01       23   6.6280000000000006E-01   3.4264367922628796E-03   1.5052468403583656E-03   4.5006880526715142E-05
      98   8.4217385826771661E+01       24   6.9270000000000009E-01   2.5500456346335787E-03   1.2235967865163683E-03   3.6585543916839421E-05
      98   8.4217385826771661E+01       25   7.2260000000000002E-01   1.7155963353788488E-03   8.9579993037128085E-04   2.6784417918101302E-05
      98   8.4217385826771661E+01       26   7.5250000000000006E-01   2.4893274678274551E-03   1.4095972369539706E-03   4.2146957384923732E-05
      98   8.4217385826771661E+01       27   7.8240000000000010E-01   2.6733444362255060E-03   1.6364871550327790E-03   4.8930965935480101E-05
      98   8.4217385826771661E+01       28   8.1230000000000013E-01   1.9201868457707598E-03   1.2669993634859518E-03   3.7883280968229968E-05
      98   8.4217385826771661E+01       29   8.4220000000000006E-01   2.0090631062395412E-03   1.4250301488687161E-03   4.2608401451174620E-05
      98   8.4217385826771661E+01       30   8.7210000000000010E-01   1.7780665925679002E-03   1.3523235005175602E-03   4.0434472665475058E-05
      98   8.4217385826771661E+01       31   9.0200000000000014E-01   1.5779888467120156E-03   1.2838580376402832E-03   3.8387355325444473E-05
      98   8.4217385826771661E+01       32   9.3190000000000006E-01   1.7679456624629991E-03   1.5353505057192338E-03   4.5906980121005099E-05
      98   8.4217385826771661E+01       33   9.6180000000000010E-01   1.5877779677437604E-03   1.4687886801297877E-03   4.3916781535880660E-05
      98   8.4217385826771661E+01       34   9.9170000000000014E-01   1.7128336405390729E-03   1.6845185992156214E-03   5.0367106116547089E-05
      98   8.4217385826771661E+01       35   1.0216000000000001E+00   1.4744509722976935E-03   1.5388351741465892E-03   4.6011171706983027E-05
      98   8.4217385826771661E+01       36   1.0515000000000001E+00   1.6137482624738180E-03   1.7842443973377677E-03   5.3348907480399262E-05
      98   8.4217385826771661E+01       37   1.0814000000000001E+00   1.5256331804596867E-03   1.7841150466669229E-03   5.3345039895341003E-05
      98   8.4217385826771661E+01       38   1.1113000000000002E+00   1.5038550710387104E-03   1.8572425002768833E-03   5.5531550758278821E-05
      98   8.4217385826771661E+01       39   1.1412000000000002E+00   1.4412405287661104E-03   1.8769815006575033E-03   5.6121746869659360E-05
      98   8.4217385826771661E+01       40   1.1711000000000000E+00   1.4810925048068986E-03   2.0312816540594674E-03   6.0735321456378091E-05
      98   8.4217385826771661E+01       41   1.2010000000000001E+00   1.4009811448776662E-03   2.0207766043526909E-03   6.0421220470145473E-05
      98   8.4217385826771661E+01       42   1.2309000000000001E+00   1.4258032437047688E-03   2.1602556106831350E-03   6.4591642759425754E-05
      98   8.4217385826771661E+01       43   1.2608000000000001E+00   1.4352905961490417E-03   2.2815618148740373E-03   6.8218698264733730E-05
      98   8.4217385826771661E+01       44   1.2907000000000002E+00   1.4126277358120502E-03   2.3533057130433006E-03   7.0363840819994702E-05
      98   8.4217385826771661E+01       45   1.3206000000000002E+00   1.3527747150427225E-03   2.3592179456379658E-03   7.0540616574575195E-05
      98   8.4217385826771661E+01       46   1.3505000000000000E+00   1.3387187928282679E-03   2.4416226049795348E-03   7.3004515888888108E-05
      98   8.4217385826771661E+01       47   1.3804000000000001E+00   1.3321921101757115E-03   2.5384976078589969E-03   7.5901078474984029E-05
      98   8.4217385826771661E+01       48   1.4103000000000001E+00   1.2734809202352201E-03   2.5328848969914429E-03   7.5733258420044154E-05
      98   8.4217385826771661E+01       49   1.4402000000000001E+00   1.2826693792153576E-03   2.6604820936101691E-03   7.9548414598944075E-05
      98   8.4217385826771661E+01       50   1.4701000000000002E+00   1.2568342845415868E-03   2.7162627273139136E-03   8.1216255546686029E-05
 
      99   8.5085606299212600E+01        1   5.0000000000000001E-03   7.0977632252353581E-02   1.7744408063088396E-06   5.3055780108634316E-08
      99   8.5085606299212600E+01        2   3.4900000000000000E-02   7.0854829845905409E-02   8.6301891300611251E-05   2.5804265498882771E-06
      99   8.5085606299212600E+01        3   6.4800000000000010E-02   7.4649318929041211E-02   3.1345547615580128E-04   9.3723187370584611E-06
      99   8.5085606299212600E+01        4   9.4700000000000006E-02   8.2563752594432618E-02   7.4043916400460532E-04   2.2139131003737703E-05
      99   8.5085606299212600E+01        5   1.2460000000000002E-01   8.3977603293728526E-02   1.3037657275516627E-03   3.8982595253794722E-05
      99   8.5085606299212600E+01        6   1.5450000000000003E-01   7.6873269385287712E-02   1.8349841585441648E-03   5.4866026340470542E-05
      99   8.5085606299212600E+01        7   1.8440000000000001E-01   7.0294927029500631E-02   2.3902637099578409E-03   7.1468884927739458E-05
      99   8.5085606299212600E+01        8   2.1430000000000002E-01   5.5449339458349747E-02   2.5464826354615888E-03   7.6139830800301517E-05
      99   8.5085606299212600E+01        9   2.4420000000000003E-01   3.5062345641183372E-02   2.0908952975218988E-03   6.2517769395904787E-05
      99   8.5085606299212600E+01       10   2.7410000000000001E-01   3.5223872154319873E-02   2.6463980462904974E-03   7.9127301584085887E-05
      99   8.5085606299212600E+01       11   3.0400000000000005E-01   4.0437723562220494E-02   3.7370926607261704E-03   1.1173907055571251E-04
      99   8.5085606299212600E+01       12   3.3390000000000003E-01   2.9502409079608289E-02   3.2892002813823557E-03   9.8347088413332454E-05
      99   8.5085606299212600E+01       13   3.6380000000000001E-01   2.2952817684958892E-02   3.0378155198440911E-03   9.0830684043338340E-05
      99   8.5085606299212600E+01       14   3.9370000000000005E-01   1.9063922148171895E-02   2.9549020231507787E-03   8.8351570492208305E-05
      99   8.5085606299212600E+01       15   4.2360000000000003E-01   1.2478916233082043E-02   2.2391787929588935E-03   6.6951445909470931E-05
      99   8.5085606299212600E+01       16   4.5350000000000007E-01   9.5956417591923446E-03   1.9734612743894566E-03   5.9006492104244768E-05
      99   8.5085606299212600E+01       17   4.8340000000000005E-01   6.6522098690772009E-03   1.5544588663941421E-03   4.6478320105184856E-05
      99   8.5085606299212600E+01       18   5.1330000000000009E-01   6.7284019461667129E-03   1.7727784194459535E-03   5.3006074741434023E-05
      99   8.5085606299212600E+01       19   5.4320000000000002E-01   6.9576475599121687E-03   2.0529669047484587E-03   6.1383710451978922E-05
      99   8.5085606299212600E+01       20   5.7310000000000005E-01   6.5411750915254311E-03   2.1484071607026935E-03   6.4237374105010549E-05
      99   8.5085606299212600E+01       21   6.0300000000000009E-01   5.0630053099169035E-03   1.8409542977335760E-03   5.5044533502233930E-05
      99   8.5085606299212600E+01       22   6.3290000000000002E-01   4.2811912413610207E-03   1.7148842813104624E-03   5.1275040011182836E-05
      99   8.5085606299212600E+01       23   6.6280000000000006E-01   3.6316368861183668E-03   1.5953920295574415E-03   4.7702221683767512E-05
      99   8.5085606299212600E+01       24   6.9270000000000009E-01   2.7123326538102963E-03   1.3014675008522260E-03   3.8913878275481562E-05
      99   8.5085606299212600E+01       25   7.2260000000000002E-01   1.7956209063679401E-03   9.3758482093190881E-04   2.8033786145864079E-05
      99   8.5085606299212600E+01       26   7.5250000000000006E-01   2.5365481189055183E-03   1.4363362257559932E-03   4.2946453150104204E-05
      99   8.5085606299212600E+01       27   7.8240000000000010E-01   2.7257990802746091E-03   1.6685972527983230E-03   4.9891057858669869E-05
      99   8.5085606299212600E+01       28   8.1230000000000013E-01   1.9770087221166474E-03   1.3044922154554794E-03   3.9004317242118840E-05
      99   8.5085606299212600E+01       29   8.4220000000000006E-01   2.0795877702900955E-03   1.4750533523204920E-03   4.4104095234382720E-05
      99   8.5085606299212600E+01       30   8.7210000000000010E-01   1.8292474964498413E-03   1.3912495673963721E-03   4.1598362065151532E-05
      99   8.5085606299212600E+01       31   9.0200000000000014E-01   1.6014696821342420E-03   1.3029621392631483E-03   3.8958567963968142E-05
      99   8.5085606299212600E+01       32   9.3190000000000006E-01   1.7906433172763807E-03   1.5550620028179718E-03   4.6496353884257371E-05
      99   8.5085606299212600E+01       33   9.6180000000000010E-01   1.6251470901522264E-03   1.5033573321044302E-03   4.4950384229922471E-05
      99   8.5085606299212600E+01       34   9.9170000000000014E-01   1.7552677239948420E-03   1.7262512001700340E-03   5.1614910885084026E-05
      99   8.5085606299212600E+01       35   1.0216000000000001E+00   1.5026897402205086E-03   1.5683070319232320E-03   4.6892380254504646E-05
      99   8.5085606299212600E+01       36   1.0515000000000001E+00   1.6364111903013339E-03   1.8093017144818482E-03   5.4098121263007275E-05
      99   8.5085606299212600E+01       37   1.0814000000000001E+00   1.5631219226832521E-03   1.8279553550309083E-03   5.4655865115424174E-05
      99   8.5085606299212600E+01       38   1.1113000000000002E+00   1.5641456251801874E-03   1.9317005924648859E-03   5.7757847714700102E-05
      99   8.5085606299212600E+01       39   1.1412000000000002E+00   1.5107195950448482E-03   1.9674666899685452E-03   5.8827254030059511E-05
      99   8.5085606299212600E+01       40   1.1711000000000000E+00   1.5329545486625557E-03   2.1024091615474338E-03   6.2862033930268286E-05
      99   8.5085606299212600E+01       41   1.2010000000000001E+00   1.4413790956159492E-03   2.0790466488955412E-03   6.2163494801976702E-05
      99   8.5085606299212600E+01       42   1.2309000000000001E+00   1.4744309313544539E-03   2.2339321404172270E-03   6.6794570998475103E-05
      99   8.5085606299212600E+01       43   1.2608000000000001E+00   1.4995086654529728E-03   2.3836439264282392E-03   7.1270953400204366E-05
      99   8.5085606299212600E+01       44   1.2907000000000002E+00   1.4801077872947563E-03   2.4657211687538747E-03   7.3725062945740867E-05
      99   8.5085606299212600E+01       45   1.3206000000000002E+00   1.4115881767376389E-03   2.4617877029913591E-03   7.3607452319441656E-05
      99   8.5085606299212600E+01       46   1.3505000000000000E+00   1.3963097469317761E-03   2.5466598810189567E-03   7.6145130442466829E-05
      99   8.5085606299212600E+01       47   1.3804000000000001E+00   1.3954041927122477E-03   2.6589484940946297E-03   7.9502559973429441E-05
      99   8.5085606299212600E+01       48   1.4103000000000001E+00   1.3337139717059842E-03   2.6526851892029880E-03   7.9315287157169363E-05
      99   8.5085606299212600E+01       49   1.4402000000000001E+00   1.3345983075051778E-03   2.7681918324517921E-03   8.2768935790308596E-05
      99   8.5085606299212600E+01       50   1.4701000000000002E+00   1.3016564681371827E-03   2.8131321620158355E-03   8.4112651644273505E-05
 
     100   8.5953826771653553E+01        1   5.0000000000000001E-03   7.1607080009703963E-02   1.7901770002425992E-06   5.3526292307253723E-08
     100   8.5953826771653553E+01        2   3.4900000000000000E-02   7.2328357210973235E-02   8.8096662366537518E-05   2.6340902047594726E-06
     100   8.5953826771653553E+01        3   6.4800000000000010E-02   7.7689463480564630E-02   3.2622116473343020E-04   9.7540128255295654E-06
     100   8.5953826771653553E+01        4   9.4700000000000006E-02   8.6935686463186876E-02   7.7964706041364171E-04   2.3311447106367891E-05
     100   8.5953826771653553E+01        5   1.2460000000000002E-01   8.8855636140123859E-02   1.3794979679772057E-03   4.1246989242518458E-05
     100   8.5953826771653553E+01        6   1.5450000000000003E-01   8.1494001032318936E-02   1.9452821781417119E-03   5.8163937126437199E-05
     100   8.5953826771653553E+01        7   1.8440000000000001E-01   7.3990438825681126E-02   2.5159235279476129E-03   7.5226113485633638E-05
     100   8.5953826771653553E+01        8   2.1430000000000002E-01   5.8097788323710632E-02   2.6681112988943662E-03   7.9776527836941571E-05
     100   8.5953826771653553E+01        9   2.4420000000000003E-01   3.7182737648063333E-02   2.2173419911190560E-03   6.6298525534459789E-05
     100   8.5953826771653553E+01       10   2.7410000000000001E-01   3.7494489801557424E-02   2.8169913893277489E-03   8.4228042540899711E-05
     100   8.5953826771653553E+01       11   3.0400000000000005E-01   4.2927343178670863E-02   3.9671733472000474E-03   1.1861848308128145E-04
     100   8.5953826771653553E+01       12   3.3390000000000003E-01   3.1529479939744726E-02   3.5151968101929877E-03   1.0510438462477036E-04
     100   8.5953826771653553E+01       13   3.6380000000000001E-01   2.4560900402878470E-02   3.2506459751171432E-03   9.7194314656002607E-05
     100   8.5953826771653553E+01       14   3.9370000000000005E-01   2.0583756590541132E-02   3.1904758905693335E-03   9.5395229128023091E-05
     100   8.5953826771653553E+01       15   4.2360000000000003E-01   1.3622363166826407E-02   2.4443554346713038E-03   7.3086227496671998E-05
     100   8.5953826771653553E+01       16   4.5350000000000007E-01   1.0476775320487824E-02   2.1546771851559980E-03   6.4424847836164358E-05
     100   8.5953826771653553E+01       17   4.8340000000000005E-01   7.2157956179216155E-03   1.6861550818633800E-03   5.0416036947715070E-05
     100   8.5953826771653553E+01       18   5.1330000000000009E-01   7.0357029432866012E-03   1.8537451304610007E-03   5.5426979400783931E-05
     100   8.5953826771653553E+01       19   5.4320000000000002E-01   7.1213456169797826E-03   2.1012686749427049E-03   6.2827933380786886E-05
     100   8.5953826771653553E+01       20   5.7310000000000005E-01   6.6307789771058818E-03   2.1778369843527636E-03   6.5117325832147647E-05
     100   8.5953826771653553E+01       21   6.0300000000000009E-01   5.2121544180283672E-03   1.8951862557848773E-03   5.6666069047967846E-05
     100   8.5953826771653553E+01       22   6.3290000000000002E-01   4.5012340728561437E-03   1.8030251681973727E-03   5.3910452529101455E-05
     100   8.5953826771653553E+01       23   6.6280000000000006E-01   3.8812567549728607E-03   1.7050509964855170E-03   5.0981024794916966E-05
     100   8.5953826771653553E+01       24   6.9270000000000009E-01   2.9430989726467447E-03   1.4121968628407078E-03   4.2224686198937171E-05
     100   8.5953826771653553E+01       25   7.2260000000000002E-01   1.9486855869004581E-03   1.0175076602011203E-03   3.0423479040013505E-05
     100   8.5953826771653553E+01       26   7.5250000000000006E-01   2.6418200051716071E-03   1.4959470893034551E-03   4.4728817970173321E-05
     100   8.5953826771653553E+01       27   7.8240000000000010E-01   2.8225510240545973E-03   1.7278239319627761E-03   5.1661935565687020E-05
     100   8.5953826771653553E+01       28   8.1230000000000013E-01   2.0738776227066107E-03   1.3684093470926367E-03   4.0915439478069845E-05
     100   8.5953826771653553E+01       29   8.4220000000000006E-01   2.1931201194130387E-03   1.5555819429205690E-03   4.6511900093325024E-05
     100   8.5953826771653553E+01       30   8.7210000000000010E-01   1.9205705613986311E-03   1.4607060924701504E-03   4.3675112164857505E-05
     100   8.5953826771653553E+01       31   9.0200000000000014E-01   1.6631079120224732E-03   1.3531112496531327E-03   4.0458026364628679E-05
     100   8.5953826771653553E+01       32   9.3190000000000006E-01   1.8447914301493857E-03   1.6020862605474146E-03   4.7902379190367707E-05
     100   8.5953826771653553E+01       33   9.6180000000000010E-01   1.6833319680085749E-03   1.5571817909937169E-03   4.6559735550712142E-05
     100   8.5953826771653553E+01       34   9.9170000000000014E-01   1.8176525324047636E-03   1.7876047184498024E-03   5.3449381081649102E-05
     100   8.5953826771653553E+01       35   1.0216000000000001E+00   1.5563855469499885E-03   1.6243475498190132E-03   4.8567991739588507E-05
     100   8.5953826771653553E+01       36   1.0515000000000001E+00   1.6836290141717014E-03   1.8615082076842238E-03   5.5659095409758304E-05
     100   8.5953826771653553E+01       37   1.0814000000000001E+00   1.6136125929570350E-03   1.8870004555868703E-03   5.6421313622047434E-05
     100   8.5953826771653553E+01       38   1.1113000000000002E+00   1.6350154305737308E-03   2.0192239297186078E-03   6.0374795498586384E-05
     100   8.5953826771653553E+01       39   1.1412000000000002E+00   1.6017378363379913E-03   2.0860031533275593E-03   6.2371494284494034E-05
     100   8.5953826771653553E+01       40   1.1711000000000000E+00   1.6252805241497167E-03   2.2290319481671427E-03   6.6648055250197581E-05
     100   8.5953826771653553E+01       41   1.2010000000000001E+00   1.5155557396733439E-03   2.1860391144605711E-03   6.5362569522371092E-05
     100   8.5953826771653553E+01       42   1.2309000000000001E+00   1.5417487320671698E-03   2.3359263372536914E-03   6.9844197483885396E-05
     100   8.5953826771653553E+01       43   1.2608000000000001E+00   1.5735131916698477E-03   2.5012827527378999E-03   7.4788354306863216E-05
     100   8.5953826771653553E+01       44   1.2907000000000002E+00   1.5606222030884248E-03   2.5998506565631054E-03   7.7735534631236865E-05
     100   8.5953826771653553E+01       45   1.3206000000000002E+00   1.4914979963212586E-03   2.6011491785556135E-03   7.7774360438812861E-05
     100   8.5953826771653553E+01       46   1.3505000000000000E+00   1.4771209811689206E-03   2.6940474707851810E-03   8.0552019376476928E-05
     100   8.5953826771653553E+01       47   1.3804000000000001E+00   1.4833712768645834E-03   2.8265701388899755E-03   8.4514447152810287E-05
     100   8.5953826771653553E+01       48   1.4103000000000001E+00   1.4229188037559075E-03   2.8301087911177898E-03   8.4620252854421930E-05
     100   8.5953826771653553E+01       49   1.4402000000000001E+00   1.4206042567383207E-03   2.9465833116486336E-03   8.8102841018294168E-05
     100   8.5953826771653553E+01       50   1.4701000000000002E+00   1.3791800208263309E-03   2.9806755997215423E-03   8.9122200431674138E-05
 
     101   8.6822047244094492E+01        1   5.0000000000000001E-03   6.9171388910722650E-02   1.7292847227680664E-06   5.1705613210765196E-08
     101   8.6822047244094492E+01        2   3.4900000000000000E-02   7.0825727689048892E-02   8.6266444582538444E-05   2.5793666930178999E-06
     101   8.6822047244094492E+01        3   6.4800000000000010E-02   7.7954256563029012E-02   3.2733304147842141E-04   9.7872579402048022E-06
     101   8.6822047244094492E+01        4   9.4700000000000006E-02   8.8737761202642110E-02   7.9580822886380286E-04   2.3794666043027710E-05
     101   8.6822047244094492E+01        5   1.2460000000000002E-01   9.1452754678830878E-02   1.4198186488295983E-03   4.2452577600005002E-05
     101   8.6822047244094492E+01        6   1.5450000000000003E-01   8.4260249782266525E-02   2.0113132273651482E-03   6.0138265498217946E-05
     101   8.6822047244094492E+01        7   1.8440000000000001E-01   7.6381680426801157E-02   2.5972337769574736E-03   7.7657289931028477E-05
     101   8.6822047244094492E+01        8   2.1430000000000002E-01   6.0086964172516723E-02   2.7594631852711029E-03   8.2507949239606001E-05
     101   8.6822047244094492E+01        9   2.4420000000000003E-01   3.9127281948320401E-02   2.3333022458846379E-03   6.9765737151950694E-05
     101   8.6822047244094492E+01       10   2.7410000000000001E-01   3.9838924010679629E-02   2.9931306304508093E-03   8.9494605850479222E-05
     101   8.6822047244094492E+01       11   3.0400000000000005E-01   4.5471146509282537E-02   4.2022614758018559E-03   1.2564761812647551E-04
     101   8.6822047244094492E+01       12   3.3390000000000003E-01   3.3688372282822329E-02   3.7558900119977587E-03   1.1230111135873301E-04
     101   8.6822047244094492E+01       13   3.6380000000000001E-01   2.6551832388750276E-02   3.5141466994573502E-03   1.0507298631377479E-04
     101   8.6822047244094492E+01       14   3.9370000000000005E-01   2.2500752545097136E-02   3.4876096692567685E-03   1.0427952911077740E-04
     101   8.6822047244094492E+01       15   4.2360000000000003E-01   1.5091751101645458E-02   2.7080179387559125E-03   8.0969736368801794E-05
     101   8.6822047244094492E+01       16   4.5350000000000007E-01   1.1677268559046812E-02   2.4015733257078259E-03   7.1807042438664005E-05
     101   8.6822047244094492E+01       17   4.8340000000000005E-01   8.1026835833549783E-03   1.8933991238432818E-03   5.6612633802914136E-05
     101   8.6822047244094492E+01       18   5.1330000000000009E-01   7.6833800417422070E-03   2.0243930780863076E-03   6.0529353034780611E-05
     101   8.6822047244094492E+01       19   5.4320000000000002E-01   7.5335007987031724E-03   2.2228817547103423E-03   6.6464164465839255E-05
     101   8.6822047244094492E+01       20   5.7310000000000005E-01   6.8614464423363501E-03   2.2535982393426081E-03   6.7382587356343995E-05
     101   8.6822047244094492E+01       21   6.0300000000000009E-01   5.3828494848953776E-03   1.9572525183533238E-03   5.8521850298764393E-05
     101   8.6822047244094492E+01       22   6.3290000000000002E-01   4.6840377367007484E-03   1.8762494443437974E-03   5.6099858385879554E-05
     101   8.6822047244094492E+01       23   6.6280000000000006E-01   4.1016089274945790E-03   1.8018525520266504E-03   5.3875391305596854E-05
     101   8.6822047244094492E+01       24   6.9270000000000009E-01   3.1786484733262520E-03   1.5252213547096132E-03   4.5604118505817443E-05
     101   8.6822047244094492E+01       25   7.2260000000000002E-01   2.1282108013023007E-03   1.1112468873402054E-03   3.3226281931472149E-05
     101   8.6822047244094492E+01       26   7.5250000000000006E-01   2.7709667703337396E-03   1.5690772522437950E-03   4.6915409842089479E-05
     101   8.6822047244094492E+01       27   7.8240000000000010E-01   2.9284483173605534E-03   1.7926489346446668E-03   5.3600203145875550E-05
     101   8.6822047244094492E+01       28   8.1230000000000013E-01   2.1774614909178900E-03   1.4367572244776750E-03   4.2959041011882495E-05
     101   8.6822047244094492E+01       29   8.4220000000000006E-01   2.3116871581712675E-03   1.6396816431080933E-03   4.9026481128931998E-05
     101   8.6822047244094492E+01       30   8.7210000000000010E-01   2.0234271627093494E-03   1.5389345456210343E-03   4.6014142914068936E-05
     101   8.6822047244094492E+01       31   9.0200000000000014E-01   1.7373879095145069E-03   1.4135457527326412E-03   4.2265018006705979E-05
     101   8.6822047244094492E+01       32   9.3190000000000006E-01   1.8997819375843081E-03   1.6498420853968858E-03   4.9330278353366896E-05
     101   8.6822047244094492E+01       33   9.6180000000000010E-01   1.7315447714197718E-03   1.6017814902755481E-03   4.7893266559238899E-05
     101   8.6822047244094492E+01       34   9.9170000000000014E-01   1.8743899747539162E-03   1.8434042278983626E-03   5.5117786414161053E-05
     101   8.6822047244094492E+01       35   1.0216000000000001E+00   1.6203462274668634E-03   1.6911011732293191E-03   5.0563925079556655E-05
     101   8.6822047244094492E+01       36   1.0515000000000001E+00   1.7434279104445265E-03   1.9276249918957894E-03   5.7635987257684119E-05
     101   8.6822047244094492E+01       37   1.0814000000000001E+00   1.6572243787020199E-03   1.9380012099990138E-03   5.7946236178970523E-05
     101   8.6822047244094492E+01       38   1.1113000000000002E+00   1.6747423186166876E-03   2.0682861474136676E-03   6.1841755807668668E-05
     101   8.6822047244094492E+01       39   1.1412000000000002E+00   1.6514970214815757E-03   2.1508064031239412E-03   6.4309111453405855E-05
     101   8.6822047244094492E+01       40   1.1711000000000000E+00   1.6914699010548903E-03   2.3198090377579352E-03   6.9362290228962273E-05
     101   8.6822047244094492E+01       41   1.2010000000000001E+00   1.5726132360059373E-03   2.2683389042282005E-03   6.7823333236423215E-05
     101   8.6822047244094492E+01       42   1.2309000000000001E+00   1.5846838062696031E-03   2.4009779040462470E-03   7.1789239330982807E-05
     101   8.6822047244094492E+01       43   1.2608000000000001E+00   1.6081092091312062E-03   2.5562771577722059E-03   7.6432687017388972E-05
     101   8.6822047244094492E+01       44   1.2907000000000002E+00   1.5941651198715708E-03   2.6557300193256785E-03   7.9406327577837799E-05
     101   8.6822047244094492E+01       45   1.3206000000000002E+00   1.5302714079362455E-03   2.6687694019959930E-03   7.9796205119680213E-05
     101   8.6822047244094492E+01       46   1.3505000000000000E+00   1.5176749753704577E-03   2.7680118832481529E-03   8.2763555309119794E-05
     101   8.6822047244094492E+01       47   1.3804000000000001E+00   1.5268500095736084E-03   2.9094190449385510E-03   8.6991629443662700E-05
     101   8.6822047244094492E+01       48   1.4103000000000001E+00   1.4691138088282730E-03   2.9219881658340014E-03   8.7367446158436658E-05
     101   8.6822047244094492E+01       49   1.4402000000000001E+00   1.4680706883950260E-03   3.0450370468952694E-03   9.1046607702168571E-05
     101   8.6822047244094492E+01       50   1.4701000000000002E+00   1.4226665980371131E-03   3.0746585299048870E-03   9.1932290044156146E-05
 
     102   8.7690267716535431E+01        1   5.0000000000000001E-03   6.4045214322393795E-02   1.6011303580598450E-06   4.7873797705989376E-08
     102   8.7690267716535431E+01        2   3.4900000000000000E-02   6.6504533055667267E-02   8.1003186307133292E-05   2.4219952705832858E-06
     102   8.7690267716535431E+01        3   6.4800000000000010E-02   7.5260626929569863E-02   3.1602238290234113E-04   9.4490692487800014E-06
     102   8.7690267716535431E+01        4   9.4700000000000006E-02   8.7694057573680165E-02   7.8644820078594552E-04   2.3514801203499777E-05
     102   8.7690267716535431E+01        5   1.2460000000000002E-01   9.1575057128261153E-02   1.4217174139253953E-03   4.2509350676369327E-05
     102   8.7690267716535431E+01        6   1.5450000000000003E-01   8.4932490367583713E-02   2.0273597781968159E-03   6.0618057368084805E-05
     102   8.7690267716535431E+01        7   1.8440000000000001E-01   7.7215799684290820E-02   2.6255966343528272E-03   7.8505339367149557E-05
     102   8.7690267716535431E+01        8   2.1430000000000002E-01   6.1201357225144554E-02   2.8106411178725793E-03   8.4038169424390137E-05
     102   8.7690267716535431E+01        9   2.4420000000000003E-01   4.0693377206918159E-02   2.4266942067415636E-03   7.2558156781572770E-05
     102   8.7690267716535431E+01       10   2.7410000000000001E-01   4.1976166675918997E-02   3.1537034030568018E-03   9.4295731751398398E-05
     102   8.7690267716535431E+01       11   3.0400000000000005E-01   4.7757836523603346E-02   4.4135882201653282E-03   1.3196628778294335E-04
     102   8.7690267716535431E+01       12   3.3390000000000003E-01   3.5700882142208137E-02   3.9802631463378936E-03   1.1900986807550304E-04
     102   8.7690267716535431E+01       13   3.6380000000000001E-01   2.8639334912913601E-02   3.7904285770314771E-03   1.1333381445324118E-04
     102   8.7690267716535431E+01       14   3.9370000000000005E-01   2.4536712797760353E-02   3.8031828772718888E-03   1.1371516803042950E-04
     102   8.7690267716535431E+01       15   4.2360000000000003E-01   1.6708030075688607E-02   2.9980381243701342E-03   8.9641339918667030E-05
     102   8.7690267716535431E+01       16   4.5350000000000007E-01   1.3076781399919598E-02   2.6894002854656153E-03   8.0413068535421916E-05
     102   8.7690267716535431E+01       17   4.8340000000000005E-01   9.2162704295165234E-03   2.1536171537287147E-03   6.4393152896488579E-05
     102   8.7690267716535431E+01       18   5.1330000000000009E-01   8.5939672860307747E-03   2.2643117732851297E-03   6.7702922021225398E-05
     102   8.7690267716535431E+01       19   5.4320000000000002E-01   8.1715204140734750E-03   2.4111398036639037E-03   7.2093080129550743E-05
     102   8.7690267716535431E+01       20   5.7310000000000005E-01   7.2608669359989306E-03   2.3847853481891281E-03   7.1305081910854939E-05
     102   8.7690267716535431E+01       21   6.0300000000000009E-01   5.6104439905174637E-03   2.0400079289480651E-03   6.0996237075547158E-05
     102   8.7690267716535431E+01       22   6.3290000000000002E-01   4.8429553801693365E-03   1.9399058786030959E-03   5.8003185770232578E-05
     102   8.7690267716535431E+01       23   6.6280000000000006E-01   4.2716218138292780E-03   1.8765398658429672E-03   5.6108541988704729E-05
     102   8.7690267716535431E+01       24   6.9270000000000009E-01   3.3773619013910492E-03   1.6205706726651233E-03   4.8455063112687198E-05
     102   8.7690267716535431E+01       25   7.2260000000000002E-01   2.3009471266453641E-03   1.2014412908976932E-03   3.5923094597841037E-05
     102   8.7690267716535431E+01       26   7.5250000000000006E-01   2.9113486968288071E-03   1.6485693955086676E-03   4.9292224925709170E-05
     102   8.7690267716535431E+01       27   7.8240000000000010E-01   3.0422876104799807E-03   1.8623356306062939E-03   5.5683835355128198E-05
     102   8.7690267716535431E+01       28   8.1230000000000013E-01   2.2803507682304649E-03   1.5046467890539991E-03   4.4988938992714580E-05
     102   8.7690267716535431E+01       29   8.4220000000000006E-01   2.4174423520665679E-03   1.7146938909723926E-03   5.1269347340074549E-05
     102   8.7690267716535431E+01       30   8.7210000000000010E-01   2.1235755220700382E-03   1.6151032225805084E-03   4.8291586355157214E-05
     102   8.7690267716535431E+01       31   9.0200000000000014E-01   1.8154680203681522E-03   1.4770720432436106E-03   4.4164454092983965E-05
     102   8.7690267716535431E+01       32   9.3190000000000006E-01   1.9524094840652497E-03   1.6955458260829587E-03   5.0696820199880477E-05
     102   8.7690267716535431E+01       33   9.6180000000000010E-01   1.7693032669497185E-03   1.6367103354540239E-03   4.8937639030075325E-05
     102   8.7690267716535431E+01       34   9.9170000000000014E-01   1.9219840038963423E-03   1.8902114749096920E-03   5.6517323099799805E-05
     102   8.7690267716535431E+01       35   1.0216000000000001E+00   1.6858967159901414E-03   1.7595140260927280E-03   5.2609469380172578E-05
     102   8.7690267716535431E+01       36   1.0515000000000001E+00   1.8076372159618081E-03   1.9986181550119093E-03   5.9758682834856102E-05
     102   8.7690267716535431E+01       37   1.0814000000000001E+00   1.6936406481247817E-03   1.9805873408283454E-03   5.9219561490767540E-05
     102   8.7690267716535431E+01       38   1.1113000000000002E+00   1.6797906818072756E-03   2.0745208138086930E-03   6.2028172332879937E-05
     102   8.7690267716535431E+01       39   1.1412000000000002E+00   1.6444120356046976E-03   2.1415793607546117E-03   6.4033222886562900E-05
     102   8.7690267716535431E+01       40   1.1711000000000000E+00   1.6964968246231025E-03   2.3267033388143028E-03   6.9568429830547669E-05
     102   8.7690267716535431E+01       41   1.2010000000000001E+00   1.5824956505442755E-03   2.2825933088407141E-03   6.8249539934337369E-05
     102   8.7690267716535431E+01       42   1.2309000000000001E+00   1.5839502294236365E-03   2.3998664509026499E-03   7.1756006881989250E-05
     102   8.7690267716535431E+01       43   1.2608000000000001E+00   1.5930411034890059E-03   2.5323246463100865E-03   7.5716506924671596E-05
     102   8.7690267716535431E+01       44   1.2907000000000002E+00   1.5695579689709895E-03   2.6147368069399908E-03   7.8180630527505736E-05
     102   8.7690267716535431E+01       45   1.3206000000000002E+00   1.5091426701192598E-03   2.6319212136966296E-03   7.8694444289529241E-05
     102   8.7690267716535431E+01       46   1.3505000000000000E+00   1.4958097267492169E-03   2.7281329440839910E-03   8.1571175028111344E-05
     102   8.7690267716535431E+01       47   1.3804000000000001E+00   1.5022518550970154E-03   2.8625471592550805E-03   8.5590160061726919E-05
     102   8.7690267716535431E+01       48   1.4103000000000001E+00   1.4460654106207237E-03   2.8761461443383334E-03   8.5996769715716181E-05
     102   8.7690267716535431E+01       49   1.4402000000000001E+00   1.4491110140155211E-03   3.0057113445710981E-03   8.9870769202675857E-05
     102   8.7690267716535431E+01       50   1.4701000000000002E+00   1.4073119400556222E-03   3.0414741350496904E-03   9.0940076637985759E-05
 
     103   8.8558488188976384E+01        1   5.0000000000000001E-03   5.7085360213469570E-02   1.4271340053367393E-06   4.2671306759568514E-08
     103   8.8558488188976384E+01        2   3.4900000000000000E-02   6.0066408615572706E-02   7.3161486357853716E-05   2.1875284420998265E-06
     103   8.8558488188976384E+01        3   6.4800000000000010E-02   7.0041694011513014E-02   2.9410787482210370E-04   8.7938254571809024E-06
     103   8.8558488188976384E+01        4   9.4700000000000006E-02   8.4073471647468700E-02   7.5397846034694772E-04   2.2543955964373743E-05
     103   8.8558488188976384E+01        5   1.2460000000000002E-01   8.9396219312780953E-02   1.3878906082260148E-03   4.1497929185957851E-05
     103   8.8558488188976384E+01        6   1.5450000000000003E-01   8.3597899152718369E-02   1.9955027522501763E-03   5.9665532292280286E-05
     103   8.8558488188976384E+01        7   1.8440000000000001E-01   7.6506006640282634E-02   2.6014612859519212E-03   7.7783692449962465E-05
     103   8.8558488188976384E+01        8   2.1430000000000002E-01   6.1342546164796057E-02   2.8171251479197153E-03   8.4232041922799504E-05
     103   8.8558488188976384E+01        9   2.4420000000000003E-01   4.1737866060789337E-02   2.4889808790373299E-03   7.4420528283216186E-05
     103   8.8558488188976384E+01       10   2.7410000000000001E-01   4.3752731599446940E-02   3.2871781647790446E-03   9.8286627126893453E-05
     103   8.8558488188976384E+01       11   3.0400000000000005E-01   4.9665163192541467E-02   4.5898557216019131E-03   1.3723668607589724E-04
     103   8.8558488188976384E+01       12   3.3390000000000003E-01   3.7408458989477145E-02   4.1706395400542056E-03   1.2470212224762077E-04
     103   8.8558488188976384E+01       13   3.6380000000000001E-01   3.0541099259504441E-02   4.0421279250790875E-03   1.2085962495986475E-04
     103   8.8558488188976384E+01       14   3.9370000000000005E-01   2.6402125645283249E-02   4.0923212903599552E-03   1.2236040658176268E-04
     103   8.8558488188976384E+01       15   4.2360000000000003E-01   1.8289640279082624E-02   3.2818374511721384E-03   9.8126939790046960E-05
     103   8.8558488188976384E+01       16   4.5350000000000007E-01   1.4558307402185222E-02   2.9940942565250686E-03   8.9523418270099576E-05
     103   8.8558488188976384E+01       17   4.8340000000000005E-01   1.0454013058762479E-02   2.4428473557536359E-03   7.3041135937033732E-05
     103   8.8558488188976384E+01       18   5.1330000000000009E-01   9.6721968088128822E-03   2.5484003346539436E-03   7.6197170006152929E-05
     103   8.8558488188976384E+01       19   5.4320000000000002E-01   8.9814687444597779E-03   2.6501282121052677E-03   7.9238833541947517E-05
     103   8.8558488188976384E+01       20   5.7310000000000005E-01   7.8322667573671977E-03   2.5724579682726771E-03   7.6916493251353058E-05
     103   8.8558488188976384E+01       21   6.0300000000000009E-01   5.9435632144221578E-03   2.1611330768328270E-03   6.4617878997301535E-05
     103   8.8558488188976384E+01       22   6.3290000000000002E-01   5.0359394586977540E-03   2.0172080461900678E-03   6.0314520581083041E-05
     103   8.8558488188976384E+01       23   6.6280000000000006E-01   4.4126841223158953E-03   1.9385090796404027E-03   5.7961421481248052E-05
     103   8.8558488188976384E+01       24   6.9270000000000009E-01   3.5237771412019244E-03   1.6908255788897143E-03   5.0555684808802472E-05
     103   8.8558488188976384E+01       25   7.2260000000000002E-01   2.4495185043343702E-03   1.2790179486722548E-03   3.8242636665300426E-05
     103   8.8558488188976384E+01       26   7.5250000000000006E-01   3.0649772603514526E-03   1.7355625297818876E-03   5.1893319640478453E-05
     103   8.8558488188976384E+01       27   7.8240000000000010E-01   3.1824178876480435E-03   1.9481163461434572E-03   5.8248678749689383E-05
     103   8.8558488188976384E+01       28   8.1230000000000013E-01   2.3946838925484899E-03   1.5800873619624919E-03   4.7244612122678517E-05
     103   8.8558488188976384E+01       29   8.4220000000000006E-01   2.5136634383049368E-03   1.7829435882669802E-03   5.3310013289182718E-05
     103   8.8558488188976384E+01       30   8.7210000000000010E-01   2.2192969030051723E-03   1.6879049238675383E-03   5.0468357223639407E-05
     103   8.8558488188976384E+01       31   9.0200000000000014E-01   1.9012623761865187E-03   1.5468746743148567E-03   4.6251552762014229E-05
     103   8.8558488188976384E+01       32   9.3190000000000006E-01   2.0190098477419057E-03   1.7533840867394446E-03   5.2426184193509406E-05
     103   8.8558488188976384E+01       33   9.6180000000000010E-01   1.8157415593279063E-03   1.6796685069082882E-03   5.0222088356557830E-05
     103   8.8558488188976384E+01       34   9.9170000000000014E-01   1.9692560503031249E-03   1.9367020619173989E-03   5.7907391651330243E-05
     103   8.8558488188976384E+01       35   1.0216000000000001E+00   1.7462546439591048E-03   1.8225075771448240E-03   5.4492976556630252E-05
     103   8.8558488188976384E+01       36   1.0515000000000001E+00   1.8715510457317703E-03   2.0692846247031848E-03   6.1871610278625233E-05
     103   8.8558488188976384E+01       37   1.0814000000000001E+00   1.7396905260548550E-03   2.0344392635346042E-03   6.0829733979684678E-05
     103   8.8558488188976384E+01       38   1.1113000000000002E+00   1.6913908530241171E-03   2.0888468824633846E-03   6.2456521785655210E-05
     103   8.8558488188976384E+01       39   1.1412000000000002E+00   1.6308662816439737E-03   2.1239382182185323E-03   6.3505752724734129E-05
     103   8.8558488188976384E+01       40   1.1711000000000000E+00   1.6757000061271392E-03   2.2981810178002195E-03   6.8715612432226577E-05
     103   8.8558488188976384E+01       41   1.2010000000000001E+00   1.5704210852234871E-03   2.2651769437474433E-03   6.7728790618048568E-05
     103   8.8558488188976384E+01       42   1.2309000000000001E+00   1.5694096742013791E-03   2.3778358403397848E-03   7.1097291626159582E-05
     103   8.8558488188976384E+01       43   1.2608000000000001E+00   1.5712002237822076E-03   2.4976060204959217E-03   7.4678420012828071E-05
     103   8.8558488188976384E+01       44   1.2907000000000002E+00   1.5381149414124087E-03   2.5623556632649023E-03   7.6614434331620591E-05
     103   8.8558488188976384E+01       45   1.3206000000000002E+00   1.4747106762587165E-03   2.5718723549202258E-03   7.6898983412114770E-05
     103   8.8558488188976384E+01       46   1.3505000000000000E+00   1.4570794298615320E-03   2.6574946824228125E-03   7.9459091004442113E-05
     103   8.8558488188976384E+01       47   1.3804000000000001E+00   1.4583518442119669E-03   2.7788955058895750E-03   8.3088975626098316E-05
     103   8.8558488188976384E+01       48   1.4103000000000001E+00   1.4016555820805653E-03   2.7878173895058149E-03   8.3355739946223886E-05
     103   8.8558488188976384E+01       49   1.4402000000000001E+00   1.4101386800034891E-03   2.9248758631404644E-03   8.7453788307899905E-05
     103   8.8558488188976384E+01       50   1.4701000000000002E+00   1.3763234363576501E-03   2.9745019664787703E-03   8.8937608797715249E-05
 
     104   8.9426708661417322E+01        1   5.0000000000000001E-03   4.9566533207207282E-02   1.2391633301801820E-06   3.7050983572387447E-08
     104   8.9426708661417322E+01        2   3.4900000000000000E-02   5.2731302323033469E-02   6.4227253542477994E-05   1.9203948809200924E-06
     104   8.9426708661417322E+01        3   6.4800000000000010E-02   6.3336614393243576E-02   2.6595297730180558E-04   7.9519940213239881E-06
     104   8.9426708661417322E+01        4   9.4700000000000006E-02   7.8586138090996696E-02   7.0476755915248671E-04   2.1072550018659359E-05
     104   8.9426708661417322E+01        5   1.2460000000000002E-01   8.5303944111695354E-02   1.3243573809651285E-03   3.9598285690857354E-05
     104   8.9426708661417322E+01        6   1.5450000000000003E-01   8.0566574108416888E-02   1.9231442656114390E-03   5.7502013541782041E-05
     104   8.9426708661417322E+01        7   1.8440000000000001E-01   7.4519937346225334E-02   2.5339282567611449E-03   7.5764454877158254E-05
     104   8.9426708661417322E+01        8   2.1430000000000002E-01   6.0610709488173001E-02   2.7835159217825065E-03   8.3227126061296961E-05
     104   8.9426708661417322E+01        9   2.4420000000000003E-01   4.2212606951132985E-02   2.5172914063853625E-03   7.5267013050922359E-05
     104   8.9426708661417322E+01       10   2.7410000000000001E-01   4.5072006798437474E-02   3.3862963790921145E-03   1.0125026173485424E-04
     104   8.9426708661417322E+01       11   3.0400000000000005E-01   5.1122234004378153E-02   4.7245123777486129E-03   1.4126292009468357E-04
     104   8.9426708661417322E+01       12   3.3390000000000003E-01   3.8705427213153849E-02   4.3152375027070249E-03   1.2902560133094007E-04
     104   8.9426708661417322E+01       13   3.6380000000000001E-01   3.2041439668563480E-02   4.2406986383678310E-03   1.2679688928719817E-04
     104   8.9426708661417322E+01       14   3.9370000000000005E-01   2.7868567471765596E-02   4.3196193188677528E-03   1.2915661763414585E-04
     104   8.9426708661417322E+01       15   4.2360000000000003E-01   1.9644597656620990E-02   3.5249668839271949E-03   1.0539650982942315E-04
     104   8.9426708661417322E+01       16   4.5350000000000007E-01   1.5946726468978142E-02   3.2796396457446010E-03   9.8061225407763589E-05
     104   8.9426708661417322E+01       17   4.8340000000000005E-01   1.1667945150072571E-02   2.7265136169924930E-03   8.1522757148075556E-05
     104   8.9426708661417322E+01       18   5.1330000000000009E-01   1.0792061457038996E-02   2.8434587893895039E-03   8.5019417802746183E-05
     104   8.9426708661417322E+01       19   5.4320000000000002E-01   9.8686187556156872E-03   2.9118962302129999E-03   8.7065697283368720E-05
     104   8.9426708661417322E+01       20   5.7310000000000005E-01   8.5248784966626811E-03   2.7999418682552644E-03   8.3718261860832416E-05
     104   8.9426708661417322E+01       21   6.0300000000000009E-01   6.3838402311449357E-03   2.3212217626063796E-03   6.9404530701930767E-05
     104   8.9426708661417322E+01       22   6.3290000000000002E-01   5.2943872974014058E-03   2.1207325353204938E-03   6.3409902806082783E-05
     104   8.9426708661417322E+01       23   6.6280000000000006E-01   4.5446755328747666E-03   1.9964934131459313E-03   5.9695153053063357E-05
     104   8.9426708661417322E+01       24   6.9270000000000009E-01   3.6167694670603918E-03   1.7354463925511349E-03   5.1889847137278943E-05
     104   8.9426708661417322E+01       25   7.2260000000000002E-01   2.5598088633951169E-03   1.3366061434764967E-03   3.9964523689947261E-05
     104   8.9426708661417322E+01       26   7.5250000000000006E-01   3.2167315131248759E-03   1.8214943238789184E-03   5.4462680283979669E-05
     104   8.9426708661417322E+01       27   7.8240000000000010E-01   3.3386928397555046E-03   2.0437800205700511E-03   6.1109022615044535E-05
     104   8.9426708661417322E+01       28   8.1230000000000013E-01   2.5157722075934553E-03   1.6599852210825378E-03   4.9633558110367889E-05
     104   8.9426708661417322E+01       29   8.4220000000000006E-01   2.5993784674678286E-03   1.8437413304528440E-03   5.5127865780540050E-05
     104   8.9426708661417322E+01       30   8.7210000000000010E-01   2.3033562878983431E-03   1.7518369959874664E-03   5.2379926180025260E-05
     104   8.9426708661417322E+01       31   9.0200000000000014E-01   1.9871758193532449E-03   1.6167741953290779E-03   4.8341548440339438E-05
     104   8.9426708661417322E+01       32   9.3190000000000006E-01   2.0975444759193393E-03   1.8215865115360937E-03   5.4465436694929215E-05
     104   8.9426708661417322E+01       33   9.6180000000000010E-01   1.8719389149456861E-03   1.7316543899860814E-03   5.1776466260583847E-05
     104   8.9426708661417322E+01       34   9.9170000000000014E-01   2.0102379888384289E-03   1.9770065235187625E-03   5.9112495053211009E-05
     104   8.9426708661417322E+01       35   1.0216000000000001E+00   1.7845886902772314E-03   1.8625155393965436E-03   5.5689214627956665E-05
     104   8.9426708661417322E+01       36   1.0515000000000001E+00   1.9192639963958652E-03   2.1220385559590806E-03   6.3448952823176526E-05
     104   8.9426708661417322E+01       37   1.0814000000000001E+00   1.7945328562524821E-03   2.0985733081746016E-03   6.2747341914420605E-05
     104   8.9426708661417322E+01       38   1.1113000000000002E+00   1.7395936556030731E-03   2.1483767502718954E-03   6.4236464833129683E-05
     104   8.9426708661417322E+01       39   1.1412000000000002E+00   1.6622615312704727E-03   2.1648254272452682E-03   6.4728280274633533E-05
     104   8.9426708661417322E+01       40   1.1711000000000000E+00   1.6850957422339620E-03   2.3110670369504288E-03   6.9100904404817840E-05
     104   8.9426708661417322E+01       41   1.2010000000000001E+00   1.5783850075756706E-03   2.2766641133121555E-03   6.8072256988033469E-05
     104   8.9426708661417322E+01       42   1.2309000000000001E+00   1.5784235590234007E-03   2.3914929107292640E-03   7.1505638030805002E-05
     104   8.9426708661417322E+01       43   1.2608000000000001E+00   1.5820006432919647E-03   2.5147745470676121E-03   7.5191758957321623E-05
     104   8.9426708661417322E+01       44   1.2907000000000002E+00   1.5458021232686663E-03   2.5751617894090519E-03   7.6997337503330671E-05
     104   8.9426708661417322E+01       45   1.3206000000000002E+00   1.4760006785541700E-03   2.5741220987478609E-03   7.6966250752561057E-05
     104   8.9426708661417322E+01       46   1.3505000000000000E+00   1.4536290802281897E-03   2.6512017613814537E-03   7.9270932665305479E-05
     104   8.9426708661417322E+01       47   1.3804000000000001E+00   1.4515155057273365E-03   2.7658688344679438E-03   8.2699478150591538E-05
     104   8.9426708661417322E+01       48   1.4103000000000001E+00   1.3926983536465634E-03   2.7700019450347699E-03   8.2823058156539632E-05
     104   8.9426708661417322E+01       49   1.4402000000000001E+00   1.4050121828579367E-03   2.9142426055920314E-03   8.7135853907201755E-05
     104   8.9426708661417322E+01       50   1.4701000000000002E+00   1.3763952255866100E-03   2.9746571169303811E-03   8.8942247796218416E-05
 
     105   9.0294929133858275E+01        1   5.0000000000000001E-03   4.2692352878064672E-02   1.0673088219516168E-06   3.1912533776353351E-08
     105   9.0294929133858275E+01        2   3.4900000000000000E-02   4.5746098908488707E-02   5.5719205931528333E-05   1.6660042573526974E-06
     105   9.0294929133858275E+01        3   6.4800000000000010E-02   5.6358957329667836E-02   2.3665351618556849E-04   7.0759401339484991E-06
     105   9.0294929133858275E+01        4   9.4700000000000006E-02   7.2155214450614541E-02   6.4709445716241184E-04   1.9348124269156118E-05
     105   9.0294929133858275E+01        5   1.2460000000000002E-01   7.9876574349592458E-02   1.2400965970293192E-03   3.7078888251176652E-05
     105   9.0294929133858275E+01        6   1.5450000000000003E-01   7.6317495093186874E-02   1.8217176872481447E-03   5.4469358848719541E-05
     105   9.0294929133858275E+01        7   1.8440000000000001E-01   7.1694432429629196E-02   2.4378515959003564E-03   7.2891762717420665E-05
     105   9.0294929133858275E+01        8   2.1430000000000002E-01   5.9308416765063432E-02   2.7237087926429882E-03   8.1438892900025363E-05
     105   9.0294929133858275E+01        9   2.4420000000000003E-01   4.2207992569640765E-02   2.5170162340206331E-03   7.5258785397216952E-05
     105   9.0294929133858275E+01       10   2.7410000000000001E-01   4.5875830505238989E-02   3.4466883052813148E-03   1.0305598032791133E-04
     105   9.0294929133858275E+01       11   3.0400000000000005E-01   5.2037231298235266E-02   4.8090727676577119E-03   1.4379127575296562E-04
     105   9.0294929133858275E+01       12   3.3390000000000003E-01   3.9509301853509565E-02   4.4048608512993175E-03   1.3170533945384963E-04
     105   9.0294929133858275E+01       13   3.6380000000000001E-01   3.3040842912875193E-02   4.3729700974899140E-03   1.3075180591494846E-04
     105   9.0294929133858275E+01       14   3.9370000000000005E-01   2.8827923635729343E-02   4.4683192268817227E-03   1.3360274488376353E-04
     105   9.0294929133858275E+01       15   4.2360000000000003E-01   2.0613501994808603E-02   3.6988241329023921E-03   1.1059484157378155E-04
     105   9.0294929133858275E+01       16   4.5350000000000007E-01   1.7035329599014565E-02   3.5035242148249348E-03   1.0475537402326557E-04
     105   9.0294929133858275E+01       17   4.8340000000000005E-01   1.2679279975636549E-02   2.9628378487036575E-03   8.8588851676239379E-05
     105   9.0294929133858275E+01       18   5.1330000000000009E-01   1.1806340313473638E-02   3.1106978280756601E-03   9.3009865059462258E-05
     105   9.0294929133858275E+01       19   5.4320000000000002E-01   1.0719517810435567E-02   3.1629678149382558E-03   9.4572737666653864E-05
     105   9.0294929133858275E+01       20   5.7310000000000005E-01   9.2523246810405774E-03   3.0388669191330664E-03   9.0862120882078705E-05
     105   9.0294929133858275E+01       21   6.0300000000000009E-01   6.8815840405000656E-03   2.5022058913821894E-03   7.4815956152327474E-05
     105   9.0294929133858275E+01       22   6.3290000000000002E-01   5.6037066515014552E-03   2.2446342412584530E-03   6.7114563813627765E-05
     105   9.0294929133858275E+01       23   6.6280000000000006E-01   4.6786998666318831E-03   2.0553708176188745E-03   6.1455587446804363E-05
     105   9.0294929133858275E+01       24   6.9270000000000009E-01   3.6757806617454631E-03   1.7637619282437032E-03   5.2736481654486739E-05
     105   9.0294929133858275E+01       25   7.2260000000000002E-01   2.6280908308206406E-03   1.3722596246620289E-03   4.1030562777394671E-05
     105   9.0294929133858275E+01       26   7.5250000000000006E-01   3.3356224079631337E-03   1.8888170361491747E-03   5.6475629380860333E-05
     105   9.0294929133858275E+01       27   7.8240000000000010E-01   3.4702715669738728E-03   2.1243259068578807E-03   6.3517344615050643E-05
     105   9.0294929133858275E+01       28   8.1230000000000013E-01   2.6191899470484328E-03   1.7282234815159997E-03   5.1673882097328400E-05
     105   9.0294929133858275E+01       29   8.4220000000000006E-01   2.6678475164710934E-03   1.8923064844248608E-03   5.6579963884303348E-05
     105   9.0294929133858275E+01       30   8.7210000000000010E-01   2.3689436679696944E-03   1.8017200294905989E-03   5.3871428881768919E-05
     105   9.0294929133858275E+01       31   9.0200000000000014E-01   2.0577477717185718E-03   1.6741918180613173E-03   5.0058335360033398E-05
     105   9.0294929133858275E+01       32   9.3190000000000006E-01   2.1670409360765672E-03   1.8819398512984970E-03   5.6270001553825070E-05
     105   9.0294929133858275E+01       33   9.6180000000000010E-01   1.9221618742164617E-03   1.7781136025196559E-03   5.3165596715337722E-05
     105   9.0294929133858275E+01       34   9.9170000000000014E-01   2.0342576631275262E-03   2.0006291259300228E-03   5.9818810865307695E-05
     105   9.0294929133858275E+01       35   1.0216000000000001E+00   1.7912026635381279E-03   1.8694183221176755E-03   5.5895607831318507E-05
     105   9.0294929133858275E+01       36   1.0515000000000001E+00   1.9341036087895105E-03   2.1384460067912425E-03   6.3939535603058160E-05
     105   9.0294929133858275E+01       37   1.0814000000000001E+00   1.8324460944707367E-03   2.1429100331746926E-03   6.4073009991923326E-05
     105   9.0294929133858275E+01       38   1.1113000000000002E+00   1.8042846656836236E-03   2.2282693513750412E-03   6.6625253606113750E-05
     105   9.0294929133858275E+01       39   1.1412000000000002E+00   1.7315833219246071E-03   2.2551057906219896E-03   6.7427663139597505E-05
     105   9.0294929133858275E+01       40   1.1711000000000000E+00   1.7369379076979385E-03   2.3821672817169910E-03   7.1226801723338053E-05
     105   9.0294929133858275E+01       41   1.2010000000000001E+00   1.6158588852240743E-03   2.3307164719060906E-03   6.9688422509992122E-05
     105   9.0294929133858275E+01       42   1.2309000000000001E+00   1.6126472501253666E-03   2.4433457319707180E-03   7.3056037385924488E-05
     105   9.0294929133858275E+01       43   1.2608000000000001E+00   1.6181906935485858E-03   2.5723028531579734E-03   7.6911855309423421E-05
     105   9.0294929133858275E+01       44   1.2907000000000002E+00   1.5835114653492907E-03   2.6379820271147940E-03   7.8875662610732362E-05
     105   9.0294929133858275E+01       45   1.3206000000000002E+00   1.5105559075190653E-03   2.6343858776188573E-03   7.8768137740803845E-05
     105   9.0294929133858275E+01       46   1.3505000000000000E+00   1.4871728143538560E-03   2.7123805092524838E-03   8.1100177226649283E-05
     105   9.0294929133858275E+01       47   1.3804000000000001E+00   1.4850795210970408E-03   2.8298252053812192E-03   8.4611773640898475E-05
     105   9.0294929133858275E+01       48   1.4103000000000001E+00   1.4227515767357370E-03   2.8297761855898794E-03   8.4610307949137414E-05
     105   9.0294929133858275E+01       49   1.4402000000000001E+00   1.4339339006817112E-03   2.9742313397377452E-03   8.8929517058158606E-05
     105   9.0294929133858275E+01       50   1.4701000000000002E+00   1.4030483016235680E-03   3.0322595852095291E-03   9.0664561597764940E-05
 
     106   9.1163149606299214E+01        1   5.0000000000000001E-03   3.7226392508410547E-02   9.3065981271026376E-07   2.7826728400036893E-08
     106   9.1163149606299214E+01        2   3.4900000000000000E-02   3.9957994882215457E-02   4.8669237346487249E-05   1.4552101966599691E-06
     106   9.1163149606299214E+01        3   6.4800000000000010E-02   5.0069417100508107E-02   2.1024348518171762E-04   6.2862802069333581E-06
     106   9.1163149606299214E+01        4   9.4700000000000006E-02   6.5713081414988606E-02   5.8932082830694522E-04   1.7620692766377667E-05
     106   9.1163149606299214E+01        5   1.2460000000000002E-01   7.3899870511914018E-02   1.1473073136767473E-03   3.4304488678934750E-05
     106   9.1163149606299214E+01        6   1.5450000000000003E-01   7.1475769989054277E-02   1.7061444985812235E-03   5.1013720507578595E-05
     106   9.1163149606299214E+01        7   1.8440000000000001E-01   6.8522209412902033E-02   2.3299853546622966E-03   6.9666562104402690E-05
     106   9.1163149606299214E+01        8   2.1430000000000002E-01   5.7815948325131511E-02   2.6551679406980190E-03   7.9389521426870779E-05
     106   9.1163149606299214E+01        9   2.4420000000000003E-01   4.1905756491915559E-02   2.4989927965665560E-03   7.4719884617340047E-05
     106   9.1163149606299214E+01       10   2.7410000000000001E-01   4.6164824421048418E-02   3.4684006522611491E-03   1.0370517950260839E-04
     106   9.1163149606299214E+01       11   3.0400000000000005E-01   5.2347663338651977E-02   4.8377616551048622E-03   1.4464907348763541E-04
     106   9.1163149606299214E+01       12   3.3390000000000003E-01   3.9788723905160792E-02   4.4360133950944926E-03   1.3263680051332535E-04
     106   9.1163149606299214E+01       13   3.6380000000000001E-01   3.3541233862659288E-02   4.4391970598658568E-03   1.3273199208998915E-04
     106   9.1163149606299214E+01       14   3.9370000000000005E-01   2.9276799358309881E-02   4.5378948247302318E-03   1.3568305525943396E-04
     106   9.1163149606299214E+01       15   4.2360000000000003E-01   2.1115638812939718E-02   3.7889260370519125E-03   1.1328888850785220E-04
     106   9.1163149606299214E+01       16   4.5350000000000007E-01   1.7674664179811658E-02   3.6350112032144714E-03   1.0868683497611272E-04
     106   9.1163149606299214E+01       17   4.8340000000000005E-01   1.3344219078246932E-02   3.1182178658720363E-03   9.3234714189573904E-05
     106   9.1163149606299214E+01       18   5.1330000000000009E-01   1.2583770620488042E-02   3.3155327475595606E-03   9.9134429152030891E-05
     106   9.1163149606299214E+01       19   5.4320000000000002E-01   1.1432607368592709E-02   3.3733764696469454E-03   1.0086395644244369E-04
     106   9.1163149606299214E+01       20   5.7310000000000005E-01   9.9267037801887836E-03   3.2603624249658513E-03   9.7484836506478971E-05
     106   9.1163149606299214E+01       21   6.0300000000000009E-01   7.3724900818179021E-03   2.6807037461597264E-03   8.0153042010175832E-05
     106   9.1163149606299214E+01       22   6.3290000000000002E-01   5.9348425498688562E-03   2.3772748347460145E-03   7.1080517558905852E-05
     106   9.1163149606299214E+01       23   6.6280000000000006E-01   4.8347917866913620E-03   2.1239425974939764E-03   6.3505883665069906E-05
     106   9.1163149606299214E+01       24   6.9270000000000009E-01   3.7437610071970372E-03   1.7963811610570686E-03   5.3711796715606365E-05
     106   9.1163149606299214E+01       25   7.2260000000000002E-01   2.6742485438136657E-03   1.3963609095811989E-03   4.1751191196477854E-05
     106   9.1163149606299214E+01       26   7.5250000000000006E-01   3.4058561032109112E-03   1.9285873050438240E-03   5.7664760420810354E-05
     106   9.1163149606299214E+01       27   7.8240000000000010E-01   3.5460712046282267E-03   2.1707266368560800E-03   6.4904726441996808E-05
     106   9.1163149606299214E+01       28   8.1230000000000013E-01   2.6874579960679207E-03   1.7732688763663115E-03   5.3020739403352724E-05
     106   9.1163149606299214E+01       29   8.4220000000000006E-01   2.7220673221128263E-03   1.9307646381111787E-03   5.7729862679524254E-05
     106   9.1163149606299214E+01       30   8.7210000000000010E-01   2.4237926702988448E-03   1.8434358994921440E-03   5.5118733394815116E-05
     106   9.1163149606299214E+01       31   9.0200000000000014E-01   2.1114301229182919E-03   1.7178679937268145E-03   5.1364253012431764E-05
     106   9.1163149606299214E+01       32   9.3190000000000006E-01   2.2184007072459091E-03   1.9265426082229471E-03   5.7603623985866128E-05
     106   9.1163149606299214E+01       33   9.6180000000000010E-01   1.9632327510483000E-03   1.8161065966278500E-03   5.4301587239172729E-05
     106   9.1163149606299214E+01       34   9.9170000000000014E-01   2.0519996988741323E-03   2.0180778661320776E-03   6.0340528197349135E-05
     106   9.1163149606299214E+01       35   1.0216000000000001E+00   1.7848633204422422E-03   1.8628021617161329E-03   5.5697784635312383E-05
     106   9.1163149606299214E+01       36   1.0515000000000001E+00   1.9228157995079594E-03   2.1259656150615243E-03   6.3566371890339589E-05
     106   9.1163149606299214E+01       37   1.0814000000000001E+00   1.8329109849475006E-03   2.1434536881667771E-03   6.4089265276186653E-05
     106   9.1163149606299214E+01       38   1.1113000000000002E+00   1.8379329387491340E-03   2.2698245544007052E-03   6.7867754176581096E-05
     106   9.1163149606299214E+01       39   1.1412000000000002E+00   1.7841217364344859E-03   2.3235285348764440E-03   6.9473503192805691E-05
     106   9.1163149606299214E+01       40   1.1711000000000000E+00   1.7910567603906956E-03   2.4563899465787492E-03   7.3446059402704612E-05
     106   9.1163149606299214E+01       41   1.2010000000000001E+00   1.6540372050152989E-03   2.3857849185512725E-03   7.1334969064683064E-05
     106   9.1163149606299214E+01       42   1.2309000000000001E+00   1.6421682131688231E-03   2.4880733802833213E-03   7.4393394070471327E-05
     106   9.1163149606299214E+01       43   1.2608000000000001E+00   1.6430272178061193E-03   2.6117834053975123E-03   7.8092323821385637E-05
     106   9.1163149606299214E+01       44   1.2907000000000002E+00   1.6086885814377437E-03   2.6799247482060316E-03   8.0129749971360369E-05
     106   9.1163149606299214E+01       45   1.3206000000000002E+00   1.5380456296905356E-03   2.6823275231466466E-03   8.0201592942084755E-05
     106   9.1163149606299214E+01       46   1.3505000000000000E+00   1.5179059750153822E-03   2.7684331920082984E-03   8.2776152441048142E-05
     106   9.1163149606299214E+01       47   1.3804000000000001E+00   1.5172107419907294E-03   2.8910513804600219E-03   8.6442436275754669E-05
     106   9.1163149606299214E+01       48   1.4103000000000001E+00   1.4500606284571823E-03   2.8840924172328559E-03   8.6234363275262412E-05
     106   9.1163149606299214E+01       49   1.4402000000000001E+00   1.4553346401047548E-03   3.0186202406873057E-03   9.0256745196550461E-05
     106   9.1163149606299214E+01       50   1.4701000000000002E+00   1.4164132530229408E-03   3.0611438381177945E-03   9.1528200759722074E-05
 
     107   9.2031370078740167E+01        1   5.0000000000000001E-03   3.3632004064149616E-02   8.4080010160374042E-07   2.5139923037951845E-08
     107   9.2031370078740167E+01        2   3.4900000000000000E-02   3.5884825569159340E-02   4.3708076391491767E-05   1.3068714841056041E-06
     107   9.2031370078740167E+01        3   6.4800000000000010E-02   4.5131810858436393E-02   1.8951027906700881E-04   5.6663573441035650E-06
     107   9.2031370078740167E+01        4   9.4700000000000006E-02   6.0103874889201193E-02   5.3901695935509647E-04   1.6116607084717389E-05
     107   9.2031370078740167E+01        5   1.2460000000000002E-01   6.8273942054641115E-02   1.0599638742290324E-03   3.1692919839448074E-05
     107   9.2031370078740167E+01        6   1.5450000000000003E-01   6.6759889526251504E-02   1.5935752529640055E-03   4.7647900063623777E-05
     107   9.2031370078740167E+01        7   1.8440000000000001E-01   6.5486865614539924E-02   2.2267734667628224E-03   6.6580526656208406E-05
     107   9.2031370078740167E+01        8   2.1430000000000002E-01   5.6445621128650411E-02   2.5922363630664948E-03   7.7507867255688205E-05
     107   9.2031370078740167E+01        9   2.4420000000000003E-01   4.1464136195719460E-02   2.4726573708065045E-03   7.3932455387114502E-05
     107   9.2031370078740167E+01       10   2.7410000000000001E-01   4.5993207637252551E-02   3.4555069442849706E-03   1.0331965763412064E-04
     107   9.2031370078740167E+01       11   3.0400000000000005E-01   5.2080867078254399E-02   4.8131054119039595E-03   1.4391185181592843E-04
     107   9.2031370078740167E+01       12   3.3390000000000003E-01   3.9577513657485144E-02   4.4124657314372302E-03   1.3193272536997320E-04
     107   9.2031370078740167E+01       13   3.6380000000000001E-01   3.3575489840131562E-02   4.4437308535569420E-03   1.3286755252135259E-04
     107   9.2031370078740167E+01       14   3.9370000000000005E-01   2.9240992855026259E-02   4.5323448278212861E-03   1.3551711035185649E-04
     107   9.2031370078740167E+01       15   4.2360000000000003E-01   2.1139748993179271E-02   3.7932522944991499E-03   1.1341824360552460E-04
     107   9.2031370078740167E+01       16   4.5350000000000007E-01   1.7815016216276201E-02   3.6638763188258515E-03   1.0954990193289299E-04
     107   9.2031370078740167E+01       17   4.8340000000000005E-01   1.3592025048148274E-02   3.1761240646600757E-03   9.4966109533336284E-05
     107   9.2031370078740167E+01       18   5.1330000000000009E-01   1.3027809766487656E-02   3.4325268007857949E-03   1.0263255134349529E-04
     107   9.2031370078740167E+01       19   5.4320000000000002E-01   1.1916436532399743E-02   3.5161381218138310E-03   1.0513252984223357E-04
     107   9.2031370078740167E+01       20   5.7310000000000005E-01   1.0457858038244091E-02   3.4348166469484079E-03   1.0270101774375742E-04
     107   9.2031370078740167E+01       21   6.0300000000000009E-01   7.7908319550454314E-03   2.8328166163421151E-03   8.4701216828629258E-05
     107   9.2031370078740167E+01       22   6.3290000000000002E-01   6.2574858701597491E-03   2.5065136206921363E-03   7.4944757258694897E-05
     107   9.2031370078740167E+01       23   6.6280000000000006E-01   5.0302858818360840E-03   2.2098239041883783E-03   6.6073734735232523E-05
     107   9.2031370078740167E+01       24   6.9270000000000009E-01   3.8572572312006483E-03   1.8508404276232982E-03   5.5340128785936629E-05
     107   9.2031370078740167E+01       25   7.2260000000000002E-01   2.7279616004572418E-03   1.4244072229295654E-03   4.2589775965594014E-05
     107   9.2031370078740167E+01       26   7.5250000000000006E-01   3.4363645740615109E-03   1.9458629173409190E-03   5.8181301228493488E-05
     107   9.2031370078740167E+01       27   7.8240000000000010E-01   3.5627536716194225E-03   2.1809388050209487E-03   6.5210070270126382E-05
     107   9.2031370078740167E+01       28   8.1230000000000013E-01   2.7158269104464658E-03   1.7919875737366065E-03   5.3580428454724545E-05
     107   9.2031370078740167E+01       29   8.4220000000000006E-01   2.7651465481407082E-03   1.9613207693193052E-03   5.8643491002647239E-05
     107   9.2031370078740167E+01       30   8.7210000000000010E-01   2.4739869970436443E-03   1.8816116168321891E-03   5.6260187343282469E-05
     107   9.2031370078740167E+01       31   9.0200000000000014E-01   2.1552697484227682E-03   1.7535360883957584E-03   5.2430729043033189E-05
     107   9.2031370078740167E+01       32   9.3190000000000006E-01   2.2582988568188487E-03   1.9611916618814933E-03   5.8639630690256665E-05
     107   9.2031370078740167E+01       33   9.6180000000000010E-01   2.0037895377542272E-03   1.8536240269148771E-03   5.5423358404754837E-05
     107   9.2031370078740167E+01       34   9.9170000000000014E-01   2.0821568237979547E-03   2.0477364603065005E-03   6.1227320163164374E-05
     107   9.2031370078740167E+01       35   1.0216000000000001E+00   1.7929694914920382E-03   1.8712623013704449E-03   5.5950742810976314E-05
     107   9.2031370078740167E+01       36   1.0515000000000001E+00   1.9090360445196538E-03   2.1107299979542557E-03   6.3110826938832254E-05
     107   9.2031370078740167E+01       37   1.0814000000000001E+00   1.8008715146477525E-03   2.1059858998536025E-03   6.2968978405622726E-05
     107   9.2031370078740167E+01       38   1.1113000000000002E+00   1.8124187676221797E-03   2.2383148671383632E-03   6.6925614527437076E-05
     107   9.2031370078740167E+01       39   1.1412000000000002E+00   1.7718725359806499E-03   2.3075759425153484E-03   6.8996520681208938E-05
     107   9.2031370078740167E+01       40   1.1711000000000000E+00   1.7952787588110931E-03   2.4621803127489834E-03   7.3619191351194615E-05
     107   9.2031370078740167E+01       41   1.2010000000000001E+00   1.6542229182951568E-03   2.3860527915718528E-03   7.1342978467998420E-05
     107   9.2031370078740167E+01       42   1.2309000000000001E+00   1.6359471686858257E-03   2.4786477836534634E-03   7.4111568731238572E-05
     107   9.2031370078740167E+01       43   1.2608000000000001E+00   1.6292985937802732E-03   2.5899601562017235E-03   7.7439808670431550E-05
     107   9.2031370078740167E+01       44   1.2907000000000002E+00   1.5923410730749070E-03   2.6526913279290524E-03   7.9315470705078683E-05
     107   9.2031370078740167E+01       45   1.3206000000000002E+00   1.5251793409335294E-03   2.6598889167831841E-03   7.9530678611817218E-05
     107   9.2031370078740167E+01       46   1.3505000000000000E+00   1.5083838468961776E-03   2.7510662562575555E-03   8.2256881062100928E-05
     107   9.2031370078740167E+01       47   1.3804000000000001E+00   1.5071161335842992E-03   2.8718160621479982E-03   8.5867300258225167E-05
     107   9.2031370078740167E+01       48   1.4103000000000001E+00   1.4355954572529905E-03   2.8553219715250979E-03   8.5374126948600449E-05
     107   9.2031370078740167E+01       49   1.4402000000000001E+00   1.4348230960812931E-03   2.9760756875304366E-03   8.8984663057160068E-05
     107   9.2031370078740167E+01       50   1.4701000000000002E+00   1.3883504548821619E-03   3.0004946868721042E-03   8.9714791137475940E-05
 
     108   9.2899590551181106E+01        1   5.0000000000000001E-03   3.2344166418992910E-02   8.0860416047482277E-07   2.4177264398197206E-08
     108   9.2899590551181106E+01        2   3.4900000000000000E-02   3.3977908401848785E-02   4.1385432212535840E-05   1.2374244231548219E-06
     108   9.2899590551181106E+01        3   6.4800000000000010E-02   4.2080540108881306E-02   1.7669787113879700E-04   5.2832663470500316E-06
     108   9.2899590551181106E+01        4   9.4700000000000006E-02   5.6034697092457696E-02   5.0252420664789906E-04   1.5025473778772185E-05
     108   9.2899590551181106E+01        5   1.2460000000000002E-01   6.3814404165172312E-02   9.9072883496896698E-04   2.9622792165572121E-05
     108   9.2899590551181106E+01        6   1.5450000000000003E-01   6.2868837673095201E-02   1.5006948724662014E-03   4.4870776686739435E-05
     108   9.2899590551181106E+01        7   1.8440000000000001E-01   6.3037870686854625E-02   2.1434994105985652E-03   6.4090632376897108E-05
     108   9.2899590551181106E+01        8   2.1430000000000002E-01   5.5394940495046570E-02   2.5439843908153614E-03   7.6065133285379327E-05
     108   9.2899590551181106E+01        9   2.4420000000000003E-01   4.0960096307686197E-02   2.4425996375778886E-03   7.3033729163578885E-05
     108   9.2899590551181106E+01       10   2.7410000000000001E-01   4.5443689165478474E-02   3.4142211763906220E-03   1.0208521317407962E-04
     108   9.2899590551181106E+01       11   3.0400000000000005E-01   5.1349241612264375E-02   4.7454915128390257E-03   1.4189019623388690E-04
     108   9.2899590551181106E+01       12   3.3390000000000003E-01   3.8957468075944121E-02   4.3433373393872311E-03   1.2986578644767822E-04
     108   9.2899590551181106E+01       13   3.6380000000000001E-01   3.3172396905830369E-02   4.3903813263412887E-03   1.3127240165760457E-04
     108   9.2899590551181106E+01       14   3.9370000000000005E-01   2.8744165236497254E-02   4.4553367009658529E-03   1.3321456735887902E-04
     108   9.2899590551181106E+01       15   4.2360000000000003E-01   2.0718249835490792E-02   3.7176197670009685E-03   1.1115683103332899E-04
     108   9.2899590551181106E+01       16   4.5350000000000007E-01   1.7487189990823243E-02   3.5964548396901887E-03   1.0753399970673667E-04
     108   9.2899590551181106E+01       17   4.8340000000000005E-01   1.3419001738053797E-02   3.1356927457806953E-03   9.3757213098842802E-05
     108   9.2899590551181106E+01       18   5.1330000000000009E-01   1.3080383868089572E-02   3.4463788615704117E-03   1.0304672796095534E-04
     108   9.2899590551181106E+01       19   5.4320000000000002E-01   1.2086272770659993E-02   3.5662510620530267E-03   1.0663090675538553E-04
     108   9.2899590551181106E+01       20   5.7310000000000005E-01   1.0747917378409385E-02   3.5300847837465149E-03   1.0554953503402082E-04
     108   9.2899590551181106E+01       21   6.0300000000000009E-01   8.0633065735710753E-03   2.9318908399096062E-03   8.7663536113297247E-05
     108   9.2899590551181106E+01       22   6.3290000000000002E-01   6.5265811668207569E-03   2.6143030812423346E-03   7.8167662129145822E-05
     108   9.2899590551181106E+01       23   6.6280000000000006E-01   5.2504976996925311E-03   2.3065638013860961E-03   6.8966257661444295E-05
     108   9.2899590551181106E+01       24   6.9270000000000009E-01   4.0149325950368667E-03   1.9264983162047779E-03   5.7602299654522870E-05
     108   9.2899590551181106E+01       25   7.2260000000000002E-01   2.8032177654191766E-03   1.4637022866591249E-03   4.3764698371107847E-05
     108   9.2899590551181106E+01       26   7.5250000000000006E-01   3.4439578347409783E-03   1.9501626486585464E-03   5.8309863194890552E-05
     108   9.2899590551181106E+01       27   7.8240000000000010E-01   3.5318368096612534E-03   2.1620130553933023E-03   6.4644190356259753E-05
     108   9.2899590551181106E+01       28   8.1230000000000013E-01   2.6999065036615272E-03   1.7814827911903756E-03   5.3266335456592240E-05
     108   9.2899590551181106E+01       29   8.4220000000000006E-01   2.7805451494286228E-03   1.9722430101476482E-03   5.8970066003414695E-05
     108   9.2899590551181106E+01       30   8.7210000000000010E-01   2.5007904445706148E-03   1.9019972042658203E-03   5.6869716407548038E-05
     108   9.2899590551181106E+01       31   9.0200000000000014E-01   2.1815466029243584E-03   1.7749150423256701E-03   5.3069959765537549E-05
     108   9.2899590551181106E+01       32   9.3190000000000006E-01   2.2850758634963115E-03   1.9844458215634232E-03   5.9334930064746367E-05
     108   9.2899590551181106E+01       33   9.6180000000000010E-01   2.0382106154823356E-03   1.8854655629180219E-03   5.6375420331248867E-05
     108   9.2899590551181106E+01       34   9.9170000000000014E-01   2.1177502347512309E-03   2.0827414726680331E-03   6.2273970032774203E-05
     108   9.2899590551181106E+01       35   1.0216000000000001E+00   1.8154378298210554E-03   1.8947117547432066E-03   5.6651881466821887E-05
     108   9.2899590551181106E+01       36   1.0515000000000001E+00   1.9042218390457205E-03   2.1054071608400389E-03   6.2951674109117174E-05
     108   9.2899590551181106E+01       37   1.0814000000000001E+00   1.7578289306540548E-03   2.0556507847458920E-03   6.1463958463902190E-05
     108   9.2899590551181106E+01       38   1.1113000000000002E+00   1.7429509583687258E-03   2.1525229778590793E-03   6.4360437037986489E-05
     108   9.2899590551181106E+01       39   1.1412000000000002E+00   1.6973152623476202E-03   2.2104772136387289E-03   6.6093268687798009E-05
     108   9.2899590551181106E+01       40   1.1711000000000000E+00   1.7349247646056521E-03   2.3794063058717374E-03   7.1144248545564957E-05
     108   9.2899590551181106E+01       41   1.2010000000000001E+00   1.6036187598101055E-03   2.3130613027688564E-03   6.9160532952788816E-05
     108   9.2899590551181106E+01       42   1.2309000000000001E+00   1.5877537776923570E-03   2.4056292632151383E-03   7.1928314970132651E-05
     108   9.2899590551181106E+01       43   1.2608000000000001E+00   1.5790038472267072E-03   2.5100107901755925E-03   7.5049322626250239E-05
     108   9.2899590551181106E+01       44   1.2907000000000002E+00   1.5399275035388874E-03   2.5653752222749310E-03   7.6704719146020460E-05
     108   9.2899590551181106E+01       45   1.3206000000000002E+00   1.4725222934240283E-03   2.5680558494828374E-03   7.6784869899536860E-05
     108   9.2899590551181106E+01       46   1.3505000000000000E+00   1.4551018798328098E-03   2.6538879273085400E-03   7.9351249026525359E-05
     108   9.2899590551181106E+01       47   1.3804000000000001E+00   1.4506338834182845E-03   2.7641888994904963E-03   8.2649248094765856E-05
     108   9.2899590551181106E+01       48   1.4103000000000001E+00   1.3781397317438450E-03   2.7410456309255697E-03   8.1957264364674549E-05
     108   9.2899590551181106E+01       49   1.4402000000000001E+00   1.3760639692986618E-03   2.8541989146265803E-03   8.5340547547334763E-05
     108   9.2899590551181106E+01       50   1.4701000000000002E+00   1.3281871901779806E-03   2.8704701995713828E-03   8.5827058967184370E-05
 
     109   9.3767811023622045E+01        1   5.0000000000000001E-03   3.3692855623859173E-02   8.4232139059647938E-07   2.5185409578834739E-08
     109   9.3767811023622045E+01        2   3.4900000000000000E-02   3.4602380923681286E-02   4.2146045988853045E-05   1.2601667750667063E-06
     109   9.3767811023622045E+01        3   6.4800000000000010E-02   4.1345293350815243E-02   1.7361054059180728E-04   5.1909551636950388E-06
     109   9.3767811023622045E+01        4   9.4700000000000006E-02   5.4015895419599474E-02   4.8441941155355592E-04   1.4484140405451324E-05
     109   9.3767811023622045E+01        5   1.2460000000000002E-01   6.1092313394720522E-02   9.4846794022317952E-04   2.8359191412673073E-05
     109   9.3767811023622045E+01        6   1.5450000000000003E-01   6.0351900616504528E-02   1.4406149556911178E-03   4.3074387175164435E-05
     109   9.3767811023622045E+01        7   1.8440000000000001E-01   6.1549825802015179E-02   2.0929008846832112E-03   6.2577736452028030E-05
     109   9.3767811023622045E+01        8   2.1430000000000002E-01   5.4792629085976589E-02   2.5163235465326412E-03   7.5238074041325981E-05
     109   9.3767811023622045E+01        9   2.4420000000000003E-01   4.0439063158549567E-02   2.4115285343342084E-03   7.2104703176592853E-05
     109   9.3767811023622045E+01       10   2.7410000000000001E-01   4.4626278299320435E-02   3.3528084359133671E-03   1.0024897223380970E-04
     109   9.3767811023622045E+01       11   3.0400000000000005E-01   5.0312428266384421E-02   4.6496733706661835E-03   1.3902523378291892E-04
     109   9.3767811023622045E+01       12   3.3390000000000003E-01   3.8045544075404163E-02   4.2416676529869910E-03   1.2682586282431106E-04
     109   9.3767811023622045E+01       13   3.6380000000000001E-01   3.2396631948791707E-02   4.2877084929406400E-03   1.2820248393892515E-04
     109   9.3767811023622045E+01       14   3.9370000000000005E-01   2.7857551105369919E-02   4.3179117854914963E-03   1.2910556238619576E-04
     109   9.3767811023622045E+01       15   4.2360000000000003E-01   1.9935747982911391E-02   3.5772100133797525E-03   1.0695857940005463E-04
     109   9.3767811023622045E+01       16   4.5350000000000007E-01   1.6781434388758093E-02   3.4513075546193654E-03   1.0319409588311905E-04
     109   9.3767811023622045E+01       17   4.8340000000000005E-01   1.2882347419177553E-02   3.0102897472908700E-03   9.0007663443997027E-05
     109   9.3767811023622045E+01       18   5.1330000000000009E-01   1.2744807021173702E-02   3.3579621175890122E-03   1.0040306731591149E-04
     109   9.3767811023622045E+01       19   5.4320000000000002E-01   1.1902380025824822E-02   3.5119905212712336E-03   1.0500851658600991E-04
     109   9.3767811023622045E+01       20   5.7310000000000005E-01   1.0728265840126412E-02   3.5236303615708022E-03   1.0535654781096701E-04
     109   9.3767811023622045E+01       21   6.0300000000000009E-01   8.1272153644716977E-03   2.9551286514601905E-03   8.8358346678659721E-05
     109   9.3767811023622045E+01       22   6.3290000000000002E-01   6.6863551690444552E-03   2.6783025406284045E-03   8.0081245964789316E-05
     109   9.3767811023622045E+01       23   6.6280000000000006E-01   5.4504353780229853E-03   2.3943971912373492E-03   7.1592476017996764E-05
     109   9.3767811023622045E+01       24   6.9270000000000009E-01   4.1850799630752302E-03   2.0081406875954669E-03   6.0043406559104478E-05
     109   9.3767811023622045E+01       25   7.2260000000000002E-01   2.8973191807855126E-03   1.5128374122097329E-03   4.5233838625071024E-05
     109   9.3767811023622045E+01       26   7.5250000000000006E-01   3.4482093180912975E-03   1.9525700776774357E-03   5.8381845322555337E-05
     109   9.3767811023622045E+01       27   7.8240000000000010E-01   3.4782307408360159E-03   2.1291981132273898E-03   6.3663023585498968E-05
     109   9.3767811023622045E+01       28   8.1230000000000013E-01   2.6452934811142231E-03   1.7454474100721889E-03   5.2188877561158462E-05
     109   9.3767811023622045E+01       29   8.4220000000000006E-01   2.7491087008172511E-03   1.9499451107409854E-03   5.8303358811155478E-05
     109   9.3767811023622045E+01       30   8.7210000000000010E-01   2.4785994076602521E-03   1.8851196245170234E-03   5.6365076773059013E-05
     109   9.3767811023622045E+01       31   9.0200000000000014E-01   2.1730023250389153E-03   1.7679633836609622E-03   5.2862105171462783E-05
     109   9.3767811023622045E+01       32   9.3190000000000006E-01   2.2865906098419216E-03   1.9857612842595612E-03   5.9374262399360891E-05
     109   9.3767811023622045E+01       33   9.6180000000000010E-01   2.0483419952459546E-03   1.8948376893823068E-03   5.6655646912530982E-05
     109   9.3767811023622045E+01       34   9.9170000000000014E-01   2.1335649636521283E-03   2.0982947665458495E-03   6.2739013519720916E-05
     109   9.3767811023622045E+01       35   1.0216000000000001E+00   1.8305637415077685E-03   1.9104981629601422E-03   5.7123895072508267E-05
     109   9.3767811023622045E+01       36   1.0515000000000001E+00   1.9037149076316642E-03   2.1048466709814918E-03   6.2934915462346613E-05
     109   9.3767811023622045E+01       37   1.0814000000000001E+00   1.7278100648509074E-03   2.0205459437859351E-03   6.0414323719199472E-05
     109   9.3767811023622045E+01       38   1.1113000000000002E+00   1.6786480593408135E-03   2.0731096891282949E-03   6.1985979704936030E-05
     109   9.3767811023622045E+01       39   1.1412000000000002E+00   1.6158668482159338E-03   2.1044038944864085E-03   6.2921676445143622E-05
     109   9.3767811023622045E+01       40   1.1711000000000000E+00   1.6541681032722132E-03   2.2686505468105605E-03   6.7832651349635778E-05
     109   9.3767811023622045E+01       41   1.2010000000000001E+00   1.5352939698301828E-03   2.2145095573770260E-03   6.6213835765573093E-05
     109   9.3767811023622045E+01       42   1.2309000000000001E+00   1.5267187345845167E-03   2.3131541654734609E-03   6.9163309547656498E-05
     109   9.3767811023622045E+01       43   1.2608000000000001E+00   1.5218540541165647E-03   2.4191645280751527E-03   7.2333019389447079E-05
     109   9.3767811023622045E+01       44   1.2907000000000002E+00   1.4838801196596051E-03   2.4720055217229133E-03   7.3912965099515122E-05
     109   9.3767811023622045E+01       45   1.3206000000000002E+00   1.4126726387947701E-03   2.4636789878580093E-03   7.3664001736954498E-05
     109   9.3767811023622045E+01       46   1.3505000000000000E+00   1.3913823006259565E-03   2.5376729568422260E-03   7.5876421409582580E-05
     109   9.3767811023622045E+01       47   1.3804000000000001E+00   1.3840684927491974E-03   2.6373482706585258E-03   7.8856713292689933E-05
     109   9.3767811023622045E+01       48   1.4103000000000001E+00   1.3149057022880828E-03   2.6152765552845867E-03   7.8196769003009161E-05
     109   9.3767811023622045E+01       49   1.4402000000000001E+00   1.3170226370111408E-03   2.7317367978261257E-03   8.1678930255001177E-05
     109   9.3767811023622045E+01       50   1.4701000000000002E+00   1.2744985551663938E-03   2.7544386431792652E-03   8.2357715431060041E-05
 
     110   9.4636031496062998E+01        1   5.0000000000000001E-03   3.7594737149784556E-02   9.3986842874461398E-07   2.8102066019463964E-08
     110   9.4636031496062998E+01        2   3.4900000000000000E-02   3.7771996888278730E-02   4.6006669929892376E-05   1.3755994309037823E-06
     110   9.4636031496062998E+01        3   6.4800000000000010E-02   4.3085373907675008E-02   1.8091720845328372E-04   5.4094245327531841E-06
     110   9.4636031496062998E+01        4   9.4700000000000006E-02   5.4292616445247556E-02   4.8690107061646025E-04   1.4558342011432164E-05
     110   9.4636031496062998E+01        5   1.2460000000000002E-01   6.0394992615011342E-02   9.3764192354686975E-04   2.8035493514051411E-05
     110   9.4636031496062998E+01        6   1.5450000000000003E-01   5.9523296649871861E-02   1.4208359718566044E-03   4.2482995558512478E-05
     110   9.4636031496062998E+01        7   1.8440000000000001E-01   6.1249594350922587E-02   2.0826920065683875E-03   6.2272490996394803E-05
     110   9.4636031496062998E+01        8   2.1430000000000002E-01   5.4728185584044700E-02   2.5133640115726054E-03   7.5149583946020914E-05
     110   9.4636031496062998E+01        9   2.4420000000000003E-01   3.9971980430074702E-02   2.3836746910541207E-03   7.1271873262518222E-05
     110   9.4636031496062998E+01       10   2.7410000000000001E-01   4.3679604226011741E-02   3.2816840459796853E-03   9.8122352974792617E-05
     110   9.4636031496062998E+01       11   3.0400000000000005E-01   4.9138104370299265E-02   4.5411470534855785E-03   1.3578029689921884E-04
     110   9.4636031496062998E+01       12   3.3390000000000003E-01   3.6978936769252228E-02   4.1227524470438840E-03   1.2327029816661217E-04
     110   9.4636031496062998E+01       13   3.6380000000000001E-01   3.1376643290544778E-02   4.1527125452266497E-03   1.2416610510227686E-04
     110   9.4636031496062998E+01       14   3.9370000000000005E-01   2.6728379248704904E-02   4.1428904977516947E-03   1.2387242588277571E-04
     110   9.4636031496062998E+01       15   4.2360000000000003E-01   1.8931402595167651E-02   3.3969933302129946E-03   1.0157010057336855E-04
     110   9.4636031496062998E+01       16   4.5350000000000007E-01   1.5833004218907036E-02   3.2562512719199149E-03   9.7361913030405477E-05
     110   9.4636031496062998E+01       17   4.8340000000000005E-01   1.2094849408318465E-02   2.8262707086044868E-03   8.4505494187274170E-05
     110   9.4636031496062998E+01       18   5.1330000000000009E-01   1.2101891763345345E-02   3.1885688049228486E-03   9.5338207267193196E-05
     110   9.4636031496062998E+01       19   5.4320000000000002E-01   1.1406223494932019E-02   3.3655914792492503E-03   1.0063118522955261E-04
     110   9.4636031496062998E+01       20   5.7310000000000005E-01   1.0400175192834966E-02   3.4158710849671631E-03   1.0213454544051820E-04
     110   9.4636031496062998E+01       21   6.0300000000000009E-01   7.9586405272237364E-03   2.8938333234632967E-03   8.6525616371552596E-05
     110   9.4636031496062998E+01       22   6.3290000000000002E-01   6.6912492211472184E-03   2.6802629139333531E-03   8.0139861126607277E-05
     110   9.4636031496062998E+01       23   6.6280000000000006E-01   5.5779021240267412E-03   2.4503938222291042E-03   7.3266775284650226E-05
     110   9.4636031496062998E+01       24   6.9270000000000009E-01   4.3271962471938194E-03   2.0763328117666640E-03   6.2082351071823271E-05
     110   9.4636031496062998E+01       25   7.2260000000000002E-01   3.0012173476360472E-03   1.5670879189933463E-03   4.6855928777901062E-05
     110   9.4636031496062998E+01       26   7.5250000000000006E-01   3.4745565928987082E-03   1.9674893867075998E-03   5.8827932662557242E-05
     110   9.4636031496062998E+01       27   7.8240000000000010E-01   3.4447245224698631E-03   2.1086872896960416E-03   6.3049749961911663E-05
     110   9.4636031496062998E+01       28   8.1230000000000013E-01   2.5850587872232791E-03   1.7057026742993721E-03   5.1000509961551238E-05
     110   9.4636031496062998E+01       29   8.4220000000000006E-01   2.6832990054399958E-03   1.9032662385297539E-03   5.6907660532039657E-05
     110   9.4636031496062998E+01       30   8.7210000000000010E-01   2.4115351244333827E-03   1.8341133198982061E-03   5.4839988264956375E-05
     110   9.4636031496062998E+01       31   9.0200000000000014E-01   2.1293245149082854E-03   1.7324269426274412E-03   5.1799565584560505E-05
     110   9.4636031496062998E+01       32   9.3190000000000006E-01   2.2611079355279152E-03   1.9636311714818968E-03   5.8712572027308729E-05
     110   9.4636031496062998E+01       33   9.6180000000000010E-01   2.0298028918604950E-03   1.8776879204942720E-03   5.6142868822778748E-05
     110   9.4636031496062998E+01       34   9.9170000000000014E-01   2.1224687837957191E-03   2.0873820188592263E-03   6.2412722363890883E-05
     110   9.4636031496062998E+01       35   1.0216000000000001E+00   1.8291151733118361E-03   1.9089863407741681E-03   5.7078691589147636E-05
     110   9.4636031496062998E+01       36   1.0515000000000001E+00   1.9047285997773828E-03   2.1059674619832128E-03   6.2968427113298082E-05
     110   9.4636031496062998E+01       37   1.0814000000000001E+00   1.7257487044319167E-03   2.0181353353990509E-03   6.0342246528431634E-05
     110   9.4636031496062998E+01       38   1.1113000000000002E+00   1.6640394240070803E-03   2.0550682043234351E-03   6.1446539309270725E-05
     110   9.4636031496062998E+01       39   1.1412000000000002E+00   1.5888259409595647E-03   2.0691875085548715E-03   6.1868706505790677E-05
     110   9.4636031496062998E+01       40   1.1711000000000000E+00   1.6194614964491457E-03   2.2210512959295065E-03   6.6409433748292255E-05
     110   9.4636031496062998E+01       41   1.2010000000000001E+00   1.5033279685412464E-03   2.1684017651518628E-03   6.4835212778040709E-05
     110   9.4636031496062998E+01       42   1.2309000000000001E+00   1.4973373720452536E-03   2.2686380279522442E-03   6.7832277035772114E-05
     110   9.4636031496062998E+01       43   1.2608000000000001E+00   1.4942764049315719E-03   2.3753266380386055E-03   7.1022266477354314E-05
     110   9.4636031496062998E+01       44   1.2907000000000002E+00   1.4584453930094345E-03   2.4296336455250180E-03   7.2646046001198058E-05
     110   9.4636031496062998E+01       45   1.3206000000000002E+00   1.3833324872505599E-03   2.4125102224448768E-03   7.2134055651101834E-05
     110   9.4636031496062998E+01       46   1.3505000000000000E+00   1.3587119770606326E-03   2.4780871790400288E-03   7.4094806653296879E-05
     110   9.4636031496062998E+01       47   1.3804000000000001E+00   1.3517117468567420E-03   2.5756923567563893E-03   7.7013201467016060E-05
     110   9.4636031496062998E+01       48   1.4103000000000001E+00   1.2877753917044401E-03   2.5613158301287645E-03   7.6583343320850070E-05
     110   9.4636031496062998E+01       49   1.4402000000000001E+00   1.2962491669273790E-03   2.6886489639107304E-03   8.0390604020930855E-05
     110   9.4636031496062998E+01       50   1.4701000000000002E+00   1.2610207436023089E-03   2.7253104775590564E-03   8.1486783279015811E-05
 
     111   9.5504251968503937E+01        1   5.0000000000000001E-03   4.3461498523471712E-02   1.0865374630867929E-06   3.2487470146295113E-08
     111   9.5504251968503937E+01        2   3.4900000000000000E-02   4.3022844866186800E-02   5.2402255275464190E-05   1.5668274327363797E-06
     111   9.5504251968503937E+01        3   6.4800000000000010E-02   4.7055458796073438E-02   1.9758775370306425E-04   5.9078738357216228E-06
     111   9.5504251968503937E+01        4   9.4700000000000006E-02   5.6794476004585946E-02   5.0933797231196727E-04   1.5229205372127825E-05
     111   9.5504251968503937E+01        5   1.2460000000000002E-01   6.1747439971721406E-02   9.5863888515137065E-04   2.8663302666025990E-05
     111   9.5504251968503937E+01        6   1.5450000000000003E-01   6.0438127032707852E-02   1.4426732018024951E-03   4.3135928733894612E-05
     111   9.5504251968503937E+01        7   1.8440000000000001E-01   6.2155674797184271E-02   2.1135017861715838E-03   6.3193703406530372E-05
     111   9.5504251968503937E+01        8   2.1430000000000002E-01   5.5212075622614640E-02   2.5355864148100100E-03   7.5814033802819311E-05
     111   9.5504251968503937E+01        9   2.4420000000000003E-01   3.9627599605667974E-02   2.3631380089485466E-03   7.0657826467561554E-05
     111   9.5504251968503937E+01       10   2.7410000000000001E-01   4.2729617551201013E-02   3.2103107776119489E-03   9.5988292250597288E-05
     111   9.5504251968503937E+01       11   3.0400000000000005E-01   4.7956112416808798E-02   4.4319120851118027E-03   1.3251417134484294E-04
     111   9.5504251968503937E+01       12   3.3390000000000003E-01   3.5873963632460856E-02   3.9995598649517922E-03   1.1958683996205861E-04
     111   9.5504251968503937E+01       13   3.6380000000000001E-01   3.0252397917634427E-02   4.0039181754540007E-03   1.1971715344607465E-04
     111   9.5504251968503937E+01       14   3.9370000000000005E-01   2.5516380488286885E-02   3.9550310656065171E-03   1.1825542886163488E-04
     111   9.5504251968503937E+01       15   4.2360000000000003E-01   1.7848554305743679E-02   3.2026903250175569E-03   9.5760440718024972E-05
     111   9.5504251968503937E+01       16   4.5350000000000007E-01   1.4783527278544484E-02   3.0404134830418362E-03   9.0908363142950922E-05
     111   9.5504251968503937E+01       17   4.8340000000000005E-01   1.1189332227867041E-02   2.6146734743728792E-03   7.8178736883749097E-05
     111   9.5504251968503937E+01       18   5.1330000000000009E-01   1.1274950654294385E-02   2.9706889332969505E-03   8.8823599105578840E-05
     111   9.5504251968503937E+01       19   5.4320000000000002E-01   1.0694911925566063E-02   3.1557074490079383E-03   9.4355652725337376E-05
     111   9.5504251968503937E+01       20   5.7310000000000005E-01   9.8210779146676742E-03   3.2256702843847232E-03   9.6447541503103242E-05
     111   9.5504251968503937E+01       21   6.0300000000000009E-01   7.5699612678213884E-03   2.7525060466312683E-03   8.2299930794274941E-05
     111   9.5504251968503937E+01       22   6.3290000000000002E-01   6.5108596279519438E-03   2.6080056237441341E-03   7.7979368149949619E-05
     111   9.5504251968503937E+01       23   6.6280000000000006E-01   5.5790967167133930E-03   2.4509186113835860E-03   7.3282466480369232E-05
     111   9.5504251968503937E+01       24   6.9270000000000009E-01   4.3895712242788517E-03   2.1062624022350498E-03   6.2977245826828000E-05
     111   9.5504251968503937E+01       25   7.2260000000000002E-01   3.0891980529359985E-03   1.6130271111310520E-03   4.8229510622818464E-05
     111   9.5504251968503937E+01       26   7.5250000000000006E-01   3.5327632557781664E-03   2.0004492733547356E-03   5.9813433273306608E-05
     111   9.5504251968503937E+01       27   7.8240000000000010E-01   3.4647188025298831E-03   2.1209267834361558E-03   6.3415710824741070E-05
     111   9.5504251968503937E+01       28   8.1230000000000013E-01   2.5602124271028146E-03   1.6893082684492815E-03   5.0510317226633528E-05
     111   9.5504251968503937E+01       29   8.4220000000000006E-01   2.6214106280055770E-03   1.8593687604292837E-03   5.5595125936835591E-05
     111   9.5504251968503937E+01       30   8.7210000000000010E-01   2.3319727587004565E-03   1.7736014935205331E-03   5.3030684656263953E-05
     111   9.5504251968503937E+01       31   9.0200000000000014E-01   2.0686211604715224E-03   1.6830384506442730E-03   5.0322849674263772E-05
     111   9.5504251968503937E+01       32   9.3190000000000006E-01   2.2182615739783310E-03   1.9264217796605802E-03   5.7600011211851364E-05
     111   9.5504251968503937E+01       33   9.6180000000000010E-01   1.9937362040338357E-03   1.8443240976640254E-03   5.5145290520154369E-05
     111   9.5504251968503937E+01       34   9.9170000000000014E-01   2.0984825240314845E-03   2.0637922785936430E-03   6.1707389129949939E-05
     111   9.5504251968503937E+01       35   1.0216000000000001E+00   1.8187266683372958E-03   1.8981442055238467E-03   5.6754511745163029E-05
     111   9.5504251968503937E+01       36   1.0515000000000001E+00   1.9065734933932097E-03   2.1080072727605627E-03   6.3029417455540834E-05
     111   9.5504251968503937E+01       37   1.0814000000000001E+00   1.7424004863454488E-03   2.0376083614489938E-03   6.0924490007324926E-05
     111   9.5504251968503937E+01       38   1.1113000000000002E+00   1.6952026512265337E-03   2.0935544063201330E-03   6.2597276748971989E-05
     111   9.5504251968503937E+01       39   1.1412000000000002E+00   1.6208764977418454E-03   2.1109281486252815E-03   6.3116751643895938E-05
     111   9.5504251968503937E+01       40   1.1711000000000000E+00   1.6476814665512792E-03   2.2597542853515238E-03   6.7566653132010576E-05
     111   9.5504251968503937E+01       41   1.2010000000000001E+00   1.5230549726368205E-03   2.1968560155863231E-03   6.5685994866031074E-05
     111   9.5504251968503937E+01       42   1.2309000000000001E+00   1.5124932321367512E-03   2.2916008960351601E-03   6.8518866791451302E-05
     111   9.5504251968503937E+01       43   1.2608000000000001E+00   1.5038581000080442E-03   2.3905578599715720E-03   7.1477680013150017E-05
     111   9.5504251968503937E+01       44   1.2907000000000002E+00   1.4678473254471681E-03   2.4452963857915801E-03   7.3114361935168256E-05
     111   9.5504251968503937E+01       45   1.3206000000000002E+00   1.3909171414337952E-03   2.4257377407164477E-03   7.2529558447421806E-05
     111   9.5504251968503937E+01       46   1.3505000000000000E+00   1.3654809402756363E-03   2.4904327542919543E-03   7.4463939353329450E-05
     111   9.5504251968503937E+01       47   1.3804000000000001E+00   1.3606496416261181E-03   2.5927235524210775E-03   7.7522434217390242E-05
     111   9.5504251968503937E+01       48   1.4103000000000001E+00   1.3002373096543157E-03   2.5861019131090709E-03   7.7324447201961233E-05
     111   9.5504251968503937E+01       49   1.4402000000000001E+00   1.3127564388132422E-03   2.7228879517421532E-03   8.1414349757090399E-05
     111   9.5504251968503937E+01       50   1.4701000000000002E+00   1.2808571654637925E-03   2.7681808336659278E-03   8.2768606926611254E-05
 
     112   9.6372472440944890E+01        1   5.0000000000000001E-03   5.0408854040813779E-02   1.2602213510203445E-06   3.7680618395508313E-08
     112   9.6372472440944890E+01        2   3.4900000000000000E-02   4.9556180170277735E-02   6.0359923009199985E-05   1.8047616979750799E-06
     112   9.6372472440944890E+01        3   6.4800000000000010E-02   5.2644793835782223E-02   2.2105759510820304E-04   6.6096220937352727E-06
     112   9.6372472440944890E+01        4   9.4700000000000006E-02   6.1129534448120380E-02   5.4821516658884397E-04   1.6391633481006437E-05
     112   9.6372472440944890E+01        5   1.2460000000000002E-01   6.4917197068622354E-02   1.0078498712418934E-03   3.0134711150132620E-05
     112   9.6372472440944890E+01        6   1.5450000000000003E-01   6.2907011572601007E-02   1.5016060929908797E-03   4.4898022180427311E-05
     112   9.6372472440944890E+01        7   1.8440000000000001E-01   6.4080126883843236E-02   2.1789396232769999E-03   6.5150294735982309E-05
     112   9.6372472440944890E+01        8   2.1430000000000002E-01   5.6134392567566041E-02   2.5779433501252613E-03   7.7080506168745333E-05
     112   9.6372472440944890E+01        9   2.4420000000000003E-01   3.9412104183385921E-02   2.3502872325145306E-03   7.0273588252184481E-05
     112   9.6372472440944890E+01       10   2.7410000000000001E-01   4.1841918367318057E-02   3.1436172188904835E-03   9.3994154844825474E-05
     112   9.6372472440944890E+01       11   3.0400000000000005E-01   4.6832645959438257E-02   4.3280858089874471E-03   1.2940976568872470E-04
     112   9.6372472440944890E+01       12   3.3390000000000003E-01   3.4795209422541752E-02   3.8792904103037368E-03   1.1599078326808176E-04
     112   9.6372472440944890E+01       13   3.6380000000000001E-01   2.9111553675678803E-02   3.8529269380597072E-03   1.1520251544798526E-04
     112   9.6372472440944890E+01       14   3.9370000000000005E-01   2.4321038332073368E-02   3.7697534019494904E-03   1.1271562671828979E-04
     112   9.6372472440944890E+01       15   4.2360000000000003E-01   1.6782911430480902E-02   3.0114746070347450E-03   9.0043090750338903E-05
     112   9.6372472440944890E+01       16   4.5350000000000007E-01   1.3741504199696223E-02   2.8261086720939754E-03   8.4500649295609880E-05
     112   9.6372472440944890E+01       17   4.8340000000000005E-01   1.0275629972849070E-02   2.4011635882582919E-03   7.1794791288922946E-05
     112   9.6372472440944890E+01       18   5.1330000000000009E-01   1.0377395744222719E-02   2.7342039569870384E-03   8.1752698313912459E-05
     112   9.6372472440944890E+01       19   5.4320000000000002E-01   9.8706033422022756E-03   2.9124818147150591E-03   8.7083206259980280E-05
     112   9.6372472440944890E+01       20   5.7310000000000005E-01   9.0688176371588394E-03   2.9785952031801200E-03   8.9059996575085613E-05
     112   9.6372472440944890E+01       21   6.0300000000000009E-01   6.9970971845832045E-03   2.5442075101891155E-03   7.6071804554654572E-05
     112   9.6372472440944890E+01       22   6.3290000000000002E-01   6.1323991337331636E-03   2.4564085760900686E-03   7.3446616425093073E-05
     112   9.6372472440944890E+01       23   6.6280000000000006E-01   5.4031390591346264E-03   2.3736197367318287E-03   7.0971230128281701E-05
     112   9.6372472440944890E+01       24   6.9270000000000009E-01   4.3092240349609113E-03   2.0677091460423696E-03   6.1824503466666872E-05
     112   9.6372472440944890E+01       25   7.2260000000000002E-01   3.1087027958505344E-03   1.6232115274674816E-03   4.8534024671277709E-05
     112   9.6372472440944890E+01       26   7.5250000000000006E-01   3.5902459902963100E-03   2.0329992310427255E-03   6.0786677008177502E-05
     112   9.6372472440944890E+01       27   7.8240000000000010E-01   3.5249247582745599E-03   2.1577818447958302E-03   6.4517677159395335E-05
     112   9.6372472440944890E+01       28   8.1230000000000013E-01   2.5806840316566181E-03   1.7028160736903876E-03   5.0914200603342600E-05
     112   9.6372472440944890E+01       29   8.4220000000000006E-01   2.5913928383715827E-03   1.8380771170269483E-03   5.4958505799105763E-05
     112   9.6372472440944890E+01       30   8.7210000000000010E-01   2.2708038775431250E-03   1.7270789865260342E-03   5.1639661697128437E-05
     112   9.6372472440944890E+01       31   9.0200000000000014E-01   2.0085244725632162E-03   1.6341435449753233E-03   4.8860891994762182E-05
     112   9.6372472440944890E+01       32   9.3190000000000006E-01   2.1644145304832948E-03   1.8796589819021848E-03   5.6201803558875336E-05
     112   9.6372472440944890E+01       33   9.6180000000000010E-01   1.9474204692749573E-03   1.8014792992679357E-03   5.3864231048111285E-05
     112   9.6372472440944890E+01       34   9.9170000000000014E-01   2.0700865313290516E-03   2.0358657031701332E-03   6.0872384524786994E-05
     112   9.6372472440944890E+01       35   1.0216000000000001E+00   1.8025797517671161E-03   1.8812922086524403E-03   5.6250637038707977E-05
     112   9.6372472440944890E+01       36   1.0515000000000001E+00   1.9009459314851033E-03   2.1017851462748504E-03   6.2843375873618046E-05
     112   9.6372472440944890E+01       37   1.0814000000000001E+00   1.7488876617572902E-03   2.0451946327826750E-03   6.1151319520201988E-05
     112   9.6372472440944890E+01       38   1.1113000000000002E+00   1.7228986794755161E-03   2.1277586602695183E-03   6.3619983942058610E-05
     112   9.6372472440944890E+01       39   1.1412000000000002E+00   1.6558498141486233E-03   2.1564752079827948E-03   6.4478608718685580E-05
     112   9.6372472440944890E+01       40   1.1711000000000000E+00   1.6857054526350208E-03   2.3119032396507603E-03   6.9125906865557746E-05
     112   9.6372472440944890E+01       41   1.2010000000000001E+00   1.5502440672596444E-03   2.2360735928593787E-03   6.6858600426495431E-05
     112   9.6372472440944890E+01       42   1.2309000000000001E+00   1.5351283845719810E-03   2.3258957507163842E-03   6.9544282946419899E-05
     112   9.6372472440944890E+01       43   1.2608000000000001E+00   1.5189783405222951E-03   2.4145932458938275E-03   7.2196338052225452E-05
     112   9.6372472440944890E+01       44   1.2907000000000002E+00   1.4821682630823990E-03   2.4691537287409968E-03   7.3827696489355823E-05
     112   9.6372472440944890E+01       45   1.3206000000000002E+00   1.4060943970980451E-03   2.4522066372226208E-03   7.3320978452956376E-05
     112   9.6372472440944890E+01       46   1.3505000000000000E+00   1.3817937992283565E-03   2.5201849661710880E-03   7.5353530488515551E-05
     112   9.6372472440944890E+01       47   1.3804000000000001E+00   1.3772869595731188E-03   2.6244260309803299E-03   7.8470338326311884E-05
     112   9.6372472440944890E+01       48   1.4103000000000001E+00   1.3166845776459220E-03   2.6188146424721585E-03   7.8302557809917556E-05
     112   9.6372472440944890E+01       49   1.4402000000000001E+00   1.3279553747463347E-03   2.7544132204880686E-03   8.2356955292593262E-05
     112   9.6372472440944890E+01       50   1.4701000000000002E+00   1.2931589529528876E-03   2.7947673830996532E-03   8.3563544754679652E-05
 
     113   9.7240692913385814E+01        1   5.0000000000000001E-03   5.7510081427893288E-02   1.4377520356973324E-06   4.2988785867350246E-08
     113   9.7240692913385814E+01        2   3.4900000000000000E-02   5.6472058457364013E-02   6.8783531921653949E-05   2.0566276044574534E-06
     113   9.7240692913385814E+01        3   6.4800000000000010E-02   5.9046230254668319E-02   2.4793748268856251E-04   7.4133307323880206E-06
     113   9.7240692913385814E+01        4   9.4700000000000006E-02   6.6660213848918778E-02   5.9781479721635012E-04   1.7874662436768873E-05
     113   9.7240692913385814E+01        5   1.2460000000000002E-01   6.9438672282505526E-02   1.0780464973734639E-03   3.2233590271466574E-05
     113   9.7240692913385814E+01        6   1.5450000000000003E-01   6.6550610796323656E-02   1.5885797173609453E-03   4.7498533549092276E-05
     113   9.7240692913385814E+01        7   1.8440000000000001E-01   6.6704109208338358E-02   2.2681638388904442E-03   6.7818098782824294E-05
     113   9.7240692913385814E+01        8   2.1430000000000002E-01   5.7301625174990892E-02   2.6315479123326176E-03   7.8683282578745280E-05
     113   9.7240692913385814E+01        9   2.4420000000000003E-01   3.9275670074770265E-02   2.3421511699976238E-03   7.0030319982928966E-05
     113   9.7240692913385814E+01       10   2.7410000000000001E-01   4.1037838238022255E-02   3.0832060274715851E-03   9.2187860221400409E-05
     113   9.7240692913385814E+01       11   3.0400000000000005E-01   4.5803192691347347E-02   4.2329478557635580E-03   1.2656514088733040E-04
     113   9.7240692913385814E+01       12   3.3390000000000003E-01   3.3781243633440899E-02   3.7662441655098560E-03   1.1261070054874471E-04
     113   9.7240692913385814E+01       13   3.6380000000000001E-01   2.8001312405032525E-02   3.7059860173835131E-03   1.1080898191976707E-04
     113   9.7240692913385814E+01       14   3.9370000000000005E-01   2.3193051332153880E-02   3.5949157666379395E-03   1.0748798142247441E-04
     113   9.7240692913385814E+01       15   4.2360000000000003E-01   1.5792186299609916E-02   2.8337019013556530E-03   8.4727686850534040E-05
     113   9.7240692913385814E+01       16   4.5350000000000007E-01   1.2784221033651219E-02   2.6292316622780363E-03   7.8614026702113302E-05
     113   9.7240692913385814E+01       17   4.8340000000000005E-01   9.4343495445403207E-03   2.2045769130562051E-03   6.5916849700380542E-05
     113   9.7240692913385814E+01       18   5.1330000000000009E-01   9.5014854243271624E-03   2.5034218299820519E-03   7.4852312716463368E-05
     113   9.7240692913385814E+01       19   5.4320000000000002E-01   9.0295361786296938E-03   2.6643112891722325E-03   7.9662907546249764E-05
     113   9.7240692913385814E+01       20   5.7310000000000005E-01   8.2391352379644657E-03   2.7060913208352584E-03   8.0912130492974242E-05
     113   9.7240692913385814E+01       21   6.0300000000000009E-01   6.3106104346820780E-03   2.2945947495443164E-03   6.8608383011375075E-05
     113   9.7240692913385814E+01       22   6.3290000000000002E-01   5.5859205542860748E-03   2.2375097992933662E-03   6.6901542998871672E-05
     113   9.7240692913385814E+01       23   6.6280000000000006E-01   5.0361922517401080E-03   2.2124185951676763E-03   6.6151315995513539E-05
     113   9.7240692913385814E+01       24   6.9270000000000009E-01   4.0485269985834418E-03   1.9426180293841187E-03   5.8084279078585160E-05
     113   9.7240692913385814E+01       25   7.2260000000000002E-01   3.0060204507254855E-03   1.5695958629218549E-03   4.6930916301363472E-05
     113   9.7240692913385814E+01       26   7.5250000000000006E-01   3.5855836323750857E-03   2.0303591417300949E-03   6.0707738337729850E-05
     113   9.7240692913385814E+01       27   7.8240000000000010E-01   3.5695418800103665E-03   2.1850942051582951E-03   6.5334316734233034E-05
     113   9.7240692913385814E+01       28   8.1230000000000013E-01   2.6182053873354673E-03   1.7275738382105115E-03   5.1654457762494303E-05
     113   9.7240692913385814E+01       29   8.4220000000000006E-01   2.5956670827847837E-03   1.8411088421795970E-03   5.5049154381169965E-05
     113   9.7240692913385814E+01       30   8.7210000000000010E-01   2.2452353565869765E-03   1.7076326328815741E-03   5.1058215723159074E-05
     113   9.7240692913385814E+01       31   9.0200000000000014E-01   1.9637783341507026E-03   1.5977379077783487E-03   4.7772363442572637E-05
     113   9.7240692913385814E+01       32   9.3190000000000006E-01   2.1079080454082548E-03   1.8305866250541165E-03   5.4734540089118097E-05
     113   9.7240692913385814E+01       33   9.6180000000000010E-01   1.8949139453887001E-03   1.7529076541866727E-03   5.2411938860181524E-05
     113   9.7240692913385814E+01       34   9.9170000000000014E-01   2.0348678170693619E-03   2.0012291933499292E-03   5.9836752881162891E-05
     113   9.7240692913385814E+01       35   1.0216000000000001E+00   1.7765783990161786E-03   1.8541554662715228E-03   5.5439248441518547E-05
     113   9.7240692913385814E+01       36   1.0515000000000001E+00   1.8816816984967453E-03   2.0804856037267483E-03   6.2206519551429785E-05
     113   9.7240692913385814E+01       37   1.0814000000000001E+00   1.7301515001169670E-03   2.0232840789697246E-03   6.0496193961194780E-05
     113   9.7240692913385814E+01       38   1.1113000000000002E+00   1.7112232587129612E-03   2.1133396593521927E-03   6.3188855814630580E-05
     113   9.7240692913385814E+01       39   1.1412000000000002E+00   1.6467516155591136E-03   2.1446262833231208E-03   6.4124325871361320E-05
     113   9.7240692913385814E+01       40   1.1711000000000000E+00   1.6785773533903672E-03   2.3021272282422981E-03   6.8833604124444721E-05
     113   9.7240692913385814E+01       41   1.2010000000000001E+00   1.5381523697834962E-03   2.2186325163280852E-03   6.6337112238209759E-05
     113   9.7240692913385814E+01       42   1.2309000000000001E+00   1.5244561347336194E-03   2.3097260669302628E-03   6.9060809401214868E-05
     113   9.7240692913385814E+01       43   1.2608000000000001E+00   1.5083185971438930E-03   2.3976483404413895E-03   7.1689685379197567E-05
     113   9.7240692913385814E+01       44   1.2907000000000002E+00   1.4757239438991947E-03   2.4584180955900649E-03   7.3506701058142959E-05
     113   9.7240692913385814E+01       45   1.3206000000000002E+00   1.4040473962515856E-03   2.4486366997614889E-03   7.3214237322868531E-05
     113   9.7240692913385814E+01       46   1.3505000000000000E+00   1.3830065398439892E-03   2.5223968234460944E-03   7.5419665021038242E-05
     113   9.7240692913385814E+01       47   1.3804000000000001E+00   1.3766374933499811E-03   2.6231884703903615E-03   7.8433335264671818E-05
     113   9.7240692913385814E+01       48   1.4103000000000001E+00   1.3132099235050175E-03   2.6119037427045039E-03   7.8095921906864681E-05
     113   9.7240692913385814E+01       49   1.4402000000000001E+00   1.3184203541661799E-03   2.7346359092598051E-03   8.1765613686868183E-05
     113   9.7240692913385814E+01       50   1.4701000000000002E+00   1.2767797926206787E-03   2.7593688399008536E-03   8.2505128313035541E-05
 
     114   9.8108913385826767E+01        1   5.0000000000000001E-03   6.3933533465227080E-02   1.5983383366306772E-06   4.7790316265257256E-08
     114   9.8108913385826767E+01        2   3.4900000000000000E-02   6.2932818282601541E-02   7.6652801996391509E-05   2.2919187796921065E-06
     114   9.8108913385826767E+01        3   6.4800000000000010E-02   6.5438681928565501E-02   2.7477964296532373E-04   8.2159113246631806E-06
     114   9.8108913385826767E+01        4   9.4700000000000006E-02   7.2648188866931390E-02   6.5151549609563882E-04   1.9480313333259603E-05
     114   9.8108913385826767E+01        5   1.2460000000000002E-01   7.4703807919339740E-02   1.1597885705570169E-03   3.4677678259654814E-05
     114   9.8108913385826767E+01        6   1.5450000000000003E-01   7.0883872673655077E-02   1.6920157616883158E-03   5.0591271274480652E-05
     114   9.8108913385826767E+01        7   1.8440000000000001E-01   6.9670900553409090E-02   2.3690447130417687E-03   7.0834436919948903E-05
     114   9.8108913385826767E+01        8   2.1430000000000002E-01   5.8520713956108597E-02   2.6875339428701702E-03   8.0357264891818105E-05
     114   9.8108913385826767E+01        9   2.4420000000000003E-01   3.9175881325566535E-02   2.3362004036515580E-03   6.9852392069181599E-05
     114   9.8108913385826767E+01       10   2.7410000000000001E-01   4.0349877848075609E-02   3.0315190061269777E-03   9.0642418283196657E-05
     114   9.8108913385826767E+01       11   3.0400000000000005E-01   4.4921818015239944E-02   4.1514947336964156E-03   1.2412969253752286E-04
     114   9.8108913385826767E+01       12   3.3390000000000003E-01   3.2886575010487820E-02   3.6664982675250293E-03   1.0962829819899840E-04
     114   9.8108913385826767E+01       13   3.6380000000000001E-01   2.6977448983313519E-02   3.5704772430190973E-03   1.0675726956627103E-04
     114   9.8108913385826767E+01       14   3.9370000000000005E-01   2.2184586471202510E-02   3.4386040258145840E-03   1.0281426037185608E-04
     114   9.8108913385826767E+01       15   4.2360000000000003E-01   1.4929161573432985E-02   2.6788433680856320E-03   8.0097416705760422E-05
     114   9.8108913385826767E+01       16   4.5350000000000007E-01   1.1974149946865303E-02   2.4626306199096995E-03   7.3632655535300036E-05
     114   9.8108913385826767E+01       17   4.8340000000000005E-01   8.7271660486046582E-03   2.0393254136206814E-03   6.0975829867258386E-05
     114   9.8108913385826767E+01       18   5.1330000000000009E-01   8.7281748756511141E-03   2.2996723716126929E-03   6.8760203911219533E-05
     114   9.8108913385826767E+01       19   5.4320000000000002E-01   8.2695640828068535E-03   2.4400691803528672E-03   7.2958068492550744E-05
     114   9.8108913385826767E+01       20   5.7310000000000005E-01   7.4497430475693538E-03   2.4468205001160807E-03   7.3159932953470821E-05
     114   9.8108913385826767E+01       21   6.0300000000000009E-01   5.6204828970136756E-03   2.0436581657002463E-03   6.1105379154437385E-05
     114   9.8108913385826767E+01       22   6.3290000000000002E-01   4.9603786209568967E-03   1.9869412149229712E-03   5.9409542326196849E-05
     114   9.8108913385826767E+01       23   6.6280000000000006E-01   4.5332064838320436E-03   1.9914550158603148E-03   5.9544504974223425E-05
     114   9.8108913385826767E+01       24   6.9270000000000009E-01   3.6350743702801137E-03   1.7442296944861857E-03   5.2152467865136964E-05
     114   9.8108913385826767E+01       25   7.2260000000000002E-01   2.7671108392549595E-03   1.4448490277212151E-03   4.3200985928864340E-05
     114   9.8108913385826767E+01       26   7.5250000000000006E-01   3.4706700892614762E-03   1.9652886297323690E-03   5.8762130028997847E-05
     114   9.8108913385826767E+01       27   7.8240000000000010E-01   3.5375459787694544E-03   2.1655079218926869E-03   6.4748686864591351E-05
     114   9.8108913385826767E+01       28   8.1230000000000013E-01   2.6285312815240046E-03   1.7343871862933375E-03   5.1858176870170803E-05
     114   9.8108913385826767E+01       29   8.4220000000000006E-01   2.6179222796671149E-03   1.8568944720226000E-03   5.5521144713475753E-05
     114   9.8108913385826767E+01       30   8.7210000000000010E-01   2.2591372517660369E-03   1.7182058361749470E-03   5.1374354501630924E-05
     114   9.8108913385826767E+01       31   9.0200000000000014E-01   1.9509184470254571E-03   1.5872750521737004E-03   4.7459524059993650E-05
     114   9.8108913385826767E+01       32   9.3190000000000006E-01   2.0703698254970655E-03   1.7979870230707888E-03   5.3759811989816597E-05
     114   9.8108913385826767E+01       33   9.6180000000000010E-01   1.8510432854998056E-03   1.7123246948915535E-03   5.1198508377257460E-05
     114   9.8108913385826767E+01       34   9.9170000000000014E-01   1.9961914927945391E-03   1.9631922316460889E-03   5.8699447726218074E-05
     114   9.8108913385826767E+01       35   1.0216000000000001E+00   1.7427285469029507E-03   1.8188275075600015E-03   5.4382942476044055E-05
     114   9.8108913385826767E+01       36   1.0515000000000001E+00   1.8566233213631273E-03   2.0527797526676151E-03   6.1378114604761710E-05
     114   9.8108913385826767E+01       37   1.0814000000000001E+00   1.7024847557172847E-03   1.9909298698400518E-03   5.9528803108217559E-05
     114   9.8108913385826767E+01       38   1.1113000000000002E+00   1.6777962032269518E-03   2.0720576573140244E-03   6.1954523953689338E-05
     114   9.8108913385826767E+01       39   1.1412000000000002E+00   1.6110568910287276E-03   2.0981397071567131E-03   6.2734377243985737E-05
     114   9.8108913385826767E+01       40   1.1711000000000000E+00   1.6391622763516753E-03   2.2480704271834922E-03   6.7217305772786435E-05
     114   9.8108913385826767E+01       41   1.2010000000000001E+00   1.4998119332419375E-03   2.1633302323201043E-03   6.4683573946371133E-05
     114   9.8108913385826767E+01       42   1.2309000000000001E+00   1.4902530954343310E-03   2.2579045355408988E-03   6.7511345612672892E-05
     114   9.8108913385826767E+01       43   1.2608000000000001E+00   1.4821987309571040E-03   2.3561277665162961E-03   7.0448220218837266E-05
     114   9.8108913385826767E+01       44   1.2907000000000002E+00   1.4595604463051284E-03   2.4314912200470106E-03   7.2701587479405638E-05
     114   9.8108913385826767E+01       45   1.3206000000000002E+00   1.3954114782065454E-03   2.4335757937566970E-03   7.2763916233325261E-05
     114   9.8108913385826767E+01       46   1.3505000000000000E+00   1.3807678025498616E-03   2.5183137018725157E-03   7.5297579685988238E-05
     114   9.8108913385826767E+01       47   1.3804000000000001E+00   1.3746227631343181E-03   2.6193493935831383E-03   7.8318546868135850E-05
     114   9.8108913385826767E+01       48   1.4103000000000001E+00   1.3098312486310350E-03   2.6051837405245155E-03   7.7894993841683033E-05
     114   9.8108913385826767E+01       49   1.4402000000000001E+00   1.3090322644187396E-03   2.7151633584442947E-03   8.1183384417484429E-05
     114   9.8108913385826767E+01       50   1.4701000000000002E+00   1.2615683060110577E-03   2.7264938661569452E-03   8.1522166598092685E-05
 
     115   9.8977133858267706E+01        1   5.0000000000000001E-03   6.8991393948364815E-02   1.7247848487091204E-06   5.1571066976402711E-08
     115   9.8977133858267706E+01        2   3.4900000000000000E-02   6.8233467210741972E-02   8.3109045397355830E-05   2.4849604573809399E-06
     115   9.8977133858267706E+01        3   6.4800000000000010E-02   7.1095177921571343E-02   2.9853149589979501E-04   8.9260917274038731E-06
     115   9.8977133858267706E+01        4   9.4700000000000006E-02   7.8379605607750105E-02   7.0291535725480780E-04   2.1017169181918758E-05
     115   9.8977133858267706E+01        5   1.2460000000000002E-01   8.0067567720773572E-02   1.2430617996758455E-03   3.7167547810307789E-05
     115   9.8977133858267706E+01        6   1.5450000000000003E-01   7.5383549643533068E-02   1.7994241758785459E-03   5.3802782858768531E-05
     115   9.8977133858267706E+01        7   1.8440000000000001E-01   7.2631189910733557E-02   2.4697044977630414E-03   7.3844164483114947E-05
     115   9.8977133858267706E+01        8   2.1430000000000002E-01   5.9643691947334307E-02   2.7391061343984354E-03   8.1899273418513236E-05
     115   9.8977133858267706E+01        9   2.4420000000000003E-01   3.9111799428581027E-02   2.3323789668762071E-03   6.9738131109598603E-05
     115   9.8977133858267706E+01       10   2.7410000000000001E-01   3.9836830939418082E-02   2.9929733763115417E-03   8.9489903951715113E-05
     115   9.8977133858267706E+01       11   3.0400000000000005E-01   4.4260332688393474E-02   4.0903629057305723E-03   1.2230185088134415E-04
     115   9.8977133858267706E+01       12   3.3390000000000003E-01   3.2180101480427048E-02   3.5877340917726428E-03   1.0727324934400204E-04
     115   9.8977133858267706E+01       13   3.6380000000000001E-01   2.6112177831137534E-02   3.4559582253092989E-03   1.0333315093674805E-04
     115   9.8977133858267706E+01       14   3.9370000000000005E-01   2.1356984105953852E-02   3.3103259157577754E-03   9.8978744881157501E-05
     115   9.8977133858267706E+01       15   4.2360000000000003E-01   1.4240119584131322E-02   2.5552037682129891E-03   7.6400592669568398E-05
     115   9.8977133858267706E+01       16   4.5350000000000007E-01   1.1349834946183711E-02   2.3342325921607717E-03   6.9793554505607095E-05
     115   9.8977133858267706E+01       17   4.8340000000000005E-01   8.1863099388667024E-03   1.9129405592982428E-03   5.7196922723017472E-05
     115   9.8977133858267706E+01       18   5.1330000000000009E-01   8.1123898137089208E-03   2.1374272385837065E-03   6.3909074433652832E-05
     115   9.8977133858267706E+01       19   5.4320000000000002E-01   7.6680415136989684E-03   2.2625801776110632E-03   6.7651147310570799E-05
     115   9.8977133858267706E+01       20   5.7310000000000005E-01   6.8073722218809571E-03   2.2358379071683028E-03   6.6851553424332268E-05
     115   9.8977133858267706E+01       21   6.0300000000000009E-01   5.0404620140705545E-03   1.8327573524741809E-03   5.4799444838978019E-05
     115   9.8977133858267706E+01       22   6.3290000000000002E-01   4.3750389402044823E-03   1.7524761417321536E-03   5.2399036637791404E-05
     115   9.8977133858267706E+01       23   6.6280000000000006E-01   4.0032057003748000E-03   1.7586236364845393E-03   5.2582846730887735E-05
     115   9.8977133858267706E+01       24   6.9270000000000009E-01   3.1582154975317049E-03   1.5154169327096254E-03   4.5310966288017806E-05
     115   9.8977133858267706E+01       25   7.2260000000000002E-01   2.4308616467538205E-03   1.2692762563073590E-03   3.7951360063590044E-05
     115   9.8977133858267706E+01       26   7.5250000000000006E-01   3.2374774814758825E-03   1.8332418581199781E-03   5.4813931557787356E-05
     115   9.8977133858267706E+01       27   7.8240000000000010E-01   3.3919182871116043E-03   2.0763619653949802E-03   6.2083222765309923E-05
     115   9.8977133858267706E+01       28   8.1230000000000013E-01   2.5699731780361823E-03   1.6957487173290143E-03   5.0702886648137536E-05
     115   9.8977133858267706E+01       29   8.4220000000000006E-01   2.6242720728148088E-03   1.8613983856360856E-03   5.5655811730518971E-05
     115   9.8977133858267706E+01       30   8.7210000000000010E-01   2.2912996518338622E-03   1.7426672200323162E-03   5.2105749878966264E-05
     115   9.8977133858267706E+01       31   9.0200000000000014E-01   1.9722223034769120E-03   1.6046079549980300E-03   4.7977777854441108E-05
     115   9.8977133858267706E+01       32   9.3190000000000006E-01   2.0706130180610277E-03   1.7981982206398059E-03   5.3766126797130209E-05
     115   9.8977133858267706E+01       33   9.6180000000000010E-01   1.8347112871124930E-03   1.6972166288757049E-03   5.0746777203383585E-05
     115   9.8977133858267706E+01       34   9.9170000000000014E-01   1.9665008350153845E-03   1.9339923933966538E-03   5.7826372562559964E-05
     115   9.8977133858267706E+01       35   1.0216000000000001E+00   1.7100755028392730E-03   1.7847486173885345E-03   5.3363983659917189E-05
     115   9.8977133858267706E+01       36   1.0515000000000001E+00   1.8362283291327433E-03   2.0302299836193584E-03   6.0703876510218828E-05
     115   9.8977133858267706E+01       37   1.0814000000000001E+00   1.6873220942981884E-03   1.9731982599538699E-03   5.8998627972620722E-05
     115   9.8977133858267706E+01       38   1.1113000000000002E+00   1.6619371645829558E-03   2.0524719398134551E-03   6.1368911000422315E-05
     115   9.8977133858267706E+01       39   1.1412000000000002E+00   1.5986499287066187E-03   2.0819816556079613E-03   6.2251251502678056E-05
     115   9.8977133858267706E+01       40   1.1711000000000000E+00   1.6260558759943441E-03   2.2300953240010769E-03   6.6679850187632213E-05
     115   9.8977133858267706E+01       41   1.2010000000000001E+00   1.4906257710029182E-03   2.1500801027203808E-03   6.4287395071339402E-05
     115   9.8977133858267706E+01       42   1.2309000000000001E+00   1.4820758813630240E-03   2.2455151173969212E-03   6.7140902010167958E-05
     115   9.8977133858267706E+01       43   1.2608000000000001E+00   1.4808374627029029E-03   2.3539638718479148E-03   7.0383519768252669E-05
     115   9.8977133858267706E+01       44   1.2907000000000002E+00   1.4659499786623244E-03   2.4421355834689283E-03   7.3019853945720980E-05
     115   9.8977133858267706E+01       45   1.3206000000000002E+00   1.4077501418065658E-03   2.4550942300984339E-03   7.3407317479943184E-05
     115   9.8977133858267706E+01       46   1.3505000000000000E+00   1.3998166481288892E-03   2.5530559436440369E-03   7.6336372714956712E-05
     115   9.8977133858267706E+01       47   1.3804000000000001E+00   1.3982356426690433E-03   2.6643438337661356E-03   7.9663880629607471E-05
     115   9.8977133858267706E+01       48   1.4103000000000001E+00   1.3370207518463089E-03   2.6592621966335765E-03   7.9511939679343958E-05
     115   9.8977133858267706E+01       49   1.4402000000000001E+00   1.3359274394253537E-03   2.7709486860346202E-03   8.2851365712435158E-05
     115   9.8977133858267706E+01       50   1.4701000000000002E+00   1.2884230657020186E-03   2.7845322119410395E-03   8.3257513137037099E-05
 
     116   9.9845354330708645E+01        1   5.0000000000000001E-03   7.2160351964471500E-02   1.8040087991117877E-06   5.3939863093442462E-08
     116   9.9845354330708645E+01        2   3.4900000000000000E-02   7.1818082788975529E-02   8.7475143017800089E-05   2.6155067762322232E-06
     116   9.9845354330708645E+01        3   6.4800000000000010E-02   7.5403616392845402E-02   3.1662280137821364E-04   9.4670217612085893E-06
     116   9.9845354330708645E+01        4   9.4700000000000006E-02   8.3206251111606636E-02   7.4620114853148848E-04   2.2311414341091511E-05
     116   9.9845354330708645E+01        5   1.2460000000000002E-01   8.4899070895212939E-02   1.3180716594995245E-03   3.9410342619035794E-05
     116   9.9845354330708645E+01        6   1.5450000000000003E-01   7.9515050675914772E-02   1.8980441383967554E-03   5.6751519738062998E-05
     116   9.9845354330708645E+01        7   1.8440000000000001E-01   7.5240376309934257E-02   2.5584256022021662E-03   7.6496925505844781E-05
     116   9.9845354330708645E+01        8   2.1430000000000002E-01   6.0550370528485213E-02   2.7807448858317143E-03   8.3144272086368276E-05
     116   9.9845354330708645E+01        9   2.4420000000000003E-01   3.9097699597378840E-02   2.3315381426182351E-03   6.9712990464285241E-05
     116   9.9845354330708645E+01       10   2.7410000000000001E-01   3.9547626866783994E-02   2.9712452400792438E-03   8.8840232678369407E-05
     116   9.9845354330708645E+01       11   3.0400000000000005E-01   4.3871325368079341E-02   4.0544124052164215E-03   1.2122693091597103E-04
     116   9.9845354330708645E+01       12   3.3390000000000003E-01   3.1716716870824196E-02   3.5360717077218625E-03   1.0572854406088371E-04
     116   9.9845354330708645E+01       13   3.6380000000000001E-01   2.5468686379687994E-02   3.3707918485737132E-03   1.0078667627235404E-04
     116   9.9845354330708645E+01       14   3.9370000000000005E-01   2.0758534009239188E-02   3.2175663362865323E-03   9.6205233454967331E-05
     116   9.9845354330708645E+01       15   4.2360000000000003E-01   1.3749038579948426E-02   2.4670856857086630E-03   7.3765862002689032E-05
     116   9.9845354330708645E+01       16   4.5350000000000007E-01   1.0915030626598914E-02   2.2448097574852433E-03   6.7119811748808788E-05
     116   9.9845354330708645E+01       17   4.8340000000000005E-01   7.8043304274356051E-03   1.8236812830560549E-03   5.4528070363376052E-05
     116   9.9845354330708645E+01       18   5.1330000000000009E-01   7.6637049035102834E-03   2.0192091338546402E-03   6.0374353102253750E-05
     116   9.9845354330708645E+01       19   5.4320000000000002E-01   7.2521729543797465E-03   2.1398714054785238E-03   6.3982155023807876E-05
     116   9.9845354330708645E+01       20   5.7310000000000005E-01   6.3672352496265631E-03   2.0912777311066001E-03   6.2529204160087352E-05
     116   9.9845354330708645E+01       21   6.0300000000000009E-01   4.6440551536484848E-03   1.6886202503629726E-03   5.0489745485852889E-05
     116   9.9845354330708645E+01       22   6.3290000000000002E-01   3.9330002315786910E-03   1.5754120512917187E-03   4.7104820333622396E-05
     116   9.9845354330708645E+01       23   6.6280000000000006E-01   3.5646581115128004E-03   1.5659679966747216E-03   4.6822443100574183E-05
     116   9.9845354330708645E+01       24   6.9270000000000009E-01   2.7329261091844203E-03   1.3113489262968599E-03   3.9209332896276121E-05
     116   9.9845354330708645E+01       25   7.2260000000000002E-01   2.0741137215402649E-03   1.0830000560286778E-03   3.2381701675257469E-05
     116   9.9845354330708645E+01       26   7.5250000000000006E-01   2.9234727248267844E-03   1.6554347021376973E-03   4.9497497593917158E-05
     116   9.9845354330708645E+01       27   7.8240000000000010E-01   3.1376420658822866E-03   1.9207068375957461E-03   5.7429134444112820E-05
     116   9.9845354330708645E+01       28   8.1230000000000013E-01   2.4200914868193098E-03   1.5968520876660035E-03   4.7745877421213517E-05
     116   9.9845354330708645E+01       29   8.4220000000000006E-01   2.5705189716560485E-03   1.8232712658315718E-03   5.4515810848364007E-05
     116   9.9845354330708645E+01       30   8.7210000000000010E-01   2.2929619895978087E-03   1.7439315249989462E-03   5.2143552597468501E-05
     116   9.9845354330708645E+01       31   9.0200000000000014E-01   1.9990206258261312E-03   1.6264111772546440E-03   4.8629694199913867E-05
     116   9.9845354330708645E+01       32   9.3190000000000006E-01   2.0993218644093266E-03   1.8231300625483797E-03   5.4511588870196563E-05
     116   9.9845354330708645E+01       33   9.6180000000000010E-01   1.8493246776549036E-03   1.7107348808246905E-03   5.1150972936658258E-05
     116   9.9845354330708645E+01       34   9.9170000000000014E-01   1.9569970389252895E-03   1.9246457056051418E-03   5.7546906597593751E-05
     116   9.9845354330708645E+01       35   1.0216000000000001E+00   1.6887868185711033E-03   1.7625303295114476E-03   5.2699656852392293E-05
     116   9.9845354330708645E+01       36   1.0515000000000001E+00   1.8223411692543255E-03   2.0148756140536761E-03   6.0244780860204928E-05
     116   9.9845354330708645E+01       37   1.0814000000000001E+00   1.6854139682329298E-03   1.9709668477982038E-03   5.8931908749166306E-05
     116   9.9845354330708645E+01       38   1.1113000000000002E+00   1.6731627211466421E-03   2.0663353639830064E-03   6.1783427383091903E-05
     116   9.9845354330708645E+01       39   1.1412000000000002E+00   1.6246273880589641E-03   2.1158130735185986E-03   6.3262810898206105E-05
     116   9.9845354330708645E+01       40   1.1711000000000000E+00   1.6660258210615343E-03   2.2849131128057903E-03   6.8318902072893141E-05
     116   9.9845354330708645E+01       41   1.2010000000000001E+00   1.5380418387108406E-03   2.2184730861983556E-03   6.6332345277330843E-05
     116   9.9845354330708645E+01       42   1.2309000000000001E+00   1.5300832049545414E-03   2.3182517243588914E-03   6.9315726558330870E-05
     116   9.9845354330708645E+01       43   1.2608000000000001E+00   1.5286040651039186E-03   2.4298944578608332E-03   7.2653844290038934E-05
     116   9.9845354330708645E+01       44   1.2907000000000002E+00   1.5118561972233720E-03   2.5186110509011362E-03   7.5306470421943994E-05
     116   9.9845354330708645E+01       45   1.3206000000000002E+00   1.4517624467684795E-03   2.5318510015995620E-03   7.5702344947826923E-05
     116   9.9845354330708645E+01       46   1.3505000000000000E+00   1.4433720445661182E-03   2.6324944643249257E-03   7.8711584483315302E-05
     116   9.9845354330708645E+01       47   1.3804000000000001E+00   1.4450616369414821E-03   2.7535709606484040E-03   8.2331771723387297E-05
     116   9.9845354330708645E+01       48   1.4103000000000001E+00   1.3891881555287795E-03   2.7630203502132782E-03   8.2614308471377042E-05
     116   9.9845354330708645E+01       49   1.4402000000000001E+00   1.3928346396445163E-03   2.8889842372326903E-03   8.6380628693257457E-05
     116   9.9845354330708645E+01       50   1.4701000000000002E+00   1.3514621772920869E-03   2.9207719623052168E-03   8.7331081672925999E-05
 
     117   1.0071357480314960E+02        1   5.0000000000000001E-03   7.3124802140762432E-02   1.8281200535190609E-06   5.4660789600219932E-08
     117   1.0071357480314960E+02        2   3.4900000000000000E-02   7.3314593067508246E-02   8.9297907502155721E-05   2.6700074343144567E-06
     117   1.0071357480314960E+02        3   6.4800000000000010E-02   7.7891498328905920E-02   3.2706951714300922E-04   9.7793785625759780E-06
     117   1.0071357480314960E+02        4   9.4700000000000006E-02   8.6574653180307451E-02   7.7640928143978363E-04   2.3214637515049535E-05
     117   1.0071357480314960E+02        5   1.2460000000000002E-01   8.8623549764931864E-02   1.3758947898685301E-03   4.1139254217069061E-05
     117   1.0071357480314960E+02        6   1.5450000000000003E-01   8.2773435745633034E-02   1.9758226046071975E-03   5.9077095877755222E-05
     117   1.0071357480314960E+02        7   1.8440000000000001E-01   7.7176677706945709E-02   2.6242663556732496E-03   7.8465564034630174E-05
     117   1.0071357480314960E+02        8   2.1430000000000002E-01   6.1132640756915720E-02   2.8074853491145686E-03   8.3943811938525615E-05
     117   1.0071357480314960E+02        9   2.4420000000000003E-01   3.9132898247074561E-02   2.3336371662226762E-03   6.9775751270058034E-05
     117   1.0071357480314960E+02       10   2.7410000000000001E-01   3.9497415738546114E-02   2.9674728373437179E-03   8.8727437836577181E-05
     117   1.0071357480314960E+02       11   3.0400000000000005E-01   4.3776033222145717E-02   4.0456058862578196E-03   1.2096361599910883E-04
     117   1.0071357480314960E+02       12   3.3390000000000003E-01   3.1531172985585984E-02   3.5153855665363233E-03   1.0511002843943608E-04
     117   1.0071357480314960E+02       13   3.6380000000000001E-01   2.5095341539827176E-02   3.3213794947464046E-03   9.9309246892917522E-05
     117   1.0071357480314960E+02       14   3.9370000000000005E-01   2.0425050906100962E-02   3.1658765586798691E-03   9.4659709104528110E-05
     117   1.0071357480314960E+02       15   4.2360000000000003E-01   1.3469240484814654E-02   2.4168795661040680E-03   7.2264699026511654E-05
     117   1.0071357480314960E+02       16   4.5350000000000007E-01   1.0659547457558052E-02   2.1922665141031693E-03   6.5548768771684783E-05
     117   1.0071357480314960E+02       17   4.8340000000000005E-01   7.5563926441731058E-03   1.7657442827070317E-03   5.2795754052940258E-05
     117   1.0071357480314960E+02       18   5.1330000000000009E-01   7.3622241359121831E-03   1.9397759188130798E-03   5.7999299972511096E-05
     117   1.0071357480314960E+02       19   5.4320000000000002E-01   7.0060370615002620E-03   2.0672450130375312E-03   6.1810625889822195E-05
     117   1.0071357480314960E+02       20   5.7310000000000005E-01   6.1305435033745291E-03   2.0135378395103780E-03   6.0204781401360319E-05
     117   1.0071357480314960E+02       21   6.0300000000000009E-01   4.4527513036544718E-03   1.6190604487704994E-03   4.8409907418237938E-05
     117   1.0071357480314960E+02       22   6.3290000000000002E-01   3.6956941411839185E-03   1.4803561518155108E-03   4.4262648939283783E-05
     117   1.0071357480314960E+02       23   6.6280000000000006E-01   3.3087811609828171E-03   1.4535602697394099E-03   4.3461452065208363E-05
     117   1.0071357480314960E+02       24   6.9270000000000009E-01   2.4628396787813515E-03   1.1817524658121995E-03   3.5334398727784769E-05
     117   1.0071357480314960E+02       25   7.2260000000000002E-01   1.7895608898122009E-03   9.3442057868171706E-04   2.7939175302583347E-05
     117   1.0071357480314960E+02       26   7.5250000000000006E-01   2.6103751021818995E-03   1.4781412164548895E-03   4.4196422372001206E-05
     117   1.0071357480314960E+02       27   7.8240000000000010E-01   2.8374543020086677E-03   1.7369469699855737E-03   5.1934714402568665E-05
     117   1.0071357480314960E+02       28   8.1230000000000013E-01   2.2014494378188964E-03   1.4525852224258177E-03   4.3432298150531960E-05
     117   1.0071357480314960E+02       29   8.4220000000000006E-01   2.4365418009495458E-03   1.7282411461086260E-03   5.1674410268647926E-05
     117   1.0071357480314960E+02       30   8.7210000000000010E-01   2.2220577638175525E-03   1.6900047197772336E-03   5.0531141121339300E-05
     117   1.0071357480314960E+02       31   9.0200000000000014E-01   1.9892815539708049E-03   1.6184874294368631E-03   4.8392774140162219E-05
     117   1.0071357480314960E+02       32   9.3190000000000006E-01   2.1229281714927281E-03   1.8436306674528150E-03   5.5124556956839178E-05
     117   1.0071357480314960E+02       33   9.6180000000000010E-01   1.8795537323326337E-03   1.7386985471707899E-03   5.1987086560406631E-05
     117   1.0071357480314960E+02       34   9.9170000000000014E-01   1.9733544731054841E-03   1.9407327332415859E-03   5.8027908723923433E-05
     117   1.0071357480314960E+02       35   1.0216000000000001E+00   1.6920828950677080E-03   1.7659703343301560E-03   5.2802512996471678E-05
     117   1.0071357480314960E+02       36   1.0515000000000001E+00   1.8209516997304753E-03   2.0133393439483245E-03   6.0198846384054919E-05
     117   1.0071357480314960E+02       37   1.0814000000000001E+00   1.6918575945578660E-03   1.9785021916991236E-03   5.9157215531803806E-05
     117   1.0071357480314960E+02       38   1.1113000000000002E+00   1.6933360296618909E-03   2.0912491516659106E-03   6.2528349634810736E-05
     117   1.0071357480314960E+02       39   1.1412000000000002E+00   1.6600608280710571E-03   2.1619593690743416E-03   6.4642585135322826E-05
     117   1.0071357480314960E+02       40   1.1711000000000000E+00   1.7257062141960589E-03   2.3667632925128451E-03   7.0766222446134083E-05
     117   1.0071357480314960E+02       41   1.2010000000000001E+00   1.6098413631565828E-03   2.3220367920584188E-03   6.9428900082546744E-05
     117   1.0071357480314960E+02       42   1.2309000000000001E+00   1.6106038865822654E-03   2.4402498016043513E-03   7.2963469067970120E-05
     117   1.0071357480314960E+02       43   1.2608000000000001E+00   1.6078422506813918E-03   2.5558527961781923E-03   7.6419998605727963E-05
     117   1.0071357480314960E+02       44   1.2907000000000002E+00   1.5835721611042776E-03   2.6380831405669425E-03   7.8878685902951596E-05
     117   1.0071357480314960E+02       45   1.3206000000000002E+00   1.5145372715979482E-03   2.6413293143038950E-03   7.8975746497686483E-05
     117   1.0071357480314960E+02       46   1.3505000000000000E+00   1.4953496846281068E-03   2.7272938961463936E-03   8.1546087494777192E-05
     117   1.0071357480314960E+02       47   1.3804000000000001E+00   1.4913130210244046E-03   2.8417031654241710E-03   8.4966924646182726E-05
     117   1.0071357480314960E+02       48   1.4103000000000001E+00   1.4339301998495934E-03   2.8520098643237679E-03   8.5275094943280681E-05
     117   1.0071357480314960E+02       49   1.4402000000000001E+00   1.4392618679254824E-03   2.9852824817366806E-03   8.9259946203926768E-05
     117   1.0071357480314960E+02       50   1.4701000000000002E+00   1.4037852209927999E-03   3.0338522109361657E-03   9.0712181106991378E-05
 
     118   1.0158179527559054E+02        1   5.0000000000000001E-03   7.1856078460130618E-02   1.7964019615032656E-06   5.3712418648947654E-08
     118   1.0158179527559054E+02        2   3.4900000000000000E-02   7.2620050910659276E-02   8.8451948209692104E-05   2.6447132514697943E-06
     118   1.0158179527559054E+02        3   6.4800000000000010E-02   7.8317385827239724E-02   3.2885783578401280E-04   9.8328492899419842E-06
     118   1.0158179527559054E+02        4   9.4700000000000006E-02   8.8117552612402700E-02   7.9024614240776265E-04   2.3628359657992107E-05
     118   1.0158179527559054E+02        5   1.2460000000000002E-01   9.0813122661228984E-02   1.4098882594152063E-03   4.2155658956514678E-05
     118   1.0158179527559054E+02        6   1.5450000000000003E-01   8.4772560207595798E-02   2.0235422052953646E-03   6.0503911938331415E-05
     118   1.0158179527559054E+02        7   1.8440000000000001E-01   7.8206644571062758E-02   2.6592886897418926E-03   7.9512731823282604E-05
     118   1.0158179527559054E+02        8   2.1430000000000002E-01   6.1318116428859558E-02   2.8160032247559969E-03   8.4198496420204323E-05
     118   1.0158179527559054E+02        9   2.4420000000000003E-01   3.9205451876282264E-02   2.3379638032275415E-03   6.9905117716503512E-05
     118   1.0158179527559054E+02       10   2.7410000000000001E-01   3.9677497966790862E-02   2.9810025610183507E-03   8.9131976574448706E-05
     118   1.0158179527559054E+02       11   3.0400000000000005E-01   4.3976656566561273E-02   4.0641466932553275E-03   1.2151798612833431E-04
     118   1.0158179527559054E+02       12   3.3390000000000003E-01   3.1645358229464876E-02   3.5281159891700385E-03   1.0549066807618417E-04
     118   1.0158179527559054E+02       13   3.6380000000000001E-01   2.5033082158012150E-02   3.3131394381690580E-03   9.9062869201254857E-05
     118   1.0158179527559054E+02       14   3.9370000000000005E-01   2.0390879037896326E-02   3.1605799297014297E-03   9.4501339898072763E-05
     118   1.0158179527559054E+02       15   4.2360000000000003E-01   1.3420718972952586E-02   2.4081730135209348E-03   7.2004373104275960E-05
     118   1.0158179527559054E+02       16   4.5350000000000007E-01   1.0584038868819637E-02   2.1767372478489022E-03   6.5084443710682185E-05
     118   1.0158179527559054E+02       17   4.8340000000000005E-01   7.4292575041977208E-03   1.7360359076776051E-03   5.1907473639560403E-05
     118   1.0158179527559054E+02       18   5.1330000000000009E-01   7.1881769621015322E-03   1.8939185107441601E-03   5.6628163471250399E-05
     118   1.0158179527559054E+02       19   5.4320000000000002E-01   6.8969244150187863E-03   2.0350495547037930E-03   6.0847981685643422E-05
     118   1.0158179527559054E+02       20   5.7310000000000005E-01   6.0636606456289915E-03   1.9915705922653169E-03   5.9547960708732989E-05
     118   1.0158179527559054E+02       21   6.0300000000000009E-01   4.4427239509282701E-03   1.6154144130730780E-03   4.8300890950885044E-05
     118   1.0158179527559054E+02       22   6.3290000000000002E-01   3.6711980307425466E-03   1.4705439307814887E-03   4.3969263530366520E-05
     118   1.0158179527559054E+02       23   6.6280000000000006E-01   3.2710842332118644E-03   1.4369998646134277E-03   4.2966295951941497E-05
     118   1.0158179527559054E+02       24   6.9270000000000009E-01   2.4035476474403824E-03   1.1533021753430790E-03   3.4483735042758066E-05
     118   1.0158179527559054E+02       25   7.2260000000000002E-01   1.6538106319448516E-03   8.6353847836608466E-04   2.5819800503145936E-05
     118   1.0158179527559054E+02       26   7.5250000000000006E-01   2.4009111948431645E-03   1.3595309697749100E-03   4.0649975996269816E-05
     118   1.0158179527559054E+02       27   7.8240000000000010E-01   2.5976835222475780E-03   1.5901713446998097E-03   4.7546123206524324E-05
     118   1.0158179527559054E+02       28   8.1230000000000013E-01   1.9869341620422204E-03   1.3110413312853878E-03   3.9200135805433106E-05
     118   1.0158179527559054E+02       29   8.4220000000000006E-01   2.2561482079907222E-03   1.6002878190923143E-03   4.7848605790860211E-05
     118   1.0158179527559054E+02       30   8.7210000000000010E-01   2.0828803473430563E-03   1.5841521651954829E-03   4.7366149739344947E-05
     118   1.0158179527559054E+02       31   9.0200000000000014E-01   1.9220173231770893E-03   1.5637609822061729E-03   4.6756453367964580E-05
     118   1.0158179527559054E+02       32   9.3190000000000006E-01   2.1077009347577852E-03   1.8304067623758171E-03   5.4729162195036946E-05
     118   1.0158179527559054E+02       33   9.6180000000000010E-01   1.8991227204885525E-03   1.7568010204818733E-03   5.2528350512408021E-05
     118   1.0158179527559054E+02       34   9.9170000000000014E-01   2.0083261739067587E-03   1.9751263130100274E-03   5.9056276758999831E-05
     118   1.0158179527559054E+02       35   1.0216000000000001E+00   1.7270998012405758E-03   1.8025163083374358E-03   5.3895237619289342E-05
     118   1.0158179527559054E+02       36   1.0515000000000001E+00   1.8465905065849257E-03   2.0416869484342630E-03   6.1046439758184482E-05
     118   1.0158179527559054E+02       37   1.0814000000000001E+00   1.7155954852756334E-03   2.0062618973401241E-03   5.9987230730469724E-05
     118   1.0158179527559054E+02       38   1.1113000000000002E+00   1.7130680630399863E-03   2.1156179699865275E-03   6.3256977302597186E-05
     118   1.0158179527559054E+02       39   1.1412000000000002E+00   1.6778624965823647E-03   2.1851431484710862E-03   6.5335780139285485E-05
     118   1.0158179527559054E+02       40   1.1711000000000000E+00   1.7554792767000113E-03   2.4075963096627964E-03   7.1987129658917623E-05
     118   1.0158179527559054E+02       41   1.2010000000000001E+00   1.6491071580979543E-03   2.3786738139476480E-03   7.1122347037034690E-05
     118   1.0158179527559054E+02       42   1.2309000000000001E+00   1.6658617139006556E-03   2.5239717541428665E-03   7.5466755448871725E-05
     118   1.0158179527559054E+02       43   1.2608000000000001E+00   1.6686332121456657E-03   2.6524871200834009E-03   7.9309364890493711E-05
     118   1.0158179527559054E+02       44   1.2907000000000002E+00   1.6426776303982121E-03   2.7365473254582036E-03   8.1822765031200299E-05
     118   1.0158179527559054E+02       45   1.3206000000000002E+00   1.5685357594587578E-03   2.7355018325967966E-03   8.1791504794644239E-05
     118   1.0158179527559054E+02       46   1.3505000000000000E+00   1.5378228398469659E-03   2.8047585709105988E-03   8.3862281270226922E-05
     118   1.0158179527559054E+02       47   1.3804000000000001E+00   1.5221479371951313E-03   2.9004592264607418E-03   8.6723730871176205E-05
     118   1.0158179527559054E+02       48   1.4103000000000001E+00   1.4544837596591363E-03   2.8928897867425392E-03   8.6497404623601940E-05
     118   1.0158179527559054E+02       49   1.4402000000000001E+00   1.4529721828516486E-03   3.0137200884573887E-03   9.0110230644875936E-05
     118   1.0158179527559054E+02       50   1.4701000000000002E+00   1.4154543177143407E-03   3.0590713928728705E-03   9.1466234646898843E-05
 
     119   1.0245001574803149E+02        1   5.0000000000000001E-03   6.8659555798385632E-02   1.7164888949596408E-06   5.1323017959293272E-08
     119   1.0245001574803149E+02        2   3.4900000000000000E-02   6.9962881846829000E-02   8.5215489718256198E-05   2.5479431425758611E-06
     119   1.0245001574803149E+02        3   6.4800000000000010E-02   7.6756414610761131E-02   3.2230325520717052E-04   9.6368673306944009E-06
     119   1.0245001574803149E+02        4   9.4700000000000006E-02   8.7751609753755747E-02   7.8696433391655946E-04   2.3530233584105132E-05
     119   1.0245001574803149E+02        5   1.2460000000000002E-01   9.1283709914362215E-02   1.4171942018140601E-03   4.2374106634240410E-05
     119   1.0245001574803149E+02        6   1.5450000000000003E-01   8.5333047874896747E-02   2.0369211860357551E-03   6.0903943462469089E-05
     119   1.0245001574803149E+02        7   1.8440000000000001E-01   7.8249103289057848E-02   2.6607324288150185E-03   7.9555899621569073E-05
     119   1.0245001574803149E+02        8   2.1430000000000002E-01   6.1104001432893316E-02   2.8061701027648953E-03   8.3904486072670383E-05
     119   1.0245001574803149E+02        9   2.4420000000000003E-01   3.9309291451565427E-02   2.3441561350777307E-03   7.0090268438824163E-05
     119   1.0245001574803149E+02       10   2.7410000000000001E-01   4.0066437283839795E-02   3.0102238869490839E-03   9.0005694219777628E-05
     119   1.0245001574803149E+02       11   3.0400000000000005E-01   4.4458528937623754E-02   4.1086794102994382E-03   1.2284951436795322E-04
     119   1.0245001574803149E+02       12   3.3390000000000003E-01   3.2062115678904352E-02   3.5745799479696603E-03   1.0687994044429287E-04
     119   1.0245001574803149E+02       13   3.6380000000000001E-01   2.5305724947342449E-02   3.3492238312997505E-03   1.0014179255586256E-04
     119   1.0245001574803149E+02       14   3.9370000000000005E-01   2.0678815894089674E-02   3.2052100531509732E-03   9.5835780589214123E-05
     119   1.0245001574803149E+02       15   4.2360000000000003E-01   1.3622592391262263E-02   2.4443965660072317E-03   7.3087457323616246E-05
     119   1.0245001574803149E+02       16   4.5350000000000007E-01   1.0697489688687490E-02   2.2000697987272695E-03   6.5782086981945370E-05
     119   1.0245001574803149E+02       17   4.8340000000000005E-01   7.4243056509033512E-03   1.7348787805860056E-03   5.1872875539521580E-05
     119   1.0245001574803149E+02       18   5.1330000000000009E-01   7.1297782972870975E-03   1.8785318121587004E-03   5.6168101183545153E-05
     119   1.0245001574803149E+02       19   5.4320000000000002E-01   6.8879681183450061E-03   2.0324068539199361E-03   6.0768964932206103E-05
     119   1.0245001574803149E+02       20   5.7310000000000005E-01   6.1109528298910814E-03   2.0071034079891430E-03   6.0012391898875386E-05
     119   1.0245001574803149E+02       21   6.0300000000000009E-01   4.5518792271494173E-03   1.6551042539045731E-03   4.9487617191746748E-05
     119   1.0245001574803149E+02       22   6.3290000000000002E-01   3.8072829738462072E-03   1.5250544435558039E-03   4.5599127862318547E-05
     119   1.0245001574803149E+02       23   6.6280000000000006E-01   3.4101111332861919E-03   1.4980749156793761E-03   4.4792439978813359E-05
     119   1.0245001574803149E+02       24   6.9270000000000009E-01   2.5312159509489757E-03   1.2145616774443260E-03   3.6315394155585355E-05
     119   1.0245001574803149E+02       25   7.2260000000000002E-01   1.6868974643865068E-03   8.8081479307148755E-04   2.6336362312837484E-05
     119   1.0245001574803149E+02       26   7.5250000000000006E-01   2.3640064615791019E-03   1.3386334339095516E-03   4.0025139673895602E-05
     119   1.0245001574803149E+02       27   7.8240000000000010E-01   2.5088561419906279E-03   1.5357956851940889E-03   4.5920290987303271E-05
     119   1.0245001574803149E+02       28   8.1230000000000013E-01   1.8597048700373000E-03   1.2270914634159944E-03   3.6690034756138244E-05
     119   1.0245001574803149E+02       29   8.4220000000000006E-01   2.1010725402346967E-03   1.4902925176894044E-03   4.4559746278913203E-05
     119   1.0245001574803149E+02       30   8.7210000000000010E-01   1.9261409555291144E-03   1.4649427025731042E-03   4.3801786806935823E-05
     119   1.0245001574803149E+02       31   9.0200000000000014E-01   1.8103362196836015E-03   1.4728967896794573E-03   4.4039614011415784E-05
     119   1.0245001574803149E+02       32   9.3190000000000006E-01   2.0362503096854356E-03   1.7683563523049797E-03   5.2873854933918907E-05
     119   1.0245001574803149E+02       33   9.6180000000000010E-01   1.8764709469187692E-03   1.7358467880387574E-03   5.1901818962358856E-05
     119   1.0245001574803149E+02       34   9.9170000000000014E-01   2.0281070108520600E-03   1.9945801507638941E-03   5.9637946507840446E-05
     119   1.0245001574803149E+02       35   1.0216000000000001E+00   1.7696400392551593E-03   1.8469141322076973E-03   5.5222732553010162E-05
     119   1.0245001574803149E+02       36   1.0515000000000001E+00   1.8933997230063319E-03   2.0934416638913279E-03   6.2593905750350714E-05
     119   1.0245001574803149E+02       37   1.0814000000000001E+00   1.7602788175117448E-03   2.0585157460363377E-03   6.1549620806486502E-05
     119   1.0245001574803149E+02       38   1.1113000000000002E+00   1.7384911274531496E-03   2.1470151415788614E-03   6.4195752733207977E-05
     119   1.0245001574803149E+02       39   1.1412000000000002E+00   1.6816107968252445E-03   2.1900247002137499E-03   6.5481738536391133E-05
     119   1.0245001574803149E+02       40   1.1711000000000000E+00   1.7409572575261491E-03   2.3876797203666996E-03   7.1391623638964331E-05
     119   1.0245001574803149E+02       41   1.2010000000000001E+00   1.6295152264121744E-03   2.3504143920921473E-03   7.0277390323555220E-05
     119   1.0245001574803149E+02       42   1.2309000000000001E+00   1.6544847978443736E-03   2.5067344201338670E-03   7.4951359162002637E-05
     119   1.0245001574803149E+02       43   1.2608000000000001E+00   1.6655434021466643E-03   2.6475755066945501E-03   7.9162507650167060E-05
     119   1.0245001574803149E+02       44   1.2907000000000002E+00   1.6471534048133321E-03   2.7440035471041281E-03   8.2045706058413455E-05
     119   1.0245001574803149E+02       45   1.3206000000000002E+00   1.5809516168941858E-03   2.7571548937801731E-03   8.2438931324027188E-05
     119   1.0245001574803149E+02       46   1.3505000000000000E+00   1.5523436434729167E-03   2.8312423422339902E-03   8.4654146032796322E-05
     119   1.0245001574803149E+02       47   1.3804000000000001E+00   1.5336535106078644E-03   2.9223831444618901E-03   8.7379256019410538E-05
     119   1.0245001574803149E+02       48   1.4103000000000001E+00   1.4591179960805765E-03   2.9021070331530984E-03   8.6773000291277667E-05
     119   1.0245001574803149E+02       49   1.4402000000000001E+00   1.4492680691792841E-03   3.0060371046287341E-03   8.9880509428399164E-05
     119   1.0245001574803149E+02       50   1.4701000000000002E+00   1.4038725609484990E-03   3.0340409695252565E-03   9.0717824988805195E-05
 
     120   1.0331823622047243E+02        1   5.0000000000000001E-03   6.4105199980282870E-02   1.6026299995070718E-06   4.7918636985261455E-08
     120   1.0331823622047243E+02        2   3.4900000000000000E-02   6.5847021134980921E-02   8.0202330212618116E-05   2.3980496733572821E-06
     120   1.0331823622047243E+02        3   6.4800000000000010E-02   7.3571727457160951E-02   3.0893062646171720E-04   9.2370257312053471E-06
     120   1.0331823622047243E+02        4   9.4700000000000006E-02   8.5677064626149879E-02   7.6835962650312860E-04   2.2973952832443549E-05
     120   1.0331823622047243E+02        5   1.2460000000000002E-01   9.0112446934681623E-02   1.3990101566524421E-03   4.1830403683908029E-05
     120   1.0331823622047243E+02        6   1.5450000000000003E-01   8.4500299397291950E-02   2.0170432716882089E-03   6.0309593823477459E-05
     120   1.0331823622047243E+02        7   1.8440000000000001E-01   7.7383826237356429E-02   2.6313101017262763E-03   7.8676172041615671E-05
     120   1.0331823622047243E+02        8   2.1430000000000002E-01   6.0563281083456239E-02   2.7813377964843755E-03   8.3162000114882849E-05
     120   1.0331823622047243E+02        9   2.4420000000000003E-01   3.9451173158509836E-02   2.3526170577122391E-03   7.0343250025595958E-05
     120   1.0331823622047243E+02       10   2.7410000000000001E-01   4.0631303933555254E-02   3.0526627758841927E-03   9.1274616998937382E-05
     120   1.0331823622047243E+02       11   3.0400000000000005E-01   4.5187941259553555E-02   4.1760887794429023E-03   1.2486505450534280E-04
     120   1.0331823622047243E+02       12   3.3390000000000003E-01   3.2760885023052910E-02   3.6524851901210014E-03   1.0920930718461797E-04
     120   1.0331823622047243E+02       13   3.6380000000000001E-01   2.5909862221676135E-02   3.4291816653782142E-03   1.0253253179480863E-04
     120   1.0331823622047243E+02       14   3.9370000000000005E-01   2.1289747372060068E-02   3.2999042428476263E-03   9.8667136861144050E-05
     120   1.0331823622047243E+02       15   4.2360000000000003E-01   1.4083888002531667E-02   2.5271700481547549E-03   7.5562384439827187E-05
     120   1.0331823622047243E+02       16   4.5350000000000007E-01   1.1011255714745675E-02   2.2645996256199547E-03   6.7711528806036655E-05
     120   1.0331823622047243E+02       17   4.8340000000000005E-01   7.5556948593114527E-03   1.7655812274387254E-03   5.2790878700417903E-05
     120   1.0331823622047243E+02       18   5.1330000000000009E-01   7.1888731559260231E-03   1.8941019417278741E-03   5.6633648057663446E-05
     120   1.0331823622047243E+02       19   5.4320000000000002E-01   6.9553648452642045E-03   2.0522933527202906E-03   6.1363571246336707E-05
     120   1.0331823622047243E+02       20   5.7310000000000005E-01   6.2214137458667645E-03   2.0433835899961029E-03   6.1097169340883494E-05
     120   1.0331823622047243E+02       21   6.0300000000000009E-01   4.7092250792652966E-03   1.7123166218465759E-03   5.1198266993212634E-05
     120   1.0331823622047243E+02       22   6.3290000000000002E-01   4.0159421816854095E-03   1.6086354787165657E-03   4.8098200813625324E-05
     120   1.0331823622047243E+02       23   6.6280000000000006E-01   3.6257045521532302E-03   1.5927859324663945E-03   4.7624299380745207E-05
     120   1.0331823622047243E+02       24   6.9270000000000009E-01   2.7530911588437125E-03   1.3210247884178916E-03   3.9498641173694969E-05
     120   1.0331823622047243E+02       25   7.2260000000000002E-01   1.8398033209090982E-03   9.6065470226320963E-04   2.8723575597669973E-05
     120   1.0331823622047243E+02       26   7.5250000000000006E-01   2.4927291126684700E-03   1.4115234396054755E-03   4.2204550844203731E-05
     120   1.0331823622047243E+02       27   7.8240000000000010E-01   2.5910458276273050E-03   1.5861080815310563E-03   4.7424631637778592E-05
     120   1.0331823622047243E+02       28   8.1230000000000013E-01   1.8638960271076294E-03   1.2298569199923025E-03   3.6772721907769850E-05
     120   1.0331823622047243E+02       29   8.4220000000000006E-01   2.0387686986267891E-03   1.4461003505016887E-03   4.3238400480000502E-05
     120   1.0331823622047243E+02       30   8.7210000000000010E-01   1.8205446587468031E-03   1.3846305509904613E-03   4.1400453474614803E-05
     120   1.0331823622047243E+02       31   9.0200000000000014E-01   1.6963388782242758E-03   1.3801480966787840E-03   4.1266428090695651E-05
     120   1.0331823622047243E+02       32   9.3190000000000006E-01   1.9220399573901912E-03   1.6691717869204395E-03   4.9908236428921150E-05
     120   1.0331823622047243E+02       33   9.6180000000000010E-01   1.7954366990554280E-03   1.6608853082963233E-03   4.9660470718060080E-05
     120   1.0331823622047243E+02       34   9.9170000000000014E-01   1.9891593612310380E-03   1.9562763490229987E-03   5.8492662835787676E-05
     120   1.0331823622047243E+02       35   1.0216000000000001E+00   1.7690758852641274E-03   1.8463253435525668E-03   5.5205127772221762E-05
     120   1.0331823622047243E+02       36   1.0515000000000001E+00   1.9196628223865058E-03   2.1224795188129909E-03   6.3462137612508435E-05
     120   1.0331823622047243E+02       37   1.0814000000000001E+00   1.8000290712074062E-03   2.1050007246246299E-03   6.2939521666276449E-05
     120   1.0331823622047243E+02       38   1.1113000000000002E+00   1.7685761256570169E-03   2.1841697440143095E-03   6.5306675346027868E-05
     120   1.0331823622047243E+02       39   1.1412000000000002E+00   1.6912943837359077E-03   2.2026359980010005E-03   6.5858816340229930E-05
     120   1.0331823622047243E+02       40   1.1711000000000000E+00   1.7127235174267867E-03   2.3489578457348411E-03   7.0233839587471761E-05
     120   1.0331823622047243E+02       41   1.2010000000000001E+00   1.5820662788687222E-03   2.2819739827065243E-03   6.8231022082925093E-05
     120   1.0331823622047243E+02       42   1.2309000000000001E+00   1.5953724490381832E-03   2.4171724250037219E-03   7.2273455507611303E-05
     120   1.0331823622047243E+02       43   1.2608000000000001E+00   1.6054077976536982E-03   2.5519829491360722E-03   7.6304290179168570E-05
     120   1.0331823622047243E+02       44   1.2907000000000002E+00   1.5929367119693440E-03   2.6536836066289918E-03   7.9345139838206871E-05
     120   1.0331823622047243E+02       45   1.3206000000000002E+00   1.5412100409877901E-03   2.6878462069576661E-03   8.0366601588034240E-05
     120   1.0331823622047243E+02       46   1.3505000000000000E+00   1.5291308657212738E-03   2.7889057117284617E-03   8.3388280780681022E-05
     120   1.0331823622047243E+02       47   1.3804000000000001E+00   1.5250275804537768E-03   2.9059463986694069E-03   8.6887797320215287E-05
     120   1.0331823622047243E+02       48   1.4103000000000001E+00   1.4606666297356473E-03   2.9051871820061936E-03   8.6865096741985207E-05
     120   1.0331823622047243E+02       49   1.4402000000000001E+00   1.4545319183483394E-03   3.0169552544533624E-03   9.0206962108155551E-05
     120   1.0331823622047243E+02       50   1.4701000000000002E+00   1.4082280874619373E-03   3.0434541073364957E-03   9.0999277809361237E-05
 
     121   1.0418645669291338E+02        1   5.0000000000000001E-03   5.8875230555151176E-02   1.4718807638787796E-06   4.4009234839975517E-08
     121   1.0418645669291338E+02        2   3.4900000000000000E-02   6.0908863922973101E-02   7.4187605346820467E-05   2.2182093998699326E-06
     121   1.0418645669291338E+02        3   6.4800000000000010E-02   6.9295254840424300E-02   2.9097354688513536E-04   8.7001090518655498E-06
     121   1.0418645669291338E+02        4   9.4700000000000006E-02   8.2291637860651051E-02   7.3799881458172620E-04   2.2066164555993620E-05
     121   1.0418645669291338E+02        5   1.2460000000000002E-01   8.7580373214195220E-02   1.3596993070100955E-03   4.0655009279601863E-05
     121   1.0418645669291338E+02        6   1.5450000000000003E-01   8.2499767380962194E-02   1.9692900723254137E-03   5.8881773162529883E-05
     121   1.0418645669291338E+02        7   1.8440000000000001E-01   7.5812738378611050E-02   2.5778878356737282E-03   7.7078846286644491E-05
     121   1.0418645669291338E+02        8   2.1430000000000002E-01   5.9822389977529353E-02   2.7473127502991475E-03   8.2144651233944529E-05
     121   1.0418645669291338E+02        9   2.4420000000000003E-01   3.9648136025450684E-02   2.3643626704127575E-03   7.0694443845341459E-05
     121   1.0418645669291338E+02       10   2.7410000000000001E-01   4.1334822414521744E-02   3.1055186892091748E-03   9.2855008807354346E-05
     121   1.0418645669291338E+02       11   3.0400000000000005E-01   4.6123272879627683E-02   4.2625283864436729E-03   1.2744959875466585E-04
     121   1.0418645669291338E+02       12   3.3390000000000003E-01   3.3708673145428122E-02   3.7581533391319970E-03   1.1236878484004673E-04
     121   1.0418645669291338E+02       13   3.6380000000000001E-01   2.6823249356944318E-02   3.5500688546212977E-03   1.0614705875317683E-04
     121   1.0418645669291338E+02       14   3.9370000000000005E-01   2.2210544566240546E-02   3.4426275224984705E-03   1.0293456292270429E-04
     121   1.0418645669291338E+02       15   4.2360000000000003E-01   1.4810363290505724E-02   2.6575265653439443E-03   7.9460044303783950E-05
     121   1.0418645669291338E+02       16   4.5350000000000007E-01   1.1547454363994077E-02   2.3748754462713417E-03   7.1008775843513127E-05
     121   1.0418645669291338E+02       17   4.8340000000000005E-01   7.8616354705683487E-03   1.8370720711009228E-03   5.4928454925917602E-05
     121   1.0418645669291338E+02       18   5.1330000000000009E-01   7.4013779469464837E-03   1.9500920431760450E-03   5.8307752090963762E-05
     121   1.0418645669291338E+02       19   5.4320000000000002E-01   7.1206210970846178E-03   2.1010548935814334E-03   6.2821541318084867E-05
     121   1.0418645669291338E+02       20   5.7310000000000005E-01   6.3931317416439423E-03   2.0997832684311241E-03   6.2783519726090627E-05
     121   1.0418645669291338E+02       21   6.0300000000000009E-01   4.8858460423284794E-03   1.7765375936050166E-03   5.3118474048790011E-05
     121   1.0418645669291338E+02       22   6.3290000000000002E-01   4.2305573418786992E-03   1.6946022445061258E-03   5.0668607110733170E-05
     121   1.0418645669291338E+02       23   6.6280000000000006E-01   3.8215898422303274E-03   1.6788390925967771E-03   5.0197288868643646E-05
     121   1.0418645669291338E+02       24   6.9270000000000009E-01   2.9662291659536084E-03   1.4232954995934764E-03   4.2556535437844951E-05
     121   1.0418645669291338E+02       25   7.2260000000000002E-01   2.0292284174994873E-03   1.0595631604109546E-03   3.1680938496287548E-05
     121   1.0418645669291338E+02       26   7.5250000000000006E-01   2.7151709892094503E-03   1.5374825424585342E-03   4.5970728019510184E-05
     121   1.0418645669291338E+02       27   7.8240000000000010E-01   2.7914175327753950E-03   1.7087655727482504E-03   5.1092090625172702E-05
     121   1.0418645669291338E+02       28   8.1230000000000013E-01   1.9884461793714951E-03   1.3120390076302654E-03   3.9229966328144944E-05
     121   1.0418645669291338E+02       29   8.4220000000000006E-01   2.1023063770938604E-03   1.4911676792100322E-03   4.4585913608379976E-05
     121   1.0418645669291338E+02       30   8.7210000000000010E-01   1.8236881821068725E-03   1.3870213841189936E-03   4.1471939385157914E-05
     121   1.0418645669291338E+02       31   9.0200000000000014E-01   1.6404907921703344E-03   1.3347098704729532E-03   3.9907825127141305E-05
     121   1.0418645669291338E+02       32   9.3190000000000006E-01   1.8215717300312619E-03   1.5819213996719145E-03   4.7299449850190256E-05
     121   1.0418645669291338E+02       33   9.6180000000000010E-01   1.6881011146671536E-03   1.5615935341771502E-03   4.6691646671896801E-05
     121   1.0418645669291338E+02       34   9.9170000000000014E-01   1.8908487164718002E-03   1.8595908883464465E-03   5.5601767561558764E-05
     121   1.0418645669291338E+02       35   1.0216000000000001E+00   1.7015033744423979E-03   1.7758021736326895E-03   5.3096484991617431E-05
     121   1.0418645669291338E+02       36   1.0515000000000001E+00   1.8867476087051371E-03   2.0860867387469547E-03   6.2373993488533961E-05
     121   1.0418645669291338E+02       37   1.0814000000000001E+00   1.7984322498927744E-03   2.1031333603258183E-03   6.2883687473741984E-05
     121   1.0418645669291338E+02       38   1.1113000000000002E+00   1.7870416892425112E-03   2.2069744877313072E-03   6.5988537183166092E-05
     121   1.0418645669291338E+02       39   1.1412000000000002E+00   1.7162731891992510E-03   2.2351668315623891E-03   6.6831488263715454E-05
     121   1.0418645669291338E+02       40   1.1711000000000000E+00   1.7145755854025228E-03   2.3514979110507979E-03   7.0309787540418872E-05
     121   1.0418645669291338E+02       41   1.2010000000000001E+00   1.5700005296046223E-03   2.2645703339022371E-03   6.7710652983676896E-05
     121   1.0418645669291338E+02       42   1.2309000000000001E+00   1.5618916456770610E-03   2.3664451639805882E-03   7.0756710403019598E-05
     121   1.0418645669291338E+02       43   1.2608000000000001E+00   1.5601020932482577E-03   2.4799642475262628E-03   7.4150931001035271E-05
     121   1.0418645669291338E+02       44   1.2907000000000002E+00   1.5410585207651139E-03   2.5672593912124037E-03   7.6761055797250886E-05
     121   1.0418645669291338E+02       45   1.3206000000000002E+00   1.4934422262986994E-03   2.6045398852285132E-03   7.7875742568332557E-05
     121   1.0418645669291338E+02       46   1.3505000000000000E+00   1.4956848405481840E-03   2.7279051703550153E-03   8.1564364593614977E-05
     121   1.0418645669291338E+02       47   1.3804000000000001E+00   1.5128285327381419E-03   2.8827010624992259E-03   8.6192761768726878E-05
     121   1.0418645669291338E+02       48   1.4103000000000001E+00   1.4703016173659204E-03   2.9243506529806236E-03   8.7438084524120666E-05
     121   1.0418645669291338E+02       49   1.4402000000000001E+00   1.4815319657994408E-03   3.0729581059552999E-03   9.1881447368063489E-05
     121   1.0418645669291338E+02       50   1.4701000000000002E+00   1.4483324133026947E-03   3.1301273361186285E-03   9.3590807349947018E-05
 
     122   1.0505467716535432E+02        1   5.0000000000000001E-03   5.3636220894525903E-02   1.3409055223631477E-06   4.0093075118658120E-08
     122   1.0505467716535432E+02        2   3.4900000000000000E-02   5.5795200556406958E-02   6.7959112229709241E-05   2.0319774556683067E-06
     122   1.0505467716535432E+02        3   6.4800000000000010E-02   6.4521878717239051E-02   2.7092994960883552E-04   8.1008054933041830E-06
     122   1.0505467716535432E+02        4   9.4700000000000006E-02   7.8107005426951190E-02   7.0047065429938683E-04   2.0944072563551672E-05
     122   1.0505467716535432E+02        5   1.2460000000000002E-01   8.4107190717134503E-02   1.3057775930340283E-03   3.9042750031717455E-05
     122   1.0505467716535432E+02        6   1.5450000000000003E-01   7.9679751826439035E-02   1.9019755960350572E-03   5.6869070321448223E-05
     122   1.0505467716535432E+02        7   1.8440000000000001E-01   7.3806922554933346E-02   2.5096833581275185E-03   7.5039532408012816E-05
     122   1.0505467716535432E+02        8   2.1430000000000002E-01   5.9022040498754064E-02   2.7105571086646265E-03   8.1045657549072355E-05
     122   1.0505467716535432E+02        9   2.4420000000000003E-01   3.9912518314582389E-02   2.3801287486652136E-03   7.1165849585089902E-05
     122   1.0505467716535432E+02       10   2.7410000000000001E-01   4.2136584155260212E-02   3.1657556982178656E-03   9.4656095376714200E-05
     122   1.0505467716535432E+02       11   3.0400000000000005E-01   4.7213247156349544E-02   4.3632594492012009E-03   1.3046145753111595E-04
     122   1.0505467716535432E+02       12   3.3390000000000003E-01   3.4854138454440700E-02   3.8858603615162155E-03   1.1618722480933486E-04
     122   1.0505467716535432E+02       13   3.6380000000000001E-01   2.8000000272499086E-02   3.7058123560653744E-03   1.1080378944635471E-04
     122   1.0505467716535432E+02       14   3.9370000000000005E-01   2.3405384566586616E-02   3.6278273521517111E-03   1.0847203782933618E-04
     122   1.0505467716535432E+02       15   4.2360000000000003E-01   1.5793208213413519E-02   2.8338852704619536E-03   8.4733169586812424E-05
     122   1.0505467716535432E+02       16   4.5350000000000007E-01   1.2327127991151510E-02   2.5352248786982006E-03   7.5803223873076211E-05
     122   1.0505467716535432E+02       17   4.8340000000000005E-01   8.3943466072856718E-03   1.9615536442915802E-03   5.8650453964318261E-05
     122   1.0505467716535432E+02       18   5.1330000000000009E-01   7.8326607498664935E-03   2.0637250947998921E-03   6.1705380334516790E-05
     122   1.0505467716535432E+02       19   5.4320000000000002E-01   7.4516728313891506E-03   2.1987370840681510E-03   6.5742238813637724E-05
     122   1.0505467716535432E+02       20   5.7310000000000005E-01   6.6827210643659171E-03   2.1948970310033847E-03   6.5627421227001210E-05
     122   1.0505467716535432E+02       21   6.0300000000000009E-01   5.1142469770361978E-03   1.8595862290731555E-03   5.5601628249287363E-05
     122   1.0505467716535432E+02       22   6.3290000000000002E-01   4.4424850666035520E-03   1.7794925246677295E-03   5.3206826487565125E-05
     122   1.0505467716535432E+02       23   6.6280000000000006E-01   3.9585343750895736E-03   1.7389993517488503E-03   5.1996080617290636E-05
     122   1.0505467716535432E+02       24   6.9270000000000009E-01   3.1133652672494104E-03   1.4938962991560142E-03   4.4667499344764835E-05
     122   1.0505467716535432E+02       25   7.2260000000000002E-01   2.1854264113415336E-03   1.1411220616060545E-03   3.4119549642021035E-05
     122   1.0505467716535432E+02       26   7.5250000000000006E-01   2.9367417256357113E-03   1.6629483567770071E-03   4.9722155867632524E-05
     122   1.0505467716535432E+02       27   7.8240000000000010E-01   3.0163330560157675E-03   1.8464475563201189E-03   5.5208781933971562E-05
     122   1.0505467716535432E+02       28   8.1230000000000013E-01   2.1755176648990751E-03   1.4354746272481449E-03   4.2920691354719542E-05
     122   1.0505467716535432E+02       29   8.4220000000000006E-01   2.2717411908226254E-03   1.6113479349130887E-03   4.8179303253901361E-05
     122   1.0505467716535432E+02       30   8.7210000000000010E-01   1.9484641526368051E-03   1.4819207978714461E-03   4.4309431856356250E-05
     122   1.0505467716535432E+02       31   9.0200000000000014E-01   1.6891288836926644E-03   1.3742820162878869E-03   4.1091032287007828E-05
     122   1.0505467716535432E+02       32   9.3190000000000006E-01   1.8078346769392192E-03   1.5699916261162179E-03   4.6942749620874921E-05
     122   1.0505467716535432E+02       33   9.6180000000000010E-01   1.6283744856466695E-03   1.5063428641276992E-03   4.5039651637418220E-05
     122   1.0505467716535432E+02       34   9.9170000000000014E-01   1.7968553365313926E-03   1.7671513233091056E-03   5.2837824566942269E-05
     122   1.0505467716535432E+02       35   1.0216000000000001E+00   1.6076551757321764E-03   1.6778559469225961E-03   5.0167892812985634E-05
     122   1.0505467716535432E+02       36   1.0515000000000001E+00   1.8072645564747708E-03   1.9982061232115826E-03   5.9746363084026332E-05
     122   1.0505467716535432E+02       37   1.0814000000000001E+00   1.7484093147408521E-03   2.0446352413637636E-03   6.1134593716776549E-05
     122   1.0505467716535432E+02       38   1.1113000000000002E+00   1.7769335197370907E-03   2.1944910228236794E-03   6.5615281582428030E-05
     122   1.0505467716535432E+02       39   1.1412000000000002E+00   1.7415196602028455E-03   2.2680462559782444E-03   6.7814583053749526E-05
     122   1.0505467716535432E+02       40   1.1711000000000000E+00   1.7562163323371998E-03   2.4086071631975910E-03   7.2017354179607990E-05
     122   1.0505467716535432E+02       41   1.2010000000000001E+00   1.6232906450659368E-03   2.3414360497337528E-03   7.0008937887039229E-05
     122   1.0505467716535432E+02       42   1.2309000000000001E+00   1.6099121492179581E-03   2.4392017400790586E-03   7.2932132028363867E-05
     122   1.0505467716535432E+02       43   1.2608000000000001E+00   1.6013230422897064E-03   2.5454897540391416E-03   7.6110143645770356E-05
     122   1.0505467716535432E+02       44   1.2907000000000002E+00   1.5687967891629864E-03   2.6134687525577816E-03   7.8142715701477682E-05
     122   1.0505467716535432E+02       45   1.3206000000000002E+00   1.5091118419052355E-03   2.6318674497735244E-03   7.8692836748228402E-05
     122   1.0505467716535432E+02       46   1.3505000000000000E+00   1.5079749007023773E-03   2.7503203996397559E-03   8.2234579949228722E-05
     122   1.0505467716535432E+02       47   1.3804000000000001E+00   1.5316901052435917E-03   2.9186418673725020E-03   8.7267391834437824E-05
     122   1.0505467716535432E+02       48   1.4103000000000001E+00   1.4996839088256286E-03   2.9827904466946508E-03   8.9185434356170085E-05
     122   1.0505467716535432E+02       49   1.4402000000000001E+00   1.5250179259984045E-03   3.1631556426763839E-03   9.4578353716023893E-05
     122   1.0505467716535432E+02       50   1.4701000000000002E+00   1.5067029813214375E-03   3.2562774580810333E-03   9.7362695996622918E-05
 
     123   1.0592289763779526E+02        1   5.0000000000000001E-03   4.8979590847974680E-02   1.2244897711993671E-06   3.6612244158861084E-08
     123   1.0592289763779526E+02        2   3.4900000000000000E-02   5.1104386293662055E-02   6.2245653549543325E-05   1.8611450411313459E-06
     123   1.0592289763779526E+02        3   6.4800000000000010E-02   5.9853014884499914E-02   2.5132520362061060E-04   7.5146235882562584E-06
     123   1.0592289763779526E+02        4   9.4700000000000006E-02   7.3695410799844874E-02   6.6090707663998089E-04   1.9761121591535434E-05
     123   1.0592289763779526E+02        5   1.2460000000000002E-01   8.0199630081938117E-02   1.2451120889629028E-03   3.7228851459990801E-05
     123   1.0592289763779526E+02        6   1.5450000000000003E-01   7.6460789995226333E-02   1.8251381723835521E-03   5.4571631354268219E-05
     123   1.0592289763779526E+02        7   1.8440000000000001E-01   7.1659340345979081E-02   2.4366583471468516E-03   7.2856084579690875E-05
     123   1.0592289763779526E+02        8   2.1430000000000002E-01   5.8281133478207535E-02   2.6765313316086075E-03   8.0028286815097389E-05
     123   1.0592289763779526E+02        9   2.4420000000000003E-01   4.0231000140664878E-02   2.3991209792283592E-03   7.1733717278927957E-05
     123   1.0592289763779526E+02       10   2.7410000000000001E-01   4.2975731678944085E-02   3.2288015313817293E-03   9.6541165788313724E-05
     123   1.0592289763779526E+02       11   3.0400000000000005E-01   4.8370798733174278E-02   4.4702357357250351E-03   1.3366004849817858E-04
     123   1.0592289763779526E+02       12   3.3390000000000003E-01   3.6098562215380728E-02   4.0246001835286477E-03   1.2033554548750660E-04
     123   1.0592289763779526E+02       13   3.6380000000000001E-01   2.9341211437414211E-02   3.8833222438748038E-03   1.1611133509185666E-04
     123   1.0592289763779526E+02       14   3.9370000000000005E-01   2.4780992125500844E-02   3.8410460973450733E-03   1.1484727831061771E-04
     123   1.0592289763779526E+02       15   4.2360000000000003E-01   1.6970500603007699E-02   3.0451350378818691E-03   9.1049537632667906E-05
     123   1.0592289763779526E+02       16   4.5350000000000007E-01   1.3326587914502475E-02   2.7407760553193874E-03   8.1949204054049696E-05
     123   1.0592289763779526E+02       17   4.8340000000000005E-01   9.1725967360442411E-03   2.1434116789493108E-03   6.4088009200584414E-05
     123   1.0592289763779526E+02       18   5.1330000000000009E-01   8.5264867939461413E-03   2.2465322230950007E-03   6.7171313470540538E-05
     123   1.0592289763779526E+02       19   5.4320000000000002E-01   8.0111550920709523E-03   2.3638214110742301E-03   7.0678260191119494E-05
     123   1.0592289763779526E+02       20   5.7310000000000005E-01   7.1574798976012412E-03   2.3508285360705826E-03   7.0289773228510440E-05
     123   1.0592289763779526E+02       21   6.0300000000000009E-01   5.4536147543249947E-03   1.9829834072053578E-03   5.9291203875440210E-05
     123   1.0592289763779526E+02       22   6.3290000000000002E-01   4.6874643154420350E-03   1.8776220029824619E-03   5.6140897889175623E-05
     123   1.0592289763779526E+02       23   6.6280000000000006E-01   4.0600407623574775E-03   1.7835914974601676E-03   5.3329385774059023E-05
     123   1.0592289763779526E+02       24   6.9270000000000009E-01   3.1987880244573890E-03   1.5348849817879899E-03   4.5893060955460910E-05
     123   1.0592289763779526E+02       25   7.2260000000000002E-01   2.2781669313027865E-03   1.1895465945866179E-03   3.5567443178139884E-05
     123   1.0592289763779526E+02       26   7.5250000000000006E-01   3.0779947297461764E-03   1.7429337531858337E-03   5.2113719220256438E-05
     123   1.0592289763779526E+02       27   7.8240000000000010E-01   3.1685646174418390E-03   1.9396360701115138E-03   5.7995118496334276E-05
     123   1.0592289763779526E+02       28   8.1230000000000013E-01   2.3385868557688990E-03   1.5430727818190370E-03   4.6137876176389216E-05
     123   1.0592289763779526E+02       29   8.4220000000000006E-01   2.4669318718890873E-03   1.7497968489537023E-03   5.2318925783715710E-05
     123   1.0592289763779526E+02       30   8.7210000000000010E-01   2.1349993755233219E-03   1.6237917303990109E-03   4.8551372738930436E-05
     123   1.0592289763779526E+02       31   9.0200000000000014E-01   1.8261362771934157E-03   1.4857517796696721E-03   4.4423978212123206E-05
     123   1.0592289763779526E+02       32   9.3190000000000006E-01   1.9033952338844732E-03   1.6529800078000231E-03   4.9424102233220702E-05
     123   1.0592289763779526E+02       33   9.6180000000000010E-01   1.6676347419317015E-03   1.5426609269689362E-03   4.6125561716371201E-05
     123   1.0592289763779526E+02       34   9.9170000000000014E-01   1.7809578248239495E-03   1.7515166151164244E-03   5.2370346791981099E-05
     123   1.0592289763779526E+02       35   1.0216000000000001E+00   1.5590731542811215E-03   1.6271525157169275E-03   4.8651860219936141E-05
     123   1.0592289763779526E+02       36   1.0515000000000001E+00   1.7377688707261544E-03   1.9213680618983319E-03   5.7448905050760135E-05
     123   1.0592289763779526E+02       37   1.0814000000000001E+00   1.6813982206154950E-03   1.9662707282855677E-03   5.8791494775738487E-05
     123   1.0592289763779526E+02       38   1.1113000000000002E+00   1.7358583007241670E-03   2.1437636329786646E-03   6.4098532626062093E-05
     123   1.0592289763779526E+02       39   1.1412000000000002E+00   1.7369744217023218E-03   2.2621268217052830E-03   6.7637591968987978E-05
     123   1.0592289763779526E+02       40   1.1711000000000000E+00   1.7948580600165478E-03   2.4616033347813876E-03   7.3601939709963505E-05
     123   1.0592289763779526E+02       41   1.2010000000000001E+00   1.6955718097904900E-03   2.4456944740136131E-03   7.3126264773007045E-05
     123   1.0592289763779526E+02       42   1.2309000000000001E+00   1.7049413799565638E-03   2.5831819349540273E-03   7.7237139855125439E-05
     123   1.0592289763779526E+02       43   1.2608000000000001E+00   1.7095708879516171E-03   2.7175623307474669E-03   8.1255113689349283E-05
     123   1.0592289763779526E+02       44   1.2907000000000002E+00   1.6731814867011413E-03   2.7873638976432806E-03   8.3342180539534104E-05
     123   1.0592289763779526E+02       45   1.3206000000000002E+00   1.5999713391234593E-03   2.7903249918795701E-03   8.3430717257199170E-05
     123   1.0592289763779526E+02       46   1.3505000000000000E+00   1.5820300679631591E-03   2.8853859349621245E-03   8.6273039455367540E-05
     123   1.0592289763779526E+02       47   1.3804000000000001E+00   1.5907214706014454E-03   3.0311263796323723E-03   9.0630678751007945E-05
     123   1.0592289763779526E+02       48   1.4103000000000001E+00   1.5441418008341941E-03   3.0712147971747295E-03   9.1829322435524438E-05
     123   1.0592289763779526E+02       49   1.4402000000000001E+00   1.5631109907442257E-03   3.2421673648623350E-03   9.6940804209383837E-05
     123   1.0592289763779526E+02       50   1.4701000000000002E+00   1.5422257098885678E-03   3.3330489662791712E-03   9.9658164091747243E-05
 
     124   1.0679111811023621E+02        1   5.0000000000000001E-03   4.5386000806881321E-02   1.1346500201720331E-06   3.3926035603143796E-08
     124   1.0679111811023621E+02        2   3.4900000000000000E-02   4.7344265538945746E-02   5.7665788869091311E-05   1.7242070871858305E-06
     124   1.0679111811023621E+02        3   6.4800000000000010E-02   5.5841291460690626E-02   2.3447981649509842E-04   7.0109465132034443E-06
     124   1.0679111811023621E+02        4   9.4700000000000006E-02   6.9624208494240711E-02   6.2439616795511525E-04   1.8669445421857950E-05
     124   1.0679111811023621E+02        5   1.2460000000000002E-01   7.6386478685606218E-02   1.1859123034306267E-03   3.5458777872575745E-05
     124   1.0679111811023621E+02        6   1.5450000000000003E-01   7.3281846313505483E-02   1.7492559919649550E-03   5.2302754159752166E-05
     124   1.0679111811023621E+02        7   1.8440000000000001E-01   6.9652395130856720E-02   2.3684154664967683E-03   7.0815622448253387E-05
     124   1.0679111811023621E+02        8   2.1430000000000002E-01   5.7689506984711911E-02   2.6493611866243326E-03   7.9215899480067557E-05
     124   1.0679111811023621E+02        9   2.4420000000000003E-01   4.0566611899703231E-02   2.4191347300466194E-03   7.2332128428393935E-05
     124   1.0679111811023621E+02       10   2.7410000000000001E-01   4.3766512474296478E-02   3.2882135330689990E-03   9.8317584638763089E-05
     124   1.0679111811023621E+02       11   3.0400000000000005E-01   4.9471378420414783E-02   4.5719469081010539E-03   1.3670121255222154E-04
     124   1.0679111811023621E+02       12   3.3390000000000003E-01   3.7298599175269419E-02   4.1583913561574395E-03   1.2433590154910747E-04
     124   1.0679111811023621E+02       13   3.6380000000000001E-01   3.0693717749076858E-02   4.0623270493261318E-03   1.2146357877485137E-04
     124   1.0679111811023621E+02       14   3.9370000000000005E-01   2.6183450318704414E-02   4.0584266825295871E-03   1.2134695780763468E-04
     124   1.0679111811023621E+02       15   4.2360000000000003E-01   1.8217564871078860E-02   3.2689044590691833E-03   9.7740243326168604E-05
     124   1.0679111811023621E+02       16   4.5350000000000007E-01   1.4456976701467457E-02   2.9732543566213764E-03   8.8900305262979166E-05
     124   1.0679111811023621E+02       17   4.8340000000000005E-01   1.0149025495346050E-02   2.3715792160792660E-03   7.0910218560770065E-05
     124   1.0679111811023621E+02       18   5.1330000000000009E-01   9.4621720497144977E-03   2.4930636643037021E-03   7.4542603562680716E-05
     124   1.0679111811023621E+02       19   5.4320000000000002E-01   8.8087442654215860E-03   2.5991630495195098E-03   7.7714975180633356E-05
     124   1.0679111811023621E+02       20   5.7310000000000005E-01   7.8475895609421455E-03   2.5774906451941537E-03   7.7066970291305212E-05
     124   1.0679111811023621E+02       21   6.0300000000000009E-01   5.9499151698458432E-03   2.1634427049924778E-03   6.4686936879275098E-05
     124   1.0679111811023621E+02       22   6.3290000000000002E-01   5.0179049532080230E-03   2.0099841012079433E-03   6.0098524626117518E-05
     124   1.0679111811023621E+02       23   6.6280000000000006E-01   4.1942650246656801E-03   1.8425567313133282E-03   5.5092446266268528E-05
     124   1.0679111811023621E+02       24   6.9270000000000009E-01   3.2812391075314118E-03   1.5744477562434616E-03   4.7075987911679510E-05
     124   1.0679111811023621E+02       25   7.2260000000000002E-01   2.3267581016693157E-03   1.2149185111227905E-03   3.6326063482571445E-05
     124   1.0679111811023621E+02       26   7.5250000000000006E-01   3.1085932658953567E-03   1.7602603655211581E-03   5.2631784929082640E-05
     124   1.0679111811023621E+02       27   7.8240000000000010E-01   3.1946042607407465E-03   1.9555762315074257E-03   5.8471729322072044E-05
     124   1.0679111811023621E+02       28   8.1230000000000013E-01   2.4046802372199166E-03   1.5866832629623240E-03   4.7441829562573496E-05
     124   1.0679111811023621E+02       29   8.4220000000000006E-01   2.5829232979007999E-03   1.8320696648566081E-03   5.4778882979212597E-05
     124   1.0679111811023621E+02       30   8.7210000000000010E-01   2.2744251199598559E-03   1.7298331529007275E-03   5.1722011271731761E-05
     124   1.0679111811023621E+02       31   9.0200000000000014E-01   1.9656768863478905E-03   1.5992825774401895E-03   4.7818549065461678E-05
     124   1.0679111811023621E+02       32   9.3190000000000006E-01   2.0443720887818781E-03   1.7754096107324422E-03   5.3084747360900036E-05
     124   1.0679111811023621E+02       33   9.6180000000000010E-01   1.7789620622978577E-03   1.6456452933380891E-03   4.9204794270808878E-05
     124   1.0679111811023621E+02       34   9.9170000000000014E-01   1.8539334589529875E-03   1.8232858810103556E-03   5.4516247842209644E-05
     124   1.0679111811023621E+02       35   1.0216000000000001E+00   1.5900538923998505E-03   1.6594860760955623E-03   4.9618633675257325E-05
     124   1.0679111811023621E+02       36   1.0515000000000001E+00   1.7270965925444946E-03   1.9095682335141539E-03   5.7096090182073211E-05
     124   1.0679111811023621E+02       37   1.0814000000000001E+00   1.6420272722255278E-03   1.9202293191685198E-03   5.7414856643138752E-05
     124   1.0679111811023621E+02       38   1.1113000000000002E+00   1.6832525645676781E-03   2.0787961964020131E-03   6.2156006272420211E-05
     124   1.0679111811023621E+02       39   1.1412000000000002E+00   1.6902445705183962E-03   2.2012687869428283E-03   6.5817936729590580E-05
     124   1.0679111811023621E+02       40   1.1711000000000000E+00   1.7781466782039951E-03   2.4386840889006269E-03   7.2916654258128758E-05
     124   1.0679111811023621E+02       41   1.2010000000000001E+00   1.7066646466527631E-03   2.4616947929965928E-03   7.3604674310598145E-05
     124   1.0679111811023621E+02       42   1.2309000000000001E+00   1.7470201176533954E-03   2.6469360536246025E-03   7.9143388003375629E-05
     124   1.0679111811023621E+02       43   1.2608000000000001E+00   1.7776900483408118E-03   2.8258456816049595E-03   8.4492785879988313E-05
     124   1.0679111811023621E+02       44   1.2907000000000002E+00   1.7528766706318244E-03   2.9201286217751493E-03   8.7311845791076978E-05
     124   1.0679111811023621E+02       45   1.3206000000000002E+00   1.6822060373709459E-03   2.9337410194725062E-03   8.7718856482227957E-05
     124   1.0679111811023621E+02       46   1.3505000000000000E+00   1.6524900767329739E-03   3.0138944395719535E-03   9.0115443743201432E-05
     124   1.0679111811023621E+02       47   1.3804000000000001E+00   1.6408530738875563E-03   3.1266523582415265E-03   9.3486905511421656E-05
     124   1.0679111811023621E+02       48   1.4103000000000001E+00   1.5680917573340652E-03   3.1188499695108183E-03   9.3253614088373491E-05
     124   1.0679111811023621E+02       49   1.4402000000000001E+00   1.5645522980800982E-03   3.2451568900046779E-03   9.7030191011139886E-05
     124   1.0679111811023621E+02       50   1.4701000000000002E+00   1.5227739863255155E-03   3.2910100178305266E-03   9.8401199533132769E-05
 
     125   1.0765933858267715E+02        1   5.0000000000000001E-03   4.3168578072173169E-02   1.0792144518043293E-06   3.2268512108949453E-08
     125   1.0765933858267715E+02        2   3.4900000000000000E-02   4.4865199645344869E-02   5.4646261820026507E-05   1.6339232284187929E-06
     125   1.0765933858267715E+02        3   6.4800000000000010E-02   5.2903971610837840E-02   2.2214589295277258E-04   6.6421621992879017E-06
     125   1.0765933858267715E+02        4   9.4700000000000006E-02   6.6358266590289886E-02   5.9510690702571287E-04   1.7793696520068819E-05
     125   1.0765933858267715E+02        5   1.2460000000000002E-01   7.3129551091961745E-02   1.1353479814308811E-03   3.3946904644783349E-05
     125   1.0765933858267715E+02        6   1.5450000000000003E-01   7.0535329738219146E-02   1.6836959546837262E-03   5.0342509045043422E-05
     125   1.0765933858267715E+02        7   1.8440000000000001E-01   6.8029833283407323E-02   2.3132429118756814E-03   6.9165963065082888E-05
     125   1.0765933858267715E+02        8   2.1430000000000002E-01   5.7317597103863346E-02   2.6322814150204015E-03   7.8705214309110022E-05
     125   1.0765933858267715E+02        9   2.4420000000000003E-01   4.0885121597589155E-02   2.4381286227068573E-03   7.2900045818935055E-05
     125   1.0765933858267715E+02       10   2.7410000000000001E-01   4.4428549155344582E-02   3.3379528851658546E-03   9.9804791266459075E-05
     125   1.0765933858267715E+02       11   3.0400000000000005E-01   5.0398408503160304E-02   4.6576193202280637E-03   1.3926281767481913E-04
     125   1.0765933858267715E+02       12   3.3390000000000003E-01   3.8318280431899450E-02   4.2720748139109289E-03   1.2773503693593681E-04
     125   1.0765933858267715E+02       13   3.6380000000000001E-01   3.1900029146073094E-02   4.2219828934955987E-03   1.2623728851551843E-04
     125   1.0765933858267715E+02       14   3.9370000000000005E-01   2.7449715157559340E-02   4.2546973400100002E-03   1.2721545046629902E-04
     125   1.0765933858267715E+02       15   4.2360000000000003E-01   1.9390965240324784E-02   3.4794558541895492E-03   1.0403573004026754E-04
     125   1.0765933858267715E+02       16   4.5350000000000007E-01   1.5596928889711273E-02   3.2076994885480233E-03   9.5910214707585920E-05
     125   1.0765933858267715E+02       17   4.8340000000000005E-01   1.1228982405879164E-02   2.6239387519239616E-03   7.8455768682526465E-05
     125   1.0765933858267715E+02       18   5.1330000000000009E-01   1.0564062323217367E-02   2.7833862866874872E-03   8.3223249971955881E-05
     125   1.0765933858267715E+02       19   5.4320000000000002E-01   9.8020539272993448E-03   2.8922551966054514E-03   8.6478430378503012E-05
     125   1.0765933858267715E+02       20   5.7310000000000005E-01   8.7402361608036327E-03   2.8706747169068860E-03   8.5833174035515914E-05
     125   1.0765933858267715E+02       21   6.0300000000000009E-01   6.6247475419128135E-03   2.4088178289673771E-03   7.2023653086124593E-05
     125   1.0765933858267715E+02       22   6.3290000000000002E-01   5.4888329599136979E-03   2.1986201585104644E-03   6.5738742739462896E-05
     125   1.0765933858267715E+02       23   6.6280000000000006E-01   4.4550890013478669E-03   1.9571377058338834E-03   5.8518417404433125E-05
     125   1.0765933858267715E+02       24   6.9270000000000009E-01   3.4588105054338099E-03   1.6596524243088684E-03   4.9623607486835178E-05
     125   1.0765933858267715E+02       25   7.2260000000000002E-01   2.4027682945878021E-03   1.2546072911229248E-03   3.7512758004575458E-05
     125   1.0765933858267715E+02       26   7.5250000000000006E-01   3.0785814763055340E-03   1.7432660020922359E-03   5.2123653462557864E-05
     125   1.0765933858267715E+02       27   7.8240000000000010E-01   3.1342067657458626E-03   1.9186039194417064E-03   5.7366257191307035E-05
     125   1.0765933858267715E+02       28   8.1230000000000013E-01   2.3746727319126615E-03   1.5668833720257562E-03   4.6849812823570120E-05
     125   1.0765933858267715E+02       29   8.4220000000000006E-01   2.5692185840177090E-03   1.8223488997873719E-03   5.4488232103642428E-05
     125   1.0765933858267715E+02       30   8.7210000000000010E-01   2.2923797649626629E-03   1.7434887091561768E-03   5.2130312403769694E-05
     125   1.0765933858267715E+02       31   9.0200000000000014E-01   2.0171265814881586E-03   1.6411422552050922E-03   4.9070153430632270E-05
     125   1.0765933858267715E+02       32   9.3190000000000006E-01   2.1293096867528579E-03   1.8491726153135007E-03   5.5290261197873681E-05
     125   1.0765933858267715E+02       33   9.6180000000000010E-01   1.8776839606828989E-03   1.7369688976295126E-03   5.1935370039122435E-05
     125   1.0765933858267715E+02       34   9.9170000000000014E-01   1.9536334677258084E-03   1.9213377379711520E-03   5.7447998365337457E-05
     125   1.0765933858267715E+02       35   1.0216000000000001E+00   1.6695471533147226E-03   1.7424505342577693E-03   5.2099270974307314E-05
     125   1.0765933858267715E+02       36   1.0515000000000001E+00   1.7767635988889365E-03   1.9644826708296505E-03   5.8738031857806567E-05
     125   1.0765933858267715E+02       37   1.0814000000000001E+00   1.6555190830508280E-03   1.9360069929950348E-03   5.7886609090551556E-05
     125   1.0765933858267715E+02       38   1.1113000000000002E+00   1.6534909475921262E-03   2.0420409658027114E-03   6.1057024877501082E-05
     125   1.0765933858267715E+02       39   1.1412000000000002E+00   1.6309579564180820E-03   2.1240576097091572E-03   6.3509322530303820E-05
     125   1.0765933858267715E+02       40   1.1711000000000000E+00   1.7083883063229637E-03   2.3430122111758309E-03   7.0056065114157360E-05
     125   1.0765933858267715E+02       41   1.2010000000000001E+00   1.6342286696560478E-03   2.3572130673405532E-03   7.0480670713482559E-05
     125   1.0765933858267715E+02       42   1.2309000000000001E+00   1.6817455805289664E-03   2.5480376357114851E-03   7.6186325307773427E-05
     125   1.0765933858267715E+02       43   1.2608000000000001E+00   1.7262883353395995E-03   2.7441366632937284E-03   8.2049686232482500E-05
     125   1.0765933858267715E+02       44   1.2907000000000002E+00   1.7145390822036672E-03   2.8562617844017334E-03   8.5402227353611841E-05
     125   1.0765933858267715E+02       45   1.3206000000000002E+00   1.6596166945975362E-03   2.8943455589730007E-03   8.6540932213292733E-05
     125   1.0765933858267715E+02       46   1.3505000000000000E+00   1.6330597220429238E-03   2.9784563823129170E-03   8.9055845831156235E-05
     125   1.0765933858267715E+02       47   1.3804000000000001E+00   1.6159655400839168E-03   3.0792290590465508E-03   9.2068948865491889E-05
     125   1.0765933858267715E+02       48   1.4103000000000001E+00   1.5308812132944433E-03   3.0448402034364392E-03   9.1040722082749546E-05
     125   1.0765933858267715E+02       49   1.4402000000000001E+00   1.5112805443744501E-03   3.1346618948596416E-03   9.3726390656303303E-05
     125   1.0765933858267715E+02       50   1.4701000000000002E+00   1.4518289663932309E-03   3.1376840657135426E-03   9.3816753564834947E-05
 
     126   1.0852755905511810E+02        1   5.0000000000000001E-03   4.2414284450874008E-02   1.0603571112718504E-06   3.1704677627028333E-08
     126   1.0852755905511810E+02        2   3.4900000000000000E-02   4.3795784505220960E-02   5.3343703485204186E-05   1.5949767342076055E-06
     126   1.0852755905511810E+02        3   6.4800000000000010E-02   5.1248103992801344E-02   2.1519283858993261E-04   6.4342658738389867E-06
     126   1.0852755905511810E+02        4   9.4700000000000006E-02   6.4178924238907836E-02   5.7556236867770702E-04   1.7209314823463442E-05
     126   1.0852755905511810E+02        5   1.2460000000000002E-01   7.0746832419686406E-02   1.0983558928088189E-03   3.2840841194983696E-05
     126   1.0852755905511810E+02        6   1.5450000000000003E-01   6.8504625197681177E-02   1.6352225296249498E-03   4.8893153635786006E-05
     126   1.0852755905511810E+02        7   1.8440000000000001E-01   6.6958110165175722E-02   2.2768007248661296E-03   6.8076341673497292E-05
     126   1.0852755905511810E+02        8   2.1430000000000002E-01   5.7204184801378635E-02   2.6270730128690654E-03   7.8549483084785075E-05
     126   1.0852755905511810E+02        9   2.4420000000000003E-01   4.1164958294085501E-02   2.4548163035245096E-03   7.3399007475382855E-05
     126   1.0852755905511810E+02       10   2.7410000000000001E-01   4.4913480753745447E-02   3.3743861889483063E-03   1.0089414704955438E-04
     126   1.0852755905511810E+02       11   3.0400000000000005E-01   5.1078122091874262E-02   4.7204357312426535E-03   1.4114102836415538E-04
     126   1.0852755905511810E+02       12   3.3390000000000003E-01   3.9065364635858586E-02   4.3553666416138118E-03   1.3022546258425300E-04
     126   1.0852755905511810E+02       13   3.6380000000000001E-01   3.2839813599235441E-02   4.3463637793767947E-03   1.2995627700336618E-04
     126   1.0852755905511810E+02       14   3.9370000000000005E-01   2.8450283154922144E-02   4.4097850694251560E-03   1.3185257357581218E-04
     126   1.0852755905511810E+02       15   4.2360000000000003E-01   2.0367168290912892E-02   3.6546227619298059E-03   1.0927322058170122E-04
     126   1.0852755905511810E+02       16   4.5350000000000007E-01   1.6625990583111355E-02   3.4193386318014944E-03   1.0223822509086471E-04
     126   1.0852755905511810E+02       17   4.8340000000000005E-01   1.2297901939632927E-02   2.8737191225688113E-03   8.5924201764807470E-05
     126   1.0852755905511810E+02       18   5.1330000000000009E-01   1.1723644176199463E-02   3.0889093070116474E-03   9.2358388279648274E-05
     126   1.0852755905511810E+02       19   5.4320000000000002E-01   1.0907431182748837E-02   3.2184147071524527E-03   9.6230599743858355E-05
     126   1.0852755905511810E+02       20   5.7310000000000005E-01   9.7780944291796200E-03   3.2115526332406443E-03   9.6025423733895278E-05
     126   1.0852755905511810E+02       21   6.0300000000000009E-01   7.4604260210801698E-03   2.7126780450989403E-03   8.1109073548458325E-05
     126   1.0852755905511810E+02       22   6.3290000000000002E-01   6.1307725338010715E-03   2.4557570213011638E-03   7.3427134936904817E-05
     126   1.0852755905511810E+02       23   6.6280000000000006E-01   4.9217019353435375E-03   2.1621225595318482E-03   6.4647464530002280E-05
     126   1.0852755905511810E+02       24   6.9270000000000009E-01   3.8258774130701433E-03   1.8357833462501363E-03   5.4889922052879086E-05
     126   1.0852755905511810E+02       25   7.2260000000000002E-01   2.6042330636034351E-03   1.3598022733776621E-03   4.0658087973992108E-05
     126   1.0852755905511810E+02       26   7.5250000000000006E-01   3.1110811444350983E-03   1.7616691422935277E-03   5.2673907354576486E-05
     126   1.0852755905511810E+02       27   7.8240000000000010E-01   3.1209121592669269E-03   1.9104656292763314E-03   5.7122922315362321E-05
     126   1.0852755905511810E+02       28   8.1230000000000013E-01   2.3457214358663975E-03   1.5477804010083777E-03   4.6278633990150505E-05
     126   1.0852755905511810E+02       29   8.4220000000000006E-01   2.4861528411011754E-03   1.7634302985614506E-03   5.2726565926987384E-05
     126   1.0852755905511810E+02       30   8.7210000000000010E-01   2.2207932950883613E-03   1.6890430174510652E-03   5.0502386221786857E-05
     126   1.0852755905511810E+02       31   9.0200000000000014E-01   1.9673986338462498E-03   1.6006833980918445E-03   4.7860433602946164E-05
     126   1.0852755905511810E+02       32   9.3190000000000006E-01   2.1096772181056875E-03   1.8321230411631521E-03   5.4780478930778256E-05
     126   1.0852755905511810E+02       33   9.6180000000000010E-01   1.8974937765102982E-03   1.7552941508033467E-03   5.2483295109020078E-05
     126   1.0852755905511810E+02       34   9.9170000000000014E-01   2.0025045827879342E-03   1.9694009592543635E-03   5.8885088681705482E-05
     126   1.0852755905511810E+02       35   1.0216000000000001E+00   1.7317477253724013E-03   1.8073671913272390E-03   5.4040279020684457E-05
     126   1.0852755905511810E+02       36   1.0515000000000001E+00   1.8413831532762422E-03   2.0359294265319722E-03   6.0874289853305983E-05
     126   1.0852755905511810E+02       37   1.0814000000000001E+00   1.7063621643665765E-03   1.9954642121720622E-03   5.9664379943944670E-05
     126   1.0852755905511810E+02       38   1.1113000000000002E+00   1.6662599574758304E-03   2.0578105358225744E-03   6.1528535021094984E-05
     126   1.0852755905511810E+02       39   1.1412000000000002E+00   1.6053079861280419E-03   2.0906526930655504E-03   6.2510515522659971E-05
     126   1.0852755905511810E+02       40   1.1711000000000000E+00   1.6436195828483221E-03   2.2541835125470151E-03   6.7400087025155770E-05
     126   1.0852755905511810E+02       41   1.2010000000000001E+00   1.5403676069313374E-03   2.2218277766053686E-03   6.6432650520500535E-05
     126   1.0852755905511810E+02       42   1.2309000000000001E+00   1.5629150215512205E-03   2.3679956959237235E-03   7.0803071308119341E-05
     126   1.0852755905511810E+02       43   1.2608000000000001E+00   1.5941570378313471E-03   2.5340985541098195E-03   7.5769546767883613E-05
     126   1.0852755905511810E+02       44   1.2907000000000002E+00   1.5801492479664149E-03   2.6323808873558703E-03   7.8708188531940540E-05
     126   1.0852755905511810E+02       45   1.3206000000000002E+00   1.5341506619744893E-03   2.6755347603671571E-03   7.9998489334978017E-05
     126   1.0852755905511810E+02       46   1.3505000000000000E+00   1.5171787118450984E-03   2.7671067728933605E-03   8.2736492509511502E-05
     126   1.0852755905511810E+02       47   1.3804000000000001E+00   1.5109942786489590E-03   2.8792058837017911E-03   8.6088255922683578E-05
     126   1.0852755905511810E+02       48   1.4103000000000001E+00   1.4356907888078729E-03   2.8555115808484347E-03   8.5379796267368214E-05
     126   1.0852755905511810E+02       49   1.4402000000000001E+00   1.4216193669633662E-03   2.9486888289553819E-03   8.8165795985765941E-05
     126   1.0852755905511810E+02       50   1.4701000000000002E+00   1.3665794047299773E-03   2.9534432236917934E-03   8.8307952388384648E-05
 
     127   1.0939577952755904E+02        1   5.0000000000000001E-03   4.2975949674988585E-02   1.0743987418747146E-06   3.2124522382053977E-08
     127   1.0939577952755904E+02        2   3.4900000000000000E-02   4.4033383001716754E-02   5.3633100829921025E-05   1.6036297148146390E-06
     127   1.0939577952755904E+02        3   6.4800000000000010E-02   5.0857921110424094E-02   2.1355444505951525E-04   6.3852779072795074E-06
     127   1.0939577952755904E+02        4   9.4700000000000006E-02   6.3163846387386674E-02   5.6645905914825862E-04   1.6937125868532936E-05
     127   1.0939577952755904E+02        5   1.2460000000000002E-01   6.9381324042815787E-02   1.0771561567765623E-03   3.2206969087619223E-05
     127   1.0939577952755904E+02        6   1.5450000000000003E-01   6.7326858260969902E-02   1.6071089384039174E-03   4.8052557258277141E-05
     127   1.0939577952755904E+02        7   1.8440000000000001E-01   6.6490546999578529E-02   2.2609020062235889E-03   6.7600969986085326E-05
     127   1.0939577952755904E+02        8   2.1430000000000002E-01   5.7325550728769735E-02   2.6326466811878789E-03   7.8716135767517600E-05
     127   1.0939577952755904E+02        9   2.4420000000000003E-01   4.1376696572883925E-02   2.4674430278165942E-03   7.3776546531716184E-05
     127   1.0939577952755904E+02       10   2.7410000000000001E-01   4.5194541485642371E-02   3.3955025093949150E-03   1.0152552503090798E-04
     127   1.0939577952755904E+02       11   3.0400000000000005E-01   5.1465483911789935E-02   4.7562341611919797E-03   1.4221140141964023E-04
     127   1.0939577952755904E+02       12   3.3390000000000003E-01   3.9478134848282019E-02   4.4013860665084326E-03   1.3160144338860216E-04
     127   1.0939577952755904E+02       13   3.6380000000000001E-01   3.3426126296280674E-02   4.4239625228083184E-03   1.3227647943196875E-04
     127   1.0939577952755904E+02       14   3.9370000000000005E-01   2.9086326222710901E-02   4.5083715477590618E-03   1.3480030927799598E-04
     127   1.0939577952755904E+02       15   4.2360000000000003E-01   2.1040889976687967E-02   3.7755133331113604E-03   1.1288784866002971E-04
     127   1.0939577952755904E+02       16   4.5350000000000007E-01   1.7424330559661264E-02   3.5835270276436959E-03   1.0714745812654653E-04
     127   1.0939577952755904E+02       17   4.8340000000000005E-01   1.3222673664972748E-02   3.0898156733597600E-03   9.2385488633456848E-05
     127   1.0939577952755904E+02       18   5.1330000000000009E-01   1.2797915349721660E-02   3.3719549348279264E-03   1.0082145255135502E-04
     127   1.0939577952755904E+02       19   5.4320000000000002E-01   1.1989011301799583E-02   3.5375524861395087E-03   1.0577281933557133E-04
     127   1.0939577952755904E+02       20   5.7310000000000005E-01   1.0837673372264227E-02   3.5595645663873371E-03   1.0643098053498140E-04
     127   1.0939577952755904E+02       21   6.0300000000000009E-01   8.3667168467429671E-03   3.0422135459273647E-03   9.0962185023228225E-05
     127   1.0939577952755904E+02       22   6.3290000000000002E-01   6.9012529445114587E-03   2.7643825114731066E-03   8.2655037093045907E-05
     127   1.0939577952755904E+02       23   6.6280000000000006E-01   5.5945666650021519E-03   2.4577146190714392E-03   7.3485667110236049E-05
     127   1.0939577952755904E+02       24   6.9270000000000009E-01   4.4044335128647916E-03   2.1133938230641709E-03   6.3190475309618727E-05
     127   1.0939577952755904E+02       25   7.2260000000000002E-01   2.9934821246982123E-03   1.5630489664575865E-03   4.6735164097081849E-05
     127   1.0939577952755904E+02       26   7.5250000000000006E-01   3.3328494344909880E-03   1.8872468225894880E-03   5.6428679995425706E-05
     127   1.0939577952755904E+02       27   7.8240000000000010E-01   3.3055099404454740E-03   2.0234671167213116E-03   6.0501666789967230E-05
     127   1.0939577952755904E+02       28   8.1230000000000013E-01   2.4567606018914318E-03   1.6210475171672004E-03   4.8469320763299304E-05
     127   1.0939577952755904E+02       29   8.4220000000000006E-01   2.4766149013362181E-03   1.7566650298742970E-03   5.2524284393241487E-05
     127   1.0939577952755904E+02       30   8.7210000000000010E-01   2.1875732462629015E-03   1.6637772299362510E-03   4.9746939175093917E-05
     127   1.0939577952755904E+02       31   9.0200000000000014E-01   1.9035329538969559E-03   1.5487220254223793E-03   4.6306788560129148E-05
     127   1.0939577952755904E+02       32   9.3190000000000006E-01   2.0388003633881472E-03   1.7705709148479341E-03   5.2940070353953238E-05
     127   1.0939577952755904E+02       33   9.6180000000000010E-01   1.8517712902855702E-03   1.7129981424453893E-03   5.1218644459117151E-05
     127   1.0939577952755904E+02       34   9.9170000000000014E-01   1.9777066693093051E-03   1.9450129828112199E-03   5.8155888186055487E-05
     127   1.0939577952755904E+02       35   1.0216000000000001E+00   1.7349730252800911E-03   1.8107333289868659E-03   5.4140926536707302E-05
     127   1.0939577952755904E+02       36   1.0515000000000001E+00   1.8667358219552129E-03   2.0639606617003808E-03   6.1712423784841401E-05
     127   1.0939577952755904E+02       37   1.0814000000000001E+00   1.7478716915475577E-03   2.0440065308448270E-03   6.1115795272260345E-05
     127   1.0939577952755904E+02       38   1.1113000000000002E+00   1.7009091866908854E-03   2.1006019073711558E-03   6.2807997030397570E-05
     127   1.0939577952755904E+02       39   1.1412000000000002E+00   1.6228295457297482E-03   2.1134716761420438E-03   6.3192803116647120E-05
     127   1.0939577952755904E+02       40   1.1711000000000000E+00   1.6285347309257627E-03   2.2334950120887040E-03   6.6781500861452258E-05
     127   1.0939577952755904E+02       41   1.2010000000000001E+00   1.4982505841904040E-03   2.1610781408868233E-03   6.4616236412516035E-05
     127   1.0939577952755904E+02       42   1.2309000000000001E+00   1.4889595853036198E-03   2.2559447191849730E-03   6.7452747103630714E-05
     127   1.0939577952755904E+02       43   1.2608000000000001E+00   1.4930954767795226E-03   2.3734494149974636E-03   7.0966137508424174E-05
     127   1.0939577952755904E+02       44   1.2907000000000002E+00   1.4634073830253366E-03   2.4378998568958246E-03   7.2893205721185172E-05
     127   1.0939577952755904E+02       45   1.3206000000000002E+00   1.4084566671645842E-03   2.4563263992727616E-03   7.3444159338255586E-05
     127   1.0939577952755904E+02       46   1.3505000000000000E+00   1.3947542058915323E-03   2.5438228071038228E-03   7.6060301932404317E-05
     127   1.0939577952755904E+02       47   1.3804000000000001E+00   1.4007525624318924E-03   2.6691398348446310E-03   7.9807281061854485E-05
     127   1.0939577952755904E+02       48   1.4103000000000001E+00   1.3419844989408221E-03   2.6691348220089575E-03   7.9807131178067842E-05
     127   1.0939577952755904E+02       49   1.4402000000000001E+00   1.3467597115563688E-03   2.7934167253475316E-03   8.3523160087891206E-05
     127   1.0939577952755904E+02       50   1.4701000000000002E+00   1.3123102363414487E-03   2.8361570220428239E-03   8.4801094959080451E-05
 
     128   1.1026400000000000E+02        1   5.0000000000000001E-03   4.4539699294125025E-02   1.1134924823531258E-06   3.3293425222358469E-08
     128   1.1026400000000000E+02        2   3.4900000000000000E-02   4.5306773433213751E-02   5.5184103109388681E-05   1.6500046829707219E-06
     128   1.1026400000000000E+02        3   6.4800000000000010E-02   5.1548180607684964E-02   2.1645287229889352E-04   6.4719408817369180E-06
     128   1.1026400000000000E+02        4   9.4700000000000006E-02   6.3224937746024501E-02   5.6700693195074498E-04   1.6953507265327279E-05
     128   1.1026400000000000E+02        5   1.2460000000000002E-01   6.9019208666756843E-02   1.0715342576247870E-03   3.2038874302981142E-05
     128   1.1026400000000000E+02        6   1.5450000000000003E-01   6.6998601460182494E-02   1.5992733665049219E-03   4.7818273658497178E-05
     128   1.1026400000000000E+02        7   1.8440000000000001E-01   6.6571859639027536E-02   2.2636669091753237E-03   6.7683640584342199E-05
     128   1.1026400000000000E+02        8   2.1430000000000002E-01   5.7598148591420747E-02   2.6451655990052166E-03   7.9090451410255994E-05
     128   1.1026400000000000E+02        9   2.4420000000000003E-01   4.1475560011876023E-02   2.4733386145466109E-03   7.3952824574943684E-05
     128   1.1026400000000000E+02       10   2.7410000000000001E-01   4.5251767010250361E-02   3.3998019094113882E-03   1.0165407709140054E-04
     128   1.1026400000000000E+02       11   3.0400000000000005E-01   5.1528522183331163E-02   4.7620599060947339E-03   1.4238559119223257E-04
     128   1.1026400000000000E+02       12   3.3390000000000003E-01   3.9514720377053850E-02   4.4054649582086370E-03   1.3172340225043827E-04
     128   1.1026400000000000E+02       13   3.6380000000000001E-01   3.3600808172635083E-02   4.4470817460038493E-03   1.3296774420551511E-04
     128   1.1026400000000000E+02       14   3.9370000000000005E-01   2.9288443897345397E-02   4.5396997246709295E-03   1.3573702176766081E-04
     128   1.1026400000000000E+02       15   4.2360000000000003E-01   2.1327772187791128E-02   3.8269906049497901E-03   1.1442701908799875E-04
     128   1.1026400000000000E+02       16   4.5350000000000007E-01   1.7880603352588172E-02   3.6773651168508282E-03   1.0995321699383979E-04
     128   1.1026400000000000E+02       17   4.8340000000000005E-01   1.3864079060784075E-02   3.2396964384129937E-03   9.6866923508548528E-05
     128   1.1026400000000000E+02       18   5.1330000000000009E-01   1.3622193100297034E-02   3.5891330730457218E-03   1.0731507888406711E-04
     128   1.1026400000000000E+02       19   5.4320000000000002E-01   1.2869968412816624E-02   3.7974931884885692E-03   1.1354504633580825E-04
     128   1.1026400000000000E+02       20   5.7310000000000005E-01   1.1737858672746754E-02   3.8552246761467531E-03   1.1527121781678795E-04
     128   1.1026400000000000E+02       21   6.0300000000000009E-01   9.1823528029307371E-03   3.3387861203208434E-03   9.9829704997593245E-05
     128   1.1026400000000000E+02       22   6.3290000000000002E-01   7.6705921552680774E-03   3.0725508798412756E-03   9.1869271307254167E-05
     128   1.1026400000000000E+02       23   6.6280000000000006E-01   6.3664144244731978E-03   2.7967903037024663E-03   8.3624030080703767E-05
     128   1.1026400000000000E+02       24   6.9270000000000009E-01   5.1084307440640271E-03   2.4511951306613908E-03   7.3290734406775598E-05
     128   1.1026400000000000E+02       25   7.2260000000000002E-01   3.5457401149982062E-03   1.8514108958088010E-03   5.5357185784683162E-05
     128   1.1026400000000000E+02       26   7.5250000000000006E-01   3.7908993467793235E-03   2.1466204482347099E-03   6.4183951402217837E-05
     128   1.1026400000000000E+02       27   7.8240000000000010E-01   3.7577839908024897E-03   2.3003265681015867E-03   6.8779764386237452E-05
     128   1.1026400000000000E+02       28   8.1230000000000013E-01   2.7974666184799363E-03   1.8458560076035546E-03   5.5191094627346297E-05
     128   1.1026400000000000E+02       29   8.4220000000000006E-01   2.6753853902816518E-03   1.8976531046505038E-03   5.6739827829050074E-05
     128   1.1026400000000000E+02       30   8.7210000000000010E-01   2.3357432419601255E-03   1.7764691662734385E-03   5.3116428071575824E-05
     128   1.1026400000000000E+02       31   9.0200000000000014E-01   1.9619623028015142E-03   1.5962603774085234E-03   4.7728185284514864E-05
     128   1.1026400000000000E+02       32   9.3190000000000006E-01   2.0469844809246044E-03   1.7776783103212541E-03   5.3152581478605509E-05
     128   1.1026400000000000E+02       33   9.6180000000000010E-01   1.8386880421752867E-03   1.7008953628917590E-03   5.0856771350463607E-05
     128   1.1026400000000000E+02       34   9.9170000000000014E-01   1.9464153867068488E-03   1.9142389798435058E-03   5.7235745497320834E-05
     128   1.1026400000000000E+02       35   1.0216000000000001E+00   1.7121038196246587E-03   1.7868655037905283E-03   5.3427278563336808E-05
     128   1.1026400000000000E+02       36   1.0515000000000001E+00   1.8500355644888995E-03   2.0454959844571721E-03   6.1160329935269458E-05
     128   1.1026400000000000E+02       37   1.0814000000000001E+00   1.7552226256913818E-03   2.0526029040628655E-03   6.1372826831479688E-05
     128   1.1026400000000000E+02       38   1.1113000000000002E+00   1.7229768136393208E-03   2.1278551549999860E-03   6.3622869134499595E-05
     128   1.1026400000000000E+02       39   1.1412000000000002E+00   1.6523789759912175E-03   2.1519550055022246E-03   6.4343454664516530E-05
     128   1.1026400000000000E+02       40   1.1711000000000000E+00   1.6509929148928609E-03   2.2642958546611985E-03   6.7702446054369856E-05
     128   1.1026400000000000E+02       41   1.2010000000000001E+00   1.5180438468017608E-03   2.1896279626707070E-03   6.5469876083854150E-05
     128   1.1026400000000000E+02       42   1.2309000000000001E+00   1.4987280985631823E-03   2.2707451382962176E-03   6.7895279635056917E-05
     128   1.1026400000000000E+02       43   1.2608000000000001E+00   1.4885927872722250E-03   2.3662918648319096E-03   7.0752126758474109E-05
     128   1.1026400000000000E+02       44   1.2907000000000002E+00   1.4475328886331990E-03   2.4114544336624943E-03   7.2102487566508592E-05
     128   1.1026400000000000E+02       45   1.3206000000000002E+00   1.3771152931966995E-03   2.4016675332518595E-03   7.1809859244230620E-05
     128   1.1026400000000000E+02       46   1.3505000000000000E+00   1.3599689832442712E-03   2.4803797700823100E-03   7.4163355125461089E-05
     128   1.1026400000000000E+02       47   1.3804000000000001E+00   1.3687321199960360E-03   2.6081247485780661E-03   7.7982929982484196E-05
     128   1.1026400000000000E+02       48   1.4103000000000001E+00   1.3160346425047102E-03   2.6175219565142916E-03   7.8263906499777334E-05
     128   1.1026400000000000E+02       49   1.4402000000000001E+00   1.3339787622381864E-03   2.7669067865033034E-03   8.2730512916448791E-05
     128   1.1026400000000000E+02       50   1.4701000000000002E+00   1.3145277512175782E-03   2.8409495019102006E-03   8.4944390107115019E-05
 
