# itau tau ik k probability_sum_theta_phi
       1   0.0000000000000000E+00        1   5.0000000000000001E-03   1.0591652973803428E-01
       1   0.0000000000000000E+00        2   3.4900000000000000E-02   1.2376203316014521E-01
       1   0.0000000000000000E+00        3   6.4800000000000010E-02   1.7798657128157908E-01
       1   0.0000000000000000E+00        4   9.4700000000000006E-02   2.4528194974180756E-01
       1   0.0000000000000000E+00        5   1.2460000000000002E-01   2.5422872078582298E-01
       1   0.0000000000000000E+00        6   1.5450000000000003E-01   2.1892195468182898E-01
       1   0.0000000000000000E+00        7   1.8440000000000001E-01   2.2738424555516115E-01
       1   0.0000000000000000E+00        8   2.1430000000000002E-01   2.1309520657356540E-01
       1   0.0000000000000000E+00        9   2.4420000000000003E-01   1.4943997777331322E-01
       1   0.0000000000000000E+00       10   2.7410000000000001E-01   1.7410414440070923E-01
       1   0.0000000000000000E+00       11   3.0400000000000005E-01   2.0482124609286573E-01
       1   0.0000000000000000E+00       12   3.3390000000000003E-01   1.6087417916654612E-01
       1   0.0000000000000000E+00       13   3.6380000000000001E-01   1.5307987672030932E-01
       1   0.0000000000000000E+00       14   3.9370000000000005E-01   1.2727749878306788E-01
       1   0.0000000000000000E+00       15   4.2360000000000003E-01   8.8286299347121275E-02
       1   0.0000000000000000E+00       16   4.5350000000000007E-01   6.7613540842993231E-02
       1   0.0000000000000000E+00       17   4.8340000000000005E-01   3.8510798205702322E-02
       1   0.0000000000000000E+00       18   5.1330000000000009E-01   3.5456320027496352E-02
       1   0.0000000000000000E+00       19   5.4320000000000002E-01   3.3046944167009006E-02
       1   0.0000000000000000E+00       20   5.7310000000000005E-01   3.3527317109196222E-02
       1   0.0000000000000000E+00       21   6.0300000000000009E-01   2.5285865717302090E-02
       1   0.0000000000000000E+00       22   6.3290000000000002E-01   2.4581968925710504E-02
       1   0.0000000000000000E+00       23   6.6280000000000006E-01   2.4096628079020757E-02
       1   0.0000000000000000E+00       24   6.9270000000000009E-01   1.7152432816867482E-02
       1   0.0000000000000000E+00       25   7.2260000000000002E-01   9.5064193970368881E-03
       1   0.0000000000000000E+00       26   7.5250000000000006E-01   1.1972350913993495E-02
       1   0.0000000000000000E+00       27   7.8240000000000010E-01   1.2472587006901062E-02
       1   0.0000000000000000E+00       28   8.1230000000000013E-01   7.3699647890844676E-03
       1   0.0000000000000000E+00       29   8.4220000000000006E-01   8.6431931019179745E-03
       1   0.0000000000000000E+00       30   8.7210000000000010E-01   7.8916329836357171E-03
       1   0.0000000000000000E+00       31   9.0200000000000014E-01   6.0006785524707043E-03
       1   0.0000000000000000E+00       32   9.3190000000000006E-01   7.5369992117296017E-03
       1   0.0000000000000000E+00       33   9.6180000000000010E-01   5.5893189641197270E-03
       1   0.0000000000000000E+00       34   9.9170000000000014E-01   6.6973643137460525E-03
       1   0.0000000000000000E+00       35   1.0216000000000001E+00   5.5413581737661175E-03
       1   0.0000000000000000E+00       36   1.0515000000000001E+00   5.6916783463357729E-03
       1   0.0000000000000000E+00       37   1.0814000000000001E+00   5.3096596048792209E-03
       1   0.0000000000000000E+00       38   1.1113000000000002E+00   5.0035692065703609E-03
       1   0.0000000000000000E+00       39   1.1412000000000002E+00   5.0766118912632992E-03
       1   0.0000000000000000E+00       40   1.1711000000000000E+00   4.8738616899660359E-03
       1   0.0000000000000000E+00       41   1.2010000000000001E+00   4.4906908822165978E-03
       1   0.0000000000000000E+00       42   1.2309000000000001E+00   4.4073635887568151E-03
       1   0.0000000000000000E+00       43   1.2608000000000001E+00   4.1137294626063959E-03
       1   0.0000000000000000E+00       44   1.2907000000000002E+00   4.2830178132806348E-03
       1   0.0000000000000000E+00       45   1.3206000000000002E+00   3.7613666510422678E-03
       1   0.0000000000000000E+00       46   1.3505000000000000E+00   3.8476105343539925E-03
       1   0.0000000000000000E+00       47   1.3804000000000001E+00   3.8734570380307039E-03
       1   0.0000000000000000E+00       48   1.4103000000000001E+00   3.5031191834106684E-03
       1   0.0000000000000000E+00       49   1.4402000000000001E+00   3.6068456248065954E-03
       1   0.0000000000000000E+00       50   1.4701000000000002E+00   3.5481717281669258E-03
 
       2   8.6822047244094480E-01        1   5.0000000000000001E-03   1.1740939299029915E-01
       2   8.6822047244094480E-01        2   3.4900000000000000E-02   1.3563623464039445E-01
       2   8.6822047244094480E-01        3   6.4800000000000010E-02   1.9262347855332149E-01
       2   8.6822047244094480E-01        4   9.4700000000000006E-02   2.6341568426031114E-01
       2   8.6822047244094480E-01        5   1.2460000000000002E-01   2.7041378037397351E-01
       2   8.6822047244094480E-01        6   1.5450000000000003E-01   2.2849945689220097E-01
       2   8.6822047244094480E-01        7   1.8440000000000001E-01   2.3432401940814893E-01
       2   8.6822047244094480E-01        8   2.1430000000000002E-01   2.2261379080280935E-01
       2   8.6822047244094480E-01        9   2.4420000000000003E-01   1.5879356540683831E-01
       2   8.6822047244094480E-01       10   2.7410000000000001E-01   1.8042907764603461E-01
       2   8.6822047244094480E-01       11   3.0400000000000005E-01   2.1266653860144394E-01
       2   8.6822047244094480E-01       12   3.3390000000000003E-01   1.6915642107409817E-01
       2   8.6822047244094480E-01       13   3.6380000000000001E-01   1.5698994682795114E-01
       2   8.6822047244094480E-01       14   3.9370000000000005E-01   1.3061150328625534E-01
       2   8.6822047244094480E-01       15   4.2360000000000003E-01   9.1221529434994064E-02
       2   8.6822047244094480E-01       16   4.5350000000000007E-01   6.8933813482904768E-02
       2   8.6822047244094480E-01       17   4.8340000000000005E-01   3.9626381804970495E-02
       2   8.6822047244094480E-01       18   5.1330000000000009E-01   3.5543434242009446E-02
       2   8.6822047244094480E-01       19   5.4320000000000002E-01   3.3644871160671358E-02
       2   8.6822047244094480E-01       20   5.7310000000000005E-01   3.4144952891657587E-02
       2   8.6822047244094480E-01       21   6.0300000000000009E-01   2.5945760251332096E-02
       2   8.6822047244094480E-01       22   6.3290000000000002E-01   2.4692503132406798E-02
       2   8.6822047244094480E-01       23   6.6280000000000006E-01   2.4357222619185874E-02
       2   8.6822047244094480E-01       24   6.9270000000000009E-01   1.7335980912658342E-02
       2   8.6822047244094480E-01       25   7.2260000000000002E-01   9.2604315844989817E-03
       2   8.6822047244094480E-01       26   7.5250000000000006E-01   1.1798855327746785E-02
       2   8.6822047244094480E-01       27   7.8240000000000010E-01   1.2713234079408907E-02
       2   8.6822047244094480E-01       28   8.1230000000000013E-01   7.2657891985010619E-03
       2   8.6822047244094480E-01       29   8.4220000000000006E-01   8.5327011585525844E-03
       2   8.6822047244094480E-01       30   8.7210000000000010E-01   8.0371419495845042E-03
       2   8.6822047244094480E-01       31   9.0200000000000014E-01   5.7792263786917309E-03
       2   8.6822047244094480E-01       32   9.3190000000000006E-01   7.5373827809716342E-03
       2   8.6822047244094480E-01       33   9.6180000000000010E-01   5.5166104027646427E-03
       2   8.6822047244094480E-01       34   9.9170000000000014E-01   6.5881543429733335E-03
       2   8.6822047244094480E-01       35   1.0216000000000001E+00   5.5413717888598037E-03
       2   8.6822047244094480E-01       36   1.0515000000000001E+00   5.5228068707684989E-03
       2   8.6822047244094480E-01       37   1.0814000000000001E+00   5.3196655353648118E-03
       2   8.6822047244094480E-01       38   1.1113000000000002E+00   4.8363561303394337E-03
       2   8.6822047244094480E-01       39   1.1412000000000002E+00   5.0574619204580822E-03
       2   8.6822047244094480E-01       40   1.1711000000000000E+00   4.7336430618416612E-03
       2   8.6822047244094480E-01       41   1.2010000000000001E+00   4.4752883718303608E-03
       2   8.6822047244094480E-01       42   1.2309000000000001E+00   4.2780464533910319E-03
       2   8.6822047244094480E-01       43   1.2608000000000001E+00   4.0618542349681146E-03
       2   8.6822047244094480E-01       44   1.2907000000000002E+00   4.1854153889577484E-03
       2   8.6822047244094480E-01       45   1.3206000000000002E+00   3.6871221481611445E-03
       2   8.6822047244094480E-01       46   1.3505000000000000E+00   3.8124269216695222E-03
       2   8.6822047244094480E-01       47   1.3804000000000001E+00   3.7748491570235181E-03
       2   8.6822047244094480E-01       48   1.4103000000000001E+00   3.4537814629317025E-03
       2   8.6822047244094480E-01       49   1.4402000000000001E+00   3.5529375814729054E-03
       2   8.6822047244094480E-01       50   1.4701000000000002E+00   3.4614671437594490E-03
 
       3   1.7364409448818896E+00        1   5.0000000000000001E-03   1.2943182816095186E-01
       3   1.7364409448818896E+00        2   3.4900000000000000E-02   1.4696385702567316E-01
       3   1.7364409448818896E+00        3   6.4800000000000010E-02   2.0437345857701872E-01
       3   1.7364409448818896E+00        4   9.4700000000000006E-02   2.7794625046398552E-01
       3   1.7364409448818896E+00        5   1.2460000000000002E-01   2.8590410771828362E-01
       3   1.7364409448818896E+00        6   1.5450000000000003E-01   2.4031519837644363E-01
       3   1.7364409448818896E+00        7   1.8440000000000001E-01   2.4323316852404847E-01
       3   1.7364409448818896E+00        8   2.1430000000000002E-01   2.3264141768689595E-01
       3   1.7364409448818896E+00        9   2.4420000000000003E-01   1.6970214318700158E-01
       3   1.7364409448818896E+00       10   2.7410000000000001E-01   1.8940763103936331E-01
       3   1.7364409448818896E+00       11   3.0400000000000005E-01   2.2077435995971284E-01
       3   1.7364409448818896E+00       12   3.3390000000000003E-01   1.7804564576602269E-01
       3   1.7364409448818896E+00       13   3.6380000000000001E-01   1.6272896045444818E-01
       3   1.7364409448818896E+00       14   3.9370000000000005E-01   1.3367049927873750E-01
       3   1.7364409448818896E+00       15   4.2360000000000003E-01   9.4709626647378253E-02
       3   1.7364409448818896E+00       16   4.5350000000000007E-01   7.0691112479020823E-02
       3   1.7364409448818896E+00       17   4.8340000000000005E-01   4.0863184522957924E-02
       3   1.7364409448818896E+00       18   5.1330000000000009E-01   3.6109955827534380E-02
       3   1.7364409448818896E+00       19   5.4320000000000002E-01   3.4186660491742626E-02
       3   1.7364409448818896E+00       20   5.7310000000000005E-01   3.4970559687974759E-02
       3   1.7364409448818896E+00       21   6.0300000000000009E-01   2.6677756575322242E-02
       3   1.7364409448818896E+00       22   6.3290000000000002E-01   2.5082377171719423E-02
       3   1.7364409448818896E+00       23   6.6280000000000006E-01   2.4608887301460700E-02
       3   1.7364409448818896E+00       24   6.9270000000000009E-01   1.7595466544493957E-02
       3   1.7364409448818896E+00       25   7.2260000000000002E-01   9.1790365249163047E-03
       3   1.7364409448818896E+00       26   7.5250000000000006E-01   1.1646579148814286E-02
       3   1.7364409448818896E+00       27   7.8240000000000010E-01   1.2970741557496203E-02
       3   1.7364409448818896E+00       28   8.1230000000000013E-01   7.2772829520452043E-03
       3   1.7364409448818896E+00       29   8.4220000000000006E-01   8.4234645069110881E-03
       3   1.7364409448818896E+00       30   8.7210000000000010E-01   8.2321991551873152E-03
       3   1.7364409448818896E+00       31   9.0200000000000014E-01   5.6098771663520971E-03
       3   1.7364409448818896E+00       32   9.3190000000000006E-01   7.4994805830258327E-03
       3   1.7364409448818896E+00       33   9.6180000000000010E-01   5.5081956853115024E-03
       3   1.7364409448818896E+00       34   9.9170000000000014E-01   6.4473903721853397E-03
       3   1.7364409448818896E+00       35   1.0216000000000001E+00   5.5675045654300023E-03
       3   1.7364409448818896E+00       36   1.0515000000000001E+00   5.3833508877911170E-03
       3   1.7364409448818896E+00       37   1.0814000000000001E+00   5.3370542050755632E-03
       3   1.7364409448818896E+00       38   1.1113000000000002E+00   4.7338142511923632E-03
       3   1.7364409448818896E+00       39   1.1412000000000002E+00   5.0534863317232507E-03
       3   1.7364409448818896E+00       40   1.1711000000000000E+00   4.6315127478798127E-03
       3   1.7364409448818896E+00       41   1.2010000000000001E+00   4.4707355918801230E-03
       3   1.7364409448818896E+00       42   1.2309000000000001E+00   4.1751746549117822E-03
       3   1.7364409448818896E+00       43   1.2608000000000001E+00   4.0576810308000973E-03
       3   1.7364409448818896E+00       44   1.2907000000000002E+00   4.0996877069414657E-03
       3   1.7364409448818896E+00       45   1.3206000000000002E+00   3.6593678129191553E-03
       3   1.7364409448818896E+00       46   1.3505000000000000E+00   3.7876032883043175E-03
       3   1.7364409448818896E+00       47   1.3804000000000001E+00   3.7161063548770109E-03
       3   1.7364409448818896E+00       48   1.4103000000000001E+00   3.4410123831305115E-03
       3   1.7364409448818896E+00       49   1.4402000000000001E+00   3.5111551858222349E-03
       3   1.7364409448818896E+00       50   1.4701000000000002E+00   3.4292572328563239E-03
 
       4   2.6046614173228346E+00        1   5.0000000000000001E-03   1.3948766615838437E-01
       4   2.6046614173228346E+00        2   3.4900000000000000E-02   1.5596781582021477E-01
       4   2.6046614173228346E+00        3   6.4800000000000010E-02   2.1222935367198253E-01
       4   2.6046614173228346E+00        4   9.4700000000000006E-02   2.8747107934787930E-01
       4   2.6046614173228346E+00        5   1.2460000000000002E-01   2.9908619579783069E-01
       4   2.6046614173228346E+00        6   1.5450000000000003E-01   2.5374189613938358E-01
       4   2.6046614173228346E+00        7   1.8440000000000001E-01   2.5394565376791856E-01
       4   2.6046614173228346E+00        8   2.1430000000000002E-01   2.4257833418294664E-01
       4   2.6046614173228346E+00        9   2.4420000000000003E-01   1.8088077422511509E-01
       4   2.6046614173228346E+00       10   2.7410000000000001E-01   2.0036621323216311E-01
       4   2.6046614173228346E+00       11   3.0400000000000005E-01   2.2930897730177310E-01
       4   2.6046614173228346E+00       12   3.3390000000000003E-01   1.8643686925868094E-01
       4   2.6046614173228346E+00       13   3.6380000000000001E-01   1.7002219058522333E-01
       4   2.6046614173228346E+00       14   3.9370000000000005E-01   1.3689665602734297E-01
       4   2.6046614173228346E+00       15   4.2360000000000003E-01   9.8068904815716909E-02
       4   2.6046614173228346E+00       16   4.5350000000000007E-01   7.3079106142479172E-02
       4   2.6046614173228346E+00       17   4.8340000000000005E-01   4.2012416958206004E-02
       4   2.6046614173228346E+00       18   5.1330000000000009E-01   3.7092362982644823E-02
       4   2.6046614173228346E+00       19   5.4320000000000002E-01   3.4487016173367614E-02
       4   2.6046614173228346E+00       20   5.7310000000000005E-01   3.5817127682798690E-02
       4   2.6046614173228346E+00       21   6.0300000000000009E-01   2.7406499489815647E-02
       4   2.6046614173228346E+00       22   6.3290000000000002E-01   2.5788336339590413E-02
       4   2.6046614173228346E+00       23   6.6280000000000006E-01   2.4858315231491776E-02
       4   2.6046614173228346E+00       24   6.9270000000000009E-01   1.7945967854389962E-02
       4   2.6046614173228346E+00       25   7.2260000000000002E-01   9.2309771509350054E-03
       4   2.6046614173228346E+00       26   7.5250000000000006E-01   1.1565847564901005E-02
       4   2.6046614173228346E+00       27   7.8240000000000010E-01   1.3197538111238331E-02
       4   2.6046614173228346E+00       28   8.1230000000000013E-01   7.3937262713181630E-03
       4   2.6046614173228346E+00       29   8.4220000000000006E-01   8.3047810634436312E-03
       4   2.6046614173228346E+00       30   8.7210000000000010E-01   8.3918324497438152E-03
       4   2.6046614173228346E+00       31   9.0200000000000014E-01   5.5423067870635718E-03
       4   2.6046614173228346E+00       32   9.3190000000000006E-01   7.4093889473443664E-03
       4   2.6046614173228346E+00       33   9.6180000000000010E-01   5.5726049643373635E-03
       4   2.6046614173228346E+00       34   9.9170000000000014E-01   6.3144288940603331E-03
       4   2.6046614173228346E+00       35   1.0216000000000001E+00   5.6240965037477660E-03
       4   2.6046614173228346E+00       36   1.0515000000000001E+00   5.3080710701866526E-03
       4   2.6046614173228346E+00       37   1.0814000000000001E+00   5.3463218850317322E-03
       4   2.6046614173228346E+00       38   1.1113000000000002E+00   4.7184535266916157E-03
       4   2.6046614173228346E+00       39   1.1412000000000002E+00   5.0617549567927482E-03
       4   2.6046614173228346E+00       40   1.1711000000000000E+00   4.6070071846153072E-03
       4   2.6046614173228346E+00       41   1.2010000000000001E+00   4.4626757683435166E-03
       4   2.6046614173228346E+00       42   1.2309000000000001E+00   4.1357440429904855E-03
       4   2.6046614173228346E+00       43   1.2608000000000001E+00   4.0903134140564271E-03
       4   2.6046614173228346E+00       44   1.2907000000000002E+00   4.0651957246627358E-03
       4   2.6046614173228346E+00       45   1.3206000000000002E+00   3.6928994769893555E-03
       4   2.6046614173228346E+00       46   1.3505000000000000E+00   3.7749180315056505E-03
       4   2.6046614173228346E+00       47   1.3804000000000001E+00   3.7241143002003036E-03
       4   2.6046614173228346E+00       48   1.4103000000000001E+00   3.4646003105550981E-03
       4   2.6046614173228346E+00       49   1.4402000000000001E+00   3.4912197939641486E-03
       4   2.6046614173228346E+00       50   1.4701000000000002E+00   3.4544127219488228E-03
 
       5   3.4728818897637792E+00        1   5.0000000000000001E-03   1.4798344981505682E-01
       5   3.4728818897637792E+00        2   3.4900000000000000E-02   1.6343370010567412E-01
       5   3.4728818897637792E+00        3   6.4800000000000010E-02   2.1753529513929218E-01
       5   3.4728818897637792E+00        4   9.4700000000000006E-02   2.9220494509796935E-01
       5   3.4728818897637792E+00        5   1.2460000000000002E-01   3.0787879693694942E-01
       5   3.4728818897637792E+00        6   1.5450000000000003E-01   2.6712746356667605E-01
       5   3.4728818897637792E+00        7   1.8440000000000001E-01   2.6652265200477149E-01
       5   3.4728818897637792E+00        8   2.1430000000000002E-01   2.5212374432628920E-01
       5   3.4728818897637792E+00        9   2.4420000000000003E-01   1.9102662350905769E-01
       5   3.4728818897637792E+00       10   2.7410000000000001E-01   2.1216776437126589E-01
       5   3.4728818897637792E+00       11   3.0400000000000005E-01   2.3829248414361251E-01
       5   3.4728818897637792E+00       12   3.3390000000000003E-01   1.9366695620153487E-01
       5   3.4728818897637792E+00       13   3.6380000000000001E-01   1.7776459483435325E-01
       5   3.4728818897637792E+00       14   3.9370000000000005E-01   1.4066395314399766E-01
       5   3.4728818897637792E+00       15   4.2360000000000003E-01   1.0087573019980255E-01
       5   3.4728818897637792E+00       16   4.5350000000000007E-01   7.6028698101774164E-02
       5   3.4728818897637792E+00       17   4.8340000000000005E-01   4.3159086812989023E-02
       5   3.4728818897637792E+00       18   5.1330000000000009E-01   3.8222438205019596E-02
       5   3.4728818897637792E+00       19   5.4320000000000002E-01   3.4543594517983146E-02
       5   3.4728818897637792E+00       20   5.7310000000000005E-01   3.6363029262684428E-02
       5   3.4728818897637792E+00       21   6.0300000000000009E-01   2.8082362362749129E-02
       5   3.4728818897637792E+00       22   6.3290000000000002E-01   2.6668098706638752E-02
       5   3.4728818897637792E+00       23   6.6280000000000006E-01   2.5121464040017541E-02
       5   3.4728818897637792E+00       24   6.9270000000000009E-01   1.8355041375891383E-02
       5   3.4728818897637792E+00       25   7.2260000000000002E-01   9.4188834506008842E-03
       5   3.4728818897637792E+00       26   7.5250000000000006E-01   1.1576407216547941E-02
       5   3.4728818897637792E+00       27   7.8240000000000010E-01   1.3371119932662340E-02
       5   3.4728818897637792E+00       28   8.1230000000000013E-01   7.6497402320772970E-03
       5   3.4728818897637792E+00       29   8.4220000000000006E-01   8.1892552319941664E-03
       5   3.4728818897637792E+00       30   8.7210000000000010E-01   8.4797576460145276E-03
       5   3.4728818897637792E+00       31   9.0200000000000014E-01   5.6135731727962462E-03
       5   3.4728818897637792E+00       32   9.3190000000000006E-01   7.2789255684013680E-03
       5   3.4728818897637792E+00       33   9.6180000000000010E-01   5.7004704258779007E-03
       5   3.4728818897637792E+00       34   9.9170000000000014E-01   6.2308634969150912E-03
       5   3.4728818897637792E+00       35   1.0216000000000001E+00   5.6964563725904992E-03
       5   3.4728818897637792E+00       36   1.0515000000000001E+00   5.3174865002322772E-03
       5   3.4728818897637792E+00       37   1.0814000000000001E+00   5.3646986617709950E-03
       5   3.4728818897637792E+00       38   1.1113000000000002E+00   4.7956409555458763E-03
       5   3.4728818897637792E+00       39   1.1412000000000002E+00   5.0865294627671217E-03
       5   3.4728818897637792E+00       40   1.1711000000000000E+00   4.6864175579998365E-03
       5   3.4728818897637792E+00       41   1.2010000000000001E+00   4.4717562160981944E-03
       5   3.4728818897637792E+00       42   1.2309000000000001E+00   4.1924030906744956E-03
       5   3.4728818897637792E+00       43   1.2608000000000001E+00   4.1509072874271000E-03
       5   3.4728818897637792E+00       44   1.2907000000000002E+00   4.1178406358706393E-03
       5   3.4728818897637792E+00       45   1.3206000000000002E+00   3.7960406358949141E-03
       5   3.4728818897637792E+00       46   1.3505000000000000E+00   3.8062698039287028E-03
       5   3.4728818897637792E+00       47   1.3804000000000001E+00   3.8211181992130238E-03
       5   3.4728818897637792E+00       48   1.4103000000000001E+00   3.5327888295730611E-03
       5   3.4728818897637792E+00       49   1.4402000000000001E+00   3.5237906708486602E-03
       5   3.4728818897637792E+00       50   1.4701000000000002E+00   3.5354504593429203E-03
 
       6   4.3411023622047242E+00        1   5.0000000000000001E-03   1.5558320297045555E-01
       6   4.3411023622047242E+00        2   3.4900000000000000E-02   1.7006925085269073E-01
       6   4.3411023622047242E+00        3   6.4800000000000010E-02   2.2127984974176035E-01
       6   4.3411023622047242E+00        4   9.4700000000000006E-02   2.9277623234612304E-01
       6   4.3411023622047242E+00        5   1.2460000000000002E-01   3.1081798640505526E-01
       6   4.3411023622047242E+00        6   1.5450000000000003E-01   2.7815044787487742E-01
       6   4.3411023622047242E+00        7   1.8440000000000001E-01   2.8048767444861922E-01
       6   4.3411023622047242E+00        8   2.1430000000000002E-01   2.6124983251734157E-01
       6   4.3411023622047242E+00        9   2.4420000000000003E-01   1.9894494038059674E-01
       6   4.3411023622047242E+00       10   2.7410000000000001E-01   2.2331007897150140E-01
       6   4.3411023622047242E+00       11   3.0400000000000005E-01   2.4704671573874593E-01
       6   4.3411023622047242E+00       12   3.3390000000000003E-01   1.9924981049763624E-01
       6   4.3411023622047242E+00       13   3.6380000000000001E-01   1.8458483304167045E-01
       6   4.3411023622047242E+00       14   3.9370000000000005E-01   1.4475142914920253E-01
       6   4.3411023622047242E+00       15   4.2360000000000003E-01   1.0298119856800114E-01
       6   4.3411023622047242E+00       16   4.5350000000000007E-01   7.8993206459411242E-02
       6   4.3411023622047242E+00       17   4.8340000000000005E-01   4.4471892435545467E-02
       6   4.3411023622047242E+00       18   5.1330000000000009E-01   3.9212415136612402E-02
       6   4.3411023622047242E+00       19   5.4320000000000002E-01   3.4547559417985083E-02
       6   4.3411023622047242E+00       20   5.7310000000000005E-01   3.6398817175608639E-02
       6   4.3411023622047242E+00       21   6.0300000000000009E-01   2.8604930880986493E-02
       6   4.3411023622047242E+00       22   6.3290000000000002E-01   2.7446574967581992E-02
       6   4.3411023622047242E+00       23   6.6280000000000006E-01   2.5412448948638013E-02
       6   4.3411023622047242E+00       24   6.9270000000000009E-01   1.8707136210543672E-02
       6   4.3411023622047242E+00       25   7.2260000000000002E-01   9.7712175718257764E-03
       6   4.3411023622047242E+00       26   7.5250000000000006E-01   1.1667657411650652E-02
       6   4.3411023622047242E+00       27   7.8240000000000010E-01   1.3486432966750277E-02
       6   4.3411023622047242E+00       28   8.1230000000000013E-01   8.0458372549346759E-03
       6   4.3411023622047242E+00       29   8.4220000000000006E-01   8.1506375053513290E-03
       6   4.3411023622047242E+00       30   8.7210000000000010E-01   8.5212196145040987E-03
       6   4.3411023622047242E+00       31   9.0200000000000014E-01   5.8244718150491977E-03
       6   4.3411023622047242E+00       32   9.3190000000000006E-01   7.1753727587022479E-03
       6   4.3411023622047242E+00       33   9.6180000000000010E-01   5.8701085008981682E-03
       6   4.3411023622047242E+00       34   9.9170000000000014E-01   6.2386452941681362E-03
       6   4.3411023622047242E+00       35   1.0216000000000001E+00   5.7619935880052001E-03
       6   4.3411023622047242E+00       36   1.0515000000000001E+00   5.4290443437600006E-03
       6   4.3411023622047242E+00       37   1.0814000000000001E+00   5.4201080217573909E-03
       6   4.3411023622047242E+00       38   1.1113000000000002E+00   4.9640537031457365E-03
       6   4.3411023622047242E+00       39   1.1412000000000002E+00   5.1454017760237314E-03
       6   4.3411023622047242E+00       40   1.1711000000000000E+00   4.8679217371556584E-03
       6   4.3411023622047242E+00       41   1.2010000000000001E+00   4.5351739871893554E-03
       6   4.3411023622047242E+00       42   1.2309000000000001E+00   4.3565775483446409E-03
       6   4.3411023622047242E+00       43   1.2608000000000001E+00   4.2495933432206831E-03
       6   4.3411023622047242E+00       44   1.2907000000000002E+00   4.2730511575789550E-03
       6   4.3411023622047242E+00       45   1.3206000000000002E+00   3.9557333614281239E-03
       6   4.3411023622047242E+00       46   1.3505000000000000E+00   3.9131946952475826E-03
       6   4.3411023622047242E+00       47   1.3804000000000001E+00   4.0003996635747932E-03
       6   4.3411023622047242E+00       48   1.4103000000000001E+00   3.6548751230496023E-03
       6   4.3411023622047242E+00       49   1.4402000000000001E+00   3.6375723083469668E-03
       6   4.3411023622047242E+00       50   1.4701000000000002E+00   3.6707401365954394E-03
 
       7   5.2093228346456693E+00        1   5.0000000000000001E-03   1.6066034363663118E-01
       7   5.2093228346456693E+00        2   3.4900000000000000E-02   1.7455106111816759E-01
       7   5.2093228346456693E+00        3   6.4800000000000010E-02   2.2308920595412404E-01
       7   5.2093228346456693E+00        4   9.4700000000000006E-02   2.9031448607090837E-01
       7   5.2093228346456693E+00        5   1.2460000000000002E-01   3.0869659472811439E-01
       7   5.2093228346456693E+00        6   1.5450000000000003E-01   2.8516297428849430E-01
       7   5.2093228346456693E+00        7   1.8440000000000001E-01   2.9416050318272546E-01
       7   5.2093228346456693E+00        8   2.1430000000000002E-01   2.6975585896018633E-01
       7   5.2093228346456693E+00        9   2.4420000000000003E-01   2.0374455731773725E-01
       7   5.2093228346456693E+00       10   2.7410000000000001E-01   2.3191031507515006E-01
       7   5.2093228346456693E+00       11   3.0400000000000005E-01   2.5427276155326278E-01
       7   5.2093228346456693E+00       12   3.3390000000000003E-01   2.0270136632414312E-01
       7   5.2093228346456693E+00       13   3.6380000000000001E-01   1.8938651100045589E-01
       7   5.2093228346456693E+00       14   3.9370000000000005E-01   1.4844089535337218E-01
       7   5.2093228346456693E+00       15   4.2360000000000003E-01   1.0432056385331581E-01
       7   5.2093228346456693E+00       16   4.5350000000000007E-01   8.1186334629238646E-02
       7   5.2093228346456693E+00       17   4.8340000000000005E-01   4.5928953695949265E-02
       7   5.2093228346456693E+00       18   5.1330000000000009E-01   3.9943081707394669E-02
       7   5.2093228346456693E+00       19   5.4320000000000002E-01   3.4664373981615738E-02
       7   5.2093228346456693E+00       20   5.7310000000000005E-01   3.5996640275771062E-02
       7   5.2093228346456693E+00       21   6.0300000000000009E-01   2.8854649071062700E-02
       7   5.2093228346456693E+00       22   6.3290000000000002E-01   2.7917753035360562E-02
       7   5.2093228346456693E+00       23   6.6280000000000006E-01   2.5730090524925670E-02
       7   5.2093228346456693E+00       24   6.9270000000000009E-01   1.8901554881357207E-02
       7   5.2093228346456693E+00       25   7.2260000000000002E-01   1.0268822600150565E-02
       7   5.2093228346456693E+00       26   7.5250000000000006E-01   1.1831614747733770E-02
       7   5.2093228346456693E+00       27   7.8240000000000010E-01   1.3546065825468625E-02
       7   5.2093228346456693E+00       28   8.1230000000000013E-01   8.4802295400605993E-03
       7   5.2093228346456693E+00       29   8.4220000000000006E-01   8.2640569007053234E-03
       7   5.2093228346456693E+00       30   8.7210000000000010E-01   8.5357126709627029E-03
       7   5.2093228346456693E+00       31   9.0200000000000014E-01   6.1210843370485780E-03
       7   5.2093228346456693E+00       32   9.3190000000000006E-01   7.1696230014471332E-03
       7   5.2093228346456693E+00       33   9.6180000000000010E-01   6.0394553799431837E-03
       7   5.2093228346456693E+00       34   9.9170000000000014E-01   6.3607503952550657E-03
       7   5.2093228346456693E+00       35   1.0216000000000001E+00   5.8075730594777308E-03
       7   5.2093228346456693E+00       36   1.0515000000000001E+00   5.6421351266211220E-03
       7   5.2093228346456693E+00       37   1.0814000000000001E+00   5.5112165421946149E-03
       7   5.2093228346456693E+00       38   1.1113000000000002E+00   5.2027995330223000E-03
       7   5.2093228346456693E+00       39   1.1412000000000002E+00   5.2487367303038065E-03
       7   5.2093228346456693E+00       40   1.1711000000000000E+00   5.1058797540475395E-03
       7   5.2093228346456693E+00       41   1.2010000000000001E+00   4.6576573555784061E-03
       7   5.2093228346456693E+00       42   1.2309000000000001E+00   4.5956385135445064E-03
       7   5.2093228346456693E+00       43   1.2608000000000001E+00   4.3921656365305426E-03
       7   5.2093228346456693E+00       44   1.2907000000000002E+00   4.5058963860283695E-03
       7   5.2093228346456693E+00       45   1.3206000000000002E+00   4.1331601972352415E-03
       7   5.2093228346456693E+00       46   1.3505000000000000E+00   4.0893105841165621E-03
       7   5.2093228346456693E+00       47   1.3804000000000001E+00   4.2137764753997593E-03
       7   5.2093228346456693E+00       48   1.4103000000000001E+00   3.8205457673981666E-03
       7   5.2093228346456693E+00       49   1.4402000000000001E+00   3.8236003932457878E-03
       7   5.2093228346456693E+00       50   1.4701000000000002E+00   3.8376514915148714E-03
 
       8   6.0775433070866134E+00        1   5.0000000000000001E-03   1.6138387166804771E-01
       8   6.0775433070866134E+00        2   3.4900000000000000E-02   1.7544731008731684E-01
       8   6.0775433070866134E+00        3   6.4800000000000010E-02   2.2280608299903068E-01
       8   6.0775433070866134E+00        4   9.4700000000000006E-02   2.8687036486524847E-01
       8   6.0775433070866134E+00        5   1.2460000000000002E-01   3.0440612580637716E-01
       8   6.0775433070866134E+00        6   1.5450000000000003E-01   2.8818318472248727E-01
       8   6.0775433070866134E+00        7   1.8440000000000001E-01   3.0523769546454182E-01
       8   6.0775433070866134E+00        8   2.1430000000000002E-01   2.7684705531157372E-01
       8   6.0775433070866134E+00        9   2.4420000000000003E-01   2.0510456286623927E-01
       8   6.0775433070866134E+00       10   2.7410000000000001E-01   2.3615089691887098E-01
       8   6.0775433070866134E+00       11   3.0400000000000005E-01   2.5854927234421921E-01
       8   6.0775433070866134E+00       12   3.3390000000000003E-01   2.0373852270451595E-01
       8   6.0775433070866134E+00       13   3.6380000000000001E-01   1.9153010828215630E-01
       8   6.0775433070866134E+00       14   3.9370000000000005E-01   1.5099738291942935E-01
       8   6.0775433070866134E+00       15   4.2360000000000003E-01   1.0488632394660456E-01
       8   6.0775433070866134E+00       16   4.5350000000000007E-01   8.2076652255130916E-02
       8   6.0775433070866134E+00       17   4.8340000000000005E-01   4.7274169173007717E-02
       8   6.0775433070866134E+00       18   5.1330000000000009E-01   4.0460047419718953E-02
       8   6.0775433070866134E+00       19   5.4320000000000002E-01   3.4859790421308746E-02
       8   6.0775433070866134E+00       20   5.7310000000000005E-01   3.5419498470071961E-02
       8   6.0775433070866134E+00       21   6.0300000000000009E-01   2.8804186984631160E-02
       8   6.0775433070866134E+00       22   6.3290000000000002E-01   2.8108664178358972E-02
       8   6.0775433070866134E+00       23   6.6280000000000006E-01   2.6045199316766326E-02
       8   6.0775433070866134E+00       24   6.9270000000000009E-01   1.8970242104211988E-02
       8   6.0775433070866134E+00       25   7.2260000000000002E-01   1.0809831468642221E-02
       8   6.0775433070866134E+00       26   7.5250000000000006E-01   1.2084836363545529E-02
       8   6.0775433070866134E+00       27   7.8240000000000010E-01   1.3574488931033676E-02
       8   6.0775433070866134E+00       28   8.1230000000000013E-01   8.8207834945662079E-03
       8   6.0775433070866134E+00       29   8.4220000000000006E-01   8.5390183163993622E-03
       8   6.0775433070866134E+00       30   8.7210000000000010E-01   8.5108763765377148E-03
       8   6.0775433070866134E+00       31   9.0200000000000014E-01   6.4252754515332616E-03
       8   6.0775433070866134E+00       32   9.3190000000000006E-01   7.2755380409330658E-03
       8   6.0775433070866134E+00       33   9.6180000000000010E-01   6.1584812113610757E-03
       8   6.0775433070866134E+00       34   9.9170000000000014E-01   6.5885218578651218E-03
       8   6.0775433070866134E+00       35   1.0216000000000001E+00   5.8414707632951663E-03
       8   6.0775433070866134E+00       36   1.0515000000000001E+00   5.9248072453477732E-03
       8   6.0775433070866134E+00       37   1.0814000000000001E+00   5.6221205922979524E-03
       8   6.0775433070866134E+00       38   1.1113000000000002E+00   5.4739992924659423E-03
       8   6.0775433070866134E+00       39   1.1412000000000002E+00   5.3892964621041709E-03
       8   6.0775433070866134E+00       40   1.1711000000000000E+00   5.3376750549055879E-03
       8   6.0775433070866134E+00       41   1.2010000000000001E+00   4.8138907059890931E-03
       8   6.0775433070866134E+00       42   1.2309000000000001E+00   4.8460555673231964E-03
       8   6.0775433070866134E+00       43   1.2608000000000001E+00   4.5624324732530383E-03
       8   6.0775433070866134E+00       44   1.2907000000000002E+00   4.7581119140932722E-03
       8   6.0775433070866134E+00       45   1.3206000000000002E+00   4.2932812639978552E-03
       8   6.0775433070866134E+00       46   1.3505000000000000E+00   4.2988057408563747E-03
       8   6.0775433070866134E+00       47   1.3804000000000001E+00   4.4051478025195091E-03
       8   6.0775433070866134E+00       48   1.4103000000000001E+00   3.9996327214730397E-03
       8   6.0775433070866134E+00       49   1.4402000000000001E+00   4.0400094717209728E-03
       8   6.0775433070866134E+00       50   1.4701000000000002E+00   4.0005529535422826E-03
 
       9   6.9457637795275584E+00        1   5.0000000000000001E-03   1.5931344755403262E-01
       9   6.9457637795275584E+00        2   3.4900000000000000E-02   1.7412652671210296E-01
       9   6.9457637795275584E+00        3   6.4800000000000010E-02   2.2188414578276924E-01
       9   6.9457637795275584E+00        4   9.4700000000000006E-02   2.8466222051102708E-01
       9   6.9457637795275584E+00        5   1.2460000000000002E-01   3.0085010339047014E-01
       9   6.9457637795275584E+00        6   1.5450000000000003E-01   2.8847506419577906E-01
       9   6.9457637795275584E+00        7   1.8440000000000001E-01   3.1193469973040466E-01
       9   6.9457637795275584E+00        8   2.1430000000000002E-01   2.8109782117352217E-01
       9   6.9457637795275584E+00        9   2.4420000000000003E-01   2.0326386356281728E-01
       9   6.9457637795275584E+00       10   2.7410000000000001E-01   2.3518889443661226E-01
       9   6.9457637795275584E+00       11   3.0400000000000005E-01   2.5887763021155480E-01
       9   6.9457637795275584E+00       12   3.3390000000000003E-01   2.0248901253255996E-01
       9   6.9457637795275584E+00       13   3.6380000000000001E-01   1.9087514217614188E-01
       9   6.9457637795275584E+00       14   3.9370000000000005E-01   1.5197190143078035E-01
       9   6.9457637795275584E+00       15   4.2360000000000003E-01   1.0483742651500373E-01
       9   6.9457637795275584E+00       16   4.5350000000000007E-01   8.1636594073543456E-02
       9   6.9457637795275584E+00       17   4.8340000000000005E-01   4.8172938404659846E-02
       9   6.9457637795275584E+00       18   5.1330000000000009E-01   4.0841909820378865E-02
       9   6.9457637795275584E+00       19   5.4320000000000002E-01   3.4968656181625597E-02
       9   6.9457637795275584E+00       20   5.7310000000000005E-01   3.4904710441893798E-02
       9   6.9457637795275584E+00       21   6.0300000000000009E-01   2.8531603819838620E-02
       9   6.9457637795275584E+00       22   6.3290000000000002E-01   2.8209340047169816E-02
       9   6.9457637795275584E+00       23   6.6280000000000006E-01   2.6307563821449532E-02
       9   6.9457637795275584E+00       24   6.9270000000000009E-01   1.9042204489816361E-02
       9   6.9457637795275584E+00       25   7.2260000000000002E-01   1.1265430571652630E-02
       9   6.9457637795275584E+00       26   7.5250000000000006E-01   1.2433432811011075E-02
       9   6.9457637795275584E+00       27   7.8240000000000010E-01   1.3612476131525629E-02
       9   6.9457637795275584E+00       28   8.1230000000000013E-01   9.0263611254457025E-03
       9   6.9457637795275584E+00       29   8.4220000000000006E-01   8.9182768179315863E-03
       9   6.9457637795275584E+00       30   8.7210000000000010E-01   8.4557881797039675E-03
       9   6.9457637795275584E+00       31   9.0200000000000014E-01   6.6837673136851006E-03
       9   6.9457637795275584E+00       32   9.3190000000000006E-01   7.4629738868749107E-03
       9   6.9457637795275584E+00       33   9.6180000000000010E-01   6.2094694732307831E-03
       9   6.9457637795275584E+00       34   9.9170000000000014E-01   6.8860796081466639E-03
       9   6.9457637795275584E+00       35   1.0216000000000001E+00   5.8894271509431434E-03
       9   6.9457637795275584E+00       36   1.0515000000000001E+00   6.2233588162820142E-03
       9   6.9457637795275584E+00       37   1.0814000000000001E+00   5.7554425090087262E-03
       9   6.9457637795275584E+00       38   1.1113000000000002E+00   5.7359460825619941E-03
       9   6.9457637795275584E+00       39   1.1412000000000002E+00   5.5524887801636285E-03
       9   6.9457637795275584E+00       40   1.1711000000000000E+00   5.5236240527571055E-03
       9   6.9457637795275584E+00       41   1.2010000000000001E+00   4.9828951921862662E-03
       9   6.9457637795275584E+00       42   1.2309000000000001E+00   5.0540837101016546E-03
       9   6.9457637795275584E+00       43   1.2608000000000001E+00   4.7377374841727857E-03
       9   6.9457637795275584E+00       44   1.2907000000000002E+00   4.9727916538185113E-03
       9   6.9457637795275584E+00       45   1.3206000000000002E+00   4.4302880810469939E-03
       9   6.9457637795275584E+00       46   1.3505000000000000E+00   4.5042641619421099E-03
       9   6.9457637795275584E+00       47   1.3804000000000001E+00   4.5496267813443757E-03
       9   6.9457637795275584E+00       48   1.4103000000000001E+00   4.1646102375191276E-03
       9   6.9457637795275584E+00       49   1.4402000000000001E+00   4.2422203654586925E-03
       9   6.9457637795275584E+00       50   1.4701000000000002E+00   4.1409626340697470E-03
 
      10   7.8139842519685034E+00        1   5.0000000000000001E-03   1.5830290550864123E-01
      10   7.8139842519685034E+00        2   3.4900000000000000E-02   1.7381368208089848E-01
      10   7.8139842519685034E+00        3   6.4800000000000010E-02   2.2235421252521043E-01
      10   7.8139842519685034E+00        4   9.4700000000000006E-02   2.8467444139183373E-01
      10   7.8139842519685034E+00        5   1.2460000000000002E-01   2.9904135624060696E-01
      10   7.8139842519685034E+00        6   1.5450000000000003E-01   2.8701749231875540E-01
      10   7.8139842519685034E+00        7   1.8440000000000001E-01   3.1315476019317634E-01
      10   7.8139842519685034E+00        8   2.1430000000000002E-01   2.8076260143688098E-01
      10   7.8139842519685034E+00        9   2.4420000000000003E-01   1.9858833316475857E-01
      10   7.8139842519685034E+00       10   2.7410000000000001E-01   2.2954087928345807E-01
      10   7.8139842519685034E+00       11   3.0400000000000005E-01   2.5500768096439158E-01
      10   7.8139842519685034E+00       12   3.3390000000000003E-01   1.9934415043498485E-01
      10   7.8139842519685034E+00       13   3.6380000000000001E-01   1.8777198091147260E-01
      10   7.8139842519685034E+00       14   3.9370000000000005E-01   1.5119169441390320E-01
      10   7.8139842519685034E+00       15   4.2360000000000003E-01   1.0446877984394651E-01
      10   7.8139842519685034E+00       16   4.5350000000000007E-01   8.0243819711254744E-02
      10   7.8139842519685034E+00       17   4.8340000000000005E-01   4.8384466505383639E-02
      10   7.8139842519685034E+00       18   5.1330000000000009E-01   4.1142711691279782E-02
      10   7.8139842519685034E+00       19   5.4320000000000002E-01   3.4905993816954112E-02
      10   7.8139842519685034E+00       20   5.7310000000000005E-01   3.4560344572054015E-02
      10   7.8139842519685034E+00       21   6.0300000000000009E-01   2.8132076337698056E-02
      10   7.8139842519685034E+00       22   6.3290000000000002E-01   2.8353702928677275E-02
      10   7.8139842519685034E+00       23   6.6280000000000006E-01   2.6490003060510154E-02
      10   7.8139842519685034E+00       24   6.9270000000000009E-01   1.9202963400546710E-02
      10   7.8139842519685034E+00       25   7.2260000000000002E-01   1.1571117270120624E-02
      10   7.8139842519685034E+00       26   7.5250000000000006E-01   1.2832660470962036E-02
      10   7.8139842519685034E+00       27   7.8240000000000010E-01   1.3672131932469292E-02
      10   7.8139842519685034E+00       28   8.1230000000000013E-01   9.1547615449827612E-03
      10   7.8139842519685034E+00       29   8.4220000000000006E-01   9.3154585051479083E-03
      10   7.8139842519685034E+00       30   8.7210000000000010E-01   8.4327133421753173E-03
      10   7.8139842519685034E+00       31   9.0200000000000014E-01   6.8733879153111931E-03
      10   7.8139842519685034E+00       32   9.3190000000000006E-01   7.6992403858724065E-03
      10   7.8139842519685034E+00       33   9.6180000000000010E-01   6.2173492095727312E-03
      10   7.8139842519685034E+00       34   9.9170000000000014E-01   7.1888687510200978E-03
      10   7.8139842519685034E+00       35   1.0216000000000001E+00   5.9668270924538233E-03
      10   7.8139842519685034E+00       36   1.0515000000000001E+00   6.4757181773004982E-03
      10   7.8139842519685034E+00       37   1.0814000000000001E+00   5.9176804760503144E-03
      10   7.8139842519685034E+00       38   1.1113000000000002E+00   5.9423932508291160E-03
      10   7.8139842519685034E+00       39   1.1412000000000002E+00   5.7261000272728450E-03
      10   7.8139842519685034E+00       40   1.1711000000000000E+00   5.6510204311641934E-03
      10   7.8139842519685034E+00       41   1.2010000000000001E+00   5.1511098447231682E-03
      10   7.8139842519685034E+00       42   1.2309000000000001E+00   5.1956743976819932E-03
      10   7.8139842519685034E+00       43   1.2608000000000001E+00   4.9019308522866003E-03
      10   7.8139842519685034E+00       44   1.2907000000000002E+00   5.1215980006487100E-03
      10   7.8139842519685034E+00       45   1.3206000000000002E+00   4.5522422672550460E-03
      10   7.8139842519685034E+00       46   1.3505000000000000E+00   4.6727157590601429E-03
      10   7.8139842519685034E+00       47   1.3804000000000001E+00   4.6520442386224509E-03
      10   7.8139842519685034E+00       48   1.4103000000000001E+00   4.3034305527937591E-03
      10   7.8139842519685034E+00       49   1.4402000000000001E+00   4.3947201402732266E-03
      10   7.8139842519685034E+00       50   1.4701000000000002E+00   4.2596449439799532E-03
 
      11   8.6822047244094485E+00        1   5.0000000000000001E-03   1.5995575942726109E-01
      11   8.6822047244094485E+00        2   3.4900000000000000E-02   1.7594169191238393E-01
      11   8.6822047244094485E+00        3   6.4800000000000010E-02   2.2485867697854992E-01
      11   8.6822047244094485E+00        4   9.4700000000000006E-02   2.8633176106973152E-01
      11   8.6822047244094485E+00        5   1.2460000000000002E-01   2.9816772846441347E-01
      11   8.6822047244094485E+00        6   1.5450000000000003E-01   2.8355044080785508E-01
      11   8.6822047244094485E+00        7   1.8440000000000001E-01   3.0793570831913591E-01
      11   8.6822047244094485E+00        8   2.1430000000000002E-01   2.7441605839790212E-01
      11   8.6822047244094485E+00        9   2.4420000000000003E-01   1.9132030975504655E-01
      11   8.6822047244094485E+00       10   2.7410000000000001E-01   2.2051632784523550E-01
      11   8.6822047244094485E+00       11   3.0400000000000005E-01   2.4741360179387406E-01
      11   8.6822047244094485E+00       12   3.3390000000000003E-01   1.9471092174828672E-01
      11   8.6822047244094485E+00       13   3.6380000000000001E-01   1.8295734043691392E-01
      11   8.6822047244094485E+00       14   3.9370000000000005E-01   1.4871024334516822E-01
      11   8.6822047244094485E+00       15   4.2360000000000003E-01   1.0400340896290636E-01
      11   8.6822047244094485E+00       16   4.5350000000000007E-01   7.8476659686244551E-02
      11   8.6822047244094485E+00       17   4.8340000000000005E-01   4.7875582163358382E-02
      11   8.6822047244094485E+00       18   5.1330000000000009E-01   4.1417938472184966E-02
      11   8.6822047244094485E+00       19   5.4320000000000002E-01   3.4794975854850210E-02
      11   8.6822047244094485E+00       20   5.7310000000000005E-01   3.4416204264373237E-02
      11   8.6822047244094485E+00       21   6.0300000000000009E-01   2.7676076963764180E-02
      11   8.6822047244094485E+00       22   6.3290000000000002E-01   2.8492454865738700E-02
      11   8.6822047244094485E+00       23   6.6280000000000006E-01   2.6618732055902827E-02
      11   8.6822047244094485E+00       24   6.9270000000000009E-01   1.9424262011838243E-02
      11   8.6822047244094485E+00       25   7.2260000000000002E-01   1.1765123383746641E-02
      11   8.6822047244094485E+00       26   7.5250000000000006E-01   1.3212575497426812E-02
      11   8.6822047244094485E+00       27   7.8240000000000010E-01   1.3725993419612581E-02
      11   8.6822047244094485E+00       28   8.1230000000000013E-01   9.2622152842655753E-03
      11   8.6822047244094485E+00       29   8.4220000000000006E-01   9.6573360665098626E-03
      11   8.6822047244094485E+00       30   8.7210000000000010E-01   8.5086011610128222E-03
      11   8.6822047244094485E+00       31   9.0200000000000014E-01   6.9751939494272714E-03
      11   8.6822047244094485E+00       32   9.3190000000000006E-01   7.9578925814137811E-03
      11   8.6822047244094485E+00       33   9.6180000000000010E-01   6.2143835801311328E-03
      11   8.6822047244094485E+00       34   9.9170000000000014E-01   7.4119108475878279E-03
      11   8.6822047244094485E+00       35   1.0216000000000001E+00   6.0610349413906190E-03
      11   8.6822047244094485E+00       36   1.0515000000000001E+00   6.6242099797937911E-03
      11   8.6822047244094485E+00       37   1.0814000000000001E+00   6.0891993729740726E-03
      11   8.6822047244094485E+00       38   1.1113000000000002E+00   6.0510933660080047E-03
      11   8.6822047244094485E+00       39   1.1412000000000002E+00   5.8997023684346957E-03
      11   8.6822047244094485E+00       40   1.1711000000000000E+00   5.7174752320786294E-03
      11   8.6822047244094485E+00       41   1.2010000000000001E+00   5.2984258099828515E-03
      11   8.6822047244094485E+00       42   1.2309000000000001E+00   5.2650402192759059E-03
      11   8.6822047244094485E+00       43   1.2608000000000001E+00   5.0366900847462204E-03
      11   8.6822047244094485E+00       44   1.2907000000000002E+00   5.2011326578060854E-03
      11   8.6822047244094485E+00       45   1.3206000000000002E+00   4.6560443880147599E-03
      11   8.6822047244094485E+00       46   1.3505000000000000E+00   4.7749218677483390E-03
      11   8.6822047244094485E+00       47   1.3804000000000001E+00   4.7228736557123497E-03
      11   8.6822047244094485E+00       48   1.4103000000000001E+00   4.4097316379771130E-03
      11   8.6822047244094485E+00       49   1.4402000000000001E+00   4.4728021641214262E-03
      11   8.6822047244094485E+00       50   1.4701000000000002E+00   4.3543746835569309E-03
 
      12   9.5504251968503944E+00        1   5.0000000000000001E-03   1.6188006444622674E-01
      12   9.5504251968503944E+00        2   3.4900000000000000E-02   1.7866642294297602E-01
      12   9.5504251968503944E+00        3   6.4800000000000010E-02   2.2820145843357537E-01
      12   9.5504251968503944E+00        4   9.4700000000000006E-02   2.8848259436953910E-01
      12   9.5504251968503944E+00        5   1.2460000000000002E-01   2.9712718254148957E-01
      12   9.5504251968503944E+00        6   1.5450000000000003E-01   2.7734269211868362E-01
      12   9.5504251968503944E+00        7   1.8440000000000001E-01   2.9578133034901904E-01
      12   9.5504251968503944E+00        8   2.1430000000000002E-01   2.6180671067440292E-01
      12   9.5504251968503944E+00        9   2.4420000000000003E-01   1.8193039218195795E-01
      12   9.5504251968503944E+00       10   2.7410000000000001E-01   2.0961145685898577E-01
      12   9.5504251968503944E+00       11   3.0400000000000005E-01   2.3707159522063798E-01
      12   9.5504251968503944E+00       12   3.3390000000000003E-01   1.8899326598871793E-01
      12   9.5504251968503944E+00       13   3.6380000000000001E-01   1.7742554273121949E-01
      12   9.5504251968503944E+00       14   3.9370000000000005E-01   1.4486089390876464E-01
      12   9.5504251968503944E+00       15   4.2360000000000003E-01   1.0341341424284189E-01
      12   9.5504251968503944E+00       16   4.5350000000000007E-01   7.6910801800429737E-02
      12   9.5504251968503944E+00       17   4.8340000000000005E-01   4.6827794180436762E-02
      12   9.5504251968503944E+00       18   5.1330000000000009E-01   4.1695394329755719E-02
      12   9.5504251968503944E+00       19   5.4320000000000002E-01   3.4868687581511869E-02
      12   9.5504251968503944E+00       20   5.7310000000000005E-01   3.4492528728664561E-02
      12   9.5504251968503944E+00       21   6.0300000000000009E-01   2.7227415709603811E-02
      12   9.5504251968503944E+00       22   6.3290000000000002E-01   2.8459138759549637E-02
      12   9.5504251968503944E+00       23   6.6280000000000006E-01   2.6726349506840573E-02
      12   9.5504251968503944E+00       24   6.9270000000000009E-01   1.9613973997131551E-02
      12   9.5504251968503944E+00       25   7.2260000000000002E-01   1.1918487738770628E-02
      12   9.5504251968503944E+00       26   7.5250000000000006E-01   1.3527016368764858E-02
      12   9.5504251968503944E+00       27   7.8240000000000010E-01   1.3757365651820336E-02
      12   9.5504251968503944E+00       28   8.1230000000000013E-01   9.3226091424082821E-03
      12   9.5504251968503944E+00       29   8.4220000000000006E-01   9.9063503712056074E-03
      12   9.5504251968503944E+00       30   8.7210000000000010E-01   8.6886331369642293E-03
      12   9.5504251968503944E+00       31   9.0200000000000014E-01   6.9759003150292598E-03
      12   9.5504251968503944E+00       32   9.3190000000000006E-01   8.2092496984827092E-03
      12   9.5504251968503944E+00       33   9.6180000000000010E-01   6.2148649197042655E-03
      12   9.5504251968503944E+00       34   9.9170000000000014E-01   7.4972761842444675E-03
      12   9.5504251968503944E+00       35   1.0216000000000001E+00   6.1539866616859631E-03
      12   9.5504251968503944E+00       36   1.0515000000000001E+00   6.6349954229775014E-03
      12   9.5504251968503944E+00       37   1.0814000000000001E+00   6.2319795300832927E-03
      12   9.5504251968503944E+00       38   1.1113000000000002E+00   6.0455033882616440E-03
      12   9.5504251968503944E+00       39   1.1412000000000002E+00   6.0490681371381944E-03
      12   9.5504251968503944E+00       40   1.1711000000000000E+00   5.7192241758944277E-03
      12   9.5504251968503944E+00       41   1.2010000000000001E+00   5.4004040929534246E-03
      12   9.5504251968503944E+00       42   1.2309000000000001E+00   5.2585688838552181E-03
      12   9.5504251968503944E+00       43   1.2608000000000001E+00   5.1135192564332310E-03
      12   9.5504251968503944E+00       44   1.2907000000000002E+00   5.2066345998217746E-03
      12   9.5504251968503944E+00       45   1.3206000000000002E+00   4.7221474918470556E-03
      12   9.5504251968503944E+00       46   1.3505000000000000E+00   4.7919135137697395E-03
      12   9.5504251968503944E+00       47   1.3804000000000001E+00   4.7570652592614018E-03
      12   9.5504251968503944E+00       48   1.4103000000000001E+00   4.4641756874631766E-03
      12   9.5504251968503944E+00       49   1.4402000000000001E+00   4.4700606441309297E-03
      12   9.5504251968503944E+00       50   1.4701000000000002E+00   4.4069365581648401E-03
 
      13   1.0418645669291339E+01        1   5.0000000000000001E-03   1.6053332646992913E-01
      13   1.0418645669291339E+01        2   3.4900000000000000E-02   1.7897186984311342E-01
      13   1.0418645669291339E+01        3   6.4800000000000010E-02   2.3052371891164611E-01
      13   1.0418645669291339E+01        4   9.4700000000000006E-02   2.9030368126692802E-01
      13   1.0418645669291339E+01        5   1.2460000000000002E-01   2.9556626246593631E-01
      13   1.0418645669291339E+01        6   1.5450000000000003E-01   2.6855862053631718E-01
      13   1.0418645669291339E+01        7   1.8440000000000001E-01   2.7794186857375119E-01
      13   1.0418645669291339E+01        8   2.1430000000000002E-01   2.4444957741795365E-01
      13   1.0418645669291339E+01        9   2.4420000000000003E-01   1.7145386831060611E-01
      13   1.0418645669291339E+01       10   2.7410000000000001E-01   1.9850784608305574E-01
      13   1.0418645669291339E+01       11   3.0400000000000005E-01   2.2538240217448896E-01
      13   1.0418645669291339E+01       12   3.3390000000000003E-01   1.8263615689536769E-01
      13   1.0418645669291339E+01       13   3.6380000000000001E-01   1.7223801308202785E-01
      13   1.0418645669291339E+01       14   3.9370000000000005E-01   1.4030217735952522E-01
      13   1.0418645669291339E+01       15   4.2360000000000003E-01   1.0244313276277356E-01
      13   1.0418645669291339E+01       16   4.5350000000000007E-01   7.5918084160045113E-02
      13   1.0418645669291339E+01       17   4.8340000000000005E-01   4.5532996555098751E-02
      13   1.0418645669291339E+01       18   5.1330000000000009E-01   4.1890034724117203E-02
      13   1.0418645669291339E+01       19   5.4320000000000002E-01   3.5242349820714669E-02
      13   1.0418645669291339E+01       20   5.7310000000000005E-01   3.4776269804458776E-02
      13   1.0418645669291339E+01       21   6.0300000000000009E-01   2.6851997351122009E-02
      13   1.0418645669291339E+01       22   6.3290000000000002E-01   2.8112232854785587E-02
      13   1.0418645669291339E+01       23   6.6280000000000006E-01   2.6785556440808621E-02
      13   1.0418645669291339E+01       24   6.9270000000000009E-01   1.9692846833250011E-02
      13   1.0418645669291339E+01       25   7.2260000000000002E-01   1.2028517767446031E-02
      13   1.0418645669291339E+01       26   7.5250000000000006E-01   1.3735550369913906E-02
      13   1.0418645669291339E+01       27   7.8240000000000010E-01   1.3783424896320015E-02
      13   1.0418645669291339E+01       28   8.1230000000000013E-01   9.2502398245427157E-03
      13   1.0418645669291339E+01       29   8.4220000000000006E-01   1.0037089073690835E-02
      13   1.0418645669291339E+01       30   8.7210000000000010E-01   8.9039409981042181E-03
      13   1.0418645669291339E+01       31   9.0200000000000014E-01   6.8870347028912255E-03
      13   1.0418645669291339E+01       32   9.3190000000000006E-01   8.4110773190281072E-03
      13   1.0418645669291339E+01       33   9.6180000000000010E-01   6.2222688638849779E-03
      13   1.0418645669291339E+01       34   9.9170000000000014E-01   7.4495774496347441E-03
      13   1.0418645669291339E+01       35   1.0216000000000001E+00   6.2432865709037997E-03
      13   1.0418645669291339E+01       36   1.0515000000000001E+00   6.5116110994606832E-03
      13   1.0418645669291339E+01       37   1.0814000000000001E+00   6.3097703532044112E-03
      13   1.0418645669291339E+01       38   1.1113000000000002E+00   5.9330808865427570E-03
      13   1.0418645669291339E+01       39   1.1412000000000002E+00   6.1210862261496836E-03
      13   1.0418645669291339E+01       40   1.1711000000000000E+00   5.6476384690682824E-03
      13   1.0418645669291339E+01       41   1.2010000000000001E+00   5.4315466011500028E-03
      13   1.0418645669291339E+01       42   1.2309000000000001E+00   5.1748159024314353E-03
      13   1.0418645669291339E+01       43   1.2608000000000001E+00   5.1023308302317084E-03
      13   1.0418645669291339E+01       44   1.2907000000000002E+00   5.1193841184862324E-03
      13   1.0418645669291339E+01       45   1.3206000000000002E+00   4.7201369764279938E-03
      13   1.0418645669291339E+01       46   1.3505000000000000E+00   4.7171651347517165E-03
      13   1.0418645669291339E+01       47   1.3804000000000001E+00   4.7284838845878391E-03
      13   1.0418645669291339E+01       48   1.4103000000000001E+00   4.4314968464885633E-03
      13   1.0418645669291339E+01       49   1.4402000000000001E+00   4.3956309311379083E-03
      13   1.0418645669291339E+01       50   1.4701000000000002E+00   4.3893200534995342E-03
 
      14   1.1286866141732284E+01        1   5.0000000000000001E-03   1.5452537691952586E-01
      14   1.1286866141732284E+01        2   3.4900000000000000E-02   1.7525105382248504E-01
      14   1.1286866141732284E+01        3   6.4800000000000010E-02   2.3035662583777422E-01
      14   1.1286866141732284E+01        4   9.4700000000000006E-02   2.9108723531039404E-01
      14   1.1286866141732284E+01        5   1.2460000000000002E-01   2.9340556751684993E-01
      14   1.1286866141732284E+01        6   1.5450000000000003E-01   2.5834026058718013E-01
      14   1.1286866141732284E+01        7   1.8440000000000001E-01   2.5772316033560172E-01
      14   1.1286866141732284E+01        8   2.1430000000000002E-01   2.2536785567872497E-01
      14   1.1286866141732284E+01        9   2.4420000000000003E-01   1.6113601086257284E-01
      14   1.1286866141732284E+01       10   2.7410000000000001E-01   1.8896600396057631E-01
      14   1.1286866141732284E+01       11   3.0400000000000005E-01   2.1421208135222264E-01
      14   1.1286866141732284E+01       12   3.3390000000000003E-01   1.7608243097748494E-01
      14   1.1286866141732284E+01       13   3.6380000000000001E-01   1.6812439758001241E-01
      14   1.1286866141732284E+01       14   3.9370000000000005E-01   1.3592288029647964E-01
      14   1.1286866141732284E+01       15   4.2360000000000003E-01   1.0083157705489175E-01
      14   1.1286866141732284E+01       16   4.5350000000000007E-01   7.5553250607094946E-02
      14   1.1286866141732284E+01       17   4.8340000000000005E-01   4.4305924010067554E-02
      14   1.1286866141732284E+01       18   5.1330000000000009E-01   4.1806007275604545E-02
      14   1.1286866141732284E+01       19   5.4320000000000002E-01   3.5820358815712772E-02
      14   1.1286866141732284E+01       20   5.7310000000000005E-01   3.5193978843936817E-02
      14   1.1286866141732284E+01       21   6.0300000000000009E-01   2.6627704772629206E-02
      14   1.1286866141732284E+01       22   6.3290000000000002E-01   2.7440963174647462E-02
      14   1.1286866141732284E+01       23   6.6280000000000006E-01   2.6715885801519970E-02
      14   1.1286866141732284E+01       24   6.9270000000000009E-01   1.9635680458544354E-02
      14   1.1286866141732284E+01       25   7.2260000000000002E-01   1.2011011708012283E-02
      14   1.1286866141732284E+01       26   7.5250000000000006E-01   1.3764774113442015E-02
      14   1.1286866141732284E+01       27   7.8240000000000010E-01   1.3824133878725980E-02
      14   1.1286866141732284E+01       28   8.1230000000000013E-01   8.9949205847727857E-03
      14   1.1286866141732284E+01       29   8.4220000000000006E-01   1.0006521010788562E-02
      14   1.1286866141732284E+01       30   8.7210000000000010E-01   9.0549811110885881E-03
      14   1.1286866141732284E+01       31   9.0200000000000014E-01   6.7369200248422623E-03
      14   1.1286866141732284E+01       32   9.3190000000000006E-01   8.4993633094597194E-03
      14   1.1286866141732284E+01       33   9.6180000000000010E-01   6.2350600765841398E-03
      14   1.1286866141732284E+01       34   9.9170000000000014E-01   7.3037624598585255E-03
      14   1.1286866141732284E+01       35   1.0216000000000001E+00   6.3204013120482985E-03
      14   1.1286866141732284E+01       36   1.0515000000000001E+00   6.2954607484030775E-03
      14   1.1286866141732284E+01       37   1.0814000000000001E+00   6.2921144825286018E-03
      14   1.1286866141732284E+01       38   1.1113000000000002E+00   5.7359029372619349E-03
      14   1.1286866141732284E+01       39   1.1412000000000002E+00   6.0609090298422603E-03
      14   1.1286866141732284E+01       40   1.1711000000000000E+00   5.5056107296693061E-03
      14   1.1286866141732284E+01       41   1.2010000000000001E+00   5.3659018645631634E-03
      14   1.1286866141732284E+01       42   1.2309000000000001E+00   5.0295146411483737E-03
      14   1.1286866141732284E+01       43   1.2608000000000001E+00   4.9906046125107878E-03
      14   1.1286866141732284E+01       44   1.2907000000000002E+00   4.9348400485034966E-03
      14   1.1286866141732284E+01       45   1.3206000000000002E+00   4.6255519275671241E-03
      14   1.1286866141732284E+01       46   1.3505000000000000E+00   4.5588574964700399E-03
      14   1.1286866141732284E+01       47   1.3804000000000001E+00   4.6170748875391781E-03
      14   1.1286866141732284E+01       48   1.4103000000000001E+00   4.2904093609820977E-03
      14   1.1286866141732284E+01       49   1.4402000000000001E+00   4.2614726664404433E-03
      14   1.1286866141732284E+01       50   1.4701000000000002E+00   4.2830944956902400E-03
 
      15   1.2155086614173227E+01        1   5.0000000000000001E-03   1.4470286251597697E-01
      15   1.2155086614173227E+01        2   3.4900000000000000E-02   1.6746584946691270E-01
      15   1.2155086614173227E+01        3   6.4800000000000010E-02   2.2638024952056518E-01
      15   1.2155086614173227E+01        4   9.4700000000000006E-02   2.8930240220865122E-01
      15   1.2155086614173227E+01        5   1.2460000000000002E-01   2.8987780113193351E-01
      15   1.2155086614173227E+01        6   1.5450000000000003E-01   2.4780431411328280E-01
      15   1.2155086614173227E+01        7   1.8440000000000001E-01   2.3893504741033511E-01
      15   1.2155086614173227E+01        8   2.1430000000000002E-01   2.0795619159257053E-01
      15   1.2155086614173227E+01        9   2.4420000000000003E-01   1.5185831980270972E-01
      15   1.2155086614173227E+01       10   2.7410000000000001E-01   1.8206281895898649E-01
      15   1.2155086614173227E+01       11   3.0400000000000005E-01   2.0553653804375499E-01
      15   1.2155086614173227E+01       12   3.3390000000000003E-01   1.6983014214319703E-01
      15   1.2155086614173227E+01       13   3.6380000000000001E-01   1.6506289361739182E-01
      15   1.2155086614173227E+01       14   3.9370000000000005E-01   1.3253303951620021E-01
      15   1.2155086614173227E+01       15   4.2360000000000003E-01   9.8573383602853101E-02
      15   1.2155086614173227E+01       16   4.5350000000000007E-01   7.5556991306154772E-02
      15   1.2155086614173227E+01       17   4.8340000000000005E-01   4.3463785425024055E-02
      15   1.2155086614173227E+01       18   5.1330000000000009E-01   4.1287370661862166E-02
      15   1.2155086614173227E+01       19   5.4320000000000002E-01   3.6411111654216573E-02
      15   1.2155086614173227E+01       20   5.7310000000000005E-01   3.5684492942699021E-02
      15   1.2155086614173227E+01       21   6.0300000000000009E-01   2.6643093162585094E-02
      15   1.2155086614173227E+01       22   6.3290000000000002E-01   2.6618932215603262E-02
      15   1.2155086614173227E+01       23   6.6280000000000006E-01   2.6456483040573023E-02
      15   1.2155086614173227E+01       24   6.9270000000000009E-01   1.9488278353464838E-02
      15   1.2155086614173227E+01       25   7.2260000000000002E-01   1.1803531427508850E-02
      15   1.2155086614173227E+01       26   7.5250000000000006E-01   1.3549998141550446E-02
      15   1.2155086614173227E+01       27   7.8240000000000010E-01   1.3868841926944622E-02
      15   1.2155086614173227E+01       28   8.1230000000000013E-01   8.6246979900310855E-03
      15   1.2155086614173227E+01       29   8.4220000000000006E-01   9.7762482560613435E-03
      15   1.2155086614173227E+01       30   8.7210000000000010E-01   9.0829202243260208E-03
      15   1.2155086614173227E+01       31   9.0200000000000014E-01   6.5485038063911871E-03
      15   1.2155086614173227E+01       32   9.3190000000000006E-01   8.4083505315573036E-03
      15   1.2155086614173227E+01       33   9.6180000000000010E-01   6.2438873041853306E-03
      15   1.2155086614173227E+01       34   9.9170000000000014E-01   7.0791037474638120E-03
      15   1.2155086614173227E+01       35   1.0216000000000001E+00   6.3475034997180829E-03
      15   1.2155086614173227E+01       36   1.0515000000000001E+00   6.0553943777550950E-03
      15   1.2155086614173227E+01       37   1.0814000000000001E+00   6.1619405519482131E-03
      15   1.2155086614173227E+01       38   1.1113000000000002E+00   5.5043871582513481E-03
      15   1.2155086614173227E+01       39   1.1412000000000002E+00   5.8634374889547604E-03
      15   1.2155086614173227E+01       40   1.1711000000000000E+00   5.3316806650448778E-03
      15   1.2155086614173227E+01       41   1.2010000000000001E+00   5.1956935057085128E-03
      15   1.2155086614173227E+01       42   1.2309000000000001E+00   4.8616194246377245E-03
      15   1.2155086614173227E+01       43   1.2608000000000001E+00   4.7960350892674950E-03
      15   1.2155086614173227E+01       44   1.2907000000000002E+00   4.6960172345656085E-03
      15   1.2155086614173227E+01       45   1.3206000000000002E+00   4.4439293803518959E-03
      15   1.2155086614173227E+01       46   1.3505000000000000E+00   4.3452191096022804E-03
      15   1.2155086614173227E+01       47   1.3804000000000001E+00   4.4427092359083289E-03
      15   1.2155086614173227E+01       48   1.4103000000000001E+00   4.0675377791180804E-03
      15   1.2155086614173227E+01       49   1.4402000000000001E+00   4.0830251363152999E-03
      15   1.2155086614173227E+01       50   1.4701000000000002E+00   4.0979908222112662E-03
 
      16   1.3023307086614173E+01        1   5.0000000000000001E-03   1.3223808310395521E-01
      16   1.3023307086614173E+01        2   3.4900000000000000E-02   1.5587592643032128E-01
      16   1.3023307086614173E+01        3   6.4800000000000010E-02   2.1702916527772831E-01
      16   1.3023307086614173E+01        4   9.4700000000000006E-02   2.8249788120036967E-01
      16   1.3023307086614173E+01        5   1.2460000000000002E-01   2.8358969070941253E-01
      16   1.3023307086614173E+01        6   1.5450000000000003E-01   2.3761031725469836E-01
      16   1.3023307086614173E+01        7   1.8440000000000001E-01   2.2413910998192646E-01
      16   1.3023307086614173E+01        8   2.1430000000000002E-01   1.9476255289564828E-01
      16   1.3023307086614173E+01        9   2.4420000000000003E-01   1.4418779346988639E-01
      16   1.3023307086614173E+01       10   2.7410000000000001E-01   1.7764497369829635E-01
      16   1.3023307086614173E+01       11   3.0400000000000005E-01   2.0055757435158370E-01
      16   1.3023307086614173E+01       12   3.3390000000000003E-01   1.6456439420066896E-01
      16   1.3023307086614173E+01       13   3.6380000000000001E-01   1.6236985024024139E-01
      16   1.3023307086614173E+01       14   3.9370000000000005E-01   1.3045820361670563E-01
      16   1.3023307086614173E+01       15   4.2360000000000003E-01   9.6032284798137149E-02
      16   1.3023307086614173E+01       16   4.5350000000000007E-01   7.5439850992249396E-02
      16   1.3023307086614173E+01       17   4.8340000000000005E-01   4.3220235199524497E-02
      16   1.3023307086614173E+01       18   5.1330000000000009E-01   4.0388357876456012E-02
      16   1.3023307086614173E+01       19   5.4320000000000002E-01   3.6831157886361571E-02
      16   1.3023307086614173E+01       20   5.7310000000000005E-01   3.6253611866323088E-02
      16   1.3023307086614173E+01       21   6.0300000000000009E-01   2.6921685620136124E-02
      16   1.3023307086614173E+01       22   6.3290000000000002E-01   2.5938132701669236E-02
      16   1.3023307086614173E+01       23   6.6280000000000006E-01   2.6021889631551023E-02
      16   1.3023307086614173E+01       24   6.9270000000000009E-01   1.9335704083483337E-02
      16   1.3023307086614173E+01       25   7.2260000000000002E-01   1.1448137344214043E-02
      16   1.3023307086614173E+01       26   7.5250000000000006E-01   1.3117679464646731E-02
      16   1.3023307086614173E+01       27   7.8240000000000010E-01   1.3859430841823816E-02
      16   1.3023307086614173E+01       28   8.1230000000000013E-01   8.2972342197353034E-03
      16   1.3023307086614173E+01       29   8.4220000000000006E-01   9.3623148852141850E-03
      16   1.3023307086614173E+01       30   8.7210000000000010E-01   9.0102928464957290E-03
      16   1.3023307086614173E+01       31   9.0200000000000014E-01   6.3413697355363553E-03
      16   1.3023307086614173E+01       32   9.3190000000000006E-01   8.1306466773996989E-03
      16   1.3023307086614173E+01       33   9.6180000000000010E-01   6.2373527470227169E-03
      16   1.3023307086614173E+01       34   9.9170000000000014E-01   6.7918886247180467E-03
      16   1.3023307086614173E+01       35   1.0216000000000001E+00   6.2813054050090810E-03
      16   1.3023307086614173E+01       36   1.0515000000000001E+00   5.8535704105917826E-03
      16   1.3023307086614173E+01       37   1.0814000000000001E+00   5.9277139679194792E-03
      16   1.3023307086614173E+01       38   1.1113000000000002E+00   5.3073336524818984E-03
      16   1.3023307086614173E+01       39   1.1412000000000002E+00   5.5731403248792440E-03
      16   1.3023307086614173E+01       40   1.1711000000000000E+00   5.1797173478535441E-03
      16   1.3023307086614173E+01       41   1.2010000000000001E+00   4.9481603777504456E-03
      16   1.3023307086614173E+01       42   1.2309000000000001E+00   4.7096362764612537E-03
      16   1.3023307086614173E+01       43   1.2608000000000001E+00   4.5560304158248225E-03
      16   1.3023307086614173E+01       44   1.2907000000000002E+00   4.4737566583216114E-03
      16   1.3023307086614173E+01       45   1.3206000000000002E+00   4.2084250440721591E-03
      16   1.3023307086614173E+01       46   1.3505000000000000E+00   4.1176517421370089E-03
      16   1.3023307086614173E+01       47   1.3804000000000001E+00   4.2478970801956093E-03
      16   1.3023307086614173E+01       48   1.4103000000000001E+00   3.8245049236900366E-03
      16   1.3023307086614173E+01       49   1.4402000000000001E+00   3.8877149272555779E-03
      16   1.3023307086614173E+01       50   1.4701000000000002E+00   3.8704448748092292E-03
 
      17   1.3891527559055117E+01        1   5.0000000000000001E-03   1.1762191904378357E-01
      17   1.3891527559055117E+01        2   3.4900000000000000E-02   1.4071794308385069E-01
      17   1.3891527559055117E+01        3   6.4800000000000010E-02   2.0159366894651709E-01
      17   1.3891527559055117E+01        4   9.4700000000000006E-02   2.6910292239243577E-01
      17   1.3891527559055117E+01        5   1.2460000000000002E-01   2.7368702565286374E-01
      17   1.3891527559055117E+01        6   1.5450000000000003E-01   2.2834426972052613E-01
      17   1.3891527559055117E+01        7   1.8440000000000001E-01   2.1438948859549933E-01
      17   1.3891527559055117E+01        8   2.1430000000000002E-01   1.8704705743947581E-01
      17   1.3891527559055117E+01        9   2.4420000000000003E-01   1.3882697478871586E-01
      17   1.3891527559055117E+01       10   2.7410000000000001E-01   1.7489712054240841E-01
      17   1.3891527559055117E+01       11   3.0400000000000005E-01   1.9910789852028893E-01
      17   1.3891527559055117E+01       12   3.3390000000000003E-01   1.6106157489385367E-01
      17   1.3891527559055117E+01       13   3.6380000000000001E-01   1.5944888756133563E-01
      17   1.3891527559055117E+01       14   3.9370000000000005E-01   1.2940195292971882E-01
      17   1.3891527559055117E+01       15   4.2360000000000003E-01   9.3825058331763314E-02
      17   1.3891527559055117E+01       16   4.5350000000000007E-01   7.4726831077965850E-02
      17   1.3891527559055117E+01       17   4.8340000000000005E-01   4.3462290210309021E-02
      17   1.3891527559055117E+01       18   5.1330000000000009E-01   3.9381136205904776E-02
      17   1.3891527559055117E+01       19   5.4320000000000002E-01   3.6876100835332389E-02
      17   1.3891527559055117E+01       20   5.7310000000000005E-01   3.6873525490979324E-02
      17   1.3891527559055117E+01       21   6.0300000000000009E-01   2.7347372585962874E-02
      17   1.3891527559055117E+01       22   6.3290000000000002E-01   2.5602438895675324E-02
      17   1.3891527559055117E+01       23   6.6280000000000006E-01   2.5486452280116069E-02
      17   1.3891527559055117E+01       24   6.9270000000000009E-01   1.9211480561430926E-02
      17   1.3891527559055117E+01       25   7.2260000000000002E-01   1.1056691810677637E-02
      17   1.3891527559055117E+01       26   7.5250000000000006E-01   1.2586193895061333E-02
      17   1.3891527559055117E+01       27   7.8240000000000010E-01   1.3709006486492601E-02
      17   1.3891527559055117E+01       28   8.1230000000000013E-01   8.1165334214334858E-03
      17   1.3891527559055117E+01       29   8.4220000000000006E-01   8.8445682384597612E-03
      17   1.3891527559055117E+01       30   8.7210000000000010E-01   8.8911715443485920E-03
      17   1.3891527559055117E+01       31   9.0200000000000014E-01   6.1477668512053673E-03
      17   1.3891527559055117E+01       32   9.3190000000000006E-01   7.7429211780365454E-03
      17   1.3891527559055117E+01       33   9.6180000000000010E-01   6.2039154267258317E-03
      17   1.3891527559055117E+01       34   9.9170000000000014E-01   6.4929184677971381E-03
      17   1.3891527559055117E+01       35   1.0216000000000001E+00   6.1129718344059333E-03
      17   1.3891527559055117E+01       36   1.0515000000000001E+00   5.7048879199545193E-03
      17   1.3891527559055117E+01       37   1.0814000000000001E+00   5.6252170247658925E-03
      17   1.3891527559055117E+01       38   1.1113000000000002E+00   5.1749376177466742E-03
      17   1.3891527559055117E+01       39   1.1412000000000002E+00   5.2435110832333475E-03
      17   1.3891527559055117E+01       40   1.1711000000000000E+00   5.0657207161009798E-03
      17   1.3891527559055117E+01       41   1.2010000000000001E+00   4.6726192232871590E-03
      17   1.3891527559055117E+01       42   1.2309000000000001E+00   4.5823484834674952E-03
      17   1.3891527559055117E+01       43   1.2608000000000001E+00   4.3069231757095813E-03
      17   1.3891527559055117E+01       44   1.2907000000000002E+00   4.3124589822146168E-03
      17   1.3891527559055117E+01       45   1.3206000000000002E+00   3.9548402126896995E-03
      17   1.3891527559055117E+01       46   1.3505000000000000E+00   3.9166022550758926E-03
      17   1.3891527559055117E+01       47   1.3804000000000001E+00   4.0515013028432521E-03
      17   1.3891527559055117E+01       48   1.4103000000000001E+00   3.6124122287599790E-03
      17   1.3891527559055117E+01       49   1.4402000000000001E+00   3.7084840618063996E-03
      17   1.3891527559055117E+01       50   1.4701000000000002E+00   3.6462662844962629E-03
 
      18   1.4759748031496061E+01        1   5.0000000000000001E-03   1.0139075126566810E-01
      18   1.4759748031496061E+01        2   3.4900000000000000E-02   1.2309503363272005E-01
      18   1.4759748031496061E+01        3   6.4800000000000010E-02   1.8194561968752299E-01
      18   1.4759748031496061E+01        4   9.4700000000000006E-02   2.5076313292853442E-01
      18   1.4759748031496061E+01        5   1.2460000000000002E-01   2.6103984455829560E-01
      18   1.4759748031496061E+01        6   1.5450000000000003E-01   2.2070852701405666E-01
      18   1.4759748031496061E+01        7   1.8440000000000001E-01   2.1005902330096041E-01
      18   1.4759748031496061E+01        8   2.1430000000000002E-01   1.8524579997932333E-01
      18   1.4759748031496061E+01        9   2.4420000000000003E-01   1.3666999439811009E-01
      18   1.4759748031496061E+01       10   2.7410000000000001E-01   1.7343397610666278E-01
      18   1.4759748031496061E+01       11   3.0400000000000005E-01   2.0018337347125800E-01
      18   1.4759748031496061E+01       12   3.3390000000000003E-01   1.5992930098153671E-01
      18   1.4759748031496061E+01       13   3.6380000000000001E-01   1.5657401249777023E-01
      18   1.4759748031496061E+01       14   3.9370000000000005E-01   1.2878605808315466E-01
      18   1.4759748031496061E+01       15   4.2360000000000003E-01   9.2497792812895469E-02
      18   1.4759748031496061E+01       16   4.5350000000000007E-01   7.3354085628998644E-02
      18   1.4759748031496061E+01       17   4.8340000000000005E-01   4.3710486296828520E-02
      18   1.4759748031496061E+01       18   5.1330000000000009E-01   3.8579037342768935E-02
      18   1.4759748031496061E+01       19   5.4320000000000002E-01   3.6357512578141890E-02
      18   1.4759748031496061E+01       20   5.7310000000000005E-01   3.7351103078627171E-02
      18   1.4759748031496061E+01       21   6.0300000000000009E-01   2.7744844175561792E-02
      18   1.4759748031496061E+01       22   6.3290000000000002E-01   2.5580275870309054E-02
      18   1.4759748031496061E+01       23   6.6280000000000006E-01   2.4936218834830364E-02
      18   1.4759748031496061E+01       24   6.9270000000000009E-01   1.9040483472542020E-02
      18   1.4759748031496061E+01       25   7.2260000000000002E-01   1.0721037847355173E-02
      18   1.4759748031496061E+01       26   7.5250000000000006E-01   1.2080114222398748E-02
      18   1.4759748031496061E+01       27   7.8240000000000010E-01   1.3384041826592849E-02
      18   1.4759748031496061E+01       28   8.1230000000000013E-01   8.0373213885187797E-03
      18   1.4759748031496061E+01       29   8.4220000000000006E-01   8.3316349614958301E-03
      18   1.4759748031496061E+01       30   8.7210000000000010E-01   8.7242782346261625E-03
      18   1.4759748031496061E+01       31   9.0200000000000014E-01   6.0050232512337395E-03
      18   1.4759748031496061E+01       32   9.3190000000000006E-01   7.3456716496862664E-03
      18   1.4759748031496061E+01       33   9.6180000000000010E-01   6.1236877428202299E-03
      18   1.4759748031496061E+01       34   9.9170000000000014E-01   6.2585970414185486E-03
      18   1.4759748031496061E+01       35   1.0216000000000001E+00   5.8749351691258266E-03
      18   1.4759748031496061E+01       36   1.0515000000000001E+00   5.5896329976605928E-03
      18   1.4759748031496061E+01       37   1.0814000000000001E+00   5.3129699615316025E-03
      18   1.4759748031496061E+01       38   1.1113000000000002E+00   5.0781127306788959E-03
      18   1.4759748031496061E+01       39   1.1412000000000002E+00   4.9340198215994304E-03
      18   1.4759748031496061E+01       40   1.1711000000000000E+00   4.9618651784449439E-03
      18   1.4759748031496061E+01       41   1.2010000000000001E+00   4.4193106452007115E-03
      18   1.4759748031496061E+01       42   1.2309000000000001E+00   4.4619812744557319E-03
      18   1.4759748031496061E+01       43   1.2608000000000001E+00   4.0801969839441947E-03
      18   1.4759748031496061E+01       44   1.2907000000000002E+00   4.2088781734754095E-03
      18   1.4759748031496061E+01       45   1.3206000000000002E+00   3.7187370016683054E-03
      18   1.4759748031496061E+01       46   1.3505000000000000E+00   3.7722832087308312E-03
      18   1.4759748031496061E+01       47   1.3804000000000001E+00   3.8521889598213599E-03
      18   1.4759748031496061E+01       48   1.4103000000000001E+00   3.4541560691183203E-03
      18   1.4759748031496061E+01       49   1.4402000000000001E+00   3.5655998737807236E-03
      18   1.4759748031496061E+01       50   1.4701000000000002E+00   3.4668674991593178E-03
 
      19   1.5627968503937007E+01        1   5.0000000000000001E-03   8.5424578280374253E-02
      19   1.5627968503937007E+01        2   3.4900000000000000E-02   1.0565808915499192E-01
      19   1.5627968503937007E+01        3   6.4800000000000010E-02   1.6249040505699813E-01
      19   1.5627968503937007E+01        4   9.4700000000000006E-02   2.3248392088913392E-01
      19   1.5627968503937007E+01        5   1.2460000000000002E-01   2.4855081320514344E-01
      19   1.5627968503937007E+01        6   1.5450000000000003E-01   2.1544847868709768E-01
      19   1.5627968503937007E+01        7   1.8440000000000001E-01   2.1137298368424648E-01
      19   1.5627968503937007E+01        8   2.1430000000000002E-01   1.8960950454319972E-01
      19   1.5627968503937007E+01        9   2.4420000000000003E-01   1.3843187954805908E-01
      19   1.5627968503937007E+01       10   2.7410000000000001E-01   1.7369600718573677E-01
      19   1.5627968503937007E+01       11   3.0400000000000005E-01   2.0310643111475096E-01
      19   1.5627968503937007E+01       12   3.3390000000000003E-01   1.6147420832442114E-01
      19   1.5627968503937007E+01       13   3.6380000000000001E-01   1.5487784883186517E-01
      19   1.5627968503937007E+01       14   3.9370000000000005E-01   1.2828219938503138E-01
      19   1.5627968503937007E+01       15   4.2360000000000003E-01   9.2161777119240063E-02
      19   1.5627968503937007E+01       16   4.5350000000000007E-01   7.1832579413286912E-02
      19   1.5627968503937007E+01       17   4.8340000000000005E-01   4.3468633813072789E-02
      19   1.5627968503937007E+01       18   5.1330000000000009E-01   3.8119702130762809E-02
      19   1.5627968503937007E+01       19   5.4320000000000002E-01   3.5322749375672827E-02
      19   1.5627968503937007E+01       20   5.7310000000000005E-01   3.7390143884005828E-02
      19   1.5627968503937007E+01       21   6.0300000000000009E-01   2.8039911632208682E-02
      19   1.5627968503937007E+01       22   6.3290000000000002E-01   2.5697694138979602E-02
      19   1.5627968503937007E+01       23   6.6280000000000006E-01   2.4450140283709648E-02
      19   1.5627968503937007E+01       24   6.9270000000000009E-01   1.8704718385181271E-02
      19   1.5627968503937007E+01       25   7.2260000000000002E-01   1.0468745387099443E-02
      19   1.5627968503937007E+01       26   7.5250000000000006E-01   1.1663152887065280E-02
      19   1.5627968503937007E+01       27   7.8240000000000010E-01   1.2980936994435104E-02
      19   1.5627968503937007E+01       28   8.1230000000000013E-01   7.9452640611336646E-03
      19   1.5627968503937007E+01       29   8.4220000000000006E-01   7.9262493601614994E-03
      19   1.5627968503937007E+01       30   8.7210000000000010E-01   8.4578310391437237E-03
      19   1.5627968503937007E+01       31   9.0200000000000014E-01   5.9339584114361972E-03
      19   1.5627968503937007E+01       32   9.3190000000000006E-01   7.0035325199270353E-03
      19   1.5627968503937007E+01       33   9.6180000000000010E-01   5.9796481915435186E-03
      19   1.5627968503937007E+01       34   9.9170000000000014E-01   6.1468270283502333E-03
      19   1.5627968503937007E+01       35   1.0216000000000001E+00   5.6188979622132798E-03
      19   1.5627968503937007E+01       36   1.0515000000000001E+00   5.5091061565337909E-03
      19   1.5627968503937007E+01       37   1.0814000000000001E+00   5.0576232720130057E-03
      19   1.5627968503937007E+01       38   1.1113000000000002E+00   4.9847859473217447E-03
      19   1.5627968503937007E+01       39   1.1412000000000002E+00   4.7194382753344847E-03
      19   1.5627968503937007E+01       40   1.1711000000000000E+00   4.8443704220208399E-03
      19   1.5627968503937007E+01       41   1.2010000000000001E+00   4.2345386461806207E-03
      19   1.5627968503937007E+01       42   1.2309000000000001E+00   4.3322090923175096E-03
      19   1.5627968503937007E+01       43   1.2608000000000001E+00   3.9107889731673888E-03
      19   1.5627968503937007E+01       44   1.2907000000000002E+00   4.1350320146697215E-03
      19   1.5627968503937007E+01       45   1.3206000000000002E+00   3.5461426390233255E-03
      19   1.5627968503937007E+01       46   1.3505000000000000E+00   3.6928316566056758E-03
      19   1.5627968503937007E+01       47   1.3804000000000001E+00   3.6711928508926486E-03
      19   1.5627968503937007E+01       48   1.4103000000000001E+00   3.3581307491893572E-03
      19   1.5627968503937007E+01       49   1.4402000000000001E+00   3.4594815043627511E-03
      19   1.5627968503937007E+01       50   1.4701000000000002E+00   3.3593021818402223E-03
 
      20   1.6496188976377955E+01        1   5.0000000000000001E-03   7.3450652273381087E-02
      20   1.6496188976377955E+01        2   3.4900000000000000E-02   9.2337906858636687E-02
      20   1.6496188976377955E+01        3   6.4800000000000010E-02   1.4814079483760581E-01
      20   1.6496188976377955E+01        4   9.4700000000000006E-02   2.1998536829895393E-01
      20   1.6496188976377955E+01        5   1.2460000000000002E-01   2.4026274231130931E-01
      20   1.6496188976377955E+01        6   1.5450000000000003E-01   2.1360028255080757E-01
      20   1.6496188976377955E+01        7   1.8440000000000001E-01   2.1816251278056417E-01
      20   1.6496188976377955E+01        8   2.1430000000000002E-01   2.0003540431358535E-01
      20   1.6496188976377955E+01        9   2.4420000000000003E-01   1.4437158161080629E-01
      20   1.6496188976377955E+01       10   2.7410000000000001E-01   1.7641306598494622E-01
      20   1.6496188976377955E+01       11   3.0400000000000005E-01   2.0784344038565833E-01
      20   1.6496188976377955E+01       12   3.3390000000000003E-01   1.6557536712339038E-01
      20   1.6496188976377955E+01       13   3.6380000000000001E-01   1.5543655850720686E-01
      20   1.6496188976377955E+01       14   3.9370000000000005E-01   1.2799525717947416E-01
      20   1.6496188976377955E+01       15   4.2360000000000003E-01   9.2385042436706644E-02
      20   1.6496188976377955E+01       16   4.5350000000000007E-01   7.0802442034509916E-02
      20   1.6496188976377955E+01       17   4.8340000000000005E-01   4.2627032313135256E-02
      20   1.6496188976377955E+01       18   5.1330000000000009E-01   3.7860805653968196E-02
      20   1.6496188976377955E+01       19   5.4320000000000002E-01   3.4148313359398046E-02
      20   1.6496188976377955E+01       20   5.7310000000000005E-01   3.6828663558326119E-02
      20   1.6496188976377955E+01       21   6.0300000000000009E-01   2.8255453738960042E-02
      20   1.6496188976377955E+01       22   6.3290000000000002E-01   2.5852435111267662E-02
      20   1.6496188976377955E+01       23   6.6280000000000006E-01   2.4106990956309825E-02
      20   1.6496188976377955E+01       24   6.9270000000000009E-01   1.8183989498542125E-02
      20   1.6496188976377955E+01       25   7.2260000000000002E-01   1.0271085865376395E-02
      20   1.6496188976377955E+01       26   7.5250000000000006E-01   1.1345783370102794E-02
      20   1.6496188976377955E+01       27   7.8240000000000010E-01   1.2653583122059433E-02
      20   1.6496188976377955E+01       28   8.1230000000000013E-01   7.8136966420152901E-03
      20   1.6496188976377955E+01       29   8.4220000000000006E-01   7.7010446246089607E-03
      20   1.6496188976377955E+01       30   8.7210000000000010E-01   8.0996826914123323E-03
      20   1.6496188976377955E+01       31   9.0200000000000014E-01   5.9323111798245199E-03
      20   1.6496188976377955E+01       32   9.3190000000000006E-01   6.7661815830023786E-03
      20   1.6496188976377955E+01       33   9.6180000000000010E-01   5.7884366574564704E-03
      20   1.6496188976377955E+01       34   9.9170000000000014E-01   6.1695124721144546E-03
      20   1.6496188976377955E+01       35   1.0216000000000001E+00   5.3950233462300443E-03
      20   1.6496188976377955E+01       36   1.0515000000000001E+00   5.4908227828638616E-03
      20   1.6496188976377955E+01       37   1.0814000000000001E+00   4.9064966515634635E-03
      20   1.6496188976377955E+01       38   1.1113000000000002E+00   4.9044954631726747E-03
      20   1.6496188976377955E+01       39   1.1412000000000002E+00   4.6501688895534748E-03
      20   1.6496188976377955E+01       40   1.1711000000000000E+00   4.7255535268996814E-03
      20   1.6496188976377955E+01       41   1.2010000000000001E+00   4.1576733494133765E-03
      20   1.6496188976377955E+01       42   1.2309000000000001E+00   4.2012326933056005E-03
      20   1.6496188976377955E+01       43   1.2608000000000001E+00   3.8336691075955892E-03
      20   1.6496188976377955E+01       44   1.2907000000000002E+00   4.0717913935480717E-03
      20   1.6496188976377955E+01       45   1.3206000000000002E+00   3.4782691924827940E-03
      20   1.6496188976377955E+01       46   1.3505000000000000E+00   3.6629361675761920E-03
      20   1.6496188976377955E+01       47   1.3804000000000001E+00   3.5597048382070631E-03
      20   1.6496188976377955E+01       48   1.4103000000000001E+00   3.3261833990079828E-03
      20   1.6496188976377955E+01       49   1.4402000000000001E+00   3.3876446230146125E-03
      20   1.6496188976377955E+01       50   1.4701000000000002E+00   3.3300908283174320E-03
 
      21   1.7364409448818897E+01        1   5.0000000000000001E-03   7.0169671868356764E-02
      21   1.7364409448818897E+01        2   3.4900000000000000E-02   8.7405688537552692E-02
      21   1.7364409448818897E+01        3   6.4800000000000010E-02   1.4251828878559997E-01
      21   1.7364409448818897E+01        4   9.4700000000000006E-02   2.1685125491357274E-01
      21   1.7364409448818897E+01        5   1.2460000000000002E-01   2.3956785457181876E-01
      21   1.7364409448818897E+01        6   1.5450000000000003E-01   2.1654945078144602E-01
      21   1.7364409448818897E+01        7   1.8440000000000001E-01   2.2942592610067625E-01
      21   1.7364409448818897E+01        8   2.1430000000000002E-01   2.1518715554441070E-01
      21   1.7364409448818897E+01        9   2.4420000000000003E-01   1.5413472094655722E-01
      21   1.7364409448818897E+01       10   2.7410000000000001E-01   1.8188890553553791E-01
      21   1.7364409448818897E+01       11   3.0400000000000005E-01   2.1414686822336493E-01
      21   1.7364409448818897E+01       12   3.3390000000000003E-01   1.7140534755243511E-01
      21   1.7364409448818897E+01       13   3.6380000000000001E-01   1.5831536933404011E-01
      21   1.7364409448818897E+01       14   3.9370000000000005E-01   1.2814055962606730E-01
      21   1.7364409448818897E+01       15   4.2360000000000003E-01   9.2467223264268761E-02
      21   1.7364409448818897E+01       16   4.5350000000000007E-01   7.0360293816125408E-02
      21   1.7364409448818897E+01       17   4.8340000000000005E-01   4.1440590146374093E-02
      21   1.7364409448818897E+01       18   5.1330000000000009E-01   3.7469352301711126E-02
      21   1.7364409448818897E+01       19   5.4320000000000002E-01   3.3235304948060387E-02
      21   1.7364409448818897E+01       20   5.7310000000000005E-01   3.5781342342097754E-02
      21   1.7364409448818897E+01       21   6.0300000000000009E-01   2.8343071937122832E-02
      21   1.7364409448818897E+01       22   6.3290000000000002E-01   2.6065643414222021E-02
      21   1.7364409448818897E+01       23   6.6280000000000006E-01   2.3960028304173018E-02
      21   1.7364409448818897E+01       24   6.9270000000000009E-01   1.7607034614165816E-02
      21   1.7364409448818897E+01       25   7.2260000000000002E-01   1.0074524035419048E-02
      21   1.7364409448818897E+01       26   7.5250000000000006E-01   1.1134895625385699E-02
      21   1.7364409448818897E+01       27   7.8240000000000010E-01   1.2445189143741243E-02
      21   1.7364409448818897E+01       28   8.1230000000000013E-01   7.7205620080607884E-03
      21   1.7364409448818897E+01       29   8.4220000000000006E-01   7.6753158188815956E-03
      21   1.7364409448818897E+01       30   8.7210000000000010E-01   7.7684564165981544E-03
      21   1.7364409448818897E+01       31   9.0200000000000014E-01   5.9752423993658377E-03
      21   1.7364409448818897E+01       32   9.3190000000000006E-01   6.6948772167842998E-03
      21   1.7364409448818897E+01       33   9.6180000000000010E-01   5.5999622091781678E-03
      21   1.7364409448818897E+01       34   9.9170000000000014E-01   6.2938189478108390E-03
      21   1.7364409448818897E+01       35   1.0216000000000001E+00   5.2448047935082578E-03
      21   1.7364409448818897E+01       36   1.0515000000000001E+00   5.5327850984921685E-03
      21   1.7364409448818897E+01       37   1.0814000000000001E+00   4.8767295487761259E-03
      21   1.7364409448818897E+01       38   1.1113000000000002E+00   4.8633512332125362E-03
      21   1.7364409448818897E+01       39   1.1412000000000002E+00   4.7188645390600090E-03
      21   1.7364409448818897E+01       40   1.1711000000000000E+00   4.6447091576930265E-03
      21   1.7364409448818897E+01       41   1.2010000000000001E+00   4.2049422584586943E-03
      21   1.7364409448818897E+01       42   1.2309000000000001E+00   4.1096307333807402E-03
      21   1.7364409448818897E+01       43   1.2608000000000001E+00   3.8669893195135176E-03
      21   1.7364409448818897E+01       44   1.2907000000000002E+00   4.0329967055050316E-03
      21   1.7364409448818897E+01       45   1.3206000000000002E+00   3.5279818934987810E-03
      21   1.7364409448818897E+01       46   1.3505000000000000E+00   3.6726377203281152E-03
      21   1.7364409448818897E+01       47   1.3804000000000001E+00   3.5651603198010528E-03
      21   1.7364409448818897E+01       48   1.4103000000000001E+00   3.3549492747147387E-03
      21   1.7364409448818897E+01       49   1.4402000000000001E+00   3.3674182720629139E-03
      21   1.7364409448818897E+01       50   1.4701000000000002E+00   3.3722382781563262E-03
 
      22   1.8232629921259843E+01        1   5.0000000000000001E-03   7.9383833053089589E-02
      22   1.8232629921259843E+01        2   3.4900000000000000E-02   9.4252811304695649E-02
      22   1.8232629921259843E+01        3   6.4800000000000010E-02   1.4760641534604937E-01
      22   1.8232629921259843E+01        4   9.4700000000000006E-02   2.2371769623154339E-01
      22   1.8232629921259843E+01        5   1.2460000000000002E-01   2.4744964252852383E-01
      22   1.8232629921259843E+01        6   1.5450000000000003E-01   2.2512665180806496E-01
      22   1.8232629921259843E+01        7   1.8440000000000001E-01   2.4346209785195538E-01
      22   1.8232629921259843E+01        8   2.1430000000000002E-01   2.3228751498479183E-01
      22   1.8232629921259843E+01        9   2.4420000000000003E-01   1.6650518198728168E-01
      22   1.8232629921259843E+01       10   2.7410000000000001E-01   1.8972922687192759E-01
      22   1.8232629921259843E+01       11   3.0400000000000005E-01   2.2098296349838736E-01
      22   1.8232629921259843E+01       12   3.3390000000000003E-01   1.7744922927026580E-01
      22   1.8232629921259843E+01       13   3.6380000000000001E-01   1.6248550122948927E-01
      22   1.8232629921259843E+01       14   3.9370000000000005E-01   1.2868168333087968E-01
      22   1.8232629921259843E+01       15   4.2360000000000003E-01   9.1877139872580837E-02
      22   1.8232629921259843E+01       16   4.5350000000000007E-01   6.9980564281781718E-02
      22   1.8232629921259843E+01       17   4.8340000000000005E-01   4.0193269266976223E-02
      22   1.8232629921259843E+01       18   5.1330000000000009E-01   3.6665898158332585E-02
      22   1.8232629921259843E+01       19   5.4320000000000002E-01   3.2629892291280806E-02
      22   1.8232629921259843E+01       20   5.7310000000000005E-01   3.4520219914391019E-02
      22   1.8232629921259843E+01       21   6.0300000000000009E-01   2.8123520751307727E-02
      22   1.8232629921259843E+01       22   6.3290000000000002E-01   2.6321327959589295E-02
      22   1.8232629921259843E+01       23   6.6280000000000006E-01   2.3976354526739182E-02
      22   1.8232629921259843E+01       24   6.9270000000000009E-01   1.7138119730195429E-02
      22   1.8232629921259843E+01       25   7.2260000000000002E-01   9.8456385982763420E-03
      22   1.8232629921259843E+01       26   7.5250000000000006E-01   1.1060919046745481E-02
      22   1.8232629921259843E+01       27   7.8240000000000010E-01   1.2278757419668565E-02
      22   1.8232629921259843E+01       28   8.1230000000000013E-01   7.7162741612844948E-03
      22   1.8232629921259843E+01       29   8.4220000000000006E-01   7.8155352800646487E-03
      22   1.8232629921259843E+01       30   8.7210000000000010E-01   7.5878100569732347E-03
      22   1.8232629921259843E+01       31   9.0200000000000014E-01   6.0213191913108220E-03
      22   1.8232629921259843E+01       32   9.3190000000000006E-01   6.8172564033999079E-03
      22   1.8232629921259843E+01       33   9.6180000000000010E-01   5.4604352490880016E-03
      22   1.8232629921259843E+01       34   9.9170000000000014E-01   6.4615255194817320E-03
      22   1.8232629921259843E+01       35   1.0216000000000001E+00   5.2008107725875496E-03
      22   1.8232629921259843E+01       36   1.0515000000000001E+00   5.5880409590135464E-03
      22   1.8232629921259843E+01       37   1.0814000000000001E+00   4.9708406781518444E-03
      22   1.8232629921259843E+01       38   1.1113000000000002E+00   4.8663313020749941E-03
      22   1.8232629921259843E+01       39   1.1412000000000002E+00   4.8884212563854836E-03
      22   1.8232629921259843E+01       40   1.1711000000000000E+00   4.6402824267248620E-03
      22   1.8232629921259843E+01       41   1.2010000000000001E+00   4.3554079778388138E-03
      22   1.8232629921259843E+01       42   1.2309000000000001E+00   4.1124822736497112E-03
      22   1.8232629921259843E+01       43   1.2608000000000001E+00   3.9995877742696820E-03
      22   1.8232629921259843E+01       44   1.2907000000000002E+00   4.0599330506047261E-03
      22   1.8232629921259843E+01       45   1.3206000000000002E+00   3.6779345003651485E-03
      22   1.8232629921259843E+01       46   1.3505000000000000E+00   3.7370900667730465E-03
      22   1.8232629921259843E+01       47   1.3804000000000001E+00   3.6998119488330155E-03
      22   1.8232629921259843E+01       48   1.4103000000000001E+00   3.4421890200946642E-03
      22   1.8232629921259843E+01       49   1.4402000000000001E+00   3.4310427559522908E-03
      22   1.8232629921259843E+01       50   1.4701000000000002E+00   3.4737363048063176E-03
 
      23   1.9100850393700789E+01        1   5.0000000000000001E-03   1.0199246419659316E-01
      23   1.9100850393700789E+01        2   3.4900000000000000E-02   1.1394923265064118E-01
      23   1.9100850393700789E+01        3   6.4800000000000010E-02   1.6373610266974761E-01
      23   1.9100850393700789E+01        4   9.4700000000000006E-02   2.3906442429890951E-01
      23   1.9100850393700789E+01        5   1.2460000000000002E-01   2.6207807967296876E-01
      23   1.9100850393700789E+01        6   1.5450000000000003E-01   2.3860958151117767E-01
      23   1.9100850393700789E+01        7   1.8440000000000001E-01   2.5863329668042095E-01
      23   1.9100850393700789E+01        8   2.1430000000000002E-01   2.4835291857839412E-01
      23   1.9100850393700789E+01        9   2.4420000000000003E-01   1.7946570738859707E-01
      23   1.9100850393700789E+01       10   2.7410000000000001E-01   1.9903943358776563E-01
      23   1.9100850393700789E+01       11   3.0400000000000005E-01   2.2721964131638578E-01
      23   1.9100850393700789E+01       12   3.3390000000000003E-01   1.8221110817281749E-01
      23   1.9100850393700789E+01       13   3.6380000000000001E-01   1.6657332015960305E-01
      23   1.9100850393700789E+01       14   3.9370000000000005E-01   1.2939991363523903E-01
      23   1.9100850393700789E+01       15   4.2360000000000003E-01   9.0555407647909744E-02
      23   1.9100850393700789E+01       16   4.5350000000000007E-01   6.9116214001114645E-02
      23   1.9100850393700789E+01       17   4.8340000000000005E-01   3.9039385246924768E-02
      23   1.9100850393700789E+01       18   5.1330000000000009E-01   3.5456745140886654E-02
      23   1.9100850393700789E+01       19   5.4320000000000002E-01   3.2053810958934614E-02
      23   1.9100850393700789E+01       20   5.7310000000000005E-01   3.3263847832759562E-02
      23   1.9100850393700789E+01       21   6.0300000000000009E-01   2.7449695118272763E-02
      23   1.9100850393700789E+01       22   6.3290000000000002E-01   2.6462863666121546E-02
      23   1.9100850393700789E+01       23   6.6280000000000006E-01   2.4035859223176581E-02
      23   1.9100850393700789E+01       24   6.9270000000000009E-01   1.6836202800232385E-02
      23   1.9100850393700789E+01       25   7.2260000000000002E-01   9.6034938758818387E-03
      23   1.9100850393700789E+01       26   7.5250000000000006E-01   1.1149771626815939E-02
      23   1.9100850393700789E+01       27   7.8240000000000010E-01   1.2124328858804934E-02
      23   1.9100850393700789E+01       28   8.1230000000000013E-01   7.7512257575821746E-03
      23   1.9100850393700789E+01       29   8.4220000000000006E-01   8.0713351804938376E-03
      23   1.9100850393700789E+01       30   8.7210000000000010E-01   7.5737525122691364E-03
      23   1.9100850393700789E+01       31   9.0200000000000014E-01   6.0363911049640829E-03
      23   1.9100850393700789E+01       32   9.3190000000000006E-01   7.0811170757430391E-03
      23   1.9100850393700789E+01       33   9.6180000000000010E-01   5.3921672552482850E-03
      23   1.9100850393700789E+01       34   9.9170000000000014E-01   6.6167008112822763E-03
      23   1.9100850393700789E+01       35   1.0216000000000001E+00   5.2787951871138489E-03
      23   1.9100850393700789E+01       36   1.0515000000000001E+00   5.6159898535619313E-03
      23   1.9100850393700789E+01       37   1.0814000000000001E+00   5.1775011510363008E-03
      23   1.9100850393700789E+01       38   1.1113000000000002E+00   4.8980474405879854E-03
      23   1.9100850393700789E+01       39   1.1412000000000002E+00   5.1170145420559934E-03
      23   1.9100850393700789E+01       40   1.1711000000000000E+00   4.7173472950662234E-03
      23   1.9100850393700789E+01       41   1.2010000000000001E+00   4.5551875465432998E-03
      23   1.9100850393700789E+01       42   1.2309000000000001E+00   4.2310531007312743E-03
      23   1.9100850393700789E+01       43   1.2608000000000001E+00   4.1923539478871293E-03
      23   1.9100850393700789E+01       44   1.2907000000000002E+00   4.1768827884534950E-03
      23   1.9100850393700789E+01       45   1.3206000000000002E+00   3.8839154199494887E-03
      23   1.9100850393700789E+01       46   1.3505000000000000E+00   3.8647014174365362E-03
      23   1.9100850393700789E+01       47   1.3804000000000001E+00   3.9252342436180603E-03
      23   1.9100850393700789E+01       48   1.4103000000000001E+00   3.5808637278701098E-03
      23   1.9100850393700789E+01       49   1.4402000000000001E+00   3.5887689802111431E-03
      23   1.9100850393700789E+01       50   1.4701000000000002E+00   3.6120058442811655E-03
 
      24   1.9969070866141735E+01        1   5.0000000000000001E-03   1.3453682636408684E-01
      24   1.9969070866141735E+01        2   3.4900000000000000E-02   1.4385716086633921E-01
      24   1.9969070866141735E+01        3   6.4800000000000010E-02   1.8902377671428622E-01
      24   1.9969070866141735E+01        4   9.4700000000000006E-02   2.6036297405911590E-01
      24   1.9969070866141735E+01        5   1.2460000000000002E-01   2.8039724753757950E-01
      24   1.9969070866141735E+01        6   1.5450000000000003E-01   2.5509890861930784E-01
      24   1.9969070866141735E+01        7   1.8440000000000001E-01   2.7391998990092881E-01
      24   1.9969070866141735E+01        8   2.1430000000000002E-01   2.6154909319009867E-01
      24   1.9969070866141735E+01        9   2.4420000000000003E-01   1.9082615948617776E-01
      24   1.9969070866141735E+01       10   2.7410000000000001E-01   2.0870531958866764E-01
      24   1.9969070866141735E+01       11   3.0400000000000005E-01   2.3250765661704698E-01
      24   1.9969070866141735E+01       12   3.3390000000000003E-01   1.8502756203696250E-01
      24   1.9969070866141735E+01       13   3.6380000000000001E-01   1.6963065723954271E-01
      24   1.9969070866141735E+01       14   3.9370000000000005E-01   1.3024157385431367E-01
      24   1.9969070866141735E+01       15   4.2360000000000003E-01   8.8981699257207600E-02
      24   1.9969070866141735E+01       16   4.5350000000000007E-01   6.7766752499687138E-02
      24   1.9969070866141735E+01       17   4.8340000000000005E-01   3.8126851308885122E-02
      24   1.9969070866141735E+01       18   5.1330000000000009E-01   3.4195547625682082E-02
      24   1.9969070866141735E+01       19   5.4320000000000002E-01   3.1295919811030880E-02
      24   1.9969070866141735E+01       20   5.7310000000000005E-01   3.2131631428701964E-02
      24   1.9969070866141735E+01       21   6.0300000000000009E-01   2.6406183213409335E-02
      24   1.9969070866141735E+01       22   6.3290000000000002E-01   2.6319049869938240E-02
      24   1.9969070866141735E+01       23   6.6280000000000006E-01   2.4037347581727785E-02
      24   1.9969070866141735E+01       24   6.9270000000000009E-01   1.6646070687601822E-02
      24   1.9969070866141735E+01       25   7.2260000000000002E-01   9.4016262837382427E-03
      24   1.9969070866141735E+01       26   7.5250000000000006E-01   1.1368157786228064E-02
      24   1.9969070866141735E+01       27   7.8240000000000010E-01   1.2080033232025382E-02
      24   1.9969070866141735E+01       28   8.1230000000000013E-01   7.7508617868756258E-03
      24   1.9969070866141735E+01       29   8.4220000000000006E-01   8.3978799932773966E-03
      24   1.9969070866141735E+01       30   8.7210000000000010E-01   7.6657302732382150E-03
      24   1.9969070866141735E+01       31   9.0200000000000014E-01   6.0155261800326704E-03
      24   1.9969070866141735E+01       32   9.3190000000000006E-01   7.3823096471784594E-03
      24   1.9969070866141735E+01       33   9.6180000000000010E-01   5.4023037118486050E-03
      24   1.9969070866141735E+01       34   9.9170000000000014E-01   6.7202969827993477E-03
      24   1.9969070866141735E+01       35   1.0216000000000001E+00   5.4598620935884350E-03
      24   1.9969070866141735E+01       36   1.0515000000000001E+00   5.6190844523934767E-03
      24   1.9969070866141735E+01       37   1.0814000000000001E+00   5.4494128566113164E-03
      24   1.9969070866141735E+01       38   1.1113000000000002E+00   4.9511886515071126E-03
      24   1.9969070866141735E+01       39   1.1412000000000002E+00   5.3468254812335759E-03
      24   1.9969070866141735E+01       40   1.1711000000000000E+00   4.8438414487246449E-03
      24   1.9969070866141735E+01       41   1.2010000000000001E+00   4.7397069217236156E-03
      24   1.9969070866141735E+01       42   1.2309000000000001E+00   4.4265454974015111E-03
      24   1.9969070866141735E+01       43   1.2608000000000001E+00   4.3933866059119421E-03
      24   1.9969070866141735E+01       44   1.2907000000000002E+00   4.3615620351149294E-03
      24   1.9969070866141735E+01       45   1.3206000000000002E+00   4.0846699355910438E-03
      24   1.9969070866141735E+01       46   1.3505000000000000E+00   4.0275477465315113E-03
      24   1.9969070866141735E+01       47   1.3804000000000001E+00   4.1637340810513155E-03
      24   1.9969070866141735E+01       48   1.4103000000000001E+00   3.7469986387179272E-03
      24   1.9969070866141735E+01       49   1.4402000000000001E+00   3.8042031403675075E-03
      24   1.9969070866141735E+01       50   1.4701000000000002E+00   3.7549803185606772E-03
 
      25   2.0837291338582677E+01        1   5.0000000000000001E-03   1.6978659174143745E-01
      25   2.0837291338582677E+01        2   3.4900000000000000E-02   1.7786059951031294E-01
      25   2.0837291338582677E+01        3   6.4800000000000010E-02   2.1935549631472839E-01
      25   2.0837291338582677E+01        4   9.4700000000000006E-02   2.8497605843202278E-01
      25   2.0837291338582677E+01        5   1.2460000000000002E-01   3.0015647263297962E-01
      25   2.0837291338582677E+01        6   1.5450000000000003E-01   2.7278257159820379E-01
      25   2.0837291338582677E+01        7   1.8440000000000001E-01   2.8862300671484020E-01
      25   2.0837291338582677E+01        8   2.1430000000000002E-01   2.7109609660216893E-01
      25   2.0837291338582677E+01        9   2.4420000000000003E-01   1.9879877590166153E-01
      25   2.0837291338582677E+01       10   2.7410000000000001E-01   2.1739106940599273E-01
      25   2.0837291338582677E+01       11   3.0400000000000005E-01   2.3701710568314815E-01
      25   2.0837291338582677E+01       12   3.3390000000000003E-01   1.8614549548001172E-01
      25   2.0837291338582677E+01       13   3.6380000000000001E-01   1.7133186130733413E-01
      25   2.0837291338582677E+01       14   3.9370000000000005E-01   1.3140770446534250E-01
      25   2.0837291338582677E+01       15   4.2360000000000003E-01   8.7995336808930846E-02
      25   2.0837291338582677E+01       16   4.5350000000000007E-01   6.6488141891718561E-02
      25   2.0837291338582677E+01       17   4.8340000000000005E-01   3.7678067906742357E-02
      25   2.0837291338582677E+01       18   5.1330000000000009E-01   3.3418772072337413E-02
      25   2.0837291338582677E+01       19   5.4320000000000002E-01   3.0497358133307503E-02
      25   2.0837291338582677E+01       20   5.7310000000000005E-01   3.1239494651383509E-02
      25   2.0837291338582677E+01       21   6.0300000000000009E-01   2.5317174505839347E-02
      25   2.0837291338582677E+01       22   6.3290000000000002E-01   2.5893830532984045E-02
      25   2.0837291338582677E+01       23   6.6280000000000006E-01   2.3994030144025621E-02
      25   2.0837291338582677E+01       24   6.9270000000000009E-01   1.6516862825203864E-02
      25   2.0837291338582677E+01       25   7.2260000000000002E-01   9.2756194763711323E-03
      25   2.0837291338582677E+01       26   7.5250000000000006E-01   1.1617796193259386E-02
      25   2.0837291338582677E+01       27   7.8240000000000010E-01   1.2245811178197013E-02
      25   2.0837291338582677E+01       28   8.1230000000000013E-01   7.7198082287833932E-03
      25   2.0837291338582677E+01       29   8.4220000000000006E-01   8.7335371011048463E-03
      25   2.0837291338582677E+01       30   8.7210000000000010E-01   7.8284314227398694E-03
      25   2.0837291338582677E+01       31   9.0200000000000014E-01   5.9740817122595534E-03
      25   2.0837291338582677E+01       32   9.3190000000000006E-01   7.6263741165121489E-03
      25   2.0837291338582677E+01       33   9.6180000000000010E-01   5.4877875105460100E-03
      25   2.0837291338582677E+01       34   9.9170000000000014E-01   6.7461081626784972E-03
      25   2.0837291338582677E+01       35   1.0216000000000001E+00   5.6873567666798526E-03
      25   2.0837291338582677E+01       36   1.0515000000000001E+00   5.6250873216201697E-03
      25   2.0837291338582677E+01       37   1.0814000000000001E+00   5.7075779963754805E-03
      25   2.0837291338582677E+01       38   1.1113000000000002E+00   5.0467809237198210E-03
      25   2.0837291338582677E+01       39   1.1412000000000002E+00   5.5168083760241595E-03
      25   2.0837291338582677E+01       40   1.1711000000000000E+00   4.9942230806701536E-03
      25   2.0837291338582677E+01       41   1.2010000000000001E+00   4.8650391228752688E-03
      25   2.0837291338582677E+01       42   1.2309000000000001E+00   4.6388776075257567E-03
      25   2.0837291338582677E+01       43   1.2608000000000001E+00   4.5613903222588674E-03
      25   2.0837291338582677E+01       44   1.2907000000000002E+00   4.5721522408394737E-03
      25   2.0837291338582677E+01       45   1.3206000000000002E+00   4.2389498781594927E-03
      25   2.0837291338582677E+01       46   1.3505000000000000E+00   4.1920132197602262E-03
      25   2.0837291338582677E+01       47   1.3804000000000001E+00   4.3469744648779946E-03
      25   2.0837291338582677E+01       48   1.4103000000000001E+00   3.9122977233124155E-03
      25   2.0837291338582677E+01       49   1.4402000000000001E+00   4.0162232358855439E-03
      25   2.0837291338582677E+01       50   1.4701000000000002E+00   3.8850713440020507E-03
 
      26   2.1705511811023623E+01        1   5.0000000000000001E-03   2.0054176144996599E-01
      26   2.1705511811023623E+01        2   3.4900000000000000E-02   2.0940003078448102E-01
      26   2.1705511811023623E+01        3   6.4800000000000010E-02   2.4994928851869469E-01
      26   2.1705511811023623E+01        4   9.4700000000000006E-02   3.1045237765117439E-01
      26   2.1705511811023623E+01        5   1.2460000000000002E-01   3.2003780830798623E-01
      26   2.1705511811023623E+01        6   1.5450000000000003E-01   2.9019948788923133E-01
      26   2.1705511811023623E+01        7   1.8440000000000001E-01   3.0166772401582009E-01
      26   2.1705511811023623E+01        8   2.1430000000000002E-01   2.7639184089769692E-01
      26   2.1705511811023623E+01        9   2.4420000000000003E-01   2.0214607084207270E-01
      26   2.1705511811023623E+01       10   2.7410000000000001E-01   2.2346488486687657E-01
      26   2.1705511811023623E+01       11   3.0400000000000005E-01   2.4056418979708766E-01
      26   2.1705511811023623E+01       12   3.3390000000000003E-01   1.8621045268817810E-01
      26   2.1705511811023623E+01       13   3.6380000000000001E-01   1.7180123198724104E-01
      26   2.1705511811023623E+01       14   3.9370000000000005E-01   1.3308191328126248E-01
      26   2.1705511811023623E+01       15   4.2360000000000003E-01   8.8400645775079459E-02
      26   2.1705511811023623E+01       16   4.5350000000000007E-01   6.6007101393411358E-02
      26   2.1705511811023623E+01       17   4.8340000000000005E-01   3.7873878888721520E-02
      26   2.1705511811023623E+01       18   5.1330000000000009E-01   3.3546907550058999E-02
      26   2.1705511811023623E+01       19   5.4320000000000002E-01   3.0051072190392467E-02
      26   2.1705511811023623E+01       20   5.7310000000000005E-01   3.0728419555103151E-02
      26   2.1705511811023623E+01       21   6.0300000000000009E-01   2.4531097911665203E-02
      26   2.1705511811023623E+01       22   6.3290000000000002E-01   2.5374184893415131E-02
      26   2.1705511811023623E+01       23   6.6280000000000006E-01   2.3995138345110099E-02
      26   2.1705511811023623E+01       24   6.9270000000000009E-01   1.6500966629981829E-02
      26   2.1705511811023623E+01       25   7.2260000000000002E-01   9.2390002328587295E-03
      26   2.1705511811023623E+01       26   7.5250000000000006E-01   1.1815995184228725E-02
      26   2.1705511811023623E+01       27   7.8240000000000010E-01   1.2580692314665369E-02
      26   2.1705511811023623E+01       28   8.1230000000000013E-01   7.7400394733999987E-03
      26   2.1705511811023623E+01       29   8.4220000000000006E-01   8.9935998467324564E-03
      26   2.1705511811023623E+01       30   8.7210000000000010E-01   8.0737325365493745E-03
      26   2.1705511811023623E+01       31   9.0200000000000014E-01   5.9322347654471308E-03
      26   2.1705511811023623E+01       32   9.3190000000000006E-01   7.7695601946960978E-03
      26   2.1705511811023623E+01       33   9.6180000000000010E-01   5.6358217217422095E-03
      26   2.1705511811023623E+01       34   9.9170000000000014E-01   6.6897319368334207E-03
      26   2.1705511811023623E+01       35   1.0216000000000001E+00   5.8938028741900858E-03
      26   2.1705511811023623E+01       36   1.0515000000000001E+00   5.6586537461541589E-03
      26   2.1705511811023623E+01       37   1.0814000000000001E+00   5.8813965474397078E-03
      26   2.1705511811023623E+01       38   1.1113000000000002E+00   5.2104568784396921E-03
      26   2.1705511811023623E+01       39   1.1412000000000002E+00   5.6019466431487686E-03
      26   2.1705511811023623E+01       40   1.1711000000000000E+00   5.1732665768289641E-03
      26   2.1705511811023623E+01       41   1.2010000000000001E+00   4.9251578163410177E-03
      26   2.1705511811023623E+01       42   1.2309000000000001E+00   4.8338417364142076E-03
      26   2.1705511811023623E+01       43   1.2608000000000001E+00   4.6781220421276241E-03
      26   2.1705511811023623E+01       44   1.2907000000000002E+00   4.7760250618876085E-03
      26   2.1705511811023623E+01       45   1.3206000000000002E+00   4.3491575950223346E-03
      26   2.1705511811023623E+01       46   1.3505000000000000E+00   4.3494872120128439E-03
      26   2.1705511811023623E+01       47   1.3804000000000001E+00   4.4563810430990492E-03
      26   2.1705511811023623E+01       48   1.4103000000000001E+00   4.0624124028232449E-03
      26   2.1705511811023623E+01       49   1.4402000000000001E+00   4.1770041450102163E-03
      26   2.1705511811023623E+01       50   1.4701000000000002E+00   4.0093171595003583E-03
 
      27   2.2573732283464569E+01        1   5.0000000000000001E-03   2.2326744231397941E-01
      27   2.2573732283464569E+01        2   3.4900000000000000E-02   2.3454575853296067E-01
      27   2.2573732283464569E+01        3   6.4800000000000010E-02   2.7695191414224812E-01
      27   2.2573732283464569E+01        4   9.4700000000000006E-02   3.3402371035005490E-01
      27   2.2573732283464569E+01        5   1.2460000000000002E-01   3.3802898983057006E-01
      27   2.2573732283464569E+01        6   1.5450000000000003E-01   3.0522359149992756E-01
      27   2.2573732283464569E+01        7   1.8440000000000001E-01   3.1133146141889595E-01
      27   2.2573732283464569E+01        8   2.1430000000000002E-01   2.7698184873559689E-01
      27   2.2573732283464569E+01        9   2.4420000000000003E-01   2.0045452797696617E-01
      27   2.2573732283464569E+01       10   2.7410000000000001E-01   2.2544805887150415E-01
      27   2.2573732283464569E+01       11   3.0400000000000005E-01   2.4248872859311321E-01
      27   2.2573732283464569E+01       12   3.3390000000000003E-01   1.8591349097581961E-01
      27   2.2573732283464569E+01       13   3.6380000000000001E-01   1.7154391450402479E-01
      27   2.2573732283464569E+01       14   3.9370000000000005E-01   1.3523900639633452E-01
      27   2.2573732283464569E+01       15   4.2360000000000003E-01   9.0588540207548821E-02
      27   2.2573732283464569E+01       16   4.5350000000000007E-01   6.6876492868367901E-02
      27   2.2573732283464569E+01       17   4.8340000000000005E-01   3.8729641111072591E-02
      27   2.2573732283464569E+01       18   5.1330000000000009E-01   3.4659681896006350E-02
      27   2.2573732283464569E+01       19   5.4320000000000002E-01   3.0297024814635136E-02
      27   2.2573732283464569E+01       20   5.7310000000000005E-01   3.0684801273806676E-02
      27   2.2573732283464569E+01       21   6.0300000000000009E-01   2.4199911561746508E-02
      27   2.2573732283464569E+01       22   6.3290000000000002E-01   2.4963270768429018E-02
      27   2.2573732283464569E+01       23   6.6280000000000006E-01   2.4092069675528540E-02
      27   2.2573732283464569E+01       24   6.9270000000000009E-01   1.6712922929570100E-02
      27   2.2573732283464569E+01       25   7.2260000000000002E-01   9.3241362519664375E-03
      27   2.2573732283464569E+01       26   7.5250000000000006E-01   1.1970537336276560E-02
      27   2.2573732283464569E+01       27   7.8240000000000010E-01   1.2937740546985266E-02
      27   2.2573732283464569E+01       28   8.1230000000000013E-01   7.8732610187629611E-03
      27   2.2573732283464569E+01       29   8.4220000000000006E-01   9.1213529573213603E-03
      27   2.2573732283464569E+01       30   8.7210000000000010E-01   8.3932758617465165E-03
      27   2.2573732283464569E+01       31   9.0200000000000014E-01   5.9201126638982159E-03
      27   2.2573732283464569E+01       32   9.3190000000000006E-01   7.8215172398497564E-03
      27   2.2573732283464569E+01       33   9.6180000000000010E-01   5.8325677119400393E-03
      27   2.2573732283464569E+01       34   9.9170000000000014E-01   6.5878714131602407E-03
      27   2.2573732283464569E+01       35   1.0216000000000001E+00   6.0321672673480549E-03
      27   2.2573732283464569E+01       36   1.0515000000000001E+00   5.7333735184580802E-03
      27   2.2573732283464569E+01       37   1.0814000000000001E+00   5.9406809010158967E-03
      27   2.2573732283464569E+01       38   1.1113000000000002E+00   5.4268084456474694E-03
      27   2.2573732283464569E+01       39   1.1412000000000002E+00   5.6149502008996533E-03
      27   2.2573732283464569E+01       40   1.1711000000000000E+00   5.3737077743160385E-03
      27   2.2573732283464569E+01       41   1.2010000000000001E+00   4.9421376069236061E-03
      27   2.2573732283464569E+01       42   1.2309000000000001E+00   4.9974826504219621E-03
      27   2.2573732283464569E+01       43   1.2608000000000001E+00   4.7441040231870927E-03
      27   2.2573732283464569E+01       44   1.2907000000000002E+00   4.9402109628342902E-03
      27   2.2573732283464569E+01       45   1.3206000000000002E+00   4.4304319729685099E-03
      27   2.2573732283464569E+01       46   1.3505000000000000E+00   4.4926358814120068E-03
      27   2.2573732283464569E+01       47   1.3804000000000001E+00   4.5112047716655088E-03
      27   2.2573732283464569E+01       48   1.4103000000000001E+00   4.1872134575952260E-03
      27   2.2573732283464569E+01       49   1.4402000000000001E+00   4.2650141680575671E-03
      27   2.2573732283464569E+01       50   1.4701000000000002E+00   4.1324526986005750E-03
 
      28   2.3441952755905511E+01        1   5.0000000000000001E-03   2.3703938921711298E-01
      28   2.3441952755905511E+01        2   3.4900000000000000E-02   2.5136405713617604E-01
      28   2.3441952755905511E+01        3   6.4800000000000010E-02   2.9706068042232969E-01
      28   2.3441952755905511E+01        4   9.4700000000000006E-02   3.5190453859542170E-01
      28   2.3441952755905511E+01        5   1.2460000000000002E-01   3.5055287991382911E-01
      28   2.3441952755905511E+01        6   1.5450000000000003E-01   3.1462089972935658E-01
      28   2.3441952755905511E+01        7   1.8440000000000001E-01   3.1563697129018359E-01
      28   2.3441952755905511E+01        8   2.1430000000000002E-01   2.7324108292158961E-01
      28   2.3441952755905511E+01        9   2.4420000000000003E-01   1.9467457976183394E-01
      28   2.3441952755905511E+01       10   2.7410000000000001E-01   2.2294521574823167E-01
      28   2.3441952755905511E+01       11   3.0400000000000005E-01   2.4232434178680498E-01
      28   2.3441952755905511E+01       12   3.3390000000000003E-01   1.8593684078607209E-01
      28   2.3441952755905511E+01       13   3.6380000000000001E-01   1.7144200514410446E-01
      28   2.3441952755905511E+01       14   3.9370000000000005E-01   1.3772844085405520E-01
      28   2.3441952755905511E+01       15   4.2360000000000003E-01   9.4382629869786655E-02
      28   2.3441952755905511E+01       16   4.5350000000000007E-01   6.9322564093066794E-02
      28   2.3441952755905511E+01       17   4.8340000000000005E-01   4.0119451106532013E-02
      28   2.3441952755905511E+01       18   5.1330000000000009E-01   3.6468395146012703E-02
      28   2.3441952755905511E+01       19   5.4320000000000002E-01   3.1313708430648637E-02
      28   2.3441952755905511E+01       20   5.7310000000000005E-01   3.1098989779358127E-02
      28   2.3441952755905511E+01       21   6.0300000000000009E-01   2.4266390918267898E-02
      28   2.3441952755905511E+01       22   6.3290000000000002E-01   2.4754803168297656E-02
      28   2.3441952755905511E+01       23   6.6280000000000006E-01   2.4242402082632702E-02
      28   2.3441952755905511E+01       24   6.9270000000000009E-01   1.7201244158525104E-02
      28   2.3441952755905511E+01       25   7.2260000000000002E-01   9.5729744686122234E-03
      28   2.3441952755905511E+01       26   7.5250000000000006E-01   1.2145560692856648E-02
      28   2.3441952755905511E+01       27   7.8240000000000010E-01   1.3203034773562682E-02
      28   2.3441952755905511E+01       28   8.1230000000000013E-01   8.0885275392818933E-03
      28   2.3441952755905511E+01       29   8.4220000000000006E-01   9.1284983237925731E-03
      28   2.3441952755905511E+01       30   8.7210000000000010E-01   8.7072194303773574E-03
      28   2.3441952755905511E+01       31   9.0200000000000014E-01   5.9675286895567786E-03
      28   2.3441952755905511E+01       32   9.3190000000000006E-01   7.8039357686064802E-03
      28   2.3441952755905511E+01       33   9.6180000000000010E-01   6.0562457057016933E-03
      28   2.3441952755905511E+01       34   9.9170000000000014E-01   6.5035386080806133E-03
      28   2.3441952755905511E+01       35   1.0216000000000001E+00   6.0842393977277526E-03
      28   2.3441952755905511E+01       36   1.0515000000000001E+00   5.8498468005588845E-03
      28   2.3441952755905511E+01       37   1.0814000000000001E+00   5.9019184523315272E-03
      28   2.3441952755905511E+01       38   1.1113000000000002E+00   5.6386524571387193E-03
      28   2.3441952755905511E+01       39   1.1412000000000002E+00   5.5788554273694634E-03
      28   2.3441952755905511E+01       40   1.1711000000000000E+00   5.5412394632049795E-03
      28   2.3441952755905511E+01       41   1.2010000000000001E+00   4.9416900183424060E-03
      28   2.3441952755905511E+01       42   1.2309000000000001E+00   5.1086796372974558E-03
      28   2.3441952755905511E+01       43   1.2608000000000001E+00   4.7706344884014384E-03
      28   2.3441952755905511E+01       44   1.2907000000000002E+00   5.0293205706172612E-03
      28   2.3441952755905511E+01       45   1.3206000000000002E+00   4.4754081472147622E-03
      28   2.3441952755905511E+01       46   1.3505000000000000E+00   4.5925100540136427E-03
      28   2.3441952755905511E+01       47   1.3804000000000001E+00   4.5335513231317013E-03
      28   2.3441952755905511E+01       48   1.4103000000000001E+00   4.2665259302233473E-03
      28   2.3441952755905511E+01       49   1.4402000000000001E+00   4.2799786908859321E-03
      28   2.3441952755905511E+01       50   1.4701000000000002E+00   4.2308917719895865E-03
 
      29   2.4310173228346454E+01        1   5.0000000000000001E-03   2.4025429396463516E-01
      29   2.4310173228346454E+01        2   3.4900000000000000E-02   2.5747867783090611E-01
      29   2.4310173228346454E+01        3   6.4800000000000010E-02   3.0652037541112054E-01
      29   2.4310173228346454E+01        4   9.4700000000000006E-02   3.5969692434591738E-01
      29   2.4310173228346454E+01        5   1.2460000000000002E-01   3.5380751643256381E-01
      29   2.4310173228346454E+01        6   1.5450000000000003E-01   3.1540161724335086E-01
      29   2.4310173228346454E+01        7   1.8440000000000001E-01   3.1314220284979360E-01
      29   2.4310173228346454E+01        8   2.1430000000000002E-01   2.6635958763040912E-01
      29   2.4310173228346454E+01        9   2.4420000000000003E-01   1.8697833820833903E-01
      29   2.4310173228346454E+01       10   2.7410000000000001E-01   2.1711815552633729E-01
      29   2.4310173228346454E+01       11   3.0400000000000005E-01   2.4023945976269345E-01
      29   2.4310173228346454E+01       12   3.3390000000000003E-01   1.8676301646219651E-01
      29   2.4310173228346454E+01       13   3.6380000000000001E-01   1.7245538346842565E-01
      29   2.4310173228346454E+01       14   3.9370000000000005E-01   1.4038329794246329E-01
      29   2.4310173228346454E+01       15   4.2360000000000003E-01   9.9080409125299820E-02
      29   2.4310173228346454E+01       16   4.5350000000000007E-01   7.3201329874035326E-02
      29   2.4310173228346454E+01       17   4.8340000000000005E-01   4.1928003368189311E-02
      29   2.4310173228346454E+01       18   5.1330000000000009E-01   3.8484270062353984E-02
      29   2.4310173228346454E+01       19   5.4320000000000002E-01   3.2913369579740309E-02
      29   2.4310173228346454E+01       20   5.7310000000000005E-01   3.1937168944153008E-02
      29   2.4310173228346454E+01       21   6.0300000000000009E-01   2.4620008348587862E-02
      29   2.4310173228346454E+01       22   6.3290000000000002E-01   2.4764738789538058E-02
      29   2.4310173228346454E+01       23   6.6280000000000006E-01   2.4364138269284793E-02
      29   2.4310173228346454E+01       24   6.9270000000000009E-01   1.7884952378644028E-02
      29   2.4310173228346454E+01       25   7.2260000000000002E-01   9.9824514343190979E-03
      29   2.4310173228346454E+01       26   7.5250000000000006E-01   1.2360268589082632E-02
      29   2.4310173228346454E+01       27   7.8240000000000010E-01   1.3381669025688884E-02
      29   2.4310173228346454E+01       28   8.1230000000000013E-01   8.2977298000788732E-03
      29   2.4310173228346454E+01       29   8.4220000000000006E-01   9.0710365209510785E-03
      29   2.4310173228346454E+01       30   8.7210000000000010E-01   8.9022295724439891E-03
      29   2.4310173228346454E+01       31   9.0200000000000014E-01   6.0743180216456449E-03
      29   2.4310173228346454E+01       32   9.3190000000000006E-01   7.7105674715028990E-03
      29   2.4310173228346454E+01       33   9.6180000000000010E-01   6.2570582402782437E-03
      29   2.4310173228346454E+01       34   9.9170000000000014E-01   6.4849509279891315E-03
      29   2.4310173228346454E+01       35   1.0216000000000001E+00   6.0577105211772949E-03
      29   2.4310173228346454E+01       36   1.0515000000000001E+00   5.9946452669189963E-03
      29   2.4310173228346454E+01       37   1.0814000000000001E+00   5.8159025324459367E-03
      29   2.4310173228346454E+01       38   1.1113000000000002E+00   5.7917843498299162E-03
      29   2.4310173228346454E+01       39   1.1412000000000002E+00   5.5230313459625367E-03
      29   2.4310173228346454E+01       40   1.1711000000000000E+00   5.6098745346445135E-03
      29   2.4310173228346454E+01       41   1.2010000000000001E+00   4.9371311152421994E-03
      29   2.4310173228346454E+01       42   1.2309000000000001E+00   5.1354653017530259E-03
      29   2.4310173228346454E+01       43   1.2608000000000001E+00   4.7712197759069742E-03
      29   2.4310173228346454E+01       44   1.2907000000000002E+00   5.0254918953514700E-03
      29   2.4310173228346454E+01       45   1.3206000000000002E+00   4.4690816911241420E-03
      29   2.4310173228346454E+01       46   1.3505000000000000E+00   4.6154695388984810E-03
      29   2.4310173228346454E+01       47   1.3804000000000001E+00   4.5304538859456461E-03
      29   2.4310173228346454E+01       48   1.4103000000000001E+00   4.2806761202007484E-03
      29   2.4310173228346454E+01       49   1.4402000000000001E+00   4.2376034639399355E-03
      29   2.4310173228346454E+01       50   1.4701000000000002E+00   4.2628025969509769E-03
 
      30   2.5178393700787399E+01        1   5.0000000000000001E-03   2.3076043232301968E-01
      30   2.5178393700787399E+01        2   3.4900000000000000E-02   2.5041612138906522E-01
      30   2.5178393700787399E+01        3   6.4800000000000010E-02   3.0216403352969518E-01
      30   2.5178393700787399E+01        4   9.4700000000000006E-02   3.5432379176876305E-01
      30   2.5178393700787399E+01        5   1.2460000000000002E-01   3.4603854946125701E-01
      30   2.5178393700787399E+01        6   1.5450000000000003E-01   3.0681173722736643E-01
      30   2.5178393700787399E+01        7   1.8440000000000001E-01   3.0381514734374793E-01
      30   2.5178393700787399E+01        8   2.1430000000000002E-01   2.5754007712140287E-01
      30   2.5178393700787399E+01        9   2.4420000000000003E-01   1.7957131198814485E-01
      30   2.5178393700787399E+01       10   2.7410000000000001E-01   2.1012090173779807E-01
      30   2.5178393700787399E+01       11   3.0400000000000005E-01   2.3684443297503510E-01
      30   2.5178393700787399E+01       12   3.3390000000000003E-01   1.8823121013389421E-01
      30   2.5178393700787399E+01       13   3.6380000000000001E-01   1.7500082688187105E-01
      30   2.5178393700787399E+01       14   3.9370000000000005E-01   1.4303792427337009E-01
      30   2.5178393700787399E+01       15   4.2360000000000003E-01   1.0365505664795353E-01
      30   2.5178393700787399E+01       16   4.5350000000000007E-01   7.7988279214106115E-02
      30   2.5178393700787399E+01       17   4.8340000000000005E-01   4.4187548793450146E-02
      30   2.5178393700787399E+01       18   5.1330000000000009E-01   4.0307246853624468E-02
      30   2.5178393700787399E+01       19   5.4320000000000002E-01   3.4771709945882828E-02
      30   2.5178393700787399E+01       20   5.7310000000000005E-01   3.3223994283597229E-02
      30   2.5178393700787399E+01       21   6.0300000000000009E-01   2.5233089376560155E-02
      30   2.5178393700787399E+01       22   6.3290000000000002E-01   2.5030113394304325E-02
      30   2.5178393700787399E+01       23   6.6280000000000006E-01   2.4454632556596571E-02
      30   2.5178393700787399E+01       24   6.9270000000000009E-01   1.8623835985163376E-02
      30   2.5178393700787399E+01       25   7.2260000000000002E-01   1.0504825649647970E-02
      30   2.5178393700787399E+01       26   7.5250000000000006E-01   1.2553895067932159E-02
      30   2.5178393700787399E+01       27   7.8240000000000010E-01   1.3564276870473574E-02
      30   2.5178393700787399E+01       28   8.1230000000000013E-01   8.4651791398989464E-03
      30   2.5178393700787399E+01       29   8.4220000000000006E-01   9.0040425981395885E-03
      30   2.5178393700787399E+01       30   8.7210000000000010E-01   8.9363283404180240E-03
      30   2.5178393700787399E+01       31   9.0200000000000014E-01   6.2179418957915072E-03
      30   2.5178393700787399E+01       32   9.3190000000000006E-01   7.5429477265407281E-03
      30   2.5178393700787399E+01       33   9.6180000000000010E-01   6.3729444614145049E-03
      30   2.5178393700787399E+01       34   9.9170000000000014E-01   6.5497330006478631E-03
      30   2.5178393700787399E+01       35   1.0216000000000001E+00   5.9851264440516335E-03
      30   2.5178393700787399E+01       36   1.0515000000000001E+00   6.1460138751494578E-03
      30   2.5178393700787399E+01       37   1.0814000000000001E+00   5.7405826035902977E-03
      30   2.5178393700787399E+01       38   1.1113000000000002E+00   5.8606464452846804E-03
      30   2.5178393700787399E+01       39   1.1412000000000002E+00   5.4909220284722381E-03
      30   2.5178393700787399E+01       40   1.1711000000000000E+00   5.5593492309691595E-03
      30   2.5178393700787399E+01       41   1.2010000000000001E+00   4.9395262656270469E-03
      30   2.5178393700787399E+01       42   1.2309000000000001E+00   5.0568739161172436E-03
      30   2.5178393700787399E+01       43   1.2608000000000001E+00   4.7567216473408773E-03
      30   2.5178393700787399E+01       44   1.2907000000000002E+00   4.9336137791765027E-03
      30   2.5178393700787399E+01       45   1.3206000000000002E+00   4.4228287364613999E-03
      30   2.5178393700787399E+01       46   1.3505000000000000E+00   4.5495266020976243E-03
      30   2.5178393700787399E+01       47   1.3804000000000001E+00   4.4992893266930173E-03
      30   2.5178393700787399E+01       48   1.4103000000000001E+00   4.2287523169431138E-03
      30   2.5178393700787399E+01       49   1.4402000000000001E+00   4.1649888261711772E-03
      30   2.5178393700787399E+01       50   1.4701000000000002E+00   4.2080407170035838E-03
 
      31   2.6046614173228345E+01        1   5.0000000000000001E-03   2.0883683703764316E-01
      31   2.6046614173228345E+01        2   3.4900000000000000E-02   2.3026674641074074E-01
      31   2.6046614173228345E+01        3   6.4800000000000010E-02   2.8383869629725511E-01
      31   2.6046614173228345E+01        4   9.4700000000000006E-02   3.3611496835385340E-01
      31   2.6046614173228345E+01        5   1.2460000000000002E-01   3.2868768475621957E-01
      31   2.6046614173228345E+01        6   1.5450000000000003E-01   2.9094954072665025E-01
      31   2.6046614173228345E+01        7   1.8440000000000001E-01   2.8941983874039884E-01
      31   2.6046614173228345E+01        8   2.1430000000000002E-01   2.4758346102557788E-01
      31   2.6046614173228345E+01        9   2.4420000000000003E-01   1.7354183057718942E-01
      31   2.6046614173228345E+01       10   2.7410000000000001E-01   2.0399100010401805E-01
      31   2.6046614173228345E+01       11   3.0400000000000005E-01   2.3289267878870212E-01
      31   2.6046614173228345E+01       12   3.3390000000000003E-01   1.8939470292882229E-01
      31   2.6046614173228345E+01       13   3.6380000000000001E-01   1.7847734914796567E-01
      31   2.6046614173228345E+01       14   3.9370000000000005E-01   1.4556226480549717E-01
      31   2.6046614173228345E+01       15   4.2360000000000003E-01   1.0718023713603349E-01
      31   2.6046614173228345E+01       16   4.5350000000000007E-01   8.2809805900304859E-02
      31   2.6046614173228345E+01       17   4.8340000000000005E-01   4.6996691553661610E-02
      31   2.6046614173228345E+01       18   5.1330000000000009E-01   4.1852869252331518E-02
      31   2.6046614173228345E+01       19   5.4320000000000002E-01   3.6557544818569036E-02
      31   2.6046614173228345E+01       20   5.7310000000000005E-01   3.5003293134153048E-02
      31   2.6046614173228345E+01       21   6.0300000000000009E-01   2.6165701544656861E-02
      31   2.6046614173228345E+01       22   6.3290000000000002E-01   2.5617867060367169E-02
      31   2.6046614173228345E+01       23   6.6280000000000006E-01   2.4644342181032199E-02
      31   2.6046614173228345E+01       24   6.9270000000000009E-01   1.9315849740413695E-02
      31   2.6046614173228345E+01       25   7.2260000000000002E-01   1.1101496032398520E-02
      31   2.6046614173228345E+01       26   7.5250000000000006E-01   1.2664646110259909E-02
      31   2.6046614173228345E+01       27   7.8240000000000010E-01   1.3801162553521013E-02
      31   2.6046614173228345E+01       28   8.1230000000000013E-01   8.6503854103826879E-03
      31   2.6046614173228345E+01       29   8.4220000000000006E-01   8.9672247089009685E-03
      31   2.6046614173228345E+01       30   8.7210000000000010E-01   8.8880026332631788E-03
      31   2.6046614173228345E+01       31   9.0200000000000014E-01   6.3912766479148403E-03
      31   2.6046614173228345E+01       32   9.3190000000000006E-01   7.3767940528610071E-03
      31   2.6046614173228345E+01       33   9.6180000000000010E-01   6.3808115289137801E-03
      31   2.6046614173228345E+01       34   9.9170000000000014E-01   6.6956904164422459E-03
      31   2.6046614173228345E+01       35   1.0216000000000001E+00   5.9096298661573815E-03
      31   2.6046614173228345E+01       36   1.0515000000000001E+00   6.2807863764758817E-03
      31   2.6046614173228345E+01       37   1.0814000000000001E+00   5.7150740343539777E-03
      31   2.6046614173228345E+01       38   1.1113000000000002E+00   5.8430838702326756E-03
      31   2.6046614173228345E+01       39   1.1412000000000002E+00   5.5241189309202503E-03
      31   2.6046614173228345E+01       40   1.1711000000000000E+00   5.4304505048860833E-03
      31   2.6046614173228345E+01       41   1.2010000000000001E+00   4.9768206494767639E-03
      31   2.6046614173228345E+01       42   1.2309000000000001E+00   4.8991584435725214E-03
      31   2.6046614173228345E+01       43   1.2608000000000001E+00   4.7442976239807895E-03
      31   2.6046614173228345E+01       44   1.2907000000000002E+00   4.7839132936389863E-03
      31   2.6046614173228345E+01       45   1.3206000000000002E+00   4.3787085608711519E-03
      31   2.6046614173228345E+01       46   1.3505000000000000E+00   4.4230729594312472E-03
      31   2.6046614173228345E+01       47   1.3804000000000001E+00   4.4524324653169257E-03
      31   2.6046614173228345E+01       48   1.4103000000000001E+00   4.1351374636480831E-03
      31   2.6046614173228345E+01       49   1.4402000000000001E+00   4.0985559037488165E-03
      31   2.6046614173228345E+01       50   1.4701000000000002E+00   4.1028271269539446E-03
 
      32   2.6914834645669288E+01        1   5.0000000000000001E-03   1.7805521365909233E-01
      32   2.6914834645669288E+01        2   3.4900000000000000E-02   2.0050020002332183E-01
      32   2.6914834645669288E+01        3   6.4800000000000010E-02   2.5529305402968716E-01
      32   2.6914834645669288E+01        4   9.4700000000000006E-02   3.0940896878155161E-01
      32   2.6914834645669288E+01        5   1.2460000000000002E-01   3.0594309632287819E-01
      32   2.6914834645669288E+01        6   1.5450000000000003E-01   2.7150735549183647E-01
      32   2.6914834645669288E+01        7   1.8440000000000001E-01   2.7275738507310632E-01
      32   2.6914834645669288E+01        8   2.1430000000000002E-01   2.3722152428066276E-01
      32   2.6914834645669288E+01        9   2.4420000000000003E-01   1.6882708316356099E-01
      32   2.6914834645669288E+01       10   2.7410000000000001E-01   1.9978081696305908E-01
      32   2.6914834645669288E+01       11   3.0400000000000005E-01   2.2918009571181605E-01
      32   2.6914834645669288E+01       12   3.3390000000000003E-01   1.8921040453422300E-01
      32   2.6914834645669288E+01       13   3.6380000000000001E-01   1.8149419117639415E-01
      32   2.6914834645669288E+01       14   3.9370000000000005E-01   1.4784018056728726E-01
      32   2.6914834645669288E+01       15   4.2360000000000003E-01   1.0932921704941653E-01
      32   2.6914834645669288E+01       16   4.5350000000000007E-01   8.6677072139595565E-02
      32   2.6914834645669288E+01       17   4.8340000000000005E-01   5.0223785580800998E-02
      32   2.6914834645669288E+01       18   5.1330000000000009E-01   4.3347818488589429E-02
      32   2.6914834645669288E+01       19   5.4320000000000002E-01   3.8011728969899246E-02
      32   2.6914834645669288E+01       20   5.7310000000000005E-01   3.7170417079574844E-02
      32   2.6914834645669288E+01       21   6.0300000000000009E-01   2.7471073885319480E-02
      32   2.6914834645669288E+01       22   6.3290000000000002E-01   2.6506945701370997E-02
      32   2.6914834645669288E+01       23   6.6280000000000006E-01   2.5077917105166755E-02
      32   2.6914834645669288E+01       24   6.9270000000000009E-01   1.9903599699878417E-02
      32   2.6914834645669288E+01       25   7.2260000000000002E-01   1.1738387580332322E-02
      32   2.6914834645669288E+01       26   7.5250000000000006E-01   1.2713346264054097E-02
      32   2.6914834645669288E+01       27   7.8240000000000010E-01   1.4008900413868772E-02
      32   2.6914834645669288E+01       28   8.1230000000000013E-01   8.9113933379949273E-03
      32   2.6914834645669288E+01       29   8.4220000000000006E-01   8.9797513995821410E-03
      32   2.6914834645669288E+01       30   8.7210000000000010E-01   8.8625916489896428E-03
      32   2.6914834645669288E+01       31   9.0200000000000014E-01   6.5958893258790041E-03
      32   2.6914834645669288E+01       32   9.3190000000000006E-01   7.3290229416595343E-03
      32   2.6914834645669288E+01       33   9.6180000000000010E-01   6.3142045936316268E-03
      32   2.6914834645669288E+01       34   9.9170000000000014E-01   6.9007403423131863E-03
      32   2.6914834645669288E+01       35   1.0216000000000001E+00   5.8621494455116125E-03
      32   2.6914834645669288E+01       36   1.0515000000000001E+00   6.3744121916152327E-03
      32   2.6914834645669288E+01       37   1.0814000000000001E+00   5.7523548148867834E-03
      32   2.6914834645669288E+01       38   1.1113000000000002E+00   5.7587380228936377E-03
      32   2.6914834645669288E+01       39   1.1412000000000002E+00   5.6279723577720570E-03
      32   2.6914834645669288E+01       40   1.1711000000000000E+00   5.2936112064022722E-03
      32   2.6914834645669288E+01       41   1.2010000000000001E+00   5.0690579613621462E-03
      32   2.6914834645669288E+01       42   1.2309000000000001E+00   4.7463320011104215E-03
      32   2.6914834645669288E+01       43   1.2608000000000001E+00   4.7548448637705935E-03
      32   2.6914834645669288E+01       44   1.2907000000000002E+00   4.6418500072191666E-03
      32   2.6914834645669288E+01       45   1.3206000000000002E+00   4.3748327396093490E-03
      32   2.6914834645669288E+01       46   1.3505000000000000E+00   4.3016325114488265E-03
      32   2.6914834645669288E+01       47   1.3804000000000001E+00   4.4258225856030611E-03
      32   2.6914834645669288E+01       48   1.4103000000000001E+00   4.0405494411197632E-03
      32   2.6914834645669288E+01       49   1.4402000000000001E+00   4.0732241341161499E-03
      32   2.6914834645669288E+01       50   1.4701000000000002E+00   4.0155978910882259E-03
 
      33   2.7783055118110234E+01        1   5.0000000000000001E-03   1.4386812877105856E-01
      33   2.7783055118110234E+01        2   3.4900000000000000E-02   1.6664247271845936E-01
      33   2.7783055118110234E+01        3   6.4800000000000010E-02   2.2278703164273428E-01
      33   2.7783055118110234E+01        4   9.4700000000000006E-02   2.8097399622482228E-01
      33   2.7783055118110234E+01        5   1.2460000000000002E-01   2.8319369230570024E-01
      33   2.7783055118110234E+01        6   1.5450000000000003E-01   2.5202469721807319E-01
      33   2.7783055118110234E+01        7   1.8440000000000001E-01   2.5624767856271669E-01
      33   2.7783055118110234E+01        8   2.1430000000000002E-01   2.2736004857566453E-01
      33   2.7783055118110234E+01        9   2.4420000000000003E-01   1.6502479908717141E-01
      33   2.7783055118110234E+01       10   2.7410000000000001E-01   1.9737819700261788E-01
      33   2.7783055118110234E+01       11   3.0400000000000005E-01   2.2634568320302983E-01
      33   2.7783055118110234E+01       12   3.3390000000000003E-01   1.8752823427416579E-01
      33   2.7783055118110234E+01       13   3.6380000000000001E-01   1.8280219109696472E-01
      33   2.7783055118110234E+01       14   3.9370000000000005E-01   1.4957525341204483E-01
      33   2.7783055118110234E+01       15   4.2360000000000003E-01   1.1043876427303263E-01
      33   2.7783055118110234E+01       16   4.5350000000000007E-01   8.8950181692048783E-02
      33   2.7783055118110234E+01       17   4.8340000000000005E-01   5.3316007332008586E-02
      33   2.7783055118110234E+01       18   5.1330000000000009E-01   4.5059750260431450E-02
      33   2.7783055118110234E+01       19   5.4320000000000002E-01   3.9023196364717010E-02
      33   2.7783055118110234E+01       20   5.7310000000000005E-01   3.9337214246643229E-02
      33   2.7783055118110234E+01       21   6.0300000000000009E-01   2.9087652219581438E-02
      33   2.7783055118110234E+01       22   6.3290000000000002E-01   2.7525065112896548E-02
      33   2.7783055118110234E+01       23   6.6280000000000006E-01   2.5728368942808531E-02
      33   2.7783055118110234E+01       24   6.9270000000000009E-01   2.0351628980207426E-02
      33   2.7783055118110234E+01       25   7.2260000000000002E-01   1.2337159424915541E-02
      33   2.7783055118110234E+01       26   7.5250000000000006E-01   1.2797730492419144E-02
      33   2.7783055118110234E+01       27   7.8240000000000010E-01   1.4038190531781701E-02
      33   2.7783055118110234E+01       28   8.1230000000000013E-01   9.1944832872036860E-03
      33   2.7783055118110234E+01       29   8.4220000000000006E-01   9.0313848619935112E-03
      33   2.7783055118110234E+01       30   8.7210000000000010E-01   8.8609728306842158E-03
      33   2.7783055118110234E+01       31   9.0200000000000014E-01   6.7973573466883000E-03
      33   2.7783055118110234E+01       32   9.3190000000000006E-01   7.4428615655715621E-03
      33   2.7783055118110234E+01       33   9.6180000000000010E-01   6.2258661123423351E-03
      33   2.7783055118110234E+01       34   9.9170000000000014E-01   7.1165813276507714E-03
      33   2.7783055118110234E+01       35   1.0216000000000001E+00   5.8563617464794529E-03
      33   2.7783055118110234E+01       36   1.0515000000000001E+00   6.3978374026822694E-03
      33   2.7783055118110234E+01       37   1.0814000000000001E+00   5.8390236339865738E-03
      33   2.7783055118110234E+01       38   1.1113000000000002E+00   5.6378962405301625E-03
      33   2.7783055118110234E+01       39   1.1412000000000002E+00   5.7485854375846843E-03
      33   2.7783055118110234E+01       40   1.1711000000000000E+00   5.1955022758026102E-03
      33   2.7783055118110234E+01       41   1.2010000000000001E+00   5.1674448736135021E-03
      33   2.7783055118110234E+01       42   1.2309000000000001E+00   4.6777705445998005E-03
      33   2.7783055118110234E+01       43   1.2608000000000001E+00   4.7733902924168084E-03
      33   2.7783055118110234E+01       44   1.2907000000000002E+00   4.5728593178551470E-03
      33   2.7783055118110234E+01       45   1.3206000000000002E+00   4.3935243995956259E-03
      33   2.7783055118110234E+01       46   1.3505000000000000E+00   4.2362350684068770E-03
      33   2.7783055118110234E+01       47   1.3804000000000001E+00   4.4294949765555994E-03
      33   2.7783055118110234E+01       48   1.4103000000000001E+00   3.9723485023525264E-03
      33   2.7783055118110234E+01       49   1.4402000000000001E+00   4.0893628830291446E-03
      33   2.7783055118110234E+01       50   1.4701000000000002E+00   3.9708606223683588E-03
 
      34   2.8651275590551180E+01        1   5.0000000000000001E-03   1.1254324185461557E-01
      34   2.8651275590551180E+01        2   3.4900000000000000E-02   1.3492290663687079E-01
      34   2.8651275590551180E+01        3   6.4800000000000010E-02   1.9261511035058257E-01
      34   2.8651275590551180E+01        4   9.4700000000000006E-02   2.5672244065513583E-01
      34   2.8651275590551180E+01        5   1.2460000000000002E-01   2.6490753148142376E-01
      34   2.8651275590551180E+01        6   1.5450000000000003E-01   2.3520871092951848E-01
      34   2.8651275590551180E+01        7   1.8440000000000001E-01   2.4139599179329391E-01
      34   2.8651275590551180E+01        8   2.1430000000000002E-01   2.1877849788078546E-01
      34   2.8651275590551180E+01        9   2.4420000000000003E-01   1.6196734335354876E-01
      34   2.8651275590551180E+01       10   2.7410000000000001E-01   1.9606779443387193E-01
      34   2.8651275590551180E+01       11   3.0400000000000005E-01   2.2455013351452416E-01
      34   2.8651275590551180E+01       12   3.3390000000000003E-01   1.8514203065003904E-01
      34   2.8651275590551180E+01       13   3.6380000000000001E-01   1.8207303040984840E-01
      34   2.8651275590551180E+01       14   3.9370000000000005E-01   1.5017532711568310E-01
      34   2.8651275590551180E+01       15   4.2360000000000003E-01   1.1088812192803921E-01
      34   2.8651275590551180E+01       16   4.5350000000000007E-01   8.9566918965620995E-02
      34   2.8651275590551180E+01       17   4.8340000000000005E-01   5.5465216128465805E-02
      34   2.8651275590551180E+01       18   5.1330000000000009E-01   4.6893943038419296E-02
      34   2.8651275590551180E+01       19   5.4320000000000002E-01   3.9647560246503177E-02
      34   2.8651275590551180E+01       20   5.7310000000000005E-01   4.0937123464110409E-02
      34   2.8651275590551180E+01       21   6.0300000000000009E-01   3.0772428875239618E-02
      34   2.8651275590551180E+01       22   6.3290000000000002E-01   2.8487050205674162E-02
      34   2.8651275590551180E+01       23   6.6280000000000006E-01   2.6385563785793997E-02
      34   2.8651275590551180E+01       24   6.9270000000000009E-01   2.0650971078487238E-02
      34   2.8651275590551180E+01       25   7.2260000000000002E-01   1.2789669110618709E-02
      34   2.8651275590551180E+01       26   7.5250000000000006E-01   1.3003998417094136E-02
      34   2.8651275590551180E+01       27   7.8240000000000010E-01   1.3864512068748738E-02
      34   2.8651275590551180E+01       28   8.1230000000000013E-01   9.3618397301972155E-03
      34   2.8651275590551180E+01       29   8.4220000000000006E-01   9.1096486576294714E-03
      34   2.8651275590551180E+01       30   8.7210000000000010E-01   8.7984230527836712E-03
      34   2.8651275590551180E+01       31   9.0200000000000014E-01   6.9269195580920545E-03
      34   2.8651275590551180E+01       32   9.3190000000000006E-01   7.6500489760710751E-03
      34   2.8651275590551180E+01       33   9.6180000000000010E-01   6.1466521219874903E-03
      34   2.8651275590551180E+01       34   9.9170000000000014E-01   7.2845044386007154E-03
      34   2.8651275590551180E+01       35   1.0216000000000001E+00   5.9043244641624254E-03
      34   2.8651275590551180E+01       36   1.0515000000000001E+00   6.3263076002629840E-03
      34   2.8651275590551180E+01       37   1.0814000000000001E+00   5.9362611169655917E-03
      34   2.8651275590551180E+01       38   1.1113000000000002E+00   5.4951658613353709E-03
      34   2.8651275590551180E+01       39   1.1412000000000002E+00   5.8004692364859341E-03
      34   2.8651275590551180E+01       40   1.1711000000000000E+00   5.1336891315139034E-03
      34   2.8651275590551180E+01       41   1.2010000000000001E+00   5.1694276786122331E-03
      34   2.8651275590551180E+01       42   1.2309000000000001E+00   4.6931508579266231E-03
      34   2.8651275590551180E+01       43   1.2608000000000001E+00   4.7366593051207427E-03
      34   2.8651275590551180E+01       44   1.2907000000000002E+00   4.5797621786433616E-03
      34   2.8651275590551180E+01       45   1.3206000000000002E+00   4.3604839528382381E-03
      34   2.8651275590551180E+01       46   1.3505000000000000E+00   4.2159628483678787E-03
      34   2.8651275590551180E+01       47   1.3804000000000001E+00   4.4049911746339224E-03
      34   2.8651275590551180E+01       48   1.4103000000000001E+00   3.9219901352808293E-03
      34   2.8651275590551180E+01       49   1.4402000000000001E+00   4.0968050846693421E-03
      34   2.8651275590551180E+01       50   1.4701000000000002E+00   3.9296008606621979E-03
 
      35   2.9519496062992122E+01        1   5.0000000000000001E-03   8.9745948952825116E-02
      35   2.9519496062992122E+01        2   3.4900000000000000E-02   1.1074301411721778E-01
      35   2.9519496062992122E+01        3   6.4800000000000010E-02   1.6898679062665886E-01
      35   2.9519496062992122E+01        4   9.4700000000000006E-02   2.3917475011796374E-01
      35   2.9519496062992122E+01        5   1.2460000000000002E-01   2.5308367674439941E-01
      35   2.9519496062992122E+01        6   1.5450000000000003E-01   2.2320780787031866E-01
      35   2.9519496062992122E+01        7   1.8440000000000001E-01   2.2958518552913548E-01
      35   2.9519496062992122E+01        8   2.1430000000000002E-01   2.1193323120524016E-01
      35   2.9519496062992122E+01        9   2.4420000000000003E-01   1.5960493646857776E-01
      35   2.9519496062992122E+01       10   2.7410000000000001E-01   1.9525554292562289E-01
      35   2.9519496062992122E+01       11   3.0400000000000005E-01   2.2344403799539056E-01
      35   2.9519496062992122E+01       12   3.3390000000000003E-01   1.8278734608562022E-01
      35   2.9519496062992122E+01       13   3.6380000000000001E-01   1.7969799842058945E-01
      35   2.9519496062992122E+01       14   3.9370000000000005E-01   1.4897268630649990E-01
      35   2.9519496062992122E+01       15   4.2360000000000003E-01   1.1043498745272684E-01
      35   2.9519496062992122E+01       16   4.5350000000000007E-01   8.8678095586925521E-02
      35   2.9519496062992122E+01       17   4.8340000000000005E-01   5.5960860992260608E-02
      35   2.9519496062992122E+01       18   5.1330000000000009E-01   4.8203619264251034E-02
      35   2.9519496062992122E+01       19   5.4320000000000002E-01   3.9951401389077011E-02
      35   2.9519496062992122E+01       20   5.7310000000000005E-01   4.1536726628913133E-02
      35   2.9519496062992122E+01       21   6.0300000000000009E-01   3.2114093101455292E-02
      35   2.9519496062992122E+01       22   6.3290000000000002E-01   2.9324404729150710E-02
      35   2.9519496062992122E+01       23   6.6280000000000006E-01   2.6838408177372389E-02
      35   2.9519496062992122E+01       24   6.9270000000000009E-01   2.0776740846678157E-02
      35   2.9519496062992122E+01       25   7.2260000000000002E-01   1.3012422755243225E-02
      35   2.9519496062992122E+01       26   7.5250000000000006E-01   1.3294984787888859E-02
      35   2.9519496062992122E+01       27   7.8240000000000010E-01   1.3646761396490379E-02
      35   2.9519496062992122E+01       28   8.1230000000000013E-01   9.3229648934279111E-03
      35   2.9519496062992122E+01       29   8.4220000000000006E-01   9.2161801654222254E-03
      35   2.9519496062992122E+01       30   8.7210000000000010E-01   8.6498336680285847E-03
      35   2.9519496062992122E+01       31   9.0200000000000014E-01   6.9312549866248708E-03
      35   2.9519496062992122E+01       32   9.3190000000000006E-01   7.8539361701391291E-03
      35   2.9519496062992122E+01       33   9.6180000000000010E-01   6.0765543655630257E-03
      35   2.9519496062992122E+01       34   9.9170000000000014E-01   7.3597874477541007E-03
      35   2.9519496062992122E+01       35   1.0216000000000001E+00   6.0135422558395017E-03
      35   2.9519496062992122E+01       36   1.0515000000000001E+00   6.1669654129445674E-03
      35   2.9519496062992122E+01       37   1.0814000000000001E+00   5.9987811577152383E-03
      35   2.9519496062992122E+01       38   1.1113000000000002E+00   5.3418855698726554E-03
      35   2.9519496062992122E+01       39   1.1412000000000002E+00   5.7407757799226621E-03
      35   2.9519496062992122E+01       40   1.1711000000000000E+00   5.0936294080628141E-03
      35   2.9519496062992122E+01       41   1.2010000000000001E+00   5.0344681413230464E-03
      35   2.9519496062992122E+01       42   1.2309000000000001E+00   4.7343546938410008E-03
      35   2.9519496062992122E+01       43   1.2608000000000001E+00   4.6067500124170879E-03
      35   2.9519496062992122E+01       44   1.2907000000000002E+00   4.6128629056906619E-03
      35   2.9519496062992122E+01       45   1.3206000000000002E+00   4.2335524497348074E-03
      35   2.9519496062992122E+01       46   1.3505000000000000E+00   4.2036499075114872E-03
      35   2.9519496062992122E+01       47   1.3804000000000001E+00   4.2921711542464576E-03
      35   2.9519496062992122E+01       48   1.4103000000000001E+00   3.8699962021738407E-03
      35   2.9519496062992122E+01       49   1.4402000000000001E+00   4.0407962636441466E-03
      35   2.9519496062992122E+01       50   1.4701000000000002E+00   3.8662582145576824E-03
 
      36   3.0387716535433068E+01        1   5.0000000000000001E-03   7.8490959091770243E-02
      36   3.0387716535433068E+01        2   3.4900000000000000E-02   9.7222697278079057E-02
      36   3.0387716535433068E+01        3   6.4800000000000010E-02   1.5395404862706683E-01
      36   3.0387716535433068E+01        4   9.4700000000000006E-02   2.2825788073177947E-01
      36   3.0387716535433068E+01        5   1.2460000000000002E-01   2.4741947120621394E-01
      36   3.0387716535433068E+01        6   1.5450000000000003E-01   2.1749783308825779E-01
      36   3.0387716535433068E+01        7   1.8440000000000001E-01   2.2268965756738979E-01
      36   3.0387716535433068E+01        8   2.1430000000000002E-01   2.0735300598486225E-01
      36   3.0387716535433068E+01        9   2.4420000000000003E-01   1.5773803241142492E-01
      36   3.0387716535433068E+01       10   2.7410000000000001E-01   1.9457978294813233E-01
      36   3.0387716535433068E+01       11   3.0400000000000005E-01   2.2248029927468030E-01
      36   3.0387716535433068E+01       12   3.3390000000000003E-01   1.8045274339837775E-01
      36   3.0387716535433068E+01       13   3.6380000000000001E-01   1.7604032822256241E-01
      36   3.0387716535433068E+01       14   3.9370000000000005E-01   1.4558531540914219E-01
      36   3.0387716535433068E+01       15   4.2360000000000003E-01   1.0831976360807478E-01
      36   3.0387716535433068E+01       16   4.5350000000000007E-01   8.6201088601705611E-02
      36   3.0387716535433068E+01       17   4.8340000000000005E-01   5.4452668581520425E-02
      36   3.0387716535433068E+01       18   5.1330000000000009E-01   4.8107759371630983E-02
      36   3.0387716535433068E+01       19   5.4320000000000002E-01   3.9815893022427197E-02
      36   3.0387716535433068E+01       20   5.7310000000000005E-01   4.1053236905635684E-02
      36   3.0387716535433068E+01       21   6.0300000000000009E-01   3.2658271089136610E-02
      36   3.0387716535433068E+01       22   6.3290000000000002E-01   2.9969362944451915E-02
      36   3.0387716535433068E+01       23   6.6280000000000006E-01   2.7004784412537352E-02
      36   3.0387716535433068E+01       24   6.9270000000000009E-01   2.0616893537254870E-02
      36   3.0387716535433068E+01       25   7.2260000000000002E-01   1.2947997724385943E-02
      36   3.0387716535433068E+01       26   7.5250000000000006E-01   1.3496580634588090E-02
      36   3.0387716535433068E+01       27   7.8240000000000010E-01   1.3527355533228709E-02
      36   3.0387716535433068E+01       28   8.1230000000000013E-01   9.0956060807102987E-03
      36   3.0387716535433068E+01       29   8.4220000000000006E-01   9.3132796799365904E-03
      36   3.0387716535433068E+01       30   8.7210000000000010E-01   8.4887650053340220E-03
      36   3.0387716535433068E+01       31   9.0200000000000014E-01   6.7946281151016986E-03
      36   3.0387716535433068E+01       32   9.3190000000000006E-01   7.9930671041918977E-03
      36   3.0387716535433068E+01       33   9.6180000000000010E-01   6.0015314058432549E-03
      36   3.0387716535433068E+01       34   9.9170000000000014E-01   7.3121654160504361E-03
      36   3.0387716535433068E+01       35   1.0216000000000001E+00   6.1536750898984922E-03
      36   3.0387716535433068E+01       36   1.0515000000000001E+00   5.9679608952040077E-03
      36   3.0387716535433068E+01       37   1.0814000000000001E+00   5.9929267065116937E-03
      36   3.0387716535433068E+01       38   1.1113000000000002E+00   5.2180291279044621E-03
      36   3.0387716535433068E+01       39   1.1412000000000002E+00   5.6008405878476050E-03
      36   3.0387716535433068E+01       40   1.1711000000000000E+00   5.0879866161387946E-03
      36   3.0387716535433068E+01       41   1.2010000000000001E+00   4.8351659550005472E-03
      36   3.0387716535433068E+01       42   1.2309000000000001E+00   4.7643484852565501E-03
      36   3.0387716535433068E+01       43   1.2608000000000001E+00   4.4331153350771150E-03
      36   3.0387716535433068E+01       44   1.2907000000000002E+00   4.6355086375925551E-03
      36   3.0387716535433068E+01       45   1.3206000000000002E+00   4.0703737300220848E-03
      36   3.0387716535433068E+01       46   1.3505000000000000E+00   4.1940075402925438E-03
      36   3.0387716535433068E+01       47   1.3804000000000001E+00   4.1270437000721335E-03
      36   3.0387716535433068E+01       48   1.4103000000000001E+00   3.8241215977351710E-03
      36   3.0387716535433068E+01       49   1.4402000000000001E+00   3.9225873818021758E-03
      36   3.0387716535433068E+01       50   1.4701000000000002E+00   3.8136969184067561E-03
 
      37   3.1255937007874014E+01        1   5.0000000000000001E-03   7.8271066627600971E-02
      37   3.1255937007874014E+01        2   3.4900000000000000E-02   9.4785614503165291E-02
      37   3.1255937007874014E+01        3   6.4800000000000010E-02   1.4865487480733558E-01
      37   3.1255937007874014E+01        4   9.4700000000000006E-02   2.2395935613678608E-01
      37   3.1255937007874014E+01        5   1.2460000000000002E-01   2.4672535452810448E-01
      37   3.1255937007874014E+01        6   1.5450000000000003E-01   2.1805699608361029E-01
      37   3.1255937007874014E+01        7   1.8440000000000001E-01   2.2214049417745127E-01
      37   3.1255937007874014E+01        8   2.1430000000000002E-01   2.0588248335127998E-01
      37   3.1255937007874014E+01        9   2.4420000000000003E-01   1.5616601239718922E-01
      37   3.1255937007874014E+01       10   2.7410000000000001E-01   1.9356203691996193E-01
      37   3.1255937007874014E+01       11   3.0400000000000005E-01   2.2119128710476157E-01
      37   3.1255937007874014E+01       12   3.3390000000000003E-01   1.7781285538059208E-01
      37   3.1255937007874014E+01       13   3.6380000000000001E-01   1.7125581244446270E-01
      37   3.1255937007874014E+01       14   3.9370000000000005E-01   1.4016987311224033E-01
      37   3.1255937007874014E+01       15   4.2360000000000003E-01   1.0405762254556501E-01
      37   3.1255937007874014E+01       16   4.5350000000000007E-01   8.2001247771470206E-02
      37   3.1255937007874014E+01       17   4.8340000000000005E-01   5.1112239043077552E-02
      37   3.1255937007874014E+01       18   5.1330000000000009E-01   4.6159130422133911E-02
      37   3.1255937007874014E+01       19   5.4320000000000002E-01   3.8985480037148433E-02
      37   3.1255937007874014E+01       20   5.7310000000000005E-01   3.9714734850122113E-02
      37   3.1255937007874014E+01       21   6.0300000000000009E-01   3.2140646138934338E-02
      37   3.1255937007874014E+01       22   6.3290000000000002E-01   3.0195376960820856E-02
      37   3.1255937007874014E+01       23   6.6280000000000006E-01   2.6900834903880559E-02
      37   3.1255937007874014E+01       24   6.9270000000000009E-01   2.0042240958425842E-02
      37   3.1255937007874014E+01       25   7.2260000000000002E-01   1.2552738468504491E-02
      37   3.1255937007874014E+01       26   7.5250000000000006E-01   1.3436015837290103E-02
      37   3.1255937007874014E+01       27   7.8240000000000010E-01   1.3441662799680478E-02
      37   3.1255937007874014E+01       28   8.1230000000000013E-01   8.7450511638184261E-03
      37   3.1255937007874014E+01       29   8.4220000000000006E-01   9.2986712022472221E-03
      37   3.1255937007874014E+01       30   8.7210000000000010E-01   8.3722632214720521E-03
      37   3.1255937007874014E+01       31   9.0200000000000014E-01   6.5299502764589040E-03
      37   3.1255937007874014E+01       32   9.3190000000000006E-01   8.0241373678013247E-03
      37   3.1255937007874014E+01       33   9.6180000000000010E-01   5.9141118873080904E-03
      37   3.1255937007874014E+01       34   9.9170000000000014E-01   7.1208348832347990E-03
      37   3.1255937007874014E+01       35   1.0216000000000001E+00   6.2445024364338212E-03
      37   3.1255937007874014E+01       36   1.0515000000000001E+00   5.7817826881815665E-03
      37   3.1255937007874014E+01       37   1.0814000000000001E+00   5.8914767850462030E-03
      37   3.1255937007874014E+01       38   1.1113000000000002E+00   5.1597134877988688E-03
      37   3.1255937007874014E+01       39   1.1412000000000002E+00   5.4295303495165599E-03
      37   3.1255937007874014E+01       40   1.1711000000000000E+00   5.1251185101319537E-03
      37   3.1255937007874014E+01       41   1.2010000000000001E+00   4.6639641316549236E-03
      37   3.1255937007874014E+01       42   1.2309000000000001E+00   4.7752448151662727E-03
      37   3.1255937007874014E+01       43   1.2608000000000001E+00   4.2984805713602988E-03
      37   3.1255937007874014E+01       44   1.2907000000000002E+00   4.6302348265012463E-03
      37   3.1255937007874014E+01       45   1.3206000000000002E+00   3.9633901110797893E-03
      37   3.1255937007874014E+01       46   1.3505000000000000E+00   4.1890950362025335E-03
      37   3.1255937007874014E+01       47   1.3804000000000001E+00   4.0088855674590461E-03
      37   3.1255937007874014E+01       48   1.4103000000000001E+00   3.8021710463501464E-03
      37   3.1255937007874014E+01       49   1.4402000000000001E+00   3.7963957515346892E-03
      37   3.1255937007874014E+01       50   1.4701000000000002E+00   3.8009235734709742E-03
 
      38   3.2124157480314963E+01        1   5.0000000000000001E-03   8.5839111865333745E-02
      38   3.2124157480314963E+01        2   3.4900000000000000E-02   1.0136495764829434E-01
      38   3.2124157480314963E+01        3   6.4800000000000010E-02   1.5314799266257009E-01
      38   3.2124157480314963E+01        4   9.4700000000000006E-02   2.2684516034426219E-01
      38   3.2124157480314963E+01        5   1.2460000000000002E-01   2.4991056200382972E-01
      38   3.2124157480314963E+01        6   1.5450000000000003E-01   2.2306378438222094E-01
      38   3.2124157480314963E+01        7   1.8440000000000001E-01   2.2737331476076841E-01
      38   3.2124157480314963E+01        8   2.1430000000000002E-01   2.0803903747539171E-01
      38   3.2124157480314963E+01        9   2.4420000000000003E-01   1.5507016154603787E-01
      38   3.2124157480314963E+01       10   2.7410000000000001E-01   1.9169896615952933E-01
      38   3.2124157480314963E+01       11   3.0400000000000005E-01   2.1926078886769151E-01
      38   3.2124157480314963E+01       12   3.3390000000000003E-01   1.7489515679781703E-01
      38   3.2124157480314963E+01       13   3.6380000000000001E-01   1.6575324491030508E-01
      38   3.2124157480314963E+01       14   3.9370000000000005E-01   1.3347420733947635E-01
      38   3.2124157480314963E+01       15   4.2360000000000003E-01   9.8014972022485047E-02
      38   3.2124157480314963E+01       16   4.5350000000000007E-01   7.6408469144095340E-02
      38   3.2124157480314963E+01       17   4.8340000000000005E-01   4.6625610804753782E-02
      38   3.2124157480314963E+01       18   5.1330000000000009E-01   4.2730251620926335E-02
      38   3.2124157480314963E+01       19   5.4320000000000002E-01   3.7338753152268325E-02
      38   3.2124157480314963E+01       20   5.7310000000000005E-01   3.7866236754956491E-02
      38   3.2124157480314963E+01       21   6.0300000000000009E-01   3.0687491731639656E-02
      38   3.2124157480314963E+01       22   6.3290000000000002E-01   2.9729844832083005E-02
      38   3.2124157480314963E+01       23   6.6280000000000006E-01   2.6564320030255134E-02
      38   3.2124157480314963E+01       24   6.9270000000000009E-01   1.9104351917719205E-02
      38   3.2124157480314963E+01       25   7.2260000000000002E-01   1.1844775670696034E-02
      38   3.2124157480314963E+01       26   7.5250000000000006E-01   1.3100278655185085E-02
      38   3.2124157480314963E+01       27   7.8240000000000010E-01   1.3217512845724221E-02
      38   3.2124157480314963E+01       28   8.1230000000000013E-01   8.3194711324998550E-03
      38   3.2124157480314963E+01       29   8.4220000000000006E-01   9.0974523732949338E-03
      38   3.2124157480314963E+01       30   8.7210000000000010E-01   8.2709366302360157E-03
      38   3.2124157480314963E+01       31   9.0200000000000014E-01   6.1842303614578166E-03
      38   3.2124157480314963E+01       32   9.3190000000000006E-01   7.9109044028772644E-03
      38   3.2124157480314963E+01       33   9.6180000000000010E-01   5.8242211565328024E-03
      38   3.2124157480314963E+01       34   9.9170000000000014E-01   6.7971615457220651E-03
      38   3.2124157480314963E+01       35   1.0216000000000001E+00   6.2017419626831044E-03
      38   3.2124157480314963E+01       36   1.0515000000000001E+00   5.6280775444656405E-03
      38   3.2124157480314963E+01       37   1.0814000000000001E+00   5.6801701222651659E-03
      38   3.2124157480314963E+01       38   1.1113000000000002E+00   5.1458364225595394E-03
      38   3.2124157480314963E+01       39   1.1412000000000002E+00   5.2413519887366672E-03
      38   3.2124157480314963E+01       40   1.1711000000000000E+00   5.1627859950587286E-03
      38   3.2124157480314963E+01       41   1.2010000000000001E+00   4.5454140350953808E-03
      38   3.2124157480314963E+01       42   1.2309000000000001E+00   4.7420776615675585E-03
      38   3.2124157480314963E+01       43   1.2608000000000001E+00   4.2309460161153245E-03
      38   3.2124157480314963E+01       44   1.2907000000000002E+00   4.5656558032288021E-03
      38   3.2124157480314963E+01       45   1.3206000000000002E+00   3.9335656433438816E-03
      38   3.2124157480314963E+01       46   1.3505000000000000E+00   4.1516868772982765E-03
      38   3.2124157480314963E+01       47   1.3804000000000001E+00   3.9800242411203472E-03
      38   3.2124157480314963E+01       48   1.4103000000000001E+00   3.7863826587163597E-03
      38   3.2124157480314963E+01       49   1.4402000000000001E+00   3.7132869242278302E-03
      38   3.2124157480314963E+01       50   1.4701000000000002E+00   3.7975949338188010E-03
 
      39   3.2992377952755909E+01        1   5.0000000000000001E-03   9.7099412921340264E-02
      39   3.2992377952755909E+01        2   3.4900000000000000E-02   1.1317983777225599E-01
      39   3.2992377952755909E+01        3   6.4800000000000010E-02   1.6507051013452420E-01
      39   3.2992377952755909E+01        4   9.4700000000000006E-02   2.3608579854746695E-01
      39   3.2992377952755909E+01        5   1.2460000000000002E-01   2.5584046218123413E-01
      39   3.2992377952755909E+01        6   1.5450000000000003E-01   2.2982348081213733E-01
      39   3.2992377952755909E+01        7   1.8440000000000001E-01   2.3568639763382621E-01
      39   3.2992377952755909E+01        8   2.1430000000000002E-01   2.1321929444205037E-01
      39   3.2992377952755909E+01        9   2.4420000000000003E-01   1.5505674171055447E-01
      39   3.2992377952755909E+01       10   2.7410000000000001E-01   1.8909816457202155E-01
      39   3.2992377952755909E+01       11   3.0400000000000005E-01   2.1660725801792854E-01
      39   3.2992377952755909E+01       12   3.3390000000000003E-01   1.7199000495629441E-01
      39   3.2992377952755909E+01       13   3.6380000000000001E-01   1.6034408117793308E-01
      39   3.2992377952755909E+01       14   3.9370000000000005E-01   1.2663264096907800E-01
      39   3.2992377952755909E+01       15   4.2360000000000003E-01   9.1201041274544009E-02
      39   3.2992377952755909E+01       16   4.5350000000000007E-01   7.0255845005782525E-02
      39   3.2992377952755909E+01       17   4.8340000000000005E-01   4.1890892199713377E-02
      39   3.2992377952755909E+01       18   5.1330000000000009E-01   3.8717827177322674E-02
      39   3.2992377952755909E+01       19   5.4320000000000002E-01   3.5056567544078661E-02
      39   3.2992377952755909E+01       20   5.7310000000000005E-01   3.5799469515522465E-02
      39   3.2992377952755909E+01       21   6.0300000000000009E-01   2.8757228529891741E-02
      39   3.2992377952755909E+01       22   6.3290000000000002E-01   2.8532067401514424E-02
      39   3.2992377952755909E+01       23   6.6280000000000006E-01   2.6006747874568796E-02
      39   3.2992377952755909E+01       24   6.9270000000000009E-01   1.8067157248084002E-02
      39   3.2992377952755909E+01       25   7.2260000000000002E-01   1.0942521367040815E-02
      39   3.2992377952755909E+01       26   7.5250000000000006E-01   1.2624687442098315E-02
      39   3.2992377952755909E+01       27   7.8240000000000010E-01   1.2828880022476633E-02
      39   3.2992377952755909E+01       28   8.1230000000000013E-01   7.8534207067632988E-03
      39   3.2992377952755909E+01       29   8.4220000000000006E-01   8.7549948199385861E-03
      39   3.2992377952755909E+01       30   8.7210000000000010E-01   8.1365066673831123E-03
      39   3.2992377952755909E+01       31   9.0200000000000014E-01   5.8370083058528928E-03
      39   3.2992377952755909E+01       32   9.3190000000000006E-01   7.6544865155468390E-03
      39   3.2992377952755909E+01       33   9.6180000000000010E-01   5.7449098094741607E-03
      39   3.2992377952755909E+01       34   9.9170000000000014E-01   6.4134415403981591E-03
      39   3.2992377952755909E+01       35   1.0216000000000001E+00   6.0034965649806765E-03
      39   3.2992377952755909E+01       36   1.0515000000000001E+00   5.5075562498549885E-03
      39   3.2992377952755909E+01       37   1.0814000000000001E+00   5.3934419045351080E-03
      39   3.2992377952755909E+01       38   1.1113000000000002E+00   5.1251752314591566E-03
      39   3.2992377952755909E+01       39   1.1412000000000002E+00   5.0469632937910893E-03
      39   3.2992377952755909E+01       40   1.1711000000000000E+00   5.1373592770008981E-03
      39   3.2992377952755909E+01       41   1.2010000000000001E+00   4.4651416250597988E-03
      39   3.2992377952755909E+01       42   1.2309000000000001E+00   4.6340329354971664E-03
      39   3.2992377952755909E+01       43   1.2608000000000001E+00   4.2048016632818281E-03
      39   3.2992377952755909E+01       44   1.2907000000000002E+00   4.4245665637615951E-03
      39   3.2992377952755909E+01       45   1.3206000000000002E+00   3.9313667155094264E-03
      39   3.2992377952755909E+01       46   1.3505000000000000E+00   4.0447958635702989E-03
      39   3.2992377952755909E+01       47   1.3804000000000001E+00   3.9926980123312509E-03
      39   3.2992377952755909E+01       48   1.4103000000000001E+00   3.7345237558098518E-03
      39   3.2992377952755909E+01       49   1.4402000000000001E+00   3.6824147484385964E-03
      39   3.2992377952755909E+01       50   1.4701000000000002E+00   3.7538077558367101E-03
 
      40   3.3860598425196855E+01        1   5.0000000000000001E-03   1.0939646875904747E-01
      40   3.3860598425196855E+01        2   3.4900000000000000E-02   1.2664344127945171E-01
      40   3.3860598425196855E+01        3   6.4800000000000010E-02   1.8010217761274258E-01
      40   3.3860598425196855E+01        4   9.4700000000000006E-02   2.4858473609297088E-01
      40   3.3860598425196855E+01        5   1.2460000000000002E-01   2.6302501920302607E-01
      40   3.3860598425196855E+01        6   1.5450000000000003E-01   2.3609812121881682E-01
      40   3.3860598425196855E+01        7   1.8440000000000001E-01   2.4391855028536122E-01
      40   3.3860598425196855E+01        8   2.1430000000000002E-01   2.1995300379704621E-01
      40   3.3860598425196855E+01        9   2.4420000000000003E-01   1.5674835347521940E-01
      40   3.3860598425196855E+01       10   2.7410000000000001E-01   1.8670640916600661E-01
      40   3.3860598425196855E+01       11   3.0400000000000005E-01   2.1352472165595091E-01
      40   3.3860598425196855E+01       12   3.3390000000000003E-01   1.6918071304835575E-01
      40   3.3860598425196855E+01       13   3.6380000000000001E-01   1.5574571032943083E-01
      40   3.3860598425196855E+01       14   3.9370000000000005E-01   1.2079195702412132E-01
      40   3.3860598425196855E+01       15   4.2360000000000003E-01   8.4738749776213110E-02
      40   3.3860598425196855E+01       16   4.5350000000000007E-01   6.4447638614912456E-02
      40   3.3860598425196855E+01       17   4.8340000000000005E-01   3.7644176960649166E-02
      40   3.3860598425196855E+01       18   5.1330000000000009E-01   3.4989365819259759E-02
      40   3.3860598425196855E+01       19   5.4320000000000002E-01   3.2548171871969830E-02
      40   3.3860598425196855E+01       20   5.7310000000000005E-01   3.3707453220738461E-02
      40   3.3860598425196855E+01       21   6.0300000000000009E-01   2.6841897907544585E-02
      40   3.3860598425196855E+01       22   6.3290000000000002E-01   2.6877574008939763E-02
      40   3.3860598425196855E+01       23   6.6280000000000006E-01   2.5213307570731400E-02
      40   3.3860598425196855E+01       24   6.9270000000000009E-01   1.7178750784010113E-02
      40   3.3860598425196855E+01       25   7.2260000000000002E-01   1.0003649129897070E-02
      40   3.3860598425196855E+01       26   7.5250000000000006E-01   1.2121277894020130E-02
      40   3.3860598425196855E+01       27   7.8240000000000010E-01   1.2437115448706118E-02
      40   3.3860598425196855E+01       28   8.1230000000000013E-01   7.3962216624573101E-03
      40   3.3860598425196855E+01       29   8.4220000000000006E-01   8.3779900115396964E-03
      40   3.3860598425196855E+01       30   8.7210000000000010E-01   7.9773705528816945E-03
      40   3.3860598425196855E+01       31   9.0200000000000014E-01   5.5587863030089057E-03
      40   3.3860598425196855E+01       32   9.3190000000000006E-01   7.3118342377589346E-03
      40   3.3860598425196855E+01       33   9.6180000000000010E-01   5.6676326217877694E-03
      40   3.3860598425196855E+01       34   9.9170000000000014E-01   6.0815636262108296E-03
      40   3.3860598425196855E+01       35   1.0216000000000001E+00   5.7018375008188937E-03
      40   3.3860598425196855E+01       36   1.0515000000000001E+00   5.4282099594947994E-03
      40   3.3860598425196855E+01       37   1.0814000000000001E+00   5.1120718353362266E-03
      40   3.3860598425196855E+01       38   1.1113000000000002E+00   5.0735472254289215E-03
      40   3.3860598425196855E+01       39   1.1412000000000002E+00   4.8871843795685087E-03
      40   3.3860598425196855E+01       40   1.1711000000000000E+00   5.0233910119103654E-03
      40   3.3860598425196855E+01       41   1.2010000000000001E+00   4.4192883857575990E-03
      40   3.3860598425196855E+01       42   1.2309000000000001E+00   4.4624887490797589E-03
      40   3.3860598425196855E+01       43   1.2608000000000001E+00   4.1900132259911930E-03
      40   3.3860598425196855E+01       44   1.2907000000000002E+00   4.2454416217780205E-03
      40   3.3860598425196855E+01       45   1.3206000000000002E+00   3.9095189329343390E-03
      40   3.3860598425196855E+01       46   1.3505000000000000E+00   3.8913802809618838E-03
      40   3.3860598425196855E+01       47   1.3804000000000001E+00   3.9811982883866340E-03
      40   3.3860598425196855E+01       48   1.4103000000000001E+00   3.6335835110650862E-03
      40   3.3860598425196855E+01       49   1.4402000000000001E+00   3.6744435759075876E-03
      40   3.3860598425196855E+01       50   1.4701000000000002E+00   3.6580000401705763E-03
 
      41   3.4728818897637794E+01        1   5.0000000000000001E-03   1.2198144870663161E-01
      41   3.4728818897637794E+01        2   3.4900000000000000E-02   1.3967827254610721E-01
      41   3.4728818897637794E+01        3   6.4800000000000010E-02   1.9417237368118301E-01
      41   3.4728818897637794E+01        4   9.4700000000000006E-02   2.6063035621309583E-01
      41   3.4728818897637794E+01        5   1.2460000000000002E-01   2.7003487983121072E-01
      41   3.4728818897637794E+01        6   1.5450000000000003E-01   2.4091211359579059E-01
      41   3.4728818897637794E+01        7   1.8440000000000001E-01   2.5030335459484687E-01
      41   3.4728818897637794E+01        8   2.1430000000000002E-01   2.2690043954466058E-01
      41   3.4728818897637794E+01        9   2.4420000000000003E-01   1.6030712074773573E-01
      41   3.4728818897637794E+01       10   2.7410000000000001E-01   1.8570572895499313E-01
      41   3.4728818897637794E+01       11   3.0400000000000005E-01   2.1074219084346019E-01
      41   3.4728818897637794E+01       12   3.3390000000000003E-01   1.6643970646221659E-01
      41   3.4728818897637794E+01       13   3.6380000000000001E-01   1.5227303136683051E-01
      41   3.4728818897637794E+01       14   3.9370000000000005E-01   1.1687463149952670E-01
      41   3.4728818897637794E+01       15   4.2360000000000003E-01   7.9694999561497337E-02
      41   3.4728818897637794E+01       16   4.5350000000000007E-01   5.9756784825624847E-02
      41   3.4728818897637794E+01       17   4.8340000000000005E-01   3.4357081307300336E-02
      41   3.4728818897637794E+01       18   5.1330000000000009E-01   3.2149812768579852E-02
      41   3.4728818897637794E+01       19   5.4320000000000002E-01   3.0303304283838501E-02
      41   3.4728818897637794E+01       20   5.7310000000000005E-01   3.1738835007826503E-02
      41   3.4728818897637794E+01       21   6.0300000000000009E-01   2.5223547951872229E-02
      41   3.4728818897637794E+01       22   6.3290000000000002E-01   2.5184711191796130E-02
      41   3.4728818897637794E+01       23   6.6280000000000006E-01   2.4207973222504592E-02
      41   3.4728818897637794E+01       24   6.9270000000000009E-01   1.6493517530988263E-02
      41   3.4728818897637794E+01       25   7.2260000000000002E-01   9.1473526202833621E-03
      41   3.4728818897637794E+01       26   7.5250000000000006E-01   1.1585022376130780E-02
      41   3.4728818897637794E+01       27   7.8240000000000010E-01   1.2185585013354103E-02
      41   3.4728818897637794E+01       28   8.1230000000000013E-01   7.0238486066458525E-03
      41   3.4728818897637794E+01       29   8.4220000000000006E-01   8.0241000986293887E-03
      41   3.4728818897637794E+01       30   8.7210000000000010E-01   7.8380520668266795E-03
      41   3.4728818897637794E+01       31   9.0200000000000014E-01   5.3794459978076256E-03
      41   3.4728818897637794E+01       32   9.3190000000000006E-01   6.9681586968884587E-03
      41   3.4728818897637794E+01       33   9.6180000000000010E-01   5.5742018166441950E-03
      41   3.4728818897637794E+01       34   9.9170000000000014E-01   5.8863350489992642E-03
      41   3.4728818897637794E+01       35   1.0216000000000001E+00   5.3820622814471555E-03
      41   3.4728818897637794E+01       36   1.0515000000000001E+00   5.3922817736015427E-03
      41   3.4728818897637794E+01       37   1.0814000000000001E+00   4.9097488485256762E-03
      41   3.4728818897637794E+01       38   1.1113000000000002E+00   4.9881740444269124E-03
      41   3.4728818897637794E+01       39   1.1412000000000002E+00   4.8035415628055484E-03
      41   3.4728818897637794E+01       40   1.1711000000000000E+00   4.8443981249904405E-03
      41   3.4728818897637794E+01       41   1.2010000000000001E+00   4.4066035916289284E-03
      41   3.4728818897637794E+01       42   1.2309000000000001E+00   4.2780725264169300E-03
      41   3.4728818897637794E+01       43   1.2608000000000001E+00   4.1700163435220341E-03
      41   3.4728818897637794E+01       44   1.2907000000000002E+00   4.0946030912646448E-03
      41   3.4728818897637794E+01       45   1.3206000000000002E+00   3.8579331105101007E-03
      41   3.4728818897637794E+01       46   1.3505000000000000E+00   3.7576981470191740E-03
      41   3.4728818897637794E+01       47   1.3804000000000001E+00   3.9247733722808254E-03
      41   3.4728818897637794E+01       48   1.4103000000000001E+00   3.5204115266024710E-03
      41   3.4728818897637794E+01       49   1.4402000000000001E+00   3.6520448053969944E-03
      41   3.4728818897637794E+01       50   1.4701000000000002E+00   3.5440981491269910E-03
 
      42   3.5597039370078740E+01        1   5.0000000000000001E-03   1.3395053883555622E-01
      42   3.5597039370078740E+01        2   3.4900000000000000E-02   1.5080385585288711E-01
      42   3.5597039370078740E+01        3   6.4800000000000010E-02   2.0457913513958897E-01
      42   3.5597039370078740E+01        4   9.4700000000000006E-02   2.6965483413281111E-01
      42   3.5597039370078740E+01        5   1.2460000000000002E-01   2.7609549458197868E-01
      42   3.5597039370078740E+01        6   1.5450000000000003E-01   2.4458313585244248E-01
      42   3.5597039370078740E+01        7   1.8440000000000001E-01   2.5487361687706100E-01
      42   3.5597039370078740E+01        8   2.1430000000000002E-01   2.3330062127936435E-01
      42   3.5597039370078740E+01        9   2.4420000000000003E-01   1.6520262994286616E-01
      42   3.5597039370078740E+01       10   2.7410000000000001E-01   1.8677264043846892E-01
      42   3.5597039370078740E+01       11   3.0400000000000005E-01   2.0939468242157858E-01
      42   3.5597039370078740E+01       12   3.3390000000000003E-01   1.6429607329074922E-01
      42   3.5597039370078740E+01       13   3.6380000000000001E-01   1.5021936983021722E-01
      42   3.5597039370078740E+01       14   3.9370000000000005E-01   1.1556242543029421E-01
      42   3.5597039370078740E+01       15   4.2360000000000003E-01   7.7136994596214273E-02
      42   3.5597039370078740E+01       16   4.5350000000000007E-01   5.6989872047916779E-02
      42   3.5597039370078740E+01       17   4.8340000000000005E-01   3.2373709490918029E-02
      42   3.5597039370078740E+01       18   5.1330000000000009E-01   3.0573828192810872E-02
      42   3.5597039370078740E+01       19   5.4320000000000002E-01   2.8778202446684678E-02
      42   3.5597039370078740E+01       20   5.7310000000000005E-01   3.0072483928336995E-02
      42   3.5597039370078740E+01       21   6.0300000000000009E-01   2.3963340650371413E-02
      42   3.5597039370078740E+01       22   6.3290000000000002E-01   2.3802998828829171E-02
      42   3.5597039370078740E+01       23   6.6280000000000006E-01   2.3127871584309054E-02
      42   3.5597039370078740E+01       24   6.9270000000000009E-01   1.5955426047104721E-02
      42   3.5597039370078740E+01       25   7.2260000000000002E-01   8.4674703964488715E-03
      42   3.5597039370078740E+01       26   7.5250000000000006E-01   1.0995257153170578E-02
      42   3.5597039370078740E+01       27   7.8240000000000010E-01   1.2059857543699136E-02
      42   3.5597039370078740E+01       28   8.1230000000000013E-01   6.8245995420417116E-03
      42   3.5597039370078740E+01       29   8.4220000000000006E-01   7.7121469317041856E-03
      42   3.5597039370078740E+01       30   8.7210000000000010E-01   7.7421783984909284E-03
      42   3.5597039370078740E+01       31   9.0200000000000014E-01   5.3052742161101511E-03
      42   3.5597039370078740E+01       32   9.3190000000000006E-01   6.6972936653387606E-03
      42   3.5597039370078740E+01       33   9.6180000000000010E-01   5.4710973249184197E-03
      42   3.5597039370078740E+01       34   9.9170000000000014E-01   5.8460234338025109E-03
      42   3.5597039370078740E+01       35   1.0216000000000001E+00   5.1273070733215244E-03
      42   3.5597039370078740E+01       36   1.0515000000000001E+00   5.3851748564077524E-03
      42   3.5597039370078740E+01       37   1.0814000000000001E+00   4.8297073826513602E-03
      42   3.5597039370078740E+01       38   1.1113000000000002E+00   4.8721348642460178E-03
      42   3.5597039370078740E+01       39   1.1412000000000002E+00   4.8091106182324818E-03
      42   3.5597039370078740E+01       40   1.1711000000000000E+00   4.6547610084151335E-03
      42   3.5597039370078740E+01       41   1.2010000000000001E+00   4.4167829489761522E-03
      42   3.5597039370078740E+01       42   1.2309000000000001E+00   4.1384284022962358E-03
      42   3.5597039370078740E+01       43   1.2608000000000001E+00   4.1436382888717710E-03
      42   3.5597039370078740E+01       44   1.2907000000000002E+00   4.0251837702639567E-03
      42   3.5597039370078740E+01       45   1.3206000000000002E+00   3.7997615837697951E-03
      42   3.5597039370078740E+01       46   1.3505000000000000E+00   3.7045784753025938E-03
      42   3.5597039370078740E+01       47   1.3804000000000001E+00   3.8540253328646907E-03
      42   3.5597039370078740E+01       48   1.4103000000000001E+00   3.4570955904825213E-03
      42   3.5597039370078740E+01       49   1.4402000000000001E+00   3.6095669600256664E-03
      42   3.5597039370078740E+01       50   1.4701000000000002E+00   3.4706818598791451E-03
 
      43   3.6465259842519686E+01        1   5.0000000000000001E-03   1.4302745007718637E-01
      43   3.6465259842519686E+01        2   3.4900000000000000E-02   1.5820473804934151E-01
      43   3.6465259842519686E+01        3   6.4800000000000010E-02   2.0984304578008345E-01
      43   3.6465259842519686E+01        4   9.4700000000000006E-02   2.7450786872637545E-01
      43   3.6465259842519686E+01        5   1.2460000000000002E-01   2.8100079323065341E-01
      43   3.6465259842519686E+01        6   1.5450000000000003E-01   2.4815791905325246E-01
      43   3.6465259842519686E+01        7   1.8440000000000001E-01   2.5870308102776102E-01
      43   3.6465259842519686E+01        8   2.1430000000000002E-01   2.3878931280461610E-01
      43   3.6465259842519686E+01        9   2.4420000000000003E-01   1.7038266455605111E-01
      43   3.6465259842519686E+01       10   2.7410000000000001E-01   1.8986383882523683E-01
      43   3.6465259842519686E+01       11   3.0400000000000005E-01   2.1077930542364054E-01
      43   3.6465259842519686E+01       12   3.3390000000000003E-01   1.6410006020001508E-01
      43   3.6465259842519686E+01       13   3.6380000000000001E-01   1.5025543092214561E-01
      43   3.6465259842519686E+01       14   3.9370000000000005E-01   1.1721496253474795E-01
      43   3.6465259842519686E+01       15   4.2360000000000003E-01   7.7863859847031217E-02
      43   3.6465259842519686E+01       16   4.5350000000000007E-01   5.6966384917749045E-02
      43   3.6465259842519686E+01       17   4.8340000000000005E-01   3.2000210795413334E-02
      43   3.6465259842519686E+01       18   5.1330000000000009E-01   3.0386846369369842E-02
      43   3.6465259842519686E+01       19   5.4320000000000002E-01   2.8263709929635936E-02
      43   3.6465259842519686E+01       20   5.7310000000000005E-01   2.8947870347033926E-02
      43   3.6465259842519686E+01       21   6.0300000000000009E-01   2.3033584850131059E-02
      43   3.6465259842519686E+01       22   6.3290000000000002E-01   2.2897106699518593E-02
      43   3.6465259842519686E+01       23   6.6280000000000006E-01   2.2203051675460120E-02
      43   3.6465259842519686E+01       24   6.9270000000000009E-01   1.5569898746567678E-02
      43   3.6465259842519686E+01       25   7.2260000000000002E-01   8.0723270545349553E-03
      43   3.6465259842519686E+01       26   7.5250000000000006E-01   1.0453328867656059E-02
      43   3.6465259842519686E+01       27   7.8240000000000010E-01   1.1966170542654676E-02
      43   3.6465259842519686E+01       28   8.1230000000000013E-01   6.8516359380420989E-03
      43   3.6465259842519686E+01       29   8.4220000000000006E-01   7.4988319600144994E-03
      43   3.6465259842519686E+01       30   8.7210000000000010E-01   7.6821364373108507E-03
      43   3.6465259842519686E+01       31   9.0200000000000014E-01   5.3416724917331754E-03
      43   3.6465259842519686E+01       32   9.3190000000000006E-01   6.5457399422957528E-03
      43   3.6465259842519686E+01       33   9.6180000000000010E-01   5.3880806232388997E-03
      43   3.6465259842519686E+01       34   9.9170000000000014E-01   5.9269769375960360E-03
      43   3.6465259842519686E+01       35   1.0216000000000001E+00   4.9974941642791761E-03
      43   3.6465259842519686E+01       36   1.0515000000000001E+00   5.3941511037738088E-03
      43   3.6465259842519686E+01       37   1.0814000000000001E+00   4.8958363837880107E-03
      43   3.6465259842519686E+01       38   1.1113000000000002E+00   4.7595153363012227E-03
      43   3.6465259842519686E+01       39   1.1412000000000002E+00   4.8935098905319814E-03
      43   3.6465259842519686E+01       40   1.1711000000000000E+00   4.5239360384335507E-03
      43   3.6465259842519686E+01       41   1.2010000000000001E+00   4.4378318788468483E-03
      43   3.6465259842519686E+01       42   1.2309000000000001E+00   4.0911687567337660E-03
      43   3.6465259842519686E+01       43   1.2608000000000001E+00   4.1225787299045439E-03
      43   3.6465259842519686E+01       44   1.2907000000000002E+00   4.0638481362267418E-03
      43   3.6465259842519686E+01       45   1.3206000000000002E+00   3.7711236427333469E-03
      43   3.6465259842519686E+01       46   1.3505000000000000E+00   3.7578008006632197E-03
      43   3.6465259842519686E+01       47   1.3804000000000001E+00   3.8190151590069754E-03
      43   3.6465259842519686E+01       48   1.4103000000000001E+00   3.4869002701305306E-03
      43   3.6465259842519686E+01       49   1.4402000000000001E+00   3.5800627871550193E-03
      43   3.6465259842519686E+01       50   1.4701000000000002E+00   3.4808252937288033E-03
 
      44   3.7333480314960632E+01        1   5.0000000000000001E-03   1.4745113332998114E-01
      44   3.7333480314960632E+01        2   3.4900000000000000E-02   1.6100865532743336E-01
      44   3.7333480314960632E+01        3   6.4800000000000010E-02   2.1019574701283758E-01
      44   3.7333480314960632E+01        4   9.4700000000000006E-02   2.7550413653411238E-01
      44   3.7333480314960632E+01        5   1.2460000000000002E-01   2.8489765683208973E-01
      44   3.7333480314960632E+01        6   1.5450000000000003E-01   2.5272075090469531E-01
      44   3.7333480314960632E+01        7   1.8440000000000001E-01   2.6315074860695781E-01
      44   3.7333480314960632E+01        8   2.1430000000000002E-01   2.4348160355797113E-01
      44   3.7333480314960632E+01        9   2.4420000000000003E-01   1.7490742875702339E-01
      44   3.7333480314960632E+01       10   2.7410000000000001E-01   1.9441359321865959E-01
      44   3.7333480314960632E+01       11   3.0400000000000005E-01   2.1563156454188703E-01
      44   3.7333480314960632E+01       12   3.3390000000000003E-01   1.6723885950219286E-01
      44   3.7333480314960632E+01       13   3.6380000000000001E-01   1.5317003782718622E-01
      44   3.7333480314960632E+01       14   3.9370000000000005E-01   1.2165370659948241E-01
      44   3.7333480314960632E+01       15   4.2360000000000003E-01   8.1866860358460081E-02
      44   3.7333480314960632E+01       16   4.5350000000000007E-01   6.0080313293658517E-02
      44   3.7333480314960632E+01       17   4.8340000000000005E-01   3.3438181248043188E-02
      44   3.7333480314960632E+01       18   5.1330000000000009E-01   3.1428282971179396E-02
      44   3.7333480314960632E+01       19   5.4320000000000002E-01   2.8771348509745189E-02
      44   3.7333480314960632E+01       20   5.7310000000000005E-01   2.8633179465956636E-02
      44   3.7333480314960632E+01       21   6.0300000000000009E-01   2.2461957611431795E-02
      44   3.7333480314960632E+01       22   6.3290000000000002E-01   2.2457152867446980E-02
      44   3.7333480314960632E+01       23   6.6280000000000006E-01   2.1656322803066296E-02
      44   3.7333480314960632E+01       24   6.9270000000000009E-01   1.5449463726973620E-02
      44   3.7333480314960632E+01       25   7.2260000000000002E-01   8.0525790158518362E-03
      44   3.7333480314960632E+01       26   7.5250000000000006E-01   1.0167898477965592E-02
      44   3.7333480314960632E+01       27   7.8240000000000010E-01   1.1890399604155884E-02
      44   3.7333480314960632E+01       28   8.1230000000000013E-01   7.0833087077334881E-03
      44   3.7333480314960632E+01       29   8.4220000000000006E-01   7.4809807151084880E-03
      44   3.7333480314960632E+01       30   8.7210000000000010E-01   7.6619445294776089E-03
      44   3.7333480314960632E+01       31   9.0200000000000014E-01   5.4885147799511201E-03
      44   3.7333480314960632E+01       32   9.3190000000000006E-01   6.5425044199054865E-03
      44   3.7333480314960632E+01       33   9.6180000000000010E-01   5.3496042697266369E-03
      44   3.7333480314960632E+01       34   9.9170000000000014E-01   6.0840315971186385E-03
      44   3.7333480314960632E+01       35   1.0216000000000001E+00   5.0127503308219183E-03
      44   3.7333480314960632E+01       36   1.0515000000000001E+00   5.4168182782811485E-03
      44   3.7333480314960632E+01       37   1.0814000000000001E+00   5.0972610680847805E-03
      44   3.7333480314960632E+01       38   1.1113000000000002E+00   4.7129372063214560E-03
      44   3.7333480314960632E+01       39   1.1412000000000002E+00   5.0256572297946835E-03
      44   3.7333480314960632E+01       40   1.1711000000000000E+00   4.5088818500188602E-03
      44   3.7333480314960632E+01       41   1.2010000000000001E+00   4.4581004465188900E-03
      44   3.7333480314960632E+01       42   1.2309000000000001E+00   4.1573279663008906E-03
      44   3.7333480314960632E+01       43   1.2608000000000001E+00   4.1138716225121658E-03
      44   3.7333480314960632E+01       44   1.2907000000000002E+00   4.1937850230006667E-03
      44   3.7333480314960632E+01       45   1.3206000000000002E+00   3.7851420722777944E-03
      44   3.7333480314960632E+01       46   1.3505000000000000E+00   3.8910922122255814E-03
      44   3.7333480314960632E+01       47   1.3804000000000001E+00   3.8450555271703699E-03
      44   3.7333480314960632E+01       48   1.4103000000000001E+00   3.5988516223912407E-03
      44   3.7333480314960632E+01       49   1.4402000000000001E+00   3.5981774150232663E-03
      44   3.7333480314960632E+01       50   1.4701000000000002E+00   3.5634047520415571E-03
 
      45   3.8201700787401577E+01        1   5.0000000000000001E-03   1.4790441805586135E-01
      45   3.8201700787401577E+01        2   3.4900000000000000E-02   1.6064232374809370E-01
      45   3.8201700787401577E+01        3   6.4800000000000010E-02   2.0821713655784627E-01
      45   3.8201700787401577E+01        4   9.4700000000000006E-02   2.7494307883384650E-01
      45   3.8201700787401577E+01        5   1.2460000000000002E-01   2.8873075583510655E-01
      45   3.8201700787401577E+01        6   1.5450000000000003E-01   2.5907420103031892E-01
      45   3.8201700787401577E+01        7   1.8440000000000001E-01   2.6934975777824238E-01
      45   3.8201700787401577E+01        8   2.1430000000000002E-01   2.4815170228826666E-01
      45   3.8201700787401577E+01        9   2.4420000000000003E-01   1.7866609385606441E-01
      45   3.8201700787401577E+01       10   2.7410000000000001E-01   1.9972997620876923E-01
      45   3.8201700787401577E+01       11   3.0400000000000005E-01   2.2337498486598600E-01
      45   3.8201700787401577E+01       12   3.3390000000000003E-01   1.7392687146372082E-01
      45   3.8201700787401577E+01       13   3.6380000000000001E-01   1.5926178302501753E-01
      45   3.8201700787401577E+01       14   3.9370000000000005E-01   1.2821261143344551E-01
      45   3.8201700787401577E+01       15   4.2360000000000003E-01   8.8193633245929506E-02
      45   3.8201700787401577E+01       16   4.5350000000000007E-01   6.5886455581435133E-02
      45   3.8201700787401577E+01       17   4.8340000000000005E-01   3.6672200286754247E-02
      45   3.8201700787401577E+01       18   5.1330000000000009E-01   3.3406660810772121E-02
      45   3.8201700787401577E+01       19   5.4320000000000002E-01   3.0062973579212025E-02
      45   3.8201700787401577E+01       20   5.7310000000000005E-01   2.9338581744060885E-02
      45   3.8201700787401577E+01       21   6.0300000000000009E-01   2.2432400021529360E-02
      45   3.8201700787401577E+01       22   6.3290000000000002E-01   2.2437775458877655E-02
      45   3.8201700787401577E+01       23   6.6280000000000006E-01   2.1631737833005104E-02
      45   3.8201700787401577E+01       24   6.9270000000000009E-01   1.5739943241229223E-02
      45   3.8201700787401577E+01       25   7.2260000000000002E-01   8.4176472839851291E-03
      45   3.8201700787401577E+01       26   7.5250000000000006E-01   1.0307472282192075E-02
      45   3.8201700787401577E+01       27   7.8240000000000010E-01   1.1953994705476097E-02
      45   3.8201700787401577E+01       28   8.1230000000000013E-01   7.4549362723531579E-03
      45   3.8201700787401577E+01       29   8.4220000000000006E-01   7.7259157952626117E-03
      45   3.8201700787401577E+01       30   8.7210000000000010E-01   7.7330789383209340E-03
      45   3.8201700787401577E+01       31   9.0200000000000014E-01   5.7323785817457919E-03
      45   3.8201700787401577E+01       32   9.3190000000000006E-01   6.7146856016394845E-03
      45   3.8201700787401577E+01       33   9.6180000000000010E-01   5.3781512882848598E-03
      45   3.8201700787401577E+01       34   9.9170000000000014E-01   6.2989463833851697E-03
      45   3.8201700787401577E+01       35   1.0216000000000001E+00   5.1689816311336180E-03
      45   3.8201700787401577E+01       36   1.0515000000000001E+00   5.4612191200123774E-03
      45   3.8201700787401577E+01       37   1.0814000000000001E+00   5.3798456135127262E-03
      45   3.8201700787401577E+01       38   1.1113000000000002E+00   4.7816270223921004E-03
      45   3.8201700787401577E+01       39   1.1412000000000002E+00   5.1704682311102361E-03
      45   3.8201700787401577E+01       40   1.1711000000000000E+00   4.6349441218811616E-03
      45   3.8201700787401577E+01       41   1.2010000000000001E+00   4.4841440558388958E-03
      45   3.8201700787401577E+01       42   1.2309000000000001E+00   4.3297891476238026E-03
      45   3.8201700787401577E+01       43   1.2608000000000001E+00   4.1334005028506749E-03
      45   3.8201700787401577E+01       44   1.2907000000000002E+00   4.3721360017742184E-03
      45   3.8201700787401577E+01       45   1.3206000000000002E+00   3.8385555135322250E-03
      45   3.8201700787401577E+01       46   1.3505000000000000E+00   4.0522616685193255E-03
      45   3.8201700787401577E+01       47   1.3804000000000001E+00   3.9304488079209988E-03
      45   3.8201700787401577E+01       48   1.4103000000000001E+00   3.7465839646579208E-03
      45   3.8201700787401577E+01       49   1.4402000000000001E+00   3.6803573488307911E-03
      45   3.8201700787401577E+01       50   1.4701000000000002E+00   3.6831883973626419E-03
 
      46   3.9069921259842523E+01        1   5.0000000000000001E-03   1.4697481092889197E-01
      46   3.9069921259842523E+01        2   3.4900000000000000E-02   1.6007955670757737E-01
      46   3.9069921259842523E+01        3   6.4800000000000010E-02   2.0781878624158917E-01
      46   3.9069921259842523E+01        4   9.4700000000000006E-02   2.7645787205891809E-01
      46   3.9069921259842523E+01        5   1.2460000000000002E-01   2.9422978278284850E-01
      46   3.9069921259842523E+01        6   1.5450000000000003E-01   2.6760641976912319E-01
      46   3.9069921259842523E+01        7   1.8440000000000001E-01   2.7770947585950667E-01
      46   3.9069921259842523E+01        8   2.1430000000000002E-01   2.5373032219960878E-01
      46   3.9069921259842523E+01        9   2.4420000000000003E-01   1.8236785051639137E-01
      46   3.9069921259842523E+01       10   2.7410000000000001E-01   2.0540197736662419E-01
      46   3.9069921259842523E+01       11   3.0400000000000005E-01   2.3228397236341597E-01
      46   3.9069921259842523E+01       12   3.3390000000000003E-01   1.8278928422577453E-01
      46   3.9069921259842523E+01       13   3.6380000000000001E-01   1.6798451991344071E-01
      46   3.9069921259842523E+01       14   3.9370000000000005E-01   1.3615172643592816E-01
      46   3.9069921259842523E+01       15   4.2360000000000003E-01   9.5541681477256848E-02
      46   3.9069921259842523E+01       16   4.5350000000000007E-01   7.3176275288226636E-02
      46   3.9069921259842523E+01       17   4.8340000000000005E-01   4.1357665977835668E-02
      46   3.9069921259842523E+01       18   5.1330000000000009E-01   3.6132256754741493E-02
      46   3.9069921259842523E+01       19   5.4320000000000002E-01   3.1818160981753905E-02
      46   3.9069921259842523E+01       20   5.7310000000000005E-01   3.1055098865100154E-02
      46   3.9069921259842523E+01       21   6.0300000000000009E-01   2.3219290373439373E-02
      46   3.9069921259842523E+01       22   6.3290000000000002E-01   2.2886605909731361E-02
      46   3.9069921259842523E+01       23   6.6280000000000006E-01   2.2146752915121797E-02
      46   3.9069921259842523E+01       24   6.9270000000000009E-01   1.6508083362935050E-02
      46   3.9069921259842523E+01       25   7.2260000000000002E-01   9.0898694734506316E-03
      46   3.9069921259842523E+01       26   7.5250000000000006E-01   1.0864747009719894E-02
      46   3.9069921259842523E+01       27   7.8240000000000010E-01   1.2302646334179632E-02
      46   3.9069921259842523E+01       28   8.1230000000000013E-01   7.9189361553432380E-03
      46   3.9069921259842523E+01       29   8.4220000000000006E-01   8.2101020673372785E-03
      46   3.9069921259842523E+01       30   8.7210000000000010E-01   7.9539232170462906E-03
      46   3.9069921259842523E+01       31   9.0200000000000014E-01   6.0450159631801649E-03
      46   3.9069921259842523E+01       32   9.3190000000000006E-01   7.0696636367175115E-03
      46   3.9069921259842523E+01       33   9.6180000000000010E-01   5.5098327599778941E-03
      46   3.9069921259842523E+01       34   9.9170000000000014E-01   6.5797103346749717E-03
      46   3.9069921259842523E+01       35   1.0216000000000001E+00   5.4674944946290337E-03
      46   3.9069921259842523E+01       36   1.0515000000000001E+00   5.5586438171400469E-03
      46   3.9069921259842523E+01       37   1.0814000000000001E+00   5.6869411977881349E-03
      46   3.9069921259842523E+01       38   1.1113000000000002E+00   4.9839700190192930E-03
      46   3.9069921259842523E+01       39   1.1412000000000002E+00   5.3228494239768087E-03
      46   3.9069921259842523E+01       40   1.1711000000000000E+00   4.8993599289523185E-03
      46   3.9069921259842523E+01       41   1.2010000000000001E+00   4.5608426938681538E-03
      46   3.9069921259842523E+01       42   1.2309000000000001E+00   4.5936482963534059E-03
      46   3.9069921259842523E+01       43   1.2608000000000001E+00   4.2363874364795351E-03
      46   3.9069921259842523E+01       44   1.2907000000000002E+00   4.5853960379740192E-03
      46   3.9069921259842523E+01       45   1.3206000000000002E+00   3.9614964234323822E-03
      46   3.9069921259842523E+01       46   1.3505000000000000E+00   4.2214884578296724E-03
      46   3.9069921259842523E+01       47   1.3804000000000001E+00   4.0855262345106495E-03
      46   3.9069921259842523E+01       48   1.4103000000000001E+00   3.9039524818002850E-03
      46   3.9069921259842523E+01       49   1.4402000000000001E+00   3.8369334182756930E-03
      46   3.9069921259842523E+01       50   1.4701000000000002E+00   3.8364828038033282E-03
 
      47   3.9938141732283469E+01        1   5.0000000000000001E-03   1.4793720266909505E-01
      47   3.9938141732283469E+01        2   3.4900000000000000E-02   1.6239624764166374E-01
      47   3.9938141732283469E+01        3   6.4800000000000010E-02   2.1205822633759805E-01
      47   3.9938141732283469E+01        4   9.4700000000000006E-02   2.8245787931137195E-01
      47   3.9938141732283469E+01        5   1.2460000000000002E-01   3.0217327112406644E-01
      47   3.9938141732283469E+01        6   1.5450000000000003E-01   2.7774489750007064E-01
      47   3.9938141732283469E+01        7   1.8440000000000001E-01   2.8770678113479720E-01
      47   3.9938141732283469E+01        8   2.1430000000000002E-01   2.6058047204784124E-01
      47   3.9938141732283469E+01        9   2.4420000000000003E-01   1.8669791007886821E-01
      47   3.9938141732283469E+01       10   2.7410000000000001E-01   2.1126533552494170E-01
      47   3.9938141732283469E+01       11   3.0400000000000005E-01   2.4051610631626719E-01
      47   3.9938141732283469E+01       12   3.3390000000000003E-01   1.9168192339533249E-01
      47   3.9938141732283469E+01       13   3.6380000000000001E-01   1.7801194109567986E-01
      47   3.9938141732283469E+01       14   3.9370000000000005E-01   1.4487264322480567E-01
      47   3.9938141732283469E+01       15   4.2360000000000003E-01   1.0302079987458918E-01
      47   3.9938141732283469E+01       16   4.5350000000000007E-01   8.0545392224605591E-02
      47   3.9938141732283469E+01       17   4.8340000000000005E-01   4.6748240808847173E-02
      47   3.9938141732283469E+01       18   5.1330000000000009E-01   3.9491845404524203E-02
      47   3.9938141732283469E+01       19   5.4320000000000002E-01   3.3789127583360917E-02
      47   3.9938141732283469E+01       20   5.7310000000000005E-01   3.3414675094435194E-02
      47   3.9938141732283469E+01       21   6.0300000000000009E-01   2.4894266934465933E-02
      47   3.9938141732283469E+01       22   6.3290000000000002E-01   2.3891885665386744E-02
      47   3.9938141732283469E+01       23   6.6280000000000006E-01   2.3050421784014244E-02
      47   3.9938141732283469E+01       24   6.9270000000000009E-01   1.7641783750128461E-02
      47   3.9938141732283469E+01       25   7.2260000000000002E-01   9.9575970507569372E-03
      47   3.9938141732283469E+01       26   7.5250000000000006E-01   1.1646070680359270E-02
      47   3.9938141732283469E+01       27   7.8240000000000010E-01   1.2920446088170100E-02
      47   3.9938141732283469E+01       28   8.1230000000000013E-01   8.4423643055671210E-03
      47   3.9938141732283469E+01       29   8.4220000000000006E-01   8.8131627416900317E-03
      47   3.9938141732283469E+01       30   8.7210000000000010E-01   8.3067317756122250E-03
      47   3.9938141732283469E+01       31   9.0200000000000014E-01   6.3770888177596538E-03
      47   3.9938141732283469E+01       32   9.3190000000000006E-01   7.5490215536515321E-03
      47   3.9938141732283469E+01       33   9.6180000000000010E-01   5.7599858378818399E-03
      47   3.9938141732283469E+01       34   9.9170000000000014E-01   6.9063543477344679E-03
      47   3.9938141732283469E+01       35   1.0216000000000001E+00   5.8873708745087574E-03
      47   3.9938141732283469E+01       36   1.0515000000000001E+00   5.7484501838855158E-03
      47   3.9938141732283469E+01       37   1.0814000000000001E+00   5.9808138931603779E-03
      47   3.9938141732283469E+01       38   1.1113000000000002E+00   5.3085962028041845E-03
      47   3.9938141732283469E+01       39   1.1412000000000002E+00   5.4959948904751222E-03
      47   3.9938141732283469E+01       40   1.1711000000000000E+00   5.2613910377971402E-03
      47   3.9938141732283469E+01       41   1.2010000000000001E+00   4.7330226364769214E-03
      47   3.9938141732283469E+01       42   1.2309000000000001E+00   4.9144135753108730E-03
      47   3.9938141732283469E+01       43   1.2608000000000001E+00   4.4724688275233921E-03
      47   3.9938141732283469E+01       44   1.2907000000000002E+00   4.8331943503321199E-03
      47   3.9938141732283469E+01       45   1.3206000000000002E+00   4.1989513502647402E-03
      47   3.9938141732283469E+01       46   1.3505000000000000E+00   4.4073243999114466E-03
      47   3.9938141732283469E+01       47   1.3804000000000001E+00   4.3290278806857718E-03
      47   3.9938141732283469E+01       48   1.4103000000000001E+00   4.0733133083140733E-03
      47   3.9938141732283469E+01       49   1.4402000000000001E+00   4.0618771511063082E-03
      47   3.9938141732283469E+01       50   1.4701000000000002E+00   4.0253028079398753E-03
 
      48   4.0806362204724408E+01        1   5.0000000000000001E-03   1.5374944526411519E-01
      48   4.0806362204724408E+01        2   3.4900000000000000E-02   1.6972351227933458E-01
      48   4.0806362204724408E+01        3   6.4800000000000010E-02   2.2158059553144835E-01
      48   4.0806362204724408E+01        4   9.4700000000000006E-02   2.9213798486201353E-01
      48   4.0806362204724408E+01        5   1.2460000000000002E-01   3.1086700171630682E-01
      48   4.0806362204724408E+01        6   1.5450000000000003E-01   2.8752007480700792E-01
      48   4.0806362204724408E+01        7   1.8440000000000001E-01   2.9802982895024438E-01
      48   4.0806362204724408E+01        8   2.1430000000000002E-01   2.6828478340576783E-01
      48   4.0806362204724408E+01        9   2.4420000000000003E-01   1.9162550137119985E-01
      48   4.0806362204724408E+01       10   2.7410000000000001E-01   2.1696813726166081E-01
      48   4.0806362204724408E+01       11   3.0400000000000005E-01   2.4685807573485125E-01
      48   4.0806362204724408E+01       12   3.3390000000000003E-01   1.9883591008971399E-01
      48   4.0806362204724408E+01       13   3.6380000000000001E-01   1.8756243915459539E-01
      48   4.0806362204724408E+01       14   3.9370000000000005E-01   1.5357142358278250E-01
      48   4.0806362204724408E+01       15   4.2360000000000003E-01   1.1023106582497673E-01
      48   4.0806362204724408E+01       16   4.5350000000000007E-01   8.6978790394617769E-02
      48   4.0806362204724408E+01       17   4.8340000000000005E-01   5.1819376766733420E-02
      48   4.0806362204724408E+01       18   5.1330000000000009E-01   4.3144365205847968E-02
      48   4.0806362204724408E+01       19   5.4320000000000002E-01   3.5809451492470203E-02
      48   4.0806362204724408E+01       20   5.7310000000000005E-01   3.5807265710800340E-02
      48   4.0806362204724408E+01       21   6.0300000000000009E-01   2.7099938433015926E-02
      48   4.0806362204724408E+01       22   6.3290000000000002E-01   2.5413303684160327E-02
      48   4.0806362204724408E+01       23   6.6280000000000006E-01   2.4093760632946007E-02
      48   4.0806362204724408E+01       24   6.9270000000000009E-01   1.8856764626041699E-02
      48   4.0806362204724408E+01       25   7.2260000000000002E-01   1.0920998186482969E-02
      48   4.0806362204724408E+01       26   7.5250000000000006E-01   1.2422746410249428E-02
      48   4.0806362204724408E+01       27   7.8240000000000010E-01   1.3591916542772621E-02
      48   4.0806362204724408E+01       28   8.1230000000000013E-01   8.9646437527679361E-03
      48   4.0806362204724408E+01       29   8.4220000000000006E-01   9.3935230633749832E-03
      48   4.0806362204724408E+01       30   8.7210000000000010E-01   8.6958092211645160E-03
      48   4.0806362204724408E+01       31   9.0200000000000014E-01   6.6679258786937010E-03
      48   4.0806362204724408E+01       32   9.3190000000000006E-01   8.0341032563186338E-03
      48   4.0806362204724408E+01       33   9.6180000000000010E-01   6.0800775514586571E-03
      48   4.0806362204724408E+01       34   9.9170000000000014E-01   7.2003316054803108E-03
      48   4.0806362204724408E+01       35   1.0216000000000001E+00   6.3343662062873406E-03
      48   4.0806362204724408E+01       36   1.0515000000000001E+00   6.0236483416026745E-03
      48   4.0806362204724408E+01       37   1.0814000000000001E+00   6.2197191014077748E-03
      48   4.0806362204724408E+01       38   1.1113000000000002E+00   5.7024076658381360E-03
      48   4.0806362204724408E+01       39   1.1412000000000002E+00   5.6848422457989834E-03
      48   4.0806362204724408E+01       40   1.1711000000000000E+00   5.6307660257798060E-03
      48   4.0806362204724408E+01       41   1.2010000000000001E+00   4.9926658566415696E-03
      48   4.0806362204724408E+01       42   1.2309000000000001E+00   5.2116503682745471E-03
      48   4.0806362204724408E+01       43   1.2608000000000001E+00   4.8110852092022533E-03
      48   4.0806362204724408E+01       44   1.2907000000000002E+00   5.0628983434958868E-03
      48   4.0806362204724408E+01       45   1.3206000000000002E+00   4.5274049363661787E-03
      48   4.0806362204724408E+01       46   1.3505000000000000E+00   4.5907926910080370E-03
      48   4.0806362204724408E+01       47   1.3804000000000001E+00   4.6327362862177866E-03
      48   4.0806362204724408E+01       48   1.4103000000000001E+00   4.2463922904157278E-03
      48   4.0806362204724408E+01       49   1.4402000000000001E+00   4.3124245685129074E-03
      48   4.0806362204724408E+01       50   1.4701000000000002E+00   4.2098758955239762E-03
 
      49   4.1674582677165354E+01        1   5.0000000000000001E-03   1.6499128870962315E-01
      49   4.1674582677165354E+01        2   3.4900000000000000E-02   1.8185841730544516E-01
      49   4.1674582677165354E+01        3   6.4800000000000010E-02   2.3449583703361354E-01
      49   4.1674582677165354E+01        4   9.4700000000000006E-02   3.0252529467628475E-01
      49   4.1674582677165354E+01        5   1.2460000000000002E-01   3.1746813288319675E-01
      49   4.1674582677165354E+01        6   1.5450000000000003E-01   2.9434671921449285E-01
      49   4.1674582677165354E+01        7   1.8440000000000001E-01   3.0660697153934641E-01
      49   4.1674582677165354E+01        8   2.1430000000000002E-01   2.7546737916581177E-01
      49   4.1674582677165354E+01        9   2.4420000000000003E-01   1.9641291741209108E-01
      49   4.1674582677165354E+01       10   2.7410000000000001E-01   2.2187553792587900E-01
      49   4.1674582677165354E+01       11   3.0400000000000005E-01   2.5071958750957363E-01
      49   4.1674582677165354E+01       12   3.3390000000000003E-01   2.0328930153754154E-01
      49   4.1674582677165354E+01       13   3.6380000000000001E-01   1.9483998228000687E-01
      49   4.1674582677165354E+01       14   3.9370000000000005E-01   1.6087122778501617E-01
      49   4.1674582677165354E+01       15   4.2360000000000003E-01   1.1665980389628348E-01
      49   4.1674582677165354E+01       16   4.5350000000000007E-01   9.1951320491849828E-02
      49   4.1674582677165354E+01       17   4.8340000000000005E-01   5.5617744780342988E-02
      49   4.1674582677165354E+01       18   5.1330000000000009E-01   4.6357867048144624E-02
      49   4.1674582677165354E+01       19   5.4320000000000002E-01   3.7682950858032999E-02
      49   4.1674582677165354E+01       20   5.7310000000000005E-01   3.7740612408210375E-02
      49   4.1674582677165354E+01       21   6.0300000000000009E-01   2.9216625785507024E-02
      49   4.1674582677165354E+01       22   6.3290000000000002E-01   2.7207091016098122E-02
      49   4.1674582677165354E+01       23   6.6280000000000006E-01   2.5105341344980058E-02
      49   4.1674582677165354E+01       24   6.9270000000000009E-01   1.9849843362705569E-02
      49   4.1674582677165354E+01       25   7.2260000000000002E-01   1.1876285031176813E-02
      49   4.1674582677165354E+01       26   7.5250000000000006E-01   1.3106939041682456E-02
      49   4.1674582677165354E+01       27   7.8240000000000010E-01   1.4095769723033360E-02
      49   4.1674582677165354E+01       28   8.1230000000000013E-01   9.3917400756121840E-03
      49   4.1674582677165354E+01       29   8.4220000000000006E-01   9.8776121710061841E-03
      49   4.1674582677165354E+01       30   8.7210000000000010E-01   9.0421114507145978E-03
      49   4.1674582677165354E+01       31   9.0200000000000014E-01   6.8760279553424569E-03
      49   4.1674582677165354E+01       32   9.3190000000000006E-01   8.4259309205335781E-03
      49   4.1674582677165354E+01       33   9.6180000000000010E-01   6.3897720471229056E-03
      49   4.1674582677165354E+01       34   9.9170000000000014E-01   7.3852114835888652E-03
      49   4.1674582677165354E+01       35   1.0216000000000001E+00   6.6818516564959799E-03
      49   4.1674582677165354E+01       36   1.0515000000000001E+00   6.3154738593002710E-03
      49   4.1674582677165354E+01       37   1.0814000000000001E+00   6.3649953601516021E-03
      49   4.1674582677165354E+01       38   1.1113000000000002E+00   6.0735984855747240E-03
      49   4.1674582677165354E+01       39   1.1412000000000002E+00   5.8738917532208529E-03
      49   4.1674582677165354E+01       40   1.1711000000000000E+00   5.9049047015976497E-03
      49   4.1674582677165354E+01       41   1.2010000000000001E+00   5.2881229283529077E-03
      49   4.1674582677165354E+01       42   1.2309000000000001E+00   5.4011567541174125E-03
      49   4.1674582677165354E+01       43   1.2608000000000001E+00   5.1566349622899398E-03
      49   4.1674582677165354E+01       44   1.2907000000000002E+00   5.2040659610139758E-03
      49   4.1674582677165354E+01       45   1.3206000000000002E+00   4.8428825791018383E-03
      49   4.1674582677165354E+01       46   1.3505000000000000E+00   4.7281662063147802E-03
      49   4.1674582677165354E+01       47   1.3804000000000001E+00   4.9040191816795455E-03
      49   4.1674582677165354E+01       48   1.4103000000000001E+00   4.3923491940645642E-03
      49   4.1674582677165354E+01       49   1.4402000000000001E+00   4.5250351822323223E-03
      49   4.1674582677165354E+01       50   1.4701000000000002E+00   4.3445138762639723E-03
 
      50   4.2542803149606300E+01        1   5.0000000000000001E-03   1.7819753379548026E-01
      50   4.2542803149606300E+01        2   3.4900000000000000E-02   1.9542369605111437E-01
      50   4.2542803149606300E+01        3   6.4800000000000010E-02   2.4743210383332237E-01
      50   4.2542803149606300E+01        4   9.4700000000000006E-02   3.1101551716972259E-01
      50   4.2542803149606300E+01        5   1.2460000000000002E-01   3.2044325269398366E-01
      50   4.2542803149606300E+01        6   1.5450000000000003E-01   2.9642799595269287E-01
      50   4.2542803149606300E+01        7   1.8440000000000001E-01   3.1071116100711205E-01
      50   4.2542803149606300E+01        8   2.1430000000000002E-01   2.7953248555474824E-01
      50   4.2542803149606300E+01        9   2.4420000000000003E-01   1.9981089533362240E-01
      50   4.2542803149606300E+01       10   2.7410000000000001E-01   2.2542450146497151E-01
      50   4.2542803149606300E+01       11   3.0400000000000005E-01   2.5198996224932485E-01
      50   4.2542803149606300E+01       12   3.3390000000000003E-01   2.0471183977676191E-01
      50   4.2542803149606300E+01       13   3.6380000000000001E-01   1.9848729783191824E-01
      50   4.2542803149606300E+01       14   3.9370000000000005E-01   1.6510005736460778E-01
      50   4.2542803149606300E+01       15   4.2360000000000003E-01   1.2126534785254434E-01
      50   4.2542803149606300E+01       16   4.5350000000000007E-01   9.5102974968063136E-02
      50   4.2542803149606300E+01       17   4.8340000000000005E-01   5.7609503002676199E-02
      50   4.2542803149606300E+01       18   5.1330000000000009E-01   4.8311649185462407E-02
      50   4.2542803149606300E+01       19   5.4320000000000002E-01   3.9115797230203433E-02
      50   4.2542803149606300E+01       20   5.7310000000000005E-01   3.9075676929033722E-02
      50   4.2542803149606300E+01       21   6.0300000000000009E-01   3.0770815800229955E-02
      50   4.2542803149606300E+01       22   6.3290000000000002E-01   2.8902996407906688E-02
      50   4.2542803149606300E+01       23   6.6280000000000006E-01   2.6053226296134324E-02
      50   4.2542803149606300E+01       24   6.9270000000000009E-01   2.0462987129096815E-02
      50   4.2542803149606300E+01       25   7.2260000000000002E-01   1.2666663387091805E-02
      50   4.2542803149606300E+01       26   7.5250000000000006E-01   1.3731575896421429E-02
      50   4.2542803149606300E+01       27   7.8240000000000010E-01   1.4383454822823230E-02
      50   4.2542803149606300E+01       28   8.1230000000000013E-01   9.6256242082204645E-03
      50   4.2542803149606300E+01       29   8.4220000000000006E-01   1.0239447414294384E-02
      50   4.2542803149606300E+01       30   8.7210000000000010E-01   9.3276896004947808E-03
      50   4.2542803149606300E+01       31   9.0200000000000014E-01   6.9878563153916006E-03
      50   4.2542803149606300E+01       32   9.3190000000000006E-01   8.6878176668872837E-03
      50   4.2542803149606300E+01       33   9.6180000000000010E-01   6.6417124097735234E-03
      50   4.2542803149606300E+01       34   9.9170000000000014E-01   7.4543831462885865E-03
      50   4.2542803149606300E+01       35   1.0216000000000001E+00   6.8698979777492035E-03
      50   4.2542803149606300E+01       36   1.0515000000000001E+00   6.5461450669861837E-03
      50   4.2542803149606300E+01       37   1.0814000000000001E+00   6.4101861583396296E-03
      50   4.2542803149606300E+01       38   1.1113000000000002E+00   6.3257287037736610E-03
      50   4.2542803149606300E+01       39   1.1412000000000002E+00   6.0452263076195478E-03
      50   4.2542803149606300E+01       40   1.1711000000000000E+00   6.0253765101399639E-03
      50   4.2542803149606300E+01       41   1.2010000000000001E+00   5.5483800736336507E-03
      50   4.2542803149606300E+01       42   1.2309000000000001E+00   5.4616017414472967E-03
      50   4.2542803149606300E+01       43   1.2608000000000001E+00   5.4077676989973825E-03
      50   4.2542803149606300E+01       44   1.2907000000000002E+00   5.2505068372303669E-03
      50   4.2542803149606300E+01       45   1.3206000000000002E+00   5.0331249289662762E-03
      50   4.2542803149606300E+01       46   1.3505000000000000E+00   4.7980175739019736E-03
      50   4.2542803149606300E+01       47   1.3804000000000001E+00   5.0378731184691390E-03
      50   4.2542803149606300E+01       48   1.4103000000000001E+00   4.4780816019327390E-03
      50   4.2542803149606300E+01       49   1.4402000000000001E+00   4.6392247075403240E-03
      50   4.2542803149606300E+01       50   1.4701000000000002E+00   4.4207521015033344E-03
 
      51   4.3411023622047246E+01        1   5.0000000000000001E-03   1.8749546468798481E-01
      51   4.3411023622047246E+01        2   3.4900000000000000E-02   2.0531187305443463E-01
      51   4.3411023622047246E+01        3   6.4800000000000010E-02   2.5685698931925688E-01
      51   4.3411023622047246E+01        4   9.4700000000000006E-02   3.1613652500330058E-01
      51   4.3411023622047246E+01        5   1.2460000000000002E-01   3.1971414375347645E-01
      51   4.3411023622047246E+01        6   1.5450000000000003E-01   2.9314468804338856E-01
      51   4.3411023622047246E+01        7   1.8440000000000001E-01   3.0780071683944782E-01
      51   4.3411023622047246E+01        8   2.1430000000000002E-01   2.7740845345610665E-01
      51   4.3411023622047246E+01        9   2.4420000000000003E-01   2.0022273535131374E-01
      51   4.3411023622047246E+01       10   2.7410000000000001E-01   2.2723306910134983E-01
      51   4.3411023622047246E+01       11   3.0400000000000005E-01   2.5103422624100213E-01
      51   4.3411023622047246E+01       12   3.3390000000000003E-01   2.0327461456894103E-01
      51   4.3411023622047246E+01       13   3.6380000000000001E-01   1.9791393311914315E-01
      51   4.3411023622047246E+01       14   3.9370000000000005E-01   1.6504059215584760E-01
      51   4.3411023622047246E+01       15   4.2360000000000003E-01   1.2280392883002084E-01
      51   4.3411023622047246E+01       16   4.5350000000000007E-01   9.6008227447200944E-02
      51   4.3411023622047246E+01       17   4.8340000000000005E-01   5.7783521745613721E-02
      51   4.3411023622047246E+01       18   5.1330000000000009E-01   4.8630576601441655E-02
      51   4.3411023622047246E+01       19   5.4320000000000002E-01   3.9804786307308229E-02
      51   4.3411023622047246E+01       20   5.7310000000000005E-01   3.9892957761011157E-02
      51   4.3411023622047246E+01       21   6.0300000000000009E-01   3.1666076251109530E-02
      51   4.3411023622047246E+01       22   6.3290000000000002E-01   3.0162369660197617E-02
      51   4.3411023622047246E+01       23   6.6280000000000006E-01   2.6903349272428323E-02
      51   4.3411023622047246E+01       24   6.9270000000000009E-01   2.0700160623143088E-02
      51   4.3411023622047246E+01       25   7.2260000000000002E-01   1.3102870968596702E-02
      51   4.3411023622047246E+01       26   7.5250000000000006E-01   1.4261592892307839E-02
      51   4.3411023622047246E+01       27   7.8240000000000010E-01   1.4524324589898576E-02
      51   4.3411023622047246E+01       28   8.1230000000000013E-01   9.6052863000061512E-03
      51   4.3411023622047246E+01       29   8.4220000000000006E-01   1.0413308573455600E-02
      51   4.3411023622047246E+01       30   8.7210000000000010E-01   9.5302181052141013E-03
      51   4.3411023622047246E+01       31   9.0200000000000014E-01   6.9935358618195761E-03
      51   4.3411023622047246E+01       32   9.3190000000000006E-01   8.7920384847322824E-03
      51   4.3411023622047246E+01       33   9.6180000000000010E-01   6.8182743001225180E-03
      51   4.3411023622047246E+01       34   9.9170000000000014E-01   7.4397083497162297E-03
      51   4.3411023622047246E+01       35   1.0216000000000001E+00   6.9123785477630808E-03
      51   4.3411023622047246E+01       36   1.0515000000000001E+00   6.6748663104928361E-03
      51   4.3411023622047246E+01       37   1.0814000000000001E+00   6.3617601815290819E-03
      51   4.3411023622047246E+01       38   1.1113000000000002E+00   6.3992160627301216E-03
      51   4.3411023622047246E+01       39   1.1412000000000002E+00   6.1530956149396607E-03
      51   4.3411023622047246E+01       40   1.1711000000000000E+00   5.9913524481727994E-03
      51   4.3411023622047246E+01       41   1.2010000000000001E+00   5.6857502539200532E-03
      51   4.3411023622047246E+01       42   1.2309000000000001E+00   5.4196390879530567E-03
      51   4.3411023622047246E+01       43   1.2608000000000001E+00   5.4786170756131640E-03
      51   4.3411023622047246E+01       44   1.2907000000000002E+00   5.2313134214642511E-03
      51   4.3411023622047246E+01       45   1.3206000000000002E+00   5.0335178289302104E-03
      51   4.3411023622047246E+01       46   1.3505000000000000E+00   4.8007227292434567E-03
      51   4.3411023622047246E+01       47   1.3804000000000001E+00   4.9834615090015803E-03
      51   4.3411023622047246E+01       48   1.4103000000000001E+00   4.4830319163436079E-03
      51   4.3411023622047246E+01       49   1.4402000000000001E+00   4.6093509161782131E-03
      51   4.3411023622047246E+01       50   1.4701000000000002E+00   4.4392558269124027E-03
 
      52   4.4279244094488192E+01        1   5.0000000000000001E-03   1.8841317990306256E-01
      52   4.4279244094488192E+01        2   3.4900000000000000E-02   2.0745987586372514E-01
      52   4.4279244094488192E+01        3   6.4800000000000010E-02   2.5989253191352901E-01
      52   4.4279244094488192E+01        4   9.4700000000000006E-02   3.1657603604257978E-01
      52   4.4279244094488192E+01        5   1.2460000000000002E-01   3.1516056473418508E-01
      52   4.4279244094488192E+01        6   1.5450000000000003E-01   2.8451113770968384E-01
      52   4.4279244094488192E+01        7   1.8440000000000001E-01   2.9678547849744430E-01
      52   4.4279244094488192E+01        8   2.1430000000000002E-01   2.6735260667433336E-01
      52   4.4279244094488192E+01        9   2.4420000000000003E-01   1.9619392885185782E-01
      52   4.4279244094488192E+01       10   2.7410000000000001E-01   2.2672658883421787E-01
      52   4.4279244094488192E+01       11   3.0400000000000005E-01   2.4841249163025186E-01
      52   4.4279244094488192E+01       12   3.3390000000000003E-01   1.9963276604185901E-01
      52   4.4279244094488192E+01       13   3.6380000000000001E-01   1.9338639284443512E-01
      52   4.4279244094488192E+01       14   3.9370000000000005E-01   1.6045988432649028E-01
      52   4.4279244094488192E+01       15   4.2360000000000003E-01   1.2053318221836801E-01
      52   4.4279244094488192E+01       16   4.5350000000000007E-01   9.4347924427816435E-02
      52   4.4279244094488192E+01       17   4.8340000000000005E-01   5.6485046768760309E-02
      52   4.4279244094488192E+01       18   5.1330000000000009E-01   4.7600980155325934E-02
      52   4.4279244094488192E+01       19   5.4320000000000002E-01   3.9620706987503147E-02
      52   4.4279244094488192E+01       20   5.7310000000000005E-01   4.0204693134676353E-02
      52   4.4279244094488192E+01       21   6.0300000000000009E-01   3.2056376799469224E-02
      52   4.4279244094488192E+01       22   6.3290000000000002E-01   3.0836671135764385E-02
      52   4.4279244094488192E+01       23   6.6280000000000006E-01   2.7504200877491797E-02
      52   4.4279244094488192E+01       24   6.9270000000000009E-01   2.0619219121350479E-02
      52   4.4279244094488192E+01       25   7.2260000000000002E-01   1.3085277065905419E-02
      52   4.4279244094488192E+01       26   7.5250000000000006E-01   1.4529418905290496E-02
      52   4.4279244094488192E+01       27   7.8240000000000010E-01   1.4551093842287798E-02
      52   4.4279244094488192E+01       28   8.1230000000000013E-01   9.3584013846961245E-03
      52   4.4279244094488192E+01       29   8.4220000000000006E-01   1.0308958106311942E-02
      52   4.4279244094488192E+01       30   8.7210000000000010E-01   9.5756702303209269E-03
      52   4.4279244094488192E+01       31   9.0200000000000014E-01   6.8807279341129048E-03
      52   4.4279244094488192E+01       32   9.3190000000000006E-01   8.6823864339204016E-03
      52   4.4279244094488192E+01       33   9.6180000000000010E-01   6.8851813051203775E-03
      52   4.4279244094488192E+01       34   9.9170000000000014E-01   7.3464354958834811E-03
      52   4.4279244094488192E+01       35   1.0216000000000001E+00   6.8171054007111920E-03
      52   4.4279244094488192E+01       36   1.0515000000000001E+00   6.6950362044090588E-03
      52   4.4279244094488192E+01       37   1.0814000000000001E+00   6.2126721794716275E-03
      52   4.4279244094488192E+01       38   1.1113000000000002E+00   6.2974594987140441E-03
      52   4.4279244094488192E+01       39   1.1412000000000002E+00   6.1462925817513930E-03
      52   4.4279244094488192E+01       40   1.1711000000000000E+00   5.8404321254328841E-03
      52   4.4279244094488192E+01       41   1.2010000000000001E+00   5.6412572711858301E-03
      52   4.4279244094488192E+01       42   1.2309000000000001E+00   5.2994481498411568E-03
      52   4.4279244094488192E+01       43   1.2608000000000001E+00   5.3361431457327789E-03
      52   4.4279244094488192E+01       44   1.2907000000000002E+00   5.1469148235824018E-03
      52   4.4279244094488192E+01       45   1.3206000000000002E+00   4.8497639417016151E-03
      52   4.4279244094488192E+01       46   1.3505000000000000E+00   4.7360296136625749E-03
      52   4.4279244094488192E+01       47   1.3804000000000001E+00   4.7757349763504825E-03
      52   4.4279244094488192E+01       48   1.4103000000000001E+00   4.4111900043991379E-03
      52   4.4279244094488192E+01       49   1.4402000000000001E+00   4.4410278186282955E-03
      52   4.4279244094488192E+01       50   1.4701000000000002E+00   4.3919963046743088E-03
 
      53   4.5147464566929138E+01        1   5.0000000000000001E-03   1.8011224302053319E-01
      53   4.5147464566929138E+01        2   3.4900000000000000E-02   2.0053189760446327E-01
      53   4.5147464566929138E+01        3   6.4800000000000010E-02   2.5472729863631810E-01
      53   4.5147464566929138E+01        4   9.4700000000000006E-02   3.1081463743601767E-01
      53   4.5147464566929138E+01        5   1.2460000000000002E-01   3.0631577163632590E-01
      53   4.5147464566929138E+01        6   1.5450000000000003E-01   2.7114404115740121E-01
      53   4.5147464566929138E+01        7   1.8440000000000001E-01   2.7885631320607152E-01
      53   4.5147464566929138E+01        8   2.1430000000000002E-01   2.5029105327123047E-01
      53   4.5147464566929138E+01        9   2.4420000000000003E-01   1.8720499868890469E-01
      53   4.5147464566929138E+01       10   2.7410000000000001E-01   2.2292336202555335E-01
      53   4.5147464566929138E+01       11   3.0400000000000005E-01   2.4426231807608964E-01
      53   4.5147464566929138E+01       12   3.3390000000000003E-01   1.9466595276489113E-01
      53   4.5147464566929138E+01       13   3.6380000000000001E-01   1.8595161929132292E-01
      53   4.5147464566929138E+01       14   3.9370000000000005E-01   1.5219396302308594E-01
      53   4.5147464566929138E+01       15   4.2360000000000003E-01   1.1464598022230776E-01
      53   4.5147464566929138E+01       16   4.5350000000000007E-01   9.0228440229840140E-02
      53   4.5147464566929138E+01       17   4.8340000000000005E-01   5.4153676933606232E-02
      53   4.5147464566929138E+01       18   5.1330000000000009E-01   4.5868583184342657E-02
      53   4.5147464566929138E+01       19   5.4320000000000002E-01   3.8706372244728636E-02
      53   4.5147464566929138E+01       20   5.7310000000000005E-01   3.9875996291612967E-02
      53   4.5147464566929138E+01       21   6.0300000000000009E-01   3.2044335460026725E-02
      53   4.5147464566929138E+01       22   6.3290000000000002E-01   3.0988070187730848E-02
      53   4.5147464566929138E+01       23   6.6280000000000006E-01   2.7692785767226884E-02
      53   4.5147464566929138E+01       24   6.9270000000000009E-01   2.0257155272476242E-02
      53   4.5147464566929138E+01       25   7.2260000000000002E-01   1.2691809838340968E-02
      53   4.5147464566929138E+01       26   7.5250000000000006E-01   1.4411232380763745E-02
      53   4.5147464566929138E+01       27   7.8240000000000010E-01   1.4429303181493431E-02
      53   4.5147464566929138E+01       28   8.1230000000000013E-01   9.0003359285452025E-03
      53   4.5147464566929138E+01       29   8.4220000000000006E-01   9.9307082079364579E-03
      53   4.5147464566929138E+01       30   8.7210000000000010E-01   9.4035978236942253E-03
      53   4.5147464566929138E+01       31   9.0200000000000014E-01   6.6648854571672890E-03
      53   4.5147464566929138E+01       32   9.3190000000000006E-01   8.3419855319542269E-03
      53   4.5147464566929138E+01       33   9.6180000000000010E-01   6.7964069174629837E-03
      53   4.5147464566929138E+01       34   9.9170000000000014E-01   7.1661034300747077E-03
      53   4.5147464566929138E+01       35   1.0216000000000001E+00   6.5645024758128915E-03
      53   4.5147464566929138E+01       36   1.0515000000000001E+00   6.6131496494025842E-03
      53   4.5147464566929138E+01       37   1.0814000000000001E+00   5.9750859627978933E-03
      53   4.5147464566929138E+01       38   1.1113000000000002E+00   6.0681088992595288E-03
      53   4.5147464566929138E+01       39   1.1412000000000002E+00   6.0332155321144946E-03
      53   4.5147464566929138E+01       40   1.1711000000000000E+00   5.6258059953695760E-03
      53   4.5147464566929138E+01       41   1.2010000000000001E+00   5.4488403544890257E-03
      53   4.5147464566929138E+01       42   1.2309000000000001E+00   5.1299734273378538E-03
      53   4.5147464566929138E+01       43   1.2608000000000001E+00   5.0531999797859177E-03
      53   4.5147464566929138E+01       44   1.2907000000000002E+00   5.0033392099094569E-03
      53   4.5147464566929138E+01       45   1.3206000000000002E+00   4.5652532228155820E-03
      53   4.5147464566929138E+01       46   1.3505000000000000E+00   4.6145444949533083E-03
      53   4.5147464566929138E+01       47   1.3804000000000001E+00   4.5146651186816281E-03
      53   4.5147464566929138E+01       48   1.4103000000000001E+00   4.2939578359675523E-03
      53   4.5147464566929138E+01       49   1.4402000000000001E+00   4.2191397431711594E-03
      53   4.5147464566929138E+01       50   1.4701000000000002E+00   4.2904206660865432E-03
 
      54   4.6015685039370084E+01        1   5.0000000000000001E-03   1.6444618566360028E-01
      54   4.6015685039370084E+01        2   3.4900000000000000E-02   1.8557998675920226E-01
      54   4.6015685039370084E+01        3   6.4800000000000010E-02   2.4104683519171158E-01
      54   4.6015685039370084E+01        4   9.4700000000000006E-02   2.9806824007589861E-01
      54   4.6015685039370084E+01        5   1.2460000000000002E-01   2.9333549087304389E-01
      54   4.6015685039370084E+01        6   1.5450000000000003E-01   2.5477203950404581E-01
      54   4.6015685039370084E+01        7   1.8440000000000001E-01   2.5740293640151396E-01
      54   4.6015685039370084E+01        8   2.1430000000000002E-01   2.2968294082003171E-01
      54   4.6015685039370084E+01        9   2.4420000000000003E-01   1.7427952976423450E-01
      54   4.6015685039370084E+01       10   2.7410000000000001E-01   2.1497916345653958E-01
      54   4.6015685039370084E+01       11   3.0400000000000005E-01   2.3804963689874351E-01
      54   4.6015685039370084E+01       12   3.3390000000000003E-01   1.8900765827051760E-01
      54   4.6015685039370084E+01       13   3.6380000000000001E-01   1.7725015746238626E-01
      54   4.6015685039370084E+01       14   3.9370000000000005E-01   1.4203648546074341E-01
      54   4.6015685039370084E+01       15   4.2360000000000003E-01   1.0626915907656548E-01
      54   4.6015685039370084E+01       16   4.5350000000000007E-01   8.4246338261952963E-02
      54   4.6015685039370084E+01       17   4.8340000000000005E-01   5.1128649832634945E-02
      54   4.6015685039370084E+01       18   5.1330000000000009E-01   4.3961512716545442E-02
      54   4.6015685039370084E+01       19   5.4320000000000002E-01   3.7388216551174261E-02
      54   4.6015685039370084E+01       20   5.7310000000000005E-01   3.8802683503222836E-02
      54   4.6015685039370084E+01       21   6.0300000000000009E-01   3.1526070662731484E-02
      54   4.6015685039370084E+01       22   6.3290000000000002E-01   3.0721103883231956E-02
      54   4.6015685039370084E+01       23   6.6280000000000006E-01   2.7466556997160281E-02
      54   4.6015685039370084E+01       24   6.9270000000000009E-01   1.9665428912156155E-02
      54   4.6015685039370084E+01       25   7.2260000000000002E-01   1.2107066797698598E-02
      54   4.6015685039370084E+01       26   7.5250000000000006E-01   1.3982095406235025E-02
      54   4.6015685039370084E+01       27   7.8240000000000010E-01   1.4137288607676593E-02
      54   4.6015685039370084E+01       28   8.1230000000000013E-01   8.6362274309255121E-03
      54   4.6015685039370084E+01       29   8.4220000000000006E-01   9.4115579236751703E-03
      54   4.6015685039370084E+01       30   8.7210000000000010E-01   9.0543368657261328E-03
      54   4.6015685039370084E+01       31   9.0200000000000014E-01   6.3987692310359494E-03
      54   4.6015685039370084E+01       32   9.3190000000000006E-01   7.8601301061227112E-03
      54   4.6015685039370084E+01       33   9.6180000000000010E-01   6.5427593050839498E-03
      54   4.6015685039370084E+01       34   9.9170000000000014E-01   6.9235181412734808E-03
      54   4.6015685039370084E+01       35   1.0216000000000001E+00   6.1722105301304370E-03
      54   4.6015685039370084E+01       36   1.0515000000000001E+00   6.4298781034823910E-03
      54   4.6015685039370084E+01       37   1.0814000000000001E+00   5.7074852327671068E-03
      54   4.6015685039370084E+01       38   1.1113000000000002E+00   5.7467846577772775E-03
      54   4.6015685039370084E+01       39   1.1412000000000002E+00   5.8596481406379894E-03
      54   4.6015685039370084E+01       40   1.1711000000000000E+00   5.3845034125892637E-03
      54   4.6015685039370084E+01       41   1.2010000000000001E+00   5.1889705091612143E-03
      54   4.6015685039370084E+01       42   1.2309000000000001E+00   4.9497777308100720E-03
      54   4.6015685039370084E+01       43   1.2608000000000001E+00   4.7490184401121098E-03
      54   4.6015685039370084E+01       44   1.2907000000000002E+00   4.8386027199533643E-03
      54   4.6015685039370084E+01       45   1.3206000000000002E+00   4.2878665411265737E-03
      54   4.6015685039370084E+01       46   1.3505000000000000E+00   4.4565424468054806E-03
      54   4.6015685039370084E+01       47   1.3804000000000001E+00   4.2928448164121476E-03
      54   4.6015685039370084E+01       48   1.4103000000000001E+00   4.1535269257072212E-03
      54   4.6015685039370084E+01       49   1.4402000000000001E+00   4.0424173033687212E-03
      54   4.6015685039370084E+01       50   1.4701000000000002E+00   4.1528485745180865E-03
 
      55   4.6883905511811022E+01        1   5.0000000000000001E-03   1.4369549230253365E-01
      55   4.6883905511811022E+01        2   3.4900000000000000E-02   1.6472259109427684E-01
      55   4.6883905511811022E+01        3   6.4800000000000010E-02   2.2039835253056392E-01
      55   4.6883905511811022E+01        4   9.4700000000000006E-02   2.7944974742233925E-01
      55   4.6883905511811022E+01        5   1.2460000000000002E-01   2.7766610311116285E-01
      55   4.6883905511811022E+01        6   1.5450000000000003E-01   2.3813718848650181E-01
      55   4.6883905511811022E+01        7   1.8440000000000001E-01   2.3691925402411190E-01
      55   4.6883905511811022E+01        8   2.1430000000000002E-01   2.1019908487212913E-01
      55   4.6883905511811022E+01        9   2.4420000000000003E-01   1.5997084509948561E-01
      55   4.6883905511811022E+01       10   2.7410000000000001E-01   2.0322355695350419E-01
      55   4.6883905511811022E+01       11   3.0400000000000005E-01   2.2923954217007561E-01
      55   4.6883905511811022E+01       12   3.3390000000000003E-01   1.8280654863680670E-01
      55   4.6883905511811022E+01       13   3.6380000000000001E-01   1.6900350959537175E-01
      55   4.6883905511811022E+01       14   3.9370000000000005E-01   1.3232398748476967E-01
      55   4.6883905511811022E+01       15   4.2360000000000003E-01   9.7170883570202801E-02
      55   4.6883905511811022E+01       16   4.5350000000000007E-01   7.7312498648554606E-02
      55   4.6883905511811022E+01       17   4.8340000000000005E-01   4.7603950266324593E-02
      55   4.6883905511811022E+01       18   5.1330000000000009E-01   4.2051207405369925E-02
      55   4.6883905511811022E+01       19   5.4320000000000002E-01   3.5985386227813110E-02
      55   4.6883905511811022E+01       20   5.7310000000000005E-01   3.7115539610388971E-02
      55   4.6883905511811022E+01       21   6.0300000000000009E-01   3.0345851157082538E-02
      55   4.6883905511811022E+01       22   6.3290000000000002E-01   3.0032525885454072E-02
      55   4.6883905511811022E+01       23   6.6280000000000006E-01   2.6982673272190380E-02
      55   4.6883905511811022E+01       24   6.9270000000000009E-01   1.8968017738855526E-02
      55   4.6883905511811022E+01       25   7.2260000000000002E-01   1.1476603704212645E-02
      55   4.6883905511811022E+01       26   7.5250000000000006E-01   1.3433450674961846E-02
      55   4.6883905511811022E+01       27   7.8240000000000010E-01   1.3723769211662826E-02
      55   4.6883905511811022E+01       28   8.1230000000000013E-01   8.2821429724225498E-03
      55   4.6883905511811022E+01       29   8.4220000000000006E-01   8.8978776948963351E-03
      55   4.6883905511811022E+01       30   8.7210000000000010E-01   8.6485158344285218E-03
      55   4.6883905511811022E+01       31   9.0200000000000014E-01   6.1366537899530203E-03
      55   4.6883905511811022E+01       32   9.3190000000000006E-01   7.3784861026356197E-03
      55   4.6883905511811022E+01       33   9.6180000000000010E-01   6.1743667675652350E-03
      55   4.6883905511811022E+01       34   9.9170000000000014E-01   6.6687747823804266E-03
      55   4.6883905511811022E+01       35   1.0216000000000001E+00   5.7325309169758533E-03
      55   4.6883905511811022E+01       36   1.0515000000000001E+00   6.1398287843566421E-03
      55   4.6883905511811022E+01       37   1.0814000000000001E+00   5.4720638337736318E-03
      55   4.6883905511811022E+01       38   1.1113000000000002E+00   5.3486679820345983E-03
      55   4.6883905511811022E+01       39   1.1412000000000002E+00   5.6260309913449174E-03
      55   4.6883905511811022E+01       40   1.1711000000000000E+00   5.1233998468431293E-03
      55   4.6883905511811022E+01       41   1.2010000000000001E+00   4.8828793579375205E-03
      55   4.6883905511811022E+01       42   1.2309000000000001E+00   4.7572153710215568E-03
      55   4.6883905511811022E+01       43   1.2608000000000001E+00   4.4620362360698416E-03
      55   4.6883905511811022E+01       44   1.2907000000000002E+00   4.6549022920990340E-03
      55   4.6883905511811022E+01       45   1.3206000000000002E+00   4.0611843828277884E-03
      55   4.6883905511811022E+01       46   1.3505000000000000E+00   4.2590636986033249E-03
      55   4.6883905511811022E+01       47   1.3804000000000001E+00   4.1288076532273602E-03
      55   4.6883905511811022E+01       48   1.4103000000000001E+00   3.9699505575367371E-03
      55   4.6883905511811022E+01       49   1.4402000000000001E+00   3.9234585077238546E-03
      55   4.6883905511811022E+01       50   1.4701000000000002E+00   3.9671913198372922E-03
 
      56   4.7752125984251968E+01        1   5.0000000000000001E-03   1.2017459029714227E-01
      56   4.7752125984251968E+01        2   3.4900000000000000E-02   1.4076106312672942E-01
      56   4.7752125984251968E+01        3   6.4800000000000010E-02   1.9629113171320900E-01
      56   4.7752125984251968E+01        4   9.4700000000000006E-02   2.5842094837535523E-01
      56   4.7752125984251968E+01        5   1.2460000000000002E-01   2.6208815285302395E-01
      56   4.7752125984251968E+01        6   1.5450000000000003E-01   2.2422664048509738E-01
      56   4.7752125984251968E+01        7   1.8440000000000001E-01   2.2142567855819020E-01
      56   4.7752125984251968E+01        8   2.1430000000000002E-01   1.9605307798123198E-01
      56   4.7752125984251968E+01        9   2.4420000000000003E-01   1.4759502004875080E-01
      56   4.7752125984251968E+01       10   2.7410000000000001E-01   1.8976787201837547E-01
      56   4.7752125984251968E+01       11   3.0400000000000005E-01   2.1844247772059722E-01
      56   4.7752125984251968E+01       12   3.3390000000000003E-01   1.7602551538391339E-01
      56   4.7752125984251968E+01       13   3.6380000000000001E-01   1.6224085710758987E-01
      56   4.7752125984251968E+01       14   3.9370000000000005E-01   1.2500912183960192E-01
      56   4.7752125984251968E+01       15   4.2360000000000003E-01   8.9264562442437301E-02
      56   4.7752125984251968E+01       16   4.5350000000000007E-01   7.0550736282687432E-02
      56   4.7752125984251968E+01       17   4.8340000000000005E-01   4.3804171645596954E-02
      56   4.7752125984251968E+01       18   5.1330000000000009E-01   4.0083682020504087E-02
      56   4.7752125984251968E+01       19   5.4320000000000002E-01   3.4694688070227048E-02
      56   4.7752125984251968E+01       20   5.7310000000000005E-01   3.5219070346795285E-02
      56   4.7752125984251968E+01       21   6.0300000000000009E-01   2.8609114231399824E-02
      56   4.7752125984251968E+01       22   6.3290000000000002E-01   2.8900723298143735E-02
      56   4.7752125984251968E+01       23   6.6280000000000006E-01   2.6418095283482820E-02
      56   4.7752125984251968E+01       24   6.9270000000000009E-01   1.8347179053381873E-02
      56   4.7752125984251968E+01       25   7.2260000000000002E-01   1.0860205955520381E-02
      56   4.7752125984251968E+01       26   7.5250000000000006E-01   1.2895163536822206E-02
      56   4.7752125984251968E+01       27   7.8240000000000010E-01   1.3303860612394414E-02
      56   4.7752125984251968E+01       28   8.1230000000000013E-01   7.9225684014355147E-03
      56   4.7752125984251968E+01       29   8.4220000000000006E-01   8.4464246825283560E-03
      56   4.7752125984251968E+01       30   8.7210000000000010E-01   8.2896089344931690E-03
      56   4.7752125984251968E+01       31   9.0200000000000014E-01   5.9122884998345487E-03
      56   4.7752125984251968E+01       32   9.3190000000000006E-01   6.9993980166301413E-03
      56   4.7752125984251968E+01       33   9.6180000000000010E-01   5.7866955862452994E-03
      56   4.7752125984251968E+01       34   9.9170000000000014E-01   6.4489002641716893E-03
      56   4.7752125984251968E+01       35   1.0216000000000001E+00   5.3726845267903518E-03
      56   4.7752125984251968E+01       36   1.0515000000000001E+00   5.7740795721547347E-03
      56   4.7752125984251968E+01       37   1.0814000000000001E+00   5.2967528843116483E-03
      56   4.7752125984251968E+01       38   1.1113000000000002E+00   4.9375431116615237E-03
      56   4.7752125984251968E+01       39   1.1412000000000002E+00   5.3161416620768768E-03
      56   4.7752125984251968E+01       40   1.1711000000000000E+00   4.8636452908771633E-03
      56   4.7752125984251968E+01       41   1.2010000000000001E+00   4.5250408739386048E-03
      56   4.7752125984251968E+01       42   1.2309000000000001E+00   4.5200748479480371E-03
      56   4.7752125984251968E+01       43   1.2608000000000001E+00   4.1700108995430937E-03
      56   4.7752125984251968E+01       44   1.2907000000000002E+00   4.4119370956690936E-03
      56   4.7752125984251968E+01       45   1.3206000000000002E+00   3.8643421158491378E-03
      56   4.7752125984251968E+01       46   1.3505000000000000E+00   4.0106996606799729E-03
      56   4.7752125984251968E+01       47   1.3804000000000001E+00   3.9873946837652927E-03
      56   4.7752125984251968E+01       48   1.4103000000000001E+00   3.7274735065668833E-03
      56   4.7752125984251968E+01       49   1.4402000000000001E+00   3.8038945458447812E-03
      56   4.7752125984251968E+01       50   1.4701000000000002E+00   3.7299820868132499E-03
 
      57   4.8620346456692907E+01        1   5.0000000000000001E-03   9.8086039437181222E-02
      57   4.8620346456692907E+01        2   3.4900000000000000E-02   1.1816906875492898E-01
      57   4.8620346456692907E+01        3   6.4800000000000010E-02   1.7391263075422386E-01
      57   4.8620346456692907E+01        4   9.4700000000000006E-02   2.4006177500935086E-01
      57   4.8620346456692907E+01        5   1.2460000000000002E-01   2.5021010330784010E-01
      57   4.8620346456692907E+01        6   1.5450000000000003E-01   2.1558532713739742E-01
      57   4.8620346456692907E+01        7   1.8440000000000001E-01   2.1345226699721254E-01
      57   4.8620346456692907E+01        8   2.1430000000000002E-01   1.8983115675151568E-01
      57   4.8620346456692907E+01        9   2.4420000000000003E-01   1.4003157870888061E-01
      57   4.8620346456692907E+01       10   2.7410000000000001E-01   1.7793342750595104E-01
      57   4.8620346456692907E+01       11   3.0400000000000005E-01   2.0783090090707376E-01
      57   4.8620346456692907E+01       12   3.3390000000000003E-01   1.6902940078809592E-01
      57   4.8620346456692907E+01       13   3.6380000000000001E-01   1.5699328621648767E-01
      57   4.8620346456692907E+01       14   3.9370000000000005E-01   1.2080229412970145E-01
      57   4.8620346456692907E+01       15   4.2360000000000003E-01   8.4011063698154087E-02
      57   4.8620346456692907E+01       16   4.5350000000000007E-01   6.5235283371627359E-02
      57   4.8620346456692907E+01       17   4.8340000000000005E-01   4.0223412099448824E-02
      57   4.8620346456692907E+01       18   5.1330000000000009E-01   3.8066259848874372E-02
      57   4.8620346456692907E+01       19   5.4320000000000002E-01   3.3602689229403723E-02
      57   4.8620346456692907E+01       20   5.7310000000000005E-01   3.3623047706313393E-02
      57   4.8620346456692907E+01       21   6.0300000000000009E-01   2.6785787965068308E-02
      57   4.8620346456692907E+01       22   6.3290000000000002E-01   2.7475300183230137E-02
      57   4.8620346456692907E+01       23   6.6280000000000006E-01   2.5857924574230098E-02
      57   4.8620346456692907E+01       24   6.9270000000000009E-01   1.7949316558383756E-02
      57   4.8620346456692907E+01       25   7.2260000000000002E-01   1.0295076621270455E-02
      57   4.8620346456692907E+01       26   7.5250000000000006E-01   1.2378540902456180E-02
      57   4.8620346456692907E+01       27   7.8240000000000010E-01   1.2994116530671772E-02
      57   4.8620346456692907E+01       28   8.1230000000000013E-01   7.6106184939836626E-03
      57   4.8620346456692907E+01       29   8.4220000000000006E-01   8.0535600284960419E-03
      57   4.8620346456692907E+01       30   8.7210000000000010E-01   8.0125015650971913E-03
      57   4.8620346456692907E+01       31   9.0200000000000014E-01   5.7572579705658664E-03
      57   4.8620346456692907E+01       32   9.3190000000000006E-01   6.7696912550134465E-03
      57   4.8620346456692907E+01       33   9.6180000000000010E-01   5.4835054830289498E-03
      57   4.8620346456692907E+01       34   9.9170000000000014E-01   6.3057778054762866E-03
      57   4.8620346456692907E+01       35   1.0216000000000001E+00   5.1861257721042700E-03
      57   4.8620346456692907E+01       36   1.0515000000000001E+00   5.4321551136537723E-03
      57   4.8620346456692907E+01       37   1.0814000000000001E+00   5.1948667442713869E-03
      57   4.8620346456692907E+01       38   1.1113000000000002E+00   4.6442082144896434E-03
      57   4.8620346456692907E+01       39   1.1412000000000002E+00   4.9962445291893082E-03
      57   4.8620346456692907E+01       40   1.1711000000000000E+00   4.6791641924229469E-03
      57   4.8620346456692907E+01       41   1.2010000000000001E+00   4.2017803649825238E-03
      57   4.8620346456692907E+01       42   1.2309000000000001E+00   4.2714138974608174E-03
      57   4.8620346456692907E+01       43   1.2608000000000001E+00   3.9206645062362429E-03
      57   4.8620346456692907E+01       44   1.2907000000000002E+00   4.1372879492251732E-03
      57   4.8620346456692907E+01       45   1.3206000000000002E+00   3.6996656239100898E-03
      57   4.8620346456692907E+01       46   1.3505000000000000E+00   3.7563088931501093E-03
      57   4.8620346456692907E+01       47   1.3804000000000001E+00   3.8586340541393810E-03
      57   4.8620346456692907E+01       48   1.4103000000000001E+00   3.4858909332833275E-03
      57   4.8620346456692907E+01       49   1.4402000000000001E+00   3.6595128045164003E-03
      57   4.8620346456692907E+01       50   1.4701000000000002E+00   3.5071787620844456E-03
 
      58   4.9488566929133853E+01        1   5.0000000000000001E-03   8.3768533435337564E-02
      58   4.9488566929133853E+01        2   3.4900000000000000E-02   1.0293913090196632E-01
      58   4.9488566929133853E+01        3   6.4800000000000010E-02   1.5881968919550740E-01
      58   4.9488566929133853E+01        4   9.4700000000000006E-02   2.2911440074452086E-01
      58   4.9488566929133853E+01        5   1.2460000000000002E-01   2.4515986942768636E-01
      58   4.9488566929133853E+01        6   1.5450000000000003E-01   2.1381384104372911E-01
      58   4.9488566929133853E+01        7   1.8440000000000001E-01   2.1386932436503872E-01
      58   4.9488566929133853E+01        8   2.1430000000000002E-01   1.9214865341881798E-01
      58   4.9488566929133853E+01        9   2.4420000000000003E-01   1.3874982198506872E-01
      58   4.9488566929133853E+01       10   2.7410000000000001E-01   1.7073967181167268E-01
      58   4.9488566929133853E+01       11   3.0400000000000005E-01   2.0021028489811063E-01
      58   4.9488566929133853E+01       12   3.3390000000000003E-01   1.6289402335019015E-01
      58   4.9488566929133853E+01       13   3.6380000000000001E-01   1.5291339177235180E-01
      58   4.9488566929133853E+01       14   3.9370000000000005E-01   1.1919385538922239E-01
      58   4.9488566929133853E+01       15   4.2360000000000003E-01   8.1914660414683121E-02
      58   4.9488566929133853E+01       16   4.5350000000000007E-01   6.2405199879758892E-02
      58   4.9488566929133853E+01       17   4.8340000000000005E-01   3.7572373515708773E-02
      58   4.9488566929133853E+01       18   5.1330000000000009E-01   3.6192343086770419E-02
      58   4.9488566929133853E+01       19   5.4320000000000002E-01   3.2711401509061690E-02
      58   4.9488566929133853E+01       20   5.7310000000000005E-01   3.2645651012940917E-02
      58   4.9488566929133853E+01       21   6.0300000000000009E-01   2.5424885854218905E-02
      58   4.9488566929133853E+01       22   6.3290000000000002E-01   2.6063314844511087E-02
      58   4.9488566929133853E+01       23   6.6280000000000006E-01   2.5271149787017326E-02
      58   4.9488566929133853E+01       24   6.9270000000000009E-01   1.7778994505554722E-02
      58   4.9488566929133853E+01       25   7.2260000000000002E-01   9.8416894034515402E-03
      58   4.9488566929133853E+01       26   7.5250000000000006E-01   1.1845099296028434E-02
      58   4.9488566929133853E+01       27   7.8240000000000010E-01   1.2813948378874559E-02
      58   4.9488566929133853E+01       28   8.1230000000000013E-01   7.4504549383092658E-03
      58   4.9488566929133853E+01       29   8.4220000000000006E-01   7.7401836308765293E-03
      58   4.9488566929133853E+01       30   8.7210000000000010E-01   7.8080189127671127E-03
      58   4.9488566929133853E+01       31   9.0200000000000014E-01   5.7014219029714579E-03
      58   4.9488566929133853E+01       32   9.3190000000000006E-01   6.7017108431305121E-03
      58   4.9488566929133853E+01       33   9.6180000000000010E-01   5.3184692976887523E-03
      58   4.9488566929133853E+01       34   9.9170000000000014E-01   6.2604288331326655E-03
      58   4.9488566929133853E+01       35   1.0216000000000001E+00   5.1859074772850735E-03
      58   4.9488566929133853E+01       36   1.0515000000000001E+00   5.2217648692624713E-03
      58   4.9488566929133853E+01       37   1.0814000000000001E+00   5.1762677489243713E-03
      58   4.9488566929133853E+01       38   1.1113000000000002E+00   4.5639119482610638E-03
      58   4.9488566929133853E+01       39   1.1412000000000002E+00   4.7844877944368275E-03
      58   4.9488566929133853E+01       40   1.1711000000000000E+00   4.6398449297904648E-03
      58   4.9488566929133853E+01       41   1.2010000000000001E+00   4.0565075603755957E-03
      58   4.9488566929133853E+01       42   1.2309000000000001E+00   4.1154257051613848E-03
      58   4.9488566929133853E+01       43   1.2608000000000001E+00   3.8250697193814710E-03
      58   4.9488566929133853E+01       44   1.2907000000000002E+00   3.9497048420815764E-03
      58   4.9488566929133853E+01       45   1.3206000000000002E+00   3.6216039740620061E-03
      58   4.9488566929133853E+01       46   1.3505000000000000E+00   3.5963452955170617E-03
      58   4.9488566929133853E+01       47   1.3804000000000001E+00   3.7802151916320804E-03
      58   4.9488566929133853E+01       48   1.4103000000000001E+00   3.3521833353962996E-03
      58   4.9488566929133853E+01       49   1.4402000000000001E+00   3.5355029997930949E-03
      58   4.9488566929133853E+01       50   1.4701000000000002E+00   3.3903908677756123E-03
 
      59   5.0356787401574799E+01        1   5.0000000000000001E-03   8.1865049287087446E-02
      59   5.0356787401574799E+01        2   3.4900000000000000E-02   9.9427987624160385E-02
      59   5.0356787401574799E+01        3   6.4800000000000010E-02   1.5451408154451216E-01
      59   5.0356787401574799E+01        4   9.4700000000000006E-02   2.2796821315977314E-01
      59   5.0356787401574799E+01        5   1.2460000000000002E-01   2.4825949417726650E-01
      59   5.0356787401574799E+01        6   1.5450000000000003E-01   2.1920031362648756E-01
      59   5.0356787401574799E+01        7   1.8440000000000001E-01   2.2200318982572975E-01
      59   5.0356787401574799E+01        8   2.1430000000000002E-01   2.0179355767182072E-01
      59   5.0356787401574799E+01        9   2.4420000000000003E-01   1.4350872304796644E-01
      59   5.0356787401574799E+01       10   2.7410000000000001E-01   1.6965436394984879E-01
      59   5.0356787401574799E+01       11   3.0400000000000005E-01   1.9765392703121185E-01
      59   5.0356787401574799E+01       12   3.3390000000000003E-01   1.5919975276106960E-01
      59   5.0356787401574799E+01       13   3.6380000000000001E-01   1.5020241897359213E-01
      59   5.0356787401574799E+01       14   3.9370000000000005E-01   1.1927838402670790E-01
      59   5.0356787401574799E+01       15   4.2360000000000003E-01   8.2403331093155244E-02
      59   5.0356787401574799E+01       16   4.5350000000000007E-01   6.2265563199929451E-02
      59   5.0356787401574799E+01       17   4.8340000000000005E-01   3.6402494874958322E-02
      59   5.0356787401574799E+01       18   5.1330000000000009E-01   3.4776765400387225E-02
      59   5.0356787401574799E+01       19   5.4320000000000002E-01   3.1966453971772148E-02
      59   5.0356787401574799E+01       20   5.7310000000000005E-01   3.2217124706387310E-02
      59   5.0356787401574799E+01       21   6.0300000000000009E-01   2.4764962194580815E-02
      59   5.0356787401574799E+01       22   6.3290000000000002E-01   2.4946778567790970E-02
      59   5.0356787401574799E+01       23   6.6280000000000006E-01   2.4596150408048568E-02
      59   5.0356787401574799E+01       24   6.9270000000000009E-01   1.7700599327765094E-02
      59   5.0356787401574799E+01       25   7.2260000000000002E-01   9.5610120337228793E-03
      59   5.0356787401574799E+01       26   7.5250000000000006E-01   1.1308789807775908E-02
      59   5.0356787401574799E+01       27   7.8240000000000010E-01   1.2675211200918158E-02
      59   5.0356787401574799E+01       28   8.1230000000000013E-01   7.4907866247321282E-03
      59   5.0356787401574799E+01       29   8.4220000000000006E-01   7.5778030220278328E-03
      59   5.0356787401574799E+01       30   8.7210000000000010E-01   7.6689675424808524E-03
      59   5.0356787401574799E+01       31   9.0200000000000014E-01   5.7404508436697680E-03
      59   5.0356787401574799E+01       32   9.3190000000000006E-01   6.7778914956121046E-03
      59   5.0356787401574799E+01       33   9.6180000000000010E-01   5.2700981844200911E-03
      59   5.0356787401574799E+01       34   9.9170000000000014E-01   6.2842940248731089E-03
      59   5.0356787401574799E+01       35   1.0216000000000001E+00   5.3125534374201732E-03
      59   5.0356787401574799E+01       36   1.0515000000000001E+00   5.1708893245275295E-03
      59   5.0356787401574799E+01       37   1.0814000000000001E+00   5.2219788622296266E-03
      59   5.0356787401574799E+01       38   1.1113000000000002E+00   4.6747700207225400E-03
      59   5.0356787401574799E+01       39   1.1412000000000002E+00   4.7268591395340813E-03
      59   5.0356787401574799E+01       40   1.1711000000000000E+00   4.7251941884673548E-03
      59   5.0356787401574799E+01       41   1.2010000000000001E+00   4.1330282850080505E-03
      59   5.0356787401574799E+01       42   1.2309000000000001E+00   4.1058492917206268E-03
      59   5.0356787401574799E+01       43   1.2608000000000001E+00   3.9173616348677940E-03
      59   5.0356787401574799E+01       44   1.2907000000000002E+00   3.9331217954820157E-03
      59   5.0356787401574799E+01       45   1.3206000000000002E+00   3.6632081539401487E-03
      59   5.0356787401574799E+01       46   1.3505000000000000E+00   3.5972958602331238E-03
      59   5.0356787401574799E+01       47   1.3804000000000001E+00   3.7790781613384746E-03
      59   5.0356787401574799E+01       48   1.4103000000000001E+00   3.3741137325090558E-03
      59   5.0356787401574799E+01       49   1.4402000000000001E+00   3.4829263231596443E-03
      59   5.0356787401574799E+01       50   1.4701000000000002E+00   3.4033099141872630E-03
 
      60   5.1225007874015745E+01        1   5.0000000000000001E-03   9.1467854571676707E-02
      60   5.1225007874015745E+01        2   3.4900000000000000E-02   1.0720875309078921E-01
      60   5.1225007874015745E+01        3   6.4800000000000010E-02   1.6076685727018367E-01
      60   5.1225007874015745E+01        4   9.4700000000000006E-02   2.3605846202897854E-01
      60   5.1225007874015745E+01        5   1.2460000000000002E-01   2.5875410628182843E-01
      60   5.1225007874015745E+01        6   1.5450000000000003E-01   2.3074131520165511E-01
      60   5.1225007874015745E+01        7   1.8440000000000001E-01   2.3586229636620631E-01
      60   5.1225007874015745E+01        8   2.1430000000000002E-01   2.1612686311969243E-01
      60   5.1225007874015745E+01        9   2.4420000000000003E-01   1.5266964033811692E-01
      60   5.1225007874015745E+01       10   2.7410000000000001E-01   1.7440374833142419E-01
      60   5.1225007874015745E+01       11   3.0400000000000005E-01   2.0081915626998642E-01
      60   5.1225007874015745E+01       12   3.3390000000000003E-01   1.5939670595862251E-01
      60   5.1225007874015745E+01       13   3.6380000000000001E-01   1.4981304521180197E-01
      60   5.1225007874015745E+01       14   3.9370000000000005E-01   1.2058600787591826E-01
      60   5.1225007874015745E+01       15   4.2360000000000003E-01   8.4319380986200537E-02
      60   5.1225007874015745E+01       16   4.5350000000000007E-01   6.4022917423138509E-02
      60   5.1225007874015745E+01       17   4.8340000000000005E-01   3.6749244044427753E-02
      60   5.1225007874015745E+01       18   5.1330000000000009E-01   3.4129814092135891E-02
      60   5.1225007874015745E+01       19   5.4320000000000002E-01   3.1371799265864933E-02
      60   5.1225007874015745E+01       20   5.7310000000000005E-01   3.2011888160046617E-02
      60   5.1225007874015745E+01       21   6.0300000000000009E-01   2.4637191318888731E-02
      60   5.1225007874015745E+01       22   6.3290000000000002E-01   2.4269550879887886E-02
      60   5.1225007874015745E+01       23   6.6280000000000006E-01   2.3896437792543204E-02
      60   5.1225007874015745E+01       24   6.9270000000000009E-01   1.7577487688550046E-02
      60   5.1225007874015745E+01       25   7.2260000000000002E-01   9.4684584077194718E-03
      60   5.1225007874015745E+01       26   7.5250000000000006E-01   1.0886818911983986E-02
      60   5.1225007874015745E+01       27   7.8240000000000010E-01   1.2506093856202194E-02
      60   5.1225007874015745E+01       28   8.1230000000000013E-01   7.6738687986266383E-03
      60   5.1225007874015745E+01       29   8.4220000000000006E-01   7.6370418362299609E-03
      60   5.1225007874015745E+01       30   8.7210000000000010E-01   7.6128967604752748E-03
      60   5.1225007874015745E+01       31   9.0200000000000014E-01   5.8308653082811438E-03
      60   5.1225007874015745E+01       32   9.3190000000000006E-01   6.9615308801312982E-03
      60   5.1225007874015745E+01       33   9.6180000000000010E-01   5.2937357841028494E-03
      60   5.1225007874015745E+01       34   9.9170000000000014E-01   6.3187322353307649E-03
      60   5.1225007874015745E+01       35   1.0216000000000001E+00   5.4868577884107910E-03
      60   5.1225007874015745E+01       36   1.0515000000000001E+00   5.2343515498148837E-03
      60   5.1225007874015745E+01       37   1.0814000000000001E+00   5.2816640202064660E-03
      60   5.1225007874015745E+01       38   1.1113000000000002E+00   4.8830308564519571E-03
      60   5.1225007874015745E+01       39   1.1412000000000002E+00   4.7814759946301875E-03
      60   5.1225007874015745E+01       40   1.1711000000000000E+00   4.8388860271069978E-03
      60   5.1225007874015745E+01       41   1.2010000000000001E+00   4.3430427847144099E-03
      60   5.1225007874015745E+01       42   1.2309000000000001E+00   4.1902217660390846E-03
      60   5.1225007874015745E+01       43   1.2608000000000001E+00   4.1077149272881778E-03
      60   5.1225007874015745E+01       44   1.2907000000000002E+00   4.0570140429981973E-03
      60   5.1225007874015745E+01       45   1.3206000000000002E+00   3.7793330857864541E-03
      60   5.1225007874015745E+01       46   1.3505000000000000E+00   3.7306462329901873E-03
      60   5.1225007874015745E+01       47   1.3804000000000001E+00   3.8303687507086643E-03
      60   5.1225007874015745E+01       48   1.4103000000000001E+00   3.4973479792907774E-03
      60   5.1225007874015745E+01       49   1.4402000000000001E+00   3.5059809415116275E-03
      60   5.1225007874015745E+01       50   1.4701000000000002E+00   3.4928726043173181E-03
 
      61   5.2093228346456691E+01        1   5.0000000000000001E-03   1.0723609126552461E-01
      61   5.2093228346456691E+01        2   3.4900000000000000E-02   1.2189397322728548E-01
      61   5.2093228346456691E+01        3   6.4800000000000010E-02   1.7444475520352917E-01
      61   5.2093228346456691E+01        4   9.4700000000000006E-02   2.5070967766799723E-01
      61   5.2093228346456691E+01        5   1.2460000000000002E-01   2.7423957703643470E-01
      61   5.2093228346456691E+01        6   1.5450000000000003E-01   2.4635986340349836E-01
      61   5.2093228346456691E+01        7   1.8440000000000001E-01   2.5271967273470369E-01
      61   5.2093228346456691E+01        8   2.1430000000000002E-01   2.3197838276985874E-01
      61   5.2093228346456691E+01        9   2.4420000000000003E-01   1.6389753657235268E-01
      61   5.2093228346456691E+01       10   2.7410000000000001E-01   1.8346966335244935E-01
      61   5.2093228346456691E+01       11   3.0400000000000005E-01   2.0893251330704121E-01
      61   5.2093228346456691E+01       12   3.3390000000000003E-01   1.6401345731189435E-01
      61   5.2093228346456691E+01       13   3.6380000000000001E-01   1.5272465508707672E-01
      61   5.2093228346456691E+01       14   3.9370000000000005E-01   1.2329547511725850E-01
      61   5.2093228346456691E+01       15   4.2360000000000003E-01   8.6767257989571203E-02
      61   5.2093228346456691E+01       16   4.5350000000000007E-01   6.6459739319180242E-02
      61   5.2093228346456691E+01       17   4.8340000000000005E-01   3.8084316273293055E-02
      61   5.2093228346456691E+01       18   5.1330000000000009E-01   3.4364891566769890E-02
      61   5.2093228346456691E+01       19   5.4320000000000002E-01   3.1075839341456486E-02
      61   5.2093228346456691E+01       20   5.7310000000000005E-01   3.1811328270392590E-02
      61   5.2093228346456691E+01       21   6.0300000000000009E-01   2.4696636574600785E-02
      61   5.2093228346456691E+01       22   6.3290000000000002E-01   2.4011300938764253E-02
      61   5.2093228346456691E+01       23   6.6280000000000006E-01   2.3372269813311267E-02
      61   5.2093228346456691E+01       24   6.9270000000000009E-01   1.7392928041084877E-02
      61   5.2093228346456691E+01       25   7.2260000000000002E-01   9.5049639690896696E-03
      61   5.2093228346456691E+01       26   7.5250000000000006E-01   1.0716784117845962E-02
      61   5.2093228346456691E+01       27   7.8240000000000010E-01   1.2342517114038944E-02
      61   5.2093228346456691E+01       28   8.1230000000000013E-01   7.8824338561704951E-03
      61   5.2093228346456691E+01       29   8.4220000000000006E-01   7.9107625247108772E-03
      61   5.2093228346456691E+01       30   8.7210000000000010E-01   7.6605145040080317E-03
      61   5.2093228346456691E+01       31   9.0200000000000014E-01   5.9224916570100915E-03
      61   5.2093228346456691E+01       32   9.3190000000000006E-01   7.2103626419553297E-03
      61   5.2093228346456691E+01       33   9.6180000000000010E-01   5.3779053182452189E-03
      61   5.2093228346456691E+01       34   9.9170000000000014E-01   6.3302217682871557E-03
      61   5.2093228346456691E+01       35   1.0216000000000001E+00   5.6485762669435590E-03
      61   5.2093228346456691E+01       36   1.0515000000000001E+00   5.3617659884089989E-03
      61   5.2093228346456691E+01       37   1.0814000000000001E+00   5.3134095013310182E-03
      61   5.2093228346456691E+01       38   1.1113000000000002E+00   5.0987034229246133E-03
      61   5.2093228346456691E+01       39   1.1412000000000002E+00   4.9053367482650876E-03
      61   5.2093228346456691E+01       40   1.1711000000000000E+00   4.9041643598434562E-03
      61   5.2093228346456691E+01       41   1.2010000000000001E+00   4.5735032672308638E-03
      61   5.2093228346456691E+01       42   1.2309000000000001E+00   4.2955320329647502E-03
      61   5.2093228346456691E+01       43   1.2608000000000001E+00   4.2751334552003353E-03
      61   5.2093228346456691E+01       44   1.2907000000000002E+00   4.2338970033129119E-03
      61   5.2093228346456691E+01       45   1.3206000000000002E+00   3.8879925290933939E-03
      61   5.2093228346456691E+01       46   1.3505000000000000E+00   3.9100606773470074E-03
      61   5.2093228346456691E+01       47   1.3804000000000001E+00   3.8934805733583143E-03
      61   5.2093228346456691E+01       48   1.4103000000000001E+00   3.6316628468342159E-03
      61   5.2093228346456691E+01       49   1.4402000000000001E+00   3.5744757184529600E-03
      61   5.2093228346456691E+01       50   1.4701000000000002E+00   3.5929476115945796E-03
 
      62   5.2961448818897630E+01        1   5.0000000000000001E-03   1.2371501651915322E-01
      62   5.2961448818897630E+01        2   3.4900000000000000E-02   1.3858064971011289E-01
      62   5.2961448818897630E+01        3   6.4800000000000010E-02   1.9159055596159472E-01
      62   5.2961448818897630E+01        4   9.4700000000000006E-02   2.6817561976815329E-01
      62   5.2961448818897630E+01        5   1.2460000000000002E-01   2.9099531475257101E-01
      62   5.2961448818897630E+01        6   1.5450000000000003E-01   2.6296678231478704E-01
      62   5.2961448818897630E+01        7   1.8440000000000001E-01   2.6983674214067455E-01
      62   5.2961448818897630E+01        8   2.1430000000000002E-01   2.4683944375272099E-01
      62   5.2961448818897630E+01        9   2.4420000000000003E-01   1.7500349666053003E-01
      62   5.2961448818897630E+01       10   2.7410000000000001E-01   1.9461731760403814E-01
      62   5.2961448818897630E+01       11   3.0400000000000005E-01   2.1999239457078448E-01
      62   5.2961448818897630E+01       12   3.3390000000000003E-01   1.7219166989234752E-01
      62   5.2961448818897630E+01       13   3.6380000000000001E-01   1.5904947646454418E-01
      62   5.2961448818897630E+01       14   3.9370000000000005E-01   1.2779201652106248E-01
      62   5.2961448818897630E+01       15   4.2360000000000003E-01   8.9589750088053116E-02
      62   5.2961448818897630E+01       16   4.5350000000000007E-01   6.8735644039715993E-02
      62   5.2961448818897630E+01       17   4.8340000000000005E-01   3.9610735319348972E-02
      62   5.2961448818897630E+01       18   5.1330000000000009E-01   3.5208606210658369E-02
      62   5.2961448818897630E+01       19   5.4320000000000002E-01   3.1230679146636266E-02
      62   5.2961448818897630E+01       20   5.7310000000000005E-01   3.1699948425650278E-02
      62   5.2961448818897630E+01       21   6.0300000000000009E-01   2.4713722136636029E-02
      62   5.2961448818897630E+01       22   6.3290000000000002E-01   2.3983486339427526E-02
      62   5.2961448818897630E+01       23   6.6280000000000006E-01   2.3135909785311666E-02
      62   5.2961448818897630E+01       24   6.9270000000000009E-01   1.7213256852486758E-02
      62   5.2961448818897630E+01       25   7.2260000000000002E-01   9.5653230759244409E-03
      62   5.2961448818897630E+01       26   7.5250000000000006E-01   1.0808761353758072E-02
      62   5.2961448818897630E+01       27   7.8240000000000010E-01   1.2258970372736553E-02
      62   5.2961448818897630E+01       28   8.1230000000000013E-01   8.0192982188769003E-03
      62   5.2961448818897630E+01       29   8.4220000000000006E-01   8.2954128901682883E-03
      62   5.2961448818897630E+01       30   8.7210000000000010E-01   7.7974185535110187E-03
      62   5.2961448818897630E+01       31   9.0200000000000014E-01   5.9804482202135490E-03
      62   5.2961448818897630E+01       32   9.3190000000000006E-01   7.4724050534357815E-03
      62   5.2961448818897630E+01       33   9.6180000000000010E-01   5.5312793012024294E-03
      62   5.2961448818897630E+01       34   9.9170000000000014E-01   6.3308644051007180E-03
      62   5.2961448818897630E+01       35   1.0216000000000001E+00   5.7609731805762432E-03
      62   5.2961448818897630E+01       36   1.0515000000000001E+00   5.5230665243720112E-03
      62   5.2961448818897630E+01       37   1.0814000000000001E+00   5.3185272329601243E-03
      62   5.2961448818897630E+01       38   1.1113000000000002E+00   5.2573147279743274E-03
      62   5.2961448818897630E+01       39   1.1412000000000002E+00   5.0845674549315186E-03
      62   5.2961448818897630E+01       40   1.1711000000000000E+00   4.9193521492651299E-03
      62   5.2961448818897630E+01       41   1.2010000000000001E+00   4.7575660470078555E-03
      62   5.2961448818897630E+01       42   1.2309000000000001E+00   4.4117217595282913E-03
      62   5.2961448818897630E+01       43   1.2608000000000001E+00   4.3650362016730620E-03
      62   5.2961448818897630E+01       44   1.2907000000000002E+00   4.4060275601597049E-03
      62   5.2961448818897630E+01       45   1.3206000000000002E+00   3.9543389990832458E-03
      62   5.2961448818897630E+01       46   1.3505000000000000E+00   4.0690221817361091E-03
      62   5.2961448818897630E+01       47   1.3804000000000001E+00   3.9685843973951106E-03
      62   5.2961448818897630E+01       48   1.4103000000000001E+00   3.7369614261575125E-03
      62   5.2961448818897630E+01       49   1.4402000000000001E+00   3.6702959874736372E-03
      62   5.2961448818897630E+01       50   1.4701000000000002E+00   3.6759568131689842E-03
 
      63   5.3829669291338575E+01        1   5.0000000000000001E-03   1.3761975947985927E-01
      63   5.3829669291338575E+01        2   3.4900000000000000E-02   1.5367052200401288E-01
      63   5.3829669291338575E+01        3   6.4800000000000010E-02   2.0830664877653876E-01
      63   5.3829669291338575E+01        4   9.4700000000000006E-02   2.8416186712766356E-01
      63   5.3829669291338575E+01        5   1.2460000000000002E-01   3.0459592364288596E-01
      63   5.3829669291338575E+01        6   1.5450000000000003E-01   2.7684239248334558E-01
      63   5.3829669291338575E+01        7   1.8440000000000001E-01   2.8486804378458563E-01
      63   5.3829669291338575E+01        8   2.1430000000000002E-01   2.5943340316850272E-01
      63   5.3829669291338575E+01        9   2.4420000000000003E-01   1.8456696359831881E-01
      63   5.3829669291338575E+01       10   2.7410000000000001E-01   2.0547174343212743E-01
      63   5.3829669291338575E+01       11   3.0400000000000005E-01   2.3128925174453746E-01
      63   5.3829669291338575E+01       12   3.3390000000000003E-01   1.8190021794569886E-01
      63   5.3829669291338575E+01       13   3.6380000000000001E-01   1.6769529708104308E-01
      63   5.3829669291338575E+01       14   3.9370000000000005E-01   1.3400597744317819E-01
      63   5.3829669291338575E+01       15   4.2360000000000003E-01   9.3092842231907100E-02
      63   5.3829669291338575E+01       16   4.5350000000000007E-01   7.0729169716124446E-02
      63   5.3829669291338575E+01       17   4.8340000000000005E-01   4.0718741409651996E-02
      63   5.3829669291338575E+01       18   5.1330000000000009E-01   3.6080462046414435E-02
      63   5.3829669291338575E+01       19   5.4320000000000002E-01   3.1757757565467309E-02
      63   5.3829669291338575E+01       20   5.7310000000000005E-01   3.1897876685646427E-02
      63   5.3829669291338575E+01       21   6.0300000000000009E-01   2.4701016413333665E-02
      63   5.3829669291338575E+01       22   6.3290000000000002E-01   2.3940625864868580E-02
      63   5.3829669291338575E+01       23   6.6280000000000006E-01   2.3041475555605390E-02
      63   5.3829669291338575E+01       24   6.9270000000000009E-01   1.7066654170036055E-02
      63   5.3829669291338575E+01       25   7.2260000000000002E-01   9.5851027494610226E-03
      63   5.3829669291338575E+01       26   7.5250000000000006E-01   1.1037137055070671E-02
      63   5.3829669291338575E+01       27   7.8240000000000010E-01   1.2258441168330601E-02
      63   5.3829669291338575E+01       28   8.1230000000000013E-01   8.0487470004595441E-03
      63   5.3829669291338575E+01       29   8.4220000000000006E-01   8.6638089759400894E-03
      63   5.3829669291338575E+01       30   8.7210000000000010E-01   7.9831675602165201E-03
      63   5.3829669291338575E+01       31   9.0200000000000014E-01   5.9895876373339714E-03
      63   5.3829669291338575E+01       32   9.3190000000000006E-01   7.6894296178085918E-03
      63   5.3829669291338575E+01       33   9.6180000000000010E-01   5.7438815241136155E-03
      63   5.3829669291338575E+01       34   9.9170000000000014E-01   6.3538469458435318E-03
      63   5.3829669291338575E+01       35   1.0216000000000001E+00   5.8141404985383519E-03
      63   5.3829669291338575E+01       36   1.0515000000000001E+00   5.6963818261579879E-03
      63   5.3829669291338575E+01       37   1.0814000000000001E+00   5.3351612764586430E-03
      63   5.3829669291338575E+01       38   1.1113000000000002E+00   5.3288350018430488E-03
      63   5.3829669291338575E+01       39   1.1412000000000002E+00   5.2917418951842011E-03
      63   5.3829669291338575E+01       40   1.1711000000000000E+00   4.9327212361047540E-03
      63   5.3829669291338575E+01       41   1.2010000000000001E+00   4.8678215111672991E-03
      63   5.3829669291338575E+01       42   1.2309000000000001E+00   4.5703706892270910E-03
      63   5.3829669291338575E+01       43   1.2608000000000001E+00   4.4083751776197036E-03
      63   5.3829669291338575E+01       44   1.2907000000000002E+00   4.5650319895828070E-03
      63   5.3829669291338575E+01       45   1.3206000000000002E+00   4.0155011682164862E-03
      63   5.3829669291338575E+01       46   1.3505000000000000E+00   4.1902656745357704E-03
      63   5.3829669291338575E+01       47   1.3804000000000001E+00   4.0892556576473706E-03
      63   5.3829669291338575E+01       48   1.4103000000000001E+00   3.8336296478658832E-03
      63   5.3829669291338575E+01       49   1.4402000000000001E+00   3.8075099890841099E-03
      63   5.3829669291338575E+01       50   1.4701000000000002E+00   3.7604686754829472E-03
 
      64   5.4697889763779521E+01        1   5.0000000000000001E-03   1.4719522339313271E-01
      64   5.4697889763779521E+01        2   3.4900000000000000E-02   1.6448030272615133E-01
      64   5.4697889763779521E+01        3   6.4800000000000010E-02   2.2067499468610721E-01
      64   5.4697889763779521E+01        4   9.4700000000000006E-02   2.9454233650055744E-01
      64   5.4697889763779521E+01        5   1.2460000000000002E-01   3.1145508982326947E-01
      64   5.4697889763779521E+01        6   1.5450000000000003E-01   2.8488513164660911E-01
      64   5.4697889763779521E+01        7   1.8440000000000001E-01   2.9592217015947064E-01
      64   5.4697889763779521E+01        8   2.1430000000000002E-01   2.6919998159930414E-01
      64   5.4697889763779521E+01        9   2.4420000000000003E-01   1.9204529673803220E-01
      64   5.4697889763779521E+01       10   2.7410000000000001E-01   2.1432269380222885E-01
      64   5.4697889763779521E+01       11   3.0400000000000005E-01   2.4041041822198034E-01
      64   5.4697889763779521E+01       12   3.3390000000000003E-01   1.9071668758874086E-01
      64   5.4697889763779521E+01       13   3.6380000000000001E-01   1.7666821616370540E-01
      64   5.4697889763779521E+01       14   3.9370000000000005E-01   1.4103979725127219E-01
      64   5.4697889763779521E+01       15   4.2360000000000003E-01   9.7416051597022602E-02
      64   5.4697889763779521E+01       16   4.5350000000000007E-01   7.2809099827462739E-02
      64   5.4697889763779521E+01       17   4.8340000000000005E-01   4.1317656905510432E-02
      64   5.4697889763779521E+01       18   5.1330000000000009E-01   3.6493370501099222E-02
      64   5.4697889763779521E+01       19   5.4320000000000002E-01   3.2334864701166838E-02
      64   5.4697889763779521E+01       20   5.7310000000000005E-01   3.2459158692650855E-02
      64   5.4697889763779521E+01       21   6.0300000000000009E-01   2.4825691605698641E-02
      64   5.4697889763779521E+01       22   6.3290000000000002E-01   2.3799297560542998E-02
      64   5.4697889763779521E+01       23   6.6280000000000006E-01   2.2830280165864945E-02
      64   5.4697889763779521E+01       24   6.9270000000000009E-01   1.6886318753450438E-02
      64   5.4697889763779521E+01       25   7.2260000000000002E-01   9.5776769737815955E-03
      64   5.4697889763779521E+01       26   7.5250000000000006E-01   1.1284187270677641E-02
      64   5.4697889763779521E+01       27   7.8240000000000010E-01   1.2276477004146155E-02
      64   5.4697889763779521E+01       28   8.1230000000000013E-01   7.9757990015545711E-03
      64   5.4697889763779521E+01       29   8.4220000000000006E-01   8.9408704577389614E-03
      64   5.4697889763779521E+01       30   8.7210000000000010E-01   8.1928236197736284E-03
      64   5.4697889763779521E+01       31   9.0200000000000014E-01   5.9587406215181587E-03
      64   5.4697889763779521E+01       32   9.3190000000000006E-01   7.8127318961400492E-03
      64   5.4697889763779521E+01       33   9.6180000000000010E-01   5.9755100077473417E-03
      64   5.4697889763779521E+01       34   9.9170000000000014E-01   6.4221231601597935E-03
      64   5.4697889763779521E+01       35   1.0216000000000001E+00   5.8222378800980796E-03
      64   5.4697889763779521E+01       36   1.0515000000000001E+00   5.8628704402500474E-03
      64   5.4697889763779521E+01       37   1.0814000000000001E+00   5.3963078706451570E-03
      64   5.4697889763779521E+01       38   1.1113000000000002E+00   5.3259089510066205E-03
      64   5.4697889763779521E+01       39   1.1412000000000002E+00   5.4664794254387751E-03
      64   5.4697889763779521E+01       40   1.1711000000000000E+00   4.9801433554012599E-03
      64   5.4697889763779521E+01       41   1.2010000000000001E+00   4.8958763398786725E-03
      64   5.4697889763779521E+01       42   1.2309000000000001E+00   4.7666016991447921E-03
      64   5.4697889763779521E+01       43   1.2608000000000001E+00   4.4597786373813345E-03
      64   5.4697889763779521E+01       44   1.2907000000000002E+00   4.7036527710546680E-03
      64   5.4697889763779521E+01       45   1.3206000000000002E+00   4.1159315450124637E-03
      64   5.4697889763779521E+01       46   1.3505000000000000E+00   4.2693869461760056E-03
      64   5.4697889763779521E+01       47   1.3804000000000001E+00   4.2507939436129830E-03
      64   5.4697889763779521E+01       48   1.4103000000000001E+00   3.9340923618348409E-03
      64   5.4697889763779521E+01       49   1.4402000000000001E+00   3.9801196238068324E-03
      64   5.4697889763779521E+01       50   1.4701000000000002E+00   3.8648915101042037E-03
 
      65   5.5566110236220467E+01        1   5.0000000000000001E-03   1.5160750513499621E-01
      65   5.5566110236220467E+01        2   3.4900000000000000E-02   1.6925668381190465E-01
      65   5.5566110236220467E+01        3   6.4800000000000010E-02   2.2568951094266321E-01
      65   5.5566110236220467E+01        4   9.4700000000000006E-02   2.9683872935454036E-01
      65   5.5566110236220467E+01        5   1.2460000000000002E-01   3.1048714484442241E-01
      65   5.5566110236220467E+01        6   1.5450000000000003E-01   2.8598289626756473E-01
      65   5.5566110236220467E+01        7   1.8440000000000001E-01   3.0163090134361203E-01
      65   5.5566110236220467E+01        8   2.1430000000000002E-01   2.7545264010538839E-01
      65   5.5566110236220467E+01        9   2.4420000000000003E-01   1.9738579340607532E-01
      65   5.5566110236220467E+01       10   2.7410000000000001E-01   2.2065447328819687E-01
      65   5.5566110236220467E+01       11   3.0400000000000005E-01   2.4620704923089218E-01
      65   5.5566110236220467E+01       12   3.3390000000000003E-01   1.9679288153300856E-01
      65   5.5566110236220467E+01       13   3.6380000000000001E-01   1.8379657343320457E-01
      65   5.5566110236220467E+01       14   3.9370000000000005E-01   1.4733157377337089E-01
      65   5.5566110236220467E+01       15   4.2360000000000003E-01   1.0211977628006320E-01
      65   5.5566110236220467E+01       16   4.5350000000000007E-01   7.5358327850273896E-02
      65   5.5566110236220467E+01       17   4.8340000000000005E-01   4.1826716697043818E-02
      65   5.5566110236220467E+01       18   5.1330000000000009E-01   3.6422868295413025E-02
      65   5.5566110236220467E+01       19   5.4320000000000002E-01   3.2627870108884342E-02
      65   5.5566110236220467E+01       20   5.7310000000000005E-01   3.3151615039225715E-02
      65   5.5566110236220467E+01       21   6.0300000000000009E-01   2.5196293455613587E-02
      65   5.5566110236220467E+01       22   6.3290000000000002E-01   2.3717766572208070E-02
      65   5.5566110236220467E+01       23   6.6280000000000006E-01   2.2420332745354474E-02
      65   5.5566110236220467E+01       24   6.9270000000000009E-01   1.6573931855159742E-02
      65   5.5566110236220467E+01       25   7.2260000000000002E-01   9.5576760019438593E-03
      65   5.5566110236220467E+01       26   7.5250000000000006E-01   1.1521906217726649E-02
      65   5.5566110236220467E+01       27   7.8240000000000010E-01   1.2270397375851843E-02
      65   5.5566110236220467E+01       28   8.1230000000000013E-01   7.8093739970594520E-03
      65   5.5566110236220467E+01       29   8.4220000000000006E-01   9.0907543005174733E-03
      65   5.5566110236220467E+01       30   8.7210000000000010E-01   8.4072517681745423E-03
      65   5.5566110236220467E+01       31   9.0200000000000014E-01   5.9117827480886639E-03
      65   5.5566110236220467E+01       32   9.3190000000000006E-01   7.8025328291405852E-03
      65   5.5566110236220467E+01       33   9.6180000000000010E-01   6.1574062667932097E-03
      65   5.5566110236220467E+01       34   9.9170000000000014E-01   6.5262104541865254E-03
      65   5.5566110236220467E+01       35   1.0216000000000001E+00   5.7924071567030354E-03
      65   5.5566110236220467E+01       36   1.0515000000000001E+00   5.9932960011183072E-03
      65   5.5566110236220467E+01       37   1.0814000000000001E+00   5.4896592229664587E-03
      65   5.5566110236220467E+01       38   1.1113000000000002E+00   5.2768500414220390E-03
      65   5.5566110236220467E+01       39   1.1412000000000002E+00   5.5453039355623703E-03
      65   5.5566110236220467E+01       40   1.1711000000000000E+00   5.0443811397764332E-03
      65   5.5566110236220467E+01       41   1.2010000000000001E+00   4.8389544122877919E-03
      65   5.5566110236220467E+01       42   1.2309000000000001E+00   4.9194231770346803E-03
      65   5.5566110236220467E+01       43   1.2608000000000001E+00   4.5188198953209054E-03
      65   5.5566110236220467E+01       44   1.2907000000000002E+00   4.7706934278441753E-03
      65   5.5566110236220467E+01       45   1.3206000000000002E+00   4.2330267723291190E-03
      65   5.5566110236220467E+01       46   1.3505000000000000E+00   4.2852682032479984E-03
      65   5.5566110236220467E+01       47   1.3804000000000001E+00   4.3737933432848892E-03
      65   5.5566110236220467E+01       48   1.4103000000000001E+00   3.9966767014430245E-03
      65   5.5566110236220467E+01       49   1.4402000000000001E+00   4.1072810311670021E-03
      65   5.5566110236220467E+01       50   1.4701000000000002E+00   3.9515758158324595E-03
 
      66   5.6434330708661413E+01        1   5.0000000000000001E-03   1.5178766210430311E-01
      66   5.6434330708661413E+01        2   3.4900000000000000E-02   1.6852770064111247E-01
      66   5.6434330708661413E+01        3   6.4800000000000010E-02   2.2321978250942426E-01
      66   5.6434330708661413E+01        4   9.4700000000000006E-02   2.9151326016251661E-01
      66   5.6434330708661413E+01        5   1.2460000000000002E-01   3.0328674259548599E-01
      66   5.6434330708661413E+01        6   1.5450000000000003E-01   2.8119509178059970E-01
      66   5.6434330708661413E+01        7   1.8440000000000001E-01   3.0148339498132581E-01
      66   5.6434330708661413E+01        8   2.1430000000000002E-01   2.7733258572931541E-01
      66   5.6434330708661413E+01        9   2.4420000000000003E-01   2.0050611301932722E-01
      66   5.6434330708661413E+01       10   2.7410000000000001E-01   2.2478799818369360E-01
      66   5.6434330708661413E+01       11   3.0400000000000005E-01   2.4894797950192216E-01
      66   5.6434330708661413E+01       12   3.3390000000000003E-01   1.9954502585452918E-01
      66   5.6434330708661413E+01       13   3.6380000000000001E-01   1.8761176082111611E-01
      66   5.6434330708661413E+01       14   3.9370000000000005E-01   1.5128706422272964E-01
      66   5.6434330708661413E+01       15   4.2360000000000003E-01   1.0621166385220343E-01
      66   5.6434330708661413E+01       16   4.5350000000000007E-01   7.8354340306476228E-02
      66   5.6434330708661413E+01       17   4.8340000000000005E-01   4.2822030164124267E-02
      66   5.6434330708661413E+01       18   5.1330000000000009E-01   3.6313053943588809E-02
      66   5.6434330708661413E+01       19   5.4320000000000002E-01   3.2533238857888697E-02
      66   5.6434330708661413E+01       20   5.7310000000000005E-01   3.3618579554600014E-02
      66   5.6434330708661413E+01       21   6.0300000000000009E-01   2.5735601526905887E-02
      66   5.6434330708661413E+01       22   6.3290000000000002E-01   2.3935956295765080E-02
      66   5.6434330708661413E+01       23   6.6280000000000006E-01   2.2019267926628998E-02
      66   5.6434330708661413E+01       24   6.9270000000000009E-01   1.6148636452803899E-02
      66   5.6434330708661413E+01       25   7.2260000000000002E-01   9.4876271952090401E-03
      66   5.6434330708661413E+01       26   7.5250000000000006E-01   1.1753814815598444E-02
      66   5.6434330708661413E+01       27   7.8240000000000010E-01   1.2276233281347341E-02
      66   5.6434330708661413E+01       28   8.1230000000000013E-01   7.5784779548462898E-03
      66   5.6434330708661413E+01       29   8.4220000000000006E-01   9.0802438923915565E-03
      66   5.6434330708661413E+01       30   8.7210000000000010E-01   8.5724875200043037E-03
      66   5.6434330708661413E+01       31   9.0200000000000014E-01   5.8698480312624939E-03
      66   5.6434330708661413E+01       32   9.3190000000000006E-01   7.6424184083524454E-03
      66   5.6434330708661413E+01       33   9.6180000000000010E-01   6.2161126488945312E-03
      66   5.6434330708661413E+01       34   9.9170000000000014E-01   6.6282125597410526E-03
      66   5.6434330708661413E+01       35   1.0216000000000001E+00   5.7157873446667040E-03
      66   5.6434330708661413E+01       36   1.0515000000000001E+00   6.0409906717594965E-03
      66   5.6434330708661413E+01       37   1.0814000000000001E+00   5.5728016408054240E-03
      66   5.6434330708661413E+01       38   1.1113000000000002E+00   5.2052952465340150E-03
      66   5.6434330708661413E+01       39   1.1412000000000002E+00   5.5122555962250821E-03
      66   5.6434330708661413E+01       40   1.1711000000000000E+00   5.0886069553851996E-03
      66   5.6434330708661413E+01       41   1.2010000000000001E+00   4.7170844104185089E-03
      66   5.6434330708661413E+01       42   1.2309000000000001E+00   4.9388442257016860E-03
      66   5.6434330708661413E+01       43   1.2608000000000001E+00   4.5451577400835554E-03
      66   5.6434330708661413E+01       44   1.2907000000000002E+00   4.7173042528409577E-03
      66   5.6434330708661413E+01       45   1.3206000000000002E+00   4.2986664746373837E-03
      66   5.6434330708661413E+01       46   1.3505000000000000E+00   4.2383697627478307E-03
      66   5.6434330708661413E+01       47   1.3804000000000001E+00   4.3835860392731152E-03
      66   5.6434330708661413E+01       48   1.4103000000000001E+00   3.9867620896280372E-03
      66   5.6434330708661413E+01       49   1.4402000000000001E+00   4.1065963600120173E-03
      66   5.6434330708661413E+01       50   1.4701000000000002E+00   3.9668732887032593E-03
 
      67   5.7302551181102359E+01        1   5.0000000000000001E-03   1.5118228742654741E-01
      67   5.7302551181102359E+01        2   3.4900000000000000E-02   1.6594083242648319E-01
      67   5.7302551181102359E+01        3   6.4800000000000010E-02   2.1687684934099866E-01
      67   5.7302551181102359E+01        4   9.4700000000000006E-02   2.8186855609392925E-01
      67   5.7302551181102359E+01        5   1.2460000000000002E-01   2.9279111302856697E-01
      67   5.7302551181102359E+01        6   1.5450000000000003E-01   2.7267303282677763E-01
      67   5.7302551181102359E+01        7   1.8440000000000001E-01   2.9613730139643352E-01
      67   5.7302551181102359E+01        8   2.1430000000000002E-01   2.7453731157377775E-01
      67   5.7302551181102359E+01        9   2.4420000000000003E-01   2.0108774842514321E-01
      67   5.7302551181102359E+01       10   2.7410000000000001E-01   2.2698170846705096E-01
      67   5.7302551181102359E+01       11   3.0400000000000005E-01   2.4954108213523563E-01
      67   5.7302551181102359E+01       12   3.3390000000000003E-01   1.9958960477238849E-01
      67   5.7302551181102359E+01       13   3.6380000000000001E-01   1.8791706174734957E-01
      67   5.7302551181102359E+01       14   3.9370000000000005E-01   1.5204116046206931E-01
      67   5.7302551181102359E+01       15   4.2360000000000003E-01   1.0855931118276779E-01
      67   5.7302551181102359E+01       16   4.5350000000000007E-01   8.1195653862738720E-02
      67   5.7302551181102359E+01       17   4.8340000000000005E-01   4.4550121625499033E-02
      67   5.7302551181102359E+01       18   5.1330000000000009E-01   3.6743810689490099E-02
      67   5.7302551181102359E+01       19   5.4320000000000002E-01   3.2273004161307267E-02
      67   5.7302551181102359E+01       20   5.7310000000000005E-01   3.3691689745580761E-02
      67   5.7302551181102359E+01       21   6.0300000000000009E-01   2.6271935770583153E-02
      67   5.7302551181102359E+01       22   6.3290000000000002E-01   2.4566957454844007E-02
      67   5.7302551181102359E+01       23   6.6280000000000006E-01   2.1975510470102048E-02
      67   5.7302551181102359E+01       24   6.9270000000000009E-01   1.5836187317570916E-02
      67   5.7302551181102359E+01       25   7.2260000000000002E-01   9.3593017689335405E-03
      67   5.7302551181102359E+01       26   7.5250000000000006E-01   1.1955860060661173E-02
      67   5.7302551181102359E+01       27   7.8240000000000010E-01   1.2373383057248602E-02
      67   5.7302551181102359E+01       28   8.1230000000000013E-01   7.3752699067672796E-03
      67   5.7302551181102359E+01       29   8.4220000000000006E-01   8.9169587796195261E-03
      67   5.7302551181102359E+01       30   8.7210000000000010E-01   8.6288522911305166E-03
      67   5.7302551181102359E+01       31   9.0200000000000014E-01   5.8531587934988836E-03
      67   5.7302551181102359E+01       32   9.3190000000000006E-01   7.3890612598527562E-03
      67   5.7302551181102359E+01       33   9.6180000000000010E-01   6.1370528500312941E-03
      67   5.7302551181102359E+01       34   9.9170000000000014E-01   6.7026936532551089E-03
      67   5.7302551181102359E+01       35   1.0216000000000001E+00   5.6161074184260520E-03
      67   5.7302551181102359E+01       36   1.0515000000000001E+00   5.9909188528849801E-03
      67   5.7302551181102359E+01       37   1.0814000000000001E+00   5.6347584680209103E-03
      67   5.7302551181102359E+01       38   1.1113000000000002E+00   5.1581595939990347E-03
      67   5.7302551181102359E+01       39   1.1412000000000002E+00   5.4308627186557632E-03
      67   5.7302551181102359E+01       40   1.1711000000000000E+00   5.1279380424275461E-03
      67   5.7302551181102359E+01       41   1.2010000000000001E+00   4.6117030152044922E-03
      67   5.7302551181102359E+01       42   1.2309000000000001E+00   4.8431175798393650E-03
      67   5.7302551181102359E+01       43   1.2608000000000001E+00   4.5472563397463512E-03
      67   5.7302551181102359E+01       44   1.2907000000000002E+00   4.5919557278418103E-03
      67   5.7302551181102359E+01       45   1.3206000000000002E+00   4.2918675098862265E-03
      67   5.7302551181102359E+01       46   1.3505000000000000E+00   4.1934351578859141E-03
      67   5.7302551181102359E+01       47   1.3804000000000001E+00   4.3164109518074841E-03
      67   5.7302551181102359E+01       48   1.4103000000000001E+00   3.9593997103820784E-03
      67   5.7302551181102359E+01       49   1.4402000000000001E+00   4.0269913384222891E-03
      67   5.7302551181102359E+01       50   1.4701000000000002E+00   3.9454518448457992E-03
 
      68   5.8170771653543305E+01        1   5.0000000000000001E-03   1.5424692662711340E-01
      68   5.8170771653543305E+01        2   3.4900000000000000E-02   1.6661467867796503E-01
      68   5.8170771653543305E+01        3   6.4800000000000010E-02   2.1240842036022031E-01
      68   5.8170771653543305E+01        4   9.4700000000000006E-02   2.7277931025815322E-01
      68   5.8170771653543305E+01        5   1.2460000000000002E-01   2.8217878723539525E-01
      68   5.8170771653543305E+01        6   1.5450000000000003E-01   2.6268327202302416E-01
      68   5.8170771653543305E+01        7   1.8440000000000001E-01   2.8722750455783946E-01
      68   5.8170771653543305E+01        8   2.1430000000000002E-01   2.6773676603354080E-01
      68   5.8170771653543305E+01        9   2.4420000000000003E-01   1.9879444035092816E-01
      68   5.8170771653543305E+01       10   2.7410000000000001E-01   2.2699856780460120E-01
      68   5.8170771653543305E+01       11   3.0400000000000005E-01   2.4858005107011280E-01
      68   5.8170771653543305E+01       12   3.3390000000000003E-01   1.9793465019931317E-01
      68   5.8170771653543305E+01       13   3.6380000000000001E-01   1.8561296142093298E-01
      68   5.8170771653543305E+01       14   3.9370000000000005E-01   1.4987331703359236E-01
      68   5.8170771653543305E+01       15   4.2360000000000003E-01   1.0850693834563220E-01
      68   5.8170771653543305E+01       16   4.5350000000000007E-01   8.2943540979964439E-02
      68   5.8170771653543305E+01       17   4.8340000000000005E-01   4.6636849715856500E-02
      68   5.8170771653543305E+01       18   5.1330000000000009E-01   3.7994765526569725E-02
      68   5.8170771653543305E+01       19   5.4320000000000002E-01   3.2286106997761743E-02
      68   5.8170771653543305E+01       20   5.7310000000000005E-01   3.3572602706356050E-02
      68   5.8170771653543305E+01       21   6.0300000000000009E-01   2.6697080466337678E-02
      68   5.8170771653543305E+01       22   6.3290000000000002E-01   2.5489620882644174E-02
      68   5.8170771653543305E+01       23   6.6280000000000006E-01   2.2486974824766005E-02
      68   5.8170771653543305E+01       24   6.9270000000000009E-01   1.5935078160192052E-02
      68   5.8170771653543305E+01       25   7.2260000000000002E-01   9.2791132913515820E-03
      68   5.8170771653543305E+01       26   7.5250000000000006E-01   1.2098504034695853E-02
      68   5.8170771653543305E+01       27   7.8240000000000010E-01   1.2591670032462466E-02
      68   5.8170771653543305E+01       28   8.1230000000000013E-01   7.3220257429131809E-03
      68   5.8170771653543305E+01       29   8.4220000000000006E-01   8.6946172877939744E-03
      68   5.8170771653543305E+01       30   8.7210000000000010E-01   8.5817103289629292E-03
      68   5.8170771653543305E+01       31   9.0200000000000014E-01   5.8828031918872984E-03
      68   5.8170771653543305E+01       32   9.3190000000000006E-01   7.1647234404674459E-03
      68   5.8170771653543305E+01       33   9.6180000000000010E-01   5.9896546191122195E-03
      68   5.8170771653543305E+01       34   9.9170000000000014E-01   6.7611204697783115E-03
      68   5.8170771653543305E+01       35   1.0216000000000001E+00   5.5642741187611469E-03
      68   5.8170771653543305E+01       36   1.0515000000000001E+00   5.8999979523583880E-03
      68   5.8170771653543305E+01       37   1.0814000000000001E+00   5.7060769617718081E-03
      68   5.8170771653543305E+01       38   1.1113000000000002E+00   5.1975907753424372E-03
      68   5.8170771653543305E+01       39   1.1412000000000002E+00   5.3939131535819087E-03
      68   5.8170771653543305E+01       40   1.1711000000000000E+00   5.2110246319374337E-03
      68   5.8170771653543305E+01       41   1.2010000000000001E+00   4.6176412175395259E-03
      68   5.8170771653543305E+01       42   1.2309000000000001E+00   4.7479230721693220E-03
      68   5.8170771653543305E+01       43   1.2608000000000001E+00   4.5809334264998117E-03
      68   5.8170771653543305E+01       44   1.2907000000000002E+00   4.5166943510700011E-03
      68   5.8170771653543305E+01       45   1.3206000000000002E+00   4.2602108041146702E-03
      68   5.8170771653543305E+01       46   1.3505000000000000E+00   4.2219741844826608E-03
      68   5.8170771653543305E+01       47   1.3804000000000001E+00   4.2789686540892725E-03
      68   5.8170771653543305E+01       48   1.4103000000000001E+00   4.0024177315088026E-03
      68   5.8170771653543305E+01       49   1.4402000000000001E+00   4.0086387566047720E-03
      68   5.8170771653543305E+01       50   1.4701000000000002E+00   3.9843191647572270E-03
 
      69   5.9038992125984244E+01        1   5.0000000000000001E-03   1.6295222794087111E-01
      69   5.9038992125984244E+01        2   3.4900000000000000E-02   1.7352213215317608E-01
      69   5.9038992125984244E+01        3   6.4800000000000010E-02   2.1440297460978985E-01
      69   5.9038992125984244E+01        4   9.4700000000000006E-02   2.6897237889127129E-01
      69   5.9038992125984244E+01        5   1.2460000000000002E-01   2.7480403001019860E-01
      69   5.9038992125984244E+01        6   1.5450000000000003E-01   2.5365684744638045E-01
      69   5.9038992125984244E+01        7   1.8440000000000001E-01   2.7686565232321675E-01
      69   5.9038992125984244E+01        8   2.1430000000000002E-01   2.5822044458775306E-01
      69   5.9038992125984244E+01        9   2.4420000000000003E-01   1.9358845047916354E-01
      69   5.9038992125984244E+01       10   2.7410000000000001E-01   2.2440921365452121E-01
      69   5.9038992125984244E+01       11   3.0400000000000005E-01   2.4600484350999574E-01
      69   5.9038992125984244E+01       12   3.3390000000000003E-01   1.9515793225233868E-01
      69   5.9038992125984244E+01       13   3.6380000000000001E-01   1.8193339942070855E-01
      69   5.9038992125984244E+01       14   3.9370000000000005E-01   1.4597633816269429E-01
      69   5.9038992125984244E+01       15   4.2360000000000003E-01   1.0633363418074396E-01
      69   5.9038992125984244E+01       16   4.5350000000000007E-01   8.2955851339538242E-02
      69   5.9038992125984244E+01       17   4.8340000000000005E-01   4.8277446360821104E-02
      69   5.9038992125984244E+01       18   5.1330000000000009E-01   3.9779233730930501E-02
      69   5.9038992125984244E+01       19   5.4320000000000002E-01   3.2901315324828928E-02
      69   5.9038992125984244E+01       20   5.7310000000000005E-01   3.3667798881244090E-02
      69   5.9038992125984244E+01       21   6.0300000000000009E-01   2.7012216148516968E-02
      69   5.9038992125984244E+01       22   6.3290000000000002E-01   2.6398086139514897E-02
      69   5.9038992125984244E+01       23   6.6280000000000006E-01   2.3404068195203079E-02
      69   5.9038992125984244E+01       24   6.9270000000000009E-01   1.6548373559295636E-02
      69   5.9038992125984244E+01       25   7.2260000000000002E-01   9.4151192519501357E-03
      69   5.9038992125984244E+01       26   7.5250000000000006E-01   1.2201278704313595E-02
      69   5.9038992125984244E+01       27   7.8240000000000010E-01   1.2874245649967026E-02
      69   5.9038992125984244E+01       28   8.1230000000000013E-01   7.4697709993284895E-03
      69   5.9038992125984244E+01       29   8.4220000000000006E-01   8.5358149381837226E-03
      69   5.9038992125984244E+01       30   8.7210000000000010E-01   8.4988954409415344E-03
      69   5.9038992125984244E+01       31   9.0200000000000014E-01   5.9581327262232401E-03
      69   5.9038992125984244E+01       32   9.3190000000000006E-01   7.0530295869929253E-03
      69   5.9038992125984244E+01       33   9.6180000000000010E-01   5.8533005620777555E-03
      69   5.9038992125984244E+01       34   9.9170000000000014E-01   6.8163923772851910E-03
      69   5.9038992125984244E+01       35   1.0216000000000001E+00   5.5993675792184163E-03
      69   5.9038992125984244E+01       36   1.0515000000000001E+00   5.8327295551337411E-03
      69   5.9038992125984244E+01       37   1.0814000000000001E+00   5.7908019411324028E-03
      69   5.9038992125984244E+01       38   1.1113000000000002E+00   5.3229655987373416E-03
      69   5.9038992125984244E+01       39   1.1412000000000002E+00   5.4187286963513683E-03
      69   5.9038992125984244E+01       40   1.1711000000000000E+00   5.3210799963859046E-03
      69   5.9038992125984244E+01       41   1.2010000000000001E+00   4.7244704272094810E-03
      69   5.9038992125984244E+01       42   1.2309000000000001E+00   4.7148008820889920E-03
      69   5.9038992125984244E+01       43   1.2608000000000001E+00   4.6493088835255813E-03
      69   5.9038992125984244E+01       44   1.2907000000000002E+00   4.5468735746404514E-03
      69   5.9038992125984244E+01       45   1.3206000000000002E+00   4.2416790525056820E-03
      69   5.9038992125984244E+01       46   1.3505000000000000E+00   4.3068604671704707E-03
      69   5.9038992125984244E+01       47   1.3804000000000001E+00   4.3030452631570171E-03
      69   5.9038992125984244E+01       48   1.4103000000000001E+00   4.0979775147515964E-03
      69   5.9038992125984244E+01       49   1.4402000000000001E+00   4.0898622112928024E-03
      69   5.9038992125984244E+01       50   1.4701000000000002E+00   4.0865706296388388E-03
 
      70   5.9907212598425190E+01        1   5.0000000000000001E-03   1.7474070091848684E-01
      70   5.9907212598425190E+01        2   3.4900000000000000E-02   1.8509678603042690E-01
      70   5.9907212598425190E+01        3   6.4800000000000010E-02   2.2353429032444319E-01
      70   5.9907212598425190E+01        4   9.4700000000000006E-02   2.7303879490081628E-01
      70   5.9907212598425190E+01        5   1.2460000000000002E-01   2.7374885106993924E-01
      70   5.9907212598425190E+01        6   1.5450000000000003E-01   2.4833469702305680E-01
      70   5.9907212598425190E+01        7   1.8440000000000001E-01   2.6735475061981112E-01
      70   5.9907212598425190E+01        8   2.1430000000000002E-01   2.4752557512072182E-01
      70   5.9907212598425190E+01        9   2.4420000000000003E-01   1.8587601055450256E-01
      70   5.9907212598425190E+01       10   2.7410000000000001E-01   2.1898120915291538E-01
      70   5.9907212598425190E+01       11   3.0400000000000005E-01   2.4138737198577098E-01
      70   5.9907212598425190E+01       12   3.3390000000000003E-01   1.9127081370580773E-01
      70   5.9907212598425190E+01       13   3.6380000000000001E-01   1.7779999948439262E-01
      70   5.9907212598425190E+01       14   3.9370000000000005E-01   1.4178232771089905E-01
      70   5.9907212598425190E+01       15   4.2360000000000003E-01   1.0315512720573536E-01
      70   5.9907212598425190E+01       16   4.5350000000000007E-01   8.1424690555264703E-02
      70   5.9907212598425190E+01       17   4.8340000000000005E-01   4.8833155387094450E-02
      70   5.9907212598425190E+01       18   5.1330000000000009E-01   4.1397474447943290E-02
      70   5.9907212598425190E+01       19   5.4320000000000002E-01   3.4011962432208762E-02
      70   5.9907212598425190E+01       20   5.7310000000000005E-01   3.4217139271185054E-02
      70   5.9907212598425190E+01       21   6.0300000000000009E-01   2.7316057334122141E-02
      70   5.9907212598425190E+01       22   6.3290000000000002E-01   2.7066029459875549E-02
      70   5.9907212598425190E+01       23   6.6280000000000006E-01   2.4377646298184147E-02
      70   5.9907212598425190E+01       24   6.9270000000000009E-01   1.7492996491219440E-02
      70   5.9907212598425190E+01       25   7.2260000000000002E-01   9.8705460285648562E-03
      70   5.9907212598425190E+01       26   7.5250000000000006E-01   1.2366145451931546E-02
      70   5.9907212598425190E+01       27   7.8240000000000010E-01   1.3172269562926641E-02
      70   5.9907212598425190E+01       28   8.1230000000000013E-01   7.7679375008579948E-03
      70   5.9907212598425190E+01       29   8.4220000000000006E-01   8.4978250405655601E-03
      70   5.9907212598425190E+01       30   8.7210000000000010E-01   8.4495616714039285E-03
      70   5.9907212598425190E+01       31   9.0200000000000014E-01   6.0608077199127757E-03
      70   5.9907212598425190E+01       32   9.3190000000000006E-01   7.0446366315116910E-03
      70   5.9907212598425190E+01       33   9.6180000000000010E-01   5.7477862865878467E-03
      70   5.9907212598425190E+01       34   9.9170000000000014E-01   6.8546373496207414E-03
      70   5.9907212598425190E+01       35   1.0216000000000001E+00   5.6870994847441252E-03
      70   5.9907212598425190E+01       36   1.0515000000000001E+00   5.7880810095459487E-03
      70   5.9907212598425190E+01       37   1.0814000000000001E+00   5.8459904271791849E-03
      70   5.9907212598425190E+01       38   1.1113000000000002E+00   5.4708949183197488E-03
      70   5.9907212598425190E+01       39   1.1412000000000002E+00   5.4531867353309494E-03
      70   5.9907212598425190E+01       40   1.1711000000000000E+00   5.3853965178994843E-03
      70   5.9907212598425190E+01       41   1.2010000000000001E+00   4.8406103382568622E-03
      70   5.9907212598425190E+01       42   1.2309000000000001E+00   4.7018076216556633E-03
      70   5.9907212598425190E+01       43   1.2608000000000001E+00   4.6941508177860830E-03
      70   5.9907212598425190E+01       44   1.2907000000000002E+00   4.6379534246169390E-03
      70   5.9907212598425190E+01       45   1.3206000000000002E+00   4.2338891114026590E-03
      70   5.9907212598425190E+01       46   1.3505000000000000E+00   4.3772954576217563E-03
      70   5.9907212598425190E+01       47   1.3804000000000001E+00   4.3376936995490525E-03
      70   5.9907212598425190E+01       48   1.4103000000000001E+00   4.1425221753094077E-03
      70   5.9907212598425190E+01       49   1.4402000000000001E+00   4.1723619038114826E-03
      70   5.9907212598425190E+01       50   1.4701000000000002E+00   4.1437300280421641E-03
 
      71   6.0775433070866136E+01        1   5.0000000000000001E-03   1.8470486619534082E-01
      71   6.0775433070866136E+01        2   3.4900000000000000E-02   1.9670099979334130E-01
      71   6.0775433070866136E+01        3   6.4800000000000010E-02   2.3645783885752844E-01
      71   6.0775433070866136E+01        4   9.4700000000000006E-02   2.8395641255312293E-01
      71   6.0775433070866136E+01        5   1.2460000000000002E-01   2.8012660550036456E-01
      71   6.0775433070866136E+01        6   1.5450000000000003E-01   2.4874608824302247E-01
      71   6.0775433070866136E+01        7   1.8440000000000001E-01   2.6088417549736798E-01
      71   6.0775433070866136E+01        8   2.1430000000000002E-01   2.3743077049666467E-01
      71   6.0775433070866136E+01        9   2.4420000000000003E-01   1.7655657309276379E-01
      71   6.0775433070866136E+01       10   2.7410000000000001E-01   2.1083826160633354E-01
      71   6.0775433070866136E+01       11   3.0400000000000005E-01   2.3441558242111671E-01
      71   6.0775433070866136E+01       12   3.3390000000000003E-01   1.8614462641144253E-01
      71   6.0775433070866136E+01       13   3.6380000000000001E-01   1.7368916485758829E-01
      71   6.0775433070866136E+01       14   3.9370000000000005E-01   1.3830831396856286E-01
      71   6.0775433070866136E+01       15   4.2360000000000003E-01   1.0023215368688630E-01
      71   6.0775433070866136E+01       16   4.5350000000000007E-01   7.9223205512316347E-02
      71   6.0775433070866136E+01       17   4.8340000000000005E-01   4.8279858720731005E-02
      71   6.0775433070866136E+01       18   5.1330000000000009E-01   4.2228939194985673E-02
      71   6.0775433070866136E+01       19   5.4320000000000002E-01   3.5114891226375712E-02
      71   6.0775433070866136E+01       20   5.7310000000000005E-01   3.5101896704005521E-02
      71   6.0775433070866136E+01       21   6.0300000000000009E-01   2.7779445481758279E-02
      71   6.0775433070866136E+01       22   6.3290000000000002E-01   2.7603581146519146E-02
      71   6.0775433070866136E+01       23   6.6280000000000006E-01   2.5216788052402617E-02
      71   6.0775433070866136E+01       24   6.9270000000000009E-01   1.8467248227032617E-02
      71   6.0775433070866136E+01       25   7.2260000000000002E-01   1.0591401662365666E-02
      71   6.0775433070866136E+01       26   7.5250000000000006E-01   1.2719480411892761E-02
      71   6.0775433070866136E+01       27   7.8240000000000010E-01   1.3534654212194698E-02
      71   6.0775433070866136E+01       28   8.1230000000000013E-01   8.1390553252188719E-03
      71   6.0775433070866136E+01       29   8.4220000000000006E-01   8.5636968983363072E-03
      71   6.0775433070866136E+01       30   8.7210000000000010E-01   8.4699124707635562E-03
      71   6.0775433070866136E+01       31   9.0200000000000014E-01   6.2016756007884219E-03
      71   6.0775433070866136E+01       32   9.3190000000000006E-01   7.1220113594932209E-03
      71   6.0775433070866136E+01       33   9.6180000000000010E-01   5.6719883625870509E-03
      71   6.0775433070866136E+01       34   9.9170000000000014E-01   6.8712561796015897E-03
      71   6.0775433070866136E+01       35   1.0216000000000001E+00   5.8015194094564277E-03
      71   6.0775433070866136E+01       36   1.0515000000000001E+00   5.7530061989188265E-03
      71   6.0775433070866136E+01       37   1.0814000000000001E+00   5.8540001580573483E-03
      71   6.0775433070866136E+01       38   1.1113000000000002E+00   5.6231894900735874E-03
      71   6.0775433070866136E+01       39   1.1412000000000002E+00   5.5033120742603459E-03
      71   6.0775433070866136E+01       40   1.1711000000000000E+00   5.4030089329386594E-03
      71   6.0775433070866136E+01       41   1.2010000000000001E+00   4.9530038405757957E-03
      71   6.0775433070866136E+01       42   1.2309000000000001E+00   4.6980225132012606E-03
      71   6.0775433070866136E+01       43   1.2608000000000001E+00   4.7043582339596239E-03
      71   6.0775433070866136E+01       44   1.2907000000000002E+00   4.7592829934895459E-03
      71   6.0775433070866136E+01       45   1.3206000000000002E+00   4.2576910112054299E-03
      71   6.0775433070866136E+01       46   1.3505000000000000E+00   4.4296019823764658E-03
      71   6.0775433070866136E+01       47   1.3804000000000001E+00   4.3862260335533589E-03
      71   6.0775433070866136E+01       48   1.4103000000000001E+00   4.1201395735813743E-03
      71   6.0775433070866136E+01       49   1.4402000000000001E+00   4.2029085360544942E-03
      71   6.0775433070866136E+01       50   1.4701000000000002E+00   4.1167606476519240E-03
 
      72   6.1643653543307082E+01        1   5.0000000000000001E-03   1.8948353983184335E-01
      72   6.1643653543307082E+01        2   3.4900000000000000E-02   2.0416962168124847E-01
      72   6.1643653543307082E+01        3   6.4800000000000010E-02   2.4814896814931481E-01
      72   6.1643653543307082E+01        4   9.4700000000000006E-02   2.9748572368156928E-01
      72   6.1643653543307082E+01        5   1.2460000000000002E-01   2.9182428923942894E-01
      72   6.1643653543307082E+01        6   1.5450000000000003E-01   2.5468676605637419E-01
      72   6.1643653543307082E+01        7   1.8440000000000001E-01   2.5867957897320798E-01
      72   6.1643653543307082E+01        8   2.1430000000000002E-01   2.2965163920723497E-01
      72   6.1643653543307082E+01        9   2.4420000000000003E-01   1.6700715964811666E-01
      72   6.1643653543307082E+01       10   2.7410000000000001E-01   2.0070211534782229E-01
      72   6.1643653543307082E+01       11   3.0400000000000005E-01   2.2535995722814564E-01
      72   6.1643653543307082E+01       12   3.3390000000000003E-01   1.7988482491042551E-01
      72   6.1643653543307082E+01       13   3.6380000000000001E-01   1.6967541599164856E-01
      72   6.1643653543307082E+01       14   3.9370000000000005E-01   1.3574207085155068E-01
      72   6.1643653543307082E+01       15   4.2360000000000003E-01   9.8169060376507980E-02
      72   6.1643653543307082E+01       16   4.5350000000000007E-01   7.7187611320287453E-02
      72   6.1643653543307082E+01       17   4.8340000000000005E-01   4.7096108580879224E-02
      72   6.1643653543307082E+01       18   5.1330000000000009E-01   4.2113112429747954E-02
      72   6.1643653543307082E+01       19   5.4320000000000002E-01   3.5701942079438220E-02
      72   6.1643653543307082E+01       20   5.7310000000000005E-01   3.5953886562915142E-02
      72   6.1643653543307082E+01       21   6.0300000000000009E-01   2.8480048595760452E-02
      72   6.1643653543307082E+01       22   6.3290000000000002E-01   2.8297023710443587E-02
      72   6.1643653543307082E+01       23   6.6280000000000006E-01   2.5983820003023069E-02
      72   6.1643653543307082E+01       24   6.9270000000000009E-01   1.9232571760543139E-02
      72   6.1643653543307082E+01       25   7.2260000000000002E-01   1.1339695061106152E-02
      72   6.1643653543307082E+01       26   7.5250000000000006E-01   1.3239812821767010E-02
      72   6.1643653543307082E+01       27   7.8240000000000010E-01   1.4009744150488610E-02
      72   6.1643653543307082E+01       28   8.1230000000000013E-01   8.5295194146283483E-03
      72   6.1643653543307082E+01       29   8.4220000000000006E-01   8.6893512885916936E-03
      72   6.1643653543307082E+01       30   8.7210000000000010E-01   8.5488811745995704E-03
      72   6.1643653543307082E+01       31   9.0200000000000014E-01   6.4112125873970896E-03
      72   6.1643653543307082E+01       32   9.3190000000000006E-01   7.3230409658769941E-03
      72   6.1643653543307082E+01       33   9.6180000000000010E-01   5.6610856629115466E-03
      72   6.1643653543307082E+01       34   9.9170000000000014E-01   6.8841701718269366E-03
      72   6.1643653543307082E+01       35   1.0216000000000001E+00   5.9658123357305094E-03
      72   6.1643653543307082E+01       36   1.0515000000000001E+00   5.7720852179384587E-03
      72   6.1643653543307082E+01       37   1.0814000000000001E+00   5.8396669736639319E-03
      72   6.1643653543307082E+01       38   1.1113000000000002E+00   5.8056601650903492E-03
      72   6.1643653543307082E+01       39   1.1412000000000002E+00   5.6409447832596864E-03
      72   6.1643653543307082E+01       40   1.1711000000000000E+00   5.4479819359399984E-03
      72   6.1643653543307082E+01       41   1.2010000000000001E+00   5.1233189172423940E-03
      72   6.1643653543307082E+01       42   1.2309000000000001E+00   4.7803601367852897E-03
      72   6.1643653543307082E+01       43   1.2608000000000001E+00   4.7348969582755342E-03
      72   6.1643653543307082E+01       44   1.2907000000000002E+00   4.9228645070887415E-03
      72   6.1643653543307082E+01       45   1.3206000000000002E+00   4.3594836512405094E-03
      72   6.1643653543307082E+01       46   1.3505000000000000E+00   4.5131358341917093E-03
      72   6.1643653543307082E+01       47   1.3804000000000001E+00   4.5105310823547913E-03
      72   6.1643653543307082E+01       48   1.4103000000000001E+00   4.1286833321095692E-03
      72   6.1643653543307082E+01       49   1.4402000000000001E+00   4.2423714507224628E-03
      72   6.1643653543307082E+01       50   1.4701000000000002E+00   4.1023136948368216E-03
 
      73   6.2511874015748027E+01        1   5.0000000000000001E-03   1.8804761954479549E-01
      73   6.2511874015748027E+01        2   3.4900000000000000E-02   2.0526570134790234E-01
      73   6.2511874015748027E+01        3   6.4800000000000010E-02   2.5422448305341411E-01
      73   6.2511874015748027E+01        4   9.4700000000000006E-02   3.0829618737960374E-01
      73   6.2511874015748027E+01        5   1.2460000000000002E-01   3.0437499703500742E-01
      73   6.2511874015748027E+01        6   1.5450000000000003E-01   2.6348134385708522E-01
      73   6.2511874015748027E+01        7   1.8440000000000001E-01   2.6012678378800297E-01
      73   6.2511874015748027E+01        8   2.1430000000000002E-01   2.2500214635629578E-01
      73   6.2511874015748027E+01        9   2.4420000000000003E-01   1.5879802572657059E-01
      73   6.2511874015748027E+01       10   2.7410000000000001E-01   1.9017063870322221E-01
      73   6.2511874015748027E+01       11   3.0400000000000005E-01   2.1543279885890781E-01
      73   6.2511874015748027E+01       12   3.3390000000000003E-01   1.7296803719305343E-01
      73   6.2511874015748027E+01       13   3.6380000000000001E-01   1.6545350186793450E-01
      73   6.2511874015748027E+01       14   3.9370000000000005E-01   1.3341854469646725E-01
      73   6.2511874015748027E+01       15   4.2360000000000003E-01   9.6647593524099573E-02
      73   6.2511874015748027E+01       16   4.5350000000000007E-01   7.5604084240534344E-02
      73   6.2511874015748027E+01       17   4.8340000000000005E-01   4.5841612050673573E-02
      73   6.2511874015748027E+01       18   5.1330000000000009E-01   4.1346082918619895E-02
      73   6.2511874015748027E+01       19   5.4320000000000002E-01   3.5614342192572875E-02
      73   6.2511874015748027E+01       20   5.7310000000000005E-01   3.6384674165618421E-02
      73   6.2511874015748027E+01       21   6.0300000000000009E-01   2.9183452635584587E-02
      73   6.2511874015748027E+01       22   6.3290000000000002E-01   2.9145720126736639E-02
      73   6.2511874015748027E+01       23   6.6280000000000006E-01   2.6743218514990990E-02
      73   6.2511874015748027E+01       24   6.9270000000000009E-01   1.9689225636214950E-02
      73   6.2511874015748027E+01       25   7.2260000000000002E-01   1.1805360806567878E-02
      73   6.2511874015748027E+01       26   7.5250000000000006E-01   1.3668151532539974E-02
      73   6.2511874015748027E+01       27   7.8240000000000010E-01   1.4480889851631361E-02
      73   6.2511874015748027E+01       28   8.1230000000000013E-01   8.8881237087514026E-03
      73   6.2511874015748027E+01       29   8.4220000000000006E-01   8.8322226107763677E-03
      73   6.2511874015748027E+01       30   8.7210000000000010E-01   8.6213858295983679E-03
      73   6.2511874015748027E+01       31   9.0200000000000014E-01   6.6516350542929229E-03
      73   6.2511874015748027E+01       32   9.3190000000000006E-01   7.6542906983885668E-03
      73   6.2511874015748027E+01       33   9.6180000000000010E-01   5.7501337605751811E-03
      73   6.2511874015748027E+01       34   9.9170000000000014E-01   6.8772912307627507E-03
      73   6.2511874015748027E+01       35   1.0216000000000001E+00   6.1514712754210154E-03
      73   6.2511874015748027E+01       36   1.0515000000000001E+00   5.8823061704178703E-03
      73   6.2511874015748027E+01       37   1.0814000000000001E+00   5.7983979210344538E-03
      73   6.2511874015748027E+01       38   1.1113000000000002E+00   5.9503084654220556E-03
      73   6.2511874015748027E+01       39   1.1412000000000002E+00   5.8419672645518630E-03
      73   6.2511874015748027E+01       40   1.1711000000000000E+00   5.5210314709965213E-03
      73   6.2511874015748027E+01       41   1.2010000000000001E+00   5.3043720547924327E-03
      73   6.2511874015748027E+01       42   1.2309000000000001E+00   4.9657953615535278E-03
      73   6.2511874015748027E+01       43   1.2608000000000001E+00   4.7985585114402830E-03
      73   6.2511874015748027E+01       44   1.2907000000000002E+00   5.0816595138514394E-03
      73   6.2511874015748027E+01       45   1.3206000000000002E+00   4.5148022674416435E-03
      73   6.2511874015748027E+01       46   1.3505000000000000E+00   4.6032998014483243E-03
      73   6.2511874015748027E+01       47   1.3804000000000001E+00   4.6750086592505669E-03
      73   6.2511874015748027E+01       48   1.4103000000000001E+00   4.2029039404600016E-03
      73   6.2511874015748027E+01       49   1.4402000000000001E+00   4.3103812420538243E-03
      73   6.2511874015748027E+01       50   1.4701000000000002E+00   4.1616989617148346E-03
 
      74   6.3380094488188973E+01        1   5.0000000000000001E-03   1.7964276379305791E-01
      74   6.3380094488188973E+01        2   3.4900000000000000E-02   1.9861082325054563E-01
      74   6.3380094488188973E+01        3   6.4800000000000010E-02   2.5174165582680647E-01
      74   6.3380094488188973E+01        4   9.4700000000000006E-02   3.1197627187188048E-01
      74   6.3380094488188973E+01        5   1.2460000000000002E-01   3.1295196317663526E-01
      74   6.3380094488188973E+01        6   1.5450000000000003E-01   2.7120912235317768E-01
      74   6.3380094488188973E+01        7   1.8440000000000001E-01   2.6287345455137900E-01
      74   6.3380094488188973E+01        8   2.1430000000000002E-01   2.2289881965822089E-01
      74   6.3380094488188973E+01        9   2.4420000000000003E-01   1.5312100181490088E-01
      74   6.3380094488188973E+01       10   2.7410000000000001E-01   1.8142588806501991E-01
      74   6.3380094488188973E+01       11   3.0400000000000005E-01   2.0669336534138308E-01
      74   6.3380094488188973E+01       12   3.3390000000000003E-01   1.6633925145626249E-01
      74   6.3380094488188973E+01       13   3.6380000000000001E-01   1.6070771896673891E-01
      74   6.3380094488188973E+01       14   3.9370000000000005E-01   1.3041406558998911E-01
      74   6.3380094488188973E+01       15   4.2360000000000003E-01   9.4883468760405668E-02
      74   6.3380094488188973E+01       16   4.5350000000000007E-01   7.4269057628644705E-02
      74   6.3380094488188973E+01       17   4.8340000000000005E-01   4.4850021052914933E-02
      74   6.3380094488188973E+01       18   5.1330000000000009E-01   4.0414877564467058E-02
      74   6.3380094488188973E+01       19   5.4320000000000002E-01   3.5082078482257549E-02
      74   6.3380094488188973E+01       20   5.7310000000000005E-01   3.6199066110937254E-02
      74   6.3380094488188973E+01       21   6.0300000000000009E-01   2.9436310430499379E-02
      74   6.3380094488188973E+01       22   6.3290000000000002E-01   2.9733356439252602E-02
      74   6.3380094488188973E+01       23   6.6280000000000006E-01   2.7382547044141260E-02
      74   6.3380094488188973E+01       24   6.9270000000000009E-01   1.9900866339871953E-02
      74   6.3380094488188973E+01       25   7.2260000000000002E-01   1.1851047018915321E-02
      74   6.3380094488188973E+01       26   7.5250000000000006E-01   1.3708593103924603E-02
      74   6.3380094488188973E+01       27   7.8240000000000010E-01   1.4711499282829783E-02
      74   6.3380094488188973E+01       28   8.1230000000000013E-01   9.1524177455328155E-03
      74   6.3380094488188973E+01       29   8.4220000000000006E-01   8.9665876449840573E-03
      74   6.3380094488188973E+01       30   8.7210000000000010E-01   8.6200090511112208E-03
      74   6.3380094488188973E+01       31   9.0200000000000014E-01   6.7984314497494527E-03
      74   6.3380094488188973E+01       32   9.3190000000000006E-01   8.0027055040896213E-03
      74   6.3380094488188973E+01       33   9.6180000000000010E-01   5.9197587852290942E-03
      74   6.3380094488188973E+01       34   9.9170000000000014E-01   6.8045697883435466E-03
      74   6.3380094488188973E+01       35   1.0216000000000001E+00   6.2388846279648842E-03
      74   6.3380094488188973E+01       36   1.0515000000000001E+00   6.0324960475855501E-03
      74   6.3380094488188973E+01       37   1.0814000000000001E+00   5.7051763787611173E-03
      74   6.3380094488188973E+01       38   1.1113000000000002E+00   5.9079864792509805E-03
      74   6.3380094488188973E+01       39   1.1412000000000002E+00   5.9467615584497769E-03
      74   6.3380094488188973E+01       40   1.1711000000000000E+00   5.5236764830193120E-03
      74   6.3380094488188973E+01       41   1.2010000000000001E+00   5.3272351094593535E-03
      74   6.3380094488188973E+01       42   1.2309000000000001E+00   5.1213693736594339E-03
      74   6.3380094488188973E+01       43   1.2608000000000001E+00   4.8292766825901289E-03
      74   6.3380094488188973E+01       44   1.2907000000000002E+00   5.1227860181191145E-03
      74   6.3380094488188973E+01       45   1.3206000000000002E+00   4.6167773542624092E-03
      74   6.3380094488188973E+01       46   1.3505000000000000E+00   4.6051013290753081E-03
      74   6.3380094488188973E+01       47   1.3804000000000001E+00   4.7324377649263193E-03
      74   6.3380094488188973E+01       48   1.4103000000000001E+00   4.2443992174299103E-03
      74   6.3380094488188973E+01       49   1.4402000000000001E+00   4.3082441862871811E-03
      74   6.3380094488188973E+01       50   1.4701000000000002E+00   4.2109657396650589E-03
 
      75   6.4248314960629926E+01        1   5.0000000000000001E-03   1.6333898680258813E-01
      75   6.4248314960629926E+01        2   3.4900000000000000E-02   1.8335468663531579E-01
      75   6.4248314960629926E+01        3   6.4800000000000010E-02   2.3942820914110147E-01
      75   6.4248314960629926E+01        4   9.4700000000000006E-02   3.0590655057309590E-01
      75   6.4248314960629926E+01        5   1.2460000000000002E-01   3.1365640760493763E-01
      75   6.4248314960629926E+01        6   1.5450000000000003E-01   2.7403562055944236E-01
      75   6.4248314960629926E+01        7   1.8440000000000001E-01   2.6392422183421765E-01
      75   6.4248314960629926E+01        8   2.1430000000000002E-01   2.2187084261832576E-01
      75   6.4248314960629926E+01        9   2.4420000000000003E-01   1.5034875075681259E-01
      75   6.4248314960629926E+01       10   2.7410000000000001E-01   1.7627526044590067E-01
      75   6.4248314960629926E+01       11   3.0400000000000005E-01   2.0123822898190905E-01
      75   6.4248314960629926E+01       12   3.3390000000000003E-01   1.6132407084475806E-01
      75   6.4248314960629926E+01       13   3.6380000000000001E-01   1.5575976209721376E-01
      75   6.4248314960629926E+01       14   3.9370000000000005E-01   1.2645798391004792E-01
      75   6.4248314960629926E+01       15   4.2360000000000003E-01   9.2335319320054662E-02
      75   6.4248314960629926E+01       16   4.5350000000000007E-01   7.2780567948445493E-02
      75   6.4248314960629926E+01       17   4.8340000000000005E-01   4.4102726787077724E-02
      75   6.4248314960629926E+01       18   5.1330000000000009E-01   3.9675057289411501E-02
      75   6.4248314960629926E+01       19   5.4320000000000002E-01   3.4485346281786629E-02
      75   6.4248314960629926E+01       20   5.7310000000000005E-01   3.5496165513247045E-02
      75   6.4248314960629926E+01       21   6.0300000000000009E-01   2.8959687182642642E-02
      75   6.4248314960629926E+01       22   6.3290000000000002E-01   2.9617028413569457E-02
      75   6.4248314960629926E+01       23   6.6280000000000006E-01   2.7704165726546638E-02
      75   6.4248314960629926E+01       24   6.9270000000000009E-01   2.0007210202749089E-02
      75   6.4248314960629926E+01       25   7.2260000000000002E-01   1.1618853530882180E-02
      75   6.4248314960629926E+01       26   7.5250000000000006E-01   1.3316493421173517E-02
      75   6.4248314960629926E+01       27   7.8240000000000010E-01   1.4552695745929749E-02
      75   6.4248314960629926E+01       28   8.1230000000000013E-01   9.2570492215958231E-03
      75   6.4248314960629926E+01       29   8.4220000000000006E-01   9.0728967235979511E-03
      75   6.4248314960629926E+01       30   8.7210000000000010E-01   8.5376287305630166E-03
      75   6.4248314960629926E+01       31   9.0200000000000014E-01   6.7505160599377776E-03
      75   6.4248314960629926E+01       32   9.3190000000000006E-01   8.2059855760978732E-03
      75   6.4248314960629926E+01       33   9.6180000000000010E-01   6.1130166751343527E-03
      75   6.4248314960629926E+01       34   9.9170000000000014E-01   6.6874679553431439E-03
      75   6.4248314960629926E+01       35   1.0216000000000001E+00   6.1579365369379118E-03
      75   6.4248314960629926E+01       36   1.0515000000000001E+00   6.1352660703559670E-03
      75   6.4248314960629926E+01       37   1.0814000000000001E+00   5.5994865305589846E-03
      75   6.4248314960629926E+01       38   1.1113000000000002E+00   5.6520890856091204E-03
      75   6.4248314960629926E+01       39   1.1412000000000002E+00   5.8409943410715282E-03
      75   6.4248314960629926E+01       40   1.1711000000000000E+00   5.4030680759359628E-03
      75   6.4248314960629926E+01       41   1.2010000000000001E+00   5.1174499001034393E-03
      75   6.4248314960629926E+01       42   1.2309000000000001E+00   5.0964183203794800E-03
      75   6.4248314960629926E+01       43   1.2608000000000001E+00   4.7616062331515196E-03
      75   6.4248314960629926E+01       44   1.2907000000000002E+00   4.9857709354096721E-03
      75   6.4248314960629926E+01       45   1.3206000000000002E+00   4.5808782352308279E-03
      75   6.4248314960629926E+01       46   1.3505000000000000E+00   4.4798177708525152E-03
      75   6.4248314960629926E+01       47   1.3804000000000001E+00   4.5975846536244393E-03
      75   6.4248314960629926E+01       48   1.4103000000000001E+00   4.1633826356674243E-03
      75   6.4248314960629926E+01       49   1.4402000000000001E+00   4.1598965118377828E-03
      75   6.4248314960629926E+01       50   1.4701000000000002E+00   4.1368789209671967E-03
 
      76   6.5116535433070865E+01        1   5.0000000000000001E-03   1.4014583827802607E-01
      76   6.5116535433070865E+01        2   3.4900000000000000E-02   1.6068462817835813E-01
      76   6.5116535433070865E+01        3   6.4800000000000010E-02   2.1842384636690315E-01
      76   6.5116535433070865E+01        4   9.4700000000000006E-02   2.8984935821606289E-01
      76   6.5116535433070865E+01        5   1.2460000000000002E-01   3.0438360879618576E-01
      76   6.5116535433070865E+01        6   1.5450000000000003E-01   2.6924616647032934E-01
      76   6.5116535433070865E+01        7   1.8440000000000001E-01   2.6092376766129394E-01
      76   6.5116535433070865E+01        8   2.1430000000000002E-01   2.2051967610779455E-01
      76   6.5116535433070865E+01        9   2.4420000000000003E-01   1.5006295476960757E-01
      76   6.5116535433070865E+01       10   2.7410000000000001E-01   1.7529761699695107E-01
      76   6.5116535433070865E+01       11   3.0400000000000005E-01   2.0011904921649237E-01
      76   6.5116535433070865E+01       12   3.3390000000000003E-01   1.5906292135383507E-01
      76   6.5116535433070865E+01       13   3.6380000000000001E-01   1.5168986004463306E-01
      76   6.5116535433070865E+01       14   3.9370000000000005E-01   1.2232396293232455E-01
      76   6.5116535433070865E+01       15   4.2360000000000003E-01   8.9103400775942088E-02
      76   6.5116535433070865E+01       16   4.5350000000000007E-01   7.0769211727634770E-02
      76   6.5116535433070865E+01       17   4.8340000000000005E-01   4.3231717384546689E-02
      76   6.5116535433070865E+01       18   5.1330000000000009E-01   3.9111687655073189E-02
      76   6.5116535433070865E+01       19   5.4320000000000002E-01   3.4054167600081092E-02
      76   6.5116535433070865E+01       20   5.7310000000000005E-01   3.4574742026705664E-02
      76   6.5116535433070865E+01       21   6.0300000000000009E-01   2.7877193433616523E-02
      76   6.5116535433070865E+01       22   6.3290000000000002E-01   2.8698083053757085E-02
      76   6.5116535433070865E+01       23   6.6280000000000006E-01   2.7541245401922994E-02
      76   6.5116535433070865E+01       24   6.9270000000000009E-01   2.0009530326447530E-02
      76   6.5116535433070865E+01       25   7.2260000000000002E-01   1.1324975936791992E-02
      76   6.5116535433070865E+01       26   7.5250000000000006E-01   1.2696501052753937E-02
      76   6.5116535433070865E+01       27   7.8240000000000010E-01   1.4030772569721937E-02
      76   6.5116535433070865E+01       28   8.1230000000000013E-01   9.1312489669722607E-03
      76   6.5116535433070865E+01       29   8.4220000000000006E-01   9.0976833550666814E-03
      76   6.5116535433070865E+01       30   8.7210000000000010E-01   8.4037694001686310E-03
      76   6.5116535433070865E+01       31   9.0200000000000014E-01   6.5175875498040209E-03
      76   6.5116535433070865E+01       32   9.3190000000000006E-01   8.1772447484328211E-03
      76   6.5116535433070865E+01       33   9.6180000000000010E-01   6.2598022745684661E-03
      76   6.5116535433070865E+01       34   9.9170000000000014E-01   6.6144570319686515E-03
      76   6.5116535433070865E+01       35   1.0216000000000001E+00   5.9765762015190462E-03
      76   6.5116535433070865E+01       36   1.0515000000000001E+00   6.1433478324679942E-03
      76   6.5116535433070865E+01       37   1.0814000000000001E+00   5.5477702143225255E-03
      76   6.5116535433070865E+01       38   1.1113000000000002E+00   5.3316080959143024E-03
      76   6.5116535433070865E+01       39   1.1412000000000002E+00   5.5736818551322025E-03
      76   6.5116535433070865E+01       40   1.1711000000000000E+00   5.2108548400369836E-03
      76   6.5116535433070865E+01       41   1.2010000000000001E+00   4.7894281648297853E-03
      76   6.5116535433070865E+01       42   1.2309000000000001E+00   4.8726719060856070E-03
      76   6.5116535433070865E+01       43   1.2608000000000001E+00   4.5846499996575526E-03
      76   6.5116535433070865E+01       44   1.2907000000000002E+00   4.7051809520081683E-03
      76   6.5116535433070865E+01       45   1.3206000000000002E+00   4.3930080959695477E-03
      76   6.5116535433070865E+01       46   1.3505000000000000E+00   4.2683086485516952E-03
      76   6.5116535433070865E+01       47   1.3804000000000001E+00   4.3209198343416915E-03
      76   6.5116535433070865E+01       48   1.4103000000000001E+00   3.9748130292843568E-03
      76   6.5116535433070865E+01       49   1.4402000000000001E+00   3.9191892639080421E-03
      76   6.5116535433070865E+01       50   1.4701000000000002E+00   3.9271873789007757E-03
 
      77   6.5984755905511818E+01        1   5.0000000000000001E-03   1.1430361824824753E-01
      77   6.5984755905511818E+01        2   3.4900000000000000E-02   1.3479497259423831E-01
      77   6.5984755905511818E+01        3   6.4800000000000010E-02   1.9282690005139513E-01
      77   6.5984755905511818E+01        4   9.4700000000000006E-02   2.6680060899460073E-01
      77   6.5984755905511818E+01        5   1.2460000000000002E-01   2.8622734677950906E-01
      77   6.5984755905511818E+01        6   1.5450000000000003E-01   2.5654394102505057E-01
      77   6.5984755905511818E+01        7   1.8440000000000001E-01   2.5311665206460110E-01
      77   6.5984755905511818E+01        8   2.1430000000000002E-01   2.1809367067620855E-01
      77   6.5984755905511818E+01        9   2.4420000000000003E-01   1.5138283212005096E-01
      77   6.5984755905511818E+01       10   2.7410000000000001E-01   1.7772898396886347E-01
      77   6.5984755905511818E+01       11   3.0400000000000005E-01   2.0286220797885604E-01
      77   6.5984755905511818E+01       12   3.3390000000000003E-01   1.5986261481996708E-01
      77   6.5984755905511818E+01       13   3.6380000000000001E-01   1.4969737353330489E-01
      77   6.5984755905511818E+01       14   3.9370000000000005E-01   1.1937200014680312E-01
      77   6.5984755905511818E+01       15   4.2360000000000003E-01   8.5907811454370445E-02
      77   6.5984755905511818E+01       16   4.5350000000000007E-01   6.8184586248054180E-02
      77   6.5984755905511818E+01       17   4.8340000000000005E-01   4.1788770484403291E-02
      77   6.5984755905511818E+01       18   5.1330000000000009E-01   3.8373619920172138E-02
      77   6.5984755905511818E+01       19   5.4320000000000002E-01   3.3737186792786714E-02
      77   6.5984755905511818E+01       20   5.7310000000000005E-01   3.3732500895173288E-02
      77   6.5984755905511818E+01       21   6.0300000000000009E-01   2.6580382816862102E-02
      77   6.5984755905511818E+01       22   6.3290000000000002E-01   2.7216436371133874E-02
      77   6.5984755905511818E+01       23   6.6280000000000006E-01   2.6781912899846175E-02
      77   6.5984755905511818E+01       24   6.9270000000000009E-01   1.9696878657141953E-02
      77   6.5984755905511818E+01       25   7.2260000000000002E-01   1.1013880448354755E-02
      77   6.5984755905511818E+01       26   7.5250000000000006E-01   1.2063647514443410E-02
      77   6.5984755905511818E+01       27   7.8240000000000010E-01   1.3286412657865676E-02
      77   6.5984755905511818E+01       28   8.1230000000000013E-01   8.7397793327211610E-03
      77   6.5984755905511818E+01       29   8.4220000000000006E-01   8.9691262034100275E-03
      77   6.5984755905511818E+01       30   8.7210000000000010E-01   8.2281252535408300E-03
      77   6.5984755905511818E+01       31   9.0200000000000014E-01   6.1841319044520790E-03
      77   6.5984755905511818E+01       32   9.3190000000000006E-01   7.9306995950451358E-03
      77   6.5984755905511818E+01       33   9.6180000000000010E-01   6.2720859590698298E-03
      77   6.5984755905511818E+01       34   9.9170000000000014E-01   6.5986954530288843E-03
      77   6.5984755905511818E+01       35   1.0216000000000001E+00   5.7883385641177548E-03
      77   6.5984755905511818E+01       36   1.0515000000000001E+00   6.0405901343664895E-03
      77   6.5984755905511818E+01       37   1.0814000000000001E+00   5.5267110374721210E-03
      77   6.5984755905511818E+01       38   1.1113000000000002E+00   5.0822890261292301E-03
      77   6.5984755905511818E+01       39   1.1412000000000002E+00   5.2676685977279042E-03
      77   6.5984755905511818E+01       40   1.1711000000000000E+00   5.0150028248705496E-03
      77   6.5984755905511818E+01       41   1.2010000000000001E+00   4.5035685608071302E-03
      77   6.5984755905511818E+01       42   1.2309000000000001E+00   4.5587108716212610E-03
      77   6.5984755905511818E+01       43   1.2608000000000001E+00   4.3430960848311554E-03
      77   6.5984755905511818E+01       44   1.2907000000000002E+00   4.3678290639504345E-03
      77   6.5984755905511818E+01       45   1.3206000000000002E+00   4.0905048039527646E-03
      77   6.5984755905511818E+01       46   1.3505000000000000E+00   4.0220761359734359E-03
      77   6.5984755905511818E+01       47   1.3804000000000001E+00   4.0043354756930357E-03
      77   6.5984755905511818E+01       48   1.4103000000000001E+00   3.7409128094682870E-03
      77   6.5984755905511818E+01       49   1.4402000000000001E+00   3.6970063739852040E-03
      77   6.5984755905511818E+01       50   1.4701000000000002E+00   3.6677212409233473E-03
 
      78   6.6852976377952757E+01        1   5.0000000000000001E-03   9.1986820739284200E-02
      78   6.6852976377952757E+01        2   3.4900000000000000E-02   1.1178671949815511E-01
      78   6.6852976377952757E+01        3   6.4800000000000010E-02   1.6886798262467551E-01
      78   6.6852976377952757E+01        4   9.4700000000000006E-02   2.4283688811235854E-01
      78   6.6852976377952757E+01        5   1.2460000000000002E-01   2.6413846383702622E-01
      78   6.6852976377952757E+01        6   1.5450000000000003E-01   2.3893052679611909E-01
      78   6.6852976377952757E+01        7   1.8440000000000001E-01   2.4186528138509475E-01
      78   6.6852976377952757E+01        8   2.1430000000000002E-01   2.1471893171155731E-01
      78   6.6852976377952757E+01        9   2.4420000000000003E-01   1.5335517042095115E-01
      78   6.6852976377952757E+01       10   2.7410000000000001E-01   1.8198459709579284E-01
      78   6.6852976377952757E+01       11   3.0400000000000005E-01   2.0794077834162308E-01
      78   6.6852976377952757E+01       12   3.3390000000000003E-01   1.6316565510731229E-01
      78   6.6852976377952757E+01       13   3.6380000000000001E-01   1.5043094222716974E-01
      78   6.6852976377952757E+01       14   3.9370000000000005E-01   1.1875167802829517E-01
      78   6.6852976377952757E+01       15   4.2360000000000003E-01   8.3778471612810296E-02
      78   6.6852976377952757E+01       16   4.5350000000000007E-01   6.5574557278958778E-02
      78   6.6852976377952757E+01       17   4.8340000000000005E-01   3.9747440804611130E-02
      78   6.6852976377952757E+01       18   5.1330000000000009E-01   3.7163405665974383E-02
      78   6.6852976377952757E+01       19   5.4320000000000002E-01   3.3337535045115350E-02
      78   6.6852976377952757E+01       20   5.7310000000000005E-01   3.3127696078899670E-02
      78   6.6852976377952757E+01       21   6.0300000000000009E-01   2.5459814804737305E-02
      78   6.6852976377952757E+01       22   6.3290000000000002E-01   2.5559011917852394E-02
      78   6.6852976377952757E+01       23   6.6280000000000006E-01   2.5454125675929751E-02
      78   6.6852976377952757E+01       24   6.9270000000000009E-01   1.8896469732964966E-02
      78   6.6852976377952757E+01       25   7.2260000000000002E-01   1.0598244009852965E-02
      78   6.6852976377952757E+01       26   7.5250000000000006E-01   1.1518594414266690E-02
      78   6.6852976377952757E+01       27   7.8240000000000010E-01   1.2519270642548291E-02
      78   6.6852976377952757E+01       28   8.1230000000000013E-01   8.1703405594205480E-03
      78   6.6852976377952757E+01       29   8.4220000000000006E-01   8.6947235443032619E-03
      78   6.6852976377952757E+01       30   8.7210000000000010E-01   8.0178011297395383E-03
      78   6.6852976377952757E+01       31   9.0200000000000014E-01   5.8348608219941211E-03
      78   6.6852976377952757E+01       32   9.3190000000000006E-01   7.5420501602698085E-03
      78   6.6852976377952757E+01       33   9.6180000000000010E-01   6.0936710127982149E-03
      78   6.6852976377952757E+01       34   9.9170000000000014E-01   6.5410730278056307E-03
      78   6.6852976377952757E+01       35   1.0216000000000001E+00   5.6041578249327404E-03
      78   6.6852976377952757E+01       36   1.0515000000000001E+00   5.8343454905534263E-03
      78   6.6852976377952757E+01       37   1.0814000000000001E+00   5.4597021275884245E-03
      78   6.6852976377952757E+01       38   1.1113000000000002E+00   4.9139796855258936E-03
      78   6.6852976377952757E+01       39   1.1412000000000002E+00   5.0047808425891351E-03
      78   6.6852976377952757E+01       40   1.1711000000000000E+00   4.8465964511952035E-03
      78   6.6852976377952757E+01       41   1.2010000000000001E+00   4.3363050716134855E-03
      78   6.6852976377952757E+01       42   1.2309000000000001E+00   4.2932457368113977E-03
      78   6.6852976377952757E+01       43   1.2608000000000001E+00   4.1285594715652031E-03
      78   6.6852976377952757E+01       44   1.2907000000000002E+00   4.0972018134778805E-03
      78   6.6852976377952757E+01       45   1.3206000000000002E+00   3.7751053837433101E-03
      78   6.6852976377952757E+01       46   1.3505000000000000E+00   3.8014328982995571E-03
      78   6.6852976377952757E+01       47   1.3804000000000001E+00   3.7515330342903011E-03
      78   6.6852976377952757E+01       48   1.4103000000000001E+00   3.5248552391415975E-03
      78   6.6852976377952757E+01       49   1.4402000000000001E+00   3.5639833006754669E-03
      78   6.6852976377952757E+01       50   1.4701000000000002E+00   3.4797329056131089E-03
 
      79   6.7721196850393710E+01        1   5.0000000000000001E-03   7.9015574639135500E-02
      79   6.7721196850393710E+01        2   3.4900000000000000E-02   9.7575066929308910E-02
      79   6.7721196850393710E+01        3   6.4800000000000010E-02   1.5289059058047572E-01
      79   6.7721196850393710E+01        4   9.4700000000000006E-02   2.2500798162242971E-01
      79   6.7721196850393710E+01        5   1.2460000000000002E-01   2.4512838437508150E-01
      79   6.7721196850393710E+01        6   1.5450000000000003E-01   2.2182083051648660E-01
      79   6.7721196850393710E+01        7   1.8440000000000001E-01   2.3051919729172274E-01
      79   6.7721196850393710E+01        8   2.1430000000000002E-01   2.1165378118542683E-01
      79   6.7721196850393710E+01        9   2.4420000000000003E-01   1.5544051134068554E-01
      79   6.7721196850393710E+01       10   2.7410000000000001E-01   1.8642756928377563E-01
      79   6.7721196850393710E+01       11   3.0400000000000005E-01   2.1365340110073378E-01
      79   6.7721196850393710E+01       12   3.3390000000000003E-01   1.6801008699041456E-01
      79   6.7721196850393710E+01       13   3.6380000000000001E-01   1.5378271558915207E-01
      79   6.7721196850393710E+01       14   3.9370000000000005E-01   1.2085585667380136E-01
      79   6.7721196850393710E+01       15   4.2360000000000003E-01   8.3566834999056760E-02
      79   6.7721196850393710E+01       16   4.5350000000000007E-01   6.3938336432791870E-02
      79   6.7721196850393710E+01       17   4.8340000000000005E-01   3.7739042215384988E-02
      79   6.7721196850393710E+01       18   5.1330000000000009E-01   3.5644544279410328E-02
      79   6.7721196850393710E+01       19   5.4320000000000002E-01   3.2761350559060702E-02
      79   6.7721196850393710E+01       20   5.7310000000000005E-01   3.2749845158422657E-02
      79   6.7721196850393710E+01       21   6.0300000000000009E-01   2.4716405696643923E-02
      79   6.7721196850393710E+01       22   6.3290000000000002E-01   2.4094776417974660E-02
      79   6.7721196850393710E+01       23   6.6280000000000006E-01   2.3830769399235095E-02
      79   6.7721196850393710E+01       24   6.9270000000000009E-01   1.7748527135639246E-02
      79   6.7721196850393710E+01       25   7.2260000000000002E-01   1.0066276477788842E-02
      79   6.7721196850393710E+01       26   7.5250000000000006E-01   1.1106919779895287E-02
      79   6.7721196850393710E+01       27   7.8240000000000010E-01   1.1919990786254820E-02
      79   6.7721196850393710E+01       28   8.1230000000000013E-01   7.6093685227627984E-03
      79   6.7721196850393710E+01       29   8.4220000000000006E-01   8.3926016111078548E-03
      79   6.7721196850393710E+01       30   8.7210000000000010E-01   7.8288176675495313E-03
      79   6.7721196850393710E+01       31   9.0200000000000014E-01   5.5357187834493967E-03
      79   6.7721196850393710E+01       32   9.3190000000000006E-01   7.1187165750474105E-03
      79   6.7721196850393710E+01       33   9.6180000000000010E-01   5.7803627652747193E-03
      79   6.7721196850393710E+01       34   9.9170000000000014E-01   6.3839049476916553E-03
      79   6.7721196850393710E+01       35   1.0216000000000001E+00   5.4065907970778770E-03
      79   6.7721196850393710E+01       36   1.0515000000000001E+00   5.5795116339580914E-03
      79   6.7721196850393710E+01       37   1.0814000000000001E+00   5.3434449641685464E-03
      79   6.7721196850393710E+01       38   1.1113000000000002E+00   4.7997678135065615E-03
      79   6.7721196850393710E+01       39   1.1412000000000002E+00   4.8123109054891561E-03
      79   6.7721196850393710E+01       40   1.1711000000000000E+00   4.7151480670999321E-03
      79   6.7721196850393710E+01       41   1.2010000000000001E+00   4.2810049430258429E-03
      79   6.7721196850393710E+01       42   1.2309000000000001E+00   4.1517484889989405E-03
      79   6.7721196850393710E+01       43   1.2608000000000001E+00   4.0126185938944700E-03
      79   6.7721196850393710E+01       44   1.2907000000000002E+00   3.9947406731275659E-03
      79   6.7721196850393710E+01       45   1.3206000000000002E+00   3.5799589327641713E-03
      79   6.7721196850393710E+01       46   1.3505000000000000E+00   3.6776442966575517E-03
      79   6.7721196850393710E+01       47   1.3804000000000001E+00   3.6487655065718344E-03
      79   6.7721196850393710E+01       48   1.4103000000000001E+00   3.3922727015915982E-03
      79   6.7721196850393710E+01       49   1.4402000000000001E+00   3.5231420125070288E-03
      79   6.7721196850393710E+01       50   1.4701000000000002E+00   3.4315590998453102E-03
 
      80   6.8589417322834649E+01        1   5.0000000000000001E-03   7.9006811142319583E-02
      80   6.8589417322834649E+01        2   3.4900000000000000E-02   9.6021555272506928E-02
      80   6.8589417322834649E+01        3   6.4800000000000010E-02   1.4926079017841837E-01
      80   6.8589417322834649E+01        4   9.4700000000000006E-02   2.1863771671558702E-01
      80   6.8589417322834649E+01        5   1.2460000000000002E-01   2.3530156965238086E-01
      80   6.8589417322834649E+01        6   1.5450000000000003E-01   2.1089059409351310E-01
      80   6.8589417322834649E+01        7   1.8440000000000001E-01   2.2342687660727401E-01
      80   6.8589417322834649E+01        8   2.1430000000000002E-01   2.1119128897065589E-01
      80   6.8589417322834649E+01        9   2.4420000000000003E-01   1.5794932509207257E-01
      80   6.8589417322834649E+01       10   2.7410000000000001E-01   1.9011928304179762E-01
      80   6.8589417322834649E+01       11   3.0400000000000005E-01   2.1876371875427672E-01
      80   6.8589417322834649E+01       12   3.3390000000000003E-01   1.7335120002462168E-01
      80   6.8589417322834649E+01       13   3.6380000000000001E-01   1.5897030190057149E-01
      80   6.8589417322834649E+01       14   3.9370000000000005E-01   1.2522551285462774E-01
      80   6.8589417322834649E+01       15   4.2360000000000003E-01   8.5533449100235900E-02
      80   6.8589417322834649E+01       16   4.5350000000000007E-01   6.4125091180415580E-02
      80   6.8589417322834649E+01       17   4.8340000000000005E-01   3.6680150494182114E-02
      80   6.8589417322834649E+01       18   5.1330000000000009E-01   3.4415184996609303E-02
      80   6.8589417322834649E+01       19   5.4320000000000002E-01   3.2128692472988080E-02
      80   6.8589417322834649E+01       20   5.7310000000000005E-01   3.2483422896280395E-02
      80   6.8589417322834649E+01       21   6.0300000000000009E-01   2.4326981544216524E-02
      80   6.8589417322834649E+01       22   6.3290000000000002E-01   2.3066910563409957E-02
      80   6.8589417322834649E+01       23   6.6280000000000006E-01   2.2351292956939529E-02
      80   6.8589417322834649E+01       24   6.9270000000000009E-01   1.6640088055086592E-02
      80   6.8589417322834649E+01       25   7.2260000000000002E-01   9.5418348133813179E-03
      80   6.8589417322834649E+01       26   7.5250000000000006E-01   1.0863963758657731E-02
      80   6.8589417322834649E+01       27   7.8240000000000010E-01   1.1564987931281984E-02
      80   6.8589417322834649E+01       28   8.1230000000000013E-01   7.1907962754062466E-03
      80   6.8589417322834649E+01       29   8.4220000000000006E-01   8.1824256043154554E-03
      80   6.8589417322834649E+01       30   8.7210000000000010E-01   7.7488730434264082E-03
      80   6.8589417322834649E+01       31   9.0200000000000014E-01   5.3477755343409247E-03
      80   6.8589417322834649E+01       32   9.3190000000000006E-01   6.7697548463071574E-03
      80   6.8589417322834649E+01       33   9.6180000000000010E-01   5.4697744334591021E-03
      80   6.8589417322834649E+01       34   9.9170000000000014E-01   6.2028075299607769E-03
      80   6.8589417322834649E+01       35   1.0216000000000001E+00   5.2292048403245108E-03
      80   6.8589417322834649E+01       36   1.0515000000000001E+00   5.3485556972519797E-03
      80   6.8589417322834649E+01       37   1.0814000000000001E+00   5.2333837696026510E-03
      80   6.8589417322834649E+01       38   1.1113000000000002E+00   4.7513501925555120E-03
      80   6.8589417322834649E+01       39   1.1412000000000002E+00   4.6989641038878028E-03
      80   6.8589417322834649E+01       40   1.1711000000000000E+00   4.6139966499736101E-03
      80   6.8589417322834649E+01       41   1.2010000000000001E+00   4.2920609848633232E-03
      80   6.8589417322834649E+01       42   1.2309000000000001E+00   4.1171776660532036E-03
      80   6.8589417322834649E+01       43   1.2608000000000001E+00   3.9707137092528377E-03
      80   6.8589417322834649E+01       44   1.2907000000000002E+00   4.0289560336684172E-03
      80   6.8589417322834649E+01       45   1.3206000000000002E+00   3.5460587238682019E-03
      80   6.8589417322834649E+01       46   1.3505000000000000E+00   3.6596348466678597E-03
      80   6.8589417322834649E+01       47   1.3804000000000001E+00   3.6918956555983254E-03
      80   6.8589417322834649E+01       48   1.4103000000000001E+00   3.3708438493411735E-03
      80   6.8589417322834649E+01       49   1.4402000000000001E+00   3.5202635737191655E-03
      80   6.8589417322834649E+01       50   1.4701000000000002E+00   3.4674866931696633E-03
 
      81   6.9457637795275588E+01        1   5.0000000000000001E-03   9.2091290560610703E-02
      81   6.9457637795275588E+01        2   3.4900000000000000E-02   1.0757608296317234E-01
      81   6.9457637795275588E+01        3   6.4800000000000010E-02   1.5898949924931036E-01
      81   6.9457637795275588E+01        4   9.4700000000000006E-02   2.2583127695562327E-01
      81   6.9457637795275588E+01        5   1.2460000000000002E-01   2.3816574142846084E-01
      81   6.9457637795275588E+01        6   1.5450000000000003E-01   2.1036776375602495E-01
      81   6.9457637795275588E+01        7   1.8440000000000001E-01   2.2439592742825001E-01
      81   6.9457637795275588E+01        8   2.1430000000000002E-01   2.1570637812488350E-01
      81   6.9457637795275588E+01        9   2.4420000000000003E-01   1.6193884271328965E-01
      81   6.9457637795275588E+01       10   2.7410000000000001E-01   1.9326382064528255E-01
      81   6.9457637795275588E+01       11   3.0400000000000005E-01   2.2288294568168873E-01
      81   6.9457637795275588E+01       12   3.3390000000000003E-01   1.7830375186443947E-01
      81   6.9457637795275588E+01       13   3.6380000000000001E-01   1.6484393146143778E-01
      81   6.9457637795275588E+01       14   3.9370000000000005E-01   1.3086206146655074E-01
      81   6.9457637795275588E+01       15   4.2360000000000003E-01   8.9300173877544853E-02
      81   6.9457637795275588E+01       16   4.5350000000000007E-01   6.6338679207878240E-02
      81   6.9457637795275588E+01       17   4.8340000000000005E-01   3.7171445392395315E-02
      81   6.9457637795275588E+01       18   5.1330000000000009E-01   3.4115057631992671E-02
      81   6.9457637795275588E+01       19   5.4320000000000002E-01   3.1724578596198892E-02
      81   6.9457637795275588E+01       20   5.7310000000000005E-01   3.2296151614515850E-02
      81   6.9457637795275588E+01       21   6.0300000000000009E-01   2.4210618266170492E-02
      81   6.9457637795275588E+01       22   6.3290000000000002E-01   2.2588273716746547E-02
      81   6.9457637795275588E+01       23   6.6280000000000006E-01   2.1395742622636833E-02
      81   6.9457637795275588E+01       24   6.9270000000000009E-01   1.5915599333846276E-02
      81   6.9457637795275588E+01       25   7.2260000000000002E-01   9.1889675833901827E-03
      81   6.9457637795275588E+01       26   7.5250000000000006E-01   1.0815851796323954E-02
      81   6.9457637795275588E+01       27   7.8240000000000010E-01   1.1438652802674901E-02
      81   6.9457637795275588E+01       28   8.1230000000000013E-01   6.9438119202306740E-03
      81   6.9457637795275588E+01       29   8.4220000000000006E-01   8.0993154173956260E-03
      81   6.9457637795275588E+01       30   8.7210000000000010E-01   7.8342023512470212E-03
      81   6.9457637795275588E+01       31   9.0200000000000014E-01   5.3276422138823455E-03
      81   6.9457637795275588E+01       32   9.3190000000000006E-01   6.5774243537562978E-03
      81   6.9457637795275588E+01       33   9.6180000000000010E-01   5.2696262015345021E-03
      81   6.9457637795275588E+01       34   9.9170000000000014E-01   6.1148037060786394E-03
      81   6.9457637795275588E+01       35   1.0216000000000001E+00   5.1469365895834762E-03
      81   6.9457637795275588E+01       36   1.0515000000000001E+00   5.1905052200434849E-03
      81   6.9457637795275588E+01       37   1.0814000000000001E+00   5.1576565610851081E-03
      81   6.9457637795275588E+01       38   1.1113000000000002E+00   4.7930253552427617E-03
      81   6.9457637795275588E+01       39   1.1412000000000002E+00   4.6985179331925676E-03
      81   6.9457637795275588E+01       40   1.1711000000000000E+00   4.5538222124550934E-03
      81   6.9457637795275588E+01       41   1.2010000000000001E+00   4.3424115542724673E-03
      81   6.9457637795275588E+01       42   1.2309000000000001E+00   4.1628974904867637E-03
      81   6.9457637795275588E+01       43   1.2608000000000001E+00   3.9627023704158510E-03
      81   6.9457637795275588E+01       44   1.2907000000000002E+00   4.0948386617136968E-03
      81   6.9457637795275588E+01       45   1.3206000000000002E+00   3.6135957455158412E-03
      81   6.9457637795275588E+01       46   1.3505000000000000E+00   3.7018268427450314E-03
      81   6.9457637795275588E+01       47   1.3804000000000001E+00   3.7957762142954371E-03
      81   6.9457637795275588E+01       48   1.4103000000000001E+00   3.4380146641763650E-03
      81   6.9457637795275588E+01       49   1.4402000000000001E+00   3.5179039041465443E-03
      81   6.9457637795275588E+01       50   1.4701000000000002E+00   3.4914132905920175E-03
 
      82   7.0325858267716541E+01        1   5.0000000000000001E-03   1.1496041514859830E-01
      82   7.0325858267716541E+01        2   3.4900000000000000E-02   1.2919340950745520E-01
      82   7.0325858267716541E+01        3   6.4800000000000010E-02   1.7954268832678857E-01
      82   7.0325858267716541E+01        4   9.4700000000000006E-02   2.4522031134318151E-01
      82   7.0325858267716541E+01        5   1.2460000000000002E-01   2.5414910368224314E-01
      82   7.0325858267716541E+01        6   1.5450000000000003E-01   2.2209081828112198E-01
      82   7.0325858267716541E+01        7   1.8440000000000001E-01   2.3536366656042379E-01
      82   7.0325858267716541E+01        8   2.1430000000000002E-01   2.2642683935034530E-01
      82   7.0325858267716541E+01        9   2.4420000000000003E-01   1.6847400816562547E-01
      82   7.0325858267716541E+01       10   2.7410000000000001E-01   1.9697298711275080E-01
      82   7.0325858267716541E+01       11   3.0400000000000005E-01   2.2662134219225255E-01
      82   7.0325858267716541E+01       12   3.3390000000000003E-01   1.8260165677391574E-01
      82   7.0325858267716541E+01       13   3.6380000000000001E-01   1.7049175024536822E-01
      82   7.0325858267716541E+01       14   3.9370000000000005E-01   1.3673566793260966E-01
      82   7.0325858267716541E+01       15   4.2360000000000003E-01   9.4100313999821550E-02
      82   7.0325858267716541E+01       16   4.5350000000000007E-01   7.0105368233382176E-02
      82   7.0325858267716541E+01       17   4.8340000000000005E-01   3.9214014276642464E-02
      82   7.0325858267716541E+01       18   5.1330000000000009E-01   3.5077846986394746E-02
      82   7.0325858267716541E+01       19   5.4320000000000002E-01   3.1897281587879536E-02
      82   7.0325858267716541E+01       20   5.7310000000000005E-01   3.2414486531970078E-02
      82   7.0325858267716541E+01       21   6.0300000000000009E-01   2.4443720414288658E-02
      82   7.0325858267716541E+01       22   6.3290000000000002E-01   2.2721561583092097E-02
      82   7.0325858267716541E+01       23   6.6280000000000006E-01   2.1128479774934924E-02
      82   7.0325858267716541E+01       24   6.9270000000000009E-01   1.5702497835298403E-02
      82   7.0325858267716541E+01       25   7.2260000000000002E-01   9.1254339347834369E-03
      82   7.0325858267716541E+01       26   7.5250000000000006E-01   1.1014080902253056E-02
      82   7.0325858267716541E+01       27   7.8240000000000010E-01   1.1585648529853861E-02
      82   7.0325858267716541E+01       28   8.1230000000000013E-01   6.8919633905190477E-03
      82   7.0325858267716541E+01       29   8.4220000000000006E-01   8.1239931425648188E-03
      82   7.0325858267716541E+01       30   8.7210000000000010E-01   8.0657240607637151E-03
      82   7.0325858267716541E+01       31   9.0200000000000014E-01   5.5065780938707461E-03
      82   7.0325858267716541E+01       32   9.3190000000000006E-01   6.5971473155398853E-03
      82   7.0325858267716541E+01       33   9.6180000000000010E-01   5.2177209691412364E-03
      82   7.0325858267716541E+01       34   9.9170000000000014E-01   6.1712502247032678E-03
      82   7.0325858267716541E+01       35   1.0216000000000001E+00   5.2288440805572057E-03
      82   7.0325858267716541E+01       36   1.0515000000000001E+00   5.1586132677635850E-03
      82   7.0325858267716541E+01       37   1.0814000000000001E+00   5.1320370339987906E-03
      82   7.0325858267716541E+01       38   1.1113000000000002E+00   4.9306666623527180E-03
      82   7.0325858267716541E+01       39   1.1412000000000002E+00   4.8658885931106028E-03
      82   7.0325858267716541E+01       40   1.1711000000000000E+00   4.6005354160157247E-03
      82   7.0325858267716541E+01       41   1.2010000000000001E+00   4.4517224317430016E-03
      82   7.0325858267716541E+01       42   1.2309000000000001E+00   4.3240838339508115E-03
      82   7.0325858267716541E+01       43   1.2608000000000001E+00   4.0538258263570649E-03
      82   7.0325858267716541E+01       44   1.2907000000000002E+00   4.1984286016112484E-03
      82   7.0325858267716541E+01       45   1.3206000000000002E+00   3.7624827184681649E-03
      82   7.0325858267716541E+01       46   1.3505000000000000E+00   3.8145302431913026E-03
      82   7.0325858267716541E+01       47   1.3804000000000001E+00   3.9215875798756100E-03
      82   7.0325858267716541E+01       48   1.4103000000000001E+00   3.5810606891323541E-03
      82   7.0325858267716541E+01       49   1.4402000000000001E+00   3.5718181443106334E-03
      82   7.0325858267716541E+01       50   1.4701000000000002E+00   3.5216154890855339E-03
 
      83   7.1194078740157480E+01        1   5.0000000000000001E-03   1.4288018078901371E-01
      83   7.1194078740157480E+01        2   3.4900000000000000E-02   1.5617663730597547E-01
      83   7.1194078740157480E+01        3   6.4800000000000010E-02   2.0616264669002007E-01
      83   7.1194078740157480E+01        4   9.4700000000000006E-02   2.7240895721872127E-01
      83   7.1194078740157480E+01        5   1.2460000000000002E-01   2.8018592716815749E-01
      83   7.1194078740157480E+01        6   1.5450000000000003E-01   2.4472426960489724E-01
      83   7.1194078740157480E+01        7   1.8440000000000001E-01   2.5577532176405027E-01
      83   7.1194078740157480E+01        8   2.1430000000000002E-01   2.4291800984820644E-01
      83   7.1194078740157480E+01        9   2.4420000000000003E-01   1.7789411869479324E-01
      83   7.1194078740157480E+01       10   2.7410000000000001E-01   2.0242668263799701E-01
      83   7.1194078740157480E+01       11   3.0400000000000005E-01   2.3116018885500630E-01
      83   7.1194078740157480E+01       12   3.3390000000000003E-01   1.8677833215299661E-01
      83   7.1194078740157480E+01       13   3.6380000000000001E-01   1.7570617948647035E-01
      83   7.1194078740157480E+01       14   3.9370000000000005E-01   1.4216854457697814E-01
      83   7.1194078740157480E+01       15   4.2360000000000003E-01   9.9072740869450698E-02
      83   7.1194078740157480E+01       16   4.5350000000000007E-01   7.4546704722521395E-02
      83   7.1194078740157480E+01       17   4.8340000000000005E-01   4.2293459557679651E-02
      83   7.1194078740157480E+01       18   5.1330000000000009E-01   3.7194062964300882E-02
      83   7.1194078740157480E+01       19   5.4320000000000002E-01   3.2884545834242399E-02
      83   7.1194078740157480E+01       20   5.7310000000000005E-01   3.3190342375893044E-02
      83   7.1194078740157480E+01       21   6.0300000000000009E-01   2.5216772067403966E-02
      83   7.1194078740157480E+01       22   6.3290000000000002E-01   2.3494060508171054E-02
      83   7.1194078740157480E+01       23   6.6280000000000006E-01   2.1508159950876557E-02
      83   7.1194078740157480E+01       24   6.9270000000000009E-01   1.5944264084843316E-02
      83   7.1194078740157480E+01       25   7.2260000000000002E-01   9.3691292275698418E-03
      83   7.1194078740157480E+01       26   7.5250000000000006E-01   1.1508932068487581E-02
      83   7.1194078740157480E+01       27   7.8240000000000010E-01   1.2107681882692305E-02
      83   7.1194078740157480E+01       28   8.1230000000000013E-01   7.0899721680460475E-03
      83   7.1194078740157480E+01       29   8.4220000000000006E-01   8.2223716242778074E-03
      83   7.1194078740157480E+01       30   8.7210000000000010E-01   8.3385198167326598E-03
      83   7.1194078740157480E+01       31   9.0200000000000014E-01   5.8515018008377341E-03
      83   7.1194078740157480E+01       32   9.3190000000000006E-01   6.8531470555446491E-03
      83   7.1194078740157480E+01       33   9.6180000000000010E-01   5.3187954898760194E-03
      83   7.1194078740157480E+01       34   9.9170000000000014E-01   6.3435767826489969E-03
      83   7.1194078740157480E+01       35   1.0216000000000001E+00   5.4795777623631876E-03
      83   7.1194078740157480E+01       36   1.0515000000000001E+00   5.3091119114330194E-03
      83   7.1194078740157480E+01       37   1.0814000000000001E+00   5.1933333405401079E-03
      83   7.1194078740157480E+01       38   1.1113000000000002E+00   5.1322598552857234E-03
      83   7.1194078740157480E+01       39   1.1412000000000002E+00   5.1783519891481821E-03
      83   7.1194078740157480E+01       40   1.1711000000000000E+00   4.7945017463782089E-03
      83   7.1194078740157480E+01       41   1.2010000000000001E+00   4.6131593713028890E-03
      83   7.1194078740157480E+01       42   1.2309000000000001E+00   4.5959825196906882E-03
      83   7.1194078740157480E+01       43   1.2608000000000001E+00   4.3046610970966992E-03
      83   7.1194078740157480E+01       44   1.2907000000000002E+00   4.4148907382567468E-03
      83   7.1194078740157480E+01       45   1.3206000000000002E+00   4.0169481237244294E-03
      83   7.1194078740157480E+01       46   1.3505000000000000E+00   4.0393263909028945E-03
      83   7.1194078740157480E+01       47   1.3804000000000001E+00   4.0916924994335423E-03
      83   7.1194078740157480E+01       48   1.4103000000000001E+00   3.7875516642188680E-03
      83   7.1194078740157480E+01       49   1.4402000000000001E+00   3.7468202844830861E-03
      83   7.1194078740157480E+01       50   1.4701000000000002E+00   3.6448599683234387E-03
 
      84   7.2062299212598433E+01        1   5.0000000000000001E-03   1.7124154220618901E-01
      84   7.2062299212598433E+01        2   3.4900000000000000E-02   1.8389046428315234E-01
      84   7.2062299212598433E+01        3   6.4800000000000010E-02   2.3367099897315394E-01
      84   7.2062299212598433E+01        4   9.4700000000000006E-02   3.0134319471167470E-01
      84   7.2062299212598433E+01        5   1.2460000000000002E-01   3.1022815001996878E-01
      84   7.2062299212598433E+01        6   1.5450000000000003E-01   2.7367046669967704E-01
      84   7.2062299212598433E+01        7   1.8440000000000001E-01   2.8253479194214265E-01
      84   7.2062299212598433E+01        8   2.1430000000000002E-01   2.6318964977132120E-01
      84   7.2062299212598433E+01        9   2.4420000000000003E-01   1.8961864107967341E-01
      84   7.2062299212598433E+01       10   2.7410000000000001E-01   2.1015449184301246E-01
      84   7.2062299212598433E+01       11   3.0400000000000005E-01   2.3737681744874978E-01
      84   7.2062299212598433E+01       12   3.3390000000000003E-01   1.9158262505410931E-01
      84   7.2062299212598433E+01       13   3.6380000000000001E-01   1.8078439104606706E-01
      84   7.2062299212598433E+01       14   3.9370000000000005E-01   1.4692043070604316E-01
      84   7.2062299212598433E+01       15   4.2360000000000003E-01   1.0355182608680047E-01
      84   7.2062299212598433E+01       16   4.5350000000000007E-01   7.8766554932387572E-02
      84   7.2062299212598433E+01       17   4.8340000000000005E-01   4.5626913751449921E-02
      84   7.2062299212598433E+01       18   5.1330000000000009E-01   3.9926896336873942E-02
      84   7.2062299212598433E+01       19   5.4320000000000002E-01   3.4596904401808265E-02
      84   7.2062299212598433E+01       20   5.7310000000000005E-01   3.4734518775535031E-02
      84   7.2062299212598433E+01       21   6.0300000000000009E-01   2.6584668830375392E-02
      84   7.2062299212598433E+01       22   6.3290000000000002E-01   2.4841700306451473E-02
      84   7.2062299212598433E+01       23   6.6280000000000006E-01   2.2409242718978158E-02
      84   7.2062299212598433E+01       24   6.9270000000000009E-01   1.6521435665791943E-02
      84   7.2062299212598433E+01       25   7.2260000000000002E-01   9.8152389965297134E-03
      84   7.2062299212598433E+01       26   7.5250000000000006E-01   1.2224714494785146E-02
      84   7.2062299212598433E+01       27   7.8240000000000010E-01   1.2962612297498779E-02
      84   7.2062299212598433E+01       28   8.1230000000000013E-01   7.5408768397504404E-03
      84   7.2062299212598433E+01       29   8.4220000000000006E-01   8.3591936108498507E-03
      84   7.2062299212598433E+01       30   8.7210000000000010E-01   8.5250686334893983E-03
      84   7.2062299212598433E+01       31   9.0200000000000014E-01   6.2540588717060397E-03
      84   7.2062299212598433E+01       32   9.3190000000000006E-01   7.3010938043337054E-03
      84   7.2062299212598433E+01       33   9.6180000000000010E-01   5.5568149356443521E-03
      84   7.2062299212598433E+01       34   9.9170000000000014E-01   6.5550809222806481E-03
      84   7.2062299212598433E+01       35   1.0216000000000001E+00   5.7986212755386209E-03
      84   7.2062299212598433E+01       36   1.0515000000000001E+00   5.6169930142995631E-03
      84   7.2062299212598433E+01       37   1.0814000000000001E+00   5.3538387325037734E-03
      84   7.2062299212598433E+01       38   1.1113000000000002E+00   5.3270430514725711E-03
      84   7.2062299212598433E+01       39   1.1412000000000002E+00   5.4928437735903097E-03
      84   7.2062299212598433E+01       40   1.1711000000000000E+00   5.0540049747533396E-03
      84   7.2062299212598433E+01       41   1.2010000000000001E+00   4.7418845613885121E-03
      84   7.2062299212598433E+01       42   1.2309000000000001E+00   4.8298689481236683E-03
      84   7.2062299212598433E+01       43   1.2608000000000001E+00   4.5923867742967929E-03
      84   7.2062299212598433E+01       44   1.2907000000000002E+00   4.6750126020313554E-03
      84   7.2062299212598433E+01       45   1.3206000000000002E+00   4.2941327400860992E-03
      84   7.2062299212598433E+01       46   1.3505000000000000E+00   4.3049303973423719E-03
      84   7.2062299212598433E+01       47   1.3804000000000001E+00   4.2730448363150000E-03
      84   7.2062299212598433E+01       48   1.4103000000000001E+00   3.9751983051316050E-03
      84   7.2062299212598433E+01       49   1.4402000000000001E+00   3.9710827995473154E-03
      84   7.2062299212598433E+01       50   1.4701000000000002E+00   3.8392129693052787E-03
 
      85   7.2930519685039371E+01        1   5.0000000000000001E-03   1.9442361637685004E-01
      85   7.2930519685039371E+01        2   3.4900000000000000E-02   2.0709148460392890E-01
      85   7.2930519685039371E+01        3   6.4800000000000010E-02   2.5698938777433811E-01
      85   7.2930519685039371E+01        4   9.4700000000000006E-02   3.2616091698501504E-01
      85   7.2930519685039371E+01        5   1.2460000000000002E-01   3.3750328592066153E-01
      85   7.2930519685039371E+01        6   1.5450000000000003E-01   3.0250253864278087E-01
      85   7.2930519685039371E+01        7   1.8440000000000001E-01   3.1039697455570725E-01
      85   7.2930519685039371E+01        8   2.1430000000000002E-01   2.8379161203388215E-01
      85   7.2930519685039371E+01        9   2.4420000000000003E-01   2.0223854384998932E-01
      85   7.2930519685039371E+01       10   2.7410000000000001E-01   2.1989823872483352E-01
      85   7.2930519685039371E+01       11   3.0400000000000005E-01   2.4533566446622182E-01
      85   7.2930519685039371E+01       12   3.3390000000000003E-01   1.9725788118438148E-01
      85   7.2930519685039371E+01       13   3.6380000000000001E-01   1.8593595531221618E-01
      85   7.2930519685039371E+01       14   3.9370000000000005E-01   1.5103612896954299E-01
      85   7.2930519685039371E+01       15   4.2360000000000003E-01   1.0731485591192817E-01
      85   7.2930519685039371E+01       16   4.5350000000000007E-01   8.2254538111259018E-02
      85   7.2930519685039371E+01       17   4.8340000000000005E-01   4.8498042464318741E-02
      85   7.2930519685039371E+01       18   5.1330000000000009E-01   4.2506712781276705E-02
      85   7.2930519685039371E+01       19   5.4320000000000002E-01   3.6570120071473589E-02
      85   7.2930519685039371E+01       20   5.7310000000000005E-01   3.6754720181290217E-02
      85   7.2930519685039371E+01       21   6.0300000000000009E-01   2.8385525894183635E-02
      85   7.2930519685039371E+01       22   6.3290000000000002E-01   2.6641790109005931E-02
      85   7.2930519685039371E+01       23   6.6280000000000006E-01   2.3749956296599761E-02
      85   7.2930519685039371E+01       24   6.9270000000000009E-01   1.7346948255199793E-02
      85   7.2930519685039371E+01       25   7.2260000000000002E-01   1.0306518629542530E-02
      85   7.2930519685039371E+01       26   7.5250000000000006E-01   1.2936487597083665E-02
      85   7.2930519685039371E+01       27   7.8240000000000010E-01   1.3906198108334187E-02
      85   7.2930519685039371E+01       28   8.1230000000000013E-01   8.1731476046125809E-03
      85   7.2930519685039371E+01       29   8.4220000000000006E-01   8.5494298743860123E-03
      85   7.2930519685039371E+01       30   8.7210000000000010E-01   8.5982551953181201E-03
      85   7.2930519685039371E+01       31   9.0200000000000014E-01   6.5931521437111451E-03
      85   7.2930519685039371E+01       32   9.3190000000000006E-01   7.8231881863068068E-03
      85   7.2930519685039371E+01       33   9.6180000000000010E-01   5.8909219567499010E-03
      85   7.2930519685039371E+01       34   9.9170000000000014E-01   6.7440927206151571E-03
      85   7.2930519685039371E+01       35   1.0216000000000001E+00   6.0535425390730374E-03
      85   7.2930519685039371E+01       36   1.0515000000000001E+00   5.9694411476758202E-03
      85   7.2930519685039371E+01       37   1.0814000000000001E+00   5.5869758559323138E-03
      85   7.2930519685039371E+01       38   1.1113000000000002E+00   5.4778253992500414E-03
      85   7.2930519685039371E+01       39   1.1412000000000002E+00   5.6977409006320184E-03
      85   7.2930519685039371E+01       40   1.1711000000000000E+00   5.2753574886604902E-03
      85   7.2930519685039371E+01       41   1.2010000000000001E+00   4.7977817206561217E-03
      85   7.2930519685039371E+01       42   1.2309000000000001E+00   4.8889371922541704E-03
      85   7.2930519685039371E+01       43   1.2608000000000001E+00   4.7349512973167487E-03
      85   7.2930519685039371E+01       44   1.2907000000000002E+00   4.8117610253099203E-03
      85   7.2930519685039371E+01       45   1.3206000000000002E+00   4.4322587934028240E-03
      85   7.2930519685039371E+01       46   1.3505000000000000E+00   4.4607505550497695E-03
      85   7.2930519685039371E+01       47   1.3804000000000001E+00   4.3858679922037852E-03
      85   7.2930519685039371E+01       48   1.4103000000000001E+00   4.0540648627979689E-03
      85   7.2930519685039371E+01       49   1.4402000000000001E+00   4.1000056131979736E-03
      85   7.2930519685039371E+01       50   1.4701000000000002E+00   3.9865467385169530E-03
 
      86   7.3798740157480324E+01        1   5.0000000000000001E-03   2.0523444041146685E-01
      86   7.3798740157480324E+01        2   3.4900000000000000E-02   2.1927025864433580E-01
      86   7.3798740157480324E+01        3   6.4800000000000010E-02   2.7088451357903170E-01
      86   7.3798740157480324E+01        4   9.4700000000000006E-02   3.4217369829632022E-01
      86   7.3798740157480324E+01        5   1.2460000000000002E-01   3.5665502453613740E-01
      86   7.3798740157480324E+01        6   1.5450000000000003E-01   3.2505079756712796E-01
      86   7.3798740157480324E+01        7   1.8440000000000001E-01   3.3315537826373554E-01
      86   7.3798740157480324E+01        8   2.1430000000000002E-01   3.0025764022121515E-01
      86   7.3798740157480324E+01        9   2.4420000000000003E-01   2.1355831072853795E-01
      86   7.3798740157480324E+01       10   2.7410000000000001E-01   2.3063857620665157E-01
      86   7.3798740157480324E+01       11   3.0400000000000005E-01   2.5435257392419247E-01
      86   7.3798740157480324E+01       12   3.3390000000000003E-01   2.0343124356158979E-01
      86   7.3798740157480324E+01       13   3.6380000000000001E-01   1.9098145021021165E-01
      86   7.3798740157480324E+01       14   3.9370000000000005E-01   1.5458383978816284E-01
      86   7.3798740157480324E+01       15   4.2360000000000003E-01   1.1051166672957080E-01
      86   7.3798740157480324E+01       16   4.5350000000000007E-01   8.5005074944867698E-02
      86   7.3798740157480324E+01       17   4.8340000000000005E-01   5.0555900342589388E-02
      86   7.3798740157480324E+01       18   5.1330000000000009E-01   4.4299653752209678E-02
      86   7.3798740157480324E+01       19   5.4320000000000002E-01   3.8199182318391443E-02
      86   7.3798740157480324E+01       20   5.7310000000000005E-01   3.8732498890157827E-02
      86   7.3798740157480324E+01       21   6.0300000000000009E-01   3.0357868060623169E-02
      86   7.3798740157480324E+01       22   6.3290000000000002E-01   2.8765713368341977E-02
      86   7.3798740157480324E+01       23   6.6280000000000006E-01   2.5490113385166539E-02
      86   7.3798740157480324E+01       24   6.9270000000000009E-01   1.8376929064567941E-02
      86   7.3798740157480324E+01       25   7.2260000000000002E-01   1.0759126387521545E-02
      86   7.3798740157480324E+01       26   7.5250000000000006E-01   1.3436864704045638E-02
      86   7.3798740157480324E+01       27   7.8240000000000010E-01   1.4681070951037350E-02
      86   7.3798740157480324E+01       28   8.1230000000000013E-01   8.8985579888330949E-03
      86   7.3798740157480324E+01       29   8.4220000000000006E-01   8.8799997210743161E-03
      86   7.3798740157480324E+01       30   8.7210000000000010E-01   8.6641579770005972E-03
      86   7.3798740157480324E+01       31   9.0200000000000014E-01   6.8120039548896366E-03
      86   7.3798740157480324E+01       32   9.3190000000000006E-01   8.2896749585867763E-03
      86   7.3798740157480324E+01       33   9.6180000000000010E-01   6.2798754180520512E-03
      86   7.3798740157480324E+01       34   9.9170000000000014E-01   6.9371109511803314E-03
      86   7.3798740157480324E+01       35   1.0216000000000001E+00   6.2207326817829405E-03
      86   7.3798740157480324E+01       36   1.0515000000000001E+00   6.2830162744479130E-03
      86   7.3798740157480324E+01       37   1.0814000000000001E+00   5.8715607567032362E-03
      86   7.3798740157480324E+01       38   1.1113000000000002E+00   5.6330460603568186E-03
      86   7.3798740157480324E+01       39   1.1412000000000002E+00   5.8401862542761728E-03
      86   7.3798740157480324E+01       40   1.1711000000000000E+00   5.4808825108523919E-03
      86   7.3798740157480324E+01       41   1.2010000000000001E+00   4.8903293264750992E-03
      86   7.3798740157480324E+01       42   1.2309000000000001E+00   4.8604217431804306E-03
      86   7.3798740157480324E+01       43   1.2608000000000001E+00   4.7541104362776414E-03
      86   7.3798740157480324E+01       44   1.2907000000000002E+00   4.8270175793176323E-03
      86   7.3798740157480324E+01       45   1.3206000000000002E+00   4.4162216502340373E-03
      86   7.3798740157480324E+01       46   1.3505000000000000E+00   4.4753349015958016E-03
      86   7.3798740157480324E+01       47   1.3804000000000001E+00   4.4375623193938412E-03
      86   7.3798740157480324E+01       48   1.4103000000000001E+00   4.0669455100731727E-03
      86   7.3798740157480324E+01       49   1.4402000000000001E+00   4.1215643585538024E-03
      86   7.3798740157480324E+01       50   1.4701000000000002E+00   4.0529454070297429E-03
 
      87   7.4666960629921263E+01        1   5.0000000000000001E-03   1.9890639314794081E-01
      87   7.4666960629921263E+01        2   3.4900000000000000E-02   2.1574759823284476E-01
      87   7.4666960629921263E+01        3   6.4800000000000010E-02   2.7139868880365370E-01
      87   7.4666960629921263E+01        4   9.4700000000000006E-02   3.4610934316658915E-01
      87   7.4666960629921263E+01        5   1.2460000000000002E-01   3.6411831261732464E-01
      87   7.4666960629921263E+01        6   1.5450000000000003E-01   3.3672714855090191E-01
      87   7.4666960629921263E+01        7   1.8440000000000001E-01   3.4565537501144888E-01
      87   7.4666960629921263E+01        8   2.1430000000000002E-01   3.0858555676065802E-01
      87   7.4666960629921263E+01        9   2.4420000000000003E-01   2.2094309245522648E-01
      87   7.4666960629921263E+01       10   2.7410000000000001E-01   2.4044614885261412E-01
      87   7.4666960629921263E+01       11   3.0400000000000005E-01   2.6299074106535963E-01
      87   7.4666960629921263E+01       12   3.3390000000000003E-01   2.0928486515976366E-01
      87   7.4666960629921263E+01       13   3.6380000000000001E-01   1.9544406388239566E-01
      87   7.4666960629921263E+01       14   3.9370000000000005E-01   1.5742839591782964E-01
      87   7.4666960629921263E+01       15   4.2360000000000003E-01   1.1321881227400775E-01
      87   7.4666960629921263E+01       16   4.5350000000000007E-01   8.7149366676040382E-02
      87   7.4666960629921263E+01       17   4.8340000000000005E-01   5.1824042412040597E-02
      87   7.4666960629921263E+01       18   5.1330000000000009E-01   4.5103710371361780E-02
      87   7.4666960629921263E+01       19   5.4320000000000002E-01   3.9064419603686971E-02
      87   7.4666960629921263E+01       20   5.7310000000000005E-01   4.0155476251036548E-02
      87   7.4666960629921263E+01       21   6.0300000000000009E-01   3.2155920378399504E-02
      87   7.4666960629921263E+01       22   6.3290000000000002E-01   3.0953155229152041E-02
      87   7.4666960629921263E+01       23   6.6280000000000006E-01   2.7465779586887652E-02
      87   7.4666960629921263E+01       24   6.9270000000000009E-01   1.9537732162093379E-02
      87   7.4666960629921263E+01       25   7.2260000000000002E-01   1.1199153678084257E-02
      87   7.4666960629921263E+01       26   7.5250000000000006E-01   1.3680603680745083E-02
      87   7.4666960629921263E+01       27   7.8240000000000010E-01   1.5151473722346449E-02
      87   7.4666960629921263E+01       28   8.1230000000000013E-01   9.5946989874498047E-03
      87   7.4666960629921263E+01       29   8.4220000000000006E-01   9.3890547124884146E-03
      87   7.4666960629921263E+01       30   8.7210000000000010E-01   8.8258769733578976E-03
      87   7.4666960629921263E+01       31   9.0200000000000014E-01   6.9175558655399771E-03
      87   7.4666960629921263E+01       32   9.3190000000000006E-01   8.6081519152662756E-03
      87   7.4666960629921263E+01       33   9.6180000000000010E-01   6.6783173594009062E-03
      87   7.4666960629921263E+01       34   9.9170000000000014E-01   7.2102601165048271E-03
      87   7.4666960629921263E+01       35   1.0216000000000001E+00   6.3794478233061341E-03
      87   7.4666960629921263E+01       36   1.0515000000000001E+00   6.5447539973549334E-03
      87   7.4666960629921263E+01       37   1.0814000000000001E+00   6.1675271115816839E-03
      87   7.4666960629921263E+01       38   1.1113000000000002E+00   5.8253378481464895E-03
      87   7.4666960629921263E+01       39   1.1412000000000002E+00   5.9893168379688659E-03
      87   7.4666960629921263E+01       40   1.1711000000000000E+00   5.7240433576207150E-03
      87   7.4666960629921263E+01       41   1.2010000000000001E+00   5.1189094263013567E-03
      87   7.4666960629921263E+01       42   1.2309000000000001E+00   4.9334406677816025E-03
      87   7.4666960629921263E+01       43   1.2608000000000001E+00   4.8129988648130135E-03
      87   7.4666960629921263E+01       44   1.2907000000000002E+00   4.8881881528354846E-03
      87   7.4666960629921263E+01       45   1.3206000000000002E+00   4.4093919119221987E-03
      87   7.4666960629921263E+01       46   1.3505000000000000E+00   4.4643677599196380E-03
      87   7.4666960629921263E+01       47   1.3804000000000001E+00   4.5094931245144871E-03
      87   7.4666960629921263E+01       48   1.4103000000000001E+00   4.1396104749056731E-03
      87   7.4666960629921263E+01       49   1.4402000000000001E+00   4.1634139673667704E-03
      87   7.4666960629921263E+01       50   1.4701000000000002E+00   4.1167877734156503E-03
 
      88   7.5535181102362202E+01        1   5.0000000000000001E-03   1.7804791758342622E-01
      88   7.5535181102362202E+01        2   3.4900000000000000E-02   1.9803363787322772E-01
      88   7.5535181102362202E+01        3   6.4800000000000010E-02   2.5852722933423361E-01
      88   7.5535181102362202E+01        4   9.4700000000000006E-02   3.3683312085017186E-01
      88   7.5535181102362202E+01        5   1.2460000000000002E-01   3.5803538861697504E-01
      88   7.5535181102362202E+01        6   1.5450000000000003E-01   3.3513985326704276E-01
      88   7.5535181102362202E+01        7   1.8440000000000001E-01   3.4555209365844153E-01
      88   7.5535181102362202E+01        8   2.1430000000000002E-01   3.0697991395176494E-01
      88   7.5535181102362202E+01        9   2.4420000000000003E-01   2.2229819150501526E-01
      88   7.5535181102362202E+01       10   2.7410000000000001E-01   2.4671272060297861E-01
      88   7.5535181102362202E+01       11   3.0400000000000005E-01   2.6896766981179354E-01
      88   7.5535181102362202E+01       12   3.3390000000000003E-01   2.1351255991622800E-01
      88   7.5535181102362202E+01       13   3.6380000000000001E-01   1.9864273807731297E-01
      88   7.5535181102362202E+01       14   3.9370000000000005E-01   1.5917162860926823E-01
      88   7.5535181102362202E+01       15   4.2360000000000003E-01   1.1509961814274418E-01
      88   7.5535181102362202E+01       16   4.5350000000000007E-01   8.8513663269107812E-02
      88   7.5535181102362202E+01       17   4.8340000000000005E-01   5.2429834680188393E-02
      88   7.5535181102362202E+01       18   5.1330000000000009E-01   4.5119889977654107E-02
      88   7.5535181102362202E+01       19   5.4320000000000002E-01   3.9088170331581462E-02
      88   7.5535181102362202E+01       20   5.7310000000000005E-01   4.0646684597237082E-02
      88   7.5535181102362202E+01       21   6.0300000000000009E-01   3.3295407235184982E-02
      88   7.5535181102362202E+01       22   6.3290000000000002E-01   3.2677574744501392E-02
      88   7.5535181102362202E+01       23   6.6280000000000006E-01   2.9276957653858508E-02
      88   7.5535181102362202E+01       24   6.9270000000000009E-01   2.0665450110021282E-02
      88   7.5535181102362202E+01       25   7.2260000000000002E-01   1.1678168385736720E-02
      88   7.5535181102362202E+01       26   7.5250000000000006E-01   1.3741763229973008E-02
      88   7.5535181102362202E+01       27   7.8240000000000010E-01   1.5253925978714352E-02
      88   7.5535181102362202E+01       28   8.1230000000000013E-01   1.0055524237720635E-02
      88   7.5535181102362202E+01       29   8.4220000000000006E-01   9.9354469954606728E-03
      88   7.5535181102362202E+01       30   8.7210000000000010E-01   9.0546861393632997E-03
      88   7.5535181102362202E+01       31   9.0200000000000014E-01   6.9330749718838260E-03
      88   7.5535181102362202E+01       32   9.3190000000000006E-01   8.7239380888755567E-03
      88   7.5535181102362202E+01       33   9.6180000000000010E-01   6.9930133286021240E-03
      88   7.5535181102362202E+01       34   9.9170000000000014E-01   7.5432476738668810E-03
      88   7.5535181102362202E+01       35   1.0216000000000001E+00   6.5526536149764667E-03
      88   7.5535181102362202E+01       36   1.0515000000000001E+00   6.7253083288229230E-03
      88   7.5535181102362202E+01       37   1.0814000000000001E+00   6.3731953629786653E-03
      88   7.5535181102362202E+01       38   1.1113000000000002E+00   5.9734975051686911E-03
      88   7.5535181102362202E+01       39   1.1412000000000002E+00   6.0730414586210920E-03
      88   7.5535181102362202E+01       40   1.1711000000000000E+00   5.9128854386062083E-03
      88   7.5535181102362202E+01       41   1.2010000000000001E+00   5.3779905998329455E-03
      88   7.5535181102362202E+01       42   1.2309000000000001E+00   5.1116309792700199E-03
      88   7.5535181102362202E+01       43   1.2608000000000001E+00   4.9354045849345201E-03
      88   7.5535181102362202E+01       44   1.2907000000000002E+00   5.0440306283551922E-03
      88   7.5535181102362202E+01       45   1.3206000000000002E+00   4.5189334875427407E-03
      88   7.5535181102362202E+01       46   1.3505000000000000E+00   4.5131088256612512E-03
      88   7.5535181102362202E+01       47   1.3804000000000001E+00   4.6072902729766057E-03
      88   7.5535181102362202E+01       48   1.4103000000000001E+00   4.2847994003603453E-03
      88   7.5535181102362202E+01       49   1.4402000000000001E+00   4.2892458189956566E-03
      88   7.5535181102362202E+01       50   1.4701000000000002E+00   4.2211385683144408E-03
 
      89   7.6403401574803155E+01        1   5.0000000000000001E-03   1.5134891006011392E-01
      89   7.6403401574803155E+01        2   3.4900000000000000E-02   1.7323823910415845E-01
      89   7.6403401574803155E+01        3   6.4800000000000010E-02   2.3658455833483863E-01
      89   7.6403401574803155E+01        4   9.4700000000000006E-02   3.1631337087210476E-01
      89   7.6403401574803155E+01        5   1.2460000000000002E-01   3.3923911349382407E-01
      89   7.6403401574803155E+01        6   1.5450000000000003E-01   3.2070597904024484E-01
      89   7.6403401574803155E+01        7   1.8440000000000001E-01   3.3362800876229898E-01
      89   7.6403401574803155E+01        8   2.1430000000000002E-01   2.9626069079059308E-01
      89   7.6403401574803155E+01        9   2.4420000000000003E-01   2.1704181754031904E-01
      89   7.6403401574803155E+01       10   2.7410000000000001E-01   2.4720622079820725E-01
      89   7.6403401574803155E+01       11   3.0400000000000005E-01   2.6979111284159241E-01
      89   7.6403401574803155E+01       12   3.3390000000000003E-01   2.1445691422652699E-01
      89   7.6403401574803155E+01       13   3.6380000000000001E-01   1.9967978680558451E-01
      89   7.6403401574803155E+01       14   3.9370000000000005E-01   1.5923924860017069E-01
      89   7.6403401574803155E+01       15   4.2360000000000003E-01   1.1555043301824168E-01
      89   7.6403401574803155E+01       16   4.5350000000000007E-01   8.8657884757779595E-02
      89   7.6403401574803155E+01       17   4.8340000000000005E-01   5.2401237519316836E-02
      89   7.6403401574803155E+01       18   5.1330000000000009E-01   4.4689244926286030E-02
      89   7.6403401574803155E+01       19   5.4320000000000002E-01   3.8487918563393099E-02
      89   7.6403401574803155E+01       20   5.7310000000000005E-01   4.0097107052190661E-02
      89   7.6403401574803155E+01       21   6.0300000000000009E-01   3.3332170472149092E-02
      89   7.6403401574803155E+01       22   6.3290000000000002E-01   3.3336802060745956E-02
      89   7.6403401574803155E+01       23   6.6280000000000006E-01   3.0434516764473712E-02
      89   7.6403401574803155E+01       24   6.9270000000000009E-01   2.1542027833057351E-02
      89   7.6403401574803155E+01       25   7.2260000000000002E-01   1.2188895086258691E-02
      89   7.6403401574803155E+01       26   7.5250000000000006E-01   1.3705317137405129E-02
      89   7.6403401574803155E+01       27   7.8240000000000010E-01   1.4972472905178990E-02
      89   7.6403401574803155E+01       28   8.1230000000000013E-01   1.0089159043073557E-02
      89   7.6403401574803155E+01       29   8.4220000000000006E-01   1.0283769069672613E-02
      89   7.6403401574803155E+01       30   8.7210000000000010E-01   9.2522036181118192E-03
      89   7.6403401574803155E+01       31   9.0200000000000014E-01   6.8972928485683520E-03
      89   7.6403401574803155E+01       32   9.3190000000000006E-01   8.6330299141778085E-03
      89   7.6403401574803155E+01       33   9.6180000000000010E-01   7.1042057226004462E-03
      89   7.6403401574803155E+01       34   9.9170000000000014E-01   7.7840058622231055E-03
      89   7.6403401574803155E+01       35   1.0216000000000001E+00   6.6572898515768215E-03
      89   7.6403401574803155E+01       36   1.0515000000000001E+00   6.7691342010721897E-03
      89   7.6403401574803155E+01       37   1.0814000000000001E+00   6.4161844149603214E-03
      89   7.6403401574803155E+01       38   1.1113000000000002E+00   5.9999095682624435E-03
      89   7.6403401574803155E+01       39   1.1412000000000002E+00   6.0058511787749328E-03
      89   7.6403401574803155E+01       40   1.1711000000000000E+00   5.9074497443322950E-03
      89   7.6403401574803155E+01       41   1.2010000000000001E+00   5.4828062120996727E-03
      89   7.6403401574803155E+01       42   1.2309000000000001E+00   5.2403820285661954E-03
      89   7.6403401574803155E+01       43   1.2608000000000001E+00   5.0012520765463078E-03
      89   7.6403401574803155E+01       44   1.2907000000000002E+00   5.1566049565458395E-03
      89   7.6403401574803155E+01       45   1.3206000000000002E+00   4.6716907944370917E-03
      89   7.6403401574803155E+01       46   1.3505000000000000E+00   4.5963443199958220E-03
      89   7.6403401574803155E+01       47   1.3804000000000001E+00   4.6581002208781466E-03
      89   7.6403401574803155E+01       48   1.4103000000000001E+00   4.3840383577633596E-03
      89   7.6403401574803155E+01       49   1.4402000000000001E+00   4.4188534519553607E-03
      89   7.6403401574803155E+01       50   1.4701000000000002E+00   4.3227242115792663E-03
 
      90   7.7271622047244094E+01        1   5.0000000000000001E-03   1.2703490069601611E-01
      90   7.7271622047244094E+01        2   3.4900000000000000E-02   1.4878467247686555E-01
      90   7.7271622047244094E+01        3   6.4800000000000010E-02   2.1140792759366706E-01
      90   7.7271622047244094E+01        4   9.4700000000000006E-02   2.8925452414943159E-01
      90   7.7271622047244094E+01        5   1.2460000000000002E-01   3.1190682289185662E-01
      90   7.7271622047244094E+01        6   1.5450000000000003E-01   2.9680194958220774E-01
      90   7.7271622047244094E+01        7   1.8440000000000001E-01   3.1281886618648042E-01
      90   7.7271622047244094E+01        8   2.1430000000000002E-01   2.7878155855777709E-01
      90   7.7271622047244094E+01        9   2.4420000000000003E-01   2.0614373147286877E-01
      90   7.7271622047244094E+01       10   2.7410000000000001E-01   2.4118519296297714E-01
      90   7.7271622047244094E+01       11   3.0400000000000005E-01   2.6408772239942685E-01
      90   7.7271622047244094E+01       12   3.3390000000000003E-01   2.1081686645047693E-01
      90   7.7271622047244094E+01       13   3.6380000000000001E-01   1.9754617049280479E-01
      90   7.7271622047244094E+01       14   3.9370000000000005E-01   1.5695959413428140E-01
      90   7.7271622047244094E+01       15   4.2360000000000003E-01   1.1403211688086437E-01
      90   7.7271622047244094E+01       16   4.5350000000000007E-01   8.7233449273441080E-02
      90   7.7271622047244094E+01       17   4.8340000000000005E-01   5.1681868194035328E-02
      90   7.7271622047244094E+01       18   5.1330000000000009E-01   4.4048446780864899E-02
      90   7.7271622047244094E+01       19   5.4320000000000002E-01   3.7615942421716564E-02
      90   7.7271622047244094E+01       20   5.7310000000000005E-01   3.8756832213036788E-02
      90   7.7271622047244094E+01       21   6.0300000000000009E-01   3.2188704836887974E-02
      90   7.7271622047244094E+01       22   6.3290000000000002E-01   3.2643134895115229E-02
      90   7.7271622047244094E+01       23   6.6280000000000006E-01   3.0611173130037906E-02
      90   7.7271622047244094E+01       24   6.9270000000000009E-01   2.1947860878086568E-02
      90   7.7271622047244094E+01       25   7.2260000000000002E-01   1.2633341344775190E-02
      90   7.7271622047244094E+01       26   7.5250000000000006E-01   1.3627815150619622E-02
      90   7.7271622047244094E+01       27   7.8240000000000010E-01   1.4409422225708714E-02
      90   7.7271622047244094E+01       28   8.1230000000000013E-01   9.6889806236740272E-03
      90   7.7271622047244094E+01       29   8.4220000000000006E-01   1.0311662063574355E-02
      90   7.7271622047244094E+01       30   8.7210000000000010E-01   9.3729225267064984E-03
      90   7.7271622047244094E+01       31   9.0200000000000014E-01   6.8767870655241786E-03
      90   7.7271622047244094E+01       32   9.3190000000000006E-01   8.4093629515397273E-03
      90   7.7271622047244094E+01       33   9.6180000000000010E-01   6.9663272155747460E-03
      90   7.7271622047244094E+01       34   9.9170000000000014E-01   7.7982926525340408E-03
      90   7.7271622047244094E+01       35   1.0216000000000001E+00   6.6312005826687573E-03
      90   7.7271622047244094E+01       36   1.0515000000000001E+00   6.6947172787663652E-03
      90   7.7271622047244094E+01       37   1.0814000000000001E+00   6.3554239096168157E-03
      90   7.7271622047244094E+01       38   1.1113000000000002E+00   5.9744646349714804E-03
      90   7.7271622047244094E+01       39   1.1412000000000002E+00   5.8797939250127013E-03
      90   7.7271622047244094E+01       40   1.1711000000000000E+00   5.7488376161940573E-03
      90   7.7271622047244094E+01       41   1.2010000000000001E+00   5.4231205530106139E-03
      90   7.7271622047244094E+01       42   1.2309000000000001E+00   5.2717537618110757E-03
      90   7.7271622047244094E+01       43   1.2608000000000001E+00   4.9839650674000924E-03
      90   7.7271622047244094E+01       44   1.2907000000000002E+00   5.1323666339218085E-03
      90   7.7271622047244094E+01       45   1.3206000000000002E+00   4.7434272235349195E-03
      90   7.7271622047244094E+01       46   1.3505000000000000E+00   4.6610669689927282E-03
      90   7.7271622047244094E+01       47   1.3804000000000001E+00   4.6456982443368140E-03
      90   7.7271622047244094E+01       48   1.4103000000000001E+00   4.3651163554966213E-03
      90   7.7271622047244094E+01       49   1.4402000000000001E+00   4.4542510643328136E-03
      90   7.7271622047244094E+01       50   1.4701000000000002E+00   4.3666679165871372E-03
 
      91   7.8139842519685047E+01        1   5.0000000000000001E-03   1.0894808691912132E-01
      91   7.8139842519685047E+01        2   3.4900000000000000E-02   1.2890090088669606E-01
      91   7.8139842519685047E+01        3   6.4800000000000010E-02   1.8784305944739524E-01
      91   7.8139842519685047E+01        4   9.4700000000000006E-02   2.6144359440176029E-01
      91   7.8139842519685047E+01        5   1.2460000000000002E-01   2.8225702818505538E-01
      91   7.8139842519685047E+01        6   1.5450000000000003E-01   2.6870454818927059E-01
      91   7.8139842519685047E+01        7   1.8440000000000001E-01   2.8705558880865750E-01
      91   7.8139842519685047E+01        8   2.1430000000000002E-01   2.5730458015669083E-01
      91   7.8139842519685047E+01        9   2.4420000000000003E-01   1.9141477854222283E-01
      91   7.8139842519685047E+01       10   2.7410000000000001E-01   2.2959697668038048E-01
      91   7.8139842519685047E+01       11   3.0400000000000005E-01   2.5240682530556313E-01
      91   7.8139842519685047E+01       12   3.3390000000000003E-01   2.0238667829216425E-01
      91   7.8139842519685047E+01       13   3.6380000000000001E-01   1.9146028704472121E-01
      91   7.8139842519685047E+01       14   3.9370000000000005E-01   1.5168031980401581E-01
      91   7.8139842519685047E+01       15   4.2360000000000003E-01   1.1019710789041862E-01
      91   7.8139842519685047E+01       16   4.5350000000000007E-01   8.4133151088758976E-02
      91   7.8139842519685047E+01       17   4.8340000000000005E-01   5.0180162841111042E-02
      91   7.8139842519685047E+01       18   5.1330000000000009E-01   4.3208480466556051E-02
      91   7.8139842519685047E+01       19   5.4320000000000002E-01   3.6740044759028416E-02
      91   7.8139842519685047E+01       20   5.7310000000000005E-01   3.7087301004445322E-02
      91   7.8139842519685047E+01       21   6.0300000000000009E-01   3.0225910936189565E-02
      91   7.8139842519685047E+01       22   6.3290000000000002E-01   3.0784855513942500E-02
      91   7.8139842519685047E+01       23   6.6280000000000006E-01   2.9729846181059165E-02
      91   7.8139842519685047E+01       24   6.9270000000000009E-01   2.1664849185820203E-02
      91   7.8139842519685047E+01       25   7.2260000000000002E-01   1.2811509226678931E-02
      91   7.8139842519685047E+01       26   7.5250000000000006E-01   1.3509532712140278E-02
      91   7.8139842519685047E+01       27   7.8240000000000010E-01   1.3762517169013739E-02
      91   7.8139842519685047E+01       28   8.1230000000000013E-01   9.0394092063656329E-03
      91   7.8139842519685047E+01       29   8.4220000000000006E-01   1.0059179944288272E-02
      91   7.8139842519685047E+01       30   8.7210000000000010E-01   9.3943078034705672E-03
      91   7.8139842519685047E+01       31   9.0200000000000014E-01   6.8957859608311219E-03
      91   7.8139842519685047E+01       32   9.3190000000000006E-01   8.1571007928445353E-03
      91   7.8139842519685047E+01       33   9.6180000000000010E-01   6.6494634134790578E-03
      91   7.8139842519685047E+01       34   9.9170000000000014E-01   7.5892346924479378E-03
      91   7.8139842519685047E+01       35   1.0216000000000001E+00   6.4970321717462368E-03
      91   7.8139842519685047E+01       36   1.0515000000000001E+00   6.5761026461079062E-03
      91   7.8139842519685047E+01       37   1.0814000000000001E+00   6.2676112880960541E-03
      91   7.8139842519685047E+01       38   1.1113000000000002E+00   5.9854970938317134E-03
      91   7.8139842519685047E+01       39   1.1412000000000002E+00   5.8358182176089131E-03
      91   7.8139842519685047E+01       40   1.1711000000000000E+00   5.6026850423420548E-03
      91   7.8139842519685047E+01       41   1.2010000000000001E+00   5.3156056633434923E-03
      91   7.8139842519685047E+01       42   1.2309000000000001E+00   5.2790964321864529E-03
      91   7.8139842519685047E+01       43   1.2608000000000001E+00   4.9647417282059686E-03
      91   7.8139842519685047E+01       44   1.2907000000000002E+00   5.0227483360924131E-03
      91   7.8139842519685047E+01       45   1.3206000000000002E+00   4.6797914307880103E-03
      91   7.8139842519685047E+01       46   1.3505000000000000E+00   4.6612698199813554E-03
      91   7.8139842519685047E+01       47   1.3804000000000001E+00   4.6106400962175140E-03
      91   7.8139842519685047E+01       48   1.4103000000000001E+00   4.2681418992046947E-03
      91   7.8139842519685047E+01       49   1.4402000000000001E+00   4.3685312719415059E-03
      91   7.8139842519685047E+01       50   1.4701000000000002E+00   4.3104510032780886E-03
 
      92   7.9008062992125986E+01        1   5.0000000000000001E-03   9.8036007026101088E-02
      92   7.9008062992125986E+01        2   3.4900000000000000E-02   1.1554611475081174E-01
      92   7.9008062992125986E+01        3   6.4800000000000010E-02   1.6965597889267636E-01
      92   7.9008062992125986E+01        4   9.4700000000000006E-02   2.3828692849189420E-01
      92   7.9008062992125986E+01        5   1.2460000000000002E-01   2.5623360838345777E-01
      92   7.9008062992125986E+01        6   1.5450000000000003E-01   2.4181874363465400E-01
      92   7.9008062992125986E+01        7   1.8440000000000001E-01   2.6056725962160199E-01
      92   7.9008062992125986E+01        8   2.1430000000000002E-01   2.3480087067509295E-01
      92   7.9008062992125986E+01        9   2.4420000000000003E-01   1.7499443424313885E-01
      92   7.9008062992125986E+01       10   2.7410000000000001E-01   2.1447502801088930E-01
      92   7.9008062992125986E+01       11   3.0400000000000005E-01   2.3681582515334434E-01
      92   7.9008062992125986E+01       12   3.3390000000000003E-01   1.9017502467280500E-01
      92   7.9008062992125986E+01       13   3.6380000000000001E-01   1.8136280328062174E-01
      92   7.9008062992125986E+01       14   3.9370000000000005E-01   1.4316388576928363E-01
      92   7.9008062992125986E+01       15   4.2360000000000003E-01   1.0395397242612013E-01
      92   7.9008062992125986E+01       16   4.5350000000000007E-01   7.9396491312736142E-02
      92   7.9008062992125986E+01       17   4.8340000000000005E-01   4.7769655677890849E-02
      92   7.9008062992125986E+01       18   5.1330000000000009E-01   4.1978618047077497E-02
      92   7.9008062992125986E+01       19   5.4320000000000002E-01   3.5887350569486359E-02
      92   7.9008062992125986E+01       20   5.7310000000000005E-01   3.5457484414990269E-02
      92   7.9008062992125986E+01       21   6.0300000000000009E-01   2.7984740420369653E-02
      92   7.9008062992125986E+01       22   6.3290000000000002E-01   2.8260351580152606E-02
      92   7.9008062992125986E+01       23   6.6280000000000006E-01   2.7922471556769194E-02
      92   7.9008062992125986E+01       24   6.9270000000000009E-01   2.0549578350194629E-02
      92   7.9008062992125986E+01       25   7.2260000000000002E-01   1.2486885985399862E-02
      92   7.9008062992125986E+01       26   7.5250000000000006E-01   1.3260286903434178E-02
      92   7.9008062992125986E+01       27   7.8240000000000010E-01   1.3173725328478903E-02
      92   7.9008062992125986E+01       28   8.1230000000000013E-01   8.3502095826693337E-03
      92   7.9008062992125986E+01       29   8.4220000000000006E-01   9.6051557289881465E-03
      92   7.9008062992125986E+01       30   8.7210000000000010E-01   9.2285644619438147E-03
      92   7.9008062992125986E+01       31   9.0200000000000014E-01   6.8645897604102260E-03
      92   7.9008062992125986E+01       32   9.3190000000000006E-01   7.9179867148366969E-03
      92   7.9008062992125986E+01       33   9.6180000000000010E-01   6.2661161734961189E-03
      92   7.9008062992125986E+01       34   9.9170000000000014E-01   7.2423769640547909E-03
      92   7.9008062992125986E+01       35   1.0216000000000001E+00   6.2764032635147810E-03
      92   7.9008062992125986E+01       36   1.0515000000000001E+00   6.4020469935346614E-03
      92   7.9008062992125986E+01       37   1.0814000000000001E+00   6.0821461389162111E-03
      92   7.9008062992125986E+01       38   1.1113000000000002E+00   5.9308825731763225E-03
      92   7.9008062992125986E+01       39   1.1412000000000002E+00   5.8131320984856280E-03
      92   7.9008062992125986E+01       40   1.1711000000000000E+00   5.5028318249904758E-03
      92   7.9008062992125986E+01       41   1.2010000000000001E+00   5.1681190034220306E-03
      92   7.9008062992125986E+01       42   1.2309000000000001E+00   5.2275133525958627E-03
      92   7.9008062992125986E+01       43   1.2608000000000001E+00   4.9168101611387904E-03
      92   7.9008062992125986E+01       44   1.2907000000000002E+00   4.8726227839439940E-03
      92   7.9008062992125986E+01       45   1.3206000000000002E+00   4.4806545803134055E-03
      92   7.9008062992125986E+01       46   1.3505000000000000E+00   4.5316543469734755E-03
      92   7.9008062992125986E+01       47   1.3804000000000001E+00   4.5294723319068784E-03
      92   7.9008062992125986E+01       48   1.4103000000000001E+00   4.1332892830132952E-03
      92   7.9008062992125986E+01       49   1.4402000000000001E+00   4.1773302343582775E-03
      92   7.9008062992125986E+01       50   1.4701000000000002E+00   4.1186875271002508E-03
 
      93   7.9876283464566939E+01        1   5.0000000000000001E-03   9.4954751652456759E-02
      93   7.9876283464566939E+01        2   3.4900000000000000E-02   1.1026854723169091E-01
      93   7.9876283464566939E+01        3   6.4800000000000010E-02   1.5997258005710202E-01
      93   7.9876283464566939E+01        4   9.4700000000000006E-02   2.2384525765750590E-01
      93   7.9876283464566939E+01        5   1.2460000000000002E-01   2.3796200896796321E-01
      93   7.9876283464566939E+01        6   1.5450000000000003E-01   2.2041825729694128E-01
      93   7.9876283464566939E+01        7   1.8440000000000001E-01   2.3749420756019865E-01
      93   7.9876283464566939E+01        8   2.1430000000000002E-01   2.1459801230127815E-01
      93   7.9876283464566939E+01        9   2.4420000000000003E-01   1.5924085822375197E-01
      93   7.9876283464566939E+01       10   2.7410000000000001E-01   1.9826453744456773E-01
      93   7.9876283464566939E+01       11   3.0400000000000005E-01   2.1996605266421360E-01
      93   7.9876283464566939E+01       12   3.3390000000000003E-01   1.7606238965480153E-01
      93   7.9876283464566939E+01       13   3.6380000000000001E-01   1.6835095690125748E-01
      93   7.9876283464566939E+01       14   3.9370000000000005E-01   1.3213675715435119E-01
      93   7.9876283464566939E+01       15   4.2360000000000003E-01   9.5697057631391885E-02
      93   7.9876283464566939E+01       16   4.5350000000000007E-01   7.3224287665977064E-02
      93   7.9876283464566939E+01       17   4.8340000000000005E-01   4.4382259110304557E-02
      93   7.9876283464566939E+01       18   5.1330000000000009E-01   4.0152851937713327E-02
      93   7.9876283464566939E+01       19   5.4320000000000002E-01   3.4918486754495229E-02
      93   7.9876283464566939E+01       20   5.7310000000000005E-01   3.4030627956407787E-02
      93   7.9876283464566939E+01       21   6.0300000000000009E-01   2.5940889521103450E-02
      93   7.9876283464566939E+01       22   6.3290000000000002E-01   2.5657653837729773E-02
      93   7.9876283464566939E+01       23   6.6280000000000006E-01   2.5533640468592446E-02
      93   7.9876283464566939E+01       24   6.9270000000000009E-01   1.8726449667906295E-02
      93   7.9876283464566939E+01       25   7.2260000000000002E-01   1.1575049445683137E-02
      93   7.9876283464566939E+01       26   7.5250000000000006E-01   1.2777392550053937E-02
      93   7.9876283464566939E+01       27   7.8240000000000010E-01   1.2668685830427693E-02
      93   7.9876283464566939E+01       28   8.1230000000000013E-01   7.7462264756755399E-03
      93   7.9876283464566939E+01       29   8.4220000000000006E-01   9.0073718920337421E-03
      93   7.9876283464566939E+01       30   8.7210000000000010E-01   8.7982414807835484E-03
      93   7.9876283464566939E+01       31   9.0200000000000014E-01   6.6673860059944445E-03
      93   7.9876283464566939E+01       32   9.3190000000000006E-01   7.6824181368189970E-03
      93   7.9876283464566939E+01       33   9.6180000000000010E-01   5.9077486968736924E-03
      93   7.9876283464566939E+01       34   9.9170000000000014E-01   6.8408017896109475E-03
      93   7.9876283464566939E+01       35   1.0216000000000001E+00   5.9621376805255337E-03
      93   7.9876283464566939E+01       36   1.0515000000000001E+00   6.0990347736755175E-03
      93   7.9876283464566939E+01       37   1.0814000000000001E+00   5.7026270550211925E-03
      93   7.9876283464566939E+01       38   1.1113000000000002E+00   5.6426774157279846E-03
      93   7.9876283464566939E+01       39   1.1412000000000002E+00   5.6367206883935882E-03
      93   7.9876283464566939E+01       40   1.1711000000000000E+00   5.3473968553426543E-03
      93   7.9876283464566939E+01       41   1.2010000000000001E+00   4.9062893937074879E-03
      93   7.9876283464566939E+01       42   1.2309000000000001E+00   4.9843516424511458E-03
      93   7.9876283464566939E+01       43   1.2608000000000001E+00   4.7099655783211167E-03
      93   7.9876283464566939E+01       44   1.2907000000000002E+00   4.6608873082939926E-03
      93   7.9876283464566939E+01       45   1.3206000000000002E+00   4.2007715590371766E-03
      93   7.9876283464566939E+01       46   1.3505000000000000E+00   4.2654194534829616E-03
      93   7.9876283464566939E+01       47   1.3804000000000001E+00   4.3442834857465766E-03
      93   7.9876283464566939E+01       48   1.4103000000000001E+00   3.9591478293320662E-03
      93   7.9876283464566939E+01       49   1.4402000000000001E+00   3.9366951313342981E-03
      93   7.9876283464566939E+01       50   1.4701000000000002E+00   3.8411868002075529E-03
 
      94   8.0744503937007877E+01        1   5.0000000000000001E-03   1.0029881513005266E-01
      94   8.0744503937007877E+01        2   3.4900000000000000E-02   1.1404421975400873E-01
      94   8.0744503937007877E+01        3   6.4800000000000010E-02   1.6041875366310043E-01
      94   8.0744503937007877E+01        4   9.4700000000000006E-02   2.1993035733853353E-01
      94   8.0744503937007877E+01        5   1.2460000000000002E-01   2.2940652956730956E-01
      94   8.0744503937007877E+01        6   1.5450000000000003E-01   2.0731353337901454E-01
      94   8.0744503937007877E+01        7   1.8440000000000001E-01   2.2142287661708143E-01
      94   8.0744503937007877E+01        8   2.1430000000000002E-01   1.9993580781054054E-01
      94   8.0744503937007877E+01        9   2.4420000000000003E-01   1.4647398982904991E-01
      94   8.0744503937007877E+01       10   2.7410000000000001E-01   1.8335281678993828E-01
      94   8.0744503937007877E+01       11   3.0400000000000005E-01   2.0440820984839828E-01
      94   8.0744503937007877E+01       12   3.3390000000000003E-01   1.6234478569243049E-01
      94   8.0744503937007877E+01       13   3.6380000000000001E-01   1.5462348893077196E-01
      94   8.0744503937007877E+01       14   3.9370000000000005E-01   1.2037678591437199E-01
      94   8.0744503937007877E+01       15   4.2360000000000003E-01   8.6454360137545233E-02
      94   8.0744503937007877E+01       16   4.5350000000000007E-01   6.6134882998877154E-02
      94   8.0744503937007877E+01       17   4.8340000000000005E-01   4.0172475130507118E-02
      94   8.0744503937007877E+01       18   5.1330000000000009E-01   3.7700077245626122E-02
      94   8.0744503937007877E+01       19   5.4320000000000002E-01   3.3730444889039181E-02
      94   8.0744503937007877E+01       20   5.7310000000000005E-01   3.2873547004428363E-02
      94   8.0744503937007877E+01       21   6.0300000000000009E-01   2.4429542304804121E-02
      94   8.0744503937007877E+01       22   6.3290000000000002E-01   2.3507321967706492E-02
      94   8.0744503937007877E+01       23   6.6280000000000006E-01   2.3099359803622085E-02
      94   8.0744503937007877E+01       24   6.9270000000000009E-01   1.6656667204318049E-02
      94   8.0744503937007877E+01       25   7.2260000000000002E-01   1.0276758141865896E-02
      94   8.0744503937007877E+01       26   7.5250000000000006E-01   1.2091722447494407E-02
      94   8.0744503937007877E+01       27   7.8240000000000010E-01   1.2236650401615774E-02
      94   8.0744503937007877E+01       28   8.1230000000000013E-01   7.2836867952023711E-03
      94   8.0744503937007877E+01       29   8.4220000000000006E-01   8.3622389248596274E-03
      94   8.0744503937007877E+01       30   8.7210000000000010E-01   8.1872250762275427E-03
      94   8.0744503937007877E+01       31   9.0200000000000014E-01   6.3152025157293123E-03
      94   8.0744503937007877E+01       32   9.3190000000000006E-01   7.4672430020712739E-03
      94   8.0744503937007877E+01       33   9.6180000000000010E-01   5.6396975507483167E-03
      94   8.0744503937007877E+01       34   9.9170000000000014E-01   6.4664901515582365E-03
      94   8.0744503937007877E+01       35   1.0216000000000001E+00   5.6089895899287404E-03
      94   8.0744503937007877E+01       36   1.0515000000000001E+00   5.7166998008196931E-03
      94   8.0744503937007877E+01       37   1.0814000000000001E+00   5.2476491013309914E-03
      94   8.0744503937007877E+01       38   1.1113000000000002E+00   5.1859548015875572E-03
      94   8.0744503937007877E+01       39   1.1412000000000002E+00   5.3058639609104693E-03
      94   8.0744503937007877E+01       40   1.1711000000000000E+00   5.1220168891431411E-03
      94   8.0744503937007877E+01       41   1.2010000000000001E+00   4.5942488845322786E-03
      94   8.0744503937007877E+01       42   1.2309000000000001E+00   4.5897743099437265E-03
      94   8.0744503937007877E+01       43   1.2608000000000001E+00   4.3594095462598688E-03
      94   8.0744503937007877E+01       44   1.2907000000000002E+00   4.4192562016228242E-03
      94   8.0744503937007877E+01       45   1.3206000000000002E+00   3.9672191828709191E-03
      94   8.0744503937007877E+01       46   1.3505000000000000E+00   3.9952089668475431E-03
      94   8.0744503937007877E+01       47   1.3804000000000001E+00   4.1051909361476454E-03
      94   8.0744503937007877E+01       48   1.4103000000000001E+00   3.7813382339917986E-03
      94   8.0744503937007877E+01       49   1.4402000000000001E+00   3.7559632138328128E-03
      94   8.0744503937007877E+01       50   1.4701000000000002E+00   3.6393761849493052E-03
 
      95   8.1612724409448816E+01        1   5.0000000000000001E-03   1.1336197030230248E-01
      95   8.1612724409448816E+01        2   3.4900000000000000E-02   1.2610409391455554E-01
      95   8.1612724409448816E+01        3   6.4800000000000010E-02   1.7008747481418288E-01
      95   8.1612724409448816E+01        4   9.4700000000000006E-02   2.2577261588315009E-01
      95   8.1612724409448816E+01        5   1.2460000000000002E-01   2.3069736168503557E-01
      95   8.1612724409448816E+01        6   1.5450000000000003E-01   2.0387190412338910E-01
      95   8.1612724409448816E+01        7   1.8440000000000001E-01   2.1463265220961575E-01
      95   8.1612724409448816E+01        8   2.1430000000000002E-01   1.9290380410384017E-01
      95   8.1612724409448816E+01        9   2.4420000000000003E-01   1.3839045039491349E-01
      95   8.1612724409448816E+01       10   2.7410000000000001E-01   1.7168890157455094E-01
      95   8.1612724409448816E+01       11   3.0400000000000005E-01   1.9219658377656332E-01
      95   8.1612724409448816E+01       12   3.3390000000000003E-01   1.5116814986547616E-01
      95   8.1612724409448816E+01       13   3.6380000000000001E-01   1.4271542704960488E-01
      95   8.1612724409448816E+01       14   3.9370000000000005E-01   1.1005886519948650E-01
      95   8.1612724409448816E+01       15   4.2360000000000003E-01   7.7663785962865287E-02
      95   8.1612724409448816E+01       16   4.5350000000000007E-01   5.9011477449258706E-02
      95   8.1612724409448816E+01       17   4.8340000000000005E-01   3.5566196898461785E-02
      95   8.1612724409448816E+01       18   5.1330000000000009E-01   3.4764821158513010E-02
      95   8.1612724409448816E+01       19   5.4320000000000002E-01   3.2311538149374722E-02
      95   8.1612724409448816E+01       20   5.7310000000000005E-01   3.1988796118895213E-02
      95   8.1612724409448816E+01       21   6.0300000000000009E-01   2.3577464384124801E-02
      95   8.1612724409448816E+01       22   6.3290000000000002E-01   2.2122310758781200E-02
      95   8.1612724409448816E+01       23   6.6280000000000006E-01   2.1146070334965961E-02
      95   8.1612724409448816E+01       24   6.9270000000000009E-01   1.4900232985686443E-02
      95   8.1612724409448816E+01       25   7.2260000000000002E-01   8.9680801507843067E-03
      95   8.1612724409448816E+01       26   7.5250000000000006E-01   1.1372838763567303E-02
      95   8.1612724409448816E+01       27   7.8240000000000010E-01   1.1872423998110018E-02
      95   8.1612724409448816E+01       28   8.1230000000000013E-01   6.9614706098556000E-03
      95   8.1612724409448816E+01       29   8.4220000000000006E-01   7.7988775960897193E-03
      95   8.1612724409448816E+01       30   8.7210000000000010E-01   7.5981025094812409E-03
      95   8.1612724409448816E+01       31   9.0200000000000014E-01   5.9283892826043037E-03
      95   8.1612724409448816E+01       32   9.3190000000000006E-01   7.2923243870135221E-03
      95   8.1612724409448816E+01       33   9.6180000000000010E-01   5.4727077733498341E-03
      95   8.1612724409448816E+01       34   9.9170000000000014E-01   6.1859969091712999E-03
      95   8.1612724409448816E+01       35   1.0216000000000001E+00   5.3280440806144410E-03
      95   8.1612724409448816E+01       36   1.0515000000000001E+00   5.4271573696789343E-03
      95   8.1612724409448816E+01       37   1.0814000000000001E+00   4.9650197032013637E-03
      95   8.1612724409448816E+01       38   1.1113000000000002E+00   4.8160107569768830E-03
      95   8.1612724409448816E+01       39   1.1412000000000002E+00   4.9822852268242273E-03
      95   8.1612724409448816E+01       40   1.1711000000000000E+00   4.9130243386619425E-03
      95   8.1612724409448816E+01       41   1.2010000000000001E+00   4.3936256600083483E-03
      95   8.1612724409448816E+01       42   1.2309000000000001E+00   4.2756339295383378E-03
      95   8.1612724409448816E+01       43   1.2608000000000001E+00   4.0556391154044887E-03
      95   8.1612724409448816E+01       44   1.2907000000000002E+00   4.2314859705808658E-03
      95   8.1612724409448816E+01       45   1.3206000000000002E+00   3.8615757844816445E-03
      95   8.1612724409448816E+01       46   1.3505000000000000E+00   3.8564900784750821E-03
      95   8.1612724409448816E+01       47   1.3804000000000001E+00   3.9294193693325341E-03
      95   8.1612724409448816E+01       48   1.4103000000000001E+00   3.6574721948981546E-03
      95   8.1612724409448816E+01       49   1.4402000000000001E+00   3.6921285320138048E-03
      95   8.1612724409448816E+01       50   1.4701000000000002E+00   3.6024138333176714E-03
 
      96   8.2480944881889769E+01        1   5.0000000000000001E-03   1.3149722299545269E-01
      96   8.2480944881889769E+01        2   3.4900000000000000E-02   1.4369198600125116E-01
      96   8.2480944881889769E+01        3   6.4800000000000010E-02   1.8603944859235652E-01
      96   8.2480944881889769E+01        4   9.4700000000000006E-02   2.3899951836084116E-01
      96   8.2480944881889769E+01        5   1.2460000000000002E-01   2.4072875395331528E-01
      96   8.2480944881889769E+01        6   1.5450000000000003E-01   2.0990906778738661E-01
      96   8.2480944881889769E+01        7   1.8440000000000001E-01   2.1728738786927793E-01
      96   8.2480944881889769E+01        8   2.1430000000000002E-01   1.9356216399723661E-01
      96   8.2480944881889769E+01        9   2.4420000000000003E-01   1.3560039005827187E-01
      96   8.2480944881889769E+01       10   2.7410000000000001E-01   1.6457596494733395E-01
      96   8.2480944881889769E+01       11   3.0400000000000005E-01   1.8473968289395523E-01
      96   8.2480944881889769E+01       12   3.3390000000000003E-01   1.4404247921298594E-01
      96   8.2480944881889769E+01       13   3.6380000000000001E-01   1.3453072286255333E-01
      96   8.2480944881889769E+01       14   3.9370000000000005E-01   1.0290453170148291E-01
      96   8.2480944881889769E+01       15   4.2360000000000003E-01   7.0782280641857556E-02
      96   8.2480944881889769E+01       16   4.5350000000000007E-01   5.3018258753987961E-02
      96   8.2480944881889769E+01       17   4.8340000000000005E-01   3.1219219970617520E-02
      96   8.2480944881889769E+01       18   5.1330000000000009E-01   3.1601350960046938E-02
      96   8.2480944881889769E+01       19   5.4320000000000002E-01   3.0674115904865098E-02
      96   8.2480944881889769E+01       20   5.7310000000000005E-01   3.1251788202744817E-02
      96   8.2480944881889769E+01       21   6.0300000000000009E-01   2.3265199022415049E-02
      96   8.2480944881889769E+01       22   6.3290000000000002E-01   2.1527629879007221E-02
      96   8.2480944881889769E+01       23   6.6280000000000006E-01   1.9975475764404314E-02
      96   8.2480944881889769E+01       24   6.9270000000000009E-01   1.3812228796823079E-02
      96   8.2480944881889769E+01       25   7.2260000000000002E-01   7.9743813436686344E-03
      96   8.2480944881889769E+01       26   7.5250000000000006E-01   1.0799603396335183E-02
      96   8.2480944881889769E+01       27   7.8240000000000010E-01   1.1578824534639999E-02
      96   8.2480944881889769E+01       28   8.1230000000000013E-01   6.7386991513941775E-03
      96   8.2480944881889769E+01       29   8.4220000000000006E-01   7.3980607926622498E-03
      96   8.2480944881889769E+01       30   8.7210000000000010E-01   7.1673112232711281E-03
      96   8.2480944881889769E+01       31   9.0200000000000014E-01   5.5906604463625631E-03
      96   8.2480944881889769E+01       32   9.3190000000000006E-01   7.1174722236394079E-03
      96   8.2480944881889769E+01       33   9.6180000000000010E-01   5.3544000634912423E-03
      96   8.2480944881889769E+01       34   9.9170000000000014E-01   6.0065016506375699E-03
      96   8.2480944881889769E+01       35   1.0216000000000001E+00   5.1610447040234542E-03
      96   8.2480944881889769E+01       36   1.0515000000000001E+00   5.3065131636488606E-03
      96   8.2480944881889769E+01       37   1.0814000000000001E+00   4.9256771634942813E-03
      96   8.2480944881889769E+01       38   1.1113000000000002E+00   4.6641941949008238E-03
      96   8.2480944881889769E+01       39   1.1412000000000002E+00   4.7540775283585615E-03
      96   8.2480944881889769E+01       40   1.1711000000000000E+00   4.7298325845796692E-03
      96   8.2480944881889769E+01       41   1.2010000000000001E+00   4.3197504598507424E-03
      96   8.2480944881889769E+01       42   1.2309000000000001E+00   4.1719432905744040E-03
      96   8.2480944881889769E+01       43   1.2608000000000001E+00   3.9258233434976879E-03
      96   8.2480944881889769E+01       44   1.2907000000000002E+00   4.1145404873714625E-03
      96   8.2480944881889769E+01       45   1.3206000000000002E+00   3.8159837131790018E-03
      96   8.2480944881889769E+01       46   1.3505000000000000E+00   3.8172279628226583E-03
      96   8.2480944881889769E+01       47   1.3804000000000001E+00   3.8393475761200409E-03
      96   8.2480944881889769E+01       48   1.4103000000000001E+00   3.5778140402759760E-03
      96   8.2480944881889769E+01       49   1.4402000000000001E+00   3.6666178347247204E-03
      96   8.2480944881889769E+01       50   1.4701000000000002E+00   3.6190327751528082E-03
 
      97   8.3349165354330708E+01        1   5.0000000000000001E-03   1.5056723694674332E-01
      97   8.3349165354330708E+01        2   3.4900000000000000E-02   1.6289374332740089E-01
      97   8.3349165354330708E+01        3   6.4800000000000010E-02   2.0484227063639962E-01
      97   8.3349165354330708E+01        4   9.4700000000000006E-02   2.5703034118271906E-01
      97   8.3349165354330708E+01        5   1.2460000000000002E-01   2.5752085766296384E-01
      97   8.3349165354330708E+01        6   1.5450000000000003E-01   2.2352559977563774E-01
      97   8.3349165354330708E+01        7   1.8440000000000001E-01   2.2722687783374032E-01
      97   8.3349165354330708E+01        8   2.1430000000000002E-01   1.9999095988705431E-01
      97   8.3349165354330708E+01        9   2.4420000000000003E-01   1.3759110415229528E-01
      97   8.3349165354330708E+01       10   2.7410000000000001E-01   1.6265026034878877E-01
      97   8.3349165354330708E+01       11   3.0400000000000005E-01   1.8286441710981768E-01
      97   8.3349165354330708E+01       12   3.3390000000000003E-01   1.4174577835791410E-01
      97   8.3349165354330708E+01       13   3.6380000000000001E-01   1.3095096678901560E-01
      97   8.3349165354330708E+01       14   3.9370000000000005E-01   9.9840851839802569E-02
      97   8.3349165354330708E+01       15   4.2360000000000003E-01   6.7034796598543861E-02
      97   8.3349165354330708E+01       16   4.5350000000000007E-01   4.9426038320175336E-02
      97   8.3349165354330708E+01       17   4.8340000000000005E-01   2.7974735301925770E-02
      97   8.3349165354330708E+01       18   5.1330000000000009E-01   2.8652547865591543E-02
      97   8.3349165354330708E+01       19   5.4320000000000002E-01   2.8913371274710210E-02
      97   8.3349165354330708E+01       20   5.7310000000000005E-01   3.0507437284318057E-02
      97   8.3349165354330708E+01       21   6.0300000000000009E-01   2.3286720770775333E-02
      97   8.3349165354330708E+01       22   6.3290000000000002E-01   2.1621324350262896E-02
      97   8.3349165354330708E+01       23   6.6280000000000006E-01   1.9681122921318527E-02
      97   8.3349165354330708E+01       24   6.9270000000000009E-01   1.3497060872371075E-02
      97   8.3349165354330708E+01       25   7.2260000000000002E-01   7.4781271226386746E-03
      97   8.3349165354330708E+01       26   7.5250000000000006E-01   1.0492036078806683E-02
      97   8.3349165354330708E+01       27   7.8240000000000010E-01   1.1427748440918267E-02
      97   8.3349165354330708E+01       28   8.1230000000000013E-01   6.6338754144556417E-03
      97   8.3349165354330708E+01       29   8.4220000000000006E-01   7.2063619703788030E-03
      97   8.3349165354330708E+01       30   8.7210000000000010E-01   6.9249151845368964E-03
      97   8.3349165354330708E+01       31   9.0200000000000014E-01   5.3194271304002061E-03
      97   8.3349165354330708E+01       32   9.3190000000000006E-01   6.9121799662981293E-03
      97   8.3349165354330708E+01       33   9.6180000000000010E-01   5.2621122721395941E-03
      97   8.3349165354330708E+01       34   9.9170000000000014E-01   5.9183167096114918E-03
      97   8.3349165354330708E+01       35   1.0216000000000001E+00   5.0692284919564463E-03
      97   8.3349165354330708E+01       36   1.0515000000000001E+00   5.2681657354863316E-03
      97   8.3349165354330708E+01       37   1.0814000000000001E+00   4.9915983593540169E-03
      97   8.3349165354330708E+01       38   1.1113000000000002E+00   4.6712758252077007E-03
      97   8.3349165354330708E+01       39   1.1412000000000002E+00   4.6316345520062835E-03
      97   8.3349165354330708E+01       40   1.1711000000000000E+00   4.5415844237987829E-03
      97   8.3349165354330708E+01       41   1.2010000000000001E+00   4.2632544873318244E-03
      97   8.3349165354330708E+01       42   1.2309000000000001E+00   4.2030199198030867E-03
      97   8.3349165354330708E+01       43   1.2608000000000001E+00   3.9511551907441978E-03
      97   8.3349165354330708E+01       44   1.2907000000000002E+00   4.0606326582375216E-03
      97   8.3349165354330708E+01       45   1.3206000000000002E+00   3.7562480095157886E-03
      97   8.3349165354330708E+01       46   1.3505000000000000E+00   3.7867757445604654E-03
      97   8.3349165354330708E+01       47   1.3804000000000001E+00   3.7937943911673577E-03
      97   8.3349165354330708E+01       48   1.4103000000000001E+00   3.5182929903901966E-03
      97   8.3349165354330708E+01       49   1.4402000000000001E+00   3.6104366835290969E-03
      97   8.3349165354330708E+01       50   1.4701000000000002E+00   3.5760013216005991E-03
 
      98   8.4217385826771661E+01        1   5.0000000000000001E-03   1.6623784235818859E-01
      98   8.4217385826771661E+01        2   3.4900000000000000E-02   1.7983797298291454E-01
      98   8.4217385826771661E+01        3   6.4800000000000010E-02   2.2354949999579046E-01
      98   8.4217385826771661E+01        4   9.4700000000000006E-02   2.7734227506010090E-01
      98   8.4217385826771661E+01        5   1.2460000000000002E-01   2.7803439688341658E-01
      98   8.4217385826771661E+01        6   1.5450000000000003E-01   2.4132509012188835E-01
      98   8.4217385826771661E+01        7   1.8440000000000001E-01   2.4090885458053601E-01
      98   8.4217385826771661E+01        8   2.1430000000000002E-01   2.0939096319728870E-01
      98   8.4217385826771661E+01        9   2.4420000000000003E-01   1.4304901724654098E-01
      98   8.4217385826771661E+01       10   2.7410000000000001E-01   1.6577264914068368E-01
      98   8.4217385826771661E+01       11   3.0400000000000005E-01   1.8669329729344114E-01
      98   8.4217385826771661E+01       12   3.3390000000000003E-01   1.4440475564610866E-01
      98   8.4217385826771661E+01       13   3.6380000000000001E-01   1.3210459672823549E-01
      98   8.4217385826771661E+01       14   3.9370000000000005E-01   1.0117130749026899E-01
      98   8.4217385826771661E+01       15   4.2360000000000003E-01   6.7199852347689701E-02
      98   8.4217385826771661E+01       16   4.5350000000000007E-01   4.9193837157291878E-02
      98   8.4217385826771661E+01       17   4.8340000000000005E-01   2.6667021332696966E-02
      98   8.4217385826771661E+01       18   5.1330000000000009E-01   2.6604910761641995E-02
      98   8.4217385826771661E+01       19   5.4320000000000002E-01   2.7342566163691816E-02
      98   8.4217385826771661E+01       20   5.7310000000000005E-01   2.9768716138168325E-02
      98   8.4217385826771661E+01       21   6.0300000000000009E-01   2.3530158707395082E-02
      98   8.4217385826771661E+01       22   6.3290000000000002E-01   2.2315769342754258E-02
      98   8.4217385826771661E+01       23   6.6280000000000006E-01   2.0243648824700811E-02
      98   8.4217385826771661E+01       24   6.9270000000000009E-01   1.3930420932358193E-02
      98   8.4217385826771661E+01       25   7.2260000000000002E-01   7.5489135042071777E-03
      98   8.4217385826771661E+01       26   7.5250000000000006E-01   1.0515951053008983E-02
      98   8.4217385826771661E+01       27   7.8240000000000010E-01   1.1548308543295159E-02
      98   8.4217385826771661E+01       28   8.1230000000000013E-01   6.7546014418416993E-03
      98   8.4217385826771661E+01       29   8.4220000000000006E-01   7.2980877011513384E-03
      98   8.4217385826771661E+01       30   8.7210000000000010E-01   6.9008812386955444E-03
      98   8.4217385826771661E+01       31   9.0200000000000014E-01   5.1544688277869915E-03
      98   8.4217385826771661E+01       32   9.3190000000000006E-01   6.7515292991377571E-03
      98   8.4217385826771661E+01       33   9.6180000000000010E-01   5.2596695220615899E-03
      98   8.4217385826771661E+01       34   9.9170000000000014E-01   5.9583092748002955E-03
      98   8.4217385826771661E+01       35   1.0216000000000001E+00   5.0477308905816668E-03
      98   8.4217385826771661E+01       36   1.0515000000000001E+00   5.2392655981048451E-03
      98   8.4217385826771661E+01       37   1.0814000000000001E+00   5.0626403314149269E-03
      98   8.4217385826771661E+01       38   1.1113000000000002E+00   4.7909377885817879E-03
      98   8.4217385826771661E+01       39   1.1412000000000002E+00   4.7034413454668505E-03
      98   8.4217385826771661E+01       40   1.1711000000000000E+00   4.4654261826163827E-03
      98   8.4217385826771661E+01       41   1.2010000000000001E+00   4.2385215279196684E-03
      98   8.4217385826771661E+01       42   1.2309000000000001E+00   4.2943369684647114E-03
      98   8.4217385826771661E+01       43   1.2608000000000001E+00   4.1021480679086291E-03
      98   8.4217385826771661E+01       44   1.2907000000000002E+00   4.1475145407660627E-03
      98   8.4217385826771661E+01       45   1.3206000000000002E+00   3.7737262811728431E-03
      98   8.4217385826771661E+01       46   1.3505000000000000E+00   3.8179833623859481E-03
      98   8.4217385826771661E+01       47   1.3804000000000001E+00   3.8381932540421694E-03
      98   8.4217385826771661E+01       48   1.4103000000000001E+00   3.5497391520425462E-03
      98   8.4217385826771661E+01       49   1.4402000000000001E+00   3.6174279385929632E-03
      98   8.4217385826771661E+01       50   1.4701000000000002E+00   3.5685762788727404E-03
 
      99   8.5085606299212600E+01        1   5.0000000000000001E-03   1.7546037688374463E-01
      99   8.5085606299212600E+01        2   3.4900000000000000E-02   1.9161854296392475E-01
      99   8.5085606299212600E+01        3   6.4800000000000010E-02   2.3953383788922916E-01
      99   8.5085606299212600E+01        4   9.4700000000000006E-02   2.9672798202818840E-01
      99   8.5085606299212600E+01        5   1.2460000000000002E-01   2.9810867280395514E-01
      99   8.5085606299212600E+01        6   1.5450000000000003E-01   2.5926332942289848E-01
      99   8.5085606299212600E+01        7   1.8440000000000001E-01   2.5497501135109540E-01
      99   8.5085606299212600E+01        8   2.1430000000000002E-01   2.1944974595447259E-01
      99   8.5085606299212600E+01        9   2.4420000000000003E-01   1.5036232404520034E-01
      99   8.5085606299212600E+01       10   2.7410000000000001E-01   1.7280669703887114E-01
      99   8.5085606299212600E+01       11   3.0400000000000005E-01   1.9517402781367194E-01
      99   8.5085606299212600E+01       12   3.3390000000000003E-01   1.5135078111146621E-01
      99   8.5085606299212600E+01       13   3.6380000000000001E-01   1.3767609841778844E-01
      99   8.5085606299212600E+01       14   3.9370000000000005E-01   1.0674002226375590E-01
      99   8.5085606299212600E+01       15   4.2360000000000003E-01   7.1320130600362838E-02
      99   8.5085606299212600E+01       16   4.5350000000000007E-01   5.2447411184996434E-02
      99   8.5085606299212600E+01       17   4.8340000000000005E-01   2.7732793828127645E-02
      99   8.5085606299212600E+01       18   5.1330000000000009E-01   2.6148490573638911E-02
      99   8.5085606299212600E+01       19   5.4320000000000002E-01   2.6437885262864211E-02
      99   8.5085606299212600E+01       20   5.7310000000000005E-01   2.9233408792405227E-02
      99   8.5085606299212600E+01       21   6.0300000000000009E-01   2.3920439824409910E-02
      99   8.5085606299212600E+01       22   6.3290000000000002E-01   2.3411579245386137E-02
      99   8.5085606299212600E+01       23   6.6280000000000006E-01   2.1457302037025994E-02
      99   8.5085606299212600E+01       24   6.9270000000000009E-01   1.4976362165210961E-02
      99   8.5085606299212600E+01       25   7.2260000000000002E-01   8.1361681763405351E-03
      99   8.5085606299212600E+01       26   7.5250000000000006E-01   1.0846867875053812E-02
      99   8.5085606299212600E+01       27   7.8240000000000010E-01   1.1953978977718997E-02
      99   8.5085606299212600E+01       28   8.1230000000000013E-01   7.1438971612182971E-03
      99   8.5085606299212600E+01       29   8.4220000000000006E-01   7.7066935349210585E-03
      99   8.5085606299212600E+01       30   8.7210000000000010E-01   7.1360404620043625E-03
      99   8.5085606299212600E+01       31   9.0200000000000014E-01   5.1586483274584424E-03
      99   8.5085606299212600E+01       32   9.3190000000000006E-01   6.7317822726600980E-03
      99   8.5085606299212600E+01       33   9.6180000000000010E-01   5.3837121519611890E-03
      99   8.5085606299212600E+01       34   9.9170000000000014E-01   6.1439262988583062E-03
      99   8.5085606299212600E+01       35   1.0216000000000001E+00   5.1420313997602857E-03
      99   8.5085606299212600E+01       36   1.0515000000000001E+00   5.2629050929793144E-03
      99   8.5085606299212600E+01       37   1.0814000000000001E+00   5.1643690589644100E-03
      99   8.5085606299212600E+01       38   1.1113000000000002E+00   5.0309504130384205E-03
      99   8.5085606299212600E+01       39   1.1412000000000002E+00   5.0401184289817994E-03
      99   8.5085606299212600E+01       40   1.1711000000000000E+00   4.6752896177950694E-03
      99   8.5085606299212600E+01       41   1.2010000000000001E+00   4.3815475009627578E-03
      99   8.5085606299212600E+01       42   1.2309000000000001E+00   4.4682591126577681E-03
      99   8.5085606299212600E+01       43   1.2608000000000001E+00   4.3584900479396466E-03
      99   8.5085606299212600E+01       44   1.2907000000000002E+00   4.4239316054729980E-03
      99   8.5085606299212600E+01       45   1.3206000000000002E+00   3.9867372207256502E-03
      99   8.5085606299212600E+01       46   1.3505000000000000E+00   4.0182114478267529E-03
      99   8.5085606299212600E+01       47   1.3804000000000001E+00   4.0475581470892424E-03
      99   8.5085606299212600E+01       48   1.4103000000000001E+00   3.7479207971876697E-03
      99   8.5085606299212600E+01       49   1.4402000000000001E+00   3.7991727084768618E-03
      99   8.5085606299212600E+01       50   1.4701000000000002E+00   3.7354485007339787E-03
 
     100   8.5953826771653553E+01        1   5.0000000000000001E-03   1.7704237723093991E-01
     100   8.5953826771653553E+01        2   3.4900000000000000E-02   1.9647964405758869E-01
     100   8.5953826771653553E+01        3   6.4800000000000010E-02   2.5005379557625146E-01
     100   8.5953826771653553E+01        4   9.4700000000000006E-02   3.1131442236914814E-01
     100   8.5953826771653553E+01        5   1.2460000000000002E-01   3.1359503036403913E-01
     100   8.5953826771653553E+01        6   1.5450000000000003E-01   2.7392794471051840E-01
     100   8.5953826771653553E+01        7   1.8440000000000001E-01   2.6721427711374834E-01
     100   8.5953826771653553E+01        8   2.1430000000000002E-01   2.2888777383933040E-01
     100   8.5953826771653553E+01        9   2.4420000000000003E-01   1.5812438722501482E-01
     100   8.5953826771653553E+01       10   2.7410000000000001E-01   1.8182313045344892E-01
     100   8.5953826771653553E+01       11   3.0400000000000005E-01   2.0605983528686872E-01
     100   8.5953826771653553E+01       12   3.3390000000000003E-01   1.6105687726921217E-01
     100   8.5953826771653553E+01       13   3.6380000000000001E-01   1.4689802615155101E-01
     100   8.5953826771653553E+01       14   3.9370000000000005E-01   1.1587305647980210E-01
     100   8.5953826771653553E+01       15   4.2360000000000003E-01   7.8645316166860865E-02
     100   8.5953826771653553E+01       16   4.5350000000000007E-01   5.8444283246892006E-02
     100   8.5953826771653553E+01       17   4.8340000000000005E-01   3.1014223919349750E-02
     100   8.5953826771653553E+01       18   5.1330000000000009E-01   2.7618103945324577E-02
     100   8.5953826771653553E+01       19   5.4320000000000002E-01   2.6606546850635373E-02
     100   8.5953826771653553E+01       20   5.7310000000000005E-01   2.9145152212653774E-02
     100   8.5953826771653553E+01       21   6.0300000000000009E-01   2.4319736216083920E-02
     100   8.5953826771653553E+01       22   6.3290000000000002E-01   2.4506805763245175E-02
     100   8.5953826771653553E+01       23   6.6280000000000006E-01   2.2881291962755235E-02
     100   8.5953826771653553E+01       24   6.9270000000000009E-01   1.6349299531295072E-02
     100   8.5953826771653553E+01       25   7.2260000000000002E-01   9.0544925666313780E-03
     100   8.5953826771653553E+01       26   7.5250000000000006E-01   1.1352340236250582E-02
     100   8.5953826771653553E+01       27   7.8240000000000010E-01   1.2463169076901705E-02
     100   8.5953826771653553E+01       28   8.1230000000000013E-01   7.6687543506697500E-03
     100   8.5953826771653553E+01       29   8.4220000000000006E-01   8.3164461844375936E-03
     100   8.5953826771653553E+01       30   8.7210000000000010E-01   7.5923346939901215E-03
     100   8.5953826771653553E+01       31   9.0200000000000014E-01   5.3340704617909811E-03
     100   8.5953826771653553E+01       32   9.3190000000000006E-01   6.8312208613614351E-03
     100   8.5953826771653553E+01       33   9.6180000000000010E-01   5.5407476734936614E-03
     100   8.5953826771653553E+01       34   9.9170000000000014E-01   6.3839981089449365E-03
     100   8.5953826771653553E+01       35   1.0216000000000001E+00   5.3543316834861361E-03
     100   8.5953826771653553E+01       36   1.0515000000000001E+00   5.3981182654185148E-03
     100   8.5953826771653553E+01       37   1.0814000000000001E+00   5.3062213528151060E-03
     100   8.5953826771653553E+01       38   1.1113000000000002E+00   5.2967179443475119E-03
     100   8.5953826771653553E+01       39   1.1412000000000002E+00   5.4603358138078451E-03
     100   8.5953826771653553E+01       40   1.1711000000000000E+00   5.0956380617407744E-03
     100   8.5953826771653553E+01       41   1.2010000000000001E+00   4.6831425444655824E-03
     100   8.5953826771653553E+01       42   1.2309000000000001E+00   4.6945222486649398E-03
     100   8.5953826771653553E+01       43   1.2608000000000001E+00   4.5998318869529108E-03
     100   8.5953826771653553E+01       44   1.2907000000000002E+00   4.7265312061121976E-03
     100   8.5953826771653553E+01       45   1.3206000000000002E+00   4.2891338256557891E-03
     100   8.5953826771653553E+01       46   1.3505000000000000E+00   4.3075273690764589E-03
     100   8.5953826771653553E+01       47   1.3804000000000001E+00   4.3360131786988479E-03
     100   8.5953826771653553E+01       48   1.4103000000000001E+00   4.0171695214460982E-03
     100   8.5953826771653553E+01       49   1.4402000000000001E+00   4.0551686342919866E-03
     100   8.5953826771653553E+01       50   1.4701000000000002E+00   3.9822904996324364E-03
 
     101   8.6822047244094492E+01        1   5.0000000000000001E-03   1.7104901335587611E-01
     101   8.6822047244094492E+01        2   3.4900000000000000E-02   1.9349672858442973E-01
     101   8.6822047244094492E+01        3   6.4800000000000010E-02   2.5259335145568890E-01
     101   8.6822047244094492E+01        4   9.4700000000000006E-02   3.1800304905797633E-01
     101   8.6822047244094492E+01        5   1.2460000000000002E-01   3.2213486622337778E-01
     101   8.6822047244094492E+01        6   1.5450000000000003E-01   2.8347272863245948E-01
     101   8.6822047244094492E+01        7   1.8440000000000001E-01   2.7637712045940710E-01
     101   8.6822047244094492E+01        8   2.1430000000000002E-01   2.3692141710474018E-01
     101   8.6822047244094492E+01        9   2.4420000000000003E-01   1.6534667572640668E-01
     101   8.6822047244094492E+01       10   2.7410000000000001E-01   1.9092703387104046E-01
     101   8.6822047244094492E+01       11   3.0400000000000005E-01   2.1695107655196641E-01
     101   8.6822047244094492E+01       12   3.3390000000000003E-01   1.7167538980810276E-01
     101   8.6822047244094492E+01       13   3.6380000000000001E-01   1.5847280289424431E-01
     101   8.6822047244094492E+01       14   3.9370000000000005E-01   1.2731716956385841E-01
     101   8.6822047244094492E+01       15   4.2360000000000003E-01   8.7999853292106217E-02
     101   8.6822047244094492E+01       16   4.5350000000000007E-01   6.6173508680954479E-02
     101   8.6822047244094492E+01       17   4.8340000000000005E-01   3.6011086906036216E-02
     101   8.6822047244094492E+01       18   5.1330000000000009E-01   3.0903416569452682E-02
     101   8.6822047244094492E+01       19   5.4320000000000002E-01   2.8034392074596175E-02
     101   8.6822047244094492E+01       20   5.7310000000000005E-01   2.9731834145173299E-02
     101   8.6822047244094492E+01       21   6.0300000000000009E-01   2.4678806562944987E-02
     101   8.6822047244094492E+01       22   6.3290000000000002E-01   2.5279108890727011E-02
     101   8.6822047244094492E+01       23   6.6280000000000006E-01   2.4084807567436882E-02
     101   8.6822047244094492E+01       24   6.9270000000000009E-01   1.7714879602850557E-02
     101   8.6822047244094492E+01       25   7.2260000000000002E-01   1.0073656733515558E-02
     101   8.6822047244094492E+01       26   7.5250000000000006E-01   1.1904720276312198E-02
     101   8.6822047244094492E+01       27   7.8240000000000010E-01   1.2903783799429034E-02
     101   8.6822047244094492E+01       28   8.1230000000000013E-01   8.1549465102713371E-03
     101   8.6822047244094492E+01       29   8.4220000000000006E-01   8.9227411924224769E-03
     101   8.6822047244094492E+01       30   8.7210000000000010E-01   8.1507342242700623E-03
     101   8.6822047244094492E+01       31   9.0200000000000014E-01   5.6289277050646409E-03
     101   8.6822047244094492E+01       32   9.3190000000000006E-01   6.9714022547544318E-03
     101   8.6822047244094492E+01       33   9.6180000000000010E-01   5.6242590825019501E-03
     101   8.6822047244094492E+01       34   9.9170000000000014E-01   6.5588308001998160E-03
     101   8.6822047244094492E+01       35   1.0216000000000001E+00   5.6237679060743501E-03
     101   8.6822047244094492E+01       36   1.0515000000000001E+00   5.6330220214007697E-03
     101   8.6822047244094492E+01       37   1.0814000000000001E+00   5.4387996037902151E-03
     101   8.6822047244094492E+01       38   1.1113000000000002E+00   5.4156466181747905E-03
     101   8.6822047244094492E+01       39   1.1412000000000002E+00   5.6356425026534950E-03
     101   8.6822047244094492E+01       40   1.1711000000000000E+00   5.3948245173316579E-03
     101   8.6822047244094492E+01       41   1.2010000000000001E+00   4.9262100963189566E-03
     101   8.6822047244094492E+01       42   1.2309000000000001E+00   4.8382685855110994E-03
     101   8.6822047244094492E+01       43   1.2608000000000001E+00   4.6716013169254989E-03
     101   8.6822047244094492E+01       44   1.2907000000000002E+00   4.8121721015503003E-03
     101   8.6822047244094492E+01       45   1.3206000000000002E+00   4.4287840453345667E-03
     101   8.6822047244094492E+01       46   1.3505000000000000E+00   4.4572165748172502E-03
     101   8.6822047244094492E+01       47   1.3804000000000001E+00   4.4919293553353874E-03
     101   8.6822047244094492E+01       48   1.4103000000000001E+00   4.1525777044031037E-03
     101   8.6822047244094492E+01       49   1.4402000000000001E+00   4.1633678273169704E-03
     101   8.6822047244094492E+01       50   1.4701000000000002E+00   4.0760323945718425E-03
 
     102   8.7690267716535431E+01        1   5.0000000000000001E-03   1.5839900728802112E-01
     102   8.7690267716535431E+01        2   3.4900000000000000E-02   1.8279476378345133E-01
     102   8.7690267716535431E+01        3   6.4800000000000010E-02   2.4609561955255910E-01
     102   8.7690267716535431E+01        4   9.4700000000000006E-02   3.1590389881338782E-01
     102   8.7690267716535431E+01        5   1.2460000000000002E-01   3.2369392979550399E-01
     102   8.7690267716535431E+01        6   1.5450000000000003E-01   2.8755011795980828E-01
     102   8.7690267716535431E+01        7   1.8440000000000001E-01   2.8162979675894306E-01
     102   8.7690267716535431E+01        8   2.1430000000000002E-01   2.4261967011996677E-01
     102   8.7690267716535431E+01        9   2.4420000000000003E-01   1.7131147340399724E-01
     102   8.7690267716535431E+01       10   2.7410000000000001E-01   1.9900471574963588E-01
     102   8.7690267716535431E+01       11   3.0400000000000005E-01   2.2651479745475633E-01
     102   8.7690267716535431E+01       12   3.3390000000000003E-01   1.8180518864237855E-01
     102   8.7690267716535431E+01       13   3.6380000000000001E-01   1.7070533420503328E-01
     102   8.7690267716535431E+01       14   3.9370000000000005E-01   1.3937289502834749E-01
     102   8.7690267716535431E+01       15   4.2360000000000003E-01   9.8181799427225422E-02
     102   8.7690267716535431E+01       16   4.5350000000000007E-01   7.4853370905878722E-02
     102   8.7690267716535431E+01       17   4.8340000000000005E-01   4.2205949068832099E-02
     102   8.7690267716535431E+01       18   5.1330000000000009E-01   3.5616989154861896E-02
     102   8.7690267716535431E+01       19   5.4320000000000002E-01   3.0679609187155510E-02
     102   8.7690267716535431E+01       20   5.7310000000000005E-01   3.1196096864247815E-02
     102   8.7690267716535431E+01       21   6.0300000000000009E-01   2.5220189280563229E-02
     102   8.7690267716535431E+01       22   6.3290000000000002E-01   2.5810101161770883E-02
     102   8.7690267716535431E+01       23   6.6280000000000006E-01   2.4932590156900584E-02
     102   8.7690267716535431E+01       24   6.9270000000000009E-01   1.8837762305953500E-02
     102   8.7690267716535431E+01       25   7.2260000000000002E-01   1.1028055696698767E-02
     102   8.7690267716535431E+01       26   7.5250000000000006E-01   1.2498756630313208E-02
     102   8.7690267716535431E+01       27   7.8240000000000010E-01   1.3322995662729301E-02
     102   8.7690267716535431E+01       28   8.1230000000000013E-01   8.5698444714938857E-03
     102   8.7690267716535431E+01       29   8.4220000000000006E-01   9.3895149450075807E-03
     102   8.7690267716535431E+01       30   8.7210000000000010E-01   8.6908732616243420E-03
     102   8.7690267716535431E+01       31   9.0200000000000014E-01   6.0103088228379035E-03
     102   8.7690267716535431E+01       32   9.3190000000000006E-01   7.1710959040761271E-03
     102   8.7690267716535431E+01       33   9.6180000000000010E-01   5.6794420951724054E-03
     102   8.7690267716535431E+01       34   9.9170000000000014E-01   6.6617984627219910E-03
     102   8.7690267716535431E+01       35   1.0216000000000001E+00   5.8893382458006351E-03
     102   8.7690267716535431E+01       36   1.0515000000000001E+00   5.9180922134147960E-03
     102   8.7690267716535431E+01       37   1.0814000000000001E+00   5.5677651568426106E-03
     102   8.7690267716535431E+01       38   1.1113000000000002E+00   5.3729738424620893E-03
     102   8.7690267716535431E+01       39   1.1412000000000002E+00   5.4837645010617966E-03
     102   8.7690267716535431E+01       40   1.1711000000000000E+00   5.3600749957971238E-03
     102   8.7690267716535431E+01       41   1.2010000000000001E+00   4.9491584130951739E-03
     102   8.7690267716535431E+01       42   1.2309000000000001E+00   4.8324871300933206E-03
     102   8.7690267716535431E+01       43   1.2608000000000001E+00   4.5909581926258953E-03
     102   8.7690267716535431E+01       44   1.2907000000000002E+00   4.6751770107215079E-03
     102   8.7690267716535431E+01       45   1.3206000000000002E+00   4.3323907493671276E-03
     102   8.7690267716535431E+01       46   1.3505000000000000E+00   4.3777483453424351E-03
     102   8.7690267716535431E+01       47   1.3804000000000001E+00   4.4286466872054293E-03
     102   8.7690267716535431E+01       48   1.4103000000000001E+00   4.0873605355596322E-03
     102   8.7690267716535431E+01       49   1.4402000000000001E+00   4.0762483488460772E-03
     102   8.7690267716535431E+01       50   1.4701000000000002E+00   3.9742548886110970E-03
 
     103   8.8558488188976384E+01        1   5.0000000000000001E-03   1.4121027932902488E-01
     103   8.8558488188976384E+01        2   3.4900000000000000E-02   1.6624019878233770E-01
     103   8.8558488188976384E+01        3   6.4800000000000010E-02   2.3193479499149067E-01
     103   8.8558488188976384E+01        4   9.4700000000000006E-02   3.0630276102531334E-01
     103   8.8558488188976384E+01        5   1.2460000000000002E-01   3.1933855658247451E-01
     103   8.8558488188976384E+01        6   1.5450000000000003E-01   2.8650157720819186E-01
     103   8.8558488188976384E+01        7   1.8440000000000001E-01   2.8252220170919984E-01
     103   8.8558488188976384E+01        8   2.1430000000000002E-01   2.4510811187693138E-01
     103   8.8558488188976384E+01        9   2.4420000000000003E-01   1.7543446364484311E-01
     103   8.8558488188976384E+01       10   2.7410000000000001E-01   2.0569688954335022E-01
     103   8.8558488188976384E+01       11   3.0400000000000005E-01   2.3455184985209004E-01
     103   8.8558488188976384E+01       12   3.3390000000000003E-01   1.9067264043952062E-01
     103   8.8558488188976384E+01       13   3.6380000000000001E-01   1.8185475723224320E-01
     103   8.8558488188976384E+01       14   3.9370000000000005E-01   1.5025137751358650E-01
     103   8.8558488188976384E+01       15   4.2360000000000003E-01   1.0801741030597709E-01
     103   8.8558488188976384E+01       16   4.5350000000000007E-01   8.3749036851588424E-02
     103   8.8558488188976384E+01       17   4.8340000000000005E-01   4.9018844449058026E-02
     103   8.8558488188976384E+01       18   5.1330000000000009E-01   4.1213331533723092E-02
     103   8.8558488188976384E+01       19   5.4320000000000002E-01   3.4289493973382615E-02
     103   8.8558488188976384E+01       20   5.7310000000000005E-01   3.3605312630772016E-02
     103   8.8558488188976384E+01       21   6.0300000000000009E-01   2.6288123803848630E-02
     103   8.8558488188976384E+01       22   6.3290000000000002E-01   2.6458851583987329E-02
     103   8.8558488188976384E+01       23   6.6280000000000006E-01   2.5534457069332078E-02
     103   8.8558488188976384E+01       24   6.9270000000000009E-01   1.9598113958337469E-02
     103   8.8558488188976384E+01       25   7.2260000000000002E-01   1.1809041515342266E-02
     103   8.8558488188976384E+01       26   7.5250000000000006E-01   1.3178887539714504E-02
     103   8.8558488188976384E+01       27   7.8240000000000010E-01   1.3872498542084690E-02
     103   8.8558488188976384E+01       28   8.1230000000000013E-01   8.9833171337890955E-03
     103   8.8558488188976384E+01       29   8.4220000000000006E-01   9.6912146982667102E-03
     103   8.8558488188976384E+01       30   8.7210000000000010E-01   9.1183378172008563E-03
     103   8.8558488188976384E+01       31   9.0200000000000014E-01   6.4470978498827568E-03
     103   8.8558488188976384E+01       32   9.3190000000000006E-01   7.5051489995426367E-03
     103   8.8558488188976384E+01       33   9.6180000000000010E-01   5.8365646191115544E-03
     103   8.8558488188976384E+01       34   9.9170000000000014E-01   6.7709680428814532E-03
     103   8.8558488188976384E+01       35   1.0216000000000001E+00   6.1025945570305244E-03
     103   8.8558488188976384E+01       36   1.0515000000000001E+00   6.1951397132286486E-03
     103   8.8558488188976384E+01       37   1.0814000000000001E+00   5.7642298883265842E-03
     103   8.8558488188976384E+01       38   1.1113000000000002E+00   5.3733897916858125E-03
     103   8.8558488188976384E+01       39   1.1412000000000002E+00   5.2976568328867010E-03
     103   8.8558488188976384E+01       40   1.1711000000000000E+00   5.1506036145554952E-03
     103   8.8558488188976384E+01       41   1.2010000000000001E+00   4.8415061652394122E-03
     103   8.8558488188976384E+01       42   1.2309000000000001E+00   4.7793524395611147E-03
     103   8.8558488188976384E+01       43   1.2608000000000001E+00   4.5436391235322941E-03
     103   8.8558488188976384E+01       44   1.2907000000000002E+00   4.5631138466703169E-03
     103   8.8558488188976384E+01       45   1.3206000000000002E+00   4.1950246173908584E-03
     103   8.8558488188976384E+01       46   1.3505000000000000E+00   4.2282926896428340E-03
     103   8.8558488188976384E+01       47   1.3804000000000001E+00   4.2837542754749049E-03
     103   8.8558488188976384E+01       48   1.4103000000000001E+00   3.9629063157056808E-03
     103   8.8558488188976384E+01       49   1.4402000000000001E+00   3.9705402029992795E-03
     103   8.8558488188976384E+01       50   1.4701000000000002E+00   3.8743877488651018E-03
 
     104   8.9426708661417322E+01        1   5.0000000000000001E-03   1.2263670026233914E-01
     104   8.9426708661417322E+01        2   3.4900000000000000E-02   1.4719853640323075E-01
     104   8.9426708661417322E+01        3   6.4800000000000010E-02   2.1342711076957693E-01
     104   8.9426708661417322E+01        4   9.4700000000000006E-02   2.9154180020114118E-01
     104   8.9426708661417322E+01        5   1.2460000000000002E-01   3.0998333715064808E-01
     104   8.9426708661417322E+01        6   1.5450000000000003E-01   2.8078109808276785E-01
     104   8.9426708661417322E+01        7   1.8440000000000001E-01   2.7933904488105143E-01
     104   8.9426708661417322E+01        8   2.1430000000000002E-01   2.4434197661833662E-01
     104   8.9426708661417322E+01        9   2.4420000000000003E-01   1.7748251510602361E-01
     104   8.9426708661417322E+01       10   2.7410000000000001E-01   2.1090447790255401E-01
     104   8.9426708661417322E+01       11   3.0400000000000005E-01   2.4108677613162086E-01
     104   8.9426708661417322E+01       12   3.3390000000000003E-01   1.9777086630983087E-01
     104   8.9426708661417322E+01       13   3.6380000000000001E-01   1.9061138511616679E-01
     104   8.9426708661417322E+01       14   3.9370000000000005E-01   1.5859634378099169E-01
     104   8.9426708661417322E+01       15   4.2360000000000003E-01   1.1633681545526611E-01
     104   8.9426708661417322E+01       16   4.5350000000000007E-01   9.1806597855148678E-02
     104   8.9426708661417322E+01       17   4.8340000000000005E-01   5.5610816944592432E-02
     104   8.9426708661417322E+01       18   5.1330000000000009E-01   4.7004921438590391E-02
     104   8.9426708661417322E+01       19   5.4320000000000002E-01   3.8437289538484201E-02
     104   8.9426708661417322E+01       20   5.7310000000000005E-01   3.6787173982612081E-02
     104   8.9426708661417322E+01       21   6.0300000000000009E-01   2.8027157351971844E-02
     104   8.9426708661417322E+01       22   6.3290000000000002E-01   2.7467777120801600E-02
     104   8.9426708661417322E+01       23   6.6280000000000006E-01   2.6015962416845208E-02
     104   8.9426708661417322E+01       24   6.9270000000000009E-01   1.9968953278281191E-02
     104   8.9426708661417322E+01       25   7.2260000000000002E-01   1.2328276648143965E-02
     104   8.9426708661417322E+01       26   7.5250000000000006E-01   1.3883962305851375E-02
     104   8.9426708661417322E+01       27   7.8240000000000010E-01   1.4547676105066777E-02
     104   8.9426708661417322E+01       28   8.1230000000000013E-01   9.4092050642700636E-03
     104   8.9426708661417322E+01       29   8.4220000000000006E-01   9.8507506956344876E-03
     104   8.9426708661417322E+01       30   8.7210000000000010E-01   9.3650176147413895E-03
     104   8.9426708661417322E+01       31   9.0200000000000014E-01   6.8504523017351203E-03
     104   8.9426708661417322E+01       32   9.3190000000000006E-01   7.9358876372397115E-03
     104   8.9426708661417322E+01       33   9.6180000000000010E-01   6.1200809489076703E-03
     104   8.9426708661417322E+01       34   9.9170000000000014E-01   6.9183048815842745E-03
     104   8.9426708661417322E+01       35   1.0216000000000001E+00   6.2140296382524910E-03
     104   8.9426708661417322E+01       36   1.0515000000000001E+00   6.3868858993602140E-03
     104   8.9426708661417322E+01       37   1.0814000000000001E+00   6.0283466299540910E-03
     104   8.9426708661417322E+01       38   1.1113000000000002E+00   5.5967583428726880E-03
     104   8.9426708661417322E+01       39   1.1412000000000002E+00   5.4151391480955959E-03
     104   8.9426708661417322E+01       40   1.1711000000000000E+00   5.1082415519309345E-03
     104   8.9426708661417322E+01       41   1.2010000000000001E+00   4.8213383807698034E-03
     104   8.9426708661417322E+01       42   1.2309000000000001E+00   4.8164944309616901E-03
     104   8.9426708661417322E+01       43   1.2608000000000001E+00   4.6462929343667452E-03
     104   8.9426708661417322E+01       44   1.2907000000000002E+00   4.6579563020452876E-03
     104   8.9426708661417322E+01       45   1.3206000000000002E+00   4.2240734332752231E-03
     104   8.9426708661417322E+01       46   1.3505000000000000E+00   4.2123424825160731E-03
     104   8.9426708661417322E+01       47   1.3804000000000001E+00   4.2447187468222514E-03
     104   8.9426708661417322E+01       48   1.4103000000000001E+00   3.9424727819802642E-03
     104   8.9426708661417322E+01       49   1.4402000000000001E+00   4.0025276934010211E-03
     104   8.9426708661417322E+01       50   1.4701000000000002E+00   3.9365977221098494E-03
 
     105   9.0294929133858275E+01        1   5.0000000000000001E-03   1.0565431425084634E-01
     105   9.0294929133858275E+01        2   3.4900000000000000E-02   1.2902622713352702E-01
     105   9.0294929133858275E+01        3   6.4800000000000010E-02   1.9415681582342853E-01
     105   9.0294929133858275E+01        4   9.4700000000000006E-02   2.7408628251791117E-01
     105   9.0294929133858275E+01        5   1.2460000000000002E-01   2.9653657886052331E-01
     105   9.0294929133858275E+01        6   1.5450000000000003E-01   2.7111185476042682E-01
     105   9.0294929133858275E+01        7   1.8440000000000001E-01   2.7316422218935366E-01
     105   9.0294929133858275E+01        8   2.1430000000000002E-01   2.4138548021971351E-01
     105   9.0294929133858275E+01        9   2.4420000000000003E-01   1.7786251359674268E-01
     105   9.0294929133858275E+01       10   2.7410000000000001E-01   2.1454645845302212E-01
     105   9.0294929133858275E+01       11   3.0400000000000005E-01   2.4579762789848064E-01
     105   9.0294929133858275E+01       12   3.3390000000000003E-01   2.0266905277985023E-01
     105   9.0294929133858275E+01       13   3.6380000000000001E-01   1.9644670242748291E-01
     105   9.0294929133858275E+01       14   3.9370000000000005E-01   1.6386446508362565E-01
     105   9.0294929133858275E+01       15   4.2360000000000003E-01   1.2220836989575130E-01
     105   9.0294929133858275E+01       16   4.5350000000000007E-01   9.7829826735925038E-02
     105   9.0294929133858275E+01       17   4.8340000000000005E-01   6.1002768699703863E-02
     105   9.0294929133858275E+01       18   5.1330000000000009E-01   5.2247983356097205E-02
     105   9.0294929133858275E+01       19   5.4320000000000002E-01   4.2634889895830426E-02
     105   9.0294929133858275E+01       20   5.7310000000000005E-01   4.0395462034044358E-02
     105   9.0294929133858275E+01       21   6.0300000000000009E-01   3.0298336734878844E-02
     105   9.0294929133858275E+01       22   6.3290000000000002E-01   2.8826627280815153E-02
     105   9.0294929133858275E+01       23   6.6280000000000006E-01   2.6479562089589927E-02
     105   9.0294929133858275E+01       24   6.9270000000000009E-01   2.0073548578889634E-02
     105   9.0294929133858275E+01       25   7.2260000000000002E-01   1.2574544899520805E-02
     105   9.0294929133858275E+01       26   7.5250000000000006E-01   1.4454503507093756E-02
     105   9.0294929133858275E+01       27   7.8240000000000010E-01   1.5160427930152808E-02
     105   9.0294929133858275E+01       28   8.1230000000000013E-01   9.7804143757780730E-03
     105   9.0294929133858275E+01       29   8.4220000000000006E-01   9.9237373627213792E-03
     105   9.0294929133858275E+01       30   8.7210000000000010E-01   9.4462742976267836E-03
     105   9.0294929133858275E+01       31   9.0200000000000014E-01   7.1230556129062966E-03
     105   9.0294929133858275E+01       32   9.3190000000000006E-01   8.3093248368727220E-03
     105   9.0294929133858275E+01       33   9.6180000000000010E-01   6.4282648984753041E-03
     105   9.0294929133858275E+01       34   9.9170000000000014E-01   7.0819810245050345E-03
     105   9.0294929133858275E+01       35   1.0216000000000001E+00   6.2307365529965771E-03
     105   9.0294929133858275E+01       36   1.0515000000000001E+00   6.4426399082225397E-03
     105   9.0294929133858275E+01       37   1.0814000000000001E+00   6.2372472430713942E-03
     105   9.0294929133858275E+01       38   1.1113000000000002E+00   5.9637998437453146E-03
     105   9.0294929133858275E+01       39   1.1412000000000002E+00   5.8380467430228650E-03
     105   9.0294929133858275E+01       40   1.1711000000000000E+00   5.3806797258323536E-03
     105   9.0294929133858275E+01       41   1.2010000000000001E+00   4.9902708533141943E-03
     105   9.0294929133858275E+01       42   1.2309000000000001E+00   4.9557410429136714E-03
     105   9.0294929133858275E+01       43   1.2608000000000001E+00   4.8131864944582700E-03
     105   9.0294929133858275E+01       44   1.2907000000000002E+00   4.8666685307700783E-03
     105   9.0294929133858275E+01       45   1.3206000000000002E+00   4.4008396219583738E-03
     105   9.0294929133858275E+01       46   1.3505000000000000E+00   4.3551212342730376E-03
     105   9.0294929133858275E+01       47   1.3804000000000001E+00   4.3559802156902831E-03
     105   9.0294929133858275E+01       48   1.4103000000000001E+00   4.0427527051735542E-03
     105   9.0294929133858275E+01       49   1.4402000000000001E+00   4.1356432842727994E-03
     105   9.0294929133858275E+01       50   1.4701000000000002E+00   4.0970005048689391E-03
 
     106   9.1163149606299214E+01        1   5.0000000000000001E-03   9.2148301884484640E-02
     106   9.1163149606299214E+01        2   3.4900000000000000E-02   1.1389493610090327E-01
     106   9.1163149606299214E+01        3   6.4800000000000010E-02   1.7672446399989336E-01
     106   9.1163149606299214E+01        4   9.4700000000000006E-02   2.5631461900970914E-01
     106   9.1163149606299214E+01        5   1.2460000000000002E-01   2.8074032900859164E-01
     106   9.1163149606299214E+01        6   1.5450000000000003E-01   2.5888945642228117E-01
     106   9.1163149606299214E+01        7   1.8440000000000001E-01   2.6546922651414945E-01
     106   9.1163149606299214E+01        8   2.1430000000000002E-01   2.3775592712427340E-01
     106   9.1163149606299214E+01        9   2.4420000000000003E-01   1.7742517387443882E-01
     106   9.1163149606299214E+01       10   2.7410000000000001E-01   2.1666014075774770E-01
     106   9.1163149606299214E+01       11   3.0400000000000005E-01   2.4830768207188797E-01
     106   9.1163149606299214E+01       12   3.3390000000000003E-01   2.0517882574158650E-01
     106   9.1163149606299214E+01       13   3.6380000000000001E-01   1.9949603767283919E-01
     106   9.1163149606299214E+01       14   3.9370000000000005E-01   1.6617682655023308E-01
     106   9.1163149606299214E+01       15   4.2360000000000003E-01   1.2518259083105227E-01
     106   9.1163149606299214E+01       16   4.5350000000000007E-01   1.0100334661034473E-01
     106   9.1163149606299214E+01       17   4.8340000000000005E-01   6.4427198490841636E-02
     106   9.1163149606299214E+01       18   5.1330000000000009E-01   5.6279615304832394E-02
     106   9.1163149606299214E+01       19   5.4320000000000002E-01   4.6409170798789569E-02
     106   9.1163149606299214E+01       20   5.7310000000000005E-01   4.4018883528304582E-02
     106   9.1163149606299214E+01       21   6.0300000000000009E-01   3.2828373178869281E-02
     106   9.1163149606299214E+01       22   6.3290000000000002E-01   3.0431426772432338E-02
     106   9.1163149606299214E+01       23   6.6280000000000006E-01   2.7094082666597578E-02
     106   9.1163149606299214E+01       24   6.9270000000000009E-01   2.0177610242640542E-02
     106   9.1163149606299214E+01       25   7.2260000000000002E-01   1.2658114348819961E-02
     106   9.1163149606299214E+01       26   7.5250000000000006E-01   1.4770497394665431E-02
     106   9.1163149606299214E+01       27   7.8240000000000010E-01   1.5521584838989395E-02
     106   9.1163149606299214E+01       28   8.1230000000000013E-01   1.0032613082262892E-02
     106   9.1163149606299214E+01       29   8.4220000000000006E-01   1.0005895311025867E-02
     106   9.1163149606299214E+01       30   8.7210000000000010E-01   9.4818119040138097E-03
     106   9.1163149606299214E+01       31   9.0200000000000014E-01   7.2600126369751087E-03
     106   9.1163149606299214E+01       32   9.3190000000000006E-01   8.5198968322084297E-03
     106   9.1163149606299214E+01       33   9.6180000000000010E-01   6.6709896615456659E-03
     106   9.1163149606299214E+01       34   9.9170000000000014E-01   7.2658417821814397E-03
     106   9.1163149606299214E+01       35   1.0216000000000001E+00   6.2531727629099396E-03
     106   9.1163149606299214E+01       36   1.0515000000000001E+00   6.4065670173902084E-03
     106   9.1163149606299214E+01       37   1.0814000000000001E+00   6.2662184586222257E-03
     106   9.1163149606299214E+01       38   1.1113000000000002E+00   6.1981670184067025E-03
     106   9.1163149606299214E+01       39   1.1412000000000002E+00   6.2246742776489632E-03
     106   9.1163149606299214E+01       40   1.1711000000000000E+00   5.7715138176163226E-03
     106   9.1163149606299214E+01       41   1.2010000000000001E+00   5.2383839696653551E-03
     106   9.1163149606299214E+01       42   1.2309000000000001E+00   5.0908278780320507E-03
     106   9.1163149606299214E+01       43   1.2608000000000001E+00   4.8840668264448685E-03
     106   9.1163149606299214E+01       44   1.2907000000000002E+00   4.9661133916070969E-03
     106   9.1163149606299214E+01       45   1.3206000000000002E+00   4.5353372563963126E-03
     106   9.1163149606299214E+01       46   1.3505000000000000E+00   4.5071119064813720E-03
     106   9.1163149606299214E+01       47   1.3804000000000001E+00   4.5043756308459403E-03
     106   9.1163149606299214E+01       48   1.4103000000000001E+00   4.1534623559969629E-03
     106   9.1163149606299214E+01       49   1.4402000000000001E+00   4.2228719340028529E-03
     106   9.1163149606299214E+01       50   1.4701000000000002E+00   4.1767470453501635E-03
 
     107   9.2031370078740167E+01        1   5.0000000000000001E-03   8.3260865019070693E-02
     107   9.2031370078740167E+01        2   3.4900000000000000E-02   1.0306060248063544E-01
     107   9.2031370078740167E+01        3   6.4800000000000010E-02   1.6281004326282550E-01
     107   9.2031370078740167E+01        4   9.4700000000000006E-02   2.4054116947728554E-01
     107   9.2031370078740167E+01        5   1.2460000000000002E-01   2.6519279038893950E-01
     107   9.2031370078740167E+01        6   1.5450000000000003E-01   2.4613345515230742E-01
     107   9.2031370078740167E+01        7   1.8440000000000001E-01   2.5766828668807590E-01
     107   9.2031370078740167E+01        8   2.1430000000000002E-01   2.3454196881256648E-01
     107   9.2031370078740167E+01        9   2.4420000000000003E-01   1.7686327690201797E-01
     107   9.2031370078740167E+01       10   2.7410000000000001E-01   2.1745979098555224E-01
     107   9.2031370078740167E+01       11   3.0400000000000005E-01   2.4866104346671072E-01
     107   9.2031370078740167E+01       12   3.3390000000000003E-01   2.0546676175075970E-01
     107   9.2031370078740167E+01       13   3.6380000000000001E-01   2.0006715438085448E-01
     107   9.2031370078740167E+01       14   3.9370000000000005E-01   1.6580387964181764E-01
     107   9.2031370078740167E+01       15   4.2360000000000003E-01   1.2523518827812000E-01
     107   9.2031370078740167E+01       16   4.5350000000000007E-01   1.0112726119752437E-01
     107   9.2031370078740167E+01       17   4.8340000000000005E-01   6.5513103447937482E-02
     107   9.2031370078740167E+01       18   5.1330000000000009E-01   5.8569685014740594E-02
     107   9.2031370078740167E+01       19   5.4320000000000002E-01   4.9251577079424673E-02
     107   9.2031370078740167E+01       20   5.7310000000000005E-01   4.7160341816649798E-02
     107   9.2031370078740167E+01       21   6.0300000000000009E-01   3.5292238141816049E-02
     107   9.2031370078740167E+01       22   6.3290000000000002E-01   3.2172120909775809E-02
     107   9.2031370078740167E+01       23   6.6280000000000006E-01   2.8025474996138080E-02
     107   9.2031370078740167E+01       24   6.9270000000000009E-01   2.0509371499778491E-02
     107   9.2031370078740167E+01       25   7.2260000000000002E-01   1.2725748746942597E-02
     107   9.2031370078740167E+01       26   7.5250000000000006E-01   1.4812398870145151E-02
     107   9.2031370078740167E+01       27   7.8240000000000010E-01   1.5546648503904687E-02
     107   9.2031370078740167E+01       28   8.1230000000000013E-01   1.0117997548117494E-02
     107   9.2031370078740167E+01       29   8.4220000000000006E-01   1.0147443728635443E-02
     107   9.2031370078740167E+01       30   8.7210000000000010E-01   9.5726007962674674E-03
     107   9.2031370078740167E+01       31   9.0200000000000014E-01   7.3310454522152084E-03
     107   9.2031370078740167E+01       32   9.3190000000000006E-01   8.5892953033872236E-03
     107   9.2031370078740167E+01       33   9.6180000000000010E-01   6.8281778669536091E-03
     107   9.2031370078740167E+01       34   9.9170000000000014E-01   7.4752497731220922E-03
     107   9.2031370078740167E+01       35   1.0216000000000001E+00   6.3674655406743648E-03
     107   9.2031370078740167E+01       36   1.0515000000000001E+00   6.3785111279629431E-03
     107   9.2031370078740167E+01       37   1.0814000000000001E+00   6.1172166904462505E-03
     107   9.2031370078740167E+01       38   1.1113000000000002E+00   6.0991322616536989E-03
     107   9.2031370078740167E+01       39   1.1412000000000002E+00   6.2285263592517046E-03
     107   9.2031370078740167E+01       40   1.1711000000000000E+00   5.9333262289377230E-03
     107   9.2031370078740167E+01       41   1.2010000000000001E+00   5.3506827755190368E-03
     107   9.2031370078740167E+01       42   1.2309000000000001E+00   5.1115632123995220E-03
     107   9.2031370078740167E+01       43   1.2608000000000001E+00   4.8048888996983187E-03
     107   9.2031370078740167E+01       44   1.2907000000000002E+00   4.8649708064945956E-03
     107   9.2031370078740167E+01       45   1.3206000000000002E+00   4.4878300508970322E-03
     107   9.2031370078740167E+01       46   1.3505000000000000E+00   4.5076438000718174E-03
     107   9.2031370078740167E+01       47   1.3804000000000001E+00   4.5342686358598181E-03
     107   9.2031370078740167E+01       48   1.4103000000000001E+00   4.1534966891269140E-03
     107   9.2031370078740167E+01       49   1.4402000000000001E+00   4.1689965729093019E-03
     107   9.2031370078740167E+01       50   1.4701000000000002E+00   4.0827678325970253E-03
 
     108   9.2899590551181106E+01        1   5.0000000000000001E-03   8.0065824085150755E-02
     108   9.2899590551181106E+01        2   3.4900000000000000E-02   9.7656857766463420E-02
     108   9.2899590551181106E+01        3   6.4800000000000010E-02   1.5380047612575162E-01
     108   9.2899590551181106E+01        4   9.4700000000000006E-02   2.2879646810802726E-01
     108   9.2899590551181106E+01        5   1.2460000000000002E-01   2.5241054735690382E-01
     108   9.2899590551181106E+01        6   1.5450000000000003E-01   2.3493838647345486E-01
     108   9.2899590551181106E+01        7   1.8440000000000001E-01   2.5096844178948613E-01
     108   9.2899590551181106E+01        8   2.1430000000000002E-01   2.3216524691632784E-01
     108   9.2899590551181106E+01        9   2.4420000000000003E-01   1.7638072680386616E-01
     108   9.2899590551181106E+01       10   2.7410000000000001E-01   2.1724092123254149E-01
     108   9.2899590551181106E+01       11   3.0400000000000005E-01   2.4734974071923149E-01
     108   9.2899590551181106E+01       12   3.3390000000000003E-01   2.0394060720661372E-01
     108   9.2899590551181106E+01       13   3.6380000000000001E-01   1.9837324919211394E-01
     108   9.2899590551181106E+01       14   3.9370000000000005E-01   1.6295313244060980E-01
     108   9.2899590551181106E+01       15   4.2360000000000003E-01   1.2262233743346508E-01
     108   9.2899590551181106E+01       16   4.5350000000000007E-01   9.8491214991687115E-02
     108   9.2899590551181106E+01       17   4.8340000000000005E-01   6.4256246058750147E-02
     108   9.2899590551181106E+01       18   5.1330000000000009E-01   5.8762362743294244E-02
     108   9.2899590551181106E+01       19   5.4320000000000002E-01   5.0625019610503530E-02
     108   9.2899590551181106E+01       20   5.7310000000000005E-01   4.9231196752593770E-02
     108   9.2899590551181106E+01       21   6.0300000000000009E-01   3.7289985965753177E-02
     108   9.2899590551181106E+01       22   6.3290000000000002E-01   3.3852676597095545E-02
     108   9.2899590551181106E+01       23   6.6280000000000006E-01   2.9262970471282526E-02
     108   9.2899590551181106E+01       24   6.9270000000000009E-01   2.1106748682629663E-02
     108   9.2899590551181106E+01       25   7.2260000000000002E-01   1.2860468823794444E-02
     108   9.2899590551181106E+01       26   7.5250000000000006E-01   1.4630509864489468E-02
     108   9.2899590551181106E+01       27   7.8240000000000010E-01   1.5244275315224320E-02
     108   9.2899590551181106E+01       28   8.1230000000000013E-01   9.9785487785729529E-03
     108   9.2899590551181106E+01       29   8.4220000000000006E-01   1.0261322773695906E-02
     108   9.2899590551181106E+01       30   8.7210000000000010E-01   9.6724757629755194E-03
     108   9.2899590551181106E+01       31   9.0200000000000014E-01   7.3719952821037675E-03
     108   9.2899590551181106E+01       32   9.3190000000000006E-01   8.5875286909686856E-03
     108   9.2899590551181106E+01       33   9.6180000000000010E-01   6.8948433867477643E-03
     108   9.2899590551181106E+01       34   9.9170000000000014E-01   7.6378465322020040E-03
     108   9.2899590551181106E+01       35   1.0216000000000001E+00   6.5243352338978933E-03
     108   9.2899590551181106E+01       36   1.0515000000000001E+00   6.4036186489298949E-03
     108   9.2899590551181106E+01       37   1.0814000000000001E+00   5.9164039409190647E-03
     108   9.2899590551181106E+01       38   1.1113000000000002E+00   5.7423956684952270E-03
     108   9.2899590551181106E+01       39   1.1412000000000002E+00   5.8392359693395842E-03
     108   9.2899590551181106E+01       40   1.1711000000000000E+00   5.7114953837315244E-03
     108   9.2899590551181106E+01       41   1.2010000000000001E+00   5.2142742734929449E-03
     108   9.2899590551181106E+01       42   1.2309000000000001E+00   4.9961790311158711E-03
     108   9.2899590551181106E+01       43   1.2608000000000001E+00   4.6542653387639538E-03
     108   9.2899590551181106E+01       44   1.2907000000000002E+00   4.6718023752824293E-03
     108   9.2899590551181106E+01       45   1.3206000000000002E+00   4.2983049586291320E-03
     108   9.2899590551181106E+01       46   1.3505000000000000E+00   4.3346221082851957E-03
     108   9.2899590551181106E+01       47   1.3804000000000001E+00   4.3848976876735271E-03
     108   9.2899590551181106E+01       48   1.4103000000000001E+00   4.0076535021409216E-03
     108   9.2899590551181106E+01       49   1.4402000000000001E+00   3.9963524933880733E-03
     108   9.2899590551181106E+01       50   1.4701000000000002E+00   3.8778508994499025E-03
 
     109   9.3767811023622045E+01        1   5.0000000000000001E-03   8.3380374335617916E-02
     109   9.3767811023622045E+01        2   3.4900000000000000E-02   9.8690832775883752E-02
     109   9.3767811023622045E+01        3   6.4800000000000010E-02   1.5092913413296219E-01
     109   9.3767811023622045E+01        4   9.4700000000000006E-02   2.2252071460564848E-01
     109   9.3767811023622045E+01        5   1.2460000000000002E-01   2.4402224753253951E-01
     109   9.3767811023622045E+01        6   1.5450000000000003E-01   2.2691405399908540E-01
     109   9.3767811023622045E+01        7   1.8440000000000001E-01   2.4637675871215117E-01
     109   9.3767811023622045E+01        8   2.1430000000000002E-01   2.3078452023273197E-01
     109   9.3767811023622045E+01        9   2.4420000000000003E-01   1.7595401810791855E-01
     109   9.3767811023622045E+01       10   2.7410000000000001E-01   2.1633723297422194E-01
     109   9.3767811023622045E+01       11   3.0400000000000005E-01   2.4502881567017093E-01
     109   9.3767811023622045E+01       12   3.3390000000000003E-01   2.0112698965813136E-01
     109   9.3767811023622045E+01       13   3.6380000000000001E-01   1.9476341490350813E-01
     109   9.3767811023622045E+01       14   3.9370000000000005E-01   1.5806793488656709E-01
     109   9.3767811023622045E+01       15   4.2360000000000003E-01   1.1791539139103277E-01
     109   9.3767811023622045E+01       16   4.5350000000000007E-01   9.3723607313646540E-02
     109   9.3767811023622045E+01       17   4.8340000000000005E-01   6.0984679549037281E-02
     109   9.3767811023622045E+01       18   5.1330000000000009E-01   5.6824218110001157E-02
     109   9.3767811023622045E+01       19   5.4320000000000002E-01   5.0187687504859850E-02
     109   9.3767811023622045E+01       20   5.7310000000000005E-01   4.9749448257346701E-02
     109   9.3767811023622045E+01       21   6.0300000000000009E-01   3.8408012801088735E-02
     109   9.3767811023622045E+01       22   6.3290000000000002E-01   3.5162084940279122E-02
     109   9.3767811023622045E+01       23   6.6280000000000006E-01   3.0593034748019950E-02
     109   9.3767811023622045E+01       24   6.9270000000000009E-01   2.1858300595922791E-02
     109   9.3767811023622045E+01       25   7.2260000000000002E-01   1.3093801671415490E-02
     109   9.3767811023622045E+01       26   7.5250000000000006E-01   1.4346271174569334E-02
     109   9.3767811023622045E+01       27   7.8240000000000010E-01   1.4735641617156781E-02
     109   9.3767811023622045E+01       28   8.1230000000000013E-01   9.6133769302212645E-03
     109   9.3767811023622045E+01       29   8.4220000000000006E-01   1.0202749802156644E-02
     109   9.3767811023622045E+01       30   8.7210000000000010E-01   9.6490148034886723E-03
     109   9.3767811023622045E+01       31   9.0200000000000014E-01   7.3593297758977813E-03
     109   9.3767811023622045E+01       32   9.3190000000000006E-01   8.5645293963649057E-03
     109   9.3767811023622045E+01       33   9.6180000000000010E-01   6.8720112025885665E-03
     109   9.3767811023622045E+01       34   9.9170000000000014E-01   7.6629776663940472E-03
     109   9.3767811023622045E+01       35   1.0216000000000001E+00   6.6064688812766253E-03
     109   9.3767811023622045E+01       36   1.0515000000000001E+00   6.4554471640658698E-03
     109   9.3767811023622045E+01       37   1.0814000000000001E+00   5.8170946808626320E-03
     109   9.3767811023622045E+01       38   1.1113000000000002E+00   5.4293891593308920E-03
     109   9.3767811023622045E+01       39   1.1412000000000002E+00   5.4091999398804286E-03
     109   9.3767811023622045E+01       40   1.1711000000000000E+00   5.3212796966303280E-03
     109   9.3767811023622045E+01       41   1.2010000000000001E+00   4.9541158405489137E-03
     109   9.3767811023622045E+01       42   1.2309000000000001E+00   4.8385515588683725E-03
     109   9.3767811023622045E+01       43   1.2608000000000001E+00   4.5488913273045153E-03
     109   9.3767811023622045E+01       44   1.2907000000000002E+00   4.5571902936015311E-03
     109   9.3767811023622045E+01       45   1.3206000000000002E+00   4.1329334645544098E-03
     109   9.3767811023622045E+01       46   1.3505000000000000E+00   4.1288226083198067E-03
     109   9.3767811023622045E+01       47   1.3804000000000001E+00   4.1617159415414081E-03
     109   9.3767811023622045E+01       48   1.4103000000000001E+00   3.8067670843419266E-03
     109   9.3767811023622045E+01       49   1.4402000000000001E+00   3.8189418565299084E-03
     109   9.3767811023622045E+01       50   1.4701000000000002E+00   3.7129770236497940E-03
 
     110   9.4636031496062998E+01        1   5.0000000000000001E-03   9.3002198908478662E-02
     110   9.4636031496062998E+01        2   3.4900000000000000E-02   1.0631888914967680E-01
     110   9.4636031496062998E+01        3   6.4800000000000010E-02   1.5479356968920882E-01
     110   9.4636031496062998E+01        4   9.4700000000000006E-02   2.2240504911400300E-01
     110   9.4636031496062998E+01        5   1.2460000000000002E-01   2.4073231090429234E-01
     110   9.4636031496062998E+01        6   1.5450000000000003E-01   2.2297062005613502E-01
     110   9.4636031496062998E+01        7   1.8440000000000001E-01   2.4459250761617377E-01
     110   9.4636031496062998E+01        8   2.1430000000000002E-01   2.3061127423589314E-01
     110   9.4636031496062998E+01        9   2.4420000000000003E-01   1.7567760842725183E-01
     110   9.4636031496062998E+01       10   2.7410000000000001E-01   2.1510733374132374E-01
     110   9.4636031496062998E+01       11   3.0400000000000005E-01   2.4225105622119220E-01
     110   9.4636031496062998E+01       12   3.3390000000000003E-01   1.9758504656864573E-01
     110   9.4636031496062998E+01       13   3.6380000000000001E-01   1.8992148584892105E-01
     110   9.4636031496062998E+01       14   3.9370000000000005E-01   1.5200729804911253E-01
     110   9.4636031496062998E+01       15   4.2360000000000003E-01   1.1198810452857873E-01
     110   9.4636031496062998E+01       16   4.5350000000000007E-01   8.7675567538057192E-02
     110   9.4636031496062998E+01       17   4.8340000000000005E-01   5.6314109679515924E-02
     110   9.4636031496062998E+01       18   5.1330000000000009E-01   5.3132431467745544E-02
     110   9.4636031496062998E+01       19   5.4320000000000002E-01   4.8002934968701207E-02
     110   9.4636031496062998E+01       20   5.7310000000000005E-01   4.8559806048840443E-02
     110   9.4636031496062998E+01       21   6.0300000000000009E-01   3.8351232081980123E-02
     110   9.4636031496062998E+01       22   6.3290000000000002E-01   3.5753117602028942E-02
     110   9.4636031496062998E+01       23   6.6280000000000006E-01   3.1690677078160555E-02
     110   9.4636031496062998E+01       24   6.9270000000000009E-01   2.2577554121449604E-02
     110   9.4636031496062998E+01       25   7.2260000000000002E-01   1.3426519819470559E-02
     110   9.4636031496062998E+01       26   7.5250000000000006E-01   1.4144509888428285E-02
     110   9.4636031496062998E+01       27   7.8240000000000010E-01   1.4261657136703541E-02
     110   9.4636031496062998E+01       28   8.1230000000000013E-01   9.1580808757693172E-03
     110   9.4636031496062998E+01       29   8.4220000000000006E-01   9.9359280935402781E-03
     110   9.4636031496062998E+01       30   8.7210000000000010E-01   9.4392082645620469E-03
     110   9.4636031496062998E+01       31   9.0200000000000014E-01   7.2693075544036593E-03
     110   9.4636031496062998E+01       32   9.3190000000000006E-01   8.5477424094993933E-03
     110   9.4636031496062998E+01       33   9.6180000000000010E-01   6.8029206296002266E-03
     110   9.4636031496062998E+01       34   9.9170000000000014E-01   7.5693600909699727E-03
     110   9.4636031496062998E+01       35   1.0216000000000001E+00   6.5807965795029646E-03
     110   9.4636031496062998E+01       36   1.0515000000000001E+00   6.4997076983401413E-03
     110   9.4636031496062998E+01       37   1.0814000000000001E+00   5.8785778196729305E-03
     110   9.4636031496062998E+01       38   1.1113000000000002E+00   5.4109574846217560E-03
     110   9.4636031496062998E+01       39   1.1412000000000002E+00   5.3108654230304099E-03
     110   9.4636031496062998E+01       40   1.1711000000000000E+00   5.1390743842401705E-03
     110   9.4636031496062998E+01       41   1.2010000000000001E+00   4.8190467307584715E-03
     110   9.4636031496062998E+01       42   1.2309000000000001E+00   4.7730554789413597E-03
     110   9.4636031496062998E+01       43   1.2608000000000001E+00   4.5399928554387984E-03
     110   9.4636031496062998E+01       44   1.2907000000000002E+00   4.5817152268893191E-03
     110   9.4636031496062998E+01       45   1.3206000000000002E+00   4.1103403865860475E-03
     110   9.4636031496062998E+01       46   1.3505000000000000E+00   4.0505621124375330E-03
     110   9.4636031496062998E+01       47   1.3804000000000001E+00   4.0418617838122207E-03
     110   9.4636031496062998E+01       48   1.4103000000000001E+00   3.6983062251380269E-03
     110   9.4636031496062998E+01       49   1.4402000000000001E+00   3.7547110397562972E-03
     110   9.4636031496062998E+01       50   1.4701000000000002E+00   3.6964552124680366E-03
 
     111   9.5504251968503937E+01        1   5.0000000000000001E-03   1.0748087799045779E-01
     111   9.5504251968503937E+01        2   3.4900000000000000E-02   1.1944284953849026E-01
     111   9.5504251968503937E+01        3   6.4800000000000010E-02   1.6488664098980302E-01
     111   9.5504251968503937E+01        4   9.4700000000000006E-02   2.2833658067468687E-01
     111   9.5504251968503937E+01        5   1.2460000000000002E-01   2.4264893091592593E-01
     111   9.5504251968503937E+01        6   1.5450000000000003E-01   2.2337794904760919E-01
     111   9.5504251968503937E+01        7   1.8440000000000001E-01   2.4579875929453782E-01
     111   9.5504251968503937E+01        8   2.1430000000000002E-01   2.3173846015305377E-01
     111   9.5504251968503937E+01        9   2.4420000000000003E-01   1.7567480330146037E-01
     111   9.5504251968503937E+01       10   2.7410000000000001E-01   2.1376728555317681E-01
     111   9.5504251968503937E+01       11   3.0400000000000005E-01   2.3928067694850158E-01
     111   9.5504251968503937E+01       12   3.3390000000000003E-01   1.9371709391317804E-01
     111   9.5504251968503937E+01       13   3.6380000000000001E-01   1.8457489600820143E-01
     111   9.5504251968503937E+01       14   3.9370000000000005E-01   1.4567677393166983E-01
     111   9.5504251968503937E+01       15   4.2360000000000003E-01   1.0571446557601312E-01
     111   9.5504251968503937E+01       16   4.5350000000000007E-01   8.1204166796363678E-02
     111   9.5504251968503937E+01       17   4.8340000000000005E-01   5.0972527276923398E-02
     111   9.5504251968503937E+01       18   5.1330000000000009E-01   4.8321917943053037E-02
     111   9.5504251968503937E+01       19   5.4320000000000002E-01   4.4468179055693169E-02
     111   9.5504251968503937E+01       20   5.7310000000000005E-01   4.5821517642263145E-02
     111   9.5504251968503937E+01       21   6.0300000000000009E-01   3.6989909964233271E-02
     111   9.5504251968503937E+01       22   6.3290000000000002E-01   3.5306260207324837E-02
     111   9.5504251968503937E+01       23   6.6280000000000006E-01   3.2156129253770475E-02
     111   9.5504251968503937E+01       24   6.9270000000000009E-01   2.2964303707596848E-02
     111   9.5504251968503937E+01       25   7.2260000000000002E-01   1.3748314784802179E-02
     111   9.5504251968503937E+01       26   7.5250000000000006E-01   1.4146692286800381E-02
     111   9.5504251968503937E+01       27   7.8240000000000010E-01   1.4044092581116835E-02
     111   9.5504251968503937E+01       28   8.1230000000000013E-01   8.8103625610811490E-03
     111   9.5504251968503937E+01       29   8.4220000000000006E-01   9.5625280982481586E-03
     111   9.5504251968503937E+01       30   8.7210000000000010E-01   9.0867403691752592E-03
     111   9.5504251968503937E+01       31   9.0200000000000014E-01   7.0913983314126443E-03
     111   9.5504251968503937E+01       32   9.3190000000000006E-01   8.5140490874089196E-03
     111   9.5504251968503937E+01       33   9.6180000000000010E-01   6.7277084860557241E-03
     111   9.5504251968503937E+01       34   9.9170000000000014E-01   7.4561770141801653E-03
     111   9.5504251968503937E+01       35   1.0216000000000001E+00   6.5000800148615947E-03
     111   9.5504251968503937E+01       36   1.0515000000000001E+00   6.5050189102824098E-03
     111   9.5504251968503937E+01       37   1.0814000000000001E+00   5.9945015776525137E-03
     111   9.5504251968503937E+01       38   1.1113000000000002E+00   5.6271549311700322E-03
     111   9.5504251968503937E+01       39   1.1412000000000002E+00   5.5434930340991766E-03
     111   9.5504251968503937E+01       40   1.1711000000000000E+00   5.2830123960747209E-03
     111   9.5504251968503937E+01       41   1.2010000000000001E+00   4.8895121996117641E-03
     111   9.5504251968503937E+01       42   1.2309000000000001E+00   4.8202779504248998E-03
     111   9.5504251968503937E+01       43   1.2608000000000001E+00   4.5622458441309018E-03
     111   9.5504251968503937E+01       44   1.2907000000000002E+00   4.6376167702991819E-03
     111   9.5504251968503937E+01       45   1.3206000000000002E+00   4.1690841291570730E-03
     111   9.5504251968503937E+01       46   1.3505000000000000E+00   4.0946530680753867E-03
     111   9.5504251968503937E+01       47   1.3804000000000001E+00   4.0708444452276773E-03
     111   9.5504251968503937E+01       48   1.4103000000000001E+00   3.7263268097552471E-03
     111   9.5504251968503937E+01       49   1.4402000000000001E+00   3.8067994074109618E-03
     111   9.5504251968503937E+01       50   1.4701000000000002E+00   3.7842713156371970E-03
 
     112   9.6372472440944890E+01        1   5.0000000000000001E-03   1.2463325769586754E-01
     112   9.6372472440944890E+01        2   3.4900000000000000E-02   1.3604085246461106E-01
     112   9.6372472440944890E+01        3   6.4800000000000010E-02   1.7962776509663253E-01
     112   9.6372472440944890E+01        4   9.4700000000000006E-02   2.3937317223353677E-01
     112   9.6372472440944890E+01        5   1.2460000000000002E-01   2.4938275243345914E-01
     112   9.6372472440944890E+01        6   1.5450000000000003E-01   2.2786228221397320E-01
     112   9.6372472440944890E+01        7   1.8440000000000001E-01   2.4960484395859453E-01
     112   9.6372472440944890E+01        8   2.1430000000000002E-01   2.3386401702325996E-01
     112   9.6372472440944890E+01        9   2.4420000000000003E-01   1.7580374056339004E-01
     112   9.6372472440944890E+01       10   2.7410000000000001E-01   2.1221010087566997E-01
     112   9.6372472440944890E+01       11   3.0400000000000005E-01   2.3604130973386023E-01
     112   9.6372472440944890E+01       12   3.3390000000000003E-01   1.8961173195507533E-01
     112   9.6372472440944890E+01       13   3.6380000000000001E-01   1.7909341301793152E-01
     112   9.6372472440944890E+01       14   3.9370000000000005E-01   1.3958781649770013E-01
     112   9.6372472440944890E+01       15   4.2360000000000003E-01   9.9667052723237226E-02
     112   9.6372472440944890E+01       16   4.5350000000000007E-01   7.4976175285778476E-02
     112   9.6372472440944890E+01       17   4.8340000000000005E-01   4.5610642261761244E-02
     112   9.6372472440944890E+01       18   5.1330000000000009E-01   4.3060357325477486E-02
     112   9.6372472440944890E+01       19   5.4320000000000002E-01   4.0115397657708371E-02
     112   9.6372472440944890E+01       20   5.7310000000000005E-01   4.1892886849130902E-02
     112   9.6372472440944890E+01       21   6.0300000000000009E-01   3.4376221428483913E-02
     112   9.6372472440944890E+01       22   6.3290000000000002E-01   3.3614085517351802E-02
     112   9.6372472440944890E+01       23   6.6280000000000006E-01   3.1582850291342376E-02
     112   9.6372472440944890E+01       24   6.9270000000000009E-01   2.2628750886845798E-02
     112   9.6372472440944890E+01       25   7.2260000000000002E-01   1.3797556057127186E-02
     112   9.6372472440944890E+01       26   7.5250000000000006E-01   1.4277477015848338E-02
     112   9.6372472440944890E+01       27   7.8240000000000010E-01   1.4112888522676125E-02
     112   9.6372472440944890E+01       28   8.1230000000000013E-01   8.6800047593727139E-03
     112   9.6372472440944890E+01       29   8.4220000000000006E-01   9.2243969292165849E-03
     112   9.6372472440944890E+01       30   8.7210000000000010E-01   8.6882886475527291E-03
     112   9.6372472440944890E+01       31   9.0200000000000014E-01   6.8164558116846881E-03
     112   9.6372472440944890E+01       32   9.3190000000000006E-01   8.3769996531566481E-03
     112   9.6372472440944890E+01       33   9.6180000000000010E-01   6.6129649010660818E-03
     112   9.6372472440944890E+01       34   9.9170000000000014E-01   7.3642166273618888E-03
     112   9.6372472440944890E+01       35   1.0216000000000001E+00   6.3975397188262666E-03
     112   9.6372472440944890E+01       36   1.0515000000000001E+00   6.4330508232217590E-03
     112   9.6372472440944890E+01       37   1.0814000000000001E+00   5.9863592633909923E-03
     112   9.6372472440944890E+01       38   1.1113000000000002E+00   5.7695570893552661E-03
     112   9.6372472440944890E+01       39   1.1412000000000002E+00   5.7469977080257216E-03
     112   9.6372472440944890E+01       40   1.1711000000000000E+00   5.4827260920248333E-03
     112   9.6372472440944890E+01       41   1.2010000000000001E+00   4.9743826043899524E-03
     112   9.6372472440944890E+01       42   1.2309000000000001E+00   4.8440440171601488E-03
     112   9.6372472440944890E+01       43   1.2608000000000001E+00   4.4995955932995218E-03
     112   9.6372472440944890E+01       44   1.2907000000000002E+00   4.5754549393865395E-03
     112   9.6372472440944890E+01       45   1.3206000000000002E+00   4.1486131163960965E-03
     112   9.6372472440944890E+01       46   1.3505000000000000E+00   4.1100052299160132E-03
     112   9.6372472440944890E+01       47   1.3804000000000001E+00   4.1168768897960790E-03
     112   9.6372472440944890E+01       48   1.4103000000000001E+00   3.7801842975386459E-03
     112   9.6372472440944890E+01       49   1.4402000000000001E+00   3.8527871277115322E-03
     112   9.6372472440944890E+01       50   1.4701000000000002E+00   3.8205882934360569E-03
 
     113   9.7240692913385814E+01        1   5.0000000000000001E-03   1.4217041836190106E-01
     113   9.7240692913385814E+01        2   3.4900000000000000E-02   1.5379263201863522E-01
     113   9.7240692913385814E+01        3   6.4800000000000010E-02   1.9683554516628815E-01
     113   9.7240692913385814E+01        4   9.4700000000000006E-02   2.5388415801947123E-01
     113   9.7240692913385814E+01        5   1.2460000000000002E-01   2.5997798318240012E-01
     113   9.7240692913385814E+01        6   1.5450000000000003E-01   2.3570267149266086E-01
     113   9.7240692913385814E+01        7   1.8440000000000001E-01   2.5526761782805163E-01
     113   9.7240692913385814E+01        8   2.1430000000000002E-01   2.3638624048870918E-01
     113   9.7240692913385814E+01        9   2.4420000000000003E-01   1.7567626264111780E-01
     113   9.7240692913385814E+01       10   2.7410000000000001E-01   2.1013307215203567E-01
     113   9.7240692913385814E+01       11   3.0400000000000005E-01   2.3232757881821459E-01
     113   9.7240692913385814E+01       12   3.3390000000000003E-01   1.8518292399868486E-01
     113   9.7240692913385814E+01       13   3.6380000000000001E-01   1.7353791133728602E-01
     113   9.7240692913385814E+01       14   3.9370000000000005E-01   1.3390205023425414E-01
     113   9.7240692913385814E+01       15   4.2360000000000003E-01   9.4155632988749502E-02
     113   9.7240692913385814E+01       16   4.5350000000000007E-01   6.9473401821443556E-02
     113   9.7240692913385814E+01       17   4.8340000000000005E-01   4.0765946358019549E-02
     113   9.7240692913385814E+01       18   5.1330000000000009E-01   3.7982919222864071E-02
     113   9.7240692913385814E+01       19   5.4320000000000002E-01   3.5548696046128966E-02
     113   9.7240692913385814E+01       20   5.7310000000000005E-01   3.7332513434217104E-02
     113   9.7240692913385814E+01       21   6.0300000000000009E-01   3.0838856333779835E-02
     113   9.7240692913385814E+01       22   6.3290000000000002E-01   3.0760378717746461E-02
     113   9.7240692913385814E+01       23   6.6280000000000006E-01   2.9785560148367980E-02
     113   9.7240692913385814E+01       24   6.9270000000000009E-01   2.1316614664116988E-02
     113   9.7240692913385814E+01       25   7.2260000000000002E-01   1.3297394149822271E-02
     113   9.7240692913385814E+01       26   7.5250000000000006E-01   1.4300053887348707E-02
     113   9.7240692913385814E+01       27   7.8240000000000010E-01   1.4292853837975201E-02
     113   9.7240692913385814E+01       28   8.1230000000000013E-01   8.7376257320835263E-03
     113   9.7240692913385814E+01       29   8.4220000000000006E-01   9.0381344267184693E-03
     113   9.7240692913385814E+01       30   8.7210000000000010E-01   8.3771500375828568E-03
     113   9.7240692913385814E+01       31   9.0200000000000014E-01   6.4905640587917864E-03
     113   9.7240692913385814E+01       32   9.3190000000000006E-01   8.0898967416034497E-03
     113   9.7240692913385814E+01       33   9.6180000000000010E-01   6.4019001661220652E-03
     113   9.7240692913385814E+01       34   9.9170000000000014E-01   7.2472064720176237E-03
     113   9.7240692913385814E+01       35   1.0216000000000001E+00   6.2610545184905442E-03
     113   9.7240692913385814E+01       36   1.0515000000000001E+00   6.2877163275381715E-03
     113   9.7240692913385814E+01       37   1.0814000000000001E+00   5.8091809927630989E-03
     113   9.7240692913385814E+01       38   1.1113000000000002E+00   5.6375751853409775E-03
     113   9.7240692913385814E+01       39   1.1412000000000002E+00   5.6391639925127213E-03
     113   9.7240692913385814E+01       40   1.1711000000000000E+00   5.4295353776166091E-03
     113   9.7240692913385814E+01       41   1.2010000000000001E+00   4.8688477497157746E-03
     113   9.7240692913385814E+01       42   1.2309000000000001E+00   4.7253951129464121E-03
     113   9.7240692913385814E+01       43   1.2608000000000001E+00   4.3359574553094339E-03
     113   9.7240692913385814E+01       44   1.2907000000000002E+00   4.4002270700039771E-03
     113   9.7240692913385814E+01       45   1.3206000000000002E+00   4.0133413042208145E-03
     113   9.7240692913385814E+01       46   1.3505000000000000E+00   4.0260918706301468E-03
     113   9.7240692913385814E+01       47   1.3804000000000001E+00   4.0740330414128422E-03
     113   9.7240692913385814E+01       48   1.4103000000000001E+00   3.7563164841047077E-03
     113   9.7240692913385814E+01       49   1.4402000000000001E+00   3.8047054650119164E-03
     113   9.7240692913385814E+01       50   1.4701000000000002E+00   3.7289462761945350E-03
 
     114   9.8108913385826767E+01        1   5.0000000000000001E-03   1.5803814063357882E-01
     114   9.8108913385826767E+01        2   3.4900000000000000E-02   1.7053236165588481E-01
     114   9.8108913385826767E+01        3   6.4800000000000010E-02   2.1427201771126411E-01
     114   9.8108913385826767E+01        4   9.4700000000000006E-02   2.6991484881234801E-01
     114   9.8108913385826767E+01        5   1.2460000000000002E-01   2.7301671517843623E-01
     114   9.8108913385826767E+01        6   1.5450000000000003E-01   2.4586489528887009E-01
     114   9.8108913385826767E+01        7   1.8440000000000001E-01   2.6197306442748208E-01
     114   9.8108913385826767E+01        8   2.1430000000000002E-01   2.3874601578768206E-01
     114   9.8108913385826767E+01        9   2.4420000000000003E-01   1.7497214510977513E-01
     114   9.8108913385826767E+01       10   2.7410000000000001E-01   2.0736406814412872E-01
     114   9.8108913385826767E+01       11   3.0400000000000005E-01   2.2809462997474300E-01
     114   9.8108913385826767E+01       12   3.3390000000000003E-01   1.8044240829720812E-01
     114   9.8108913385826767E+01       13   3.6380000000000001E-01   1.6798259372877075E-01
     114   9.8108913385826767E+01       14   3.9370000000000005E-01   1.2872845382905063E-01
     114   9.8108913385826767E+01       15   4.2360000000000003E-01   8.9401606623149277E-02
     114   9.8108913385826767E+01       16   4.5350000000000007E-01   6.5046806222515130E-02
     114   9.8108913385826767E+01       17   4.8340000000000005E-01   3.6865619246229851E-02
     114   9.8108913385826767E+01       18   5.1330000000000009E-01   3.3681675283321673E-02
     114   9.8108913385826767E+01       19   5.4320000000000002E-01   3.1431229751867219E-02
     114   9.8108913385826767E+01       20   5.7310000000000005E-01   3.2889907169552243E-02
     114   9.8108913385826767E+01       21   6.0300000000000009E-01   2.7006333105533797E-02
     114   9.8108913385826767E+01       22   6.3290000000000002E-01   2.7220902123644176E-02
     114   9.8108913385826767E+01       23   6.6280000000000006E-01   2.6998623341978403E-02
     114   9.8108913385826767E+01       24   6.9270000000000009E-01   1.9124196004162358E-02
     114   9.8108913385826767E+01       25   7.2260000000000002E-01   1.2139702278336058E-02
     114   9.8108913385826767E+01       26   7.5250000000000006E-01   1.3965334516666518E-02
     114   9.8108913385826767E+01       27   7.8240000000000010E-01   1.4310363786010725E-02
     114   9.8108913385826767E+01       28   8.1230000000000013E-01   8.8451759868759718E-03
     114   9.8108913385826767E+01       29   8.4220000000000006E-01   9.0584720596682648E-03
     114   9.8108913385826767E+01       30   8.7210000000000010E-01   8.2874686923781020E-03
     114   9.8108913385826767E+01       31   9.0200000000000014E-01   6.2478401422219913E-03
     114   9.8108913385826767E+01       32   9.3190000000000006E-01   7.7506086804172590E-03
     114   9.8108913385826767E+01       33   9.6180000000000010E-01   6.1206206400707588E-03
     114   9.8108913385826767E+01       34   9.9170000000000014E-01   7.0622670403790765E-03
     114   9.8108913385826767E+01       35   1.0216000000000001E+00   6.0786883350478719E-03
     114   9.8108913385826767E+01       36   1.0515000000000001E+00   6.1329805927831547E-03
     114   9.8108913385826767E+01       37   1.0814000000000001E+00   5.6033167023229330E-03
     114   9.8108913385826767E+01       38   1.1113000000000002E+00   5.3586370038071086E-03
     114   9.8108913385826767E+01       39   1.1412000000000002E+00   5.3373428772693658E-03
     114   9.8108913385826767E+01       40   1.1711000000000000E+00   5.1622029325969175E-03
     114   9.8108913385826767E+01       41   1.2010000000000001E+00   4.6374019459350605E-03
     114   9.8108913385826767E+01       42   1.2309000000000001E+00   4.5387167969085859E-03
     114   9.8108913385826767E+01       43   1.2608000000000001E+00   4.2014081912523553E-03
     114   9.8108913385826767E+01       44   1.2907000000000002E+00   4.2829513580994088E-03
     114   9.8108913385826767E+01       45   1.3206000000000002E+00   3.9130452045203837E-03
     114   9.8108913385826767E+01       46   1.3505000000000000E+00   3.9586731405896244E-03
     114   9.8108913385826767E+01       47   1.3804000000000001E+00   4.0167022443458244E-03
     114   9.8108913385826767E+01       48   1.4103000000000001E+00   3.7072048296463078E-03
     114   9.8108913385826767E+01       49   1.4402000000000001E+00   3.7345993241607854E-03
     114   9.8108913385826767E+01       50   1.4701000000000002E+00   3.6193094823527509E-03
 
     115   9.8977133858267706E+01        1   5.0000000000000001E-03   1.7053730096306383E-01
     115   9.8977133858267706E+01        2   3.4900000000000000E-02   1.8443256854998230E-01
     115   9.8977133858267706E+01        3   6.4800000000000010E-02   2.2995291931134337E-01
     115   9.8977133858267706E+01        4   9.4700000000000006E-02   2.8554400920730716E-01
     115   9.8977133858267706E+01        5   1.2460000000000002E-01   2.8687936701402250E-01
     115   9.8977133858267706E+01        6   1.5450000000000003E-01   2.5712223105686016E-01
     115   9.8977133858267706E+01        7   1.8440000000000001E-01   2.6893289009312832E-01
     115   9.8977133858267706E+01        8   2.1430000000000002E-01   2.4060545248003090E-01
     115   9.8977133858267706E+01        9   2.4420000000000003E-01   1.7363426847178415E-01
     115   9.8977133858267706E+01       10   2.7410000000000001E-01   2.0399792718686632E-01
     115   9.8977133858267706E+01       11   3.0400000000000005E-01   2.2351937067325606E-01
     115   9.8977133858267706E+01       12   3.3390000000000003E-01   1.7557386789681745E-01
     115   9.8977133858267706E+01       13   3.6380000000000001E-01   1.6263689735292525E-01
     115   9.8977133858267706E+01       14   3.9370000000000005E-01   1.2421801149789653E-01
     115   9.8977133858267706E+01       15   4.2360000000000003E-01   8.5549323847145350E-02
     115   9.8977133858267706E+01       16   4.5350000000000007E-01   6.1857159809285758E-02
     115   9.8977133858267706E+01       17   4.8340000000000005E-01   3.4137903778229499E-02
     115   9.8977133858267706E+01       18   5.1330000000000009E-01   3.0582309108462317E-02
     115   9.8977133858267706E+01       19   5.4320000000000002E-01   2.8330730249639051E-02
     115   9.8977133858267706E+01       20   5.7310000000000005E-01   2.9299905021599869E-02
     115   9.8977133858267706E+01       21   6.0300000000000009E-01   2.3608667252790930E-02
     115   9.8977133858267706E+01       22   6.3290000000000002E-01   2.3715091818845388E-02
     115   9.8977133858267706E+01       23   6.6280000000000006E-01   2.3815176070344470E-02
     115   9.8977133858267706E+01       24   6.9270000000000009E-01   1.6486959238778388E-02
     115   9.8977133858267706E+01       25   7.2260000000000002E-01   1.0449965105988307E-02
     115   9.8977133858267706E+01       26   7.5250000000000006E-01   1.3129080644931002E-02
     115   9.8977133858267706E+01       27   7.8240000000000010E-01   1.3901997387316694E-02
     115   9.8977133858267706E+01       28   8.1230000000000013E-01   8.7900786244683848E-03
     115   9.8977133858267706E+01       29   8.4220000000000006E-01   9.2060318455602849E-03
     115   9.8977133858267706E+01       30   8.7210000000000010E-01   8.4270029595668386E-03
     115   9.8977133858267706E+01       31   9.0200000000000014E-01   6.2052682338883764E-03
     115   9.8977133858267706E+01       32   9.3190000000000006E-01   7.5345522393249244E-03
     115   9.8977133858267706E+01       33   9.6180000000000010E-01   5.8779320761564178E-03
     115   9.8977133858267706E+01       34   9.9170000000000014E-01   6.8282050785276422E-03
     115   9.8977133858267706E+01       35   1.0216000000000001E+00   5.8554175548873053E-03
     115   9.8977133858267706E+01       36   1.0515000000000001E+00   6.0088394401691123E-03
     115   9.8977133858267706E+01       37   1.0814000000000001E+00   5.5039522793772387E-03
     115   9.8977133858267706E+01       38   1.1113000000000002E+00   5.1973880956116530E-03
     115   9.8977133858267706E+01       39   1.1412000000000002E+00   5.1687762403006907E-03
     115   9.8977133858267706E+01       40   1.1711000000000000E+00   4.9917070502702166E-03
     115   9.8977133858267706E+01       41   1.2010000000000001E+00   4.5359877954986921E-03
     115   9.8977133858267706E+01       42   1.2309000000000001E+00   4.4808578669984249E-03
     115   9.8977133858267706E+01       43   1.2608000000000001E+00   4.2323567482863778E-03
     115   9.8977133858267706E+01       44   1.2907000000000002E+00   4.3561003472504644E-03
     115   9.8977133858267706E+01       45   1.3206000000000002E+00   3.9847528957457825E-03
     115   9.8977133858267706E+01       46   1.3505000000000000E+00   4.0341901554011728E-03
     115   9.8977133858267706E+01       47   1.3804000000000001E+00   4.0722873790522314E-03
     115   9.8977133858267706E+01       48   1.4103000000000001E+00   3.7514946651696387E-03
     115   9.8977133858267706E+01       49   1.4402000000000001E+00   3.7708458676203112E-03
     115   9.8977133858267706E+01       50   1.4701000000000002E+00   3.6464732923454624E-03
 
     116   9.9845354330708645E+01        1   5.0000000000000001E-03   1.7837455103860198E-01
     116   9.9845354330708645E+01        2   3.4900000000000000E-02   1.9403325369466279E-01
     116   9.9845354330708645E+01        3   6.4800000000000010E-02   2.4218809593318316E-01
     116   9.9845354330708645E+01        4   9.4700000000000006E-02   2.9901274941343059E-01
     116   9.9845354330708645E+01        5   1.2460000000000002E-01   2.9992474780956180E-01
     116   9.9845354330708645E+01        6   1.5450000000000003E-01   2.6812445071153462E-01
     116   9.9845354330708645E+01        7   1.8440000000000001E-01   2.7533253338247599E-01
     116   9.9845354330708645E+01        8   2.1430000000000002E-01   2.4176400017767469E-01
     116   9.9845354330708645E+01        9   2.4420000000000003E-01   1.7178289163825763E-01
     116   9.9845354330708645E+01       10   2.7410000000000001E-01   2.0027465928165034E-01
     116   9.9845354330708645E+01       11   3.0400000000000005E-01   2.1888240145524776E-01
     116   9.9845354330708645E+01       12   3.3390000000000003E-01   1.7084789381436566E-01
     116   9.9845354330708645E+01       13   3.6380000000000001E-01   1.5776588912462947E-01
     116   9.9845354330708645E+01       14   3.9370000000000005E-01   1.2050265323558355E-01
     116   9.9845354330708645E+01       15   4.2360000000000003E-01   8.2625422850872474E-02
     116   9.9845354330708645E+01       16   4.5350000000000007E-01   5.9849896284432554E-02
     116   9.9845354330708645E+01       17   4.8340000000000005E-01   3.2562228786747534E-02
     116   9.9845354330708645E+01       18   5.1330000000000009E-01   2.8821886492596430E-02
     116   9.9845354330708645E+01       19   5.4320000000000002E-01   2.6526748616552118E-02
     116   9.9845354330708645E+01       20   5.7310000000000005E-01   2.7024575907039588E-02
     116   9.9845354330708645E+01       21   6.0300000000000009E-01   2.1210442033801923E-02
     116   9.9845354330708645E+01       22   6.3290000000000002E-01   2.0941123678150774E-02
     116   9.9845354330708645E+01       23   6.6280000000000006E-01   2.0955456184374697E-02
     116   9.9845354330708645E+01       24   6.9270000000000009E-01   1.4018261242370517E-02
     116   9.9845354330708645E+01       25   7.2260000000000002E-01   8.5569050532208150E-03
     116   9.9845354330708645E+01       26   7.5250000000000006E-01   1.1834962348628760E-02
     116   9.9845354330708645E+01       27   7.8240000000000010E-01   1.2949387651921475E-02
     116   9.9845354330708645E+01       28   8.1230000000000013E-01   8.3748005460328387E-03
     116   9.9845354330708645E+01       29   8.4220000000000006E-01   9.2571154625024459E-03
     116   9.9845354330708645E+01       30   8.7210000000000010E-01   8.6040220685661695E-03
     116   9.9845354330708645E+01       31   9.0200000000000014E-01   6.3276950504064528E-03
     116   9.9845354330708645E+01       32   9.3190000000000006E-01   7.5305638150091302E-03
     116   9.9845354330708645E+01       33   9.6180000000000010E-01   5.7745366982204626E-03
     116   9.9845354330708645E+01       34   9.9170000000000014E-01   6.6198145988290262E-03
     116   9.9845354330708645E+01       35   1.0216000000000001E+00   5.6266975779410214E-03
     116   9.9845354330708645E+01       36   1.0515000000000001E+00   5.8867810454379344E-03
     116   9.9845354330708645E+01       37   1.0814000000000001E+00   5.4851443346736481E-03
     116   9.9845354330708645E+01       38   1.1113000000000002E+00   5.2348853341268519E-03
     116   9.9845354330708645E+01       39   1.1412000000000002E+00   5.2583489750727104E-03
     116   9.9845354330708645E+01       40   1.1711000000000000E+00   5.0988150872504339E-03
     116   9.9845354330708645E+01       41   1.2010000000000001E+00   4.6896616916092216E-03
     116   9.9845354330708645E+01       42   1.2309000000000001E+00   4.6444275354277260E-03
     116   9.9845354330708645E+01       43   1.2608000000000001E+00   4.4256317807758027E-03
     116   9.9845354330708645E+01       44   1.2907000000000002E+00   4.5694893284982194E-03
     116   9.9845354330708645E+01       45   1.3206000000000002E+00   4.1832576260671670E-03
     116   9.9845354330708645E+01       46   1.3505000000000000E+00   4.2088124391045489E-03
     116   9.9845354330708645E+01       47   1.3804000000000001E+00   4.2235297499617821E-03
     116   9.9845354330708645E+01       48   1.4103000000000001E+00   3.8888226558752188E-03
     116   9.9845354330708645E+01       49   1.4402000000000001E+00   3.9104027911868516E-03
     116   9.9845354330708645E+01       50   1.4701000000000002E+00   3.8049727945633311E-03
 
     117   1.0071357480314960E+02        1   5.0000000000000001E-03   1.8076899143771868E-01
     117   1.0071357480314960E+02        2   3.4900000000000000E-02   1.9832860921377124E-01
     117   1.0071357480314960E+02        3   6.4800000000000010E-02   2.4963572006596782E-01
     117   1.0071357480314960E+02        4   9.4700000000000006E-02   3.0879468563979501E-01
     117   1.0071357480314960E+02        5   1.2460000000000002E-01   3.1061453784977600E-01
     117   1.0071357480314960E+02        6   1.5450000000000003E-01   2.7751929248414603E-01
     117   1.0071357480314960E+02        7   1.8440000000000001E-01   2.8036367296686904E-01
     117   1.0071357480314960E+02        8   2.1430000000000002E-01   2.4207018865954477E-01
     117   1.0071357480314960E+02        9   2.4420000000000003E-01   1.6959513441882360E-01
     117   1.0071357480314960E+02       10   2.7410000000000001E-01   1.9649387566435356E-01
     117   1.0071357480314960E+02       11   3.0400000000000005E-01   2.1454288198684229E-01
     117   1.0071357480314960E+02       12   3.3390000000000003E-01   1.6662420060391381E-01
     117   1.0071357480314960E+02       13   3.6380000000000001E-01   1.5369495617576623E-01
     117   1.0071357480314960E+02       14   3.9370000000000005E-01   1.1774114794019322E-01
     117   1.0071357480314960E+02       15   4.2360000000000003E-01   8.0642864474753689E-02
     117   1.0071357480314960E+02       16   4.5350000000000007E-01   5.8895213747047558E-02
     117   1.0071357480314960E+02       17   4.8340000000000005E-01   3.1979561150046056E-02
     117   1.0071357480314960E+02       18   5.1330000000000009E-01   2.8291836871441343E-02
     117   1.0071357480314960E+02       19   5.4320000000000002E-01   2.5982970043911948E-02
     117   1.0071357480314960E+02       20   5.7310000000000005E-01   2.6169793076712838E-02
     117   1.0071357480314960E+02       21   6.0300000000000009E-01   2.0082022849817940E-02
     117   1.0071357480314960E+02       22   6.3290000000000002E-01   1.9391327177256838E-02
     117   1.0071357480314960E+02       23   6.6280000000000006E-01   1.9052108917198940E-02
     117   1.0071357480314960E+02       24   6.9270000000000009E-01   1.2329505049820505E-02
     117   1.0071357480314960E+02       25   7.2260000000000002E-01   6.9250461365371260E-03
     117   1.0071357480314960E+02       26   7.5250000000000006E-01   1.0381664557414544E-02
     117   1.0071357480314960E+02       27   7.8240000000000010E-01   1.1632001365388334E-02
     117   1.0071357480314960E+02       28   8.1230000000000013E-01   7.5817947890755074E-03
     117   1.0071357480314960E+02       29   8.4220000000000006E-01   9.0005184560705744E-03
     117   1.0071357480314960E+02       30   8.7210000000000010E-01   8.5571353288620856E-03
     117   1.0071357480314960E+02       31   9.0200000000000014E-01   6.4425270851758681E-03
     117   1.0071357480314960E+02       32   9.3190000000000006E-01   7.6736009226555995E-03
     117   1.0071357480314960E+02       33   9.6180000000000010E-01   5.8375036660779228E-03
     117   1.0071357480314960E+02       34   9.9170000000000014E-01   6.5439325037288075E-03
     117   1.0071357480314960E+02       35   1.0216000000000001E+00   5.4924020715560757E-03
     117   1.0071357480314960E+02       36   1.0515000000000001E+00   5.7665184611542910E-03
     117   1.0071357480314960E+02       37   1.0814000000000001E+00   5.4585864374467417E-03
     117   1.0071357480314960E+02       38   1.1113000000000002E+00   5.3361554237299456E-03
     117   1.0071357480314960E+02       39   1.1412000000000002E+00   5.4278308956279969E-03
     117   1.0071357480314960E+02       40   1.1711000000000000E+00   5.3342941714445338E-03
     117   1.0071357480314960E+02       41   1.2010000000000001E+00   4.9421390545759799E-03
     117   1.0071357480314960E+02       42   1.2309000000000001E+00   4.9107868935791216E-03
     117   1.0071357480314960E+02       43   1.2608000000000001E+00   4.6488836901146611E-03
     117   1.0071357480314960E+02       44   1.2907000000000002E+00   4.7695137092903794E-03
     117   1.0071357480314960E+02       45   1.3206000000000002E+00   4.3582314814456929E-03
     117   1.0071357480314960E+02       46   1.3505000000000000E+00   4.3414556763956219E-03
     117   1.0071357480314960E+02       47   1.3804000000000001E+00   4.3406721610938729E-03
     117   1.0071357480314960E+02       48   1.4103000000000001E+00   4.0022171625661391E-03
     117   1.0071357480314960E+02       49   1.4402000000000001E+00   4.0245051977629634E-03
     117   1.0071357480314960E+02       50   1.4701000000000002E+00   3.9428356277256072E-03
 
     118   1.0158179527559054E+02        1   5.0000000000000001E-03   1.7764819282042990E-01
     118   1.0158179527559054E+02        2   3.4900000000000000E-02   1.9699639470871125E-01
     118   1.0158179527559054E+02        3   6.4800000000000010E-02   2.5155474007435441E-01
     118   1.0158179527559054E+02        4   9.4700000000000006E-02   3.1382267980053891E-01
     118   1.0158179527559054E+02        5   1.2460000000000002E-01   3.1771900231016637E-01
     118   1.0158179527559054E+02        6   1.5450000000000003E-01   2.8417610904627771E-01
     118   1.0158179527559054E+02        7   1.8440000000000001E-01   2.8339686952208315E-01
     118   1.0158179527559054E+02        8   2.1430000000000002E-01   2.4146742941577298E-01
     118   1.0158179527559054E+02        9   2.4420000000000003E-01   1.6730356987609526E-01
     118   1.0158179527559054E+02       10   2.7410000000000001E-01   1.9304900698710009E-01
     118   1.0158179527559054E+02       11   3.0400000000000005E-01   2.1098215432498577E-01
     118   1.0158179527559054E+02       12   3.3390000000000003E-01   1.6338947120306818E-01
     118   1.0158179527559054E+02       13   3.6380000000000001E-01   1.5085952491729504E-01
     118   1.0158179527559054E+02       14   3.9370000000000005E-01   1.1619345042926689E-01
     118   1.0158179527559054E+02       15   4.2360000000000003E-01   7.9712109679172000E-02
     118   1.0158179527559054E+02       16   4.5350000000000007E-01   5.8921904541153161E-02
     118   1.0158179527559054E+02       17   4.8340000000000005E-01   3.2224993908896944E-02
     118   1.0158179527559054E+02       18   5.1330000000000009E-01   2.8756862558750065E-02
     118   1.0158179527559054E+02       19   5.4320000000000002E-01   2.6439347829389309E-02
     118   1.0158179527559054E+02       20   5.7310000000000005E-01   2.6533451897468210E-02
     118   1.0158179527559054E+02       21   6.0300000000000009E-01   2.0173889336259850E-02
     118   1.0158179527559054E+02       22   6.3290000000000002E-01   1.9229967586101900E-02
     118   1.0158179527559054E+02       23   6.6280000000000006E-01   1.8451524619555841E-02
     118   1.0158179527559054E+02       24   6.9270000000000009E-01   1.1815111436916220E-02
     118   1.0158179527559054E+02       25   7.2260000000000002E-01   6.0020396209095727E-03
     118   1.0158179527559054E+02       26   7.5250000000000006E-01   9.2579229304637113E-03
     118   1.0158179527559054E+02       27   7.8240000000000010E-01   1.0418251190687703E-02
     118   1.0158179527559054E+02       28   8.1230000000000013E-01   6.6535334449505171E-03
     118   1.0158179527559054E+02       29   8.4220000000000006E-01   8.4297252715691343E-03
     118   1.0158179527559054E+02       30   8.7210000000000010E-01   8.1673643032364532E-03
     118   1.0158179527559054E+02       31   9.0200000000000014E-01   6.3723066260763291E-03
     118   1.0158179527559054E+02       32   9.3190000000000006E-01   7.7916352270196026E-03
     118   1.0158179527559054E+02       33   9.6180000000000010E-01   5.9886595269872667E-03
     118   1.0158179527559054E+02       34   9.9170000000000014E-01   6.6554429082008992E-03
     118   1.0158179527559054E+02       35   1.0216000000000001E+00   5.5570123141636882E-03
     118   1.0158179527559054E+02       36   1.0515000000000001E+00   5.7387553907709459E-03
     118   1.0158179527559054E+02       37   1.0814000000000001E+00   5.4380737427953242E-03
     118   1.0158179527559054E+02       38   1.1113000000000002E+00   5.3747347694826459E-03
     118   1.0158179527559054E+02       39   1.1412000000000002E+00   5.4609743672642506E-03
     118   1.0158179527559054E+02       40   1.1711000000000000E+00   5.4161722391393380E-03
     118   1.0158179527559054E+02       41   1.2010000000000001E+00   5.0218992713515261E-03
     118   1.0158179527559054E+02       42   1.2309000000000001E+00   5.0477316405754492E-03
     118   1.0158179527559054E+02       43   1.2608000000000001E+00   4.7412382145950865E-03
     118   1.0158179527559054E+02       44   1.2907000000000002E+00   4.8343120067813779E-03
     118   1.0158179527559054E+02       45   1.3206000000000002E+00   4.4117587877107187E-03
     118   1.0158179527559054E+02       46   1.3505000000000000E+00   4.3641591650017920E-03
     118   1.0158179527559054E+02       47   1.3804000000000001E+00   4.3554217491629764E-03
     118   1.0158179527559054E+02       48   1.4103000000000001E+00   4.0185742986167004E-03
     118   1.0158179527559054E+02       49   1.4402000000000001E+00   4.0313111664883779E-03
     118   1.0158179527559054E+02       50   1.4701000000000002E+00   3.9536887330156850E-03
 
     119   1.0245001574803149E+02        1   5.0000000000000001E-03   1.6976482016911132E-01
     119   1.0245001574803149E+02        2   3.4900000000000000E-02   1.9056820360912199E-01
     119   1.0245001574803149E+02        3   6.4800000000000010E-02   2.4804934172038001E-01
     119   1.0245001574803149E+02        4   9.4700000000000006E-02   3.1375183282932706E-01
     119   1.0245001574803149E+02        5   1.2460000000000002E-01   3.2055950180237813E-01
     119   1.0245001574803149E+02        6   1.5450000000000003E-01   2.8741478738007187E-01
     119   1.0245001574803149E+02        7   1.8440000000000001E-01   2.8415255931886546E-01
     119   1.0245001574803149E+02        8   2.1430000000000002E-01   2.4007454856123334E-01
     119   1.0245001574803149E+02        9   2.4420000000000003E-01   1.6521750888675618E-01
     119   1.0245001574803149E+02       10   2.7410000000000001E-01   1.9041014513099835E-01
     119   1.0245001574803149E+02       11   3.0400000000000005E-01   2.0873626819053612E-01
     119   1.0245001574803149E+02       12   3.3390000000000003E-01   1.6166678308150140E-01
     119   1.0245001574803149E+02       13   3.6380000000000001E-01   1.4972185732788540E-01
     119   1.0245001574803149E+02       14   3.9370000000000005E-01   1.1616056973889284E-01
     119   1.0245001574803149E+02       15   4.2360000000000003E-01   8.0007331354694317E-02
     119   1.0245001574803149E+02       16   4.5350000000000007E-01   5.9917707810297309E-02
     119   1.0245001574803149E+02       17   4.8340000000000005E-01   3.3163652991201935E-02
     119   1.0245001574803149E+02       18   5.1330000000000009E-01   2.9924926577563366E-02
     119   1.0245001574803149E+02       19   5.4320000000000002E-01   2.7500044074752390E-02
     119   1.0245001574803149E+02       20   5.7310000000000005E-01   2.7676191857785522E-02
     119   1.0245001574803149E+02       21   6.0300000000000009E-01   2.1127184162855799E-02
     119   1.0245001574803149E+02       22   6.3290000000000002E-01   2.0211350243959779E-02
     119   1.0245001574803149E+02       23   6.6280000000000006E-01   1.9046558139423953E-02
     119   1.0245001574803149E+02       24   6.9270000000000009E-01   1.2455717321878864E-02
     119   1.0245001574803149E+02       25   7.2260000000000002E-01   6.0054468223441201E-03
     119   1.0245001574803149E+02       26   7.5250000000000006E-01   8.8964751600759569E-03
     119   1.0245001574803149E+02       27   7.8240000000000010E-01   9.8145694398490239E-03
     119   1.0245001574803149E+02       28   8.1230000000000013E-01   5.9684051126271502E-03
     119   1.0245001574803149E+02       29   8.4220000000000006E-01   7.7703880053214981E-03
     119   1.0245001574803149E+02       30   8.7210000000000010E-01   7.5471543332945278E-03
     119   1.0245001574803149E+02       31   9.0200000000000014E-01   6.0451221560567092E-03
     119   1.0245001574803149E+02       32   9.3190000000000006E-01   7.6919017263303736E-03
     119   1.0245001574803149E+02       33   9.6180000000000010E-01   6.0446906246486316E-03
     119   1.0245001574803149E+02       34   9.9170000000000014E-01   6.8365105556267144E-03
     119   1.0245001574803149E+02       35   1.0216000000000001E+00   5.7684042758973904E-03
     119   1.0245001574803149E+02       36   1.0515000000000001E+00   5.8601734881136890E-03
     119   1.0245001574803149E+02       37   1.0814000000000001E+00   5.5033886506705579E-03
     119   1.0245001574803149E+02       38   1.1113000000000002E+00   5.3723295510794185E-03
     119   1.0245001574803149E+02       39   1.1412000000000002E+00   5.3530092367432410E-03
     119   1.0245001574803149E+02       40   1.1711000000000000E+00   5.2436581790084305E-03
     119   1.0245001574803149E+02       41   1.2010000000000001E+00   4.8201463612839350E-03
     119   1.0245001574803149E+02       42   1.2309000000000001E+00   4.9096743912846255E-03
     119   1.0245001574803149E+02       43   1.2608000000000001E+00   4.6144306504645478E-03
     119   1.0245001574803149E+02       44   1.2907000000000002E+00   4.7176563370618261E-03
     119   1.0245001574803149E+02       45   1.3206000000000002E+00   4.3279684301081251E-03
     119   1.0245001574803149E+02       46   1.3505000000000000E+00   4.2982332259078795E-03
     119   1.0245001574803149E+02       47   1.3804000000000001E+00   4.3025117584453466E-03
     119   1.0245001574803149E+02       48   1.4103000000000001E+00   3.9752474884417162E-03
     119   1.0245001574803149E+02       49   1.4402000000000001E+00   3.9794074850754676E-03
     119   1.0245001574803149E+02       50   1.4701000000000002E+00   3.8852032102404581E-03
 
     120   1.0331823622047243E+02        1   5.0000000000000001E-03   1.5852527238443387E-01
     120   1.0331823622047243E+02        2   3.4900000000000000E-02   1.8029237773279194E-01
     120   1.0331823622047243E+02        3   6.4800000000000010E-02   2.4000795382207260E-01
     120   1.0331823622047243E+02        4   9.4700000000000006E-02   3.0898873234156615E-01
     120   1.0331823622047243E+02        5   1.2460000000000002E-01   3.1910422647841014E-01
     120   1.0331823622047243E+02        6   1.5450000000000003E-01   2.8710200978356315E-01
     120   1.0331823622047243E+02        7   1.8440000000000001E-01   2.8274685120521353E-01
     120   1.0331823622047243E+02        8   2.1430000000000002E-01   2.3819478568539876E-01
     120   1.0331823622047243E+02        9   2.4420000000000003E-01   1.6368685050831316E-01
     120   1.0331823622047243E+02       10   2.7410000000000001E-01   1.8901924815600590E-01
     120   1.0331823622047243E+02       11   3.0400000000000005E-01   2.0826523788755844E-01
     120   1.0331823622047243E+02       12   3.3390000000000003E-01   1.6188404217654118E-01
     120   1.0331823622047243E+02       13   3.6380000000000001E-01   1.5064951960062192E-01
     120   1.0331823622047243E+02       14   3.9370000000000005E-01   1.1790069228135339E-01
     120   1.0331823622047243E+02       15   4.2360000000000003E-01   8.1712551488007698E-02
     120   1.0331823622047243E+02       16   4.5350000000000007E-01   6.1925620113392629E-02
     120   1.0331823622047243E+02       17   4.8340000000000005E-01   3.4727568801777575E-02
     120   1.0331823622047243E+02       18   5.1330000000000009E-01   3.1539784140389111E-02
     120   1.0331823622047243E+02       19   5.4320000000000002E-01   2.8773795455321285E-02
     120   1.0331823622047243E+02       20   5.7310000000000005E-01   2.9093549706413382E-02
     120   1.0331823622047243E+02       21   6.0300000000000009E-01   2.2426035560869969E-02
     120   1.0331823622047243E+02       22   6.3290000000000002E-01   2.1788179740389133E-02
     120   1.0331823622047243E+02       23   6.6280000000000006E-01   2.0335676874797141E-02
     120   1.0331823622047243E+02       24   6.9270000000000009E-01   1.3846220626409098E-02
     120   1.0331823622047243E+02       25   7.2260000000000002E-01   6.8341546094636005E-03
     120   1.0331823622047243E+02       26   7.5250000000000006E-01   9.4417082494600776E-03
     120   1.0331823622047243E+02       27   7.8240000000000010E-01   1.0086514251555226E-02
     120   1.0331823622047243E+02       28   8.1230000000000013E-01   5.8354745870620528E-03
     120   1.0331823622047243E+02       29   8.4220000000000006E-01   7.3563728334226077E-03
     120   1.0331823622047243E+02       30   8.7210000000000010E-01   6.9914232170709655E-03
     120   1.0331823622047243E+02       31   9.0200000000000014E-01   5.5557931182764683E-03
     120   1.0331823622047243E+02       32   9.3190000000000006E-01   7.2985909349097102E-03
     120   1.0331823622047243E+02       33   9.6180000000000010E-01   5.8377433824350258E-03
     120   1.0331823622047243E+02       34   9.9170000000000014E-01   6.8393120232139891E-03
     120   1.0331823622047243E+02       35   1.0216000000000001E+00   5.8946945527033334E-03
     120   1.0331823622047243E+02       36   1.0515000000000001E+00   6.0226755689030157E-03
     120   1.0331823622047243E+02       37   1.0814000000000001E+00   5.6481508345408177E-03
     120   1.0331823622047243E+02       38   1.1113000000000002E+00   5.4222567104162261E-03
     120   1.0331823622047243E+02       39   1.1412000000000002E+00   5.2880990409519563E-03
     120   1.0331823622047243E+02       40   1.1711000000000000E+00   5.0047783813637918E-03
     120   1.0331823622047243E+02       41   1.2010000000000001E+00   4.5247608193866714E-03
     120   1.0331823622047243E+02       42   1.2309000000000001E+00   4.6033062742621891E-03
     120   1.0331823622047243E+02       43   1.2608000000000001E+00   4.3547441556007049E-03
     120   1.0331823622047243E+02       44   1.2907000000000002E+00   4.4832287622924025E-03
     120   1.0331823622047243E+02       45   1.3206000000000002E+00   4.1546195833197042E-03
     120   1.0331823622047243E+02       46   1.3505000000000000E+00   4.1907844519839506E-03
     120   1.0331823622047243E+02       47   1.3804000000000001E+00   4.2429490380779559E-03
     120   1.0331823622047243E+02       48   1.4103000000000001E+00   3.9512313139244588E-03
     120   1.0331823622047243E+02       49   1.4402000000000001E+00   3.9748092267365941E-03
     120   1.0331823622047243E+02       50   1.4701000000000002E+00   3.8741839875512728E-03
 
     121   1.0418645669291338E+02        1   5.0000000000000001E-03   1.4561360492761111E-01
     121   1.0418645669291338E+02        2   3.4900000000000000E-02   1.6777308623749490E-01
     121   1.0418645669291338E+02        3   6.4800000000000010E-02   2.2880061464792470E-01
     121   1.0418645669291338E+02        4   9.4700000000000006E-02   3.0049724527280697E-01
     121   1.0418645669291338E+02        5   1.2460000000000002E-01   3.1388259729342660E-01
     121   1.0418645669291338E+02        6   1.5450000000000003E-01   2.8359758151165737E-01
     121   1.0418645669291338E+02        7   1.8440000000000001E-01   2.7961940021293602E-01
     121   1.0418645669291338E+02        8   2.1430000000000002E-01   2.3624987867239794E-01
     121   1.0418645669291338E+02        9   2.4420000000000003E-01   1.6304330008147275E-01
     121   1.0418645669291338E+02       10   2.7410000000000001E-01   1.8922003786802238E-01
     121   1.0418645669291338E+02       11   3.0400000000000005E-01   2.0989592824217887E-01
     121   1.0418645669291338E+02       12   3.3390000000000003E-01   1.6433013523025153E-01
     121   1.0418645669291338E+02       13   3.6380000000000001E-01   1.5388327841420490E-01
     121   1.0418645669291338E+02       14   3.9370000000000005E-01   1.2161220119718519E-01
     121   1.0418645669291338E+02       15   4.2360000000000003E-01   8.5020588202367187E-02
     121   1.0418645669291338E+02       16   4.5350000000000007E-01   6.5075602161563134E-02
     121   1.0418645669291338E+02       17   4.8340000000000005E-01   3.6982577103776448E-02
     121   1.0418645669291338E+02       18   5.1330000000000009E-01   3.3518089387955030E-02
     121   1.0418645669291338E+02       19   5.4320000000000002E-01   3.0081194028117063E-02
     121   1.0418645669291338E+02       20   5.7310000000000005E-01   3.0489981806158681E-02
     121   1.0418645669291338E+02       21   6.0300000000000009E-01   2.3691303320518234E-02
     121   1.0418645669291338E+02       22   6.3290000000000002E-01   2.3426623800577907E-02
     121   1.0418645669291338E+02       23   6.6280000000000006E-01   2.1744486125075783E-02
     121   1.0418645669291338E+02       24   6.9270000000000009E-01   1.5465452488986470E-02
     121   1.0418645669291338E+02       25   7.2260000000000002E-01   8.1772573757221620E-03
     121   1.0418645669291338E+02       26   7.5250000000000006E-01   1.0708798540235159E-02
     121   1.0418645669291338E+02       27   7.8240000000000010E-01   1.1156797216675762E-02
     121   1.0418645669291338E+02       28   8.1230000000000013E-01   6.3617837807686210E-03
     121   1.0418645669291338E+02       29   8.4220000000000006E-01   7.4684890309706879E-03
     121   1.0418645669291338E+02       30   8.7210000000000010E-01   6.8489034699963612E-03
     121   1.0418645669291338E+02       31   9.0200000000000014E-01   5.1685513196712690E-03
     121   1.0418645669291338E+02       32   9.3190000000000006E-01   6.7883035296342339E-03
     121   1.0418645669291338E+02       33   9.6180000000000010E-01   5.4149657724849457E-03
     121   1.0418645669291338E+02       34   9.9170000000000014E-01   6.5408596989011136E-03
     121   1.0418645669291338E+02       35   1.0216000000000001E+00   5.7490760556041685E-03
     121   1.0418645669291338E+02       36   1.0515000000000001E+00   6.0405923722411676E-03
     121   1.0418645669291338E+02       37   1.0814000000000001E+00   5.7537026240189141E-03
     121   1.0418645669291338E+02       38   1.1113000000000002E+00   5.5491058891911308E-03
     121   1.0418645669291338E+02       39   1.1412000000000002E+00   5.4206514279327937E-03
     121   1.0418645669291338E+02       40   1.1711000000000000E+00   4.9914056086698480E-03
     121   1.0418645669291338E+02       41   1.2010000000000001E+00   4.4730976691197350E-03
     121   1.0418645669291338E+02       42   1.2309000000000001E+00   4.4534372177120847E-03
     121   1.0418645669291338E+02       43   1.2608000000000001E+00   4.2346483253873036E-03
     121   1.0418645669291338E+02       44   1.2907000000000002E+00   4.3475454335795798E-03
     121   1.0418645669291338E+02       45   1.3206000000000002E+00   4.0419298065586034E-03
     121   1.0418645669291338E+02       46   1.3505000000000000E+00   4.1367699044663215E-03
     121   1.0418645669291338E+02       47   1.3804000000000001E+00   4.2454531697998605E-03
     121   1.0418645669291338E+02       48   1.4103000000000001E+00   4.0070919083109082E-03
     121   1.0418645669291338E+02       49   1.4402000000000001E+00   4.0815718153932711E-03
     121   1.0418645669291338E+02       50   1.4701000000000002E+00   4.0105985527866279E-03
 
     122   1.0505467716535432E+02        1   5.0000000000000001E-03   1.3267579965594711E-01
     122   1.0505467716535432E+02        2   3.4900000000000000E-02   1.5466290911252914E-01
     122   1.0505467716535432E+02        3   6.4800000000000010E-02   2.1600784095122599E-01
     122   1.0505467716535432E+02        4   9.4700000000000006E-02   2.8959060566890021E-01
     122   1.0505467716535432E+02        5   1.2460000000000002E-01   3.0583724244259480E-01
     122   1.0505467716535432E+02        6   1.5450000000000003E-01   2.7762429608396377E-01
     122   1.0505467716535432E+02        7   1.8440000000000001E-01   2.7539032231583616E-01
     122   1.0505467716535432E+02        8   2.1430000000000002E-01   2.3464784998356081E-01
     122   1.0505467716535432E+02        9   2.4420000000000003E-01   1.6351529950076607E-01
     122   1.0505467716535432E+02       10   2.7410000000000001E-01   1.9120125151927506E-01
     122   1.0505467716535432E+02       11   3.0400000000000005E-01   2.1374683789896609E-01
     122   1.0505467716535432E+02       12   3.3390000000000003E-01   1.6907048364106542E-01
     122   1.0505467716535432E+02       13   3.6380000000000001E-01   1.5944570204512634E-01
     122   1.0505467716535432E+02       14   3.9370000000000005E-01   1.2731564363980583E-01
     122   1.0505467716535432E+02       15   4.2360000000000003E-01   9.0012169367505265E-02
     122   1.0505467716535432E+02       16   4.5350000000000007E-01   6.9470466042681187E-02
     122   1.0505467716535432E+02       17   4.8340000000000005E-01   4.0061644312057249E-02
     122   1.0505467716535432E+02       18   5.1330000000000009E-01   3.5955292164805253E-02
     122   1.0505467716535432E+02       19   5.4320000000000002E-01   3.1530455683326970E-02
     122   1.0505467716535432E+02       20   5.7310000000000005E-01   3.1909629404461105E-02
     122   1.0505467716535432E+02       21   6.0300000000000009E-01   2.4862696817000481E-02
     122   1.0505467716535432E+02       22   6.3290000000000002E-01   2.4862068972745757E-02
     122   1.0505467716535432E+02       23   6.6280000000000006E-01   2.2928398799623943E-02
     122   1.0505467716535432E+02       24   6.9270000000000009E-01   1.6933297319545491E-02
     122   1.0505467716535432E+02       25   7.2260000000000002E-01   9.6766785637438669E-03
     122   1.0505467716535432E+02       26   7.5250000000000006E-01   1.2285387831782945E-02
     122   1.0505467716535432E+02       27   7.8240000000000010E-01   1.2651135063443774E-02
     122   1.0505467716535432E+02       28   8.1230000000000013E-01   7.3967924147031114E-03
     122   1.0505467716535432E+02       29   8.4220000000000006E-01   8.1688373102540672E-03
     122   1.0505467716535432E+02       30   8.7210000000000010E-01   7.3106549251251299E-03
     122   1.0505467716535432E+02       31   9.0200000000000014E-01   5.1743364342081806E-03
     122   1.0505467716535432E+02       32   9.3190000000000006E-01   6.5213211160393110E-03
     122   1.0505467716535432E+02       33   9.6180000000000010E-01   5.0663188954376140E-03
     122   1.0505467716535432E+02       34   9.9170000000000014E-01   6.1175145365353206E-03
     122   1.0505467716535432E+02       35   1.0216000000000001E+00   5.4016640415904564E-03
     122   1.0505467716535432E+02       36   1.0515000000000001E+00   5.8498926638108828E-03
     122   1.0505467716535432E+02       37   1.0814000000000001E+00   5.7056552019938613E-03
     122   1.0505467716535432E+02       38   1.1113000000000002E+00   5.6582770022641921E-03
     122   1.0505467716535432E+02       39   1.1412000000000002E+00   5.6853343264013558E-03
     122   1.0505467716535432E+02       40   1.1711000000000000E+00   5.2845505321070900E-03
     122   1.0505467716535432E+02       41   1.2010000000000001E+00   4.8057200355532308E-03
     122   1.0505467716535432E+02       42   1.2309000000000001E+00   4.6994709213083775E-03
     122   1.0505467716535432E+02       43   1.2608000000000001E+00   4.4862032557020639E-03
     122   1.0505467716535432E+02       44   1.2907000000000002E+00   4.5423963566312469E-03
     122   1.0505467716535432E+02       45   1.3206000000000002E+00   4.1824097132541638E-03
     122   1.0505467716535432E+02       46   1.3505000000000000E+00   4.2685877834657297E-03
     122   1.0505467716535432E+02       47   1.3804000000000001E+00   4.3842274199515485E-03
     122   1.0505467716535432E+02       48   1.4103000000000001E+00   4.1631257836822607E-03
     122   1.0505467716535432E+02       49   1.4402000000000001E+00   4.2740876153841371E-03
     122   1.0505467716535432E+02       50   1.4701000000000002E+00   4.2434220493339616E-03
 
     123   1.0592289763779526E+02        1   5.0000000000000001E-03   1.2117284511880602E-01
     123   1.0592289763779526E+02        2   3.4900000000000000E-02   1.4251381127807594E-01
     123   1.0592289763779526E+02        3   6.4800000000000010E-02   2.0327368636728704E-01
     123   1.0592289763779526E+02        4   9.4700000000000006E-02   2.7779117540171028E-01
     123   1.0592289763779526E+02        5   1.2460000000000002E-01   2.9618885093937813E-01
     123   1.0592289763779526E+02        6   1.5450000000000003E-01   2.7013092082980233E-01
     123   1.0592289763779526E+02        7   1.8440000000000001E-01   2.7071688157509460E-01
     123   1.0592289763779526E+02        8   2.1430000000000002E-01   2.3365506242354409E-01
     123   1.0592289763779526E+02        9   2.4420000000000003E-01   1.6512849090158271E-01
     123   1.0592289763779526E+02       10   2.7410000000000001E-01   1.9488536984321764E-01
     123   1.0592289763779526E+02       11   3.0400000000000005E-01   2.1956823357414468E-01
     123   1.0592289763779526E+02       12   3.3390000000000003E-01   1.7576591358796137E-01
     123   1.0592289763779526E+02       13   3.6380000000000001E-01   1.6694091925952251E-01
     123   1.0592289763779526E+02       14   3.9370000000000005E-01   1.3462847873064918E-01
     123   1.0592289763779526E+02       15   4.2360000000000003E-01   9.6417355398244947E-02
     123   1.0592289763779526E+02       16   4.5350000000000007E-01   7.4942589023736683E-02
     123   1.0592289763779526E+02       17   4.8340000000000005E-01   4.3954701048251964E-02
     123   1.0592289763779526E+02       18   5.1330000000000009E-01   3.8947001669006588E-02
     123   1.0592289763779526E+02       19   5.4320000000000002E-01   3.3362443467937111E-02
     123   1.0592289763779526E+02       20   5.7310000000000005E-01   3.3600191308625259E-02
     123   1.0592289763779526E+02       21   6.0300000000000009E-01   2.6125964687433542E-02
     123   1.0592289763779526E+02       22   6.3290000000000002E-01   2.6119673350690983E-02
     123   1.0592289763779526E+02       23   6.6280000000000006E-01   2.3854075205690578E-02
     123   1.0592289763779526E+02       24   6.9270000000000009E-01   1.8109560459284451E-02
     123   1.0592289763779526E+02       25   7.2260000000000002E-01   1.1041422105827812E-02
     123   1.0592289763779526E+02       26   7.5250000000000006E-01   1.3685313602885106E-02
     123   1.0592289763779526E+02       27   7.8240000000000010E-01   1.4038408995146303E-02
     123   1.0592289763779526E+02       28   8.1230000000000013E-01   8.5638870212806292E-03
     123   1.0592289763779526E+02       29   8.4220000000000006E-01   9.1966835246076288E-03
     123   1.0592289763779526E+02       30   8.7210000000000010E-01   8.2188321159767028E-03
     123   1.0592289763779526E+02       31   9.0200000000000014E-01   5.6454411991165090E-03
     123   1.0592289763779526E+02       32   9.3190000000000006E-01   6.7378871676411333E-03
     123   1.0592289763779526E+02       33   9.6180000000000010E-01   5.0788096630828214E-03
     123   1.0592289763779526E+02       34   9.9170000000000014E-01   5.8980968248429121E-03
     123   1.0592289763779526E+02       35   1.0216000000000001E+00   5.1161718855711477E-03
     123   1.0592289763779526E+02       36   1.0515000000000001E+00   5.5723364238732895E-03
     123   1.0592289763779526E+02       37   1.0814000000000001E+00   5.5024901475372711E-03
     123   1.0592289763779526E+02       38   1.1113000000000002E+00   5.6133678561869696E-03
     123   1.0592289763779526E+02       39   1.1412000000000002E+00   5.8280558523323223E-03
     123   1.0592289763779526E+02       40   1.1711000000000000E+00   5.6255760646553550E-03
     123   1.0592289763779526E+02       41   1.2010000000000001E+00   5.2612960049945616E-03
     123   1.0592289763779526E+02       42   1.2309000000000001E+00   5.1843774737055232E-03
     123   1.0592289763779526E+02       43   1.2608000000000001E+00   4.9905103668273160E-03
     123   1.0592289763779526E+02       44   1.2907000000000002E+00   5.0162145626662710E-03
     123   1.0592289763779526E+02       45   1.3206000000000002E+00   4.5765725572417858E-03
     123   1.0592289763779526E+02       46   1.3505000000000000E+00   4.5899555572200129E-03
     123   1.0592289763779526E+02       47   1.3804000000000001E+00   4.6434832039618139E-03
     123   1.0592289763779526E+02       48   1.4103000000000001E+00   4.3637514345291686E-03
     123   1.0592289763779526E+02       49   1.4402000000000001E+00   4.4436919547868829E-03
     123   1.0592289763779526E+02       50   1.4701000000000002E+00   4.4058493501499003E-03
 
     124   1.0679111811023621E+02        1   5.0000000000000001E-03   1.1229267137154367E-01
     124   1.0679111811023621E+02        2   3.4900000000000000E-02   1.3266397921257947E-01
     124   1.0679111811023621E+02        3   6.4800000000000010E-02   1.9214938996793191E-01
     124   1.0679111811023621E+02        4   9.4700000000000006E-02   2.6665838561823652E-01
     124   1.0679111811023621E+02        5   1.2460000000000002E-01   2.8628618973112469E-01
     124   1.0679111811023621E+02        6   1.5450000000000003E-01   2.6217896870789720E-01
     124   1.0679111811023621E+02        7   1.8440000000000001E-01   2.6623236966074965E-01
     124   1.0679111811023621E+02        8   2.1430000000000002E-01   2.3339174911017718E-01
     124   1.0679111811023621E+02        9   2.4420000000000003E-01   1.6769547581602698E-01
     124   1.0679111811023621E+02       10   2.7410000000000001E-01   1.9987726588513061E-01
     124   1.0679111811023621E+02       11   3.0400000000000005E-01   2.2670289225469675E-01
     124   1.0679111811023621E+02       12   3.3390000000000003E-01   1.8364257137894918E-01
     124   1.0679111811023621E+02       13   3.6380000000000001E-01   1.7552480898225209E-01
     124   1.0679111811023621E+02       14   3.9370000000000005E-01   1.4274543378689686E-01
     124   1.0679111811023621E+02       15   4.2360000000000003E-01   1.0357055177293034E-01
     124   1.0679111811023621E+02       16   4.5350000000000007E-01   8.0989053948529871E-02
     124   1.0679111811023621E+02       17   4.8340000000000005E-01   4.8406730189059652E-02
     124   1.0679111811023621E+02       18   5.1330000000000009E-01   4.2446764149189187E-02
     124   1.0679111811023621E+02       19   5.4320000000000002E-01   3.5762792758521948E-02
     124   1.0679111811023621E+02       20   5.7310000000000005E-01   3.5817260378030034E-02
     124   1.0679111811023621E+02       21   6.0300000000000009E-01   2.7756323053539336E-02
     124   1.0679111811023621E+02       22   6.3290000000000002E-01   2.7429210186110466E-02
     124   1.0679111811023621E+02       23   6.6280000000000006E-01   2.4761723393645296E-02
     124   1.0679111811023621E+02       24   6.9270000000000009E-01   1.9122989522937346E-02
     124   1.0679111811023621E+02       25   7.2260000000000002E-01   1.2155602702554774E-02
     124   1.0679111811023621E+02       26   7.5250000000000006E-01   1.4563058463894718E-02
     124   1.0679111811023621E+02       27   7.8240000000000010E-01   1.4896743085836649E-02
     124   1.0679111811023621E+02       28   8.1230000000000013E-01   9.4538165805202190E-03
     124   1.0679111811023621E+02       29   8.4220000000000006E-01   1.0079587276255379E-02
     124   1.0679111811023621E+02       30   8.7210000000000010E-01   9.1225146558905710E-03
     124   1.0679111811023621E+02       31   9.0200000000000014E-01   6.3343946786937845E-03
     124   1.0679111811023621E+02       32   9.3190000000000006E-01   7.3195268953238522E-03
     124   1.0679111811023621E+02       33   9.6180000000000010E-01   5.4697316850958284E-03
     124   1.0679111811023621E+02       34   9.9170000000000014E-01   6.0594850988855810E-03
     124   1.0679111811023621E+02       35   1.0216000000000001E+00   5.1092620681407906E-03
     124   1.0679111811023621E+02       36   1.0515000000000001E+00   5.4096695775536071E-03
     124   1.0679111811023621E+02       37   1.0814000000000001E+00   5.2784302966965074E-03
     124   1.0679111811023621E+02       38   1.1113000000000002E+00   5.3932792900684657E-03
     124   1.0679111811023621E+02       39   1.1412000000000002E+00   5.6698866406251682E-03
     124   1.0679111811023621E+02       40   1.1711000000000000E+00   5.6643390644334195E-03
     124   1.0679111811023621E+02       41   1.2010000000000001E+00   5.4068732839223461E-03
     124   1.0679111811023621E+02       42   1.2309000000000001E+00   5.4515525481146077E-03
     124   1.0679111811023621E+02       43   1.2608000000000001E+00   5.3078934988122885E-03
     124   1.0679111811023621E+02       44   1.2907000000000002E+00   5.3745310727836004E-03
     124   1.0679111811023621E+02       45   1.3206000000000002E+00   4.9228410947514609E-03
     124   1.0679111811023621E+02       46   1.3505000000000000E+00   4.8673218602403407E-03
     124   1.0679111811023621E+02       47   1.3804000000000001E+00   4.8466119702858263E-03
     124   1.0679111811023621E+02       48   1.4103000000000001E+00   4.4717129267570410E-03
     124   1.0679111811023621E+02       49   1.4402000000000001E+00   4.4641509345669534E-03
     124   1.0679111811023621E+02       50   1.4701000000000002E+00   4.3578935182494970E-03
 
     125   1.0765933858267715E+02        1   5.0000000000000001E-03   1.0680965536653080E-01
     125   1.0765933858267715E+02        2   3.4900000000000000E-02   1.2605375848304828E-01
     125   1.0765933858267715E+02        3   6.4800000000000010E-02   1.8383549611031141E-01
     125   1.0765933858267715E+02        4   9.4700000000000006E-02   2.5751448538495847E-01
     125   1.0765933858267715E+02        5   1.2460000000000002E-01   2.7739169282753046E-01
     125   1.0765933858267715E+02        6   1.5450000000000003E-01   2.5481326069562904E-01
     125   1.0765933858267715E+02        7   1.8440000000000001E-01   2.6252302891030016E-01
     125   1.0765933858267715E+02        8   2.1430000000000002E-01   2.3390484823876254E-01
     125   1.0765933858267715E+02        9   2.4420000000000003E-01   1.7091080904637954E-01
     125   1.0765933858267715E+02       10   2.7410000000000001E-01   2.0557828111091511E-01
     125   1.0765933858267715E+02       11   3.0400000000000005E-01   2.3428691073489499E-01
     125   1.0765933858267715E+02       12   3.3390000000000003E-01   1.9172961737618180E-01
     125   1.0765933858267715E+02       13   3.6380000000000001E-01   1.8416110527536858E-01
     125   1.0765933858267715E+02       14   3.9370000000000005E-01   1.5070508573265148E-01
     125   1.0765933858267715E+02       15   4.2360000000000003E-01   1.1064301687957386E-01
     125   1.0765933858267715E+02       16   4.5350000000000007E-01   8.6961558094195202E-02
     125   1.0765933858267715E+02       17   4.8340000000000005E-01   5.3018985972824749E-02
     125   1.0765933858267715E+02       18   5.1330000000000009E-01   4.6287233887014112E-02
     125   1.0765933858267715E+02       19   5.4320000000000002E-01   3.8802538679648224E-02
     125   1.0765933858267715E+02       20   5.7310000000000005E-01   3.8737268477269667E-02
     125   1.0765933858267715E+02       21   6.0300000000000009E-01   3.0023688343602799E-02
     125   1.0765933858267715E+02       22   6.3290000000000002E-01   2.9146548660921409E-02
     125   1.0765933858267715E+02       23   6.6280000000000006E-01   2.6093344809226305E-02
     125   1.0765933858267715E+02       24   6.9270000000000009E-01   2.0342819073792984E-02
     125   1.0765933858267715E+02       25   7.2260000000000002E-01   1.3155952999337818E-02
     125   1.0765933858267715E+02       26   7.5250000000000006E-01   1.4930523280950079E-02
     125   1.0765933858267715E+02       27   7.8240000000000010E-01   1.5203582557233256E-02
     125   1.0765933858267715E+02       28   8.1230000000000013E-01   9.9104279850952166E-03
     125   1.0765933858267715E+02       29   8.4220000000000006E-01   1.0463058881621959E-02
     125   1.0765933858267715E+02       30   8.7210000000000010E-01   9.6137585852663042E-03
     125   1.0765933858267715E+02       31   9.0200000000000014E-01   6.8684554333901127E-03
     125   1.0765933858267715E+02       32   9.3190000000000006E-01   7.8893991719970902E-03
     125   1.0765933858267715E+02       33   9.6180000000000010E-01   5.9856983343156917E-03
     125   1.0765933858267715E+02       34   9.9170000000000014E-01   6.4908158408375667E-03
     125   1.0765933858267715E+02       35   1.0216000000000001E+00   5.3910779265282857E-03
     125   1.0765933858267715E+02       36   1.0515000000000001E+00   5.4931974230276025E-03
     125   1.0765933858267715E+02       37   1.0814000000000001E+00   5.2227900498830202E-03
     125   1.0765933858267715E+02       38   1.1113000000000002E+00   5.1684162852428861E-03
     125   1.0765933858267715E+02       39   1.1412000000000002E+00   5.3340371865028859E-03
     125   1.0765933858267715E+02       40   1.1711000000000000E+00   5.3476163208639182E-03
     125   1.0765933858267715E+02       41   1.2010000000000001E+00   5.1022337081592702E-03
     125   1.0765933858267715E+02       42   1.2309000000000001E+00   5.2243692694320908E-03
     125   1.0765933858267715E+02       43   1.2608000000000001E+00   5.1211817125388012E-03
     125   1.0765933858267715E+02       44   1.2907000000000002E+00   5.2551118129903866E-03
     125   1.0765933858267715E+02       45   1.3206000000000002E+00   4.8767237741895375E-03
     125   1.0765933858267715E+02       46   1.3505000000000000E+00   4.8140403758916272E-03
     125   1.0765933858267715E+02       47   1.3804000000000001E+00   4.7796397223919653E-03
     125   1.0765933858267715E+02       48   1.4103000000000001E+00   4.3607140336531956E-03
     125   1.0765933858267715E+02       49   1.4402000000000001E+00   4.2884600850425850E-03
     125   1.0765933858267715E+02       50   1.4701000000000002E+00   4.1176444575642792E-03
 
     126   1.0852755905511810E+02        1   5.0000000000000001E-03   1.0493957234172799E-01
     126   1.0852755905511810E+02        2   3.4900000000000000E-02   1.2304966899260625E-01
     126   1.0852755905511810E+02        3   6.4800000000000010E-02   1.7895251394638126E-01
     126   1.0852755905511810E+02        4   9.4700000000000006E-02   2.5119181337521790E-01
     126   1.0852755905511810E+02        5   1.2460000000000002E-01   2.7045241523342423E-01
     126   1.0852755905511810E+02        6   1.5450000000000003E-01   2.4888698577106960E-01
     126   1.0852755905511810E+02        7   1.8440000000000001E-01   2.6003146923477372E-01
     126   1.0852755905511810E+02        8   2.1430000000000002E-01   2.3515044865763718E-01
     126   1.0852755905511810E+02        9   2.4420000000000003E-01   1.7441206783500024E-01
     126   1.0852755905511810E+02       10   2.7410000000000001E-01   2.1133498838847217E-01
     126   1.0852755905511810E+02       11   3.0400000000000005E-01   2.4145982625880413E-01
     126   1.0852755905511810E+02       12   3.3390000000000003E-01   1.9909168330474450E-01
     126   1.0852755905511810E+02       13   3.6380000000000001E-01   1.9186222053464930E-01
     126   1.0852755905511810E+02       14   3.9370000000000005E-01   1.5760569371966227E-01
     126   1.0852755905511810E+02       15   4.2360000000000003E-01   1.1683396429887771E-01
     126   1.0852755905511810E+02       16   4.5350000000000007E-01   9.2211197448290788E-02
     126   1.0852755905511810E+02       17   4.8340000000000005E-01   5.7333311314287004E-02
     126   1.0852755905511810E+02       18   5.1330000000000009E-01   5.0199351986031919E-02
     126   1.0852755905511810E+02       19   5.4320000000000002E-01   4.2390111953062803E-02
     126   1.0852755905511810E+02       20   5.7310000000000005E-01   4.2361748902058016E-02
     126   1.0852755905511810E+02       21   6.0300000000000009E-01   3.3058654214500965E-02
     126   1.0852755905511810E+02       22   6.3290000000000002E-01   3.1578824573549262E-02
     126   1.0852755905511810E+02       23   6.6280000000000006E-01   2.8278542612957622E-02
     126   1.0852755905511810E+02       24   6.9270000000000009E-01   2.2165767822385773E-02
     126   1.0852755905511810E+02       25   7.2260000000000002E-01   1.4341180467267785E-02
     126   1.0852755905511810E+02       26   7.5250000000000006E-01   1.5176323242842347E-02
     126   1.0852755905511810E+02       27   7.8240000000000010E-01   1.5381065943681271E-02
     126   1.0852755905511810E+02       28   8.1230000000000013E-01   1.0156540202819326E-02
     126   1.0852755905511810E+02       29   8.4220000000000006E-01   1.0392616369824543E-02
     126   1.0852755905511810E+02       30   8.7210000000000010E-01   9.6551487960038658E-03
     126   1.0852755905511810E+02       31   9.0200000000000014E-01   7.0666524217290819E-03
     126   1.0852755905511810E+02       32   9.3190000000000006E-01   8.1491998055069730E-03
     126   1.0852755905511810E+02       33   9.6180000000000010E-01   6.3424055099553971E-03
     126   1.0852755905511810E+02       34   9.9170000000000014E-01   6.9181094002160066E-03
     126   1.0852755905511810E+02       35   1.0216000000000001E+00   5.7890907130969524E-03
     126   1.0852755905511810E+02       36   1.0515000000000001E+00   5.7868175091887542E-03
     126   1.0852755905511810E+02       37   1.0814000000000001E+00   5.4187735273654091E-03
     126   1.0852755905511810E+02       38   1.1113000000000002E+00   5.1573411369077579E-03
     126   1.0852755905511810E+02       39   1.1412000000000002E+00   5.1387498700013025E-03
     126   1.0852755905511810E+02       40   1.1711000000000000E+00   4.9815994371311253E-03
     126   1.0852755905511810E+02       41   1.2010000000000001E+00   4.6489721047788249E-03
     126   1.0852755905511810E+02       42   1.2309000000000001E+00   4.7119820534528766E-03
     126   1.0852755905511810E+02       43   1.2608000000000001E+00   4.5892801125652673E-03
     126   1.0852755905511810E+02       44   1.2907000000000002E+00   4.7341184599460533E-03
     126   1.0852755905511810E+02       45   1.3206000000000002E+00   4.4306824807357464E-03
     126   1.0852755905511810E+02       46   1.3505000000000000E+00   4.4116707691626124E-03
     126   1.0852755905511810E+02       47   1.3804000000000001E+00   4.4278664735365094E-03
     126   1.0852755905511810E+02       48   1.4103000000000001E+00   4.0525715250216473E-03
     126   1.0852755905511810E+02       49   1.4402000000000001E+00   4.0015762419416262E-03
     126   1.0852755905511810E+02       50   1.4701000000000002E+00   3.8443045801511175E-03
 
     127   1.0939577952755904E+02        1   5.0000000000000001E-03   1.0631984129296837E-01
     127   1.0939577952755904E+02        2   3.4900000000000000E-02   1.2341724415103557E-01
     127   1.0939577952755904E+02        3   6.4800000000000010E-02   1.7749817185148073E-01
     127   1.0939577952755904E+02        4   9.4700000000000006E-02   2.4795099713943411E-01
     127   1.0939577952755904E+02        5   1.2460000000000002E-01   2.6596603509857014E-01
     127   1.0939577952755904E+02        6   1.5450000000000003E-01   2.4490845471866629E-01
     127   1.0939577952755904E+02        7   1.8440000000000001E-01   2.5892254613841564E-01
     127   1.0939577952755904E+02        8   2.1430000000000002E-01   2.3689644010527267E-01
     127   1.0939577952755904E+02        9   2.4420000000000003E-01   1.7775306614900099E-01
     127   1.0939577952755904E+02       10   2.7410000000000001E-01   2.1647991145320905E-01
     127   1.0939577952755904E+02       11   3.0400000000000005E-01   2.4740249122496932E-01
     127   1.0939577952755904E+02       12   3.3390000000000003E-01   2.0487285414430675E-01
     127   1.0939577952755904E+02       13   3.6380000000000001E-01   1.9773539515827290E-01
     127   1.0939577952755904E+02       14   3.9370000000000005E-01   1.6262252451444184E-01
     127   1.0939577952755904E+02       15   4.2360000000000003E-01   1.2138201532074330E-01
     127   1.0939577952755904E+02       16   4.5350000000000007E-01   9.6075894426629879E-02
     127   1.0939577952755904E+02       17   4.8340000000000005E-01   6.0806917091088673E-02
     127   1.0939577952755904E+02       18   5.1330000000000009E-01   5.3745814370253678E-02
     127   1.0939577952755904E+02       19   5.4320000000000002E-01   4.6159830476013249E-02
     127   1.0939577952755904E+02       20   5.7310000000000005E-01   4.6355774858509315E-02
     127   1.0939577952755904E+02       21   6.0300000000000009E-01   3.6647709643298138E-02
     127   1.0939577952755904E+02       22   6.3290000000000002E-01   3.4704697654569683E-02
     127   1.0939577952755904E+02       23   6.6280000000000006E-01   3.1393096658449901E-02
     127   1.0939577952755904E+02       24   6.9270000000000009E-01   2.4679273596913593E-02
     127   1.0939577952755904E+02       25   7.2260000000000002E-01   1.5915129523900888E-02
     127   1.0939577952755904E+02       26   7.5250000000000006E-01   1.5801812334937916E-02
     127   1.0939577952755904E+02       27   7.8240000000000010E-01   1.5999593609504634E-02
     127   1.0939577952755904E+02       28   8.1230000000000013E-01   1.0623833144603292E-02
     127   1.0939577952755904E+02       29   8.4220000000000006E-01   1.0293291966364318E-02
     127   1.0939577952755904E+02       30   8.7210000000000010E-01   9.6133398547116194E-03
     127   1.0939577952755904E+02       31   9.0200000000000014E-01   7.0928169558713821E-03
     127   1.0939577952755904E+02       32   9.3190000000000006E-01   8.1380871656993974E-03
     127   1.0939577952755904E+02       33   9.6180000000000010E-01   6.4737620739644458E-03
     127   1.0939577952755904E+02       34   9.9170000000000014E-01   7.1503776223719086E-03
     127   1.0939577952755904E+02       35   1.0216000000000001E+00   6.1111457834525200E-03
     127   1.0939577952755904E+02       36   1.0515000000000001E+00   6.1170235349578437E-03
     127   1.0939577952755904E+02       37   1.0814000000000001E+00   5.7541968519522436E-03
     127   1.0939577952755904E+02       38   1.1113000000000002E+00   5.3975933722778240E-03
     127   1.0939577952755904E+02       39   1.1412000000000002E+00   5.2610427909400232E-03
     127   1.0939577952755904E+02       40   1.1711000000000000E+00   4.8897931215099947E-03
     127   1.0939577952755904E+02       41   1.2010000000000001E+00   4.4523145197626806E-03
     127   1.0939577952755904E+02       42   1.2309000000000001E+00   4.3757880156881342E-03
     127   1.0939577952755904E+02       43   1.2608000000000001E+00   4.1854659931882237E-03
     127   1.0939577952755904E+02       44   1.2907000000000002E+00   4.2684604696392927E-03
     127   1.0939577952755904E+02       45   1.3206000000000002E+00   3.9585954610880311E-03
     127   1.0939577952755904E+02       46   1.3505000000000000E+00   3.9807986263868840E-03
     127   1.0939577952755904E+02       47   1.3804000000000001E+00   4.0477085233911452E-03
     127   1.0939577952755904E+02       48   1.4103000000000001E+00   3.7472295596143517E-03
     127   1.0939577952755904E+02       49   1.4402000000000001E+00   3.7786287779619484E-03
     127   1.0939577952755904E+02       50   1.4701000000000002E+00   3.7059312702712407E-03
 
     128   1.1026400000000000E+02        1   5.0000000000000001E-03   1.1017605173677703E-01
     128   1.1026400000000000E+02        2   3.4900000000000000E-02   1.2648432825274658E-01
     128   1.1026400000000000E+02        3   6.4800000000000010E-02   1.7900342932178770E-01
     128   1.1026400000000000E+02        4   9.4700000000000006E-02   2.4759183581951547E-01
     128   1.1026400000000000E+02        5   1.2460000000000002E-01   2.6400894595340257E-01
     128   1.1026400000000000E+02        6   1.5450000000000003E-01   2.4301762040682384E-01
     128   1.1026400000000000E+02        7   1.8440000000000001E-01   2.5907529576228000E-01
     128   1.1026400000000000E+02        8   2.1430000000000002E-01   2.3874964836262166E-01
     128   1.1026400000000000E+02        9   2.4420000000000003E-01   1.8044345412248797E-01
     128   1.1026400000000000E+02       10   2.7410000000000001E-01   2.2038291493276191E-01
     128   1.1026400000000000E+02       11   3.0400000000000005E-01   2.5139087500599189E-01
     128   1.1026400000000000E+02       12   3.3390000000000003E-01   2.0836094779837119E-01
     128   1.1026400000000000E+02       13   3.6380000000000001E-01   2.0106089289129347E-01
     128   1.1026400000000000E+02       14   3.9370000000000005E-01   1.6508891741096171E-01
     128   1.1026400000000000E+02       15   4.2360000000000003E-01   1.2364622285049860E-01
     128   1.1026400000000000E+02       16   4.5350000000000007E-01   9.7957649161742252E-02
     128   1.1026400000000000E+02       17   4.8340000000000005E-01   6.2878436382704100E-02
     128   1.1026400000000000E+02       18   5.1330000000000009E-01   5.6358523787514436E-02
     128   1.1026400000000000E+02       19   5.4320000000000002E-01   4.9485748882125466E-02
     128   1.1026400000000000E+02       20   5.7310000000000005E-01   5.0043443862513790E-02
     128   1.1026400000000000E+02       21   6.0300000000000009E-01   4.0190208756818543E-02
     128   1.1026400000000000E+02       22   6.3290000000000002E-01   3.8054299272583754E-02
     128   1.1026400000000000E+02       23   6.6280000000000006E-01   3.4988996913890340E-02
     128   1.1026400000000000E+02       24   6.9270000000000009E-01   2.7505695385163034E-02
     128   1.1026400000000000E+02       25   7.2260000000000002E-01   1.7789032882626517E-02
     128   1.1026400000000000E+02       26   7.5250000000000006E-01   1.7081209489787547E-02
     128   1.1026400000000000E+02       27   7.8240000000000010E-01   1.7385221774189892E-02
     128   1.1026400000000000E+02       28   8.1230000000000013E-01   1.1641054393321826E-02
     128   1.1026400000000000E+02       29   8.4220000000000006E-01   1.0684098645357425E-02
     128   1.1026400000000000E+02       30   8.7210000000000010E-01   1.0007565950957961E-02
     128   1.1026400000000000E+02       31   9.0200000000000014E-01   7.3515445504786286E-03
     128   1.1026400000000000E+02       32   9.3190000000000006E-01   8.2374582633105865E-03
     128   1.1026400000000000E+02       33   9.6180000000000010E-01   6.6205800157532902E-03
     128   1.1026400000000000E+02       34   9.9170000000000014E-01   7.2805158570461272E-03
     128   1.1026400000000000E+02       35   1.0216000000000001E+00   6.3579443110609391E-03
     128   1.1026400000000000E+02       36   1.0515000000000001E+00   6.3687249481487749E-03
     128   1.1026400000000000E+02       37   1.0814000000000001E+00   6.0668727929751951E-03
     128   1.1026400000000000E+02       38   1.1113000000000002E+00   5.7366409788977843E-03
     128   1.1026400000000000E+02       39   1.1412000000000002E+00   5.5975201919452097E-03
     128   1.1026400000000000E+02       40   1.1711000000000000E+00   5.1074878346357372E-03
     128   1.1026400000000000E+02       41   1.2010000000000001E+00   4.6306359496489551E-03
     128   1.1026400000000000E+02       42   1.2309000000000001E+00   4.4570218304701668E-03
     128   1.1026400000000000E+02       43   1.2608000000000001E+00   4.2196299056258884E-03
     128   1.1026400000000000E+02       44   1.2907000000000002E+00   4.2330723170602800E-03
     128   1.1026400000000000E+02       45   1.3206000000000002E+00   3.8486966895952684E-03
     128   1.1026400000000000E+02       46   1.3505000000000000E+00   3.8809995836362123E-03
     128   1.1026400000000000E+02       47   1.3804000000000001E+00   3.9494253520860395E-03
     128   1.1026400000000000E+02       48   1.4103000000000001E+00   3.6761393933445550E-03
     128   1.1026400000000000E+02       49   1.4402000000000001E+00   3.7715567143621885E-03
     128   1.1026400000000000E+02       50   1.4701000000000002E+00   3.7740736007846956E-03
 
