# itau tau ik k angular_weighted_probability energy_spectrum_density total_bin_weighted_probability
# mature_reference=sum_mom uses |mom|^2*k^2*sin(theta)*dk*dtheta*dphi
# dk_dtheta_dphi   2.9900000000000006E-02   1.0471975511965977E-01   6.2831853071795862E+00
       1   0.0000000000000000E+00        1   5.0000000000000001E-03   1.4215928451225147E+02   3.5539821128062871E-03   1.0626406517290800E-04
       1   0.0000000000000000E+00        2   3.4900000000000000E-02   1.9120196793833223E+01   2.3288590896856805E-02   6.9632886781601866E-04
       1   0.0000000000000000E+00        3   6.4800000000000010E-02   9.0513991330072745E+00   3.8007187015462879E-02   1.1364148917623403E-03
       1   0.0000000000000000E+00        4   9.4700000000000006E-02   5.5868132828175332E+00   5.0103044333503099E-02   1.4980810255717429E-03
       1   0.0000000000000000E+00        5   1.2460000000000002E-01   4.4861817185428068E+00   6.9648688969452061E-02   2.0824958001866172E-03
       1   0.0000000000000000E+00        6   1.5450000000000003E-01   4.6057869990667344E+00   1.0994128711447276E-01   3.2872444847227363E-03
       1   0.0000000000000000E+00        7   1.8440000000000001E-01   5.0169454527117514E+00   1.7059300232892066E-01   5.1007307696347287E-03
       1   0.0000000000000000E+00        8   2.1430000000000002E-01   4.8527077744487652E+00   2.2285812966059459E-01   6.6634580768517799E-03
       1   0.0000000000000000E+00        9   2.4420000000000003E-01   4.0007526110337022E+00   2.3857944093544389E-01   7.1335252839697738E-03
       1   0.0000000000000000E+00       10   2.7410000000000001E-01   2.8310147594509054E+00   2.1269643199950169E-01   6.3596233167851016E-03
       1   0.0000000000000000E+00       11   3.0400000000000005E-01   1.7699431813667363E+00   1.6357106904918836E-01   4.8907749645707328E-03
       1   0.0000000000000000E+00       12   3.3390000000000003E-01   1.1350550863148365E+00   1.2654639487972297E-01   3.7837372069037174E-03
       1   0.0000000000000000E+00       13   3.6380000000000001E-01   1.0878534340369737E+00   1.4397788065030445E-01   4.3049386314441039E-03
       1   0.0000000000000000E+00       14   3.9370000000000005E-01   9.3475710235577691E-01   1.4488706109044375E-01   4.3321231266042690E-03
       1   0.0000000000000000E+00       15   4.2360000000000003E-01   6.1061797448236543E-01   1.0956743306247325E-01   3.2760662485679512E-03
       1   0.0000000000000000E+00       16   4.5350000000000007E-01   5.7101175281588767E-01   1.1743556186055934E-01   3.5113232996307250E-03
       1   0.0000000000000000E+00       17   4.8340000000000005E-01   8.2172131023151540E-01   1.9201618733228315E-01   5.7412840012352672E-03
       1   0.0000000000000000E+00       18   5.1330000000000009E-01   7.6390370643445238E-01   2.0127097283082257E-01   6.0180020876415960E-03
       1   0.0000000000000000E+00       19   5.4320000000000002E-01   6.8351505144241620E-01   2.0168221621252036E-01   6.0302982647543598E-03
       1   0.0000000000000000E+00       20   5.7310000000000005E-01   5.7718806650424126E-01   1.8957373221157311E-01   5.6682545931260372E-03
       1   0.0000000000000000E+00       21   6.0300000000000009E-01   6.0141313815762565E-01   2.1867922975235618E-01   6.5385089695954510E-03
       1   0.0000000000000000E+00       22   6.3290000000000002E-01   5.4759419234065898E-01   2.1934564938597792E-01   6.5584349166407409E-03
       1   0.0000000000000000E+00       23   6.6280000000000006E-01   5.2299697982699467E-01   2.2975458154640133E-01   6.8696619882374008E-03
       1   0.0000000000000000E+00       24   6.9270000000000009E-01   4.0992394765704299E-01   1.9669515645406679E-01   5.8811851779765984E-03
       1   0.0000000000000000E+00       25   7.2260000000000002E-01   2.5904527223390300E-01   1.3526068577133937E-01   4.0442945045630480E-03
       1   0.0000000000000000E+00       26   7.5250000000000006E-01   1.3584400253418807E-01   7.6922515459999855E-02   2.2999832122539963E-03
       1   0.0000000000000000E+00       27   7.8240000000000010E-01   7.2095134211702064E-02   4.4133019104861212E-02   1.3195772712353505E-03
       1   0.0000000000000000E+00       28   8.1230000000000013E-01   5.5950103577427510E-02   3.6917629019127617E-02   1.1038371076719160E-03
       1   0.0000000000000000E+00       29   8.4220000000000006E-01   4.3558914842969199E-02   3.0896374887606527E-02   9.2380160913943532E-04
       1   0.0000000000000000E+00       30   8.7210000000000010E-01   5.9048438039959343E-02   4.4909786148655005E-02   1.3428026058447849E-03
       1   0.0000000000000000E+00       31   9.0200000000000014E-01   7.3326061193682554E-02   5.9658376691424916E-02   1.7837854630736055E-03
       1   0.0000000000000000E+00       32   9.3190000000000006E-01   6.5448391768690731E-02   5.6837844925945458E-02   1.6994515632857696E-03
       1   0.0000000000000000E+00       33   9.6180000000000010E-01   4.6564678879213735E-02   4.3075086454849518E-02   1.2879450850000009E-03
       1   0.0000000000000000E+00       34   9.9170000000000014E-01   3.0049685114527169E-02   2.9552930464433566E-02   8.8363262088656381E-04
       1   0.0000000000000000E+00       35   1.0216000000000001E+00   1.9958771669088299E-02   2.0830302569702846E-02   6.2282604683411519E-04
       1   0.0000000000000000E+00       36   1.0515000000000001E+00   1.9878937823137884E-02   2.1979192331762504E-02   6.5717785071969900E-04
       1   0.0000000000000000E+00       37   1.0814000000000001E+00   2.4300576523163340E-02   2.8417725029153757E-02   8.4968997837169750E-04
       1   0.0000000000000000E+00       38   1.1113000000000002E+00   2.0920883779250540E-02   2.5837033931295102E-02   7.7252731454572373E-04
       1   0.0000000000000000E+00       39   1.1412000000000002E+00   1.8963768620300161E-02   2.4697225877714054E-02   7.3844705374365041E-04
       1   0.0000000000000000E+00       40   1.1711000000000000E+00   1.3914014371801771E-02   1.9082725782509850E-02   5.7057350089704465E-04
       1   0.0000000000000000E+00       41   1.2010000000000001E+00   1.2415833852206355E-02   1.7908611164256301E-02   5.3546747381126353E-04
       1   0.0000000000000000E+00       42   1.2309000000000001E+00   1.0981971943350535E-02   1.6638948334374879E-02   4.9750455519780902E-04
       1   0.0000000000000000E+00       43   1.2608000000000001E+00   1.0416689554444102E-02   1.6558543049458533E-02   4.9510043717881024E-04
       1   0.0000000000000000E+00       44   1.2907000000000002E+00   6.5339833068859586E-03   1.0885005196492983E-02   3.2546165537514026E-04
       1   0.0000000000000000E+00       45   1.3206000000000002E+00   6.9634540488268193E-03   1.2144154952732654E-02   3.6311023308670644E-04
       1   0.0000000000000000E+00       46   1.3505000000000000E+00   4.3232634456787751E-03   7.8849851162170956E-03   2.3576105497489120E-04
       1   0.0000000000000000E+00       47   1.3804000000000001E+00   4.8164818754371508E-03   9.1778262502100940E-03   2.7441700488128185E-04
       1   0.0000000000000000E+00       48   1.4103000000000001E+00   3.0486040655028396E-03   6.0635091360399769E-03   1.8129892316759536E-04
       1   0.0000000000000000E+00       49   1.4402000000000001E+00   3.1509735762317304E-03   6.5356738944929689E-03   1.9541664944533981E-04
       1   0.0000000000000000E+00       50   1.4701000000000002E+00   2.1087629776592480E-03   4.5574459158269310E-03   1.3626763288322527E-04
 
       2   8.6822047244094480E-01        1   5.0000000000000001E-03   1.6309553457965552E+02   4.0773883644913880E-03   1.2191391209829252E-04
       2   8.6822047244094480E-01        2   3.4900000000000000E-02   2.1984140922649583E+01   2.6776903485196419E-02   8.0062941420737312E-04
       2   8.6822047244094480E-01        3   6.4800000000000010E-02   1.0419224388919325E+01   4.3750739978047813E-02   1.3081471253436300E-03
       2   8.6822047244094480E-01        4   9.4700000000000006E-02   6.3540280057854828E+00   5.6983495018404738E-02   1.7038065010503021E-03
       2   8.6822047244094480E-01        5   1.2460000000000002E-01   4.9404911743300444E+00   7.6701915960061859E-02   2.2933872872058503E-03
       2   8.6822047244094480E-01        6   1.5450000000000003E-01   4.9157871279864445E+00   1.1734106769181847E-01   3.5084979239853732E-03
       2   8.6822047244094480E-01        7   1.8440000000000001E-01   5.2719722319639502E+00   1.7926476971347372E-01   5.3600166144328653E-03
       2   8.6822047244094480E-01        8   2.1430000000000002E-01   5.0792601636029895E+00   2.3326243259078389E-01   6.9745467344644397E-03
       2   8.6822047244094480E-01        9   2.4420000000000003E-01   4.2028653535529150E+00   2.5063215946224732E-01   7.4939015679211960E-03
       2   8.6822047244094480E-01       10   2.7410000000000001E-01   2.9840648735334154E+00   2.2419521104111309E-01   6.7034368101292832E-03
       2   8.6822047244094480E-01       11   3.0400000000000005E-01   1.8578233268256219E+00   1.7169260057191671E-01   5.1336087571003108E-03
       2   8.6822047244094480E-01       12   3.3390000000000003E-01   1.1619984186704280E+00   1.2955028571881530E-01   3.8735535429925785E-03
       2   8.6822047244094480E-01       13   3.6380000000000001E-01   1.0783448561205180E+00   1.4271941617928727E-01   4.2673105437606900E-03
       2   8.6822047244094480E-01       14   3.9370000000000005E-01   9.2712933256324159E-01   1.4370475913720940E-01   4.2967722982025615E-03
       2   8.6822047244094480E-01       15   4.2360000000000003E-01   5.9556357257213632E-01   1.0686611694908354E-01   3.1952968967775986E-03
       2   8.6822047244094480E-01       16   4.5350000000000007E-01   5.5408763558466811E-01   1.1395490983152295E-01   3.4072518039625372E-03
       2   8.6822047244094480E-01       17   4.8340000000000005E-01   7.9788688697501708E-01   1.8644666513054386E-01   5.5747552874032625E-03
       2   8.6822047244094480E-01       18   5.1330000000000009E-01   7.8772469895671415E-01   2.0754725385730136E-01   6.2056628903333121E-03
       2   8.6822047244094480E-01       19   5.4320000000000002E-01   7.1469415832917171E-01   2.1088211804815341E-01   6.3053753296397879E-03
       2   8.6822047244094480E-01       20   5.7310000000000005E-01   6.1008333587133778E-01   2.0037797323442472E-01   5.9913013997093005E-03
       2   8.6822047244094480E-01       21   6.0300000000000009E-01   6.2626820020384744E-01   2.2771675400792085E-01   6.8087309448368353E-03
       2   8.6822047244094480E-01       22   6.3290000000000002E-01   5.7811020333109486E-01   2.3156921629189342E-01   6.9239195671276146E-03
       2   8.6822047244094480E-01       23   6.6280000000000006E-01   5.5636310583608450E-01   2.4441244882811836E-01   7.3079322199607402E-03
       2   8.6822047244094480E-01       24   6.9270000000000009E-01   4.3905704253092864E-01   2.1067418521528547E-01   6.2991581379370368E-03
       2   8.6822047244094480E-01       25   7.2260000000000002E-01   2.8540380663580217E-01   1.4902381454177716E-01   4.4558120547991383E-03
       2   8.6822047244094480E-01       26   7.5250000000000006E-01   1.4711090047719869E-01   8.3302466838341763E-02   2.4907437584664191E-03
       2   8.6822047244094480E-01       27   7.8240000000000010E-01   7.7088832341026620E-02   4.7189910216239694E-02   1.4109783154655671E-03
       2   8.6822047244094480E-01       28   8.1230000000000013E-01   5.8112786863063884E-02   3.8344635121350508E-02   1.1465045901283804E-03
       2   8.6822047244094480E-01       29   8.4220000000000006E-01   4.2793770968661195E-02   3.0353657694839005E-02   9.0757436507568645E-04
       2   8.6822047244094480E-01       30   8.7210000000000010E-01   5.9601934874658639E-02   4.5330752821193934E-02   1.3553895093536990E-03
       2   8.6822047244094480E-01       31   9.0200000000000014E-01   7.4670926556354794E-02   6.0752564529956504E-02   1.8165016794456999E-03
       2   8.6822047244094480E-01       32   9.3190000000000006E-01   6.9140531500199026E-02   6.0044237930162565E-02   1.7953227141118610E-03
       2   8.6822047244094480E-01       33   9.6180000000000010E-01   4.9622090195746787E-02   4.5903373043688980E-02   1.3725108540063008E-03
       2   8.6822047244094480E-01       34   9.9170000000000014E-01   3.1656747160266174E-02   3.1133425990717636E-02   9.3088943712245755E-04
       2   8.6822047244094480E-01       35   1.0216000000000001E+00   1.9599040009545762E-02   2.0454862666064996E-02   6.1160039371534354E-04
       2   8.6822047244094480E-01       36   1.0515000000000001E+00   1.8150564472634124E-02   2.0068212447937984E-02   6.0003955219334586E-04
       2   8.6822047244094480E-01       37   1.0814000000000001E+00   2.3082844851044084E-02   2.6993677999463294E-02   8.0711097218395269E-04
       2   8.6822047244094480E-01       38   1.1113000000000002E+00   1.9738243675043510E-02   2.4376487960899102E-02   7.2885699003088329E-04
       2   8.6822047244094480E-01       39   1.1412000000000002E+00   1.7895519413316151E-02   2.3306004940208468E-02   6.9684954771223335E-04
       2   8.6822047244094480E-01       40   1.1711000000000000E+00   1.2456237923935699E-02   1.7083421522539676E-02   5.1079430352393641E-04
       2   8.6822047244094480E-01       41   1.2010000000000001E+00   1.0690004379633749E-02   1.5419273007188103E-02   4.6103626291492438E-04
       2   8.6822047244094480E-01       42   1.2309000000000001E+00   9.1903314731720653E-03   1.3924407323812116E-02   4.1633977898198233E-04
       2   8.6822047244094480E-01       43   1.2608000000000001E+00   8.6888795698011733E-03   1.3811987547111991E-02   4.1297842765864861E-04
       2   8.6822047244094480E-01       44   1.2907000000000002E+00   5.1502311102534903E-03   8.5798034315711976E-03   2.5653612260397886E-04
       2   8.6822047244094480E-01       45   1.3206000000000002E+00   5.3368889951613705E-03   9.3074509386175501E-03   2.7829278306466479E-04
       2   8.6822047244094480E-01       46   1.3505000000000000E+00   2.9316751239271627E-03   5.3469364076933366E-03   1.5987339859003079E-04
       2   8.6822047244094480E-01       47   1.3804000000000001E+00   3.3765502149892246E-03   6.4340304811108624E-03   1.9237751138521483E-04
       2   8.6822047244094480E-01       48   1.4103000000000001E+00   2.2636631271182404E-03   4.5023039257589973E-03   1.3461888738019404E-04
       2   8.6822047244094480E-01       49   1.4402000000000001E+00   2.2547444176099704E-03   4.6767368473303551E-03   1.3983443173517764E-04
       2   8.6822047244094480E-01       50   1.4701000000000002E+00   1.8149078333799496E-03   3.9223679382028257E-03   1.1727880135226452E-04
 
       3   1.7364409448818896E+00        1   5.0000000000000001E-03   1.8353438459864034E+02   4.5883596149660089E-03   1.3719195248748368E-04
       3   1.7364409448818896E+00        2   3.4900000000000000E-02   2.4808961474708425E+01   3.0217563165809612E-02   9.0350513865770758E-04
       3   1.7364409448818896E+00        3   6.4800000000000010E-02   1.1830871712833796E+01   4.9678303557057636E-02   1.4853812763560236E-03
       3   1.7364409448818896E+00        4   9.4700000000000006E-02   7.2158183984784756E+00   6.4712108821210840E-02   1.9348920537542046E-03
       3   1.7364409448818896E+00        5   1.2460000000000002E-01   5.4998856641121598E+00   8.5386604917047568E-02   2.5530594870197226E-03
       3   1.7364409448818896E+00        6   1.5450000000000003E-01   5.2714448098858719E+00   1.2583070547317829E-01   3.7623380936480317E-03
       3   1.7364409448818896E+00        7   1.8440000000000001E-01   5.4765198151874674E+00   1.8622007482295294E-01   5.5679802372062938E-03
       3   1.7364409448818896E+00        8   2.1430000000000002E-01   5.2164781011333243E+00   2.3956409639071638E-01   7.1629664820824215E-03
       3   1.7364409448818896E+00        9   2.4420000000000003E-01   4.3324124910571156E+00   2.5835752682320334E-01   7.7248900520137812E-03
       3   1.7364409448818896E+00       10   2.7410000000000001E-01   3.0802726096458257E+00   2.3142337618350473E-01   6.9195589478867926E-03
       3   1.7364409448818896E+00       11   3.0400000000000005E-01   1.9027482412427927E+00   1.7584438146269399E-01   5.2577470057345510E-03
       3   1.7364409448818896E+00       12   3.3390000000000003E-01   1.1650138239307886E+00   1.2988647086912272E-01   3.8836054789867704E-03
       3   1.7364409448818896E+00       13   3.6380000000000001E-01   1.0550595259015865E+00   1.3963759247926638E-01   4.1751640151300659E-03
       3   1.7364409448818896E+00       14   3.9370000000000005E-01   8.9909225786781266E-01   1.3935902125091107E-01   4.1668347354022420E-03
       3   1.7364409448818896E+00       15   4.2360000000000003E-01   5.6328712340533160E-01   1.0107452903099758E-01   3.0221284180268282E-03
       3   1.7364409448818896E+00       16   4.5350000000000007E-01   5.3004015606381794E-01   1.0900925108643598E-01   3.2593766074844365E-03
       3   1.7364409448818896E+00       17   4.8340000000000005E-01   7.6856913704832885E-01   1.7959582349848505E-01   5.3699151226047044E-03
       3   1.7364409448818896E+00       18   5.1330000000000009E-01   8.0435044728293148E-01   2.1192775432021579E-01   6.3366398541744532E-03
       3   1.7364409448818896E+00       19   5.4320000000000002E-01   7.4772730496879636E-01   2.2062908442247608E-01   6.5968096242320362E-03
       3   1.7364409448818896E+00       20   5.7310000000000005E-01   6.4451993175429045E-01   2.1168845310233284E-01   6.3294847477597532E-03
       3   1.7364409448818896E+00       21   6.0300000000000009E-01   6.5907788796926992E-01   2.3964665176661834E-01   7.1654348878218898E-03
       3   1.7364409448818896E+00       22   6.3290000000000002E-01   6.1016072394530896E-01   2.4440745007087769E-01   7.3077827571192445E-03
       3   1.7364409448818896E+00       23   6.6280000000000006E-01   5.9364068918468715E-01   2.6078863433907956E-01   7.7975801667384808E-03
       3   1.7364409448818896E+00       24   6.9270000000000009E-01   4.6858824075658695E-01   2.2484423721754526E-01   6.7228426928046051E-03
       3   1.7364409448818896E+00       25   7.2260000000000002E-01   3.1276816013532588E-01   1.6331213251846213E-01   4.8830327623020191E-03
       3   1.7364409448818896E+00       26   7.5250000000000006E-01   1.6178760974288570E-01   9.1613245189469936E-02   2.7392360311651516E-03
       3   1.7364409448818896E+00       27   7.8240000000000010E-01   8.4114130052484165E-02   5.1490444524236977E-02   1.5395642912746860E-03
       3   1.7364409448818896E+00       28   8.1230000000000013E-01   6.1564699676425312E-02   4.0622315205958305E-02   1.2146072246581536E-03
       3   1.7364409448818896E+00       29   8.4220000000000006E-01   4.1971197017093828E-02   2.9770205300030154E-02   8.9012913847090177E-04
       3   1.7364409448818896E+00       30   8.7210000000000010E-01   5.8235114562430787E-02   4.4291206137770212E-02   1.3243070635193296E-03
       3   1.7364409448818896E+00       31   9.0200000000000014E-01   7.1550111159308497E-02   5.8213456639658046E-02   1.7405823535257760E-03
       3   1.7364409448818896E+00       32   9.3190000000000006E-01   6.9644847646900765E-02   6.0482205039288632E-02   1.8084179306747305E-03
       3   1.7364409448818896E+00       33   9.6180000000000010E-01   4.9379963269747820E-02   4.5679391293540844E-02   1.3658137996768716E-03
       3   1.7364409448818896E+00       34   9.9170000000000014E-01   3.1519014789000425E-02   3.0997970488431840E-02   9.2683931760411222E-04
       3   1.7364409448818896E+00       35   1.0216000000000001E+00   1.7911651385356289E-02   1.8693791585274035E-02   5.5894436839969380E-04
       3   1.7364409448818896E+00       36   1.0515000000000001E+00   1.5360798431408742E-02   1.6983701347483549E-02   5.0781267028975822E-04
       3   1.7364409448818896E+00       37   1.0814000000000001E+00   1.9850372713474774E-02   2.3213541166813050E-02   6.9408488088771030E-04
       3   1.7364409448818896E+00       38   1.1113000000000002E+00   1.6907114333589018E-02   2.0880078075404998E-02   6.2431433445460957E-04
       3   1.7364409448818896E+00       39   1.1412000000000002E+00   1.5451198364217069E-02   2.0122674122586653E-02   6.0166795626534107E-04
       3   1.7364409448818896E+00       40   1.1711000000000000E+00   1.0576077701126337E-02   1.4504828386128561E-02   4.3369436874524407E-04
       3   1.7364409448818896E+00       41   1.2010000000000001E+00   8.5112634896653688E-03   1.2276654968756819E-02   3.6707198356582900E-04
       3   1.7364409448818896E+00       42   1.2309000000000001E+00   7.3659366629660562E-03   1.1160239727581853E-02   3.3369116785469748E-04
       3   1.7364409448818896E+00       43   1.2608000000000001E+00   6.8967623676491870E-03   1.0963208221740949E-02   3.2779992583005442E-04
       3   1.7364409448818896E+00       44   1.2907000000000002E+00   4.1093434299870066E-03   6.8457818896542171E-03   2.0468887850066112E-04
       3   1.7364409448818896E+00       45   1.3206000000000002E+00   4.0954717511645367E-03   7.1424386808527666E-03   2.1355891655749776E-04
       3   1.7364409448818896E+00       46   1.3505000000000000E+00   2.4978005461508109E-03   4.5556141505472929E-03   1.3621286310136409E-04
       3   1.7364409448818896E+00       47   1.3804000000000001E+00   2.5496153941680991E-03   4.8583027399873528E-03   1.4526325192562188E-04
       3   1.7364409448818896E+00       48   1.4103000000000001E+00   2.3490956908937873E-03   4.6722246894390475E-03   1.3969951821422754E-04
       3   1.7364409448818896E+00       49   1.4402000000000001E+00   2.1555359435845023E-03   4.4709610075417665E-03   1.3368173412549886E-04
       3   1.7364409448818896E+00       50   1.4701000000000002E+00   2.2051143695098765E-03   4.7656799667496726E-03   1.4249383100581523E-04
 
       4   2.6046614173228346E+00        1   5.0000000000000001E-03   1.9922771151067005E+02   4.9806927877667512E-03   1.4892271435422590E-04
       4   2.6046614173228346E+00        2   3.4900000000000000E-02   2.7022114652084248E+01   3.2913205867385137E-02   9.8410485543481583E-04
       4   2.6046614173228346E+00        3   6.4800000000000010E-02   1.3013397545477028E+01   5.4643776829359877E-02   1.6338489271978606E-03
       4   2.6046614173228346E+00        4   9.4700000000000006E-02   8.0181259996044929E+00   7.1907275595793074E-02   2.1500275403142132E-03
       4   2.6046614173228346E+00        5   1.2460000000000002E-01   6.0814279775587954E+00   9.4415142380076741E-02   2.8230127571642950E-03
       4   2.6046614173228346E+00        6   1.5450000000000003E-01   5.6469905446206257E+00   1.3479507604773056E-01   4.0303727738271447E-03
       4   2.6046614173228346E+00        7   1.8440000000000001E-01   5.6478721246487549E+00   1.9204662908839651E-01   5.7421942097430571E-03
       4   2.6046614173228346E+00        8   2.1430000000000002E-01   5.2832642783542800E+00   2.4263121751863836E-01   7.2546734038072885E-03
       4   2.6046614173228346E+00        9   2.4420000000000003E-01   4.3846886362912976E+00   2.6147494364868623E-01   7.8181008150957198E-03
       4   2.6046614173228346E+00       10   2.7410000000000001E-01   3.1149211455490877E+00   2.3402654875123088E-01   6.9973938076618048E-03
       4   2.6046614173228346E+00       11   3.0400000000000005E-01   1.9077442315366187E+00   1.7630609090168819E-01   5.2715521179604779E-03
       4   2.6046614173228346E+00       12   3.3390000000000003E-01   1.1500151892193202E+00   1.2821428493406256E-01   3.8336071195284715E-03
       4   2.6046614173228346E+00       13   3.6380000000000001E-01   1.0302313531733196E+00   1.3635157289428426E-01   4.0769120295391006E-03
       4   2.6046614173228346E+00       14   3.9370000000000005E-01   8.6961373807092546E-01   1.3478985982073469E-01   4.0302168086399680E-03
       4   2.6046614173228346E+00       15   4.2360000000000003E-01   5.3187945686756799E-01   9.5438832826767545E-02   2.8536211015203500E-03
       4   2.6046614173228346E+00       16   4.5350000000000007E-01   5.1202516472880666E-01   1.0530424743474706E-01   3.1485969982989379E-03
       4   2.6046614173228346E+00       17   4.8340000000000005E-01   7.5513412479326891E-01   1.7645638948617703E-01   5.2760460456366945E-03
       4   2.6046614173228346E+00       18   5.1330000000000009E-01   8.1906015077130467E-01   2.1580342124815452E-01   6.4525222953198211E-03
       4   2.6046614173228346E+00       19   5.4320000000000002E-01   7.8407921376061029E-01   2.3135530546649957E-01   6.9175236334483390E-03
       4   2.6046614173228346E+00       20   5.7310000000000005E-01   6.7822937950936835E-01   2.2276010581411701E-01   6.6605271638420999E-03
       4   2.6046614173228346E+00       21   6.0300000000000009E-01   6.9873655127206313E-01   2.5406689867148369E-01   7.5966002702773641E-03
       4   2.6046614173228346E+00       22   6.3290000000000002E-01   6.4334369112102008E-01   2.5769929937373143E-01   7.7052090512745716E-03
       4   2.6046614173228346E+00       23   6.6280000000000006E-01   6.3047240873698396E-01   2.7696895017220663E-01   8.2813716101489809E-03
       4   2.6046614173228346E+00       24   6.9270000000000009E-01   4.9471857964586952E-01   2.3738244369560468E-01   7.0977350664985818E-03
       4   2.6046614173228346E+00       25   7.2260000000000002E-01   3.3279960295921351E-01   1.7377156561285159E-01   5.1957698118242635E-03
       4   2.6046614173228346E+00       26   7.5250000000000006E-01   1.7528841167064405E-01   9.9258158661075152E-02   2.9678189439661475E-03
       4   2.6046614173228346E+00       27   7.8240000000000010E-01   8.9934936494100462E-02   5.5053649790478845E-02   1.6461041287353178E-03
       4   2.6046614173228346E+00       28   8.1230000000000013E-01   6.2602831200288533E-02   4.1307306868538646E-02   1.2350884753693058E-03
       4   2.6046614173228346E+00       29   8.4220000000000006E-01   3.9755826165860889E-02   2.8198840894339113E-02   8.4314534274073966E-04
       4   2.6046614173228346E+00       30   8.7210000000000010E-01   5.3595580608174723E-02   4.0762569570380207E-02   1.2188008301543683E-03
       4   2.6046614173228346E+00       31   9.0200000000000014E-01   6.4672387188277725E-02   5.2617712905931521E-02   1.5732696158873528E-03
       4   2.6046614173228346E+00       32   9.3190000000000006E-01   6.5861341533682990E-02   5.7196466032905395E-02   1.7101743343838716E-03
       4   2.6046614173228346E+00       33   9.6180000000000010E-01   4.5959963356259785E-02   4.2515688772769532E-02   1.2712190943058093E-03
       4   2.6046614173228346E+00       34   9.9170000000000014E-01   2.9512629452150246E-02   2.9024752928287517E-02   8.6784011255579697E-04
       4   2.6046614173228346E+00       35   1.0216000000000001E+00   1.5875883195568069E-02   1.6569128401680337E-02   4.9541693921024217E-04
       4   2.6046614173228346E+00       36   1.0515000000000001E+00   1.2529397455427190E-02   1.3853156487737349E-02   4.1420937898334684E-04
       4   2.6046614173228346E+00       37   1.0814000000000001E+00   1.6246086898277740E-02   1.8998595767261876E-02   5.6805801344113024E-04
       4   2.6046614173228346E+00       38   1.1113000000000002E+00   1.3852071686129069E-02   1.7107138013366947E-02   5.1150342659967189E-04
       4   2.6046614173228346E+00       39   1.1412000000000002E+00   1.2925086082069980E-02   1.6832823519902652E-02   5.0330142324508942E-04
       4   2.6046614173228346E+00       40   1.1711000000000000E+00   9.1970022824675954E-03   1.2613460636717725E-02   3.7714247303786009E-04
       4   2.6046614173228346E+00       41   1.2010000000000001E+00   6.8626047324497749E-03   9.8986279286902897E-03   2.9596897506783975E-04
       4   2.6046614173228346E+00       42   1.2309000000000001E+00   6.2561917232179451E-03   9.4788487340469307E-03   2.8341757714800327E-04
       4   2.6046614173228346E+00       43   1.2608000000000001E+00   5.7599988916590215E-03   9.1561900845627403E-03   2.7377008352842599E-04
       4   2.6046614173228346E+00       44   1.2907000000000002E+00   3.8125218696958381E-03   6.3513049259932329E-03   1.8990401728719770E-04
       4   2.6046614173228346E+00       45   1.3206000000000002E+00   3.7582594519565940E-03   6.5543457050344740E-03   1.9597493658053081E-04
       4   2.6046614173228346E+00       46   1.3505000000000000E+00   3.1386096168607336E-03   5.7243539343638534E-03   1.7115818263747925E-04
       4   2.6046614173228346E+00       47   1.3804000000000001E+00   2.7347298139746589E-03   5.2110390370047393E-03   1.5581006720644173E-04
       4   2.6046614173228346E+00       48   1.4103000000000001E+00   3.1265885765350185E-03   6.2186161243379919E-03   1.8593662211770600E-04
       4   2.6046614173228346E+00       49   1.4402000000000001E+00   2.7905898331051673E-03   5.7881745692943375E-03   1.7306641962190072E-04
       4   2.6046614173228346E+00       50   1.4701000000000002E+00   2.9102631786284221E-03   6.2896433491753069E-03   1.8806033614034173E-04
 
       5   3.4728818897637792E+00        1   5.0000000000000001E-03   2.0675186422240961E+02   5.1687966055602406E-03   1.5454701850625124E-04
       5   3.4728818897637792E+00        2   3.4900000000000000E-02   2.8143980282300411E+01   3.4279649423644726E-02   1.0249615177669775E-03
       5   3.4728818897637792E+00        3   6.4800000000000010E-02   1.3721787527506644E+01   5.7618334699501512E-02   1.7227882075150957E-03
       5   3.4728818897637792E+00        4   9.4700000000000006E-02   8.6087302694364833E+00   7.7203867842030649E-02   2.3083956484767167E-03
       5   3.4728818897637792E+00        5   1.2460000000000002E-01   6.5952778872639568E+00   1.0239274444423492E-01   3.0615430588826248E-03
       5   3.4728818897637792E+00        6   1.5450000000000003E-01   6.0180734020778983E+00   1.4365291662595001E-01   4.2952222071159065E-03
       5   3.4728818897637792E+00        7   1.8440000000000001E-01   5.8161576002681219E+00   1.9776890069865308E-01   5.9132901308897286E-03
       5   3.4728818897637792E+00        8   2.1430000000000002E-01   5.3134812021658071E+00   2.4401891433405162E-01   7.2961655385881449E-03
       5   3.4728818897637792E+00        9   2.4420000000000003E-01   4.3753725703072437E+00   2.6091939272357695E-01   7.8014898424349525E-03
       5   3.4728818897637792E+00       10   2.7410000000000001E-01   3.1092079825145449E+00   2.3359731418478361E-01   6.9845596941250313E-03
       5   3.4728818897637792E+00       11   3.0400000000000005E-01   1.8947401124473602E+00   1.7510430223193529E-01   5.2356186367348663E-03
       5   3.4728818897637792E+00       12   3.3390000000000003E-01   1.1301790051775655E+00   1.2600276444583272E-01   3.7674826569303994E-03
       5   3.4728818897637792E+00       13   3.6380000000000001E-01   1.0172077640632982E+00   1.3462789514519372E-01   4.0253740648412929E-03
       5   3.4728818897637792E+00       14   3.9370000000000005E-01   8.5625114795440083E-01   1.3271866249507630E-01   3.9682880086027821E-03
       5   3.4728818897637792E+00       15   4.2360000000000003E-01   5.1583544470625420E-01   9.2559944058338367E-02   2.7675423273443179E-03
       5   3.4728818897637792E+00       16   4.5350000000000007E-01   5.1189697344155949E-01   1.0527788332618140E-01   3.1478087114528248E-03
       5   3.4728818897637792E+00       17   4.8340000000000005E-01   7.6930151849375972E-01   1.7976696314287971E-01   5.3750321979721041E-03
       5   3.4728818897637792E+00       18   5.1330000000000009E-01   8.3716706996467283E-01   2.2057417600470447E-01   6.5951678625406655E-03
       5   3.4728818897637792E+00       19   5.4320000000000002E-01   8.1775269809567308E-01   2.4129121387694544E-01   7.2146072949206700E-03
       5   3.4728818897637792E+00       20   5.7310000000000005E-01   7.0768303058698434E-01   2.3243396930172960E-01   6.9497756821217168E-03
       5   3.4728818897637792E+00       21   6.0300000000000009E-01   7.3595665169172597E-01   2.6760046216497690E-01   8.0012538187328106E-03
       5   3.4728818897637792E+00       22   6.3290000000000002E-01   6.7176867844435872E-01   2.6908528080018740E-01   8.0456498959256047E-03
       5   3.4728818897637792E+00       23   6.6280000000000006E-01   6.5716464466393154E-01   2.8869495191310068E-01   8.6319790622017122E-03
       5   3.4728818897637792E+00       24   6.9270000000000009E-01   5.1189892999577780E-01   2.4562614772735381E-01   7.3442218170478805E-03
       5   3.4728818897637792E+00       25   7.2260000000000002E-01   3.3893205879206600E-01   1.7697363208664196E-01   5.2915115993905958E-03
       5   3.4728818897637792E+00       26   7.5250000000000006E-01   1.8078251429210179E-01   1.0236922860861698E-01   3.0608399353976483E-03
       5   3.4728818897637792E+00       27   7.8240000000000010E-01   9.1359197996451813E-02   5.5925511127320464E-02   1.6721727827068821E-03
       5   3.4728818897637792E+00       28   8.1230000000000013E-01   5.9596049251330226E-02   3.9323338056408766E-02   1.1757678078866223E-03
       5   3.4728818897637792E+00       29   8.4220000000000006E-01   3.6083112412309805E-02   2.5593781943865777E-02   7.6525408012158693E-04
       5   3.4728818897637792E+00       30   8.7210000000000010E-01   4.7070754256494811E-02   3.5800058014820432E-02   1.0704217346431311E-03
       5   3.4728818897637792E+00       31   9.0200000000000014E-01   5.6905084607165070E-02   4.6298204456727943E-02   1.3843163132561658E-03
       5   3.4728818897637792E+00       32   9.3190000000000006E-01   5.8857829814767990E-02   5.1114353054123859E-02   1.5283191563183038E-03
       5   3.4728818897637792E+00       33   9.6180000000000010E-01   4.0872843217652430E-02   3.7809801283560721E-02   1.1305130583784658E-03
       5   3.4728818897637792E+00       34   9.9170000000000014E-01   2.6498991081949769E-02   2.6060933345485045E-02   7.7922190703000305E-04
       5   3.4728818897637792E+00       35   1.0216000000000001E+00   1.4330047346159083E-02   1.4955791218402981E-02   4.4717815743024924E-04
       5   3.4728818897637792E+00       36   1.0515000000000001E+00   1.0842073008943291E-02   1.1987562417002421E-02   3.5842811626837247E-04
       5   3.4728818897637792E+00       37   1.0814000000000001E+00   1.3833341542676559E-02   1.6177068713552421E-02   4.8369435453521749E-04
       5   3.4728818897637792E+00       38   1.1113000000000002E+00   1.1875132453547847E-02   1.4665642397251091E-02   4.3850270767780770E-04
       5   3.4728818897637792E+00       39   1.1412000000000002E+00   1.1385777812041940E-02   1.4828124728143507E-02   4.4336092937149096E-04
       5   3.4728818897637792E+00       40   1.1711000000000000E+00   8.8597654266431899E-03   1.2150948649056210E-02   3.6331336460678073E-04
       5   3.4728818897637792E+00       41   1.2010000000000001E+00   6.4714127748035652E-03   9.3343722577894396E-03   2.7909773050790429E-04
       5   3.4728818897637792E+00       42   1.2309000000000001E+00   6.2702099404625686E-03   9.5000879426040581E-03   2.8405262948386138E-04
       5   3.4728818897637792E+00       43   1.2608000000000001E+00   5.6679875763224240E-03   9.0099273666353983E-03   2.6939682826239848E-04
       5   3.4728818897637792E+00       44   1.2907000000000002E+00   4.2004690605299162E-03   6.9975886689809920E-03   2.0922790120253172E-04
       5   3.4728818897637792E+00       45   1.3206000000000002E+00   4.2941212509979843E-03   7.4888803016841220E-03   2.2391752102035530E-04
       5   3.4728818897637792E+00       46   1.3505000000000000E+00   4.2720161219033572E-03   7.7915176719374687E-03   2.3296637839093036E-04
       5   3.4728818897637792E+00       47   1.3804000000000001E+00   3.6606698600366470E-03   6.9754216466864491E-03   2.0856510723592489E-04
       5   3.4728818897637792E+00       48   1.4103000000000001E+00   3.9397032101162032E-03   7.8358572955210710E-03   2.3429213313608008E-04
       5   3.4728818897637792E+00       49   1.4402000000000001E+00   3.6515332580297540E-03   7.5739227930684541E-03   2.2646029151274683E-04
       5   3.4728818897637792E+00       50   1.4701000000000002E+00   3.3224517060130290E-03   7.1804627255496406E-03   2.1469583549393431E-04
 
       6   4.3411023622047242E+00        1   5.0000000000000001E-03   2.0466876155101195E+02   5.1167190387752994E-03   1.5298989925938147E-04
       6   4.3411023622047242E+00        2   3.4900000000000000E-02   2.7953891043422452E+01   3.4048118829798982E-02   1.0180387530109897E-03
       6   4.3411023622047242E+00        3   6.4800000000000010E-02   1.3818013161495704E+01   5.8022389985646940E-02   1.7348694605708438E-03
       6   4.3411023622047242E+00        4   9.4700000000000006E-02   8.8795095146849299E+00   7.9632240483550790E-02   2.3810039904581691E-03
       6   4.3411023622047242E+00        5   1.2460000000000002E-01   6.9594239476894808E+00   1.0804617029571086E-01   3.2305804918417551E-03
       6   4.3411023622047242E+00        6   1.5450000000000003E-01   6.3446515827202949E+00   1.5144841944242918E-01   4.5283077413286335E-03
       6   4.3411023622047242E+00        7   1.8440000000000001E-01   5.9897327193801502E+00   2.0367103796086225E-01   6.0897640350297830E-03
       6   4.3411023622047242E+00        8   2.1430000000000002E-01   5.3394460052846533E+00   2.4521133467523504E-01   7.3318189067895292E-03
       6   4.3411023622047242E+00        9   2.4420000000000003E-01   4.3396891175354968E+00   2.5879145854702956E-01   7.7378646105561860E-03
       6   4.3411023622047242E+00       10   2.7410000000000001E-01   3.0933884964886365E+00   2.3240878338587342E-01   6.9490226232376169E-03
       6   4.3411023622047242E+00       11   3.0400000000000005E-01   1.8863462240520437E+00   1.7432857264199372E-01   5.2124243219956136E-03
       6   4.3411023622047242E+00       12   3.3390000000000003E-01   1.1220784932192946E+00   1.2509964476700955E-01   3.7404793785335865E-03
       6   4.3411023622047242E+00       13   3.6380000000000001E-01   1.0287630091575335E+00   1.3615723691772361E-01   4.0711013838399370E-03
       6   4.3411023622047242E+00       14   3.9370000000000005E-01   8.6822722343208447E-01   1.3457495048153387E-01   4.0237910193978632E-03
       6   4.3411023622047242E+00       15   4.2360000000000003E-01   5.2038436816316969E-01   9.3376189054719977E-02   2.7919480527361278E-03
       6   4.3411023622047242E+00       16   4.5350000000000007E-01   5.3383134678191435E-01   1.0978895589969881E-01   3.2826897814009952E-03
       6   4.3411023622047242E+00       17   4.8340000000000005E-01   8.0921467968308791E-01   1.8909369343516624E-01   5.6539014337114715E-03
       6   4.3411023622047242E+00       18   5.1330000000000009E-01   8.6025127530797096E-01   2.2665633063667803E-01   6.7770242860366748E-03
       6   4.3411023622047242E+00       19   5.4320000000000002E-01   8.3828518976289168E-01   2.4734965899102296E-01   7.3957548038315881E-03
       6   4.3411023622047242E+00       20   5.7310000000000005E-01   7.2802232363963859E-01   2.3911428013679129E-01   7.1495169760900611E-03
       6   4.3411023622047242E+00       21   6.0300000000000009E-01   7.5939828136223919E-01   2.7612404968784254E-01   8.2561090856664941E-03
       6   4.3411023622047242E+00       22   6.3290000000000002E-01   6.8776820121878235E-01   2.7549408820156041E-01   8.2372732372266583E-03
       6   4.3411023622047242E+00       23   6.6280000000000006E-01   6.6497990799199402E-01   2.9212822710372971E-01   8.7346339904015198E-03
       6   4.3411023622047242E+00       24   6.9270000000000009E-01   5.1638756417656506E-01   2.4777994383392743E-01   7.4086203206344316E-03
       6   4.3411023622047242E+00       25   7.2260000000000002E-01   3.3102478401522567E-01   1.7284484255238594E-01   5.1680607923163405E-03
       6   4.3411023622047242E+00       26   7.5250000000000006E-01   1.7498888770713947E-01   9.9088551344715919E-02   2.9627476852070065E-03
       6   4.3411023622047242E+00       27   7.8240000000000010E-01   8.7949969598646038E-02   5.3838552781818476E-02   1.6097727281763727E-03
       6   4.3411023622047242E+00       28   8.1230000000000013E-01   5.5193167829464700E-02   3.6418179128102204E-02   1.0889035559302560E-03
       6   4.3411023622047242E+00       29   8.4220000000000006E-01   3.2863412404376707E-02   2.3310046023690825E-02   6.9697037610835582E-04
       6   4.3411023622047242E+00       30   8.7210000000000010E-01   4.2397092496135019E-02   3.2245465257483390E-02   9.6413941119875357E-04
       6   4.3411023622047242E+00       31   9.0200000000000014E-01   5.1669524219587558E-02   4.2038531583153328E-02   1.2569520943362849E-03
       6   4.3411023622047242E+00       32   9.3190000000000006E-01   5.1722023889711394E-02   4.4917350811143869E-02   1.3430287892532019E-03
       6   4.3411023622047242E+00       33   9.6180000000000010E-01   3.6052804787835867E-02   3.3350980196903815E-02   9.9719430788742418E-04
       6   4.3411023622047242E+00       34   9.9170000000000014E-01   2.3814837492766798E-02   2.3421151794541753E-02   7.0029243865679853E-04
       6   4.3411023622047242E+00       35   1.0216000000000001E+00   1.3721424508038860E-02   1.4320591914604611E-02   4.2818569824667796E-04
       6   4.3411023622047242E+00       36   1.0515000000000001E+00   1.0947424690560460E-02   1.2104044740823728E-02   3.6191093775062954E-04
       6   4.3411023622047242E+00       37   1.0814000000000001E+00   1.3308316002669301E-02   1.5563090217404915E-02   4.6533639750040705E-04
       6   4.3411023622047242E+00       38   1.1113000000000002E+00   1.1624895414935311E-02   1.4356602734982555E-02   4.2926242177597848E-04
       6   4.3411023622047242E+00       39   1.1412000000000002E+00   1.1259022322737816E-02   1.4663046308697227E-02   4.3842508463004716E-04
       6   4.3411023622047242E+00       40   1.1711000000000000E+00   9.6389892986907966E-03   1.3219634872609713E-02   3.9526708269103049E-04
       6   4.3411023622047242E+00       41   1.2010000000000001E+00   7.4870872503953936E-03   1.0799382137057568E-02   3.2290152589802137E-04
       6   4.3411023622047242E+00       42   1.2309000000000001E+00   7.4088808662707058E-03   1.1225305126012377E-02   3.3563662326777013E-04
       6   4.3411023622047242E+00       43   1.2608000000000001E+00   6.6344318273789124E-03   1.0546203229747130E-02   3.1533147656943926E-04
       6   4.3411023622047242E+00       44   1.2907000000000002E+00   4.9987872448317783E-03   8.3275121132944802E-03   2.4899261218750503E-04
       6   4.3411023622047242E+00       45   1.3206000000000002E+00   5.3662913156435933E-03   9.3587281256862533E-03   2.7982597095801905E-04
       6   4.3411023622047242E+00       46   1.3505000000000000E+00   5.1791125212900472E-03   9.4459256667329822E-03   2.8243317743531623E-04
       6   4.3411023622047242E+00       47   1.3804000000000001E+00   4.6875034057004905E-03   8.9320572395764544E-03   2.6706851146333606E-04
       6   4.3411023622047242E+00       48   1.4103000000000001E+00   4.2140168051258142E-03   8.3814522477492805E-03   2.5060542220770352E-04
       6   4.3411023622047242E+00       49   1.4402000000000001E+00   4.1567585211608089E-03   8.6218489286575845E-03   2.5779328296686183E-04
       6   4.3411023622047242E+00       50   1.4701000000000002E+00   3.1308537213373790E-03   6.7663823087405544E-03   2.0231483103134263E-04
 
       7   5.2093228346456693E+00        1   5.0000000000000001E-03   1.9334498676490580E+02   4.8336246691226452E-03   1.4452537760676712E-04
       7   5.2093228346456693E+00        2   3.4900000000000000E-02   2.6491059193049939E+01   3.2266375007726757E-02   9.6476461273103020E-04
       7   5.2093228346456693E+00        3   6.4800000000000010E-02   1.3288044970852575E+01   5.5797032354408811E-02   1.6683312673968238E-03
       7   5.2093228346456693E+00        4   9.4700000000000006E-02   8.7829193739390270E+00   7.8766011408228864E-02   2.3551037411060436E-03
       7   5.2093228346456693E+00        5   1.2460000000000002E-01   7.1050500923973727E+00   1.1030703949248404E-01   3.2981804808252732E-03
       7   5.2093228346456693E+00        6   1.5450000000000003E-01   6.5629540191504763E+00   1.5665935317562671E-01   4.6841146599512400E-03
       7   5.2093228346456693E+00        7   1.8440000000000001E-01   6.1437187393008159E+00   2.0890708003119182E-01   6.2463216929326366E-03
       7   5.2093228346456693E+00        8   2.1430000000000002E-01   5.3840539583616023E+00   2.4725993217023784E-01   7.3930719718901129E-03
       7   5.2093228346456693E+00        9   2.4420000000000003E-01   4.3185231269763449E+00   2.5752925348578171E-01   7.7001246792248743E-03
       7   5.2093228346456693E+00       10   2.7410000000000001E-01   3.0853511837210057E+00   2.3180493356741799E-01   6.9309675136657997E-03
       7   5.2093228346456693E+00       11   3.0400000000000005E-01   1.8912188902938616E+00   1.7477888496539756E-01   5.2258886604653878E-03
       7   5.2093228346456693E+00       12   3.3390000000000003E-01   1.1386288380557699E+00   1.2694482963805573E-01   3.7956504061778672E-03
       7   5.2093228346456693E+00       13   3.6380000000000001E-01   1.0695587299433738E+00   1.4155656851384671E-01   4.2325413985640171E-03
       7   5.2093228346456693E+00       14   3.9370000000000005E-01   9.0278815085470410E-01   1.3993188351815242E-01   4.1839633171927579E-03
       7   5.2093228346456693E+00       15   4.2360000000000003E-01   5.4255218041496001E-01   9.7353913895031979E-02   2.9108820254614568E-03
       7   5.2093228346456693E+00       16   4.5350000000000007E-01   5.7223348891540626E-01   1.1768682685569255E-01   3.5188361229852080E-03
       7   5.2093228346456693E+00       17   4.8340000000000005E-01   8.6197748356884529E-01   2.0142307118034078E-01   6.0225498282921903E-03
       7   5.2093228346456693E+00       18   5.1330000000000009E-01   8.8465390136565913E-01   2.3308585865819068E-01   6.9692671738799030E-03
       7   5.2093228346456693E+00       19   5.4320000000000002E-01   8.3860085124292694E-01   2.4744280003704980E-01   7.3985397211077907E-03
       7   5.2093228346456693E+00       20   5.7310000000000005E-01   7.3317260932701378E-01   2.4080585856048412E-01   7.2000951709584766E-03
       7   5.2093228346456693E+00       21   6.0300000000000009E-01   7.6230540884406384E-01   2.7718110740438129E-01   8.2877151113910016E-03
       7   5.2093228346456693E+00       22   6.3290000000000002E-01   6.8747264024122257E-01   2.7537569758408714E-01   8.2337333577642072E-03
       7   5.2093228346456693E+00       23   6.6280000000000006E-01   6.5270178481781238E-01   2.8673440044531873E-01   8.5733585733150323E-03
       7   5.2093228346456693E+00       24   6.9270000000000009E-01   5.0806980553806513E-01   2.4378880634099009E-01   7.2892853095956056E-03
       7   5.2093228346456693E+00       25   7.2260000000000002E-01   3.1513907270170499E-01   1.6455010631689054E-01   4.9200481788750283E-03
       7   5.2093228346456693E+00       26   7.5250000000000006E-01   1.6122615307134910E-01   9.1295316840108151E-02   2.7297299735192342E-03
       7   5.2093228346456693E+00       27   7.8240000000000010E-01   8.1870617962805356E-02   5.0117079136982996E-02   1.4985006661957919E-03
       7   5.2093228346456693E+00       28   8.1230000000000013E-01   5.3878385786346794E-02   3.5550644796522882E-02   1.0629642794160344E-03
       7   5.2093228346456693E+00       29   8.4220000000000006E-01   3.2310025514088084E-02   2.2917528237564114E-02   6.8523409430316711E-04
       7   5.2093228346456693E+00       30   8.7210000000000010E-01   4.2478998622158801E-02   3.2307759650461294E-02   9.6600201354879293E-04
       7   5.2093228346456693E+00       31   9.0200000000000014E-01   5.0619456219093237E-02   4.1184192057679148E-02   1.2314073425246069E-03
       7   5.2093228346456693E+00       32   9.3190000000000006E-01   4.7384230830740587E-02   4.1150248174336670E-02   1.2303924204126668E-03
       7   5.2093228346456693E+00       33   9.6180000000000010E-01   3.2965084219204459E-02   3.0494655754353277E-02   9.1179020705516316E-04
       7   5.2093228346456693E+00       34   9.9170000000000014E-01   2.2268120171642550E-02   2.1900003427591914E-02   6.5481010248499838E-04
       7   5.2093228346456693E+00       35   1.0216000000000001E+00   1.4140264872879896E-02   1.4757721597367400E-02   4.4125587576128537E-04
       7   5.2093228346456693E+00       36   1.0515000000000001E+00   1.2525471338552642E-02   1.3848815567781243E-02   4.1407958547665926E-04
       7   5.2093228346456693E+00       37   1.0814000000000001E+00   1.4512836365084282E-02   1.6971687598561602E-02   5.0745345919699200E-04
       7   5.2093228346456693E+00       38   1.1113000000000002E+00   1.2808125572080394E-02   1.5817877413493497E-02   4.7295453466345569E-04
       7   5.2093228346456693E+00       39   1.1412000000000002E+00   1.2346426594935875E-02   1.6079213604796711E-02   4.8076848678342175E-04
       7   5.2093228346456693E+00       40   1.1711000000000000E+00   1.1035476066516878E-02   1.5134881855776210E-02   4.5253296748770877E-04
       7   5.2093228346456693E+00       41   1.2010000000000001E+00   9.3525992576712035E-03   1.3490198521864205E-02   4.0335693580373979E-04
       7   5.2093228346456693E+00       42   1.2309000000000001E+00   9.1082627045362755E-03   1.3800063717013568E-02   4.1262190513870575E-04
       7   5.2093228346456693E+00       43   1.2608000000000001E+00   8.2019818645033878E-03   1.3038006852792815E-02   3.8983640489850525E-04
       7   5.2093228346456693E+00       44   1.2907000000000002E+00   5.8130519870618113E-03   9.6840010319536700E-03   2.8955163085541482E-04
       7   5.2093228346456693E+00       45   1.3206000000000002E+00   6.4444683173690226E-03   1.1239051954007095E-02   3.3604765342481221E-04
       7   5.2093228346456693E+00       46   1.3505000000000000E+00   5.3971584018362275E-03   9.8436087004786042E-03   2.9432390014431031E-04
       7   5.2093228346456693E+00       47   1.3804000000000001E+00   5.2355516612890025E-03   9.9763654704811064E-03   2.9829332756738515E-04
       7   5.2093228346456693E+00       48   1.4103000000000001E+00   3.8470161659844167E-03   7.6515077615014974E-03   2.2878008206889483E-04
       7   5.2093228346456693E+00       49   1.4402000000000001E+00   4.0519212513546671E-03   8.4043979755266691E-03   2.5129149946824747E-04
       7   5.2093228346456693E+00       50   1.4701000000000002E+00   2.5803097322407596E-03   5.5765499372634345E-03   1.6673884312417672E-04
 
       8   6.0775433070866134E+00        1   5.0000000000000001E-03   1.7461753869043989E+02   4.3654384672609974E-03   1.3052661017110386E-04
       8   6.0775433070866134E+00        2   3.4900000000000000E-02   2.4000770423263859E+01   2.9233178383239616E-02   8.7407203365886469E-04
       8   6.0775433070866134E+00        3   6.4800000000000010E-02   1.2216968868927802E+01   5.1299540959382613E-02   1.5338562746855405E-03
       8   6.0775433070866134E+00        4   9.4700000000000006E-02   8.3233122063865803E+00   7.4644212964973436E-02   2.2318619676527061E-03
       8   6.0775433070866134E+00        5   1.2460000000000002E-01   6.9848423911614095E+00   1.0844079569756350E-01   3.2423797913571492E-03
       8   6.0775433070866134E+00        6   1.5450000000000003E-01   6.6093561066494448E+00   1.5776698260474897E-01   4.7172327798819949E-03
       8   6.0775433070866134E+00        7   1.8440000000000001E-01   6.2380351765648854E+00   2.1211415580139939E-01   6.3422132584618433E-03
       8   6.0775433070866134E+00        8   2.1430000000000002E-01   5.4478348747652685E+00   2.5018903822780886E-01   7.4806522430114868E-03
       8   6.0775433070866134E+00        9   2.4420000000000003E-01   4.3302754228455758E+00   2.5823008566682093E-01   7.7210795614379478E-03
       8   6.0775433070866134E+00       10   2.7410000000000001E-01   3.0852465233398751E+00   2.3179707034820873E-01   6.9307324034114425E-03
       8   6.0775433070866134E+00       11   3.0400000000000005E-01   1.9067961144197014E+00   1.7621846971021118E-01   5.2689322443353155E-03
       8   6.0775433070866134E+00       12   3.3390000000000003E-01   1.1799294273120928E+00   1.3154939970677768E-01   3.9333270512326530E-03
       8   6.0775433070866134E+00       13   3.6380000000000001E-01   1.1277671568187735E+00   1.4926047942251369E-01   4.4628883347331604E-03
       8   6.0775433070866134E+00       14   3.9370000000000005E-01   9.4591644874600034E-01   1.4661675632153098E-01   4.3838410140137774E-03
       8   6.0775433070866134E+00       15   4.2360000000000003E-01   5.7570308929181913E-01   1.0330241220513260E-01   3.0887421249334653E-03
       8   6.0775433070866134E+00       16   4.5350000000000007E-01   6.1414319907336068E-01   1.2630607214362533E-01   3.7765515570943979E-03
       8   6.0775433070866134E+00       17   4.8340000000000005E-01   9.0970192794637872E-01   2.1257510744594976E-01   6.3559957126338995E-03
       8   6.0775433070866134E+00       18   5.1330000000000009E-01   9.0464683753094077E-01   2.3835353530098763E-01   7.1267707054995313E-03
       8   6.0775433070866134E+00       19   5.4320000000000002E-01   8.2057671378064423E-01   2.4212448556681090E-01   7.2395221184476475E-03
       8   6.0775433070866134E+00       20   5.7310000000000005E-01   7.1829750792064284E-01   2.3592022655545958E-01   7.0540147740082429E-03
       8   6.0775433070866134E+00       21   6.0300000000000009E-01   7.4491534059331643E-01   2.7085792207779530E-01   8.0986518701260807E-03
       8   6.0775433070866134E+00       22   6.3290000000000002E-01   6.7342987853553449E-01   2.6975069511220101E-01   8.0655457838548113E-03
       8   6.0775433070866134E+00       23   6.6280000000000006E-01   6.2786606624636210E-01   2.7582397390772129E-01   8.2471368198408675E-03
       8   6.0775433070866134E+00       24   6.9270000000000009E-01   4.8974718687823265E-01   2.3499700394802728E-01   7.0264104180460174E-03
       8   6.0775433070866134E+00       25   7.2260000000000002E-01   2.9873670545323228E-01   1.5598559779230139E-01   4.6639693739898127E-03
       8   6.0775433070866134E+00       26   7.5250000000000006E-01   1.4641562427894556E-01   8.2908762345604681E-02   2.4789719941335805E-03
       8   6.0775433070866134E+00       27   7.8240000000000010E-01   7.5812708106947235E-02   4.6408731072617809E-02   1.3876210590712727E-03
       8   6.0775433070866134E+00       28   8.1230000000000013E-01   5.7240704929337145E-02   3.7769208174033897E-02   1.1292993244036138E-03
       8   6.0775433070866134E+00       29   8.4220000000000006E-01   3.5017322680568091E-02   2.4837816391878004E-02   7.4265071011715244E-04
       8   6.0775433070866134E+00       30   8.7210000000000010E-01   4.6856830327427726E-02   3.5637356371468219E-02   1.0655569555069000E-03
       8   6.0775433070866134E+00       31   9.0200000000000014E-01   5.2788004705566431E-02   4.2948531780467682E-02   1.2841611002359840E-03
       8   6.0775433070866134E+00       32   9.3190000000000006E-01   4.6640261843247668E-02   4.0504157524924200E-02   1.2110743099952338E-03
       8   6.0775433070866134E+00       33   9.6180000000000010E-01   3.2136271684085074E-02   2.9727955060513265E-02   8.8886585630934686E-04
       8   6.0775433070866134E+00       34   9.9170000000000014E-01   2.1875760589494503E-02   2.1514129984855909E-02   6.4327248654719182E-04
       8   6.0775433070866134E+00       35   1.0216000000000001E+00   1.5346434818202772E-02   1.6016560834977916E-02   4.7889516896583976E-04
       8   6.0775433070866134E+00       36   1.0515000000000001E+00   1.4742187749457084E-02   1.6299733055109664E-02   4.8736201834777905E-04
       8   6.0775433070866134E+00       37   1.0814000000000001E+00   1.6834420275595039E-02   1.9686608091831200E-02   5.8862958194575300E-04
       8   6.0775433070866134E+00       38   1.1113000000000002E+00   1.4556429109845411E-02   1.7977010761016744E-02   5.3751262175440076E-04
       8   6.0775433070866134E+00       39   1.1412000000000002E+00   1.3974666264674611E-02   1.8199731087990702E-02   5.4417195953092214E-04
       8   6.0775433070866134E+00       40   1.1711000000000000E+00   1.2183905397599696E-02   1.6709924213793179E-02   4.9962673399241619E-04
       8   6.0775433070866134E+00       41   1.2010000000000001E+00   1.1071292146975711E-02   1.5969242864089916E-02   4.7748036163628859E-04
       8   6.0775433070866134E+00       42   1.2309000000000001E+00   1.0432751596183686E-02   1.5806816452429047E-02   4.7262381192762862E-04
       8   6.0775433070866134E+00       43   1.2608000000000001E+00   9.5462026486145095E-03   1.5174802579049702E-02   4.5372659711358617E-04
       8   6.0775433070866134E+00       44   1.2907000000000002E+00   6.2123196233658511E-03   1.0349143578519529E-02   3.0943939299773397E-04
       8   6.0775433070866134E+00       45   1.3206000000000002E+00   6.9814520813091564E-03   1.2175543239892622E-02   3.6404874287278950E-04
       8   6.0775433070866134E+00       46   1.3505000000000000E+00   4.8361365667338660E-03   8.8203888862717038E-03   2.6372962769952401E-04
       8   6.0775433070866134E+00       47   1.3804000000000001E+00   5.0526347863197466E-03   9.6278166042929898E-03   2.8787171646836048E-04
       8   6.0775433070866134E+00       48   1.4103000000000001E+00   3.1377184452648648E-03   6.2407528332304322E-03   1.8659850971358997E-04
       8   6.0775433070866134E+00       49   1.4402000000000001E+00   3.4760662559284359E-03   7.2099733414992704E-03   2.1557820291082824E-04
       8   6.0775433070866134E+00       50   1.4701000000000002E+00   2.1234279374014306E-03   4.5891397389786273E-03   1.3721527819546099E-04
 
       9   6.9457637795275584E+00        1   5.0000000000000001E-03   1.5206702874487507E+02   3.8016757186218769E-03   1.1367010398679414E-04
       9   6.9457637795275584E+00        2   3.4900000000000000E-02   2.0945380076015855E+01   2.5511682386388072E-02   7.6279930335300351E-04
       9   6.9457637795275584E+00        3   6.4800000000000010E-02   1.0788080196761847E+01   4.5299580269410875E-02   1.3544574500553854E-03
       9   6.9457637795275584E+00        4   9.4700000000000006E-02   7.5648950194091427E+00   6.7842659374612951E-02   2.0284955153009277E-03
       9   6.9457637795275584E+00        5   1.2460000000000002E-01   6.5984750883180112E+00   1.0244238150215129E-01   3.0630272069143245E-03
       9   6.9457637795275584E+00        6   1.5450000000000003E-01   6.4531041100229034E+00   1.5403720838227428E-01   4.6057125306300023E-03
       9   6.9457637795275584E+00        7   1.8440000000000001E-01   6.2305601833848483E+00   2.1185998091730104E-01   6.3346134294273030E-03
       9   6.9457637795275584E+00        8   2.1430000000000002E-01   5.4935672158172473E+00   2.5228927266712703E-01   7.5434492527471000E-03
       9   6.9457637795275584E+00        9   2.4420000000000003E-01   4.3579740299441383E+00   2.5988185443103801E-01   7.7704674474880385E-03
       9   6.9457637795275584E+00       10   2.7410000000000001E-01   3.0890229655572372E+00   2.3208079751091734E-01   6.9392158455764304E-03
       9   6.9457637795275584E+00       11   3.0400000000000005E-01   1.9260102879753194E+00   1.7799416677352717E-01   5.3220255865284631E-03
       9   6.9457637795275584E+00       12   3.3390000000000003E-01   1.2268179556517138E+00   1.3677696468942463E-01   4.0896312442137974E-03
       9   6.9457637795275584E+00       13   3.6380000000000001E-01   1.1789299981977412E+00   1.5603190399067027E-01   4.6653539293210417E-03
       9   6.9457637795275584E+00       14   3.9370000000000005E-01   9.8087450822333733E-01   1.5203524470351978E-01   4.5458538166352428E-03
       9   6.9457637795275584E+00       15   4.2360000000000003E-01   6.1233396148961350E-01   1.0987534455445334E-01   3.2852728021781556E-03
       9   6.9457637795275584E+00       16   4.5350000000000007E-01   6.4537482425938508E-01   1.3272923845053977E-01   3.9686042296711403E-03
       9   6.9457637795275584E+00       17   4.8340000000000005E-01   9.3813635772060378E-01   2.1921953874672245E-01   6.5546642085270029E-03
       9   6.9457637795275584E+00       18   5.1330000000000009E-01   9.1669238426307587E-01   2.4152725849232023E-01   7.2216650289203769E-03
       9   6.9457637795275584E+00       19   5.4320000000000002E-01   7.9344912489917385E-01   2.3412004991528965E-01   7.0001894924671621E-03
       9   6.9457637795275584E+00       20   5.7310000000000005E-01   6.8450939603778282E-01   2.2482273711356912E-01   6.7221998396957182E-03
       9   6.9457637795275584E+00       21   6.0300000000000009E-01   7.1347158387470855E-01   2.5942468914109901E-01   7.7567982053188623E-03
       9   6.9457637795275584E+00       22   6.3290000000000002E-01   6.5271971619101665E-01   2.6145498257198968E-01   7.8175039789024937E-03
       9   6.9457637795275584E+00       23   6.6280000000000006E-01   6.0208139012197193E-01   2.6449666667312038E-01   7.9084503335263012E-03
       9   6.9457637795275584E+00       24   6.9270000000000009E-01   4.6579891567482345E-01   2.2350582618668316E-01   6.6828242029818279E-03
       9   6.9457637795275584E+00       25   7.2260000000000002E-01   2.8582975369280428E-01   1.4924622312131058E-01   4.4624620713271876E-03
       9   6.9457637795275584E+00       26   7.5250000000000006E-01   1.3579651808090221E-01   7.6895627091548902E-02   2.2991792500373126E-03
       9   6.9457637795275584E+00       27   7.8240000000000010E-01   7.1333154686193140E-02   4.3666573521196010E-02   1.3056305482837610E-03
       9   6.9457637795275584E+00       28   8.1230000000000013E-01   6.2258731150036072E-02   4.1080258888491497E-02   1.2282997407658961E-03
       9   6.9457637795275584E+00       29   8.4220000000000006E-01   3.9595918492113823E-02   2.8085418247027875E-02   8.3975400558613362E-04
       9   6.9457637795275584E+00       30   8.7210000000000010E-01   5.2391578857599860E-02   3.9846855913325770E-02   1.1914209918084408E-03
       9   6.9457637795275584E+00       31   9.0200000000000014E-01   5.6092093331098894E-02   4.5636751502555396E-02   1.3645388699264067E-03
       9   6.9457637795275584E+00       32   9.3190000000000006E-01   4.8349294448165471E-02   4.1988345715751094E-02   1.2554515369009580E-03
       9   6.9457637795275584E+00       33   9.6180000000000010E-01   3.3220306209215282E-02   3.0730751214463975E-02   9.1884946131247304E-04
       9   6.9457637795275584E+00       34   9.9170000000000014E-01   2.2290655069076067E-02   2.1922165798157121E-02   6.5547275736489805E-04
       9   6.9457637795275584E+00       35   1.0216000000000001E+00   1.6773368825442819E-02   1.7505804141661148E-02   5.2342354383566841E-04
       9   6.9457637795275584E+00       36   1.0515000000000001E+00   1.6843737135855477E-02   1.8623315862667165E-02   5.5683714429374830E-04
       9   6.9457637795275584E+00       37   1.0814000000000001E+00   1.9550332237325257E-02   2.2862666044953042E-02   6.8359371474409607E-04
       9   6.9457637795275584E+00       38   1.1113000000000002E+00   1.6143933028758883E-02   1.9937558558701642E-02   5.9613300090517924E-04
       9   6.9457637795275584E+00       39   1.1412000000000002E+00   1.5484090018459164E-02   2.0165510155369670E-02   6.0294875364555326E-04
       9   6.9457637795275584E+00       40   1.1711000000000000E+00   1.2452572092123703E-02   1.7078393925085495E-02   5.1064397836005646E-04
       9   6.9457637795275584E+00       41   1.2010000000000001E+00   1.1851816392603097E-02   1.7095071816507101E-02   5.1114264731356247E-04
       9   6.9457637795275584E+00       42   1.2309000000000001E+00   1.0650277164868304E-02   1.6136392663096782E-02   4.8247814062659386E-04
       9   6.9457637795275584E+00       43   1.2608000000000001E+00   9.9194719359116182E-03   1.5768157649338126E-02   4.7146791371521009E-04
       9   6.9457637795275584E+00       44   1.2907000000000002E+00   5.9963865628454901E-03   9.9894192915930980E-03   2.9868363681863369E-04
       9   6.9457637795275584E+00       45   1.3206000000000002E+00   6.7162956984369356E-03   1.1713114655209297E-02   3.5022212819075805E-04
       9   6.9457637795275584E+00       46   1.3505000000000000E+00   3.8461801598154446E-03   7.0148566460244387E-03   2.0974421371613077E-04
       9   6.9457637795275584E+00       47   1.3804000000000001E+00   4.3023119033616551E-03   8.1980732294731525E-03   2.4512238956124732E-04
       9   6.9457637795275584E+00       48   1.4103000000000001E+00   2.5872158917484454E-03   5.1458329318789346E-03   1.5386040466318018E-04
       9   6.9457637795275584E+00       49   1.4402000000000001E+00   2.8245892904096496E-03   5.8586954290082973E-03   1.7517499332734814E-04
       9   6.9457637795275584E+00       50   1.4701000000000002E+00   2.0866738026364498E-03   4.5097069230818181E-03   1.3484023700014640E-04
 
      10   7.8139842519685034E+00        1   5.0000000000000001E-03   1.3076944242843143E+02   3.2692360607107858E-03   9.7750158215252522E-05
      10   7.8139842519685034E+00        2   3.4900000000000000E-02   1.7989886116752199E+01   2.1911861189065348E-02   6.5516464955305399E-04
      10   7.8139842519685034E+00        3   6.4800000000000010E-02   9.2955177259976143E+00   3.9032250752173030E-02   1.1670642974899738E-03
      10   7.8139842519685034E+00        4   9.4700000000000006E-02   6.6523141595796700E+00   5.9658552091384855E-02   1.7837907075324076E-03
      10   7.8139842519685034E+00        5   1.2460000000000002E-01   6.0095654081741978E+00   9.3299464492369755E-02   2.7896539883218562E-03
      10   7.8139842519685034E+00        6   1.5450000000000003E-01   6.1019879469663332E+00   1.4565597779107317E-01   4.3551137359530891E-03
      10   7.8139842519685034E+00        7   1.8440000000000001E-01   6.0808916109457574E+00   2.0677074656796854E-01   6.1824453223822606E-03
      10   7.8139842519685034E+00        8   2.1430000000000002E-01   5.4624713445601936E+00   2.5086121063854117E-01   7.5007501980923824E-03
      10   7.8139842519685034E+00        9   2.4420000000000003E-01   4.3683707522140214E+00   2.6050184882406024E-01   7.7890052798394033E-03
      10   7.8139842519685034E+00       10   2.7410000000000001E-01   3.0941970823763207E+00   2.3246953309856971E-01   6.9508390396472363E-03
      10   7.8139842519685034E+00       11   3.0400000000000005E-01   1.9365127324178957E+00   1.7896476067913231E-01   5.3510463443060567E-03
      10   7.8139842519685034E+00       12   3.3390000000000003E-01   1.2505421464038020E+00   1.3942195597426424E-01   4.1687164836305014E-03
      10   7.8139842519685034E+00       13   3.6380000000000001E-01   1.2017812185751779E+00   1.5905627306216100E-01   4.7557825645586152E-03
      10   7.8139842519685034E+00       14   3.9370000000000005E-01   9.9780251347719739E-01   1.5465908027018646E-01   4.6243065000785765E-03
      10   7.8139842519685034E+00       15   4.2360000000000003E-01   6.4443392308224534E-01   1.1563526407875195E-01   3.4574943959546842E-03
      10   7.8139842519685034E+00       16   4.5350000000000007E-01   6.5938470754284562E-01   1.3561054256885366E-01   4.0547552228087256E-03
      10   7.8139842519685034E+00       17   4.8340000000000005E-01   9.4459389770331537E-01   2.2072850801840499E-01   6.5997823897503104E-03
      10   7.8139842519685034E+00       18   5.1330000000000009E-01   9.2039845094624761E-01   2.4250372141613494E-01   7.2508612703424359E-03
      10   7.8139842519685034E+00       19   5.4320000000000002E-01   7.6772570690649145E-01   2.2652993768824048E-01   6.7732451368783921E-03
      10   7.8139842519685034E+00       20   5.7310000000000005E-01   6.4235135084616402E-01   2.1097619656029071E-01   6.3081882771526933E-03
      10   7.8139842519685034E+00       21   6.0300000000000009E-01   6.7730197157798788E-01   2.4627309258350069E-01   7.3635654682466722E-03
      10   7.8139842519685034E+00       22   6.3290000000000002E-01   6.3215922364108357E-01   2.5321922212540143E-01   7.5712547415495044E-03
      10   7.8139842519685034E+00       23   6.6280000000000006E-01   5.8358989403420858E-01   2.5637328143442095E-01   7.6655611148891880E-03
      10   7.8139842519685034E+00       24   6.9270000000000009E-01   4.4150063063575196E-01   2.1184670013502771E-01   6.3342163340373301E-03
      10   7.8139842519685034E+00       25   7.2260000000000002E-01   2.7552618099209975E-01   1.4386620480492246E-01   4.3015995236671822E-03
      10   7.8139842519685034E+00       26   7.5250000000000006E-01   1.3054286750258709E-01   7.3920714616261846E-02   2.2102293670262295E-03
      10   7.8139842519685034E+00       27   7.8240000000000010E-01   6.8505855402794261E-02   4.1935842943415215E-02   1.2538817040081151E-03
      10   7.8139842519685034E+00       28   8.1230000000000013E-01   6.4611107309635263E-02   4.2632430284445078E-02   1.2747096655049081E-03
      10   7.8139842519685034E+00       29   8.4220000000000006E-01   4.4073292855710496E-02   3.1261223644121462E-02   9.3471058695923192E-04
      10   7.8139842519685034E+00       30   8.7210000000000010E-01   5.6436334169384213E-02   4.2923128582095536E-02   1.2834015446046567E-03
      10   7.8139842519685034E+00       31   9.0200000000000014E-01   5.9581634716078649E-02   4.8475856331540466E-02   1.4494281043130604E-03
      10   7.8139842519685034E+00       32   9.3190000000000006E-01   5.1432019356268538E-02   4.4665499967231591E-02   1.3354984490202249E-03
      10   7.8139842519685034E+00       33   9.6180000000000010E-01   3.5584247234432695E-02   3.2917536702656416E-02   9.8423434740942703E-04
      10   7.8139842519685034E+00       34   9.9170000000000014E-01   2.3425386542337664E-02   2.3038138900613767E-02   6.8884035312835178E-04
      10   7.8139842519685034E+00       35   1.0216000000000001E+00   1.7844614454018498E-02   1.8623827381751768E-02   5.5685243871437802E-04
      10   7.8139842519685034E+00       36   1.0515000000000001E+00   1.8371454773723796E-02   2.0312440306340957E-02   6.0734196515959478E-04
      10   7.8139842519685034E+00       37   1.0814000000000001E+00   2.1912406110801700E-02   2.5624936552034152E-02   7.6618560290582136E-04
      10   7.8139842519685034E+00       38   1.1113000000000002E+00   1.7312237567359282E-02   2.1380400282044264E-02   6.3927396843312361E-04
      10   7.8139842519685034E+00       39   1.1412000000000002E+00   1.6627045030247010E-02   2.1654023259456621E-02   6.4745529545775311E-04
      10   7.8139842519685034E+00       40   1.1711000000000000E+00   1.1970730263183404E-02   1.6417559801552815E-02   4.9088503806642928E-04
      10   7.8139842519685034E+00       41   1.2010000000000001E+00   1.1579995983147483E-02   1.6702997786087914E-02   4.9941963380402876E-04
      10   7.8139842519685034E+00       42   1.2309000000000001E+00   9.7147147661920050E-03   1.4718908217183196E-02   4.4009535569377765E-04
      10   7.8139842519685034E+00       43   1.2608000000000001E+00   9.2217527508269177E-03   1.4659051622680247E-02   4.3830564351813949E-04
      10   7.8139842519685034E+00       44   1.2907000000000002E+00   5.3538735667011776E-03   8.9190527214069414E-03   2.6667967637006762E-04
      10   7.8139842519685034E+00       45   1.3206000000000002E+00   5.8359466025460710E-03   1.0177799600635489E-02   3.0431620805900118E-04
      10   7.8139842519685034E+00       46   1.3505000000000000E+00   3.0562043809852042E-03   5.5740591243109601E-03   1.6666436781689775E-04
      10   7.8139842519685034E+00       47   1.3804000000000001E+00   3.4153075960984391E-03   6.5078828320451762E-03   1.9458569667815082E-04
      10   7.8139842519685034E+00       48   1.4103000000000001E+00   2.5629584214831632E-03   5.0975861312415102E-03   1.5241782532412118E-04
      10   7.8139842519685034E+00       49   1.4402000000000001E+00   2.4843923207703215E-03   5.1530670257017956E-03   1.5407670406848372E-04
      10   7.8139842519685034E+00       50   1.4701000000000002E+00   2.4546306204238691E-03   5.3049329936226504E-03   1.5861749650931728E-04
 
      11   8.6822047244094485E+00        1   5.0000000000000001E-03   1.1549695071525235E+02   2.8874237678813090E-03   8.6333970659651155E-05
      11   8.6822047244094485E+00        2   3.4900000000000000E-02   1.5792238645435193E+01   1.9235104592526520E-02   5.7512962731654307E-04
      11   8.6822047244094485E+00        3   6.4800000000000010E-02   8.0621679978918337E+00   3.3853365909867733E-02   1.0122156407050453E-03
      11   8.6822047244094485E+00        4   9.4700000000000006E-02   5.7671128634701363E+00   5.1719987199757900E-02   1.5464276172727615E-03
      11   8.6822047244094485E+00        5   1.2460000000000002E-01   5.3178187085899458E+00   8.2559986301852309E-02   2.4685435904253845E-03
      11   8.6822047244094485E+00        6   1.5450000000000003E-01   5.5942711306546213E+00   1.3353665045650853E-01   3.9927458486496061E-03
      11   8.6822047244094485E+00        7   1.8440000000000001E-01   5.7756868616469630E+00   1.9639275960385189E-01   5.8721435121551722E-03
      11   8.6822047244094485E+00        8   2.1430000000000002E-01   5.3196738500107825E+00   2.4430330852808171E-01   7.3046689249896450E-03
      11   8.6822047244094485E+00        9   2.4420000000000003E-01   4.3333012477774222E+00   2.5841052662150965E-01   7.7264747459831404E-03
      11   8.6822047244094485E+00       10   2.7410000000000001E-01   3.0882717153627679E+00   2.3202435547529421E-01   6.9375282287112983E-03
      11   8.6822047244094485E+00       11   3.0400000000000005E-01   1.9231058689672413E+00   1.7772575198647664E-01   5.3139999843956525E-03
      11   8.6822047244094485E+00       12   3.3390000000000003E-01   1.2353954243975005E+00   1.3773325990369209E-01   4.1182244711203946E-03
      11   8.6822047244094485E+00       13   3.6380000000000001E-01   1.1901832808790509E+00   1.5752128090498599E-01   4.7098862990590821E-03
      11   8.6822047244094485E+00       14   3.9370000000000005E-01   9.9520782245086170E-01   1.5425690396545866E-01   4.6122814285672149E-03
      11   8.6822047244094485E+00       15   4.2360000000000003E-01   6.6439408993300064E-01   1.1921685573954426E-01   3.5645839866123739E-03
      11   8.6822047244094485E+00       16   4.5350000000000007E-01   6.6114193295645707E-01   1.3597193750117417E-01   4.0655609312851082E-03
      11   8.6822047244094485E+00       17   4.8340000000000005E-01   9.3842955677354878E-01   2.1928805219961087E-01   6.5567127607683660E-03
      11   8.6822047244094485E+00       18   5.1330000000000009E-01   9.1655804535620511E-01   2.4149186329493194E-01   7.2206067125184662E-03
      11   8.6822047244094485E+00       19   5.4320000000000002E-01   7.5038109263827912E-01   2.2141212757186873E-01   6.6202226143988767E-03
      11   8.6822047244094485E+00       20   5.7310000000000005E-01   6.0803733255430281E-01   1.9970597651890576E-01   5.9712086979152833E-03
      11   8.6822047244094485E+00       21   6.0300000000000009E-01   6.4537567675087304E-01   2.3466440444770828E-01   7.0164656929864793E-03
      11   8.6822047244094485E+00       22   6.3290000000000002E-01   6.1441683868274699E-01   2.4611228964734239E-01   7.3587574604555388E-03
      11   8.6822047244094485E+00       23   6.6280000000000006E-01   5.7324030414577465E-01   2.5182666685400673E-01   7.5296173389348027E-03
      11   8.6822047244094485E+00       24   6.9270000000000009E-01   4.2218361904744406E-01   2.0257775491164182E-01   6.0570748718580918E-03
      11   8.6822047244094485E+00       25   7.2260000000000002E-01   2.6484385397124288E-01   1.3828841963241351E-01   4.1348237470091647E-03
      11   8.6822047244094485E+00       26   7.5250000000000006E-01   1.2887603050471499E-01   7.2976857748485530E-02   2.1820080466797179E-03
      11   8.6822047244094485E+00       27   7.8240000000000010E-01   6.6719683697206558E-02   4.0842438362520911E-02   1.2211889070393755E-03
      11   8.6822047244094485E+00       28   8.1230000000000013E-01   6.2888634081336867E-02   4.1495888552226481E-02   1.2407270677115721E-03
      11   8.6822047244094485E+00       29   8.4220000000000006E-01   4.7190193987962439E-02   3.3472044235424714E-02   1.0008141226391992E-03
      11   8.6822047244094485E+00       30   8.7210000000000010E-01   5.8742870695917104E-02   4.4677384335322312E-02   1.3358537916261374E-03
      11   8.6822047244094485E+00       31   9.0200000000000014E-01   6.3503942845268044E-02   5.1667061914681477E-02   1.5448451512489764E-03
      11   8.6822047244094485E+00       32   9.3190000000000006E-01   5.5776522410037631E-02   4.8438429815884525E-02   1.4483090514949477E-03
      11   8.6822047244094485E+00       33   9.6180000000000010E-01   3.8695861035619818E-02   3.5795963800756087E-02   1.0702993176426071E-03
      11   8.6822047244094485E+00       34   9.9170000000000014E-01   2.5529430935668500E-02   2.5107401104633567E-02   7.5071129302854386E-04
      11   8.6822047244094485E+00       35   1.0216000000000001E+00   1.8331068850970484E-02   1.9131523568815520E-02   5.7203255470758422E-04
      11   8.6822047244094485E+00       36   1.0515000000000001E+00   1.9007702063172070E-02   2.1015908553475841E-02   6.2837566574892780E-04
      11   8.6822047244094485E+00       37   1.0814000000000001E+00   2.3000437994612169E-02   2.6897309282269816E-02   8.0422954753986767E-04
      11   8.6822047244094485E+00       38   1.1113000000000002E+00   1.8018249444881722E-02   2.2252316259778266E-02   6.6534425616737031E-04
      11   8.6822047244094485E+00       39   1.1412000000000002E+00   1.7217772501096313E-02   2.2423349761580180E-02   6.7045815787124751E-04
      11   8.6822047244094485E+00       40   1.1711000000000000E+00   1.1419345567453644E-02   1.5661349360186056E-02   4.6827434586956316E-04
      11   8.6822047244094485E+00       41   1.2010000000000001E+00   1.0559400932142112E-02   1.5230890463922717E-02   4.5540362487128932E-04
      11   8.6822047244094485E+00       42   1.2309000000000001E+00   8.2897604671582480E-03   1.2559938855143983E-02   3.7554217176880516E-04
      11   8.6822047244094485E+00       43   1.2608000000000001E+00   7.9979478817316860E-03   1.2713671038653444E-02   3.8013876405573808E-04
      11   8.6822047244094485E+00       44   1.2907000000000002E+00   4.7334319109699798E-03   7.8854549404579928E-03   2.3577510271969402E-04
      11   8.6822047244094485E+00       45   1.3206000000000002E+00   4.8227561163385405E-03   8.4108112389887583E-03   2.5148325604576390E-04
      11   8.6822047244094485E+00       46   1.3505000000000000E+00   2.9763920609199683E-03   5.4284934044068998E-03   1.6231195279176633E-04
      11   8.6822047244094485E+00       47   1.3804000000000001E+00   2.8561084734197596E-03   5.4423265775126019E-03   1.6272556466762682E-04
      11   8.6822047244094485E+00       48   1.4103000000000001E+00   3.0391557376377577E-03   6.0447169212756845E-03   1.8073703594614300E-04
      11   8.6822047244094485E+00       49   1.4402000000000001E+00   2.6372940565545467E-03   5.4702121425398466E-03   1.6355934306194145E-04
      11   8.6822047244094485E+00       50   1.4701000000000002E+00   2.9093377043208145E-03   6.2876432196452966E-03   1.8800053226739440E-04
 
      12   9.5504251968503944E+00        1   5.0000000000000001E-03   1.0859104676535364E+02   2.7147761691338410E-03   8.1171807457101859E-05
      12   9.5504251968503944E+00        2   3.4900000000000000E-02   1.4707887214377804E+01   1.7914353705984310E-02   5.3563917580893097E-04
      12   9.5504251968503944E+00        3   6.4800000000000010E-02   7.2951528208998315E+00   3.0632638501071237E-02   9.1591589118203019E-04
      12   9.5504251968503944E+00        4   9.4700000000000006E-02   5.0511479295886748E+00   4.5299149235864908E-02   1.3544445621523611E-03
      12   9.5504251968503944E+00        5   1.2460000000000002E-01   4.6277456371952557E+00   7.1846491456758324E-02   2.1482100945570742E-03
      12   9.5504251968503944E+00        6   1.5450000000000003E-01   5.0024069402691849E+00   1.1940870426596056E-01   3.5703202575522218E-03
      12   9.5504251968503944E+00        7   1.8440000000000001E-01   5.3520345451663021E+00   1.8198715737172605E-01   5.4414160054146099E-03
      12   9.5504251968503944E+00        8   2.1430000000000002E-01   5.0741402648949929E+00   2.3302730385376749E-01   6.9675163852276492E-03
      12   9.5504251968503944E+00        9   2.4420000000000003E-01   4.2349911907980093E+00   2.5254794007521986E-01   7.5511834082490755E-03
      12   9.5504251968503944E+00       10   2.7410000000000001E-01   3.0474025225020651E+00   2.2895381991162339E-01   6.8457192153575409E-03
      12   9.5504251968503944E+00       11   3.0400000000000005E-01   1.8778495318427535E+00   1.7354334233477994E-01   5.1889459358099212E-03
      12   9.5504251968503944E+00       12   3.3390000000000003E-01   1.1894648907811605E+00   1.3261250099592789E-01   3.9651137797782447E-03
      12   9.5504251968503944E+00       13   3.6380000000000001E-01   1.1524987470576846E+00   1.5253371627253329E-01   4.5607581165487462E-03
      12   9.5504251968503944E+00       14   3.9370000000000005E-01   9.7619196964065813E-01   1.5130945267479148E-01   4.5241526349762660E-03
      12   9.5504251968503944E+00       15   4.2360000000000003E-01   6.6802511816115995E-01   1.1986839640647935E-01   3.5840650525537335E-03
      12   9.5504251968503944E+00       16   4.5350000000000007E-01   6.6062509903329369E-01   1.3586564427366005E-01   4.0623827637824364E-03
      12   9.5504251968503944E+00       17   4.8340000000000005E-01   9.3179089861392383E-01   2.1773676003651193E-01   6.5103291250917083E-03
      12   9.5504251968503944E+00       18   5.1330000000000009E-01   9.0582964393649601E-01   2.3866517745419538E-01   7.1360888058804436E-03
      12   9.5504251968503944E+00       19   5.4320000000000002E-01   7.4323991632707775E-01   2.1930500752854548E-01   6.5572197251035115E-03
      12   9.5504251968503944E+00       20   5.7310000000000005E-01   5.9328695759217753E-01   1.9486131011749172E-01   5.8263531725130033E-03
      12   9.5504251968503944E+00       21   6.0300000000000009E-01   6.2309829390947513E-01   2.2656414755013043E-01   6.7742680117489013E-03
      12   9.5504251968503944E+00       22   6.3290000000000002E-01   5.9791381392951781E-01   2.3950179827989926E-01   7.1611037685689891E-03
      12   9.5504251968503944E+00       23   6.6280000000000006E-01   5.6619556248164149E-01   2.4873188478914507E-01   7.4370833551954387E-03
      12   9.5504251968503944E+00       24   6.9270000000000009E-01   4.1095960828517875E-01   1.9719210090058864E-01   5.8960438169276012E-03
      12   9.5504251968503944E+00       25   7.2260000000000002E-01   2.5323709504817971E-01   1.3222794163959928E-01   3.9536154550240191E-03
      12   9.5504251968503944E+00       26   7.5250000000000006E-01   1.2827970657899818E-01   7.2639185598523850E-02   2.1719116493958638E-03
      12   9.5504251968503944E+00       27   7.8240000000000010E-01   6.5717595659058103E-02   4.0229010410469467E-02   1.2028474112730373E-03
      12   9.5504251968503944E+00       28   8.1230000000000013E-01   5.9225797785361703E-02   3.9079034553994363E-02   1.1684631331644317E-03
      12   9.5504251968503944E+00       29   8.4220000000000006E-01   4.8317094614559609E-02   3.4271355796466611E-02   1.0247135383143519E-03
      12   9.5504251968503944E+00       30   8.7210000000000010E-01   6.0269675791235072E-02   4.5838608790997243E-02   1.3705744028508179E-03
      12   9.5504251968503944E+00       31   9.0200000000000014E-01   6.7524972692115909E-02   5.4938587882196285E-02   1.6426637776776694E-03
      12   9.5504251968503944E+00       32   9.3190000000000006E-01   6.0931915205161696E-02   5.2915566813493291E-02   1.5821754477234498E-03
      12   9.5504251968503944E+00       33   9.6180000000000010E-01   4.2092802694632780E-02   3.8938336070166960E-02   1.1642562484979924E-03
      12   9.5504251968503944E+00       34   9.9170000000000014E-01   2.8324504738408168E-02   2.7856269234882030E-02   8.3290245012297291E-04
      12   9.5504251968503944E+00       35   1.0216000000000001E+00   1.8293222162848628E-02   1.9092024246015991E-02   5.7085152495587829E-04
      12   9.5504251968503944E+00       36   1.0515000000000001E+00   1.8414620357323105E-02   2.0360166430970095E-02   6.0876897628600601E-04
      12   9.5504251968503944E+00       37   1.0814000000000001E+00   2.2157746495988916E-02   2.5911843967508480E-02   7.7476413462850371E-04
      12   9.5504251968503944E+00       38   1.1113000000000002E+00   1.7940169733166169E-02   2.2155888776970809E-02   6.6246107443142732E-04
      12   9.5504251968503944E+00       39   1.1412000000000002E+00   1.6809548181591482E-02   2.1891703946370515E-02   6.5456194799647853E-04
      12   9.5504251968503944E+00       40   1.1711000000000000E+00   1.1130816627886106E-02   1.5265639072201589E-02   4.5644260825882763E-04
      12   9.5504251968503944E+00       41   1.2010000000000001E+00   9.1113072397333312E-03   1.3142158673898599E-02   3.9295054434956823E-04
      12   9.5504251968503944E+00       42   1.2309000000000001E+00   7.2064206152813327E-03   1.0918554601302061E-02   3.2646478257893167E-04
      12   9.5504251968503944E+00       43   1.2608000000000001E+00   6.8743916521814830E-03   1.0927647360184780E-02   3.2673665606952498E-04
      12   9.5504251968503944E+00       44   1.2907000000000002E+00   4.4720277825926894E-03   7.4499801064814722E-03   2.2275440518379608E-04
      12   9.5504251968503944E+00       45   1.3206000000000002E+00   4.1845620159797663E-03   7.2978107093187852E-03   2.1820454020863173E-04
      12   9.5504251968503944E+00       46   1.3505000000000000E+00   3.6185175014997943E-03   6.5996340497397749E-03   1.9732905808721930E-04
      12   9.5504251968503944E+00       47   1.3804000000000001E+00   2.9408896625239427E-03   5.6038774860403696E-03   1.6755593683260707E-04
      12   9.5504251968503944E+00       48   1.4103000000000001E+00   3.6546281833010679E-03   7.2688584355804628E-03   2.1733886722385588E-04
      12   9.5504251968503944E+00       49   1.4402000000000001E+00   3.1993522891921550E-03   6.6360198617615197E-03   1.9841699386666947E-04
      12   9.5504251968503944E+00       50   1.4701000000000002E+00   3.1117802432153239E-03   6.7251608220733027E-03   2.0108230857999180E-04
 
      13   1.0418645669291339E+01        1   5.0000000000000001E-03   1.0965264674666422E+02   2.7413161686666056E-03   8.1965353443131525E-05
      13   1.0418645669291339E+01        2   3.4900000000000000E-02   1.4717677983821506E+01   1.7926278961074432E-02   5.3599574093612565E-04
      13   1.0418645669291339E+01        3   6.4800000000000010E-02   7.0424035234016484E+00   2.9571334090904466E-02   8.8418288931804375E-04
      13   1.0418645669291339E+01        4   9.4700000000000006E-02   4.5925127852138052E+00   4.1186067983948083E-02   1.2314634327200479E-03
      13   1.0418645669291339E+01        5   1.2460000000000002E-01   4.0497920211075709E+00   6.2873669094418438E-02   1.8799227059231116E-03
      13   1.0418645669291339E+01        6   1.5450000000000003E-01   4.4314373839065215E+00   1.0577951821319469E-01   3.1628075945745217E-03
      13   1.0418645669291339E+01        7   1.8440000000000001E-01   4.8869187710229269E+00   1.6617165826185018E-01   4.9685325820293218E-03
      13   1.0418645669291339E+01        8   2.1430000000000002E-01   4.7662363950968620E+00   2.1888697566426191E-01   6.5447205723614321E-03
      13   1.0418645669291339E+01        9   2.4420000000000003E-01   4.0702612764287895E+00   2.4272449566449497E-01   7.2574624203684008E-03
      13   1.0418645669291339E+01       10   2.7410000000000001E-01   2.9542548353380202E+00   2.2195555872536210E-01   6.6364712058883286E-03
      13   1.0418645669291339E+01       11   3.0400000000000005E-01   1.8072581343241476E+00   1.6701956774170049E-01   4.9938850754768453E-03
      13   1.0418645669291339E+01       12   3.3390000000000003E-01   1.1345432954503436E+00   1.2648933572055543E-01   3.7820311380446082E-03
      13   1.0418645669291339E+01       13   3.6380000000000001E-01   1.1037977923765707E+00   1.4608812349206779E-01   4.3680348924128275E-03
      13   1.0418645669291339E+01       14   3.9370000000000005E-01   9.4716256807168875E-01   1.4680990443071570E-01   4.3896161424784004E-03
      13   1.0418645669291339E+01       15   4.2360000000000003E-01   6.5780475456704601E-01   1.1803448543305688E-01   3.5292311144484016E-03
      13   1.0418645669291339E+01       16   4.5350000000000007E-01   6.6293246791176086E-01   1.3634018294878558E-01   4.0765714701686898E-03
      13   1.0418645669291339E+01       17   4.8340000000000005E-01   9.2947948171636430E-01   2.1719663839858125E-01   6.4941794881175803E-03
      13   1.0418645669291339E+01       18   5.1330000000000009E-01   8.8952108024117349E-01   2.3436824781138491E-01   7.0076106095604100E-03
      13   1.0418645669291339E+01       19   5.4320000000000002E-01   7.4267923797585844E-01   2.1913957027560180E-01   6.5522731512404949E-03
      13   1.0418645669291339E+01       20   5.7310000000000005E-01   5.9801297193715852E-01   1.9641353932986907E-01   5.8727648259630869E-03
      13   1.0418645669291339E+01       21   6.0300000000000009E-01   6.1121348669890663E-01   2.2224272468510281E-01   6.6450574680845757E-03
      13   1.0418645669291339E+01       22   6.3290000000000002E-01   5.8015673509284604E-01   2.3238897998652200E-01   6.9484305015970090E-03
      13   1.0418645669291339E+01       23   6.6280000000000006E-01   5.5621778702150693E-01   2.4434860971485017E-01   7.3060234304740219E-03
      13   1.0418645669291339E+01       24   6.9270000000000009E-01   4.0713901862249885E-01   1.9535885479300494E-01   5.8412297583108489E-03
      13   1.0418645669291339E+01       25   7.2260000000000002E-01   2.4432149316381008E-01   1.2757265333981824E-01   3.8144223348605660E-03
      13   1.0418645669291339E+01       26   7.5250000000000006E-01   1.2747926669258886E-01   7.2185931510095280E-02   2.1583593521518492E-03
      13   1.0418645669291339E+01       27   7.8240000000000010E-01   6.6005072856835531E-02   4.0404989508094388E-02   1.2081091862920226E-03
      13   1.0418645669291339E+01       28   8.1230000000000013E-01   5.6655158287652593E-02   3.7382846178096014E-02   1.1177471007250712E-03
      13   1.0418645669291339E+01       29   8.4220000000000006E-01   4.7294103765941974E-02   3.3545747528229815E-02   1.0030178510940717E-03
      13   1.0418645669291339E+01       30   8.7210000000000010E-01   6.1044625573060167E-02   4.6428003364891987E-02   1.3881973006102707E-03
      13   1.0418645669291339E+01       31   9.0200000000000014E-01   7.0139656745599896E-02   5.7065905286847074E-02   1.7062705680767280E-03
      13   1.0418645669291339E+01       32   9.3190000000000006E-01   6.5283954788074014E-02   5.6695041667503061E-02   1.6951817458583419E-03
      13   1.0418645669291339E+01       33   9.6180000000000010E-01   4.5076405988950956E-02   4.1698345866070428E-02   1.2467805413955062E-03
      13   1.0418645669291339E+01       34   9.9170000000000014E-01   3.0630833449283419E-02   3.0124471772141642E-02   9.0072170598703527E-04
      13   1.0418645669291339E+01       35   1.0216000000000001E+00   1.7844051608271051E-02   1.8623239958466719E-02   5.5683487475815499E-04
      13   1.0418645669291339E+01       36   1.0515000000000001E+00   1.6551327501569440E-02   1.8300012492597131E-02   5.4717037352865433E-04
      13   1.0418645669291339E+01       37   1.0814000000000001E+00   1.9724077044413039E-02   2.3065847732776687E-02   6.8966884721002311E-04
      13   1.0418645669291339E+01       38   1.1113000000000002E+00   1.6681697712763472E-02   2.0601691323564049E-02   6.1599057057456520E-04
      13   1.0418645669291339E+01       39   1.1412000000000002E+00   1.5271272986911669E-02   1.9888350567315704E-02   5.9466168196273966E-04
      13   1.0418645669291339E+01       40   1.1711000000000000E+00   1.0882622735026659E-02   1.4925247300871462E-02   4.4626489429605684E-04
      13   1.0418645669291339E+01       41   1.2010000000000001E+00   7.7228259341908766E-03   1.1139411850302856E-02   3.3306841432405548E-04
      13   1.0418645669291339E+01       42   1.2309000000000001E+00   6.8672924575504486E-03   1.0404736507035982E-02   3.1110162156037591E-04
      13   1.0418645669291339E+01       43   1.2608000000000001E+00   6.2418407261432577E-03   9.9221338825070081E-03   2.9667180308695960E-04
      13   1.0418645669291339E+01       44   1.2907000000000002E+00   4.5611908956752212E-03   7.5985175152342658E-03   2.2719567370550460E-04
      13   1.0418645669291339E+01       45   1.3206000000000002E+00   4.2596304444889469E-03   7.4287288745685746E-03   2.2211899334960043E-04
      13   1.0418645669291339E+01       46   1.3505000000000000E+00   4.5055291084751632E-03   8.2174103908747038E-03   2.4570057068715368E-04
      13   1.0418645669291339E+01       47   1.3804000000000001E+00   3.6785612526516335E-03   7.0095137697424991E-03   2.0958446171530078E-04
      13   1.0418645669291339E+01       48   1.4103000000000001E+00   3.9695336847368418E-03   7.8951885013806358E-03   2.3606613619128107E-04
      13   1.0418645669291339E+01       49   1.4402000000000001E+00   3.8261202854217918E-03   7.9360470221798429E-03   2.3728780596317736E-04
      13   1.0418645669291339E+01       50   1.4701000000000002E+00   2.9148021133100803E-03   6.2994528676210883E-03   1.8835364074187058E-04
 
      14   1.1286866141732284E+01        1   5.0000000000000001E-03   1.1681204518539596E+02   2.9203011296348993E-03   8.7317003776083508E-05
      14   1.1286866141732284E+01        2   3.4900000000000000E-02   1.5584173759940214E+01   1.8981679481344781E-02   5.6755221649220906E-04
      14   1.1286866141732284E+01        3   6.4800000000000010E-02   7.2494030886823477E+00   3.0440533545500734E-02   9.1017195301047217E-04
      14   1.1286866141732284E+01        4   9.4700000000000006E-02   4.4412984832327060E+00   3.9829964514494408E-02   1.1909159389833831E-03
      14   1.1286866141732284E+01        5   1.2460000000000002E-01   3.6895731450427061E+00   5.7281213408491238E-02   1.7127082809138884E-03
      14   1.1286866141732284E+01        6   1.5450000000000003E-01   3.9941937866250203E+00   9.5342404235185932E-02   2.8507378866320598E-03
      14   1.1286866141732284E+01        7   1.8440000000000001E-01   4.4746024249351990E+00   1.5215151711194455E-01   4.5493303616471427E-03
      14   1.1286866141732284E+01        8   2.1430000000000002E-01   4.4552717185098158E+00   2.0460608148398687E-01   6.1177218363712088E-03
      14   1.1286866141732284E+01        9   2.4420000000000003E-01   3.8574848453287669E+00   2.3003586257179143E-01   6.8780722908965653E-03
      14   1.1286866141732284E+01       10   2.7410000000000001E-01   2.8141474549135479E+00   2.1142917774709336E-01   6.3217324146380930E-03
      14   1.1286866141732284E+01       11   3.0400000000000005E-01   1.7284422044654333E+00   1.5973571476787754E-01   4.7760978715595398E-03
      14   1.1286866141732284E+01       12   3.3390000000000003E-01   1.0898244760759261E+00   1.2150366987636893E-01   3.6329597293034317E-03
      14   1.1286866141732284E+01       13   3.6380000000000001E-01   1.0583447172248763E+00   1.4007238899638796E-01   4.1881644309920011E-03
      14   1.1286866141732284E+01       14   3.9370000000000005E-01   9.1809524552606325E-01   1.4230447844701374E-01   4.2549039055657118E-03
      14   1.1286866141732284E+01       15   4.2360000000000003E-01   6.4148210026201435E-01   1.1510559796543109E-01   3.4416573791663904E-03
      14   1.1286866141732284E+01       16   4.5350000000000007E-01   6.6464785943647009E-01   1.3669297422938823E-01   4.0871199294587090E-03
      14   1.1286866141732284E+01       17   4.8340000000000005E-01   9.2683373929873480E-01   2.1657839305752591E-01   6.4756939524200259E-03
      14   1.1286866141732284E+01       18   5.1330000000000009E-01   8.6916614594825847E-01   2.2900519302773331E-01   6.8472552715292271E-03
      14   1.1286866141732284E+01       19   5.4320000000000002E-01   7.4130461238339684E-01   2.1873396467062636E-01   6.5401455436517293E-03
      14   1.1286866141732284E+01       20   5.7310000000000005E-01   6.1163462874092178E-01   2.0088748546467813E-01   6.0065358153938778E-03
      14   1.1286866141732284E+01       21   6.0300000000000009E-01   6.0765737293724720E-01   2.2094968971633960E-01   6.6063957225185556E-03
      14   1.1286866141732284E+01       22   6.3290000000000002E-01   5.6146666434941295E-01   2.2490244020646194E-01   6.7245829621732133E-03
      14   1.1286866141732284E+01       23   6.6280000000000006E-01   5.4070802342814606E-01   2.3753511101079455E-01   7.1022998192227585E-03
      14   1.1286866141732284E+01       24   6.9270000000000009E-01   4.0763832840216774E-01   1.9559844024731265E-01   5.8483933633946498E-03
      14   1.1286866141732284E+01       25   7.2260000000000002E-01   2.4319329607825244E-01   1.2698356437416455E-01   3.7968085747875210E-03
      14   1.1286866141732284E+01       26   7.5250000000000006E-01   1.2747238699535832E-01   7.2182035838540382E-02   2.1582428715723580E-03
      14   1.1286866141732284E+01       27   7.8240000000000010E-01   6.8492607528100241E-02   4.1927733260100762E-02   1.2536392244770131E-03
      14   1.1286866141732284E+01       28   8.1230000000000013E-01   5.6461750264433265E-02   3.7255229512638856E-02   1.1139313624279020E-03
      14   1.1286866141732284E+01       29   8.4220000000000006E-01   4.4691735325342818E-02   3.1699885407323339E-02   9.4782657367896807E-04
      14   1.1286866141732284E+01       30   8.7210000000000010E-01   5.9783460201100806E-02   4.5468813434847516E-02   1.3595175217019410E-03
      14   1.1286866141732284E+01       31   9.0200000000000014E-01   6.9749164499970248E-02   5.6748199233833806E-02   1.6967711570916311E-03
      14   1.1286866141732284E+01       32   9.3190000000000006E-01   6.6910452235929049E-02   5.8107553223789382E-02   1.7374158413913030E-03
      14   1.1286866141732284E+01       33   9.6180000000000010E-01   4.6513607103799842E-02   4.3027842037099688E-02   1.2865324769092809E-03
      14   1.1286866141732284E+01       34   9.9170000000000014E-01   3.1296326956603379E-02   3.0778963933087811E-02   9.2029102159932579E-04
      14   1.1286866141732284E+01       35   1.0216000000000001E+00   1.6983425828800677E-02   1.7725033611759554E-02   5.2997850499161077E-04
      14   1.1286866141732284E+01       36   1.0515000000000001E+00   1.4078338093952038E-02   1.5565746189838784E-02   4.6541581107617974E-04
      14   1.1286866141732284E+01       37   1.0814000000000001E+00   1.6750012589822498E-02   1.9587899552865266E-02   5.8567819663067156E-04
      14   1.1286866141732284E+01       38   1.1113000000000002E+00   1.4581927073233966E-02   1.8008500431921679E-02   5.3845416291445835E-04
      14   1.1286866141732284E+01       39   1.1412000000000002E+00   1.3233632523586317E-02   1.7234655102668150E-02   5.1531618756977778E-04
      14   1.1286866141732284E+01       40   1.1711000000000000E+00   1.0563662326617457E-02   1.4487801007766766E-02   4.3318525013222639E-04
      14   1.1286866141732284E+01       41   1.2010000000000001E+00   7.0292693126505082E-03   1.0139025085836407E-02   3.0315685006650862E-04
      14   1.1286866141732284E+01       42   1.2309000000000001E+00   7.2333169643173326E-03   1.0959305658061434E-02   3.2768323917603694E-04
      14   1.1286866141732284E+01       43   1.2608000000000001E+00   6.3065668603392126E-03   1.0025023622467771E-02   2.9974820631178641E-04
      14   1.1286866141732284E+01       44   1.2907000000000002E+00   4.8342363783803631E-03   8.0533857569379443E-03   2.4079623413244460E-04
      14   1.1286866141732284E+01       45   1.3206000000000002E+00   5.0100681016777204E-03   8.7374804118608377E-03   2.6125066431463909E-04
      14   1.1286866141732284E+01       46   1.3505000000000000E+00   5.0888165820119962E-03   9.2812393953067250E-03   2.7750905791967112E-04
      14   1.1286866141732284E+01       47   1.3804000000000001E+00   4.7015664868822974E-03   8.9588544992708040E-03   2.6786974952819711E-04
      14   1.1286866141732284E+01       48   1.4103000000000001E+00   3.7887904732297061E-03   7.5356999975594741E-03   2.2531742992702833E-04
      14   1.1286866141732284E+01       49   1.4402000000000001E+00   4.1335671612612928E-03   8.5737459656189900E-03   2.5635500437200785E-04
      14   1.1286866141732284E+01       50   1.4701000000000002E+00   2.5076157254410709E-03   5.4194440852050477E-03   1.6204137814763097E-04
 
      15   1.2155086614173227E+01        1   5.0000000000000001E-03   1.2781907197312839E+02   3.1954767993282100E-03   9.5544756299913503E-05
      15   1.2155086614173227E+01        2   3.4900000000000000E-02   1.7009503343742423E+01   2.0717745167711712E-02   6.1946058051458026E-04
      15   1.2155086614173227E+01        3   6.4800000000000010E-02   7.8158602117536669E+00   3.2819109663562128E-02   9.8129137894050790E-04
      15   1.2155086614173227E+01        4   9.4700000000000006E-02   4.6066130595638377E+00   4.1312520513343866E-02   1.2352443633489819E-03
      15   1.2155086614173227E+01        5   1.2460000000000002E-01   3.6154673765066017E+00   5.6130709495045249E-02   1.6783082139018534E-03
      15   1.2155086614173227E+01        6   1.5450000000000003E-01   3.7800611857055744E+00   9.0231005518088520E-02   2.6979070649908472E-03
      15   1.2155086614173227E+01        7   1.8440000000000001E-01   4.2064664389595858E+00   1.4303399265186084E-01   4.2767163802906400E-03
      15   1.2155086614173227E+01        8   2.1430000000000002E-01   4.2091181626558463E+00   1.9330160496970680E-01   5.7797179885942344E-03
      15   1.2155086614173227E+01        9   2.4420000000000003E-01   3.6398536483922075E+00   2.1705772212090754E-01   6.4900258914151370E-03
      15   1.2155086614173227E+01       10   2.7410000000000001E-01   2.6578360333406290E+00   1.9968537403206849E-01   5.9705926835588487E-03
      15   1.2155086614173227E+01       11   3.0400000000000005E-01   1.6582541680067673E+00   1.5324921719051346E-01   4.5821515939963534E-03
      15   1.2155086614173227E+01       12   3.3390000000000003E-01   1.0624072998142780E+00   1.1844695055452702E-01   3.5415638215803586E-03
      15   1.2155086614173227E+01       13   3.6380000000000001E-01   1.0251573310525841E+00   1.3568002383403518E-01   4.0568327126376527E-03
      15   1.2155086614173227E+01       14   3.9370000000000005E-01   8.9931561966234130E-01   1.3939364225982084E-01   4.1678699035686438E-03
      15   1.2155086614173227E+01       15   4.2360000000000003E-01   6.2607148075982799E-01   1.1234036325024205E-01   3.3589768611822380E-03
      15   1.2155086614173227E+01       16   4.5350000000000007E-01   6.5788777307728874E-01   1.3530267965856468E-01   4.0455501217910852E-03
      15   1.2155086614173227E+01       17   4.8340000000000005E-01   9.1449215240328741E-01   2.1369446582844359E-01   6.3894645282704648E-03
      15   1.2155086614173227E+01       18   5.1330000000000009E-01   8.4510973978802628E-01   2.2266688594805847E-01   6.6577398898469498E-03
      15   1.2155086614173227E+01       19   5.4320000000000002E-01   7.3282573539748208E-01   2.1623213431896998E-01   6.4653408161372038E-03
      15   1.2155086614173227E+01       20   5.7310000000000005E-01   6.2097811915624235E-01   2.0395629518668643E-01   6.0982932260819252E-03
      15   1.2155086614173227E+01       21   6.0300000000000009E-01   6.0949870407744489E-01   2.2161921429089573E-01   6.6264145072977843E-03
      15   1.2155086614173227E+01       22   6.3290000000000002E-01   5.4631399044083606E-01   2.1883284862769828E-01   6.5431021739681796E-03
      15   1.2155086614173227E+01       23   6.6280000000000006E-01   5.2358890241400935E-01   2.3001461541185961E-01   6.8774370008146037E-03
      15   1.2155086614173227E+01       24   6.9270000000000009E-01   4.0991493966902959E-01   1.9669083412154204E-01   5.8810559402341081E-03
      15   1.2155086614173227E+01       25   7.2260000000000002E-01   2.5195491228525407E-01   1.3155844893547877E-01   3.9335976231708158E-03
      15   1.2155086614173227E+01       26   7.5250000000000006E-01   1.3064521649483637E-01   7.3978670372804201E-02   2.2119622441468460E-03
      15   1.2155086614173227E+01       27   7.8240000000000010E-01   7.3524141634661727E-02   4.5007785655864191E-02   1.3457327911103397E-03
      15   1.2155086614173227E+01       28   8.1230000000000013E-01   5.7939022409484134E-02   3.8229979897788834E-02   1.1430763989438864E-03
      15   1.2155086614173227E+01       29   8.4220000000000006E-01   4.1698926638491229E-02   2.9577083691780210E-02   8.8435480238422846E-04
      15   1.2155086614173227E+01       30   8.7210000000000010E-01   5.5623254959660397E-02   4.2304734351143930E-02   1.2649115570992039E-03
      15   1.2155086614173227E+01       31   9.0200000000000014E-01   6.5995830758162663E-02   5.3694471888164189E-02   1.6054647094561096E-03
      15   1.2155086614173227E+01       32   9.3190000000000006E-01   6.4893400405410903E-02   5.6355869552848083E-02   1.6850404996301581E-03
      15   1.2155086614173227E+01       33   9.6180000000000010E-01   4.5556277539056202E-02   4.2142255477508411E-02   1.2600534387775019E-03
      15   1.2155086614173227E+01       34   9.9170000000000014E-01   3.0146163561278912E-02   2.9647814015369426E-02   8.8646963905954603E-04
      15   1.2155086614173227E+01       35   1.0216000000000001E+00   1.5921958518467876E-02   1.6617215675432066E-02   4.9685474869541884E-04
      15   1.2155086614173227E+01       36   1.0515000000000001E+00   1.2163711924178847E-02   1.3448835457320172E-02   4.0212018017387322E-04
      15   1.2155086614173227E+01       37   1.0814000000000001E+00   1.4419311894346858E-02   1.6862317654585998E-02   5.0418329787212145E-04
      15   1.2155086614173227E+01       38   1.1113000000000002E+00   1.2805148041310143E-02   1.5814200199645641E-02   4.7284458596940477E-04
      15   1.2155086614173227E+01       39   1.1412000000000002E+00   1.1812588745354315E-02   1.5383976586397556E-02   4.5998089993328704E-04
      15   1.2155086614173227E+01       40   1.1711000000000000E+00   1.0488673362559852E-02   1.4384955502538181E-02   4.3011016952589168E-04
      15   1.2155086614173227E+01       41   1.2010000000000001E+00   7.4430718034253574E-03   1.0735894212332541E-02   3.2100323694874306E-04
      15   1.2155086614173227E+01       42   1.2309000000000001E+00   8.0761375385563060E-03   1.2236275592263608E-02   3.6586464020868195E-04
      15   1.2155086614173227E+01       43   1.2608000000000001E+00   7.1088437526547485E-03   1.1300336320380036E-02   3.3788005597936316E-04
      15   1.2155086614173227E+01       44   1.2907000000000002E+00   5.1549301693466021E-03   8.5876316246113055E-03   2.5677018557587809E-04
      15   1.2155086614173227E+01       45   1.3206000000000002E+00   5.9838478327728754E-03   1.0435737032975794E-02   3.1202853728597634E-04
      15   1.2155086614173227E+01       46   1.3505000000000000E+00   5.1131781297368631E-03   9.3256712102151099E-03   2.7883756918543185E-04
      15   1.2155086614173227E+01       47   1.3804000000000001E+00   5.4089530042693160E-03   1.0306782450879681E-02   3.0817279528130251E-04
      15   1.2155086614173227E+01       48   1.4103000000000001E+00   3.3018093414091845E-03   6.5671207795212731E-03   1.9635691130768612E-04
      15   1.2155086614173227E+01       49   1.4402000000000001E+00   3.9198298227680721E-03   8.1304170992629824E-03   2.4309947126796322E-04
      15   1.2155086614173227E+01       50   1.4701000000000002E+00   2.2529178858417933E-03   4.8689926399031486E-03   1.4558287993310417E-04
 
      16   1.3023307086614173E+01        1   5.0000000000000001E-03   1.4021102710490754E+02   3.5052756776226888E-03   1.0480774276091842E-04
      16   1.3023307086614173E+01        2   3.4900000000000000E-02   1.8677175396833846E+01   2.2748986405097593E-02   6.8019469351241813E-04
      16   1.3023307086614173E+01        3   6.4800000000000010E-02   8.6152150858323164E+00   3.6175632754013337E-02   1.0816514193449989E-03
      16   1.3023307086614173E+01        4   9.4700000000000006E-02   5.0500512480755191E+00   4.5289314097353588E-02   1.3541504915108725E-03
      16   1.3023307086614173E+01        5   1.2460000000000002E-01   3.8388865393811966E+00   5.9599327745739394E-02   1.7820198995976083E-03
      16   1.3023307086614173E+01        6   1.5450000000000003E-01   3.8360312699205488E+00   9.1567025420821013E-02   2.7378540600825488E-03
      16   1.3023307086614173E+01        7   1.8440000000000001E-01   4.1507367029213791E+00   1.4113899437464872E-01   4.2200559318019979E-03
      16   1.3023307086614173E+01        8   2.1430000000000002E-01   4.0897278556433525E+00   1.8781866600921460E-01   5.6157781136755179E-03
      16   1.3023307086614173E+01        9   2.4420000000000003E-01   3.4786725723391059E+00   2.0744590785674424E-01   6.2026326449166544E-03
      16   1.3023307086614173E+01       10   2.7410000000000001E-01   2.5315733380052587E+00   1.9019915545873889E-01   5.6869547482162938E-03
      16   1.3023307086614173E+01       11   3.0400000000000005E-01   1.6077633689236646E+00   1.4858305950244943E-01   4.4426334791232390E-03
      16   1.3023307086614173E+01       12   3.3390000000000003E-01   1.0484951313980213E+00   1.1689589388841161E-01   3.4951872272635078E-03
      16   1.3023307086614173E+01       13   3.6380000000000001E-01   1.0072161998685272E+00   1.3330550722772752E-01   3.9858346661090539E-03
      16   1.3023307086614173E+01       14   3.9370000000000005E-01   8.9533354440068547E-01   1.3877642182870753E-01   4.1494150126783558E-03
      16   1.3023307086614173E+01       15   4.2360000000000003E-01   6.1287895254694125E-01   1.0997313609300742E-01   3.2881967691809227E-03
      16   1.3023307086614173E+01       16   4.5350000000000007E-01   6.3726913798722862E-01   1.3106220477401395E-01   3.9187599227430182E-03
      16   1.3023307086614173E+01       17   4.8340000000000005E-01   8.8556270442483687E-01   2.0693436087158829E-01   6.1873373900604911E-03
      16   1.3023307086614173E+01       18   5.1330000000000009E-01   8.1675136671596182E-01   2.1519511000557121E-01   6.4343337891665806E-03
      16   1.3023307086614173E+01       19   5.4320000000000002E-01   7.1624568161398194E-01   2.1133992019007480E-01   6.3190636136832377E-03
      16   1.3023307086614173E+01       20   5.7310000000000005E-01   6.1852028914671353E-01   2.0314903662559045E-01   6.0741561951051558E-03
      16   1.3023307086614173E+01       21   6.0300000000000009E-01   6.1428233854462455E-01   2.2335858683587245E-01   6.6784217463925879E-03
      16   1.3023307086614173E+01       22   6.3290000000000002E-01   5.4076735650477148E-01   2.1661107557088047E-01   6.4766711595693272E-03
      16   1.3023307086614173E+01       23   6.6280000000000006E-01   5.1294215287277334E-01   2.2533745745487638E-01   6.7375899779008050E-03
      16   1.3023307086614173E+01       24   6.9270000000000009E-01   4.1344665025744665E-01   1.9838546643251004E-01   5.9317254463320517E-03
      16   1.3023307086614173E+01       25   7.2260000000000002E-01   2.6751531549820640E-01   1.3968332529902827E-01   4.1765314264409466E-03
      16   1.3023307086614173E+01       26   7.5250000000000006E-01   1.3851470925152548E-01   7.8434819830609140E-02   2.3452011129352136E-03
      16   1.3023307086614173E+01       27   7.8240000000000010E-01   7.9957660442236775E-02   4.8946062649876741E-02   1.4634872732313148E-03
      16   1.3023307086614173E+01       28   8.1230000000000013E-01   5.9703252003214781E-02   3.9394073786476302E-02   1.1778828062156417E-03
      16   1.3023307086614173E+01       29   8.4220000000000006E-01   3.9392326441554215E-02   2.7941010234548622E-02   8.3543620601300402E-04
      16   1.3023307086614173E+01       30   8.7210000000000010E-01   4.9551122835762622E-02   3.7686523197682315E-02   1.1268270436107014E-03
      16   1.3023307086614173E+01       31   9.0200000000000014E-01   6.0061693924562828E-02   4.8866434423800030E-02   1.4611063892716212E-03
      16   1.3023307086614173E+01       32   9.3190000000000006E-01   5.9974927618515743E-02   5.2084482800946810E-02   1.5573260357483101E-03
      16   1.3023307086614173E+01       33   9.6180000000000010E-01   4.2431227057654605E-02   3.9251398654221413E-02   1.1736168197612204E-03
      16   1.3023307086614173E+01       34   9.9170000000000014E-01   2.7925615767300228E-02   2.7463974341233259E-02   8.2117283280287463E-04
      16   1.3023307086614173E+01       35   1.0216000000000001E+00   1.5180005502713336E-02   1.5842864123797901E-02   4.7370163730155732E-04
      16   1.3023307086614173E+01       36   1.0515000000000001E+00   1.1634059989843994E-02   1.2863224604405990E-02   3.8461041567173918E-04
      16   1.3023307086614173E+01       37   1.0814000000000001E+00   1.3611972431100490E-02   1.5918193927733228E-02   4.7595399843922359E-04
      16   1.3023307086614173E+01       38   1.1113000000000002E+00   1.2270975323473828E-02   1.5154503468783949E-02   4.5311965371664016E-04
      16   1.3023307086614173E+01       39   1.1412000000000002E+00   1.1773142933427433E-02   1.5332604828673980E-02   4.5844488437735208E-04
      16   1.3023307086614173E+01       40   1.1711000000000000E+00   1.0785810788348952E-02   1.4792472115971145E-02   4.4229491626753735E-04
      16   1.3023307086614173E+01       41   1.2010000000000001E+00   8.8443061408917650E-03   1.2757036021928425E-02   3.8143537705565998E-04
      16   1.3023307086614173E+01       42   1.2309000000000001E+00   8.9893694588970268E-03   1.3619926799736573E-02   4.0723581131212364E-04
      16   1.3023307086614173E+01       43   1.2608000000000001E+00   8.3409349769446063E-03   1.3258889032509167E-02   3.9644078207202419E-04
      16   1.3023307086614173E+01       44   1.2907000000000002E+00   5.3987792803342569E-03   8.9938614411863710E-03   2.6891645709147254E-04
      16   1.3023307086614173E+01       45   1.3206000000000002E+00   6.6321975373440237E-03   1.1566448777558498E-02   3.4583681844899919E-04
      16   1.3023307086614173E+01       46   1.3505000000000000E+00   4.7042124937138460E-03   8.5797791327131209E-03   2.5653539606812237E-04
      16   1.3023307086614173E+01       47   1.3804000000000001E+00   5.3591526081732581E-03   1.0211887588948995E-02   3.0533543890957503E-04
      16   1.3023307086614173E+01       48   1.4103000000000001E+00   2.9188330192185421E-03   5.8054015209376151E-03   1.7358150547603472E-04
      16   1.3023307086614173E+01       49   1.4402000000000001E+00   3.2970756006948216E-03   6.8387152130298069E-03   2.0447758486959126E-04
      16   1.3023307086614173E+01       50   1.4701000000000002E+00   2.3401211462888987E-03   5.0574558040339026E-03   1.5121792854061371E-04
 
      17   1.3891527559055117E+01        1   5.0000000000000001E-03   1.5137088457335233E+02   3.7842721143338085E-03   1.1314973621858090E-04
      17   1.3891527559055117E+01        2   3.4900000000000000E-02   2.0252134896757813E+01   2.4667302825599986E-02   7.3755235448543974E-04
      17   1.3891527559055117E+01        3   6.4800000000000010E-02   9.4900280325753066E+00   3.9849007309905024E-02   1.1914853185661604E-03
      17   1.3891527559055117E+01        4   9.4700000000000006E-02   5.6773987073577299E+00   5.0915422573467789E-02   1.5223711349466873E-03
      17   1.3891527559055117E+01        5   1.2460000000000002E-01   4.3067422655942549E+00   6.6862862752113325E-02   1.9991995962881886E-03
      17   1.3891527559055117E+01        6   1.5450000000000003E-01   4.1555751640704441E+00   9.9194618060152562E-02   2.9659190799985620E-03
      17   1.3891527559055117E+01        7   1.8440000000000001E-01   4.3336863535586145E+00   1.4735989720714088E-01   4.4060609264935128E-03
      17   1.3891527559055117E+01        8   2.1430000000000002E-01   4.1379782837541521E+00   1.9003454231248473E-01   5.6820328151432949E-03
      17   1.3891527559055117E+01        9   2.4420000000000003E-01   3.4324100512672540E+00   2.0468710532965301E-01   6.1201444493566267E-03
      17   1.3891527559055117E+01       10   2.7410000000000001E-01   2.4770901921476809E+00   1.8610579257911092E-01   5.5645631981154180E-03
      17   1.3891527559055117E+01       11   3.0400000000000005E-01   1.5845796942176775E+00   1.4644051702082092E-01   4.3785714589225462E-03
      17   1.3891527559055117E+01       12   3.3390000000000003E-01   1.0420812537887802E+00   1.1618081574072063E-01   3.4738063906475476E-03
      17   1.3891527559055117E+01       13   3.6380000000000001E-01   1.0027078586597220E+00   1.3270882628507202E-01   3.9679939059236542E-03
      17   1.3891527559055117E+01       14   3.9370000000000005E-01   9.0016829441942259E-01   1.3952580658283928E-01   4.1718216168268952E-03
      17   1.3891527559055117E+01       15   4.2360000000000003E-01   5.9784656771820066E-01   1.0727577065778808E-01   3.2075455426678642E-03
      17   1.3891527559055117E+01       16   4.5350000000000007E-01   6.0407573640466528E-01   1.2423557511939042E-01   3.7146436960697744E-03
      17   1.3891527559055117E+01       17   4.8340000000000005E-01   8.4065822422800518E-01   1.9644128131508473E-01   5.8735943113210351E-03
      17   1.3891527559055117E+01       18   5.1330000000000009E-01   7.8378358693671357E-01   2.0650886191912998E-01   6.1746149713819880E-03
      17   1.3891527559055117E+01       19   5.4320000000000002E-01   6.9506871946834881E-01   2.0509131359514052E-01   6.1322302764947028E-03
      17   1.3891527559055117E+01       20   5.7310000000000005E-01   6.0514085642728399E-01   1.9875464744346888E-01   5.9427639585597205E-03
      17   1.3891527559055117E+01       21   6.0300000000000009E-01   6.2065895042798058E-01   2.2567718030616768E-01   6.7477476911544151E-03
      17   1.3891527559055117E+01       22   6.3290000000000002E-01   5.4760802475481285E-01   2.1935119013112753E-01   6.5586005849207147E-03
      17   1.3891527559055117E+01       23   6.6280000000000006E-01   5.1507166829843809E-01   2.2627296175871014E-01   6.7655615565854347E-03
      17   1.3891527559055117E+01       24   6.9270000000000009E-01   4.1863193451891029E-01   2.0087353843927336E-01   6.0061187993342745E-03
      17   1.3891527559055117E+01       25   7.2260000000000002E-01   2.8304438803468113E-01   1.4779184232604367E-01   4.4189760855487068E-03
      17   1.3891527559055117E+01       26   7.5250000000000006E-01   1.4969573418560761E-01   8.4766145080938993E-02   2.5345077379200763E-03
      17   1.3891527559055117E+01       27   7.8240000000000010E-01   8.5388739734603439E-02   5.2270696535239969E-02   1.5628938264036754E-03
      17   1.3891527559055117E+01       28   8.1230000000000013E-01   6.0674666934732224E-02   4.0035043753864720E-02   1.1970478082405553E-03
      17   1.3891527559055117E+01       29   8.4220000000000006E-01   3.7936852301766508E-02   2.6908641204598922E-02   8.0456837201750792E-04
      17   1.3891527559055117E+01       30   8.7210000000000010E-01   4.4042024653804392E-02   3.3496532243878274E-02   1.0015463140919606E-03
      17   1.3891527559055117E+01       31   9.0200000000000014E-01   5.3869184640387313E-02   4.3828184100157694E-02   1.3104627045947153E-03
      17   1.3891527559055117E+01       32   9.3190000000000006E-01   5.4133256472896185E-02   4.7011355872839000E-02   1.4056395405978863E-03
      17   1.3891527559055117E+01       33   9.6180000000000010E-01   3.8422860583254594E-02   3.5543422209771455E-02   1.0627483240721667E-03
      17   1.3891527559055117E+01       34   9.9170000000000014E-01   2.5741509805710678E-02   2.5315974075546404E-02   7.5694762485883763E-04
      17   1.3891527559055117E+01       35   1.0216000000000001E+00   1.5085134434171494E-02   1.5743850362049311E-02   4.7074112582527451E-04
      17   1.3891527559055117E+01       36   1.0515000000000001E+00   1.2439826535649109E-02   1.3754122198750144E-02   4.1124825374262941E-04
      17   1.3891527559055117E+01       37   1.0814000000000001E+00   1.4422720836342700E-02   1.6866304159852068E-02   5.0430249437957697E-04
      17   1.3891527559055117E+01       38   1.1113000000000002E+00   1.2920671445515021E-02   1.5956870181745561E-02   4.7711041843419240E-04
      17   1.3891527559055117E+01       39   1.1412000000000002E+00   1.2858966887120328E-02   1.6746714016817064E-02   5.0072674910283039E-04
      17   1.3891527559055117E+01       40   1.1711000000000000E+00   1.1086529451816209E-02   1.5204900308100821E-02   4.5462651921221464E-04
      17   1.3891527559055117E+01       41   1.2010000000000001E+00   1.0538131526344719E-02   1.5200211451731151E-02   4.5448632240676148E-04
      17   1.3891527559055117E+01       42   1.2309000000000001E+00   9.6255771047451966E-03   1.4583854426196372E-02   4.3605724734327163E-04
      17   1.3891527559055117E+01       43   1.2608000000000001E+00   9.4037385875862661E-03   1.4948339337037231E-02   4.4695534617741331E-04
      17   1.3891527559055117E+01       44   1.2907000000000002E+00   5.5014561334042625E-03   9.1649114770884690E-03   2.7403085316494530E-04
      17   1.3891527559055117E+01       45   1.3206000000000002E+00   6.6486983017636581E-03   1.1595225852634384E-02   3.4669725299376817E-04
      17   1.3891527559055117E+01       46   1.3505000000000000E+00   4.1566791749004066E-03   7.5811603523119001E-03   2.2667669453412586E-04
      17   1.3891527559055117E+01       47   1.3804000000000001E+00   4.5587678979565763E-03   8.6867511940307129E-03   2.5973386070151836E-04
      17   1.3891527559055117E+01       48   1.4103000000000001E+00   2.8776042382490166E-03   5.7233996982328107E-03   1.7112965097716107E-04
      17   1.3891527559055117E+01       49   1.4402000000000001E+00   2.6742895393746993E-03   5.5469472865936386E-03   1.6585372386914983E-04
      17   1.3891527559055117E+01       50   1.4701000000000002E+00   2.6366835319745130E-03   5.6983846555689619E-03   1.7038170120151200E-04
 
      18   1.4759748031496061E+01        1   5.0000000000000001E-03   1.5911288046036967E+02   3.9778220115092421E-03   1.1893687814412636E-04
      18   1.4759748031496061E+01        2   3.4900000000000000E-02   2.1431550763235421E+01   2.6103843145128376E-02   7.8050491003933860E-04
      18   1.4759748031496061E+01        3   6.4800000000000010E-02   1.0262112025219620E+01   4.3091018878378205E-02   1.2884214644635085E-03
      18   1.4759748031496061E+01        4   9.4700000000000006E-02   6.3441004812465494E+00   5.6894464084862373E-02   1.7011444761373853E-03
      18   1.4759748031496061E+01        5   1.2460000000000002E-01   4.9071654104510047E+00   7.6184528143717539E-02   2.2779173914971550E-03
      18   1.4759748031496061E+01        6   1.5450000000000003E-01   4.6715903937271239E+00   1.1151203059586492E-01   3.3342097148163618E-03
      18   1.4759748031496061E+01        7   1.8440000000000001E-01   4.7229858924429156E+00   1.6059738957565775E-01   4.8018619483121677E-03
      18   1.4759748031496061E+01        8   2.1430000000000002E-01   4.3570008051286386E+00   2.0009303990512214E-01   5.9827818931631532E-03
      18   1.4759748031496061E+01        9   2.4420000000000003E-01   3.5290564883471545E+00   2.1045048416575846E-01   6.2924694765561793E-03
      18   1.4759748031496061E+01       10   2.7410000000000001E-01   2.5128428307733652E+00   1.8879191727869588E-01   5.6448783266330078E-03
      18   1.4759748031496061E+01       11   3.0400000000000005E-01   1.5957177877707160E+00   1.4746985507461854E-01   4.4093486667310952E-03
      18   1.4759748031496061E+01       12   3.3390000000000003E-01   1.0423918969267425E+00   1.1621544909876397E-01   3.4748419280530435E-03
      18   1.4759748031496061E+01       13   3.6380000000000001E-01   1.0057081718073138E+00   1.3310591905029359E-01   3.9798669796037795E-03
      18   1.4759748031496061E+01       14   3.9370000000000005E-01   9.0078669197732253E-01   1.3962165801261053E-01   4.1746875745770559E-03
      18   1.4759748031496061E+01       15   4.2360000000000003E-01   5.7705812405773882E-01   1.0354555552422354E-01   3.0960121101742846E-03
      18   1.4759748031496061E+01       16   4.5350000000000007E-01   5.6455997674872616E-01   1.1610867507809075E-01   3.4716493848349142E-03
      18   1.4759748031496061E+01       17   4.8340000000000005E-01   7.8782297771803467E-01   1.8409497549912932E-01   5.5044397674239680E-03
      18   1.4759748031496061E+01       18   5.1330000000000009E-01   7.4808385185195725E-01   1.9710280674517450E-01   5.8933739216807191E-03
      18   1.4759748031496061E+01       19   5.4320000000000002E-01   6.7396596228883487E-01   1.9886460238054832E-01   5.9460516111783960E-03
      18   1.4759748031496061E+01       20   5.7310000000000005E-01   5.8749787566883116E-01   1.9295992315200211E-01   5.7695017022448645E-03
      18   1.4759748031496061E+01       21   6.0300000000000009E-01   6.2711401789529864E-01   2.2802430093289172E-01   6.8179265978934641E-03
      18   1.4759748031496061E+01       22   6.3290000000000002E-01   5.6343944862985640E-01   2.2569266343224650E-01   6.7482106366241719E-03
      18   1.4759748031496061E+01       23   6.6280000000000006E-01   5.2998612823987490E-01   2.3282494128250952E-01   6.9614657443470363E-03
      18   1.4759748031496061E+01       24   6.9270000000000009E-01   4.2557902769355038E-01   2.0420698501319745E-01   6.1057888518946052E-03
      18   1.4759748031496061E+01       25   7.2260000000000002E-01   2.9199684785013974E-01   1.5246637602255483E-01   4.5587446430743906E-03
      18   1.4759748031496061E+01       26   7.5250000000000006E-01   1.5972540797294060E-01   9.0445510548477465E-02   2.7043207653994769E-03
      18   1.4759748031496061E+01       27   7.8240000000000010E-01   8.7775523189174434E-02   5.3731765454127570E-02   1.6065797870784147E-03
      18   1.4759748031496061E+01       28   8.1230000000000013E-01   6.0326146212175760E-02   3.9805078875908555E-02   1.1901718583896661E-03
      18   1.4759748031496061E+01       29   8.4220000000000006E-01   3.6692317879650438E-02   2.6025891893583081E-02   7.7817416761813429E-04
      18   1.4759748031496061E+01       30   8.7210000000000010E-01   4.1459021795722292E-02   3.1532007697109898E-02   9.4280703014358613E-04
      18   1.4759748031496061E+01       31   9.0200000000000014E-01   4.9228936803087639E-02   4.0052859898739329E-02   1.1975805109723063E-03
      18   1.4759748031496061E+01       32   9.3190000000000006E-01   4.9477551454538859E-02   4.2968166533831752E-02   1.2847481793615697E-03
      18   1.4759748031496061E+01       33   9.6180000000000010E-01   3.5046114719400397E-02   3.2419732247281348E-02   9.6934999419371248E-04
      18   1.4759748031496061E+01       34   9.9170000000000014E-01   2.4246198295938520E-02   2.3845381724826555E-02   7.1297691357231419E-04
      18   1.4759748031496061E+01       35   1.0216000000000001E+00   1.5502021893517723E-02   1.6178941862652330E-02   4.8375036169330478E-04
      18   1.4759748031496061E+01       36   1.0515000000000001E+00   1.3835824595291405E-02   1.5297610594389282E-02   4.5739855677223961E-04
      18   1.4759748031496061E+01       37   1.0814000000000001E+00   1.6239780961124075E-02   1.8991221440652250E-02   5.6783752107550237E-04
      18   1.4759748031496061E+01       38   1.1113000000000002E+00   1.4205627975795292E-02   1.7543775678826808E-02   5.2455889279692173E-04
      18   1.4759748031496061E+01       39   1.1412000000000002E+00   1.4258923116345334E-02   1.8569929428498010E-02   5.5524088991209066E-04
      18   1.4759748031496061E+01       40   1.1711000000000000E+00   1.1234585280379400E-02   1.5407955206671247E-02   4.6069786067947039E-04
      18   1.4759748031496061E+01       41   1.2010000000000001E+00   1.1672598803746839E-02   1.6836568187123247E-02   5.0341338879498522E-04
      18   1.4759748031496061E+01       42   1.2309000000000001E+00   9.9504813590087001E-03   1.5076121673663010E-02   4.5077603804252411E-04
      18   1.4759748031496061E+01       43   1.2608000000000001E+00   9.7528569413447633E-03   1.5503303681501145E-02   4.6354878007688431E-04
      18   1.4759748031496061E+01       44   1.2907000000000002E+00   5.4862758676473564E-03   9.1396225738441146E-03   2.7327471495793910E-04
      18   1.4759748031496061E+01       45   1.3206000000000002E+00   6.0809104110480317E-03   1.0605012651428943E-02   3.1708987827772545E-04
      18   1.4759748031496061E+01       46   1.3505000000000000E+00   3.7078275542905118E-03   6.7625222118496385E-03   2.0219941413430424E-04
      18   1.4759748031496061E+01       47   1.3804000000000001E+00   3.4920307675491194E-03   6.6540791544128413E-03   1.9895696671694399E-04
      18   1.4759748031496061E+01       48   1.4103000000000001E+00   3.1134694270785741E-03   6.1925228433224707E-03   1.8515643301534191E-04
      18   1.4759748031496061E+01       49   1.4402000000000001E+00   2.5101381321555559E-03   5.2064683708074079E-03   1.5567340428714152E-04
      18   1.4759748031496061E+01       50   1.4701000000000002E+00   2.8741781802125769E-03   6.2116566667481232E-03   1.8572853433576893E-04
 
      19   1.5627968503937007E+01        1   5.0000000000000001E-03   1.6228410792704372E+02   4.0571026981760933E-03   1.2130737067546521E-04
      19   1.5627968503937007E+01        2   3.4900000000000000E-02   2.2024350467358921E+01   2.6825879112747843E-02   8.0209378547116069E-04
      19   1.5627968503937007E+01        3   6.4800000000000010E-02   1.0783250954468866E+01   4.5279302087852955E-02   1.3538511324268036E-03
      19   1.5627968503937007E+01        4   9.4700000000000006E-02   6.9053472446776576E+00   6.1927775571521265E-02   1.8516404895884862E-03
      19   1.5627968503937007E+01        5   1.2460000000000002E-01   5.5067989349532684E+00   8.5493934552979114E-02   2.5562686431340759E-03
      19   1.5627968503937007E+01        6   1.5450000000000003E-01   5.2661356138137849E+00   1.2570397363563854E-01   3.7585488117055929E-03
      19   1.5627968503937007E+01        7   1.8440000000000001E-01   5.2235529858997056E+00   1.7761835265862264E-01   5.3107887444928175E-03
      19   1.5627968503937007E+01        8   2.1430000000000002E-01   4.7006258443015998E+00   2.1587384458037040E-01   6.4546279529530759E-03
      19   1.5627968503937007E+01        9   2.4420000000000003E-01   3.7499733441553373E+00   2.2362456041495554E-01   6.6863743564071721E-03
      19   1.5627968503937007E+01       10   2.7410000000000001E-01   2.6292285020512085E+00   1.9753606703419396E-01   5.9063284043224008E-03
      19   1.5627968503937007E+01       11   3.0400000000000005E-01   1.6446005976115476E+00   1.5198740882886883E-01   4.5444235239831786E-03
      19   1.5627968503937007E+01       12   3.3390000000000003E-01   1.0523679793653107E+00   1.1732767464873481E-01   3.5080974719971713E-03
      19   1.5627968503937007E+01       13   3.6380000000000001E-01   1.0087477184859739E+00   1.3350820439061478E-01   3.9918953112793830E-03
      19   1.5627968503937007E+01       14   3.9370000000000005E-01   8.8852685283281307E-01   1.3772138674576170E-01   4.1178694636982757E-03
      19   1.5627968503937007E+01       15   4.2360000000000003E-01   5.5122419417540125E-01   9.8909993681283725E-02   2.9574088110703839E-03
      19   1.5627968503937007E+01       16   4.5350000000000007E-01   5.2563945703218606E-01   1.0810419342201774E-01   3.2323153833183310E-03
      19   1.5627968503937007E+01       17   4.8340000000000005E-01   7.3881734165303981E-01   1.7264355604848544E-01   5.1620423258497156E-03
      19   1.5627968503937007E+01       18   5.1330000000000009E-01   7.1493374749722105E-01   1.8836852034661314E-01   5.6322187583637343E-03
      19   1.5627968503937007E+01       19   5.4320000000000002E-01   6.5728321348029650E-01   1.9394208641674843E-01   5.7988683838607795E-03
      19   1.5627968503937007E+01       20   5.7310000000000005E-01   5.7293981987985054E-01   1.8817842275408792E-01   5.6265348403472300E-03
      19   1.5627968503937007E+01       21   6.0300000000000009E-01   6.3098033419857413E-01   2.2943012833760942E-01   6.8599608372945237E-03
      19   1.5627968503937007E+01       22   6.3290000000000002E-01   5.8032591160840907E-01   2.3245674573931133E-01   6.9504566976054099E-03
      19   1.5627968503937007E+01       23   6.6280000000000006E-01   5.5123172061333237E-01   2.4215821159524409E-01   7.2405305266978002E-03
      19   1.5627968503937007E+01       24   6.9270000000000009E-01   4.3409463397280779E-01   2.0829305639051818E-01   6.2279623860764946E-03
      19   1.5627968503937007E+01       25   7.2260000000000002E-01   2.9253047747812744E-01   1.5274501113836714E-01   4.5670758330371786E-03
      19   1.5627968503937007E+01       26   7.5250000000000006E-01   1.6380382779312638E-01   9.2754941261781548E-02   2.7733727437272691E-03
      19   1.5627968503937007E+01       27   7.8240000000000010E-01   8.6962796066926765E-02   5.3234254741298170E-02   1.5917042167648157E-03
      19   1.5627968503937007E+01       28   8.1230000000000013E-01   5.8800401513096179E-02   3.8798344782904212E-02   1.1600705090088362E-03
      19   1.5627968503937007E+01       29   8.4220000000000006E-01   3.5346056727699658E-02   2.5070987727645024E-02   7.4962253305658631E-04
      19   1.5627968503937007E+01       30   8.7210000000000010E-01   4.2447873257218653E-02   3.2284086992391749E-02   9.6529420107251346E-04
      19   1.5627968503937007E+01       31   9.0200000000000014E-01   4.7510172760969145E-02   3.8654466599015551E-02   1.1557685513105653E-03
      19   1.5627968503937007E+01       32   9.3190000000000006E-01   4.7273476474299345E-02   4.1054064925731756E-02   1.2275165412793797E-03
      19   1.5627968503937007E+01       33   9.6180000000000010E-01   3.3194203931691459E-02   3.0706605061455519E-02   9.1812749133752018E-04
      19   1.5627968503937007E+01       34   9.9170000000000014E-01   2.3247606686013396E-02   2.2863297942650178E-02   6.8361260848524049E-04
      19   1.5627968503937007E+01       35   1.0216000000000001E+00   1.6002496714349484E-02   1.6701270697276432E-02   4.9936799384856542E-04
      19   1.5627968503937007E+01       36   1.0515000000000001E+00   1.5081825297641648E-02   1.6675254074444409E-02   4.9859009682588795E-04
      19   1.5627968503937007E+01       37   1.0814000000000001E+00   1.8214494840248660E-02   2.1300503114472843E-02   6.3688504312273814E-04
      19   1.5627968503937007E+01       38   1.1113000000000002E+00   1.5675603840760114E-02   1.9359177776655467E-02   5.7883941552199858E-04
      19   1.5627968503937007E+01       39   1.1412000000000002E+00   1.5444943131217305E-02   2.0114527698455138E-02   6.0142437818380874E-04
      19   1.5627968503937007E+01       40   1.1711000000000000E+00   1.1499824767480611E-02   1.5771724587943674E-02   4.7157456517951592E-04
      19   1.5627968503937007E+01       41   1.2010000000000001E+00   1.1750549512960656E-02   1.6949004368043967E-02   5.0677523060451476E-04
      19   1.5627968503937007E+01       42   1.2309000000000001E+00   9.9856136611538842E-03   1.5129351144952573E-02   4.5236759923408202E-04
      19   1.5627968503937007E+01       43   1.2608000000000001E+00   9.1967883679065689E-03   1.4619367824182728E-02   4.3711909794306368E-04
      19   1.5627968503937007E+01       44   1.2907000000000002E+00   5.3374756951509112E-03   8.8917354007691674E-03   2.6586288848299818E-04
      19   1.5627968503937007E+01       45   1.3206000000000002E+00   5.2699945544090179E-03   9.1907880801744991E-03   2.7480456359721758E-04
      19   1.5627968503937007E+01       46   1.3505000000000000E+00   3.4751685350689000E-03   6.3381870014775467E-03   1.8951179134417870E-04
      19   1.5627968503937007E+01       47   1.3804000000000001E+00   2.8603488029594749E-03   5.4504065430903007E-03   1.6296715563840004E-04
      19   1.5627968503937007E+01       48   1.4103000000000001E+00   3.4206593438019265E-03   6.8035070270768081E-03   2.0342486010959662E-04
      19   1.5627968503937007E+01       49   1.4402000000000001E+00   2.9728233506050687E-03   6.1661589649775533E-03   1.8436815305282890E-04
      19   1.5627968503937007E+01       50   1.4701000000000002E+00   2.8925502108563482E-03   6.2513621893269785E-03   1.8691572946087669E-04
 
      20   1.6496188976377955E+01        1   5.0000000000000001E-03   1.6113764525865508E+02   4.0284411314663775E-03   1.2045038983084472E-04
      20   1.6496188976377955E+01        2   3.4900000000000000E-02   2.2026328946225885E+01   2.6828288919792592E-02   8.0216583870179863E-04
      20   1.6496188976377955E+01        3   6.4800000000000010E-02   1.0999830960371375E+01   4.6188730195837829E-02   1.3810430328555514E-03
      20   1.6496188976377955E+01        4   9.4700000000000006E-02   7.2767887196124255E+00   6.5258896148469012E-02   1.9512409948392239E-03
      20   1.6496188976377955E+01        5   1.2460000000000002E-01   5.9952514740660394E+00   9.3077238375111143E-02   2.7830094274158236E-03
      20   1.6496188976377955E+01        6   1.5450000000000003E-01   5.8014347791611147E+00   1.3848169853727066E-01   4.1406027862643932E-03
      20   1.6496188976377955E+01        7   1.8440000000000001E-01   5.7035407981352195E+00   1.9393955103367921E-01   5.7987925759070101E-03
      20   1.6496188976377955E+01        8   2.1430000000000002E-01   5.0822284193203151E+00   2.3339874822079165E-01   6.9786225718016723E-03
      20   1.6496188976377955E+01        9   2.4420000000000003E-01   4.0358585730162346E+00   2.4067293723416391E-01   7.1961208233015028E-03
      20   1.6496188976377955E+01       10   2.7410000000000001E-01   2.7960276460531666E+00   2.1006782183036773E-01   6.2810278727279964E-03
      20   1.6496188976377955E+01       11   3.0400000000000005E-01   1.7236903518028552E+00   1.5929656755221272E-01   4.7629673698111616E-03
      20   1.6496188976377955E+01       12   3.3390000000000003E-01   1.0724376839968750E+00   1.1956523016304126E-01   3.5750003818749345E-03
      20   1.6496188976377955E+01       13   3.6380000000000001E-01   1.0081209903155717E+00   1.3342525664150168E-01   3.9894151735809010E-03
      20   1.6496188976377955E+01       14   3.9370000000000005E-01   8.6672616664430968E-01   1.3434228714475638E-01   4.0168343856282164E-03
      20   1.6496188976377955E+01       15   4.2360000000000003E-01   5.2514967475811936E-01   9.4231261183585685E-02   2.8175147093892124E-03
      20   1.6496188976377955E+01       16   4.5350000000000007E-01   4.9357757027901000E-01   1.0151027365311437E-01   3.0351571822281203E-03
      20   1.6496188976377955E+01       17   4.8340000000000005E-01   7.0421846943479638E-01   1.6455864520751898E-01   4.9203034917048184E-03
      20   1.6496188976377955E+01       18   5.1330000000000009E-01   6.9214043444584605E-01   1.8236300911104045E-01   5.4526539724201106E-03
      20   1.6496188976377955E+01       19   5.4320000000000002E-01   6.4888138888119573E-01   1.9146299162315225E-01   5.7247434495322535E-03
      20   1.6496188976377955E+01       20   5.7310000000000005E-01   5.6489510206129279E-01   1.8553618659232948E-01   5.5475319791106524E-03
      20   1.6496188976377955E+01       21   6.0300000000000009E-01   6.2967131260818421E-01   2.2895415630614932E-01   6.8457292735538662E-03
      20   1.6496188976377955E+01       22   6.3290000000000002E-01   5.9121669112226460E-01   2.3681918262815993E-01   7.0808935605819832E-03
      20   1.6496188976377955E+01       23   6.6280000000000006E-01   5.6966391924985882E-01   2.5025554723591292E-01   7.4826408623537982E-03
      20   1.6496188976377955E+01       24   6.9270000000000009E-01   4.4325242427558381E-01   2.1268726904062932E-01   6.3593493443148182E-03
      20   1.6496188976377955E+01       25   7.2260000000000002E-01   2.8854079561235163E-01   1.5066179571999408E-01   4.5047876920278236E-03
      20   1.6496188976377955E+01       26   7.5250000000000006E-01   1.6057260627596262E-01   9.0925241882553076E-02   2.7186647322883376E-03
      20   1.6496188976377955E+01       27   7.8240000000000010E-01   8.4501267578558331E-02   5.1727430667910274E-02   1.5466501769705176E-03
      20   1.6496188976377955E+01       28   8.1230000000000013E-01   5.7124992175636879E-02   3.7692857278490401E-02   1.1270164326268632E-03
      20   1.6496188976377955E+01       29   8.4220000000000006E-01   3.4708185408679329E-02   2.4618545065251997E-02   7.3609449745103486E-04
      20   1.6496188976377955E+01       30   8.7210000000000010E-01   4.5719150862957844E-02   3.4772084686881352E-02   1.0396853321377527E-03
      20   1.6496188976377955E+01       31   9.0200000000000014E-01   4.9348302753782533E-02   4.0149976513688491E-02   1.2004842977592861E-03
      20   1.6496188976377955E+01       32   9.3190000000000006E-01   4.7583303413037223E-02   4.1323130291922895E-02   1.2355615957284948E-03
      20   1.6496188976377955E+01       33   9.6180000000000010E-01   3.3049030495827206E-02   3.0572311033206744E-02   9.1411209989288185E-04
      20   1.6496188976377955E+01       34   9.9170000000000014E-01   2.2481874371198730E-02   2.2110224032962270E-02   6.6109569858557198E-04
      20   1.6496188976377955E+01       35   1.0216000000000001E+00   1.6254616299765500E-02   1.6964399477696190E-02   5.0723554438311615E-04
      20   1.6496188976377955E+01       36   1.0515000000000001E+00   1.6035384607665210E-02   1.7729559071080408E-02   5.3011381622530428E-04
      20   1.6496188976377955E+01       37   1.0814000000000001E+00   1.9755643954518679E-02   2.3102762896931209E-02   6.9077261061824334E-04
      20   1.6496188976377955E+01       38   1.1113000000000002E+00   1.6975271470343976E-02   2.0964251300283017E-02   6.2683111387846233E-04
      20   1.6496188976377955E+01       39   1.1412000000000002E+00   1.6294067863157832E-02   2.1220374628091249E-02   6.3448920137992848E-04
      20   1.6496188976377955E+01       40   1.1711000000000000E+00   1.1973736172602263E-02   1.6421682331804285E-02   4.9100830172094827E-04
      20   1.6496188976377955E+01       41   1.2010000000000001E+00   1.0895392497370827E-02   1.5715525033600183E-02   4.6989419850464555E-04
      20   1.6496188976377955E+01       42   1.2309000000000001E+00   9.6038395746529601E-03   1.4550919572420802E-02   4.3507249521538210E-04
      20   1.6496188976377955E+01       43   1.2608000000000001E+00   8.0437069882351667E-03   1.2786410475782909E-02   3.8231367322590906E-04
      20   1.6496188976377955E+01       44   1.2907000000000002E+00   5.0077813949480762E-03   8.3424955263452557E-03   2.4944061623772320E-04
      20   1.6496188976377955E+01       45   1.3206000000000002E+00   4.6229554921273968E-03   8.0623620752462866E-03   2.4106462604986403E-04
      20   1.6496188976377955E+01       46   1.3505000000000000E+00   3.4835393787332881E-03   6.3534541667875522E-03   1.8996827958694785E-04
      20   1.6496188976377955E+01       47   1.3804000000000001E+00   3.0363210423715236E-03   5.7857223773344754E-03   1.7299309908230085E-04
      20   1.6496188976377955E+01       48   1.4103000000000001E+00   3.5734721476003897E-03   7.1074434556936987E-03   2.1251255932524163E-04
      20   1.6496188976377955E+01       49   1.4402000000000001E+00   3.7295789549938400E-03   7.7358033077364616E-03   2.3130051890132025E-04
      20   1.6496188976377955E+01       50   1.4701000000000002E+00   2.6972178508469979E-03   5.8292110629156067E-03   1.7429341078117669E-04
 
      21   1.7364409448818897E+01        1   5.0000000000000001E-03   1.5731667382529187E+02   3.9329168456322967E-03   1.1759421368440570E-04
      21   1.7364409448818897E+01        2   3.4900000000000000E-02   2.1627789870833180E+01   2.6342864340573521E-02   7.8765164378314842E-04
      21   1.7364409448818897E+01        3   6.4800000000000010E-02   1.0960050426837077E+01   4.6021690144305967E-02   1.3760485353147486E-03
      21   1.7364409448818897E+01        4   9.4700000000000006E-02   7.4367357635596925E+00   6.6693315633822053E-02   1.9941301374512797E-03
      21   1.7364409448818897E+01        5   1.2460000000000002E-01   6.2942791816911585E+00   9.7719691380424342E-02   2.9218187722746883E-03
      21   1.7364409448818897E+01        6   1.5450000000000003E-01   6.1578628849238548E+00   1.4698972652885370E-01   4.3949928232127266E-03
      21   1.7364409448818897E+01        7   1.8440000000000001E-01   6.0441807919503310E+00   2.0552245537377223E-01   6.1451214156757906E-03
      21   1.7364409448818897E+01        8   2.1430000000000002E-01   5.4025677806938379E+00   2.4811017001879637E-01   7.4184940835620135E-03
      21   1.7364409448818897E+01        9   2.4420000000000003E-01   4.3065411698987948E+00   2.5681472577092362E-01   7.6787603005506180E-03
      21   1.7364409448818897E+01       10   2.7410000000000001E-01   2.9721403913487454E+00   2.2329931503574826E-01   6.6766495195688747E-03
      21   1.7364409448818897E+01       11   3.0400000000000005E-01   1.8140894180347995E+00   1.6765088765710409E-01   5.0127615409474137E-03
      21   1.7364409448818897E+01       12   3.3390000000000003E-01   1.0998051694973023E+00   1.2261640950117035E-01   3.6662306440849945E-03
      21   1.7364409448818897E+01       13   3.6380000000000001E-01   1.0072518300132491E+00   1.3331022289305874E-01   3.9859756645024575E-03
      21   1.7364409448818897E+01       14   3.9370000000000005E-01   8.4780469813449810E-01   1.3140946539139084E-01   3.9291430152025870E-03
      21   1.7364409448818897E+01       15   4.2360000000000003E-01   5.0466790794500871E-01   9.0556075211212228E-02   2.7076266488152462E-03
      21   1.7364409448818897E+01       16   4.5350000000000007E-01   4.7483143724189081E-01   9.7654901753901097E-02   2.9198815624416432E-03
      21   1.7364409448818897E+01       17   4.8340000000000005E-01   6.9019418582338854E-01   1.6128151288102441E-01   4.8223172351426306E-03
      21   1.7364409448818897E+01       18   5.1330000000000009E-01   6.8740469529407133E-01   1.8111525128747960E-01   5.4153460134956409E-03
      21   1.7364409448818897E+01       19   5.4320000000000002E-01   6.5122706063895908E-01   1.9215512016898967E-01   5.7454380930527923E-03
      21   1.7364409448818897E+01       20   5.7310000000000005E-01   5.6267558940192341E-01   1.8480720184204549E-01   5.5257353350771617E-03
      21   1.7364409448818897E+01       21   6.0300000000000009E-01   6.2295687886936935E-01   2.2651272776881259E-01   6.7727305602874981E-03
      21   1.7364409448818897E+01       22   6.3290000000000002E-01   5.9393426112240066E-01   2.3790773901675813E-01   7.1134413966010696E-03
      21   1.7364409448818897E+01       23   6.6280000000000006E-01   5.7897744216034641E-01   2.5434701361441808E-01   7.6049757070711021E-03
      21   1.7364409448818897E+01       24   6.9270000000000009E-01   4.5099479597942749E-01   2.1640231672768753E-01   6.4704292701578585E-03
      21   1.7364409448818897E+01       25   7.2260000000000002E-01   2.8609249085112842E-01   1.4938341152820978E-01   4.4665640046934732E-03
      21   1.7364409448818897E+01       26   7.5250000000000006E-01   1.5289392051715253E-01   8.6577138079840868E-02   2.5886564285872425E-03
      21   1.7364409448818897E+01       27   7.8240000000000010E-01   8.2248134108466528E-02   5.0348175554945605E-02   1.5054104490928740E-03
      21   1.7364409448818897E+01       28   8.1230000000000013E-01   5.6947700434827025E-02   3.7575874640445490E-02   1.1235186517493203E-03
      21   1.7364409448818897E+01       29   8.4220000000000006E-01   3.5931547646588069E-02   2.5486276928224947E-02   7.6203968015392607E-04
      21   1.7364409448818897E+01       30   8.7210000000000010E-01   4.9392957699931413E-02   3.7566229373457098E-02   1.1232302582663675E-03
      21   1.7364409448818897E+01       31   9.0200000000000014E-01   5.3990610001301807E-02   4.3926976259499165E-02   1.3134165901590254E-03
      21   1.7364409448818897E+01       32   9.3190000000000006E-01   4.9629382844652667E-02   4.3100022623385165E-02   1.2886906764392166E-03
      21   1.7364409448818897E+01       33   9.6180000000000010E-01   3.4249632088477054E-02   3.1682938630046203E-02   9.4731986503838171E-04
      21   1.7364409448818897E+01       34   9.9170000000000014E-01   2.2244895727639585E-02   2.1877162909427452E-02   6.5412717099188093E-04
      21   1.7364409448818897E+01       35   1.0216000000000001E+00   1.6195703537968460E-02   1.6902914198251375E-02   5.0539713452771621E-04
      21   1.7364409448818897E+01       36   1.0515000000000001E+00   1.6879935618252948E-02   1.8663338796176515E-02   5.5803383000567789E-04
      21   1.7364409448818897E+01       37   1.0814000000000001E+00   2.0724671700931639E-02   2.4235969099546822E-02   7.2465547607645012E-04
      21   1.7364409448818897E+01       38   1.1113000000000002E+00   1.7755869462232718E-02   2.1928280211104333E-02   6.5565557831201969E-04
      21   1.7364409448818897E+01       39   1.1412000000000002E+00   1.6718395811457159E-02   2.1772992801999846E-02   6.5101248477979559E-04
      21   1.7364409448818897E+01       40   1.1711000000000000E+00   1.2331986092088855E-02   1.6913013215364644E-02   5.0569909513940295E-04
      21   1.7364409448818897E+01       41   1.2010000000000001E+00   9.7209346362894140E-03   1.4021485840318490E-02   4.1924242662552295E-04
      21   1.7364409448818897E+01       42   1.2309000000000001E+00   8.7604051192000671E-03   1.3273019537699840E-02   3.9686328417722527E-04
      21   1.7364409448818897E+01       43   1.2608000000000001E+00   6.8977321677662915E-03   1.0964749832144571E-02   3.2784601998112273E-04
      21   1.7364409448818897E+01       44   1.2907000000000002E+00   4.5672437806888403E-03   7.6086010556616780E-03   2.2749717156428422E-04
      21   1.7364409448818897E+01       45   1.3206000000000002E+00   4.3854320621085161E-03   7.6481249281598034E-03   2.2867893535197817E-04
      21   1.7364409448818897E+01       46   1.3505000000000000E+00   3.7293678041480922E-03   6.8018084019374489E-03   2.0337407121792975E-04
      21   1.7364409448818897E+01       47   1.3804000000000001E+00   3.8063539762775941E-03   7.2530233362294973E-03   2.1686539775326203E-04
      21   1.7364409448818897E+01       48   1.4103000000000001E+00   3.5227289802869273E-03   7.0065180314713722E-03   2.0949488914099408E-04
      21   1.7364409448818897E+01       49   1.4402000000000001E+00   4.2310610796100993E-03   8.7759655151038018E-03   2.6240136890160371E-04
      21   1.7364409448818897E+01       50   1.4701000000000002E+00   2.4489915041316034E-03   5.2927457692701126E-03   1.5825309850117639E-04
 
      22   1.8232629921259843E+01        1   5.0000000000000001E-03   1.5311565069984294E+02   3.8278912674960738E-03   1.1445394889813263E-04
      22   1.8232629921259843E+01        2   3.4900000000000000E-02   2.1108387214163631E+01   2.5710226710723445E-02   7.6873577865063116E-04
      22   1.8232629921259843E+01        3   6.4800000000000010E-02   1.0758125230544099E+01   4.5173798168063904E-02   1.3506965652251110E-03
      22   1.8232629921259843E+01        4   9.4700000000000006E-02   7.3919336559043831E+00   6.6291526300179551E-02   1.9821166363753690E-03
      22   1.8232629921259843E+01        5   1.2460000000000002E-01   6.3545731682563451E+00   9.8655765168886717E-02   2.9498073785497133E-03
      22   1.8232629921259843E+01        6   1.5450000000000003E-01   6.2655366512888149E+00   1.4955992625042688E-01   4.4718417948877648E-03
      22   1.8232629921259843E+01        7   1.8440000000000001E-01   6.1783747562469777E+00   2.1008550105157825E-01   6.2815564814421914E-03
      22   1.8232629921259843E+01        8   2.1430000000000002E-01   5.5813408207867292E+00   2.5632023071081195E-01   7.6639748982532787E-03
      22   1.8232629921259843E+01        9   2.4420000000000003E-01   4.4864036228970035E+00   2.6754057854253571E-01   7.9994632984218203E-03
      22   1.8232629921259843E+01       10   2.7410000000000001E-01   3.1149663821775015E+00   2.3402994741576527E-01   6.9974954277313827E-03
      22   1.8232629921259843E+01       11   3.0400000000000005E-01   1.8956100820141957E+00   1.7518470133942396E-01   5.2380225700487774E-03
      22   1.8232629921259843E+01       12   3.3390000000000003E-01   1.1321636560119777E+00   1.2622403159948717E-01   3.7740985448246672E-03
      22   1.8232629921259843E+01       13   3.6380000000000001E-01   1.0155796084459165E+00   1.3441240803284479E-01   4.0189310001820600E-03
      22   1.8232629921259843E+01       14   3.9370000000000005E-01   8.4441043080893896E-01   1.3088335500815204E-01   3.9134123147437465E-03
      22   1.8232629921259843E+01       15   4.2360000000000003E-01   4.9473175248471102E-01   8.8773161681329010E-02   2.6543175342717382E-03
      22   1.8232629921259843E+01       16   4.5350000000000007E-01   4.7407922701182842E-01   9.7500200505513446E-02   2.9152559951148528E-03
      22   1.8232629921259843E+01       17   4.8340000000000005E-01   6.9849467841835777E-01   1.6322113513642972E-01   4.8803119405792499E-03
      22   1.8232629921259843E+01       18   5.1330000000000009E-01   7.0481862866014477E-01   1.8570342029343986E-01   5.5525322667738528E-03
      22   1.8232629921259843E+01       19   5.4320000000000002E-01   6.6412369072370492E-01   1.9596048031676652E-01   5.8592183614713201E-03
      22   1.8232629921259843E+01       20   5.7310000000000005E-01   5.6475535770416396E-01   1.8549028845119694E-01   5.5461596246907897E-03
      22   1.8232629921259843E+01       21   6.0300000000000009E-01   6.1397846833377878E-01   2.2324809689237704E-01   6.6751180970820749E-03
      22   1.8232629921259843E+01       22   6.3290000000000002E-01   5.8964026121577762E-01   2.3618772406562144E-01   7.0620129495620829E-03
      22   1.8232629921259843E+01       23   6.6280000000000006E-01   5.7883902206239535E-01   2.5428620513385503E-01   7.6031575335022668E-03
      22   1.8232629921259843E+01       24   6.9270000000000009E-01   4.5532099669253134E-01   2.1847817184905649E-01   6.5324973382867909E-03
      22   1.8232629921259843E+01       25   7.2260000000000002E-01   2.8816273519235230E-01   1.5046439118436553E-01   4.4988852964125301E-03
      22   1.8232629921259843E+01       26   7.5250000000000006E-01   1.4547735033560549E-01   8.2377458860976221E-02   2.4630860199431896E-03
      22   1.8232629921259843E+01       27   7.8240000000000010E-01   8.0975178384628310E-02   4.9568936014107418E-02   1.4821111868218121E-03
      22   1.8232629921259843E+01       28   8.1230000000000013E-01   5.9333272371960753E-02   3.9149949649112233E-02   1.1705834945084561E-03
      22   1.8232629921259843E+01       29   8.4220000000000006E-01   3.8972966967285264E-02   2.7643558207187696E-02   8.2654239039491224E-04
      22   1.8232629921259843E+01       30   8.7210000000000010E-01   5.2368661899223991E-02   3.9829426227901386E-02   1.1908998442142517E-03
      22   1.8232629921259843E+01       31   9.0200000000000014E-01   5.9411549057690465E-02   4.8337473959533209E-02   1.4452904713900432E-03
      22   1.8232629921259843E+01       32   9.3190000000000006E-01   5.2564113203048643E-02   4.5648652841825010E-02   1.3648947199705681E-03
      22   1.8232629921259843E+01       33   9.6180000000000010E-01   3.6224782848414475E-02   3.3510070090919337E-02   1.0019510957184883E-03
      22   1.8232629921259843E+01       34   9.9170000000000014E-01   2.3096051491641442E-02   2.2714248123867461E-02   6.7915601890363721E-04
      22   1.8232629921259843E+01       35   1.0216000000000001E+00   1.6025791714649809E-02   1.6725582910105070E-02   5.0009492901214171E-04
      22   1.8232629921259843E+01       36   1.0515000000000001E+00   1.7559248854392261E-02   1.9414423004168728E-02   5.8049124782464507E-04
      22   1.8232629921259843E+01       37   1.0814000000000001E+00   2.1150347119491160E-02   2.4733764984544191E-02   7.3953957303787149E-04
      22   1.8232629921259843E+01       38   1.1113000000000002E+00   1.7858136220713396E-02   2.2054578398924173E-02   6.5943189412783290E-04
      22   1.8232629921259843E+01       39   1.1412000000000002E+00   1.6576162578495559E-02   2.1587757137501714E-02   6.4547393841130139E-04
      22   1.8232629921259843E+01       40   1.1711000000000000E+00   1.2222132439979745E-02   1.6762351654769036E-02   5.0119431447759430E-04
      22   1.8232629921259843E+01       41   1.2010000000000001E+00   8.7845829584210517E-03   1.2670891243809487E-02   3.7885964818990371E-04
      22   1.8232629921259843E+01       42   1.2309000000000001E+00   7.7967867600511279E-03   1.1813027090565382E-02   3.5320951000790499E-04
      22   1.8232629921259843E+01       43   1.2608000000000001E+00   6.2466816995423741E-03   9.9298291743760408E-03   2.9690189231384366E-04
      22   1.8232629921259843E+01       44   1.2907000000000002E+00   4.2780807381937094E-03   7.1268824665008937E-03   2.1309378574837677E-04
      22   1.8232629921259843E+01       45   1.3206000000000002E+00   4.6062691240218627E-03   8.0332613102450327E-03   2.4019451317632652E-04
      22   1.8232629921259843E+01       46   1.3505000000000000E+00   4.1418193895600168E-03   7.5540583291038837E-03   2.2586634404020618E-04
      22   1.8232629921259843E+01       47   1.3804000000000001E+00   4.6024951781584349E-03   8.7700737083608402E-03   2.6222520387998916E-04
      22   1.8232629921259843E+01       48   1.4103000000000001E+00   3.4096884606683760E-03   6.7816865319644858E-03   2.0277242730573817E-04
      22   1.8232629921259843E+01       49   1.4402000000000001E+00   4.1459875137979168E-03   8.5995079632588088E-03   2.5712528810143846E-04
      22   1.8232629921259843E+01       50   1.4701000000000002E+00   2.3154441350342675E-03   5.0041239951256911E-03   1.4962330745425819E-04
 
      23   1.9100850393700789E+01        1   5.0000000000000001E-03   1.5040611890005414E+02   3.7601529725013539E-03   1.1242857387779050E-04
      23   1.9100850393700789E+01        2   3.4900000000000000E-02   2.0701726259189861E+01   2.5214909600955845E-02   7.5392579706857988E-04
      23   1.9100850393700789E+01        3   6.4800000000000010E-02   1.0489585553659689E+01   4.4046189323239192E-02   1.3169810607648522E-03
      23   1.9100850393700789E+01        4   9.4700000000000006E-02   7.1772821606918074E+00   6.4366512372478604E-02   1.9245587199371106E-03
      23   1.9100850393700789E+01        5   1.2460000000000002E-01   6.1790511882257482E+00   9.5930758345394884E-02   2.8683296745273075E-03
      23   1.9100850393700789E+01        6   1.5450000000000003E-01   6.1224577938486799E+00   1.4614459815361652E-01   4.3697234847931352E-03
      23   1.9100850393700789E+01        7   1.8440000000000001E-01   6.0960562575564712E+00   2.0728639550594544E-01   6.1978632256277696E-03
      23   1.9100850393700789E+01        8   2.1430000000000002E-01   5.5786439320990562E+00   2.5619637747324381E-01   7.6602716864499912E-03
      23   1.9100850393700789E+01        9   2.4420000000000003E-01   4.5319833408944188E+00   2.7025866303689511E-01   8.0807340248031656E-03
      23   1.9100850393700789E+01       10   2.7410000000000001E-01   3.1934386589357318E+00   2.3992563313115528E-01   7.1737764306215443E-03
      23   1.9100850393700789E+01       11   3.0400000000000005E-01   1.9550476664476881E+00   1.8067768514242960E-01   5.4022627857586462E-03
      23   1.9100850393700789E+01       12   3.3390000000000003E-01   1.1678000725817723E+00   1.3019710753008448E-01   3.8928935151495269E-03
      23   1.9100850393700789E+01       13   3.6380000000000001E-01   1.0416628880252157E+00   1.3786454156180805E-01   4.1221497926980620E-03
      23   1.9100850393700789E+01       14   3.9370000000000005E-01   8.6204643995549013E-01   1.3361693095870464E-01   3.9951462356652692E-03
      23   1.9100850393700789E+01       15   4.2360000000000003E-01   5.0007857232019448E-01   8.9732578778275868E-02   2.6830041054704489E-03
      23   1.9100850393700789E+01       16   4.5350000000000007E-01   4.9001330039544871E-01   1.0077723788925391E-01   3.0132394128886924E-03
      23   1.9100850393700789E+01       17   4.8340000000000005E-01   7.2730779778396271E-01   1.6995405693953428E-01   5.0816263024920762E-03
      23   1.9100850393700789E+01       18   5.1330000000000009E-01   7.4282408280661449E-01   1.9571697915498931E-01   5.8519376767341815E-03
      23   1.9100850393700789E+01       19   5.4320000000000002E-01   6.8555157770730990E-01   2.0228312636016377E-01   6.0482654781688983E-03
      23   1.9100850393700789E+01       20   5.7310000000000005E-01   5.7120286644832874E-01   1.8760793149863700E-01   5.6094771518092473E-03
      23   1.9100850393700789E+01       21   6.0300000000000009E-01   6.0741658741890470E-01   2.2086213793480058E-01   6.6037779242505389E-03
      23   1.9100850393700789E+01       22   6.3290000000000002E-01   5.8084128027199333E-01   2.3266318305323513E-01   6.9566291732917323E-03
      23   1.9100850393700789E+01       23   6.6280000000000006E-01   5.7340362538518019E-01   2.5189841450163120E-01   7.5317625935987743E-03
      23   1.9100850393700789E+01       24   6.9270000000000009E-01   4.5561285424384967E-01   2.1861821481811691E-01   6.5366846230616969E-03
      23   1.9100850393700789E+01       25   7.2260000000000002E-01   2.9257516463613031E-01   1.5276834457188057E-01   4.5677735026992301E-03
      23   1.9100850393700789E+01       26   7.5250000000000006E-01   1.4242803033530571E-01   8.0650762352556471E-02   2.4114577943414391E-03
      23   1.9100850393700789E+01       27   7.8240000000000010E-01   8.0026590796391184E-02   4.8988258349629082E-02   1.4647489246539100E-03
      23   1.9100850393700789E+01       28   8.1230000000000013E-01   6.3310598421089215E-02   4.1774313826859269E-02   1.2490519834230925E-03
      23   1.9100850393700789E+01       29   8.4220000000000006E-01   4.2268576424584876E-02   2.9981136763562257E-02   8.9643598923051164E-04
      23   1.9100850393700789E+01       30   8.7210000000000010E-01   5.4426290429730857E-02   4.1394372911434323E-02   1.2376917500518865E-03
      23   1.9100850393700789E+01       31   9.0200000000000014E-01   6.3626478365677253E-02   5.1766757304228486E-02   1.5478260433964320E-03
      23   1.9100850393700789E+01       32   9.3190000000000006E-01   5.5868843723940208E-02   4.8518605117082135E-02   1.4507062930007562E-03
      23   1.9100850393700789E+01       33   9.6180000000000010E-01   3.8499646410464959E-02   3.5614453648733453E-02   1.0648721640971305E-03
      23   1.9100850393700789E+01       34   9.9170000000000014E-01   2.5138477212024054E-02   2.4722910279999597E-02   7.3921501737198806E-04
      23   1.9100850393700789E+01       35   1.0216000000000001E+00   1.6091141644945649E-02   1.6793786447053170E-02   5.0213421476688993E-04
      23   1.9100850393700789E+01       36   1.0515000000000001E+00   1.7562688174850676E-02   1.9418225696572044E-02   5.8060494832750428E-04
      23   1.9100850393700789E+01       37   1.0814000000000001E+00   2.0855048683496302E-02   2.4388435327544405E-02   7.2921421629357783E-04
      23   1.9100850393700789E+01       38   1.1113000000000002E+00   1.7323006404579715E-02   2.1393699663447112E-02   6.3967161993706877E-04
      23   1.9100850393700789E+01       39   1.1412000000000002E+00   1.5815161507485825E-02   2.0596676950845640E-02   6.1584064083028476E-04
      23   1.9100850393700789E+01       40   1.1711000000000000E+00   1.1648033389149902E-02   1.5974989038471374E-02   4.7765217225029417E-04
      23   1.9100850393700789E+01       41   1.2010000000000001E+00   8.1966294730458338E-03   1.1822826548550786E-02   3.5350251380166859E-04
      23   1.9100850393700789E+01       42   1.2309000000000001E+00   7.2772301848427028E-03   1.1025839228834218E-02   3.2967259294214318E-04
      23   1.9100850393700789E+01       43   1.2608000000000001E+00   6.2499083791810505E-03   9.9349583580216304E-03   2.9705525490484680E-04
      23   1.9100850393700789E+01       44   1.2907000000000002E+00   4.4303723721915034E-03   7.3805860879505233E-03   2.2067952402972070E-04
      23   1.9100850393700789E+01       45   1.3206000000000002E+00   5.1736025676002483E-03   9.0226819627506789E-03   2.6977819068624536E-04
      23   1.9100850393700789E+01       46   1.3505000000000000E+00   4.5319666915810720E-03   8.2656285834318104E-03   2.4714229464461117E-04
      23   1.9100850393700789E+01       47   1.3804000000000001E+00   4.9542296778376724E-03   9.4403052607151452E-03   2.8226512729538292E-04
      23   1.9100850393700789E+01       48   1.4103000000000001E+00   3.3445032352573192E-03   6.6520366327573960E-03   1.9889589531944617E-04
      23   1.9100850393700789E+01       49   1.4402000000000001E+00   3.5707528138752332E-03   7.4063699313025892E-03   2.2145046094594747E-04
      23   1.9100850393700789E+01       50   1.4701000000000002E+00   2.3666181264650568E-03   5.1147209188737042E-03   1.5293015547432378E-04
 
      24   1.9969070866141735E+01        1   5.0000000000000001E-03   1.4993640203990969E+02   3.7484100509977427E-03   1.1207746052483253E-04
      24   1.9969070866141735E+01        2   3.4900000000000000E-02   2.0518402824634485E+01   2.4991619824433049E-02   7.4724943275054836E-04
      24   1.9969070866141735E+01        3   6.4800000000000010E-02   1.0233623537110907E+01   4.2971394577270193E-02   1.2848446978603791E-03
      24   1.9969070866141735E+01        4   9.4700000000000006E-02   6.8633888169245338E+00   6.1551488615172754E-02   1.8403895095936657E-03
      24   1.9969070866141735E+01        5   1.2460000000000002E-01   5.8334956158640825E+00   9.0565952795588447E-02   2.7079219885880954E-03
      24   1.9969070866141735E+01        6   1.5450000000000003E-01   5.7873446597735647E+00   1.3814536386495999E-01   4.1305463795623049E-03
      24   1.9969070866141735E+01        7   1.8440000000000001E-01   5.8310543444439631E+00   1.9827544005369210E-01   5.9284356576053947E-03
      24   1.9969070866141735E+01        8   2.1430000000000002E-01   5.4035597771252908E+00   2.4815572694899268E-01   7.4198562357748830E-03
      24   1.9969070866141735E+01        9   2.4420000000000003E-01   4.4472934177766765E+00   2.6520829465006401E-01   7.9297280100369162E-03
      24   1.9969070866141735E+01       10   2.7410000000000001E-01   3.1977520554044614E+00   2.4024970210170207E-01   7.1834660928408933E-03
      24   1.9969070866141735E+01       11   3.0400000000000005E-01   1.9854996229286426E+00   1.8349193315257348E-01   5.4864088012619482E-03
      24   1.9969070866141735E+01       12   3.3390000000000003E-01   1.2018423583238296E+00   1.3399245507406071E-01   4.0063744067144165E-03
      24   1.9969070866141735E+01       13   3.6380000000000001E-01   1.0836788864978579E+00   1.4342537744670156E-01   4.2884187856563772E-03
      24   1.9969070866141735E+01       14   3.9370000000000005E-01   8.9695280908342223E-01   1.3902740735255967E-01   4.1569194798415348E-03
      24   1.9969070866141735E+01       15   4.2360000000000003E-01   5.2452510103558492E-01   9.4119189573518225E-02   2.8141637682481957E-03
      24   1.9969070866141735E+01       16   4.5350000000000007E-01   5.1622291125979924E-01   1.0616756543124069E-01   3.1744102063940970E-03
      24   1.9969070866141735E+01       17   4.8340000000000005E-01   7.7180637849644340E-01   1.8035228770672843E-01   5.3925334024311810E-03
      24   1.9969070866141735E+01       18   5.1330000000000009E-01   7.9514106946412955E-01   2.0950129609368287E-01   6.2640887532011188E-03
      24   1.9969070866141735E+01       19   5.4320000000000002E-01   7.1427866077974578E-01   2.1075951874851509E-01   6.3017096105806025E-03
      24   1.9969070866141735E+01       20   5.7310000000000005E-01   5.8389860048191278E-01   1.9177776421622719E-01   5.7341551500651941E-03
      24   1.9969070866141735E+01       21   6.0300000000000009E-01   6.0728860025503140E-01   2.2081560065013178E-01   6.6023864594389418E-03
      24   1.9969070866141735E+01       22   6.3290000000000002E-01   5.7231751409505394E-01   2.2924888273112379E-01   6.8545415936606029E-03
      24   1.9969070866141735E+01       23   6.6280000000000006E-01   5.6775591846621665E-01   2.4941735516493591E-01   7.4575789194315850E-03
      24   1.9969070866141735E+01       24   6.9270000000000009E-01   4.5255342700501128E-01   2.1715019978058947E-01   6.4927909734396267E-03
      24   1.9969070866141735E+01       25   7.2260000000000002E-01   2.9533102929686228E-01   1.5420732139893892E-01   4.6107989098282745E-03
      24   1.9969070866141735E+01       26   7.5250000000000006E-01   1.4494098913690229E-01   8.2073740979953042E-02   2.4540048553005965E-03
      24   1.9969070866141735E+01       27   7.8240000000000010E-01   7.8286492621760878E-02   4.7923057669652699E-02   1.4328994243226160E-03
      24   1.9969070866141735E+01       28   8.1230000000000013E-01   6.5897977177932221E-02   4.3481547289705588E-02   1.3000982639621973E-03
      24   1.9969070866141735E+01       29   8.4220000000000006E-01   4.4061403756436406E-02   3.1252790696019501E-02   9.3445844181098330E-04
      24   1.9969070866141735E+01       30   8.7210000000000010E-01   5.5767452656251042E-02   4.2414405121988574E-02   1.2681907131474586E-03
      24   1.9969070866141735E+01       31   9.0200000000000014E-01   6.5825312146596440E-02   5.3555737263719462E-02   1.6013165441852123E-03
      24   1.9969070866141735E+01       32   9.3190000000000006E-01   5.9192614237488228E-02   5.1405092438056257E-02   1.5370122638978824E-03
      24   1.9969070866141735E+01       33   9.6180000000000010E-01   4.0727820169644817E-02   3.7675646372988314E-02   1.1265018265523509E-03
      24   1.9969070866141735E+01       34   9.9170000000000014E-01   2.7639476738503227E-02   2.7182565508196595E-02   8.1275870869507833E-04
      24   1.9969070866141735E+01       35   1.0216000000000001E+00   1.6503892093951721E-02   1.7224560288305792E-02   5.1501435262034335E-04
      24   1.9969070866141735E+01       36   1.0515000000000001E+00   1.6495334607453307E-02   1.8238103823233619E-02   5.4531930431468527E-04
      24   1.9969070866141735E+01       37   1.0814000000000001E+00   1.9524710816279163E-02   2.2832703690049649E-02   6.8269784033248460E-04
      24   1.9969070866141735E+01       38   1.1113000000000002E+00   1.6154962438940983E-02   1.9951179744504496E-02   5.9654027436068457E-04
      24   1.9969070866141735E+01       39   1.1412000000000002E+00   1.4495461179148088E-02   1.8877981803671111E-02   5.6445165592976633E-04
      24   1.9969070866141735E+01       40   1.1711000000000000E+00   1.0828574637130852E-02   1.4851121674459710E-02   4.4404853806634544E-04
      24   1.9969070866141735E+01       41   1.2010000000000001E+00   7.8676259053220374E-03   1.1348271473462413E-02   3.3931331705652621E-04
      24   1.9969070866141735E+01       42   1.2309000000000001E+00   7.4429502120016344E-03   1.1276924096296317E-02   3.3718003047925998E-04
      24   1.9969070866141735E+01       43   1.2608000000000001E+00   6.8103848290070046E-03   1.0825901048993093E-02   3.2369444136489355E-04
      24   1.9969070866141735E+01       44   1.2907000000000002E+00   5.0207912699288130E-03   8.3641687615097545E-03   2.5008864596914171E-04
      24   1.9969070866141735E+01       45   1.3206000000000002E+00   5.8331516665842643E-03   1.0172925276030895E-02   3.0417046575332386E-04
      24   1.9969070866141735E+01       46   1.3505000000000000E+00   4.6681568341213984E-03   8.5140190089515212E-03   2.5456916836765056E-04
      24   1.9969070866141735E+01       47   1.3804000000000001E+00   4.7655639318213870E-03   9.0808018968316102E-03   2.7151597671526520E-04
      24   1.9969070866141735E+01       48   1.4103000000000001E+00   3.3337958475413193E-03   6.6307402158255436E-03   1.9825913245318378E-04
      24   1.9969070866141735E+01       49   1.4402000000000001E+00   2.9055117036486020E-03   6.0265427596475117E-03   1.8019362851346064E-04
      24   1.9969070866141735E+01       50   1.4701000000000002E+00   2.5623586367904141E-03   5.5377541373032094E-03   1.6557884870536599E-04
 
      25   2.0837291338582677E+01        1   5.0000000000000001E-03   1.5129292811545426E+02   3.7823232028863568E-03   1.1309146376630209E-04
      25   2.0837291338582677E+01        2   3.4900000000000000E-02   2.0538772017839108E+01   2.5016429705448213E-02   7.4799124819290171E-04
      25   2.0837291338582677E+01        3   6.4800000000000010E-02   1.0033503501980597E+01   4.2131082544956615E-02   1.2597193680942030E-03
      25   2.0837291338582677E+01        4   9.4700000000000006E-02   6.5264008228787969E+00   5.8529349955651122E-02   1.7500275636739690E-03
      25   2.0837291338582677E+01        5   1.2460000000000002E-01   5.4132033127007153E+00   8.4040847542208669E-02   2.5128213415120397E-03
      25   2.0837291338582677E+01        6   1.5450000000000003E-01   5.3546229971466834E+00   1.2781618959764068E-01   3.8217040689694573E-03
      25   2.0837291338582677E+01        7   1.8440000000000001E-01   5.4554655358629534E+00   1.8550415858354094E-01   5.5465743416478752E-03
      25   2.0837291338582677E+01        8   2.1430000000000002E-01   5.1154399935724104E+00   2.3492397283041624E-01   7.0242267876294475E-03
      25   2.0837291338582677E+01        9   2.4420000000000003E-01   4.2748889883269774E+00   2.5492719096985522E-01   7.6223230099986732E-03
      25   2.0837291338582677E+01       10   2.7410000000000001E-01   3.1365782128204773E+00   2.3565366175755487E-01   7.0460444865508920E-03
      25   2.0837291338582677E+01       11   3.0400000000000005E-01   1.9834498319216216E+00   1.8330249966686862E-01   5.4807447400393727E-03
      25   2.0837291338582677E+01       12   3.3390000000000003E-01   1.2258966902866062E+00   1.3667425354166843E-01   4.0865601808958872E-03
      25   2.0837291338582677E+01       13   3.6380000000000001E-01   1.1285769007637521E+00   1.4936764938991895E-01   4.4660927167585775E-03
      25   2.0837291338582677E+01       14   3.9370000000000005E-01   9.3908563912914433E-01   1.4555798294846928E-01   4.3521836901592326E-03
      25   2.0837291338582677E+01       15   4.2360000000000003E-01   5.6614896715908281E-01   1.0158804957416567E-01   3.0374826822675543E-03
      25   2.0837291338582677E+01       16   4.5350000000000007E-01   5.4853931449084736E-01   1.1281382963164531E-01   3.3731335059861956E-03
      25   2.0837291338582677E+01       17   4.8340000000000005E-01   8.2615067336126924E-01   1.9305122124207172E-01   5.7722315151379454E-03
      25   2.0837291338582677E+01       18   5.1330000000000009E-01   8.5359047276813316E-01   2.2490136309857747E-01   6.7245507566474679E-03
      25   2.0837291338582677E+01       19   5.4320000000000002E-01   7.4989948962773034E-01   2.2127002278237343E-01   6.6159736811929673E-03
      25   2.0837291338582677E+01       20   5.7310000000000005E-01   6.0534442820739265E-01   1.9882150929382189E-01   5.9447631278852758E-03
      25   2.0837291338582677E+01       21   6.0300000000000009E-01   6.1679723505302242E-01   2.2427302584039452E-01   6.7057634726277971E-03
      25   2.0837291338582677E+01       22   6.3290000000000002E-01   5.7003409395379034E-01   2.2833423045629672E-01   6.8271934906432730E-03
      25   2.0837291338582677E+01       23   6.6280000000000006E-01   5.6548197477599793E-01   2.4841840296987908E-01   7.4277102487993862E-03
      25   2.0837291338582677E+01       24   6.9270000000000009E-01   4.4806807420029104E-01   2.1499797818748984E-01   6.4284395478059475E-03
      25   2.0837291338582677E+01       25   7.2260000000000002E-01   2.9438771000491626E-01   1.5371476651372665E-01   4.5960715187604280E-03
      25   2.0837291338582677E+01       26   7.5250000000000006E-01   1.4984536445019822E-01   8.4850874153452577E-02   2.5370411371882324E-03
      25   2.0837291338582677E+01       27   7.8240000000000010E-01   7.5254626776979444E-02   4.6067101720417544E-02   1.3774063414404849E-03
      25   2.0837291338582677E+01       28   8.1230000000000013E-01   6.4381335444703897E-02   4.2480819618401708E-02   1.2701765065902114E-03
      25   2.0837291338582677E+01       29   8.4220000000000006E-01   4.3849307799709518E-02   3.1102350855752518E-02   9.2996029058700050E-04
      25   2.0837291338582677E+01       30   8.7210000000000010E-01   5.6588353835946251E-02   4.3038748417984690E-02   1.2868585776977426E-03
      25   2.0837291338582677E+01       31   9.0200000000000014E-01   6.6513176425256948E-02   5.4115386392294768E-02   1.6180500531296140E-03
      25   2.0837291338582677E+01       32   9.3190000000000006E-01   6.1918246975547021E-02   5.3772134418833786E-02   1.6077868191231306E-03
      25   2.0837291338582677E+01       33   9.6180000000000010E-01   4.2654100362275321E-02   3.9457569664010143E-02   1.1797813329539036E-03
      25   2.0837291338582677E+01       34   9.9170000000000014E-01   2.9568930621016929E-02   2.9080123376338536E-02   8.6949568895252239E-04
      25   2.0837291338582677E+01       35   1.0216000000000001E+00   1.7047542457101418E-02   1.7791949992656986E-02   5.3197930478044396E-04
      25   2.0837291338582677E+01       36   1.0515000000000001E+00   1.4761126572776964E-02   1.6320672807725641E-02   4.8798811695099676E-04
      25   2.0837291338582677E+01       37   1.0814000000000001E+00   1.7408263940201160E-02   2.0357675770203129E-02   6.0869450552907369E-04
      25   2.0837291338582677E+01       38   1.1113000000000002E+00   1.4421876694206550E-02   1.7810840184042987E-02   5.3254412150288547E-04
      25   2.0837291338582677E+01       39   1.1412000000000002E+00   1.3002632934375851E-02   1.6933815689014739E-02   5.0632108910154082E-04
      25   2.0837291338582677E+01       40   1.1711000000000000E+00   9.9858733614201743E-03   1.3695377765387141E-02   4.0949179518507561E-04
      25   2.0837291338582677E+01       41   1.2010000000000001E+00   7.9222728944726446E-03   1.1427094345260239E-02   3.4167012092328124E-04
      25   2.0837291338582677E+01       42   1.2309000000000001E+00   8.0426397100898071E-03   1.2185522536251176E-02   3.6434712383391025E-04
      25   2.0837291338582677E+01       43   1.2608000000000001E+00   7.7570221920163947E-03   1.2330691553278541E-02   3.6868767744302846E-04
      25   2.0837291338582677E+01       44   1.2907000000000002E+00   5.7295606669875024E-03   9.5449122999832110E-03   2.8539287776949807E-04
      25   2.0837291338582677E+01       45   1.3206000000000002E+00   6.2818085733356522E-03   1.0955375904411294E-02   3.2756573954189776E-04
      25   2.0837291338582677E+01       46   1.3505000000000000E+00   4.4464423333072135E-03   8.1096449612129452E-03   2.4247838434026712E-04
      25   2.0837291338582677E+01       47   1.3804000000000001E+00   4.2284757788501048E-03   8.0573781870581160E-03   2.4091560779303771E-04
      25   2.0837291338582677E+01       48   1.4103000000000001E+00   3.3267269977266599E-03   6.6166806546258802E-03   1.9783875157331385E-04
      25   2.0837291338582677E+01       49   1.4402000000000001E+00   2.5154710366044864E-03   5.2175297534389894E-03   1.5600413962782583E-04
      25   2.0837291338582677E+01       50   1.4701000000000002E+00   2.7690785007481477E-03   5.9845158690366787E-03   1.7893702448419673E-04
 
      26   2.1705511811023623E+01        1   5.0000000000000001E-03   1.5323991669859282E+02   3.8309979174648207E-03   1.1454683773219817E-04
      26   2.1705511811023623E+01        2   3.4900000000000000E-02   2.0642187566582045E+01   2.5142390877972598E-02   7.5175748725138088E-04
      26   2.1705511811023623E+01        3   6.4800000000000010E-02   9.8861775787658335E+00   4.1512455100340899E-02   1.2412224075001933E-03
      26   2.1705511811023623E+01        4   9.4700000000000006E-02   6.2220092688551532E+00   5.5799539103927216E-02   1.6684062192074242E-03
      26   2.1705511811023623E+01        5   1.2460000000000002E-01   5.0127660478090137E+00   7.7823994934802618E-02   2.3269374485505988E-03
      26   2.1705511811023623E+01        6   1.5450000000000003E-01   4.9329931525522026E+00   1.1775177979970926E-01   3.5207782160113074E-03
      26   2.1705511811023623E+01        7   1.8440000000000001E-01   5.0713205213810681E+00   1.7244193736390817E-01   5.1560139271808556E-03
      26   2.1705511811023623E+01        8   2.1430000000000002E-01   4.8056265919649617E+00   2.2069595036642900E-01   6.5988089159562287E-03
      26   2.1705511811023623E+01        9   2.4420000000000003E-01   4.0715535093382647E+00   2.4280155621661478E-01   7.2597665308767835E-03
      26   2.1705511811023623E+01       10   2.7410000000000001E-01   3.0306033704805380E+00   2.2769168601293294E-01   6.8079814117866962E-03
      26   2.1705511811023623E+01       11   3.0400000000000005E-01   1.9492721134728423E+00   1.8014393163870626E-01   5.3863035559973188E-03
      26   2.1705511811023623E+01       12   3.3390000000000003E-01   1.2321217624352734E+00   1.3736828191771633E-01   4.1073116293397190E-03
      26   2.1705511811023623E+01       13   3.6380000000000001E-01   1.1604238217698775E+00   1.5358260339772487E-01   4.5921198415919745E-03
      26   2.1705511811023623E+01       14   3.9370000000000005E-01   9.7736845478963175E-01   1.5149180750817198E-01   4.5296050444943430E-03
      26   2.1705511811023623E+01       15   4.2360000000000003E-01   6.1512451401073831E-01   1.1037607281556432E-01   3.3002445771853736E-03
      26   2.1705511811023623E+01       16   4.5350000000000007E-01   5.8869907046741321E-01   1.2107317540523679E-01   3.6200879446165808E-03
      26   2.1705511811023623E+01       17   4.8340000000000005E-01   8.8541051966402384E-01   2.0689879901238184E-01   6.1862740904702184E-03
      26   2.1705511811023623E+01       18   5.1330000000000009E-01   9.1052174561923716E-01   2.3990143781312781E-01   7.1730529906125226E-03
      26   2.1705511811023623E+01       19   5.4320000000000002E-01   7.9060566975069579E-01   2.3328104229601956E-01   6.9751031646509863E-03
      26   2.1705511811023623E+01       20   5.7310000000000005E-01   6.3694843149388636E-01   2.0920164222368975E-01   6.2551291024883250E-03
      26   2.1705511811023623E+01       21   6.0300000000000009E-01   6.3722645469536421E-01   2.3170127396532678E-01   6.9278680915632719E-03
      26   2.1705511811023623E+01       22   6.3290000000000002E-01   5.7734614968656728E-01   2.3126316512267214E-01   6.9147686371678983E-03
      26   2.1705511811023623E+01       23   6.6280000000000006E-01   5.6786468400544521E-01   2.4946513628397871E-01   7.4590075748909648E-03
      26   2.1705511811023623E+01       24   6.9270000000000009E-01   4.4481968453822829E-01   2.1343929268874026E-01   6.3818348513933355E-03
      26   2.1705511811023623E+01       25   7.2260000000000002E-01   2.8958112787682289E-01   1.5120500600254028E-01   4.5210296794759549E-03
      26   2.1705511811023623E+01       26   7.5250000000000006E-01   1.5164469660446114E-01   8.5869757231629915E-02   2.5675057412257352E-03
      26   2.1705511811023623E+01       27   7.8240000000000010E-01   7.1491309795192123E-02   4.3763388133212518E-02   1.3085253051830547E-03
      26   2.1705511811023623E+01       28   8.1230000000000013E-01   5.9071770487570278E-02   3.8977402523397438E-02   1.1654243354495837E-03
      26   2.1705511811023623E+01       29   8.4220000000000006E-01   4.2459167349279674E-02   3.0116323066544652E-02   9.0047805968968529E-04
      26   2.1705511811023623E+01       30   8.7210000000000010E-01   5.6732259412823449E-02   4.3148197014724540E-02   1.2901310907402640E-03
      26   2.1705511811023623E+01       31   9.0200000000000014E-01   6.6592071015263446E-02   5.4179575346302418E-02   1.6199693028544427E-03
      26   2.1705511811023623E+01       32   9.3190000000000006E-01   6.3187171769437792E-02   5.4874116434110033E-02   1.6407360813798903E-03
      26   2.1705511811023623E+01       33   9.6180000000000010E-01   4.3920781728731519E-02   4.0629324966186271E-02   1.2148168164889698E-03
      26   2.1705511811023623E+01       34   9.9170000000000014E-01   3.0309697177115028E-02   2.9808644239013457E-02   8.9127846274650259E-04
      26   2.1705511811023623E+01       35   1.0216000000000001E+00   1.7442293416342260E-02   1.8203938368344576E-02   5.4429775721350296E-04
      26   2.1705511811023623E+01       36   1.0515000000000001E+00   1.3285137596532000E-02   1.4688742275165199E-02   4.3919339402743952E-04
      26   2.1705511811023623E+01       37   1.0814000000000001E+00   1.5453898793191437E-02   1.8072190431970742E-02   5.4035849391592531E-04
      26   2.1705511811023623E+01       38   1.1113000000000002E+00   1.2745354699935244E-02   1.5740356159103675E-02   4.7063664915719997E-04
      26   2.1705511811023623E+01       39   1.1412000000000002E+00   1.2055834289411201E-02   1.5700764365536010E-02   4.6945285452952681E-04
      26   2.1705511811023623E+01       40   1.1711000000000000E+00   9.5280241375387924E-03   1.3067448904916085E-02   3.9071672225699102E-04
      26   2.1705511811023623E+01       41   1.2010000000000001E+00   8.5513809967256420E-03   1.2334520501058065E-02   3.6880216298163621E-04
      26   2.1705511811023623E+01       42   1.2309000000000001E+00   8.7668641830175101E-03   1.3282805760948382E-02   3.9715589225235674E-04
      26   2.1705511811023623E+01       43   1.2608000000000001E+00   8.8166164952989678E-03   1.4015040289425726E-02   4.1904970465382927E-04
      26   2.1705511811023623E+01       44   1.2907000000000002E+00   6.1661425759668691E-03   1.0272216935568528E-02   3.0713928637349903E-04
      26   2.1705511811023623E+01       45   1.3206000000000002E+00   6.2977393825751522E-03   1.0983158986567126E-02   3.2839645369835715E-04
      26   2.1705511811023623E+01       46   1.3505000000000000E+00   3.9942666735389631E-03   7.2849442711007059E-03   2.1781983370591115E-04
      26   2.1705511811023623E+01       47   1.3804000000000001E+00   3.6525123189889304E-03   6.9598774182846549E-03   2.0810033480671123E-04
      26   2.1705511811023623E+01       48   1.4103000000000001E+00   3.2550828563494847E-03   6.4741843197623399E-03   1.9357811116089402E-04
      26   2.1705511811023623E+01       49   1.4402000000000001E+00   2.5995697628043166E-03   5.3919653163171976E-03   1.6121976295788425E-04
      26   2.1705511811023623E+01       50   1.4701000000000002E+00   2.8832970349989590E-03   6.2313642810905116E-03   1.8631779200460635E-04
 
      27   2.2573732283464569E+01        1   5.0000000000000001E-03   1.5426545469674920E+02   3.8566363674187301E-03   1.1531342738582005E-04
      27   2.2573732283464569E+01        2   3.4900000000000000E-02   2.0664813398754546E+01   2.5169949367817027E-02   7.5258148609772923E-04
      27   2.2573732283464569E+01        3   6.4800000000000010E-02   9.7599010488494642E+00   4.0982214900160865E-02   1.2253682255148101E-03
      27   2.2573732283464569E+01        4   9.4700000000000006E-02   5.9891725518608716E+00   5.3711438470617975E-02   1.6059720102714779E-03
      27   2.2573732283464569E+01        5   1.2460000000000002E-01   4.7166331175600869E+00   7.3226483811419177E-02   2.1894718659614338E-03
      27   2.2573732283464569E+01        6   1.5450000000000003E-01   4.6258837618011759E+00   1.1042100186513457E-01   3.3015879557675241E-03
      27   2.2573732283464569E+01        7   1.8440000000000001E-01   4.7838122652269579E+00   1.6266569062692773E-01   4.8637041497451407E-03
      27   2.2573732283464569E+01        8   2.1430000000000002E-01   4.5615983197652614E+00   2.0948907642007658E-01   6.2637233849602908E-03
      27   2.2573732283464569E+01        9   2.4420000000000003E-01   3.8878144655345790E+00   2.3184452822448154E-01   6.9321513939119995E-03
      27   2.2573732283464569E+01       10   2.7410000000000001E-01   2.9079904903217684E+00   2.1847968101017165E-01   6.5325424622041340E-03
      27   2.2573732283464569E+01       11   3.0400000000000005E-01   1.8895679642838228E+00   1.7462631298725381E-01   5.2213267583188904E-03
      27   2.2573732283464569E+01       12   3.3390000000000003E-01   1.2172132798036026E+00   1.3570614696681263E-01   4.0576137943076985E-03
      27   2.2573732283464569E+01       13   3.6380000000000001E-01   1.1682913856526500E+00   1.5462387893933793E-01   4.6232539802862054E-03
      27   2.2573732283464569E+01       14   3.9370000000000005E-01   1.0035286446629954E+00   1.5554662882888448E-01   4.6508442019836472E-03
      27   2.2573732283464569E+01       15   4.2360000000000003E-01   6.5943119522306159E-01   1.1832632899999272E-01   3.5379572370997829E-03
      27   2.2573732283464569E+01       16   4.5350000000000007E-01   6.3886288032983563E-01   1.3138997741011479E-01   3.9285603245624336E-03
      27   2.2573732283464569E+01       17   4.8340000000000005E-01   9.4496290660856419E-01   2.2081473638098401E-01   6.6023606177914229E-03
      27   2.2573732283464569E+01       18   5.1330000000000009E-01   9.6008428385454525E-01   2.5296002124787287E-01   7.5635046353114002E-03
      27   2.2573732283464569E+01       19   5.4320000000000002E-01   8.3209964335799658E-01   2.4552451307098505E-01   7.3411829408224546E-03
      27   2.2573732283464569E+01       20   5.7310000000000005E-01   6.7670968688015476E-01   2.2226097248088769E-01   6.6456030771785430E-03
      27   2.2573732283464569E+01       21   6.0300000000000009E-01   6.6586923071964332E-01   2.4211604511273888E-01   7.2392697488708937E-03
      27   2.2573732283464569E+01       22   6.3290000000000002E-01   5.9331089262746639E-01   2.3765804103010918E-01   7.1059754268002658E-03
      27   2.2573732283464569E+01       23   6.6280000000000006E-01   5.7383651075694730E-01   2.5208858270772827E-01   7.5374486229610772E-03
      27   2.2573732283464569E+01       24   6.9270000000000009E-01   4.4385765134173455E-01   2.1297767713497745E-01   6.3680325463358273E-03
      27   2.2573732283464569E+01       25   7.2260000000000002E-01   2.8177018301168388E-01   1.4712651520488984E-01   4.3990828046262071E-03
      27   2.2573732283464569E+01       26   7.5250000000000006E-01   1.4713007414841656E-01   8.3313324049504325E-02   2.4910683890801799E-03
      27   2.2573732283464569E+01       27   7.8240000000000010E-01   6.8622295666014216E-02   4.2007121822599650E-02   1.2560129424957298E-03
      27   2.2573732283464569E+01       28   8.1230000000000013E-01   5.3700492465187863E-02   3.5433265216940200E-02   1.0594546299865122E-03
      27   2.2573732283464569E+01       29   8.4220000000000006E-01   4.0956509587770557E-02   2.9050486654073716E-02   8.6860955095680427E-04
      27   2.2573732283464569E+01       30   8.7210000000000010E-01   5.5982907710673414E-02   4.2578271275606518E-02   1.2730903111406351E-03
      27   2.2573732283464569E+01       31   9.0200000000000014E-01   6.6116092588095726E-02   5.3792317394045053E-02   1.6083902900819475E-03
      27   2.2573732283464569E+01       32   9.3190000000000006E-01   6.2683954803624375E-02   5.4437103895007576E-02   1.6276694064607268E-03
      27   2.2573732283464569E+01       33   9.6180000000000010E-01   4.4091888401776733E-02   4.0787608775112408E-02   1.2195495023758613E-03
      27   2.2573732283464569E+01       34   9.9170000000000014E-01   2.9788821307278345E-02   2.9296379025477392E-02   8.7596173286177417E-04
      27   2.2573732283464569E+01       35   1.0216000000000001E+00   1.7568468007836770E-02   1.8335622570209056E-02   5.4823511484925088E-04
      27   2.2573732283464569E+01       36   1.0515000000000001E+00   1.2809070422609131E-02   1.4162377533166237E-02   4.2345508824167058E-04
      27   2.2573732283464569E+01       37   1.0814000000000001E+00   1.4583580897803811E-02   1.7054418091651889E-02   5.0992710094039165E-04
      27   2.2573732283464569E+01       38   1.1113000000000002E+00   1.2229643705370436E-02   1.5103459429218478E-02   4.5159343693363258E-04
      27   2.2573732283464569E+01       39   1.1412000000000002E+00   1.2246025372113315E-02   1.5948457333293108E-02   4.7685887426546404E-04
      27   2.2573732283464569E+01       40   1.1711000000000000E+00   9.8998014392625809E-03   1.3577332257870951E-02   4.0596223451034154E-04
      27   2.2573732283464569E+01       41   1.2010000000000001E+00   9.6105793666733212E-03   1.3862309289068968E-02   4.1448304774316223E-04
      27   2.2573732283464569E+01       42   1.2309000000000001E+00   9.4568654088103190E-03   1.4328236837065220E-02   4.2841428142825018E-04
      27   2.2573732283464569E+01       43   1.2608000000000001E+00   9.5209977977885624E-03   1.5134736528768058E-02   4.5252862221016501E-04
      27   2.2573732283464569E+01       44   1.2907000000000002E+00   6.0799233639087721E-03   1.0128583790638258E-02   3.0284465534008399E-04
      27   2.2573732283464569E+01       45   1.3206000000000002E+00   5.8453473839817794E-03   1.0194194416431141E-02   3.0480641305129122E-04
      27   2.2573732283464569E+01       46   1.3505000000000000E+00   3.5814062406041660E-03   6.5319486672774686E-03   1.9530526515159635E-04
      27   2.2573732283464569E+01       47   1.3804000000000001E+00   3.3392719927484902E-03   6.3629966735537389E-03   1.9025360053925684E-04
      27   2.2573732283464569E+01       48   1.4103000000000001E+00   3.1526248475872254E-03   6.2704008638454585E-03   1.8748498582897924E-04
      27   2.2573732283464569E+01       49   1.4402000000000001E+00   3.1120100134404676E-03   6.4548566061182963E-03   1.9300021252293710E-04
      27   2.2573732283464569E+01       50   1.4701000000000002E+00   2.8569757431054941E-03   6.1744788627148941E-03   1.8461691799517537E-04
 
      28   2.3441952755905511E+01        1   5.0000000000000001E-03   1.5339413330402147E+02   3.8348533326005370E-03   1.1466211464475608E-04
      28   2.3441952755905511E+01        2   3.4900000000000000E-02   2.0497802499077228E+01   2.4966528421901054E-02   7.4649919981484172E-04
      28   2.3441952755905511E+01        3   6.4800000000000010E-02   9.6302587817379628E+00   4.0437841834868989E-02   1.2090914708625831E-03
      28   2.3441952755905511E+01        4   9.4700000000000006E-02   5.8535277342697096E+00   5.2494963538426850E-02   1.5695994097989631E-03
      28   2.3441952755905511E+01        5   1.2460000000000002E-01   4.5813835385785211E+00   7.1126712457797739E-02   2.1266887024881530E-03
      28   2.3441952755905511E+01        6   1.5450000000000003E-01   4.5043946889121473E+00   1.0752102732300522E-01   3.2148787169578568E-03
      28   2.3441952755905511E+01        7   1.8440000000000001E-01   4.6687959341095207E+00   1.5875474891406233E-01   4.7467669925304644E-03
      28   2.3441952755905511E+01        8   2.1430000000000002E-01   4.4423850890612337E+00   2.0401426959874175E-01   6.1000266610023793E-03
      28   2.3441952755905511E+01        9   2.4420000000000003E-01   3.7636568811229756E+00   2.2444055953241038E-01   6.7107727300190715E-03
      28   2.3441952755905511E+01       10   2.7410000000000001E-01   2.8000570971145202E+00   2.1037055775246258E-01   6.2900796767986324E-03
      28   2.3441952755905511E+01       11   3.0400000000000005E-01   1.8182038891517869E+00   1.6803113061985159E-01   5.0241308055335634E-03
      28   2.3441952755905511E+01       12   3.3390000000000003E-01   1.1835512571179290E+00   1.3195319465058480E-01   3.9454005200524863E-03
      28   2.3441952755905511E+01       13   3.6380000000000001E-01   1.1505685313928224E+00   1.5227825137999387E-01   4.5531197162618177E-03
      28   2.3441952755905511E+01       14   3.9370000000000005E-01   1.0140481740004650E+00   1.5717715261513818E-01   4.6995968631926323E-03
      28   2.3441952755905511E+01       15   4.2360000000000003E-01   6.9154039667220557E-01   1.2408790649605471E-01   3.7102284042320366E-03
      28   2.3441952755905511E+01       16   4.5350000000000007E-01   6.9391744614514683E-01   1.4271262328846476E-01   4.2671074363250976E-03
      28   2.3441952755905511E+01       17   4.8340000000000005E-01   9.9932659104652211E-01   2.3351820078568711E-01   6.9821942034920459E-03
      28   2.3441952755905511E+01       18   5.1330000000000009E-01   9.9865034322985924E-01   2.6312128663163592E-01   7.8673264702859153E-03
      28   2.3441952755905511E+01       19   5.4320000000000002E-01   8.6753087558304776E-01   2.5597907354219773E-01   7.6537742989117134E-03
      28   2.3441952755905511E+01       20   5.7310000000000005E-01   7.1705170381714411E-01   2.3551105015835364E-01   7.0417803997347749E-03
      28   2.3441952755905511E+01       21   6.0300000000000009E-01   6.9681511628896675E-01   2.5336824761871501E-01   7.5757106037995809E-03
      28   2.3441952755905511E+01       22   6.3290000000000002E-01   6.1410900642998134E-01   2.4598898361829885E-01   7.3550706101871369E-03
      28   2.3441952755905511E+01       23   6.6280000000000006E-01   5.8078078503594821E-01   2.5513922906450665E-01   7.6286629490287501E-03
      28   2.3441952755905511E+01       24   6.9270000000000009E-01   4.4343666188864972E-01   2.1277567238064846E-01   6.3619926041813902E-03
      28   2.3441952755905511E+01       25   7.2260000000000002E-01   2.7330793513213109E-01   1.4270794604327297E-01   4.2669675866938627E-03
      28   2.3441952755905511E+01       26   7.5250000000000006E-01   1.3869447559389086E-01   7.8536613645513176E-02   2.3482447480008446E-03
      28   2.3441952755905511E+01       27   7.8240000000000010E-01   6.8464382805597981E-02   4.1910455502994937E-02   1.2531226195395490E-03
      28   2.3441952755905511E+01       28   8.1230000000000013E-01   5.2376597408000970E-02   3.4559717833531949E-02   1.0333355632226055E-03
      28   2.3441952755905511E+01       29   8.4220000000000006E-01   3.9765849712449723E-02   2.8205950604354352E-02   8.4335792307019535E-04
      28   2.3441952755905511E+01       30   8.7210000000000010E-01   5.4344265139120919E-02   4.1331987886828243E-02   1.2358264378161648E-03
      28   2.3441952755905511E+01       31   9.0200000000000014E-01   6.4240046852311675E-02   5.2265959079228201E-02   1.5627521764689236E-03
      28   2.3441952755905511E+01       32   9.3190000000000006E-01   6.0695457858411100E-02   5.2710218360414257E-02   1.5760355289763867E-03
      28   2.3441952755905511E+01       33   9.6180000000000010E-01   4.2881768807142499E-02   3.9668176462590951E-02   1.1860784762314698E-03
      28   2.3441952755905511E+01       34   9.9170000000000014E-01   2.8164856672435672E-02   2.7699260328649410E-02   8.2820788382661754E-04
      28   2.3441952755905511E+01       35   1.0216000000000001E+00   1.7376476809731589E-02   1.8135247776932345E-02   5.4224390853027725E-04
      28   2.3441952755905511E+01       36   1.0515000000000001E+00   1.3282054691618488E-02   1.4685333654411039E-02   4.3909147626689014E-04
      28   2.3441952755905511E+01       37   1.0814000000000001E+00   1.5093457263278284E-02   1.7650680749828184E-02   5.2775535441986279E-04
      28   2.3441952755905511E+01       38   1.1113000000000002E+00   1.3299102784583718E-02   1.6424228227005618E-02   4.9108442398746810E-04
      28   2.3441952755905511E+01       39   1.1412000000000002E+00   1.3512382020888851E-02   1.7597681009386419E-02   5.2617066218065402E-04
      28   2.3441952755905511E+01       40   1.1711000000000000E+00   1.0866183526754135E-02   1.4902701334253669E-02   4.4559076989418480E-04
      28   2.3441952755905511E+01       41   1.2010000000000001E+00   1.0563331117739029E-02   1.5236559367557896E-02   4.5557312508998120E-04
      28   2.3441952755905511E+01       42   1.2309000000000001E+00   9.8528136841971418E-03   1.4928143933097755E-02   4.4635150359962299E-04
      28   2.3441952755905511E+01       43   1.2608000000000001E+00   9.3950225944840569E-03   1.4934484249367833E-02   4.4654107905609832E-04
      28   2.3441952755905511E+01       44   1.2907000000000002E+00   5.5174797118100567E-03   9.1916052603477055E-03   2.7482899728439647E-04
      28   2.3441952755905511E+01       45   1.3206000000000002E+00   5.1238813951293575E-03   8.9359690156005835E-03   2.6718547356645750E-04
      28   2.3441952755905511E+01       46   1.3505000000000000E+00   3.4522761868722605E-03   6.2964347864960194E-03   1.8826340011623101E-04
      28   2.3441952755905511E+01       47   1.3804000000000001E+00   3.4465169787270132E-03   6.5673524404749562E-03   1.9636383797020122E-04
      28   2.3441952755905511E+01       48   1.4103000000000001E+00   3.1558944188552389E-03   6.2769038648349505E-03   1.8767942555856506E-04
      28   2.3441952755905511E+01       49   1.4402000000000001E+00   3.7321688928242018E-03   7.7411752947292882E-03   2.3146114131240576E-04
      28   2.3441952755905511E+01       50   1.4701000000000002E+00   2.7147924633961454E-03   5.8671932102848951E-03   1.7542907698751841E-04
 
      29   2.4310173228346454E+01        1   5.0000000000000001E-03   1.5071449938009678E+02   3.7678624845024198E-03   1.1265908828662238E-04
      29   2.4310173228346454E+01        2   3.4900000000000000E-02   2.0156374290728511E+01   2.4550665449850236E-02   7.3406489695052219E-04
      29   2.4310173228346454E+01        3   6.4800000000000010E-02   9.5056411512470262E+00   3.9914567419732323E-02   1.1934455658499966E-03
      29   2.4310173228346454E+01        4   9.4700000000000006E-02   5.8244850472515894E+00   5.2234506107406514E-02   1.5618117326114552E-03
      29   2.4310173228346454E+01        5   1.2460000000000002E-01   4.6151981528794224E+00   7.1651689755157510E-02   2.1423855236792099E-03
      29   2.4310173228346454E+01        6   1.5450000000000003E-01   4.5779022809186820E+00   1.0927567192109922E-01   3.2673425904408671E-03
      29   2.4310173228346454E+01        7   1.8440000000000001E-01   4.7422003373943928E+00   1.6125074526454303E-01   4.8213972834098380E-03
      29   2.4310173228346454E+01        8   2.1430000000000002E-01   4.4676709203660412E+00   2.0517550850564109E-01   6.1347477043186696E-03
      29   2.4310173228346454E+01        9   2.4420000000000003E-01   3.7294278468611237E+00   2.2239935762569144E-01   6.6497407930081751E-03
      29   2.4310173228346454E+01       10   2.7410000000000001E-01   2.7363744543527559E+00   2.0558602921883060E-01   6.1470222736430364E-03
      29   2.4310173228346454E+01       11   3.0400000000000005E-01   1.7530643582939436E+00   1.6201119573609313E-01   4.8441347525091860E-03
      29   2.4310173228346454E+01       12   3.3390000000000003E-01   1.1376684414798626E+00   1.2683775578252113E-01   3.7924488978973827E-03
      29   2.4310173228346454E+01       13   3.6380000000000001E-01   1.1153794520070797E+00   1.4762096124009588E-01   4.4138667410788682E-03
      29   2.4310173228346454E+01       14   3.9370000000000005E-01   1.0101164660991551E+00   1.5656773910926461E-01   4.6813753993670132E-03
      29   2.4310173228346454E+01       15   4.2360000000000003E-01   7.0899975541530469E-01   1.2722076075246583E-01   3.8039007464987290E-03
      29   2.4310173228346454E+01       16   4.5350000000000007E-01   7.4051807229272792E-01   1.5229661291338514E-01   4.5536687261102165E-03
      29   2.4310173228346454E+01       17   4.8340000000000005E-01   1.0419912796768334E+00   2.4348789579360072E-01   7.2802880842286633E-03
      29   2.4310173228346454E+01       18   5.1330000000000009E-01   1.0237990383239817E+00   2.6974738660259356E-01   8.0654468594175497E-03
      29   2.4310173228346454E+01       19   5.4320000000000002E-01   8.8899137408104156E-01   2.6231134214252644E-01   7.8431091300615423E-03
      29   2.4310173228346454E+01       20   5.7310000000000005E-01   7.4652315395633739E-01   2.4519075963400527E-01   7.3312037130567591E-03
      29   2.4310173228346454E+01       21   6.0300000000000009E-01   7.2352862707150889E-01   2.6308152056084438E-01   7.8661374647692496E-03
      29   2.4310173228346454E+01       22   6.3290000000000002E-01   6.3511549701327275E-01   2.5440339411198437E-01   7.6066614839483343E-03
      29   2.4310173228346454E+01       23   6.6280000000000006E-01   5.8602456699094674E-01   2.5744284261346018E-01   7.6975409941424612E-03
      29   2.4310173228346454E+01       24   6.9270000000000009E-01   4.4147971763257304E-01   2.1183666537990858E-01   6.3339162948592683E-03
      29   2.4310173228346454E+01       25   7.2260000000000002E-01   2.6765690861399272E-01   1.3975725825204685E-01   4.1787420217362014E-03
      29   2.4310173228346454E+01       26   7.5250000000000006E-01   1.3284075034542919E-01   7.5221905137788952E-02   2.2491349636198903E-03
      29   2.4310173228346454E+01       27   7.8240000000000010E-01   7.1547081422095093E-02   4.3797528721235976E-02   1.3095461087649560E-03
      29   2.4310173228346454E+01       28   8.1230000000000013E-01   5.5682597056885011E-02   3.6741119846594651E-02   1.0985594834131804E-03
      29   2.4310173228346454E+01       29   8.4220000000000006E-01   3.8866588454581609E-02   2.7568103838769044E-02   8.2428630477919464E-04
      29   2.4310173228346454E+01       30   8.7210000000000010E-01   5.2059055252147574E-02   3.9593952288675516E-02   1.1838591734313981E-03
      29   2.4310173228346454E+01       31   9.0200000000000014E-01   6.0558119998782405E-02   4.9270328663489370E-02   1.4731828270383325E-03
      29   2.4310173228346454E+01       32   9.3190000000000006E-01   5.7500876240164200E-02   4.9935923534913988E-02   1.4930841136939286E-03
      29   2.4310173228346454E+01       33   9.6180000000000010E-01   4.0276053626998522E-02   3.7257735558390501E-02   1.1140062931958763E-03
      29   2.4310173228346454E+01       34   9.9170000000000014E-01   2.5799366574024468E-02   2.5372874407258952E-02   7.5864894477704285E-04
      29   2.4310173228346454E+01       35   1.0216000000000001E+00   1.6716865617720730E-02   1.7446833633228871E-02   5.2166032563354331E-04
      29   2.4310173228346454E+01       36   1.0515000000000001E+00   1.4089546880302534E-02   1.5578139209686979E-02   4.6578636236964079E-04
      29   2.4310173228346454E+01       37   1.0814000000000001E+00   1.6541525107330177E-02   1.9344088878503703E-02   5.7838825746726083E-04
      29   2.4310173228346454E+01       38   1.1113000000000002E+00   1.5204565616826165E-02   1.8777451368577575E-02   5.6144579592046966E-04
      29   2.4310173228346454E+01       39   1.1412000000000002E+00   1.5131252719981303E-02   1.9705996931333496E-02   5.8920930824687165E-04
      29   2.4310173228346454E+01       40   1.1711000000000000E+00   1.1743204424898492E-02   1.6105513754710588E-02   4.8155486126584665E-04
      29   2.4310173228346454E+01       41   1.2010000000000001E+00   1.0867408118445275E-02   1.5675160337453586E-02   4.6868729408986235E-04
      29   2.4310173228346454E+01       42   1.2309000000000001E+00   9.7084920813789843E-03   1.4709480135265027E-02   4.3981345604442439E-04
      29   2.4310173228346454E+01       43   1.2608000000000001E+00   8.4001618951060758E-03   1.3353037127154556E-02   3.9925581010192131E-04
      29   2.4310173228346454E+01       44   1.2907000000000002E+00   4.8338236243498419E-03   8.0526981473197264E-03   2.4077567460485986E-04
      29   2.4310173228346454E+01       45   1.3206000000000002E+00   4.4772610629981923E-03   7.8082732695058249E-03   2.3346737075822420E-04
      29   2.4310173228346454E+01       46   1.3505000000000000E+00   3.6967427933836728E-03   6.7423052678985103E-03   2.0159492751016550E-04
      29   2.4310173228346454E+01       47   1.3804000000000001E+00   3.8597101793006023E-03   7.3546938030516441E-03   2.1990534471124420E-04
      29   2.4310173228346454E+01       48   1.4103000000000001E+00   3.2717023300506140E-03   6.5072395569980594E-03   1.9456646275424201E-04
      29   2.4310173228346454E+01       49   1.4402000000000001E+00   4.0561766369915202E-03   8.4132243944555901E-03   2.5155540939422218E-04
      29   2.4310173228346454E+01       50   1.4701000000000002E+00   2.5777875401594859E-03   5.5710989908453164E-03   1.6657585982627501E-04
 
      30   2.5178393700787399E+01        1   5.0000000000000001E-03   1.4683287551754228E+02   3.6708218879385572E-03   1.0975757444936289E-04
      30   2.5178393700787399E+01        2   3.4900000000000000E-02   1.9710881429487994E+01   2.4008050689930671E-02   7.1784071562892718E-04
      30   2.5178393700787399E+01        3   6.4800000000000010E-02   9.4007027777780099E+00   3.9473926992000988E-02   1.1802704170608299E-03
      30   2.5178393700787399E+01        4   9.4700000000000006E-02   5.8837975662909416E+00   5.2766426116278138E-02   1.5777161408767166E-03
      30   2.5178393700787399E+01        5   1.2460000000000002E-01   4.7726127771401892E+00   7.4095576983145797E-02   2.2154577517960600E-03
      30   2.5178393700787399E+01        6   1.5450000000000003E-01   4.7879178520487473E+00   1.1428879610786666E-01   3.4172350036252136E-03
      30   2.5178393700787399E+01        7   1.8440000000000001E-01   4.9535932584132061E+00   1.6843881485939730E-01   5.0363205642959801E-03
      30   2.5178393700787399E+01        8   2.1430000000000002E-01   4.6154179284535939E+00   2.1196071450108780E-01   6.3376253635825264E-03
      30   2.5178393700787399E+01        9   2.4420000000000003E-01   3.7952176446631825E+00   2.2632264274349220E-01   6.7670470180304183E-03
      30   2.5178393700787399E+01       10   2.7410000000000001E-01   2.7349954602573807E+00   2.0548242427545985E-01   6.1439244858362508E-03
      30   2.5178393700787399E+01       11   3.0400000000000005E-01   1.7111863936741634E+00   1.5814100175779153E-01   4.7284159525579680E-03
      30   2.5178393700787399E+01       12   3.3390000000000003E-01   1.0912047559762406E+00   1.2165755619203386E-01   3.6375609301418131E-03
      30   2.5178393700787399E+01       13   3.6380000000000001E-01   1.0773493842647124E+00   1.4258766504116377E-01   4.2633711847307977E-03
      30   2.5178393700787399E+01       14   3.9370000000000005E-01   9.9699986918538175E-01   1.5453467065377477E-01   4.6205866525478667E-03
      30   2.5178393700787399E+01       15   4.2360000000000003E-01   7.1232703391532903E-01   1.2781779749158356E-01   3.8217521449983491E-03
      30   2.5178393700787399E+01       16   4.5350000000000007E-01   7.6488411588138960E-01   1.5730778826142738E-01   4.7035028690166798E-03
      30   2.5178393700787399E+01       17   4.8340000000000005E-01   1.0660663863586051E+00   2.4911365982952346E-01   7.4484984289027532E-03
      30   2.5178393700787399E+01       18   5.1330000000000009E-01   1.0323976505249948E+00   2.7201292220363255E-01   8.1331863738886151E-03
      30   2.5178393700787399E+01       19   5.4320000000000002E-01   8.9097987984026239E-01   2.6289808306011808E-01   7.8606526834975321E-03
      30   2.5178393700787399E+01       20   5.7310000000000005E-01   7.5598456095210409E-01   2.4829829830337413E-01   7.4241191192708882E-03
      30   2.5178393700787399E+01       21   6.0300000000000009E-01   7.4046410584619993E-01   2.6923941306263099E-01   8.0502584505726688E-03
      30   2.5178393700787399E+01       22   6.3290000000000002E-01   6.5204995943928890E-01   2.6118670319340381E-01   7.8094824254827753E-03
      30   2.5178393700787399E+01       23   6.6280000000000006E-01   5.8825013540024695E-01   2.5842054336184844E-01   7.7267742465192699E-03
      30   2.5178393700787399E+01       24   6.9270000000000009E-01   4.3860561279004423E-01   2.1045757419751307E-01   6.2926814685056419E-03
      30   2.5178393700787399E+01       25   7.2260000000000002E-01   2.6767962452057564E-01   1.3976911937993322E-01   4.1790966694600041E-03
      30   2.5178393700787399E+01       26   7.5250000000000006E-01   1.3447951703583347E-01   7.6149867018522194E-02   2.2768810238538140E-03
      30   2.5178393700787399E+01       27   7.8240000000000010E-01   7.6413587138749364E-02   4.6776559027724519E-02   1.3986191149289635E-03
      30   2.5178393700787399E+01       28   8.1230000000000013E-01   6.0277355663650466E-02   3.9772885345335303E-02   1.1892092718255257E-03
      30   2.5178393700787399E+01       29   8.4220000000000006E-01   3.8394463008992546E-02   2.7233224863627347E-02   8.1427342342245781E-04
      30   2.5178393700787399E+01       30   8.7210000000000010E-01   4.9809951844230586E-02   3.7883377776824587E-02   1.1327129955270555E-03
      30   2.5178393700787399E+01       31   9.0200000000000014E-01   5.5943238719783510E-02   4.5515642795370757E-02   1.3609177195815858E-03
      30   2.5178393700787399E+01       32   9.3190000000000006E-01   5.3388256455467055E-02   4.6364369838252886E-02   1.3862946581637615E-03
      30   2.5178393700787399E+01       33   9.6180000000000010E-01   3.6753200705513071E-02   3.3998887912209390E-02   1.0165667485750609E-03
      30   2.5178393700787399E+01       34   9.9170000000000014E-01   2.3419220955289498E-02   2.3032075237563308E-02   6.8865904960314309E-04
      30   2.5178393700787399E+01       35   1.0216000000000001E+00   1.5597584524706283E-02   1.6278677385209443E-02   4.8673245381776242E-04
      30   2.5178393700787399E+01       36   1.0515000000000001E+00   1.4828840630391136E-02   1.6395541007883381E-02   4.9022667613571325E-04
      30   2.5178393700787399E+01       37   1.0814000000000001E+00   1.8205355504679780E-02   2.1289815338201443E-02   6.3656547861222327E-04
      30   2.5178393700787399E+01       38   1.1113000000000002E+00   1.6882127183058499E-02   2.0849219252091628E-02   6.2339165563753975E-04
      30   2.5178393700787399E+01       39   1.1412000000000002E+00   1.6433131189101967E-02   2.1401482003999221E-02   6.3990431191957681E-04
      30   2.5178393700787399E+01       40   1.1711000000000000E+00   1.2243164648339031E-02   1.6791196807145348E-02   5.0205678453364602E-04
      30   2.5178393700787399E+01       41   1.2010000000000001E+00   1.0411149592643729E-02   1.5017052583578910E-02   4.4900987224900951E-04
      30   2.5178393700787399E+01       42   1.2309000000000001E+00   9.0614088880027997E-03   1.3729074805678676E-02   4.1049933668979252E-04
      30   2.5178393700787399E+01       43   1.2608000000000001E+00   7.1023070965855247E-03   1.1289945543122440E-02   3.3756937173936105E-04
      30   2.5178393700787399E+01       44   1.2907000000000002E+00   4.3934548761384367E-03   7.3190849916811703E-03   2.1884064125126705E-04
      30   2.5178393700787399E+01       45   1.3206000000000002E+00   4.2500491543378286E-03   7.4120192543964021E-03   2.2161937570645246E-04
      30   2.5178393700787399E+01       46   1.3505000000000000E+00   4.1838164944388665E-03   7.6306547593364502E-03   2.2815657730415991E-04
      30   2.5178393700787399E+01       47   1.3804000000000001E+00   4.2951667378162287E-03   8.1844580868024545E-03   2.4471529679539344E-04
      30   2.5178393700787399E+01       48   1.4103000000000001E+00   3.3997299641484991E-03   6.7618796192489986E-03   2.0218020061554511E-04
      30   2.5178393700787399E+01       49   1.4402000000000001E+00   3.8876946033962966E-03   8.0637629972019013E-03   2.4110651361633690E-04
      30   2.5178393700787399E+01       50   1.4701000000000002E+00   2.5612939045214652E-03   5.5354530443013040E-03   1.6551004602460902E-04
 
      31   2.6046614173228345E+01        1   5.0000000000000001E-03   1.4212264385121568E+02   3.5530660962803922E-03   1.0623667627878375E-04
      31   2.6046614173228345E+01        2   3.4900000000000000E-02   1.9186623210085699E+01   2.3369498936116482E-02   6.9874801818988299E-04
      31   2.6046614173228345E+01        3   6.4800000000000010E-02   9.2953081404460391E+00   3.9031370694058549E-02   1.1670379837523510E-03
      31   2.6046614173228345E+01        4   9.4700000000000006E-02   5.9773420352546944E+00   5.3605341332947282E-02   1.6027997058551242E-03
      31   2.6046614173228345E+01        5   1.2460000000000002E-01   4.9727384502949041E+00   7.7202560078980464E-02   2.3083565463615165E-03
      31   2.6046614173228345E+01        6   1.5450000000000003E-01   5.0419338682474937E+00   1.2035222191853479E-01   3.5985314353641907E-03
      31   2.6046614173228345E+01        7   1.8440000000000001E-01   5.2185025617563667E+00   1.7744662126832400E-01   5.3056539759228890E-03
      31   2.6046614173228345E+01        8   2.1430000000000002E-01   4.8325177170178382E+00   2.2193091157000858E-01   6.6357342559432578E-03
      31   2.6046614173228345E+01        9   2.4420000000000003E-01   3.9382272709550907E+00   2.3485082731431839E-01   7.0220397366981217E-03
      31   2.6046614173228345E+01       10   2.7410000000000001E-01   2.7918187749239372E+00   2.0975160593324310E-01   6.2715730174039697E-03
      31   2.6046614173228345E+01       11   3.0400000000000005E-01   1.7050805194738539E+00   1.5757672128769573E-01   4.7115439665021035E-03
      31   2.6046614173228345E+01       12   3.3390000000000003E-01   1.0615791272421311E+00   1.1835461824871470E-01   3.5388030856365700E-03
      31   2.6046614173228345E+01       13   3.6380000000000001E-01   1.0525681110219833E+00   1.3930785262372836E-01   4.1653047934494787E-03
      31   2.6046614173228345E+01       14   3.9370000000000005E-01   9.8284546936220185E-01   1.5234074306904583E-01   4.5549882177644708E-03
      31   2.6046614173228345E+01       15   4.2360000000000003E-01   7.0326424130041842E-01   1.2619159753565357E-01   3.7731287663160425E-03
      31   2.6046614173228345E+01       16   4.5350000000000007E-01   7.6195857968416469E-01   1.5670611590464967E-01   4.6855128655490259E-03
      31   2.6046614173228345E+01       17   4.8340000000000005E-01   1.0656121477467604E+00   2.4900751536752702E-01   7.4453247094890592E-03
      31   2.6046614173228345E+01       18   5.1330000000000009E-01   1.0198243246408896E+00   2.6870014140273202E-01   8.0341342279416899E-03
      31   2.6046614173228345E+01       19   5.4320000000000002E-01   8.7270512535325029E-01   2.5750581996671229E-01   7.6994240170046987E-03
      31   2.6046614173228345E+01       20   5.7310000000000005E-01   7.4304327735521281E-01   2.4404781640077738E-01   7.2970297103832453E-03
      31   2.6046614173228345E+01       21   6.0300000000000009E-01   7.4348314403403304E-01   2.7033716251907081E-01   8.0830811593202191E-03
      31   2.6046614173228345E+01       22   6.3290000000000002E-01   6.6122330817886177E-01   2.6486120187229761E-01   7.9193499359817010E-03
      31   2.6046614173228345E+01       23   6.6280000000000006E-01   5.8849580891489595E-01   2.5852846868022006E-01   7.7300012135385811E-03
      31   2.6046614173228345E+01       24   6.9270000000000009E-01   4.3819935016746953E-01   2.1026263586671901E-01   6.2868528124149000E-03
      31   2.6046614173228345E+01       25   7.2260000000000002E-01   2.7372680885538220E-01   1.4292666127621256E-01   4.2735071721587562E-03
      31   2.6046614173228345E+01       26   7.5250000000000006E-01   1.4257644861935515E-01   8.0734805133513735E-02   2.4139706734920613E-03
      31   2.6046614173228345E+01       27   7.8240000000000010E-01   8.0528010261478045E-02   4.9295202154841330E-02   1.4739265444297560E-03
      31   2.6046614173228345E+01       28   8.1230000000000013E-01   6.2581357329468512E-02   4.1293137736654176E-02   1.2346648183259601E-03
      31   2.6046614173228345E+01       29   8.4220000000000006E-01   3.8703186386651642E-02   2.7452202614728579E-02   8.2082085818038471E-04
      31   2.6046614173228345E+01       30   8.7210000000000010E-01   4.8441297358872273E-02   3.6842436097601100E-02   1.1015888393182732E-03
      31   2.6046614173228345E+01       31   9.0200000000000014E-01   5.2001506977294026E-02   4.2308634082754343E-02   1.2650281590743551E-03
      31   2.6046614173228345E+01       32   9.3190000000000006E-01   4.9100308488634024E-02   4.2640554554132050E-02   1.2749525811685486E-03
      31   2.6046614173228345E+01       33   9.6180000000000010E-01   3.3477730258466551E-02   3.0968883709822075E-02   9.2596962292368021E-04
      31   2.6046614173228345E+01       34   9.9170000000000014E-01   2.1747382405357049E-02   2.1387874034602034E-02   6.3949743363460093E-04
      31   2.6046614173228345E+01       35   1.0216000000000001E+00   1.4585540892637206E-02   1.5222441289158005E-02   4.5515099454582442E-04
      31   2.6046614173228345E+01       36   1.0515000000000001E+00   1.5383545495652707E-02   1.7008851690245783E-02   5.0856466553834902E-04
      31   2.6046614173228345E+01       37   1.0814000000000001E+00   1.9627873003510401E-02   2.2953344229888241E-02   6.8630499247365859E-04
      31   2.6046614173228345E+01       38   1.1113000000000002E+00   1.7807311365941682E-02   2.1991810328935067E-02   6.5755512883515868E-04
      31   2.6046614173228345E+01       39   1.1412000000000002E+00   1.7151146345776296E-02   2.2336580025023665E-02   6.6786374274820776E-04
      31   2.6046614173228345E+01       40   1.1711000000000000E+00   1.2379903601917399E-02   1.6978730892219421E-02   5.0766405367736074E-04
      31   2.6046614173228345E+01       41   1.2010000000000001E+00   9.4959666399870111E-03   1.3696991777483907E-02   4.0954005414676890E-04
      31   2.6046614173228345E+01       42   1.2309000000000001E+00   8.2343115536983123E-03   1.2475927385162426E-02   3.7303022881635659E-04
      31   2.6046614173228345E+01       43   1.2608000000000001E+00   6.1830644194323164E-03   9.8287020873215527E-03   2.9387819241091448E-04
      31   2.6046614173228345E+01       44   1.2907000000000002E+00   4.3261880832614228E-03   7.2070248048658669E-03   2.1549004166548946E-04
      31   2.6046614173228345E+01       45   1.3206000000000002E+00   4.6366327012526808E-03   8.0862149140492317E-03   2.4177782593007207E-04
      31   2.6046614173228345E+01       46   1.3505000000000000E+00   4.5796093032371560E-03   8.3525215726114131E-03   2.4974039502108131E-04
      31   2.6046614173228345E+01       47   1.3804000000000001E+00   4.5393890106825733E-03   8.6498246437139298E-03   2.5862975684704654E-04
      31   2.6046614173228345E+01       48   1.4103000000000001E+00   3.4788677875500335E-03   6.9192804836745907E-03   2.0688648646187031E-04
      31   2.6046614173228345E+01       49   1.4402000000000001E+00   3.3574725897509788E-03   6.9639892006182307E-03   2.0822327709848514E-04
      31   2.6046614173228345E+01       50   1.4701000000000002E+00   2.6465195469553902E-03   5.7196421922279042E-03   1.7101730154761439E-04
 
      32   2.6914834645669288E+01        1   5.0000000000000001E-03   1.3698102621554565E+02   3.4245256553886417E-03   1.0239331709612041E-04
      32   2.6914834645669288E+01        2   3.4900000000000000E-02   1.8602050983027631E+01   2.2657484117837485E-02   6.7745877512334098E-04
      32   2.6914834645669288E+01        3   6.4800000000000010E-02   9.1588431188773871E+00   3.8458348609890912E-02   1.1499046234357386E-03
      32   2.6914834645669288E+01        4   9.4700000000000006E-02   6.0454381959918102E+00   5.4216033831092199E-02   1.6210594115496572E-03
      32   2.6914834645669288E+01        5   1.2460000000000002E-01   5.1412908551679131E+00   7.9819363133018698E-02   2.3865989576772597E-03
      32   2.6914834645669288E+01        6   1.5450000000000003E-01   5.2596442381845740E+00   1.2554902287652539E-01   3.7539157840081098E-03
      32   2.6914834645669288E+01        7   1.8440000000000001E-01   5.4549423264013770E+00   1.8548636770386354E-01   5.5460423943455208E-03
      32   2.6914834645669288E+01        8   2.1430000000000002E-01   5.0498565711792480E+00   2.3191208760455570E-01   6.9341714193762172E-03
      32   2.6914834645669288E+01        9   2.4420000000000003E-01   4.1063181842950813E+00   2.4487470032770658E-01   7.3217535397984285E-03
      32   2.6914834645669288E+01       10   2.7410000000000001E-01   2.8819620267308270E+00   2.1652414145752871E-01   6.4740718295801100E-03
      32   2.6914834645669288E+01       11   3.0400000000000005E-01   1.7377377531338758E+00   1.6059477219362031E-01   4.8017836885892486E-03
      32   2.6914834645669288E+01       12   3.3390000000000003E-01   1.0636361751489858E+00   1.1858395689478207E-01   3.5456603111539849E-03
      32   2.6914834645669288E+01       13   3.6380000000000001E-01   1.0519551111879244E+00   1.3922672182597073E-01   4.1628789825965259E-03
      32   2.6914834645669288E+01       14   3.9370000000000005E-01   9.7422827055753769E-01   1.5100507992565451E-01   4.5150518897770706E-03
      32   2.6914834645669288E+01       15   4.2360000000000003E-01   6.8392093043336089E-01   1.2272069263733379E-01   3.6693487098562812E-03
      32   2.6914834645669288E+01       16   4.5350000000000007E-01   7.3732851193420368E-01   1.5164064075354022E-01   4.5340551585308538E-03
      32   2.6914834645669288E+01       17   4.8340000000000005E-01   1.0373689470580862E+00   2.4240776963040872E-01   7.2479923119492225E-03
      32   2.6914834645669288E+01       18   5.1330000000000009E-01   9.8247760102701109E-01   2.5886014281325775E-01   7.7399182701164086E-03
      32   2.6914834645669288E+01       19   5.4320000000000002E-01   8.3746489894473741E-01   2.4710761886360366E-01   7.3885178040217509E-03
      32   2.6914834645669288E+01       20   5.7310000000000005E-01   7.1212667278488673E-01   2.3389345518675700E-01   6.9934143100840356E-03
      32   2.6914834645669288E+01       21   6.0300000000000009E-01   7.3062811010141426E-01   2.6566295648586524E-01   7.9433223989273730E-03
      32   2.6914834645669288E+01       22   6.3290000000000002E-01   6.5987890980948116E-01   2.6432268642145845E-01   7.9032483240016101E-03
      32   2.6914834645669288E+01       23   6.6280000000000006E-01   5.8956359045565543E-01   2.5899754921135681E-01   7.7440267214195701E-03
      32   2.6914834645669288E+01       24   6.9270000000000009E-01   4.4364295914159674E-01   2.1287466067024799E-01   6.3649523540404160E-03
      32   2.6914834645669288E+01       25   7.2260000000000002E-01   2.8250616448086979E-01   1.4751080848837117E-01   4.4105731738022990E-03
      32   2.6914834645669288E+01       26   7.5250000000000006E-01   1.5126841902772675E-01   8.5656687702069217E-02   2.5611349622918700E-03
      32   2.6914834645669288E+01       27   7.8240000000000010E-01   8.2159194164431362E-02   5.0293730989550069E-02   1.5037825565875475E-03
      32   2.6914834645669288E+01       28   8.1230000000000013E-01   6.1905564865721706E-02   4.0847228723527841E-02   1.2213321388334828E-03
      32   2.6914834645669288E+01       29   8.4220000000000006E-01   3.9947677607645699E-02   2.8334921283152289E-02   8.4721414636625364E-04
      32   2.6914834645669288E+01       30   8.7210000000000010E-01   4.8198786762210725E-02   3.6657992623796043E-02   1.0960739794515018E-03
      32   2.6914834645669288E+01       31   9.0200000000000014E-01   5.0239854486882639E-02   4.0875346569945674E-02   1.2221728624413760E-03
      32   2.6914834645669288E+01       32   9.3190000000000006E-01   4.6048797621321830E-02   3.9990507749634419E-02   1.1957161817140695E-03
      32   2.6914834645669288E+01       33   9.6180000000000010E-01   3.1855673808153281E-02   2.9468385402658184E-02   8.8110472353947992E-04
      32   2.6914834645669288E+01       34   9.9170000000000014E-01   2.1126020324975309E-02   2.0776783759120912E-02   6.2122583439771541E-04
      32   2.6914834645669288E+01       35   1.0216000000000001E+00   1.4444000345362105E-02   1.5074720153082883E-02   4.5073413257717829E-04
      32   2.6914834645669288E+01       36   1.0515000000000001E+00   1.5826917126087657E-02   1.7499066531022355E-02   5.2322208927756857E-04
      32   2.6914834645669288E+01       37   1.0814000000000001E+00   2.0613873867655227E-02   2.4106399237001634E-02   7.2078133718634903E-04
      32   2.6914834645669288E+01       38   1.1113000000000002E+00   1.8046493347633523E-02   2.2287197131994296E-02   6.6638719424662958E-04
      32   2.6914834645669288E+01       39   1.1412000000000002E+00   1.7066878924224066E-02   2.2226835406963932E-02   6.6458237866822171E-04
      32   2.6914834645669288E+01       40   1.1711000000000000E+00   1.2025684525243994E-02   1.6492928209652757E-02   4.9313855346861757E-04
      32   2.6914834645669288E+01       41   1.2010000000000001E+00   8.5582073653841326E-03   1.2344366862037440E-02   3.6909656917491956E-04
      32   2.6914834645669288E+01       42   1.2309000000000001E+00   7.6217462727485022E-03   1.1547820655903557E-02   3.4527983761151643E-04
      32   2.6914834645669288E+01       43   1.2608000000000001E+00   6.0069252040914510E-03   9.5487082596591687E-03   2.8550637696380922E-04
      32   2.6914834645669288E+01       44   1.2907000000000002E+00   4.6101227746422439E-03   7.6800334499733235E-03   2.2963300015420242E-04
      32   2.6914834645669288E+01       45   1.3206000000000002E+00   5.5327402500272311E-03   9.6490124639899838E-03   2.8850547267330055E-04
      32   2.6914834645669288E+01       46   1.3505000000000000E+00   4.5927644314529533E-03   8.3765145564965761E-03   2.5045778523924769E-04
      32   2.6914834645669288E+01       47   1.3804000000000001E+00   4.5084492019943495E-03   8.5908687095489142E-03   2.5686697441551260E-04
      32   2.6914834645669288E+01       48   1.4103000000000001E+00   3.4263277944011471E-03   6.8147812697324861E-03   2.0376195996500137E-04
      32   2.6914834645669288E+01       49   1.4402000000000001E+00   2.8038284378411413E-03   5.8156337660407254E-03   1.7388744960461773E-04
      32   2.6914834645669288E+01       50   1.4701000000000002E+00   2.7182918284536410E-03   5.8747560170859577E-03   1.7565520491087018E-04
 
      33   2.7783055118110234E+01        1   5.0000000000000001E-03   1.3233865710617050E+02   3.3084664276542626E-03   9.8923146186862476E-05
      33   2.7783055118110234E+01        2   3.4900000000000000E-02   1.8053164487885674E+01   2.1988934877889631E-02   6.5746915284890014E-04
      33   2.7783055118110234E+01        3   6.4800000000000010E-02   9.0028041588857040E+00   3.7803134775327436E-02   1.1303137297822906E-03
      33   2.7783055118110234E+01        4   9.4700000000000006E-02   6.0642758943847035E+00   5.4384972005672522E-02   1.6261106629696087E-03
      33   2.7783055118110234E+01        5   1.2460000000000002E-01   5.2420102385591214E+00   8.1383047675268549E-02   2.4333531254905299E-03
      33   2.7783055118110234E+01        6   1.5450000000000003E-01   5.3946286328404591E+00   1.2877113412306002E-01   3.8502569102794953E-03
      33   2.7783055118110234E+01        7   1.8440000000000001E-01   5.6015459277860540E+00   1.9047138273904321E-01   5.6950943438973936E-03
      33   2.7783055118110234E+01        8   2.1430000000000002E-01   5.1999815182203584E+00   2.3880649923369571E-01   7.1403143270875030E-03
      33   2.7783055118110234E+01        9   2.4420000000000003E-01   4.2406530440459642E+00   2.5288557699354125E-01   7.5612787521068849E-03
      33   2.7783055118110234E+01       10   2.7410000000000001E-01   2.9748487126731993E+00   2.2350279341059476E-01   6.6827335229767849E-03
      33   2.7783055118110234E+01       11   3.0400000000000005E-01   1.7999861909816670E+00   1.6634752382576179E-01   4.9737909623902782E-03
      33   2.7783055118110234E+01       12   3.3390000000000003E-01   1.0994831189324481E+00   1.2258050433811471E-01   3.6651570797096304E-03
      33   2.7783055118110234E+01       13   3.6380000000000001E-01   1.0752545082223919E+00   1.4231040727521721E-01   4.2550811775289958E-03
      33   2.7783055118110234E+01       14   3.9370000000000005E-01   9.7191352740133152E-01   1.5064629545401295E-01   4.5043242340749882E-03
      33   2.7783055118110234E+01       15   4.2360000000000003E-01   6.5817825683965203E-01   1.1810150554540640E-01   3.5312350158076518E-03
      33   2.7783055118110234E+01       16   4.5350000000000007E-01   7.0078929251556454E-01   1.4412590267465922E-01   4.3093644899723114E-03
      33   2.7783055118110234E+01       17   4.8340000000000005E-01   9.8318657994595748E-01   2.2974667465335644E-01   6.8694255721353592E-03
      33   2.7783055118110234E+01       18   5.1330000000000009E-01   9.2179217336289387E-01   2.4287093506399618E-01   7.2618409584134869E-03
      33   2.7783055118110234E+01       19   5.4320000000000002E-01   7.9044010853347946E-01   2.3323219077016571E-01   6.9736425040279560E-03
      33   2.7783055118110234E+01       20   5.7310000000000005E-01   6.7172261338292583E-01   2.2062300005812249E-01   6.5966277017378639E-03
      33   2.7783055118110234E+01       21   6.0300000000000009E-01   7.0391834184516078E-01   2.5595104435997718E-01   7.6529362263633195E-03
      33   2.7783055118110234E+01       22   6.3290000000000002E-01   6.4755402640112469E-01   2.5938580142043816E-01   7.7556354624711025E-03
      33   2.7783055118110234E+01       23   6.6280000000000006E-01   5.9284810447813419E-01   2.6044044883396555E-01   7.7871694201355713E-03
      33   2.7783055118110234E+01       24   6.9270000000000009E-01   4.5385428408211564E-01   2.1777439431171625E-01   6.5114543899203172E-03
      33   2.7783055118110234E+01       25   7.2260000000000002E-01   2.8896433126145016E-01   1.5088294518105796E-01   4.5114000609136340E-03
      33   2.7783055118110234E+01       26   7.5250000000000006E-01   1.5463087653191376E-01   8.7560700279174508E-02   2.6180649383473185E-03
      33   2.7783055118110234E+01       27   7.8240000000000010E-01   8.1330560381795050E-02   4.9786483018381358E-02   1.4886158422496030E-03
      33   2.7783055118110234E+01       28   8.1230000000000013E-01   5.9900379250965557E-02   3.9524144512653847E-02   1.1817719209283504E-03
      33   2.7783055118110234E+01       29   8.4220000000000006E-01   4.1469238545855290E-02   2.9414165734735542E-02   8.7948355546859291E-04
      33   2.7783055118110234E+01       30   8.7210000000000010E-01   4.8763044601676492E-02   3.7087143669010163E-02   1.1089055957034040E-03
      33   2.7783055118110234E+01       31   9.0200000000000014E-01   5.1259812978669932E-02   4.1705188878697785E-02   1.2469851474730641E-03
      33   2.7783055118110234E+01       32   9.3190000000000006E-01   4.5773354624425361E-02   3.9751302691718414E-02   1.1885639504823809E-03
      33   2.7783055118110234E+01       33   9.6180000000000010E-01   3.2471248377364460E-02   3.0037828345816007E-02   8.9813106753989884E-04
      33   2.7783055118110234E+01       34   9.9170000000000014E-01   2.1640475007207668E-02   2.1282733934411272E-02   6.3635374463889718E-04
      33   2.7783055118110234E+01       35   1.0216000000000001E+00   1.5187404919032262E-02   1.5850586647173481E-02   4.7393254075048718E-04
      33   2.7783055118110234E+01       36   1.0515000000000001E+00   1.6284801074838248E-02   1.8005326949197330E-02   5.3835927578100033E-04
      33   2.7783055118110234E+01       37   1.0814000000000001E+00   2.0931655740601351E-02   2.4478021608842254E-02   7.3189284610438354E-04
      33   2.7783055118110234E+01       38   1.1113000000000002E+00   1.7715574821596473E-02   2.1878516825945594E-02   6.5416765309577341E-04
      33   2.7783055118110234E+01       39   1.1412000000000002E+00   1.5972638681024449E-02   2.0801765369890365E-02   6.2197278455972203E-04
      33   2.7783055118110234E+01       40   1.1711000000000000E+00   1.1100844272349582E-02   1.5224532729597942E-02   4.5521352861497855E-04
      33   2.7783055118110234E+01       41   1.2010000000000001E+00   7.9668602284899658E-03   1.1491407160434158E-02   3.4359307409698137E-04
      33   2.7783055118110234E+01       42   1.2309000000000001E+00   7.4228661493979690E-03   1.1246494435600538E-02   3.3627018362445614E-04
      33   2.7783055118110234E+01       43   1.2608000000000001E+00   6.6124352962861890E-03   1.0511237177899859E-02   3.1428599161920589E-04
      33   2.7783055118110234E+01       44   1.2907000000000002E+00   5.1303406940181222E-03   8.5466678580758959E-03   2.5554536895646936E-04
      33   2.7783055118110234E+01       45   1.3206000000000002E+00   6.4986503331456620E-03   1.1333544542114828E-02   3.3887298180923340E-04
      33   2.7783055118110234E+01       46   1.3505000000000000E+00   4.2431320951137027E-03   7.7388375324561505E-03   2.3139124222043895E-04
      33   2.7783055118110234E+01       47   1.3804000000000001E+00   4.2431823229050160E-03   8.0854015679339714E-03   2.4175350688122581E-04
      33   2.7783055118110234E+01       48   1.4103000000000001E+00   3.2524170853797871E-03   6.4688822450153245E-03   1.9341957912595825E-04
      33   2.7783055118110234E+01       49   1.4402000000000001E+00   2.5739009581343892E-03   5.3387236966953933E-03   1.5962783853119229E-04
      33   2.7783055118110234E+01       50   1.4701000000000002E+00   2.7392393424760784E-03   5.9200276589156404E-03   1.7700882700157769E-04
 
      34   2.8651275590551180E+01        1   5.0000000000000001E-03   1.2961734657922852E+02   3.2404336644807131E-03   9.6888966567973349E-05
      34   2.8651275590551180E+01        2   3.4900000000000000E-02   1.7717573371325685E+01   2.1580181542008397E-02   6.4524742810605120E-04
      34   2.8651275590551180E+01        3   6.4800000000000010E-02   8.8887071301360745E+00   3.7324036787726590E-02   1.1159886999530253E-03
      34   2.8651275590551180E+01        4   9.4700000000000006E-02   6.0488637699363634E+00   5.4246754686528613E-02   1.6219779651272059E-03
      34   2.8651275590551180E+01        5   1.2460000000000002E-01   5.2706868841883221E+00   8.1828257186925199E-02   2.4466648898890638E-03
      34   2.8651275590551180E+01        6   1.5450000000000003E-01   5.4293945780295862E+00   1.2960100592621079E-01   3.8750700771937037E-03
      34   2.8651275590551180E+01        7   1.8440000000000001E-01   5.6283540429960981E+00   1.9138294873145181E-01   5.7223501670704106E-03
      34   2.8651275590551180E+01        8   2.1430000000000002E-01   5.2440868531079676E+00   2.4083201424468836E-01   7.2008772259161838E-03
      34   2.8651275590551180E+01        9   2.4420000000000003E-01   4.3057311878716051E+00   2.5676642359430774E-01   7.6773160654698032E-03
      34   2.8651275590551180E+01       10   2.7410000000000001E-01   3.0481278277891928E+00   2.2900831268534258E-01   6.8473485492917445E-03
      34   2.8651275590551180E+01       11   3.0400000000000005E-01   1.8732001196810171E+00   1.7311366226044092E-01   5.1760985015871846E-03
      34   2.8651275590551180E+01       12   3.3390000000000003E-01   1.1557634262037362E+00   1.2885515133434786E-01   3.8527690248970018E-03
      34   2.8651275590551180E+01       13   3.6380000000000001E-01   1.1099523946711043E+00   1.4690268781377433E-01   4.3923903656318533E-03
      34   2.8651275590551180E+01       14   3.9370000000000005E-01   9.7143785986597431E-01   1.5057256713348952E-01   4.5021197572913379E-03
      34   2.8651275590551180E+01       15   4.2360000000000003E-01   6.3217619229860100E-01   1.1343577413043640E-01   3.3917296465000493E-03
      34   2.8651275590551180E+01       16   4.5350000000000007E-01   6.5895523226048602E-01   1.3552221571596418E-01   4.0521142499073300E-03
      34   2.8651275590551180E+01       17   4.8340000000000005E-01   9.1165772527797817E-01   2.1303212948265776E-01   6.3696606715314685E-03
      34   2.8651275590551180E+01       18   5.1330000000000009E-01   8.4613668512648144E-01   2.2293746231203465E-01   6.6658301231298372E-03
      34   2.8651275590551180E+01       19   5.4320000000000002E-01   7.3694499855331563E-01   2.1744758980993231E-01   6.5016829353169775E-03
      34   2.8651275590551180E+01       20   5.7310000000000005E-01   6.2912301866520060E-01   2.0663143538449591E-01   6.1782799179964289E-03
      34   2.8651275590551180E+01       21   6.0300000000000009E-01   6.6996987870073055E-01   2.4360707762449402E-01   7.2838516209723725E-03
      34   2.8651275590551180E+01       22   6.3290000000000002E-01   6.2754179907504071E-01   2.5136965541323408E-01   7.5159526968557010E-03
      34   2.8651275590551180E+01       23   6.6280000000000006E-01   5.9524736502747500E-01   2.6149445320645148E-01   7.8186841508729003E-03
      34   2.8651275590551180E+01       24   6.9270000000000009E-01   4.6144009492784699E-01   2.2141431888714119E-01   6.6202881347255235E-03
      34   2.8651275590551180E+01       25   7.2260000000000002E-01   2.9016628987337600E-01   1.5151054878376360E-01   4.5301654086345325E-03
      34   2.8651275590551180E+01       26   7.5250000000000006E-01   1.5094094310430325E-01   8.5471252413706136E-02   2.5555904471698141E-03
      34   2.8651275590551180E+01       27   7.8240000000000010E-01   7.9081197338460377E-02   4.8409535971251166E-02   1.4474451255404102E-03
      34   2.8651275590551180E+01       28   8.1230000000000013E-01   5.8354688664525256E-02   3.8504249499062088E-02   1.1512770600219566E-03
      34   2.8651275590551180E+01       29   8.4220000000000006E-01   4.1981676953034924E-02   2.9777638727396319E-02   8.9035139794915014E-04
      34   2.8651275590551180E+01       30   8.7210000000000010E-01   4.9985445449723012E-02   3.8016850914383074E-02   1.1367038423400542E-03
      34   2.8651275590551180E+01       31   9.0200000000000014E-01   5.4470316547868027E-02   4.4317267424611631E-02   1.3250862959958880E-03
      34   2.8651275590551180E+01       32   9.3190000000000006E-01   4.8817013464408122E-02   4.2394530500368413E-02   1.2675964619610158E-03
      34   2.8651275590551180E+01       33   9.6180000000000010E-01   3.4824571242046090E-02   3.2214791406493019E-02   9.6322226305414153E-04
      34   2.8651275590551180E+01       34   9.9170000000000014E-01   2.3371954381349272E-02   2.2985590032556211E-02   6.8726914197343085E-04
      34   2.8651275590551180E+01       35   1.0216000000000001E+00   1.6161746542779267E-02   1.6867474417894334E-02   5.0433748509504074E-04
      34   2.8651275590551180E+01       36   1.0515000000000001E+00   1.6702899929772756E-02   1.8467598888878091E-02   5.5218120677745508E-04
      34   2.8651275590551180E+01       37   1.0814000000000001E+00   2.0329889196843722E-02   2.3774300190712604E-02   7.1085157570230698E-04
      34   2.8651275590551180E+01       38   1.1113000000000002E+00   1.6767616828616345E-02   2.0707800373978031E-02   6.1916323118194321E-04
      34   2.8651275590551180E+01       39   1.1412000000000002E+00   1.4265945500851192E-02   1.8579074942758067E-02   5.5551434078846636E-04
      34   2.8651275590551180E+01       40   1.1711000000000000E+00   9.9768958152333283E-03   1.3683065283345251E-02   4.0912365197202309E-04
      34   2.8651275590551180E+01       41   1.2010000000000001E+00   7.9618023106527800E-03   1.1484111614687882E-02   3.4337493727916777E-04
      34   2.8651275590551180E+01       42   1.2309000000000001E+00   7.6936353426563008E-03   1.1656740850397989E-02   3.4853655142689995E-04
      34   2.8651275590551180E+01       43   1.2608000000000001E+00   7.7424194906411453E-03   1.2307478856183492E-02   3.6799361779988650E-04
      34   2.8651275590551180E+01       44   1.2907000000000002E+00   5.7106901096090571E-03   9.5134757159765423E-03   2.8445292390769870E-04
      34   2.8651275590551180E+01       45   1.3206000000000002E+00   6.9637032617089487E-03   1.2144589576101398E-02   3.6312322832543188E-04
      34   2.8651275590551180E+01       46   1.3505000000000000E+00   3.7964790557662963E-03   6.9242092749791234E-03   2.0703385732187584E-04
      34   2.8651275590551180E+01       47   1.3804000000000001E+00   3.8636547444674250E-03   7.3622101883864160E-03   2.2013008463275390E-04
      34   2.8651275590551180E+01       48   1.4103000000000001E+00   3.0907640482315418E-03   6.1473630688426975E-03   1.8380615575839669E-04
      34   2.8651275590551180E+01       49   1.4402000000000001E+00   2.8040738932082064E-03   5.8161428836819807E-03   1.7390267222209125E-04
      34   2.8651275590551180E+01       50   1.4701000000000002E+00   2.6943461567022695E-03   5.8230047747314670E-03   1.7410784276447090E-04
 
      35   2.9519496062992122E+01        1   5.0000000000000001E-03   1.2991059273348401E+02   3.2477648183371005E-03   9.7108168068279325E-05
      35   2.9519496062992122E+01        2   3.4900000000000000E-02   1.7739440259616771E+01   2.1606815630615825E-02   6.4604378735541330E-04
      35   2.9519496062992122E+01        3   6.4800000000000010E-02   8.8739635188564687E+00   3.7262127774219077E-02   1.1141376204491507E-03
      35   2.9519496062992122E+01        4   9.4700000000000006E-02   6.0201768458546274E+00   5.3989487769540434E-02   1.6142856843092592E-03
      35   2.9519496062992122E+01        5   1.2460000000000002E-01   5.2325893958380680E+00   8.1236787584689371E-02   2.4289799487822129E-03
      35   2.9519496062992122E+01        6   1.5450000000000003E-01   5.3662549392204602E+00   1.2809384696292725E-01   3.8300060241915255E-03
      35   2.9519496062992122E+01        7   1.8440000000000001E-01   5.5430926967664425E+00   1.8848377648152020E-01   5.6356649167974551E-03
      35   2.9519496062992122E+01        8   2.1430000000000002E-01   5.1883518550548517E+00   2.3827241288394801E-01   7.1243451452300474E-03
      35   2.9519496062992122E+01        9   2.4420000000000003E-01   4.3002860378124153E+00   2.5644170947593203E-01   7.6676071133303693E-03
      35   2.9519496062992122E+01       10   2.7410000000000001E-01   3.0882927138917164E+00   2.3202593311178293E-01   6.9375754000423114E-03
      35   2.9519496062992122E+01       11   3.0400000000000005E-01   1.9342753793102023E+00   1.7875799345433172E-01   5.3448640042845193E-03
      35   2.9519496062992122E+01       12   3.3390000000000003E-01   1.2094161772794489E+00   1.3483685416610575E-01   4.0316219395665626E-03
      35   2.9519496062992122E+01       13   3.6380000000000001E-01   1.1377516798689986E+00   1.5058193544140111E-01   4.5023998696978942E-03
      35   2.9519496062992122E+01       14   3.9370000000000005E-01   9.6746723487749053E-01   1.4995712149116827E-01   4.4837179325859320E-03
      35   2.9519496062992122E+01       15   4.2360000000000003E-01   6.1134587080803482E-01   1.0969804456634653E-01   3.2799715325337619E-03
      35   2.9519496062992122E+01       16   4.5350000000000007E-01   6.1570403616466052E-01   1.2662707741170551E-01   3.7861496146099956E-03
      35   2.9519496062992122E+01       17   4.8340000000000005E-01   8.3682806436573132E-01   1.9554626656437837E-01   5.8468333702749150E-03
      35   2.9519496062992122E+01       18   5.1330000000000009E-01   7.6987728159152868E-01   2.0284487183539029E-01   6.0650616678781712E-03
      35   2.9519496062992122E+01       19   5.4320000000000002E-01   6.8298108418218939E-01   2.0152466050076212E-01   6.0255873489727888E-03
      35   2.9519496062992122E+01       20   5.7310000000000005E-01   5.8809149716686493E-01   1.9315489433978991E-01   5.7753313407597198E-03
      35   2.9519496062992122E+01       21   6.0300000000000009E-01   6.3726857960686778E-01   2.3171659096227368E-01   6.9283260697719845E-03
      35   2.9519496062992122E+01       22   6.3290000000000002E-01   6.0536875959070724E-01   2.4248796928036434E-01   7.2503902814828949E-03
      35   2.9519496062992122E+01       23   6.6280000000000006E-01   5.9025194494468636E-01   2.5929994598166933E-01   7.7530683848519143E-03
      35   2.9519496062992122E+01       24   6.9270000000000009E-01   4.5802313619184964E-01   2.1977474833505334E-01   6.5712649752180967E-03
      35   2.9519496062992122E+01       25   7.2260000000000002E-01   2.8655904447501401E-01   1.4962702285750237E-01   4.4738479834393217E-03
      35   2.9519496062992122E+01       26   7.5250000000000006E-01   1.4333970370691032E-01   8.1167003097186149E-02   2.4268933926058665E-03
      35   2.9519496062992122E+01       27   7.8240000000000010E-01   7.6313619210659434E-02   4.6715363684536569E-02   1.3967893741676438E-03
      35   2.9519496062992122E+01       28   8.1230000000000013E-01   5.7758830369285565E-02   3.8111083551456884E-02   1.1395213981885610E-03
      35   2.9519496062992122E+01       29   8.4220000000000006E-01   4.0910264930424184E-02   2.9017685279772422E-02   8.6762878986519556E-04
      35   2.9519496062992122E+01       30   8.7210000000000010E-01   5.1815021220689338E-02   3.9408350153723751E-02   1.1783096695963404E-03
      35   2.9519496062992122E+01       31   9.0200000000000014E-01   5.8726404728667879E-02   4.7780037792863113E-02   1.4286231300066074E-03
      35   2.9519496062992122E+01       32   9.3190000000000006E-01   5.4150373016757826E-02   4.7026220523281662E-02   1.4060839936461220E-03
      35   2.9519496062992122E+01       33   9.6180000000000010E-01   3.8189181988394626E-02   3.5327255666406029E-02   1.0562849444255406E-03
      35   2.9519496062992122E+01       34   9.9170000000000014E-01   2.6296005289376895E-02   2.5861303133377631E-02   7.7325296368799127E-04
      35   2.9519496062992122E+01       35   1.0216000000000001E+00   1.6982953278555188E-02   1.7724540426870418E-02   5.2996375876342562E-04
      35   2.9519496062992122E+01       36   1.0515000000000001E+00   1.6741483779336427E-02   1.8510259208961825E-02   5.5345675034795870E-04
      35   2.9519496062992122E+01       37   1.0814000000000001E+00   1.8910311294752381E-02   2.2114208939764651E-02   6.6121484729896323E-04
      35   2.9519496062992122E+01       38   1.1113000000000002E+00   1.5297853134508791E-02   1.8892660304546276E-02   5.6489054310593378E-04
      35   2.9519496062992122E+01       39   1.1412000000000002E+00   1.2857568358962599E-02   1.6744892661236358E-02   5.0067229057096721E-04
      35   2.9519496062992122E+01       40   1.1711000000000000E+00   9.3430268097264256E-03   1.2813729655905180E-02   3.8313051671156495E-04
      35   2.9519496062992122E+01       41   1.2010000000000001E+00   8.5471139636437935E-03   1.2328365728273774E-02   3.6861813527538592E-04
      35   2.9519496062992122E+01       42   1.2309000000000001E+00   8.4223047121335243E-03   1.2760758603686291E-02   3.8154668225022015E-04
      35   2.9519496062992122E+01       43   1.2608000000000001E+00   8.9085943949231729E-03   1.4161249889180612E-02   4.2342137168650037E-04
      35   2.9519496062992122E+01       44   1.2907000000000002E+00   6.1485105239828114E-03   1.0242843585736268E-02   3.0626102321351450E-04
      35   2.9519496062992122E+01       45   1.3206000000000002E+00   6.6692198421440156E-03   1.1631015098100836E-02   3.4776735143321507E-04
      35   2.9519496062992122E+01       46   1.3505000000000000E+00   3.5315504368760211E-03   6.4410191471839405E-03   1.9258647250079987E-04
      35   2.9519496062992122E+01       47   1.3804000000000001E+00   3.5419929061905669E-03   6.7492822174366161E-03   2.0180353830135487E-04
      35   2.9519496062992122E+01       48   1.4103000000000001E+00   3.0341590508539506E-03   6.0347787806340767E-03   1.8043988554095893E-04
      35   2.9519496062992122E+01       49   1.4402000000000001E+00   3.3363510092411278E-03   6.9201793243977667E-03   2.0691336179949328E-04
      35   2.9519496062992122E+01       50   1.4701000000000002E+00   2.6146866505376916E-03   5.6508451271690234E-03   1.6896026930235384E-04
 
      36   3.0387716535433068E+01        1   5.0000000000000001E-03   1.3300289403922903E+02   3.3250723509807259E-03   9.9419663294323727E-05
      36   3.0387716535433068E+01        2   3.4900000000000000E-02   1.8100548410195174E+01   2.2046648969101825E-02   6.5919480417614472E-04
      36   3.0387716535433068E+01        3   6.4800000000000010E-02   8.9622839637484280E+00   3.7632988855138209E-02   1.1252263667686326E-03
      36   3.0387716535433068E+01        4   9.4700000000000006E-02   5.9892939808888315E+00   5.3712527457069330E-02   1.6060045709663732E-03
      36   3.0387716535433068E+01        5   1.2460000000000002E-01   5.1426187847550766E+00   7.9839979452328153E-02   2.3872153856246124E-03
      36   3.0387716535433068E+01        6   1.5450000000000003E-01   5.2317459758650875E+00   1.2488308438039365E-01   3.7340042229737709E-03
      36   3.0387716535433068E+01        7   1.8440000000000001E-01   5.3888471693816395E+00   1.8323891028546488E-01   5.4788434175354010E-03
      36   3.0387716535433068E+01        8   2.1430000000000002E-01   5.0736745892223611E+00   2.3300591793599645E-01   6.9668769462862953E-03
      36   3.0387716535433068E+01        9   2.4420000000000003E-01   4.2430955055518345E+00   2.5303122986369614E-01   7.5656337729245165E-03
      36   3.0387716535433068E+01       10   2.7410000000000001E-01   3.0856572330802887E+00   2.3182792730368090E-01   6.9316550263800606E-03
      36   3.0387716535433068E+01       11   3.0400000000000005E-01   1.9622488835337168E+00   1.8134319282065203E-01   5.4221614653374968E-03
      36   3.0387716535433068E+01       12   3.3390000000000003E-01   1.2397028551265104E+00   1.3821349195279911E-01   4.1325834093886944E-03
      36   3.0387716535433068E+01       13   3.6380000000000001E-01   1.1455695323032853E+00   1.5161663165093403E-01   4.5333372863629283E-03
      36   3.0387716535433068E+01       14   3.9370000000000005E-01   9.5765867744599975E-01   1.4843679812994001E-01   4.4382602640852071E-03
      36   3.0387716535433068E+01       15   4.2360000000000003E-01   5.9723210353875755E-01   1.0716551307339992E-01   3.2042488408946580E-03
      36   3.0387716535433068E+01       16   4.5350000000000007E-01   5.7644337161131876E-01   1.1855264080316999E-01   3.5447239600147834E-03
      36   3.0387716535433068E+01       17   4.8340000000000005E-01   7.7343381156526148E-01   1.8073257904044701E-01   5.4039041133093664E-03
      36   3.0387716535433068E+01       18   5.1330000000000009E-01   7.0879375177949910E-01   1.8675077337029444E-01   5.5838481237718051E-03
      36   3.0387716535433068E+01       19   5.4320000000000002E-01   6.3674193718973138E-01   1.8788104925689023E-01   5.6176433727810190E-03
      36   3.0387716535433068E+01       20   5.7310000000000005E-01   5.5164755149262412E-01   1.8118511325989839E-01   5.4174348864709631E-03
      36   3.0387716535433068E+01       21   6.0300000000000009E-01   6.1058133894890132E-01   2.2201287007387113E-01   6.6381848152087487E-03
      36   3.0387716535433068E+01       22   6.3290000000000002E-01   5.8377043141984752E-01   2.3383649089627387E-01   6.9917110777985899E-03
      36   3.0387716535433068E+01       23   6.6280000000000006E-01   5.7267416313441288E-01   2.5157795893373402E-01   7.5221809721186493E-03
      36   3.0387716535433068E+01       24   6.9270000000000009E-01   4.4161403645515823E-01   2.1190111602245856E-01   6.3358433690715128E-03
      36   3.0387716535433068E+01       25   7.2260000000000002E-01   2.8017264890076882E-01   1.4629236155474962E-01   4.3741416104870149E-03
      36   3.0387716535433068E+01       26   7.5250000000000006E-01   1.3657848481438967E-01   7.7338420641678257E-02   2.3124187771861805E-03
      36   3.0387716535433068E+01       27   7.8240000000000010E-01   7.3607180470677977E-02   4.5058617859402218E-02   1.3472526739961267E-03
      36   3.0387716535433068E+01       28   8.1230000000000013E-01   5.7417062458872625E-02   3.7885574390248505E-02   1.1327786742684305E-03
      36   3.0387716535433068E+01       29   8.4220000000000006E-01   3.9325977679438552E-02   2.7893949001847020E-02   8.3402907515522614E-04
      36   3.0387716535433068E+01       30   8.7210000000000010E-01   5.3685331229040810E-02   4.0830830159882633E-02   1.2208418217804909E-03
      36   3.0387716535433068E+01       31   9.0200000000000014E-01   6.3023528867327455E-02   5.1276195180573102E-02   1.5331582358991361E-03
      36   3.0387716535433068E+01       32   9.3190000000000006E-01   5.9983589847447991E-02   5.2092005406338002E-02   1.5575509616495065E-03
      36   3.0387716535433068E+01       33   9.6180000000000010E-01   4.2216348189643732E-02   3.9052622971887212E-02   1.1676734268594279E-03
      36   3.0387716535433068E+01       34   9.9170000000000014E-01   2.9818400454499790E-02   2.9325469196562412E-02   8.7683152897721631E-04
      36   3.0387716535433068E+01       35   1.0216000000000001E+00   1.7748142944091730E-02   1.8523143292848491E-02   5.5384198445617002E-04
      36   3.0387716535433068E+01       36   1.0515000000000001E+00   1.5991968291775724E-02   1.7681555723730487E-02   5.2867851613954168E-04
      36   3.0387716535433068E+01       37   1.0814000000000001E+00   1.7201585240332100E-02   2.0115980333197201E-02   6.0146781196259639E-04
      36   3.0387716535433068E+01       38   1.1113000000000002E+00   1.3723585408110398E-02   1.6948459041679971E-02   5.0675892534623123E-04
      36   3.0387716535433068E+01       39   1.1412000000000002E+00   1.2166960213843642E-02   1.5845487817478986E-02   4.7378008574262175E-04
      36   3.0387716535433068E+01       40   1.1711000000000000E+00   9.6191500188435412E-03   1.3192425792114951E-02   3.9445353118423713E-04
      36   3.0387716535433068E+01       41   1.2010000000000001E+00   9.4456528573208451E-03   1.3624419127052447E-02   4.0737013189886824E-04
      36   3.0387716535433068E+01       42   1.2309000000000001E+00   9.3191540750842423E-03   1.4119588355831989E-02   4.2217569183937659E-04
      36   3.0387716535433068E+01       43   1.2608000000000001E+00   9.6309176007516976E-03   1.5309466876623780E-02   4.5775305961105110E-04
      36   3.0387716535433068E+01       44   1.2907000000000002E+00   6.2177476369852701E-03   1.0358186141635929E-02   3.0970976563491433E-04
      36   3.0387716535433068E+01       45   1.3206000000000002E+00   5.8606435850586027E-03   1.0220870751876537E-02   3.0560403548110851E-04
      36   3.0387716535433068E+01       46   1.3505000000000000E+00   3.5729348027715309E-03   6.5164980332685571E-03   1.9484329119472989E-04
      36   3.0387716535433068E+01       47   1.3804000000000001E+00   3.4951255353425988E-03   6.6599762473175499E-03   1.9913328979479479E-04
      36   3.0387716535433068E+01       48   1.4103000000000001E+00   3.1042831341725322E-03   6.1742518019654042E-03   1.8461012887876563E-04
      36   3.0387716535433068E+01       49   1.4402000000000001E+00   3.7829323675057439E-03   7.8464676776208893E-03   2.3460938356086465E-04
      36   3.0387716535433068E+01       50   1.4701000000000002E+00   2.5979975395659248E-03   5.6147767205046162E-03   1.6788182394308806E-04
 
      37   3.1255937007874014E+01        1   5.0000000000000001E-03   1.3765361136071652E+02   3.4413402840179131E-03   1.0289607449213563E-04
      37   3.1255937007874014E+01        2   3.4900000000000000E-02   1.8664189284245836E+01   2.2733169190104274E-02   6.7972175878411789E-04
      37   3.1255937007874014E+01        3   6.4800000000000010E-02   9.1305900163835592E+00   3.8339712702395230E-02   1.1463574098016175E-03
      37   3.1255937007874014E+01        4   9.4700000000000006E-02   5.9796020856136360E+00   5.3625609667970801E-02   1.6034057290723273E-03
      37   3.1255937007874014E+01        5   1.2460000000000002E-01   5.0415319631580431E+00   7.8270590373142754E-02   2.3402906521569687E-03
      37   3.1255937007874014E+01        6   1.5450000000000003E-01   5.0794058972848717E+00   1.2124668861966426E-01   3.6252759897279622E-03
      37   3.1255937007874014E+01        7   1.8440000000000001E-01   5.2283508180375797E+00   1.7778149507202634E-01   5.3156667026535891E-03
      37   3.1255937007874014E+01        8   2.1430000000000002E-01   4.9503396371487289E+00   2.2734182316284046E-01   6.7975205125689313E-03
      37   3.1255937007874014E+01        9   2.4420000000000003E-01   4.1565986820931133E+00   2.4787310943241522E-01   7.4114059720292169E-03
      37   3.1255937007874014E+01       10   2.7410000000000001E-01   3.0368245384808010E+00   2.2815908740393878E-01   6.8219567133777715E-03
      37   3.1255937007874014E+01       11   3.0400000000000005E-01   1.9461211912262415E+00   1.7985273600836438E-01   5.3775968066500958E-03
      37   3.1255937007874014E+01       12   3.3390000000000003E-01   1.2372149761417441E+00   1.3793612029021193E-01   4.1242899966773376E-03
      37   3.1255937007874014E+01       13   3.6380000000000001E-01   1.1315327029070086E+00   1.4975885110413187E-01   4.4777896480135441E-03
      37   3.1255937007874014E+01       14   3.9370000000000005E-01   9.4235133438925711E-01   1.4606416470142125E-01   4.3673185245724959E-03
      37   3.1255937007874014E+01       15   4.2360000000000003E-01   5.8706747449971208E-01   1.0534160293910588E-01   3.1497139278792666E-03
      37   3.1255937007874014E+01       16   4.5350000000000007E-01   5.4637472760910433E-01   1.1236865582322556E-01   3.3598228091144449E-03
      37   3.1255937007874014E+01       17   4.8340000000000005E-01   7.3081961046364574E-01   1.7077468173407431E-01   5.1061629838488228E-03
      37   3.1255937007874014E+01       18   5.1330000000000009E-01   6.7345760476730832E-01   1.7744051525093962E-01   5.3054714060030957E-03
      37   3.1255937007874014E+01       19   5.4320000000000002E-01   6.0732556912353186E-01   1.7920127213714065E-01   5.3581180369005063E-03
      37   3.1255937007874014E+01       20   5.7310000000000005E-01   5.2360057450738939E-01   1.7197326288928097E-01   5.1420005603895020E-03
      37   3.1255937007874014E+01       21   6.0300000000000009E-01   5.8796527715213465E-01   2.1378946646001060E-01   6.3923050471543178E-03
      37   3.1255937007874014E+01       22   6.3290000000000002E-01   5.6031889288754588E-01   2.2444268610356727E-01   6.7108363144966626E-03
      37   3.1255937007874014E+01       23   6.6280000000000006E-01   5.4335556306808530E-01   2.3869818534117210E-01   7.1370757417010475E-03
      37   3.1255937007874014E+01       24   6.9270000000000009E-01   4.1806982329151787E-01   2.0060381875968772E-01   5.9980541809146644E-03
      37   3.1255937007874014E+01       25   7.2260000000000002E-01   2.7244403169594916E-01   1.4225685820750394E-01   4.2534800604043686E-03
      37   3.1255937007874014E+01       26   7.5250000000000006E-01   1.3347660728826105E-01   7.5581963105773392E-02   2.2599006968626249E-03
      37   3.1255937007874014E+01       27   7.8240000000000010E-01   7.1583438897151061E-02   4.3819784940865691E-02   1.3102115697318844E-03
      37   3.1255937007874014E+01       28   8.1230000000000013E-01   5.6881324386123075E-02   3.7532077646604059E-02   1.1222091216334616E-03
      37   3.1255937007874014E+01       29   8.4220000000000006E-01   3.8907014818518458E-02   2.7596778292667597E-02   8.2514367095076139E-04
      37   3.1255937007874014E+01       30   8.7210000000000010E-01   5.4702573284866558E-02   4.1604502160446595E-02   1.2439746145973534E-03
      37   3.1255937007874014E+01       31   9.0200000000000014E-01   6.6512133548798646E-02   5.4114537903836787E-02   1.6180246833247204E-03
      37   3.1255937007874014E+01       32   9.3190000000000006E-01   6.4801404332859608E-02   5.6275976703472251E-02   1.6826517034338206E-03
      37   3.1255937007874014E+01       33   9.6180000000000010E-01   4.6433703297237720E-02   4.2953926282528226E-02   1.2843223958475944E-03
      37   3.1255937007874014E+01       34   9.9170000000000014E-01   3.2586810312052905E-02   3.2048114166235230E-02   9.5823861357043354E-04
      37   3.1255937007874014E+01       35   1.0216000000000001E+00   1.8584231197844987E-02   1.9395740644499559E-02   5.7993264527053700E-04
      37   3.1255937007874014E+01       36   1.0515000000000001E+00   1.4558511230495190E-02   1.6096650698647276E-02   4.8128985588955365E-04
      37   3.1255937007874014E+01       37   1.0814000000000001E+00   1.5748773373801019E-02   1.8417024421479699E-02   5.5066903020224310E-04
      37   3.1255937007874014E+01       38   1.1113000000000002E+00   1.2559050657906841E-02   1.5510272960601352E-02   4.6375716152198055E-04
      37   3.1255937007874014E+01       39   1.1412000000000002E+00   1.2116442914646518E-02   1.5779697247366890E-02   4.7181294769627009E-04
      37   3.1255937007874014E+01       40   1.1711000000000000E+00   1.0524097246486617E-02   1.4433538481185657E-02   4.3156280058745123E-04
      37   3.1255937007874014E+01       41   1.2010000000000001E+00   1.0286156484925195E-02   1.4836762400012589E-02   4.4361919576037652E-04
      37   3.1255937007874014E+01       42   1.2309000000000001E+00   9.8616235589107232E-03   1.4941491904750547E-02   4.4675060795204146E-04
      37   3.1255937007874014E+01       43   1.2608000000000001E+00   9.6388645364002216E-03   1.5322099457767682E-02   4.5813077378725379E-04
      37   3.1255937007874014E+01       44   1.2907000000000002E+00   5.8468999427285966E-03   9.7403885609722001E-03   2.9123761797306884E-04
      37   3.1255937007874014E+01       45   1.3206000000000002E+00   5.0249772988620782E-03   8.7634818185705135E-03   2.6202810637525841E-04
      37   3.1255937007874014E+01       46   1.3505000000000000E+00   3.8743002438387350E-03   7.0661434683003382E-03   2.1127768970218016E-04
      37   3.1255937007874014E+01       47   1.3804000000000001E+00   3.7977597846218518E-03   7.2366470682776437E-03   2.1637574734150160E-04
      37   3.1255937007874014E+01       48   1.4103000000000001E+00   3.2785628545933120E-03   6.5208847704626071E-03   1.9497445463683200E-04
      37   3.1255937007874014E+01       49   1.4402000000000001E+00   3.7945418264226150E-03   7.8705477391436286E-03   2.3532937740039454E-04
      37   3.1255937007874014E+01       50   1.4701000000000002E+00   2.6456798619160149E-03   5.7178274699505195E-03   1.7096304135152057E-04
 
      38   3.2124157480314963E+01        1   5.0000000000000001E-03   1.4267771137858279E+02   3.5669427844645697E-03   1.0665158925549065E-04
      38   3.2124157480314963E+01        2   3.4900000000000000E-02   1.9305165824650565E+01   2.3513885026082638E-02   7.0306516227987097E-04
      38   3.2124157480314963E+01        3   6.4800000000000010E-02   9.3670541314289846E+00   3.9332634980035572E-02   1.1760457859030639E-03
      38   3.2124157480314963E+01        4   9.4700000000000006E-02   6.0287834785809480E+00   5.4066672826427020E-02   1.6165935175101683E-03
      38   3.2124157480314963E+01        5   1.2460000000000002E-01   4.9843646506109396E+00   7.7383058699078966E-02   2.3137534551024618E-03
      38   3.2124157480314963E+01        6   1.5450000000000003E-01   4.9687700422281837E+00   1.1860578310049735E-01   3.5463129147048716E-03
      38   3.2124157480314963E+01        7   1.8440000000000001E-01   5.1141728107499071E+00   1.7389905918614099E-01   5.1995818696656164E-03
      38   3.2124157480314963E+01        8   2.1430000000000002E-01   4.8518945098927588E+00   2.2282078090062493E-01   6.6623413489286867E-03
      38   3.2124157480314963E+01        9   2.4420000000000003E-01   4.0591375077130980E+00   2.4206114484546018E-01   7.2376282308792613E-03
      38   3.2124157480314963E+01       10   2.7410000000000001E-01   2.9515297477013225E+00   2.2175082068389601E-01   6.6303495384484922E-03
      38   3.2124157480314963E+01       11   3.0400000000000005E-01   1.8904105867387462E+00   1.7470418478404801E-01   5.2236551250430365E-03
      38   3.2124157480314963E+01       12   3.3390000000000003E-01   1.2048237737144023E+00   1.3432485072063749E-01   4.0163130365470619E-03
      38   3.2124157480314963E+01       13   3.6380000000000001E-01   1.1033509109141899E+00   1.4602897853389385E-01   4.3662664581634271E-03
      38   3.2124157480314963E+01       14   3.9370000000000005E-01   9.2297303217939608E-01   1.4306053386616646E-01   4.2775099625983783E-03
      38   3.2124157480314963E+01       15   4.2360000000000003E-01   5.7640698723717942E-01   1.0342871751259830E-01   3.0925186536266899E-03
      38   3.2124157480314963E+01       16   4.5350000000000007E-01   5.2535510306797506E-01   1.0804571254594170E-01   3.2305668051236572E-03
      38   3.2124157480314963E+01       17   4.8340000000000005E-01   7.0995927728390074E-01   1.6590013169651083E-01   4.9604139377256752E-03
      38   3.2124157480314963E+01       18   5.1330000000000009E-01   6.6562246788684043E-01   1.7537613775294963E-01   5.2437465188131952E-03
      38   3.2124157480314963E+01       19   5.4320000000000002E-01   6.0041005563212657E-01   1.7716073757356243E-01   5.2971060534495176E-03
      38   3.2124157480314963E+01       20   5.7310000000000005E-01   5.0711813091118696E-01   1.6655970961292285E-01   4.9801353174263943E-03
      38   3.2124157480314963E+01       21   6.0300000000000009E-01   5.6489801721819688E-01   2.0540200314269141E-01   6.1415198939664744E-03
      38   3.2124157480314963E+01       22   6.3290000000000002E-01   5.3227733063799476E-01   2.1321029034872205E-01   6.3749876814267904E-03
      38   3.2124157480314963E+01       23   6.6280000000000006E-01   5.1046788743795934E-01   2.2425050314818334E-01   6.7050900441306838E-03
      38   3.2124157480314963E+01       24   6.9270000000000009E-01   3.9642475696105828E-01   1.9021779537007505E-01   5.6875120815652455E-03
      38   3.2124157480314963E+01       25   7.2260000000000002E-01   2.6389521183593612E-01   1.3779308542049504E-01   4.1200132540728024E-03
      38   3.2124157480314963E+01       26   7.5250000000000006E-01   1.3381675584493705E-01   7.5774574351919657E-02   2.2656597731223983E-03
      38   3.2124157480314963E+01       27   7.8240000000000010E-01   7.0918599291163162E-02   4.3412803535621707E-02   1.2980428257150893E-03
      38   3.2124157480314963E+01       28   8.1230000000000013E-01   5.6668076280667834E-02   3.7391369874091467E-02   1.1180019592353350E-03
      38   3.2124157480314963E+01       29   8.4220000000000006E-01   3.9944817578949125E-02   2.8332892662395387E-02   8.4715349060562222E-04
      38   3.2124157480314963E+01       30   8.7210000000000010E-01   5.4605662427952555E-02   4.1530795793200341E-02   1.2417707942166904E-03
      38   3.2124157480314963E+01       31   9.0200000000000014E-01   6.8250852632785866E-02   5.5529166705445124E-02   1.6603220844928096E-03
      38   3.2124157480314963E+01       32   9.3190000000000006E-01   6.7619006250021457E-02   5.8722888178343702E-02   1.7558143565324770E-03
      38   3.2124157480314963E+01       33   9.6180000000000010E-01   4.9433843805800362E-02   4.5729233981272398E-02   1.3673040960400450E-03
      38   3.2124157480314963E+01       34   9.9170000000000014E-01   3.3298399843201758E-02   3.2747940332569815E-02   9.7916341594383766E-04
      38   3.2124157480314963E+01       35   1.0216000000000001E+00   1.9143814776643762E-02   1.9979759313216966E-02   5.9739480346518740E-04
      38   3.2124157480314963E+01       36   1.0515000000000001E+00   1.3114031760531483E-02   1.4499558722603096E-02   4.3353680580583270E-04
      38   3.2124157480314963E+01       37   1.0814000000000001E+00   1.4839891975520195E-02   1.7354154919769004E-02   5.1888923210109336E-04
      38   3.2124157480314963E+01       38   1.1113000000000002E+00   1.2219291858360905E-02   1.5090675025592946E-02   4.5121118326522919E-04
      38   3.2124157480314963E+01       39   1.1412000000000002E+00   1.2708614056730495E-02   1.6550903896590415E-02   4.9487202650805350E-04
      38   3.2124157480314963E+01       40   1.1711000000000000E+00   1.1452371659576001E-02   1.5706643826815046E-02   4.6962865042176997E-04
      38   3.2124157480314963E+01       41   1.2010000000000001E+00   1.0724498281416077E-02   1.5469027045612834E-02   4.6252390866382387E-04
      38   3.2124157480314963E+01       42   1.2309000000000001E+00   9.7649933616807006E-03   1.4795086061834118E-02   4.4237307324884024E-04
      38   3.2124157480314963E+01       43   1.2608000000000001E+00   8.8614862759984637E-03   1.4086366039458795E-02   4.2118234457981806E-04
      38   3.2124157480314963E+01       44   1.2907000000000002E+00   5.2386950485896269E-03   8.7271760805763265E-03   2.6094256480923222E-04
      38   3.2124157480314963E+01       45   1.3206000000000002E+00   4.5553814264784279E-03   7.9445139616128712E-03   2.3754096745222489E-04
      38   3.2124157480314963E+01       46   1.3505000000000000E+00   4.3259831782506662E-03   7.8899455011482728E-03   2.3590937048433342E-04
      38   3.2124157480314963E+01       47   1.3804000000000001E+00   4.3046608983459749E-03   8.2025492491875941E-03   2.4525622255070910E-04
      38   3.2124157480314963E+01       48   1.4103000000000001E+00   3.4647297525699466E-03   6.8911606942806637E-03   2.0604570475899188E-04
      38   3.2124157480314963E+01       49   1.4402000000000001E+00   3.4310287626111101E-03   7.1165576519588132E-03   2.1278507379356856E-04
      38   3.2124157480314963E+01       50   1.4701000000000002E+00   2.7058935347793025E-03   5.8479608990627567E-03   1.7485403088197645E-04
 
      39   3.2992377952755909E+01        1   5.0000000000000001E-03   1.4745957671570804E+02   3.6864894178927012E-03   1.1022603359499179E-04
      39   3.2992377952755909E+01        2   3.4900000000000000E-02   1.9952794021114659E+01   2.4302702645657866E-02   7.2665080910517036E-04
      39   3.2992377952755909E+01        3   6.4800000000000010E-02   9.6570863532839901E+00   4.0550491880893616E-02   1.2124597072387193E-03
      39   3.2992377952755909E+01        4   9.4700000000000006E-02   6.1520247674373145E+00   5.5171911796606916E-02   1.6496401627185471E-03
      39   3.2992377952755909E+01        5   1.2460000000000002E-01   5.0029474234030173E+00   7.7671559219919611E-02   2.3223796206755967E-03
      39   3.2992377952755909E+01        6   1.5450000000000003E-01   4.9346437545686328E+00   1.1779118008249195E-01   3.5219562844665099E-03
      39   3.2992377952755909E+01        7   1.8440000000000001E-01   5.0692191027383187E+00   1.7237048206928804E-01   5.1538774138717132E-03
      39   3.2992377952755909E+01        8   2.1430000000000002E-01   4.7905015737962646E+00   2.2000134162079085E-01   6.5780401144616479E-03
      39   3.2992377952755909E+01        9   2.4420000000000003E-01   3.9677639148585122E+00   2.3661220490366322E-01   7.0747049266195322E-03
      39   3.2992377952755909E+01       10   2.7410000000000001E-01   2.8543965270795240E+00   2.1445312314067158E-01   6.4121483819060817E-03
      39   3.2992377952755909E+01       11   3.0400000000000005E-01   1.8148357143032627E+00   1.6771985737305037E-01   5.0148237354542069E-03
      39   3.2992377952755909E+01       12   3.3390000000000003E-01   1.1562084393128340E+00   1.2890476549432084E-01   3.8542524882801939E-03
      39   3.2992377952755909E+01       13   3.6380000000000001E-01   1.0740620779044534E+00   1.4215258859796870E-01   4.2503623990792650E-03
      39   3.2992377952755909E+01       14   3.9370000000000005E-01   9.0157202812213011E-01   1.3974338487160148E-01   4.1783272076608849E-03
      39   3.2992377952755909E+01       15   4.2360000000000003E-01   5.6235325895475141E-01   1.0090695923293339E-01   3.0171180810647088E-03
      39   3.2992377952755909E+01       16   4.5350000000000007E-01   5.0853090335553963E-01   1.0458560977863286E-01   3.1271097323811231E-03
      39   3.2992377952755909E+01       17   4.8340000000000005E-01   7.0571508081753287E-01   1.6490836671048228E-01   4.9307601646434215E-03
      39   3.2992377952755909E+01       18   5.1330000000000009E-01   6.7993293264801880E-01   1.7914661450267952E-01   5.3564837736301187E-03
      39   3.2992377952755909E+01       19   5.4320000000000002E-01   6.1455930914922619E-01   1.8133570460765980E-01   5.4219375677690288E-03
      39   3.2992377952755909E+01       20   5.7310000000000005E-01   5.0312947967626165E-01   1.6524966260229304E-01   4.9409649118085626E-03
      39   3.2992377952755909E+01       21   6.0300000000000009E-01   5.4162120096942101E-01   1.9693834326329027E-01   5.8884564635723804E-03
      39   3.2992377952755909E+01       22   6.3290000000000002E-01   5.0302466908121934E-01   2.0149277373662572E-01   6.0246339347251104E-03
      39   3.2992377952755909E+01       23   6.6280000000000006E-01   4.8518864032167403E-01   2.1314523281769027E-01   6.3730424612489407E-03
      39   3.2992377952755909E+01       24   6.9270000000000009E-01   3.8318077985611843E-01   1.8386289426312707E-01   5.4975005384675004E-03
      39   3.2992377952755909E+01       25   7.2260000000000002E-01   2.5576995452794798E-01   1.3355047614193349E-01   3.9931592366438126E-03
      39   3.2992377952755909E+01       26   7.5250000000000006E-01   1.3527227370425440E-01   7.6598770436744720E-02   2.2903032360586674E-03
      39   3.2992377952755909E+01       27   7.8240000000000010E-01   7.1842760523564544E-02   4.3978528612237520E-02   1.3149580055059021E-03
      39   3.2992377952755909E+01       28   8.1230000000000013E-01   5.7361563476634805E-02   3.7848954425204841E-02   1.1316837373136249E-03
      39   3.2992377952755909E+01       29   8.4220000000000006E-01   4.1023899356050539E-02   2.9098286273322112E-02   8.7003875957233131E-04
      39   3.2992377952755909E+01       30   8.7210000000000010E-01   5.4217245371578911E-02   4.1235381934387923E-02   1.2329379198381992E-03
      39   3.2992377952755909E+01       31   9.0200000000000014E-01   6.7747998968908249E-02   5.5120042953099642E-02   1.6480892842976797E-03
      39   3.2992377952755909E+01       32   9.3190000000000006E-01   6.7949430809323447E-02   5.9009841292909225E-02   1.7643942546579862E-03
      39   3.2992377952755909E+01       33   9.6180000000000010E-01   4.9510291864759456E-02   4.5799952964592577E-02   1.3694185936413185E-03
      39   3.2992377952755909E+01       34   9.9170000000000014E-01   3.1744183282559034E-02   3.1219416696854897E-02   9.3346055923596157E-04
      39   3.2992377952755909E+01       35   1.0216000000000001E+00   1.8691432807207940E-02   1.9507623379369857E-02   5.8327793904315887E-04
      39   3.2992377952755909E+01       36   1.0515000000000001E+00   1.2318767932149557E-02   1.3620273481409007E-02   4.0724617709412940E-04
      39   3.2992377952755909E+01       37   1.0814000000000001E+00   1.4651282615606713E-02   1.7133590237987197E-02   5.1229434811581726E-04
      39   3.2992377952755909E+01       38   1.1113000000000002E+00   1.2969653252922379E-02   1.6017362110927597E-02   4.7891912711673528E-04
      39   3.2992377952755909E+01       39   1.1412000000000002E+00   1.3961516716654217E-02   1.8182605939284665E-02   5.4365991758461164E-04
      39   3.2992377952755909E+01       40   1.1711000000000000E+00   1.2077943719952289E-02   1.6564600399689749E-02   4.9528155195072360E-04
      39   3.2992377952755909E+01       41   1.2010000000000001E+00   1.0554642588853929E-02   1.5224027024805499E-02   4.5519840804168451E-04
      39   3.2992377952755909E+01       42   1.2309000000000001E+00   9.1895504847606130E-03   1.3923224036703487E-02   4.1630439869743438E-04
      39   3.2992377952755909E+01       43   1.2608000000000001E+00   7.5341627944234867E-03   1.1976430546484477E-02   3.5809527333988594E-04
      39   3.2992377952755909E+01       44   1.2907000000000002E+00   4.6993518366148833E-03   7.8286807234101558E-03   2.3407755362996372E-04
      39   3.2992377952755909E+01       45   1.3206000000000002E+00   4.5731127312911369E-03   7.9754370798886288E-03   2.3846556868867006E-04
      39   3.2992377952755909E+01       46   1.3505000000000000E+00   4.7819778349650292E-03   8.7216114697954272E-03   2.6077618294688334E-04
      39   3.2992377952755909E+01       47   1.3804000000000001E+00   4.7854332950216351E-03   9.1186630510662336E-03   2.7264802522688044E-04
      39   3.2992377952755909E+01       48   1.4103000000000001E+00   3.5168528118256089E-03   6.9948306491860518E-03   2.0914543641066300E-04
      39   3.2992377952755909E+01       49   1.4402000000000001E+00   3.0276034529693832E-03   6.2797825407703619E-03   1.8776549796903385E-04
      39   3.2992377952755909E+01       50   1.4701000000000002E+00   2.7369714179890123E-03   5.9151262340990610E-03   1.7686227439956195E-04
 
      40   3.3860598425196855E+01        1   5.0000000000000001E-03   1.5167078017049224E+02   3.7917695042623059E-03   1.1337390817744297E-04
      40   3.3860598425196855E+01        2   3.4900000000000000E-02   2.0544973641036226E+01   2.5023983344518535E-02   7.4821710200110431E-04
      40   3.3860598425196855E+01        3   6.4800000000000010E-02   9.9529262827479510E+00   4.1792735578309967E-02   1.2496027937914684E-03
      40   3.3860598425196855E+01        4   9.4700000000000006E-02   6.3157002412496901E+00   5.6639768176548942E-02   1.6935290684788138E-03
      40   3.3860598425196855E+01        5   1.2460000000000002E-01   5.0827937437416724E+00   7.8911186118588481E-02   2.3594444649457959E-03
      40   3.3860598425196855E+01        6   1.5450000000000003E-01   4.9729285207269562E+00   1.1870504702188267E-01   3.5492809059542926E-03
      40   3.3860598425196855E+01        7   1.8440000000000001E-01   5.0891686613929785E+00   1.7304883409406357E-01   5.1741601394125021E-03
      40   3.3860598425196855E+01        8   2.1430000000000002E-01   4.7686707555492145E+00   2.1899877242651236E-01   6.5480632955527210E-03
      40   3.3860598425196855E+01        9   2.4420000000000003E-01   3.9015565539851189E+00   2.3266401897998920E-01   6.9566541675016788E-03
      40   3.3860598425196855E+01       10   2.7410000000000001E-01   2.7749568900333594E+00   2.0848475886328724E-01   6.2336942900122899E-03
      40   3.3860598425196855E+01       11   3.0400000000000005E-01   1.7446281290021082E+00   1.6123155316985888E-01   4.8208234397787812E-03
      40   3.3860598425196855E+01       12   3.3390000000000003E-01   1.1118961501737434E+00   1.2396442338491204E-01   3.7065362592088708E-03
      40   3.3860598425196855E+01       13   3.6380000000000001E-01   1.0554184022951425E+00   1.3968508992785914E-01   4.1765841888429887E-03
      40   3.3860598425196855E+01       14   3.9370000000000005E-01   8.8146344537929555E-01   1.3662656078012278E-01   4.0851341673256722E-03
      40   3.3860598425196855E+01       15   4.2360000000000003E-01   5.4521714737371374E-01   9.7832107464611198E-02   2.9251800131918754E-03
      40   3.3860598425196855E+01       16   4.5350000000000007E-01   4.9277881345372598E-01   1.0134599952722359E-01   3.0302453858639861E-03
      40   3.3860598425196855E+01       17   4.8340000000000005E-01   7.1212724319613274E-01   1.6640673234511255E-01   4.9755612971188667E-03
      40   3.3860598425196855E+01       18   5.1330000000000009E-01   7.0793938490390074E-01   1.8652566744299276E-01   5.5771174565454849E-03
      40   3.3860598425196855E+01       19   5.4320000000000002E-01   6.4162485994741103E-01   1.8932183491520918E-01   5.6607228639647556E-03
      40   3.3860598425196855E+01       20   5.7310000000000005E-01   5.1040730138628931E-01   1.6764001663767089E-01   5.0124364974663610E-03
      40   3.3860598425196855E+01       21   6.0300000000000009E-01   5.2602954368219801E-01   1.9126907634874041E-01   5.7189453828273397E-03
      40   3.3860598425196855E+01       22   6.3290000000000002E-01   4.8252060286379844E-01   1.9327961555777604E-01   5.7790605051775048E-03
      40   3.3860598425196855E+01       23   6.6280000000000006E-01   4.7522543416455182E-01   2.0876835809415484E-01   6.2421739070152313E-03
      40   3.3860598425196855E+01       24   6.9270000000000009E-01   3.8032274353335754E-01   1.8249151329143723E-01   5.4564962474139746E-03
      40   3.3860598425196855E+01       25   7.2260000000000002E-01   2.5057185540397203E-01   1.3083628473379411E-01   3.9120049135404449E-03
      40   3.3860598425196855E+01       26   7.5250000000000006E-01   1.3561659000340440E-01   7.6793741693115272E-02   2.2961328766241472E-03
      40   3.3860598425196855E+01       27   7.8240000000000010E-01   7.3337777393196399E-02   4.4893702830178607E-02   1.3423217146223407E-03
      40   3.3860598425196855E+01       28   8.1230000000000013E-01   5.8435698724895353E-02   3.8557702471699068E-02   1.1528753039038023E-03
      40   3.3860598425196855E+01       29   8.4220000000000006E-01   4.0809586000051745E-02   2.8946273629888948E-02   8.6549358153367977E-04
      40   3.3860598425196855E+01       30   8.7210000000000010E-01   5.4369120717835832E-02   4.1350892006255288E-02   1.2363916709870334E-03
      40   3.3860598425196855E+01       31   9.0200000000000014E-01   6.5693552607141867E-02   5.3448537175381068E-02   1.5981112615438943E-03
      40   3.3860598425196855E+01       32   9.3190000000000006E-01   6.5654635526775154E-02   5.7016954762293709E-02   1.7048069473925823E-03
      40   3.3860598425196855E+01       33   9.6180000000000010E-01   4.6356233639116555E-02   4.2882262259463601E-02   1.2821796415579620E-03
      40   3.3860598425196855E+01       34   9.9170000000000014E-01   2.8659691697359206E-02   2.8185915181344081E-02   8.4275886392218822E-04
      40   3.3860598425196855E+01       35   1.0216000000000001E+00   1.7076264378949747E-02   1.7821926102029022E-02   5.3287559045066789E-04
      40   3.3860598425196855E+01       36   1.0515000000000001E+00   1.2349975834659778E-02   1.3654778569037213E-02   4.0827787921421274E-04
      40   3.3860598425196855E+01       37   1.0814000000000001E+00   1.5369744827131078E-02   1.7973778599422799E-02   5.3741598012274183E-04
      40   3.3860598425196855E+01       38   1.1113000000000002E+00   1.4625479387377080E-02   1.8062287003759440E-02   5.4006238141240742E-04
      40   3.3860598425196855E+01       39   1.1412000000000002E+00   1.5570611707913254E-02   2.0278190590917781E-02   6.0631789866844184E-04
      40   3.3860598425196855E+01       40   1.1711000000000000E+00   1.2366072356553150E-02   1.6959761682078928E-02   5.0709687429416003E-04
      40   3.3860598425196855E+01       41   1.2010000000000001E+00   9.8876315920620687E-03   1.4261929696021922E-02   4.2643169791105556E-04
      40   3.3860598425196855E+01       42   1.2309000000000001E+00   8.4347312707881931E-03   1.2779586266741314E-02   3.8210962937556539E-04
      40   3.3860598425196855E+01       43   1.2608000000000001E+00   6.3447069760663886E-03   1.0085651785079216E-02   3.0156098837386862E-04
      40   3.3860598425196855E+01       44   1.2907000000000002E+00   4.4353952855104078E-03   7.3889537918471930E-03   2.2092971837623111E-04
      40   3.3860598425196855E+01       45   1.3206000000000002E+00   5.0178303788943161E-03   8.7510177019245652E-03   2.6165542928754455E-04
      40   3.3860598425196855E+01       46   1.3505000000000000E+00   5.0102577543683262E-03   9.1379598578691101E-03   2.7322499975028643E-04
      40   3.3860598425196855E+01       47   1.3804000000000001E+00   5.0302958111507695E-03   9.5852495941783668E-03   2.8659896286593325E-04
      40   3.3860598425196855E+01       48   1.4103000000000001E+00   3.3958964064072839E-03   6.7542548795688192E-03   2.0195222089910774E-04
      40   3.3860598425196855E+01       49   1.4402000000000001E+00   2.8285072879094164E-03   5.8668220455470937E-03   1.7541797916185815E-04
      40   3.3860598425196855E+01       50   1.4701000000000002E+00   2.7098720808551497E-03   5.8565593090103866E-03   1.7511112333941061E-04
 
      41   3.4728818897637794E+01        1   5.0000000000000001E-03   1.5482193798756722E+02   3.8705484496891810E-03   1.1572939864570654E-04
      41   3.4728818897637794E+01        2   3.4900000000000000E-02   2.0988751391389204E+01   2.5564509082225965E-02   7.6437882155855656E-04
      41   3.4728818897637794E+01        3   6.4800000000000010E-02   1.0179477981324855E+01   4.2744035222702328E-02   1.2780466531588000E-03
      41   3.4728818897637794E+01        4   9.4700000000000006E-02   6.4561955510429749E+00   5.7899742759353001E-02   1.7312023085046550E-03
      41   3.4728818897637794E+01        5   1.2460000000000002E-01   5.1779319306293958E+00   8.0388221692130293E-02   2.4036078285946962E-03
      41   3.4728818897637794E+01        6   1.5450000000000003E-01   5.0511736124729989E+00   1.2057277692313365E-01   3.6051260300016966E-03
      41   3.4728818897637794E+01        7   1.8440000000000001E-01   5.1516201313728338E+00   1.7517239391031778E-01   5.2376545779185026E-03
      41   3.4728818897637794E+01        8   2.1430000000000002E-01   4.7820136241239268E+00   2.1961153686094306E-01   6.5663849521421990E-03
      41   3.4728818897637794E+01        9   2.4420000000000003E-01   3.8738501008474264E+00   2.3101178232789918E-01   6.9072522916041870E-03
      41   3.4728818897637794E+01       10   2.7410000000000001E-01   2.7331792295154314E+00   2.0534596938867028E-01   6.1398444847212425E-03
      41   3.4728818897637794E+01       11   3.0400000000000005E-01   1.7011370957602630E+00   1.5721228584178051E-01   4.7006473466692381E-03
      41   3.4728818897637794E+01       12   3.3390000000000003E-01   1.0901687603408403E+00   1.2154205385707964E-01   3.6341074103266821E-03
      41   3.4728818897637794E+01       13   3.6380000000000001E-01   1.0508686495228168E+00   1.3908292814655060E-01   4.1585795515818634E-03
      41   3.4728818897637794E+01       14   3.9370000000000005E-01   8.6870430442235180E-01   1.3464889788713019E-01   4.0260020468251938E-03
      41   3.4728818897637794E+01       15   4.2360000000000003E-01   5.2949800802241165E-01   9.5011512885597171E-02   2.8408442352793562E-03
      41   3.4728818897637794E+01       16   4.5350000000000007E-01   4.8122237221032149E-01   9.8969275819112232E-02   2.9591813469914564E-03
      41   3.4728818897637794E+01       17   4.8340000000000005E-01   7.2572246971862309E-01   1.6958360451608234E-01   5.0705497750308630E-03
      41   3.4728818897637794E+01       18   5.1330000000000009E-01   7.4054600150514871E-01   1.9511675737851195E-01   5.8339910456175082E-03
      41   3.4728818897637794E+01       19   5.4320000000000002E-01   6.7119534717658447E-01   1.9804708739688942E-01   5.9216079131669949E-03
      41   3.4728818897637794E+01       20   5.7310000000000005E-01   5.2739547254190167E-01   1.7321967289931808E-01   5.1792682196896119E-03
      41   3.4728818897637794E+01       21   6.0300000000000009E-01   5.2861205839072112E-01   1.9220810193939178E-01   5.7470222479878152E-03
      41   3.4728818897637794E+01       22   6.3290000000000002E-01   4.8144962719042028E-01   1.9285062296099628E-01   5.7662336265337901E-03
      41   3.4728818897637794E+01       23   6.6280000000000006E-01   4.8178555446688204E-01   2.1165024413383046E-01   6.3283422996015318E-03
      41   3.4728818897637794E+01       24   6.9270000000000009E-01   3.8655689841436142E-01   1.8548286833835886E-01   5.5459377633169313E-03
      41   3.4728818897637794E+01       25   7.2260000000000002E-01   2.5067391578751985E-01   1.3088957564062950E-01   3.9135983116548234E-03
      41   3.4728818897637794E+01       26   7.5250000000000006E-01   1.3444319363092599E-01   7.6129298663472053E-02   2.2762660300378150E-03
      41   3.4728818897637794E+01       27   7.8240000000000010E-01   7.3559672287467043E-02   4.5029535736451611E-02   1.3463831185199034E-03
      41   3.4728818897637794E+01       28   8.1230000000000013E-01   5.8504897240905684E-02   3.8603361817784246E-02   1.1542405183517493E-03
      41   3.4728818897637794E+01       29   8.4220000000000006E-01   3.9748219195399712E-02   2.8193445263801145E-02   8.4298401338765445E-04
      41   3.4728818897637794E+01       30   8.7210000000000010E-01   5.4881446403595519E-02   4.1740545615218831E-02   1.2480423138950434E-03
      41   3.4728818897637794E+01       31   9.0200000000000014E-01   6.3305309950043340E-02   5.1505453396595076E-02   1.5400130565581930E-03
      41   3.4728818897637794E+01       32   9.3190000000000006E-01   6.1155604435758751E-02   5.3109826954295732E-02   1.5879838259334428E-03
      41   3.4728818897637794E+01       33   9.6180000000000010E-01   4.1485155281541265E-02   3.8376226216024559E-02   1.1474491638591346E-03
      41   3.4728818897637794E+01       34   9.9170000000000014E-01   2.4973599376337120E-02   2.4560758057950965E-02   7.3436666593273405E-04
      41   3.4728818897637794E+01       35   1.0216000000000001E+00   1.5094085876575186E-02   1.5753192683149810E-02   4.7102046122617943E-04
      41   3.4728818897637794E+01       36   1.0515000000000001E+00   1.3071113447819888E-02   1.4452105993587318E-02   4.3211796920826089E-04
      41   3.4728818897637794E+01       37   1.0814000000000001E+00   1.6973174241856629E-02   1.9848870582030467E-02   5.9348123040271110E-04
      41   3.4728818897637794E+01       38   1.1113000000000002E+00   1.6579629328343330E-02   2.0475638125266985E-02   6.1222157994548295E-04
      41   3.4728818897637794E+01       39   1.1412000000000002E+00   1.6871190660507560E-02   2.1971983254557334E-02   6.5696229931126444E-04
      41   3.4728818897637794E+01       40   1.1711000000000000E+00   1.2386531665597590E-02   1.6987821117247105E-02   5.0793585140568851E-04
      41   3.4728818897637794E+01       41   1.2010000000000001E+00   9.0731867442616493E-03   1.3087173633109749E-02   3.9130649162998158E-04
      41   3.4728818897637794E+01       42   1.2309000000000001E+00   7.7632930952912368E-03   1.1762280343046496E-02   3.5169218225709030E-04
      41   3.4728818897637794E+01       43   1.2608000000000001E+00   5.9836758938365871E-03   9.5117507692095149E-03   2.8440134799936456E-04
      41   3.4728818897637794E+01       44   1.2907000000000002E+00   4.5072171325713532E-03   7.5086022729898101E-03   2.2450720796239536E-04
      41   3.4728818897637794E+01       45   1.3206000000000002E+00   5.7337444192888908E-03   9.9995605914771114E-03   2.9898686168516571E-04
      41   3.4728818897637794E+01       46   1.3505000000000000E+00   4.8305745876377143E-03   8.8102446693066917E-03   2.6342631561227013E-04
      41   3.4728818897637794E+01       47   1.3804000000000001E+00   4.9056943094417270E-03   9.3478209143295389E-03   2.7949984533845326E-04
      41   3.4728818897637794E+01       48   1.4103000000000001E+00   3.2056747079881797E-03   6.3759141762649825E-03   1.9063983387032301E-04
      41   3.4728818897637794E+01       49   1.4402000000000001E+00   2.9077498751802393E-03   6.0311851214118438E-03   1.8033243513021418E-04
      41   3.4728818897637794E+01       50   1.4701000000000002E+00   2.6305453716846394E-03   5.6851189003180678E-03   1.6998505511951027E-04
 
      42   3.5597039370078740E+01        1   5.0000000000000001E-03   1.5639976719533621E+02   3.9099941798834050E-03   1.1690882597851383E-04
      42   3.5597039370078740E+01        2   3.4900000000000000E-02   2.1203304308053294E+01   2.5825836680251995E-02   7.7219251673953484E-04
      42   3.5597039370078740E+01        3   6.4800000000000010E-02   1.0283606467200707E+01   4.3181274900034469E-02   1.2911201195110308E-03
      42   3.5597039370078740E+01        4   9.4700000000000006E-02   6.5277806929708069E+00   5.8541724754824574E-02   1.7503975701692552E-03
      42   3.5597039370078740E+01        5   1.2460000000000002E-01   5.2464786577843485E+00   8.1452420598687278E-02   2.4354273759007502E-03
      42   3.5597039370078740E+01        6   1.5450000000000003E-01   5.1308007203336281E+00   1.2247349589454383E-01   3.6619575272468612E-03
      42   3.5597039370078740E+01        7   1.8440000000000001E-01   5.2266781563220031E+00   1.7772461895355338E-01   5.3139661067112473E-03
      42   3.5597039370078740E+01        8   2.1430000000000002E-01   4.8182350216593797E+00   2.2127498606984600E-01   6.6161220834883971E-03
      42   3.5597039370078740E+01        9   2.4420000000000003E-01   3.8853821935200390E+00   2.3169948299078441E-01   6.9278145414244556E-03
      42   3.5597039370078740E+01       10   2.7410000000000001E-01   2.7361361020368360E+00   2.0556812161627017E-01   6.1464868363264790E-03
      42   3.5597039370078740E+01       11   3.0400000000000005E-01   1.6996929668607743E+00   1.5707882522540537E-01   4.6966568742396212E-03
      42   3.5597039370078740E+01       12   3.3390000000000003E-01   1.0978828377268819E+00   1.2240209025072828E-01   3.6598224984967761E-03
      42   3.5597039370078740E+01       13   3.6380000000000001E-01   1.0559000507733380E+00   1.3974883631587365E-01   4.1784902058446226E-03
      42   3.5597039370078740E+01       14   3.9370000000000005E-01   8.7083049337798124E-01   1.3497845651613419E-01   4.0358558498324133E-03
      42   3.5597039370078740E+01       15   4.2360000000000003E-01   5.2319042532082294E-01   9.3879699420675505E-02   2.8070030126781981E-03
      42   3.5597039370078740E+01       16   4.5350000000000007E-01   4.8113181587486642E-01   9.8950651799410788E-02   2.9586244888023831E-03
      42   3.5597039370078740E+01       17   4.8340000000000005E-01   7.4505450322096334E-01   1.7410102827068047E-01   5.2056207452933472E-03
      42   3.5597039370078740E+01       18   5.1330000000000009E-01   7.7046469450043253E-01   2.0299964156177414E-01   6.0696892826970477E-03
      42   3.5597039370078740E+01       19   5.4320000000000002E-01   6.9577844176444892E-01   2.0530072868449492E-01   6.1384917876663994E-03
      42   3.5597039370078740E+01       20   5.7310000000000005E-01   5.5277836169187566E-01   1.8155652064396538E-01   5.4285399672545660E-03
      42   3.5597039370078740E+01       21   6.0300000000000009E-01   5.5480017422768613E-01   2.0173033655075479E-01   6.0317370628675693E-03
      42   3.5597039370078740E+01       22   6.3290000000000002E-01   5.0396701648169040E-01   2.0187024268241566E-01   6.0359202562042290E-03
      42   3.5597039370078740E+01       23   6.6280000000000006E-01   5.0084400568758369E-01   2.2002269493953738E-01   6.5786785786921690E-03
      42   3.5597039370078740E+01       24   6.9270000000000009E-01   3.9898987584980994E-01   1.9144862480570590E-01   5.7243138816906076E-03
      42   3.5597039370078740E+01       25   7.2260000000000002E-01   2.5671298636339152E-01   1.3404288093151454E-01   4.0078821398522851E-03
      42   3.5597039370078740E+01       26   7.5250000000000006E-01   1.3300323675698822E-01   7.5313914083874334E-02   2.2518860311078431E-03
      42   3.5597039370078740E+01       27   7.8240000000000010E-01   7.1754376447189461E-02   4.3924424321096688E-02   1.3133402872007912E-03
      42   3.5597039370078740E+01       28   8.1230000000000013E-01   5.7147458210261778E-02   3.7707681071098134E-02   1.1274596640258345E-03
      42   3.5597039370078740E+01       29   8.4220000000000006E-01   3.9349040468940805E-02   2.7910307457813713E-02   8.3451819298863020E-04
      42   3.5597039370078740E+01       30   8.7210000000000010E-01   5.4875096941374137E-02   4.1735716478327384E-02   1.2478979227019890E-03
      42   3.5597039370078740E+01       31   9.0200000000000014E-01   6.1037184587180951E-02   4.9660097528868782E-02   1.4848369161131769E-03
      42   3.5597039370078740E+01       32   9.3190000000000006E-01   5.5694184241607700E-02   4.8366924253681456E-02   1.4461710351850758E-03
      42   3.5597039370078740E+01       33   9.6180000000000010E-01   3.6793229920754386E-02   3.4035917307638316E-02   1.0176739274983858E-03
      42   3.5597039370078740E+01       34   9.9170000000000014E-01   2.1578637057203615E-02   2.1221918234360912E-02   6.3453535520739137E-04
      42   3.5597039370078740E+01       35   1.0216000000000001E+00   1.3729059434009412E-02   1.4328560231528151E-02   4.2842395092269181E-04
      42   3.5597039370078740E+01       36   1.0515000000000001E+00   1.4326123672517154E-02   1.5839710872296856E-02   4.7360735508167611E-04
      42   3.5597039370078740E+01       37   1.0814000000000001E+00   1.9064846852301150E-02   2.2294926832505255E-02   6.6661831229190729E-04
      42   3.5597039370078740E+01       38   1.1113000000000002E+00   1.8179258233491334E-02   2.2451160131692949E-02   6.7128968793761935E-04
      42   3.5597039370078740E+01       39   1.1412000000000002E+00   1.7361097851983687E-02   2.2610007732141942E-02   6.7603923119104420E-04
      42   3.5597039370078740E+01       40   1.1711000000000000E+00   1.2136822067825119E-02   1.6645350594203089E-02   4.9769598276667244E-04
      42   3.5597039370078740E+01       41   1.2010000000000001E+00   8.3874046218860316E-03   1.2098000814013037E-02   3.6173022433898987E-04
      42   3.5597039370078740E+01       42   1.2309000000000001E+00   7.4128284069858537E-03   1.1231286103412976E-02   3.3581545449204805E-04
      42   3.5597039370078740E+01       43   1.2608000000000001E+00   6.5544558358155381E-03   1.0419072062757490E-02   3.1153025467644900E-04
      42   3.5597039370078740E+01       44   1.2907000000000002E+00   4.8263544210917818E-03   8.0402551531369940E-03   2.4040362907879617E-04
      42   3.5597039370078740E+01       45   1.3206000000000002E+00   6.4456700283946258E-03   1.1241147719240988E-02   3.3611031680530560E-04
      42   3.5597039370078740E+01       46   1.3505000000000000E+00   4.3218400451622892E-03   7.8823890468292523E-03   2.3568343250019469E-04
      42   3.5597039370078740E+01       47   1.3804000000000001E+00   4.4645231776750827E-03   8.5071674874762897E-03   2.5436430787554112E-04
      42   3.5597039370078740E+01       48   1.4103000000000001E+00   3.0969108344646120E-03   6.1595886952870282E-03   1.8417170198908219E-04
      42   3.5597039370078740E+01       49   1.4402000000000001E+00   3.2090352242344637E-03   6.6561039736231526E-03   1.9901750881133230E-04
      42   3.5597039370078740E+01       50   1.4701000000000002E+00   2.5281305438403273E-03   5.4637805878457587E-03   1.6336703957658822E-04
 
      43   3.6465259842519686E+01        1   5.0000000000000001E-03   1.5614679516352862E+02   3.9036698790882157E-03   1.1671972938473767E-04
      43   3.6465259842519686E+01        2   3.4900000000000000E-02   2.1161338151163410E+01   2.5774721481498546E-02   7.7066417229680671E-04
      43   3.6465259842519686E+01        3   6.4800000000000010E-02   1.0260005025301286E+01   4.3082171501441120E-02   1.2881569278930898E-03
      43   3.6465259842519686E+01        4   9.4700000000000006E-02   6.5246778354861483E+00   5.8513898049644984E-02   1.7495655516843855E-03
      43   3.6465259842519686E+01        5   1.2460000000000002E-01   5.2707204020394283E+00   8.1828777556926482E-02   2.4466804489521022E-03
      43   3.6465259842519686E+01        6   1.5450000000000003E-01   5.1834530003453700E+00   1.2373031898149411E-01   3.6995365375466749E-03
      43   3.6465259842519686E+01        7   1.8440000000000001E-01   5.2858338500512208E+00   1.7973611130347769E-01   5.3741097279739842E-03
      43   3.6465259842519686E+01        8   2.1430000000000002E-01   4.8595814110706606E+00   2.2317379791690048E-01   6.6728965577153255E-03
      43   3.6465259842519686E+01        9   2.4420000000000003E-01   3.9275325831361423E+00   2.3421306415101084E-01   7.0029706181152255E-03
      43   3.6465259842519686E+01       10   2.7410000000000001E-01   2.7817056993012796E+00   2.0899180237012160E-01   6.2488548908666373E-03
      43   3.6465259842519686E+01       11   3.0400000000000005E-01   1.7433532018706066E+00   1.6111372950407402E-01   4.8173005121718137E-03
      43   3.6465259842519686E+01       12   3.3390000000000003E-01   1.1266320104694014E+00   1.2560731280794532E-01   3.7556586529575659E-03
      43   3.6465259842519686E+01       13   3.6380000000000001E-01   1.0644310512230790E+00   1.4087791797903707E-01   4.2122497475732094E-03
      43   3.6465259842519686E+01       14   3.9370000000000005E-01   8.9152499138183927E-01   1.3818609729143780E-01   4.1317643090139911E-03
      43   3.6465259842519686E+01       15   4.2360000000000003E-01   5.3313999492547115E-01   9.5665019943841995E-02   2.8603840963208763E-03
      43   3.6465259842519686E+01       16   4.5350000000000007E-01   4.9787675554545274E-01   1.0239445376817782E-01   3.0615941676685175E-03
      43   3.6465259842519686E+01       17   4.8340000000000005E-01   7.7013991098873902E-01   1.7996287497864380E-01   5.3808899618614505E-03
      43   3.6465259842519686E+01       18   5.1330000000000009E-01   7.9540923227707228E-01   2.0957195079765067E-01   6.2662013288497563E-03
      43   3.6465259842519686E+01       19   5.4320000000000002E-01   7.1392283520667488E-01   2.1065452663457321E-01   6.2985703463737403E-03
      43   3.6465259842519686E+01       20   5.7310000000000005E-01   5.8467853962785510E-01   1.9203393024490081E-01   5.7418145143225355E-03
      43   3.6465259842519686E+01       21   6.0300000000000009E-01   6.0115288522645327E-01   2.1858459944430553E-01   6.5356795233847366E-03
      43   3.6465259842519686E+01       22   6.3290000000000002E-01   5.4457534611537561E-01   2.1813641306655901E-01   6.5222787506901154E-03
      43   3.6465259842519686E+01       23   6.6280000000000006E-01   5.2710554244907448E-01   2.3155948888316144E-01   6.9236287176065283E-03
      43   3.6465259842519686E+01       24   6.9270000000000009E-01   4.1481877243697901E-01   1.9904385633219701E-01   5.9514113043326921E-03
      43   3.6465259842519686E+01       25   7.2260000000000002E-01   2.6666463820019548E-01   1.3923914350135710E-01   4.1632503906905783E-03
      43   3.6465259842519686E+01       26   7.5250000000000006E-01   1.3333327114653215E-01   7.5500798119668519E-02   2.2574738637780893E-03
      43   3.6465259842519686E+01       27   7.8240000000000010E-01   6.9500244245698645E-02   4.2544557834945811E-02   1.2720822792648800E-03
      43   3.6465259842519686E+01       28   8.1230000000000013E-01   5.5828033309186988E-02   3.6837083236563831E-02   1.1014287887732587E-03
      43   3.6465259842519686E+01       29   8.4220000000000006E-01   4.0048170609077449E-02   2.8406201053481954E-02   8.4934541149911066E-04
      43   3.6465259842519686E+01       30   8.7210000000000010E-01   5.3648310320380574E-02   4.0802673596455244E-02   1.2199999405340120E-03
      43   3.6465259842519686E+01       31   9.0200000000000014E-01   5.8552145491408664E-02   4.7638259780392066E-02   1.4243839674337232E-03
      43   3.6465259842519686E+01       32   9.3190000000000006E-01   5.0699833290925103E-02   4.4029642050569438E-02   1.3164862973120265E-03
      43   3.6465259842519686E+01       33   9.6180000000000010E-01   3.3281140309076800E-02   3.0787026360647955E-02   9.2053208818337407E-04
      43   3.6465259842519686E+01       34   9.9170000000000014E-01   1.9337477971581921E-02   1.9017807996111129E-02   5.6863245908372287E-04
      43   3.6465259842519686E+01       35   1.0216000000000001E+00   1.3485973825946504E-02   1.4074859911175628E-02   4.2083831134415140E-04
      43   3.6465259842519686E+01       36   1.0515000000000001E+00   1.5828019994856467E-02   1.7500285920358044E-02   5.2325854901870568E-04
      43   3.6465259842519686E+01       37   1.0814000000000001E+00   2.0946078988862367E-02   2.4494888529786211E-02   7.3239716704060788E-04
      43   3.6465259842519686E+01       38   1.1113000000000002E+00   1.8949394997069886E-02   2.3402269554328902E-02   6.9972785967443432E-04
      43   3.6465259842519686E+01       39   1.1412000000000002E+00   1.6918082986698762E-02   2.2033052886604829E-02   6.5878828130948449E-04
      43   3.6465259842519686E+01       40   1.1711000000000000E+00   1.1523656821028962E-02   1.5804409658588630E-02   4.7255184879180012E-04
      43   3.6465259842519686E+01       41   1.2010000000000001E+00   7.9203603285703649E-03   1.1424335658290225E-02   3.4158763618287783E-04
      43   3.6465259842519686E+01       42   1.2309000000000001E+00   7.5002136211869859E-03   1.1363684735624133E-02   3.3977417359516167E-04
      43   3.6465259842519686E+01       43   1.2608000000000001E+00   7.5954612209972461E-03   1.2073871545371944E-02   3.6100875920662119E-04
      43   3.6465259842519686E+01       44   1.2907000000000002E+00   5.1712020485628583E-03   8.6147390538021638E-03   2.5758069770868476E-04
      43   3.6465259842519686E+01       45   1.3206000000000002E+00   6.7956512805176696E-03   1.1851509549236793E-02   3.5436013552218019E-04
      43   3.6465259842519686E+01       46   1.3505000000000000E+00   3.7774989688674487E-03   6.8895924387436386E-03   2.0599881391843484E-04
      43   3.6465259842519686E+01       47   1.3804000000000001E+00   3.9102441448615188E-03   7.4509864846492675E-03   2.2278449589101313E-04
      43   3.6465259842519686E+01       48   1.4103000000000001E+00   3.1843775991987526E-03   6.3335553750099470E-03   1.8937330571279745E-04
      43   3.6465259842519686E+01       49   1.4402000000000001E+00   3.5580763320404865E-03   7.3800766764094625E-03   2.2066429262464297E-04
      43   3.6465259842519686E+01       50   1.4701000000000002E+00   2.4612995556419028E-03   5.3193458564689431E-03   1.5904844110842142E-04
 
      44   3.7333480314960632E+01        1   5.0000000000000001E-03   1.5409258820907138E+02   3.8523147052267849E-03   1.1518420968628090E-04
      44   3.7333480314960632E+01        2   3.4900000000000000E-02   2.0879047464200490E+01   2.5430888601870840E-02   7.6038356919593832E-04
      44   3.7333480314960632E+01        3   6.4800000000000010E-02   1.0129713614684766E+01   4.2535072656605930E-02   1.2717986724325176E-03
      44   3.7333480314960632E+01        4   9.4700000000000006E-02   6.4633329570659956E+00   5.7963751658933992E-02   1.7331161746021266E-03
      44   3.7333480314960632E+01        5   1.2460000000000002E-01   5.2545809250756728E+00   8.1578209594747861E-02   2.4391884668829617E-03
      44   3.7333480314960632E+01        6   1.5450000000000003E-01   5.1992888218201267E+00   1.2410832399905193E-01   3.7108388875716535E-03
      44   3.7333480314960632E+01        7   1.8440000000000001E-01   5.3105756545611884E+00   1.8057741578927974E-01   5.3992647320994652E-03
      44   3.7333480314960632E+01        8   2.1430000000000002E-01   4.8893942653997069E+00   2.2454293804740622E-01   6.7138338476174474E-03
      44   3.7333480314960632E+01        9   2.4420000000000003E-01   3.9878550578402541E+00   2.3781031289142496E-01   7.1105283554536080E-03
      44   3.7333480314960632E+01       10   2.7410000000000001E-01   2.8595770584791933E+00   2.1484234066095917E-01   6.4237859857626802E-03
      44   3.7333480314960632E+01       11   3.0400000000000005E-01   1.8180206808283139E+00   1.6801419923942951E-01   5.0236245572589430E-03
      44   3.7333480314960632E+01       12   3.3390000000000003E-01   1.1595167972970652E+00   1.2927361171237997E-01   3.8652809902001619E-03
      44   3.7333480314960632E+01       13   3.6380000000000001E-01   1.0733941496273174E+00   1.4206418799660131E-01   4.2477192210983797E-03
      44   3.7333480314960632E+01       14   3.9370000000000005E-01   9.2665798968890045E-01   1.4363170113780283E-01   4.2945878640203057E-03
      44   3.7333480314960632E+01       15   4.2360000000000003E-01   5.6090537435017762E-01   1.0064715522105787E-01   3.0093499411096309E-03
      44   3.7333480314960632E+01       16   4.5350000000000007E-01   5.3171177612451004E-01   1.0935304022926305E-01   3.2696559028549659E-03
      44   3.7333480314960632E+01       17   4.8340000000000005E-01   8.0291301312569785E-01   1.8762114797343485E-01   5.6098723244057029E-03
      44   3.7333480314960632E+01       18   5.1330000000000009E-01   8.1897388216122480E-01   2.1578069146306605E-01   6.4518426747456762E-03
      44   3.7333480314960632E+01       19   5.4320000000000002E-01   7.3096035524669467E-01   2.1568172361170648E-01   6.4488835359900248E-03
      44   3.7333480314960632E+01       20   5.7310000000000005E-01   6.2087078976309162E-01   2.0392104353334090E-01   6.0972392016468945E-03
      44   3.7333480314960632E+01       21   6.0300000000000009E-01   6.5560029152347832E-01   2.3838216640056051E-01   7.1276267753767608E-03
      44   3.7333480314960632E+01       22   6.3290000000000002E-01   5.9119719446943642E-01   2.3681137300191615E-01   7.0806600527572941E-03
      44   3.7333480314960632E+01       23   6.6280000000000006E-01   5.5731205563002517E-01   2.4482932611656372E-01   7.3203968508852571E-03
      44   3.7333480314960632E+01       24   6.9270000000000009E-01   4.3211603583625824E-01   2.0734365913706976E-01   6.1995754081983871E-03
      44   3.7333480314960632E+01       25   7.2260000000000002E-01   2.7683650109007024E-01   1.4455038943992102E-01   4.3220566442536395E-03
      44   3.7333480314960632E+01       26   7.5250000000000006E-01   1.3705697377387949E-01   7.7609368005545368E-02   2.3205201033658072E-03
      44   3.7333480314960632E+01       27   7.8240000000000010E-01   6.9815488280171575E-02   4.2737534394989847E-02   1.2778522784101967E-03
      44   3.7333480314960632E+01       28   8.1230000000000013E-01   5.6289754757867613E-02   3.7141741495667437E-02   1.1105380707204565E-03
      44   3.7333480314960632E+01       29   8.4220000000000006E-01   4.0733132332883421E-02   2.8892044979545378E-02   8.6387214488840695E-04
      44   3.7333480314960632E+01       30   8.7210000000000010E-01   5.1534177384082322E-02   3.9194752011895616E-02   1.1719230851556792E-03
      44   3.7333480314960632E+01       31   9.0200000000000014E-01   5.5613010468866457E-02   4.5246967769511634E-02   1.3528843363083982E-03
      44   3.7333480314960632E+01       32   9.3190000000000006E-01   4.7105773354099004E-02   4.0908425228835428E-02   1.2231619143421796E-03
      44   3.7333480314960632E+01       33   9.6180000000000010E-01   3.1108374764544797E-02   2.8777089517324994E-02   8.6043497656801751E-04
      44   3.7333480314960632E+01       34   9.9170000000000014E-01   1.9035499579936457E-02   1.8720821642475578E-02   5.5975256711001992E-04
      44   3.7333480314960632E+01       35   1.0216000000000001E+00   1.4208344733634965E-02   1.4828774271446922E-02   4.4338035071626305E-04
      44   3.7333480314960632E+01       36   1.0515000000000001E+00   1.7098070385151265E-02   1.8904519992000865E-02   5.6524514776082595E-04
      44   3.7333480314960632E+01       37   1.0814000000000001E+00   2.1935360986096032E-02   2.5651780579111907E-02   7.6698823931544617E-04
      44   3.7333480314960632E+01       38   1.1113000000000002E+00   1.8659277065981625E-02   2.3043977480786629E-02   6.8901492667552034E-04
      44   3.7333480314960632E+01       39   1.1412000000000002E+00   1.5614246301769118E-02   2.0335017556175471E-02   6.0801702492964676E-04
      44   3.7333480314960632E+01       40   1.1711000000000000E+00   1.0587189121150397E-02   1.4520067423239457E-02   4.3415001595485984E-04
      44   3.7333480314960632E+01       41   1.2010000000000001E+00   7.7676011450707990E-03   1.1203995659251268E-02   3.3499947021161297E-04
      44   3.7333480314960632E+01       42   1.2309000000000001E+00   7.9792760644745771E-03   1.2089519338363948E-02   3.6147662821708209E-04
      44   3.7333480314960632E+01       43   1.2608000000000001E+00   8.5252289006254936E-03   1.3551845720243195E-02   4.0520018703527158E-04
      44   3.7333480314960632E+01       44   1.2907000000000002E+00   5.3592028136503619E-03   8.9279307484864002E-03   2.6694512937974345E-04
      44   3.7333480314960632E+01       45   1.3206000000000002E+00   6.5062861941065147E-03   1.1346861364205690E-02   3.3927115478975018E-04
      44   3.7333480314960632E+01       46   1.3505000000000000E+00   3.4829431370952597E-03   6.3523667113269738E-03   1.8993576466867657E-04
      44   3.7333480314960632E+01       47   1.3804000000000001E+00   3.4760899457182207E-03   6.6237038521002444E-03   1.9804874517779736E-04
      44   3.7333480314960632E+01       48   1.4103000000000001E+00   3.4425863919551117E-03   6.8471187437663273E-03   2.0472885043861322E-04
      44   3.7333480314960632E+01       49   1.4402000000000001E+00   3.7500729240595677E-03   7.7783114073370959E-03   2.3257151107937922E-04
      44   3.7333480314960632E+01       50   1.4701000000000002E+00   2.4842160520011807E-03   5.3688728511308015E-03   1.6052929824881100E-04
 
      45   3.8201700787401577E+01        1   5.0000000000000001E-03   1.5067948265725647E+02   3.7669870664314119E-03   1.1263291328629924E-04
      45   3.8201700787401577E+01        2   3.4900000000000000E-02   2.0416555603974778E+01   2.4867568891197320E-02   7.4354030984680002E-04
      45   3.8201700787401577E+01        3   6.4800000000000010E-02   9.9205793215479403E+00   4.1656909394352674E-02   1.2455415908911452E-03
      45   3.8201700787401577E+01        4   9.4700000000000006E-02   6.3600481160705051E+00   5.7037483909250744E-02   1.7054207688865976E-03
      45   3.8201700787401577E+01        5   1.2460000000000002E-01   5.2103069204279526E+00   8.0890848588751257E-02   2.4186363728036630E-03
      45   3.8201700787401577E+01        6   1.5450000000000003E-01   5.1856044350051658E+00   1.2378167426468210E-01   3.7010720605139959E-03
      45   3.8201700787401577E+01        7   1.8440000000000001E-01   5.3013000957904426E+00   1.8026201562519692E-01   5.3898342671933894E-03
      45   3.8201700787401577E+01        8   2.1430000000000002E-01   4.9027729538911329E+00   2.2515734749324381E-01   6.7322046900479913E-03
      45   3.8201700787401577E+01        9   2.4420000000000003E-01   4.0539220022589495E+00   2.4175012527078946E-01   7.2283287455966062E-03
      45   3.8201700787401577E+01       10   2.7410000000000001E-01   2.9516773650242634E+00   2.2176191129293860E-01   6.6306811476588654E-03
      45   3.8201700787401577E+01       11   3.0400000000000005E-01   1.8987981394645435E+00   1.7547932885675530E-01   5.2468319328169847E-03
      45   3.8201700787401577E+01       12   3.3390000000000003E-01   1.1828664766852812E+00   1.3187684902112545E-01   3.9431177857316519E-03
      45   3.8201700787401577E+01       13   3.6380000000000001E-01   1.0824040307888205E+00   1.4325664973267396E-01   4.2833738270069525E-03
      45   3.8201700787401577E+01       14   3.9370000000000005E-01   9.6661764600997291E-01   1.4982543548007560E-01   4.4797805208542617E-03
      45   3.8201700787401577E+01       15   4.2360000000000003E-01   6.0198126113032457E-01   1.0801768747419163E-01   3.2297288554783304E-03
      45   3.8201700787401577E+01       16   4.5350000000000007E-01   5.7935938723177094E-01   1.1915235513670733E-01   3.5626554185875497E-03
      45   3.8201700787401577E+01       17   4.8340000000000005E-01   8.4674442232247249E-01   1.9786347706308030E-01   5.9161179641861019E-03
      45   3.8201700787401577E+01       18   5.1330000000000009E-01   8.4904090575855540E-01   2.2370265733204733E-01   6.6887094542282168E-03
      45   3.8201700787401577E+01       19   5.4320000000000002E-01   7.5553992150513871E-01   2.2293432380841643E-01   6.6657362818716530E-03
      45   3.8201700787401577E+01       20   5.7310000000000005E-01   6.5808964322494967E-01   2.1614533812441455E-01   6.4627456099199962E-03
      45   3.8201700787401577E+01       21   6.0300000000000009E-01   7.0182053616475215E-01   2.5518826333432948E-01   7.6301290736964528E-03
      45   3.8201700787401577E+01       22   6.3290000000000002E-01   6.3160787320020950E-01   2.5299837186405033E-01   7.5646513187351064E-03
      45   3.8201700787401577E+01       23   6.6280000000000006E-01   5.8890739696104910E-01   2.5870928088939321E-01   7.7354074985928585E-03
      45   3.8201700787401577E+01       24   6.9270000000000009E-01   4.4943636096111522E-01   2.1565452772559954E-01   6.4480703789954272E-03
      45   3.8201700787401577E+01       25   7.2260000000000002E-01   2.8498385467668880E-01   1.4880453630716262E-01   4.4492556355841635E-03
      45   3.8201700787401577E+01       26   7.5250000000000006E-01   1.4395821278105295E-01   8.1517237726101130E-02   2.4373654080104244E-03
      45   3.8201700787401577E+01       27   7.8240000000000010E-01   7.4379439272508174E-02   4.5531355899600459E-02   1.3613875413980539E-03
      45   3.8201700787401577E+01       28   8.1230000000000013E-01   5.8598603667348932E-02   3.8665192250025585E-02   1.1560892482757653E-03
      45   3.8201700787401577E+01       29   8.4220000000000006E-01   4.0204474671022124E-02   2.8517067655914722E-02   8.5266032291185035E-04
      45   3.8201700787401577E+01       30   8.7210000000000010E-01   4.9580747844169944E-02   3.7709054746972830E-02   1.1275007369344879E-03
      45   3.8201700787401577E+01       31   9.0200000000000014E-01   5.2583852192901348E-02   4.2782432479553323E-02   1.2791947311386446E-03
      45   3.8201700787401577E+01       32   9.3190000000000006E-01   4.5291308222360015E-02   3.9332675466399680E-02   1.1760469964453507E-03
      45   3.8201700787401577E+01       33   9.6180000000000010E-01   3.0393191213857629E-02   2.8115502365465821E-02   8.4065352072742821E-04
      45   3.8201700787401577E+01       34   9.9170000000000014E-01   2.0808121271196516E-02   2.0464139929569032E-02   6.1187778389411415E-04
      45   3.8201700787401577E+01       35   1.0216000000000001E+00   1.5482193837122449E-02   1.6158247983242790E-02   4.8313161469895952E-04
      45   3.8201700787401577E+01       36   1.0515000000000001E+00   1.7632659234342353E-02   1.9495589355933901E-02   5.8291812174242374E-04
      45   3.8201700787401577E+01       37   1.0814000000000001E+00   2.1729663053041186E-02   2.5411232076279225E-02   7.5979583908074896E-04
      45   3.8201700787401577E+01       38   1.1113000000000002E+00   1.7308435504635619E-02   2.1375704781383932E-02   6.3913357296337971E-04
      45   3.8201700787401577E+01       39   1.1412000000000002E+00   1.3852289146385517E-02   1.8040354785043507E-02   5.3940660807280097E-04
      45   3.8201700787401577E+01       40   1.1711000000000000E+00   9.6918835464820195E-03   1.3292178022206972E-02   3.9743612286398855E-04
      45   3.8201700787401577E+01       41   1.2010000000000001E+00   8.0493573240607279E-03   1.1610401053582520E-02   3.4715099150211740E-04
      45   3.8201700787401577E+01       42   1.2309000000000001E+00   8.6603700138289923E-03   1.3121454868032213E-02   3.9233150055416327E-04
      45   3.8201700787401577E+01       43   1.2608000000000001E+00   8.9740408992416195E-03   1.4265284741475046E-02   4.2653201377010396E-04
      45   3.8201700787401577E+01       44   1.2907000000000002E+00   5.3402917914256304E-03   8.8964267538296869E-03   2.6600315993950772E-04
      45   3.8201700787401577E+01       45   1.3206000000000002E+00   5.6732834894893235E-03   9.8941176755156079E-03   2.9583411849791675E-04
      45   3.8201700787401577E+01       46   1.3505000000000000E+00   3.5422161614622784E-03   6.4604718316370168E-03   1.9316810776594685E-04
      45   3.8201700787401577E+01       47   1.3804000000000001E+00   3.4108837890208005E-03   6.4994532492556982E-03   1.9433365215274542E-04
      45   3.8201700787401577E+01       48   1.4103000000000001E+00   3.6876823912440418E-03   7.3346014732266884E-03   2.1930458404947802E-04
      45   3.8201700787401577E+01       49   1.4402000000000001E+00   3.7014550728661708E-03   7.6774694252754660E-03   2.2955633581573647E-04
      45   3.8201700787401577E+01       50   1.4701000000000002E+00   2.5587216434000779E-03   5.5298938889736058E-03   1.6534382728031086E-04
 
      46   3.9069921259842523E+01        1   5.0000000000000001E-03   1.4666109689307066E+02   3.6665274223267666E-03   1.0962916992757035E-04
      46   3.9069921259842523E+01        2   3.4900000000000000E-02   1.9866030027751286E+01   2.4197023234101344E-02   7.2349099469963031E-04
      46   3.9069921259842523E+01        3   6.4800000000000010E-02   9.6624363880919759E+00   4.0572956891053738E-02   1.2131314110425070E-03
      46   3.9069921259842523E+01        4   9.4700000000000006E-02   6.2245272039944748E+00   5.5822120172870818E-02   1.6690813931688378E-03
      46   3.9069921259842523E+01        5   1.2460000000000002E-01   5.1462729576135295E+00   7.9896711070623294E-02   2.3889116610116370E-03
      46   3.9069921259842523E+01        6   1.5450000000000003E-01   5.1541743992972737E+00   1.2303143145482580E-01   3.6786398004992923E-03
      46   3.9069921259842523E+01        7   1.8440000000000001E-01   5.2729842082767444E+00   1.7929918030834913E-01   5.3610454912196397E-03
      46   3.9069921259842523E+01        8   2.1430000000000002E-01   4.9086692829001102E+00   2.2542813339585330E-01   6.7403011885360147E-03
      46   3.9069921259842523E+01        9   2.4420000000000003E-01   4.1153000728441906E+00   2.4541032303596430E-01   7.3377686587753344E-03
      46   3.9069921259842523E+01       10   2.7410000000000001E-01   3.0345469160620411E+00   2.2798796778674318E-01   6.8168402368236226E-03
      46   3.9069921259842523E+01       11   3.0400000000000005E-01   1.9602763542020301E+00   1.8116089954993486E-01   5.4167108965430533E-03
      46   3.9069921259842523E+01       12   3.3390000000000003E-01   1.1920151598144302E+00   1.3289682847573459E-01   3.9736151714244647E-03
      46   3.9069921259842523E+01       13   3.6380000000000001E-01   1.0926259995662857E+00   1.4460953179803773E-01   4.3238250007613293E-03
      46   3.9069921259842523E+01       14   3.9370000000000005E-01   1.0025529026590287E+00   1.5539538912074968E-01   4.6463221347104169E-03
      46   3.9069921259842523E+01       15   4.2360000000000003E-01   6.4608819968390296E-01   1.1593210244315254E-01   3.4663698630502614E-03
      46   3.9069921259842523E+01       16   4.5350000000000007E-01   6.3502335748344985E-01   1.3060033250260067E-01   3.9049499418277608E-03
      46   3.9069921259842523E+01       17   4.8340000000000005E-01   9.0371374011913075E-01   2.1117581430203239E-01   6.3141568476307698E-03
      46   3.9069921259842523E+01       18   5.1330000000000009E-01   8.9276643028869485E-01   2.3522332254886719E-01   7.0331773442111308E-03
      46   3.9069921259842523E+01       19   5.4320000000000002E-01   7.9226887734720752E-01   2.3377179870786172E-01   6.9897767813650669E-03
      46   3.9069921259842523E+01       20   5.7310000000000005E-01   6.9121192032077827E-01   2.2702413838518881E-01   6.7880217377171469E-03
      46   3.9069921259842523E+01       21   6.0300000000000009E-01   7.2774723137228015E-01   2.6461544305204349E-01   7.9120017472561026E-03
      46   3.9069921259842523E+01       22   6.3290000000000002E-01   6.5833916761824818E-01   2.6370592357855949E-01   7.8848071149989311E-03
      46   3.9069921259842523E+01       23   6.6280000000000006E-01   6.1669508168120857E-01   2.7091651749166862E-01   8.1004038730008929E-03
      46   3.9069921259842523E+01       24   6.9270000000000009E-01   4.6594497444826521E-01   2.2357591004847710E-01   6.6849197104494667E-03
      46   3.9069921259842523E+01       25   7.2260000000000002E-01   2.9235956350340797E-01   1.5265576827657276E-01   4.5644074714695270E-03
      46   3.9069921259842523E+01       26   7.5250000000000006E-01   1.5212940832590846E-01   8.6144228273347723E-02   2.5757124253730974E-03
      46   3.9069921259842523E+01       27   7.8240000000000010E-01   8.1353580642289883E-02   4.9800574865318407E-02   1.4890371884730207E-03
      46   3.9069921259842523E+01       28   8.1230000000000013E-01   6.1246005784682270E-02   4.0412031004254376E-02   1.2083197270272060E-03
      46   3.9069921259842523E+01       29   8.4220000000000006E-01   3.8656708291194351E-02   2.7419235662579124E-02   8.1983514631111599E-04
      46   3.9069921259842523E+01       30   8.7210000000000010E-01   4.8190999838138800E-02   3.6652070213205108E-02   1.0958968993748329E-03
      46   3.9069921259842523E+01       31   9.0200000000000014E-01   5.0428872026824528E-02   4.1029131996512556E-02   1.2267710466957256E-03
      46   3.9069921259842523E+01       32   9.3190000000000006E-01   4.5381166672980200E-02   3.9410711924494579E-02   1.1783802865423883E-03
      46   3.9069921259842523E+01       33   9.6180000000000010E-01   3.1731468563749782E-02   2.9353488193666271E-02   8.7766929699062174E-04
      46   3.9069921259842523E+01       34   9.9170000000000014E-01   2.3768066769142913E-02   2.3375154242894873E-02   6.9891711186255683E-04
      46   3.9069921259842523E+01       35   1.0216000000000001E+00   1.7102437159231001E-02   1.7849241757590794E-02   5.3369232855196482E-04
      46   3.9069921259842523E+01       36   1.0515000000000001E+00   1.7315612480906462E-02   1.9145045899642315E-02   5.7243687239930531E-04
      46   3.9069921259842523E+01       37   1.0814000000000001E+00   2.0329236894585954E-02   2.3773537371518605E-02   7.1082876740840640E-04
      46   3.9069921259842523E+01       38   1.1113000000000002E+00   1.5308181294516766E-02   1.8905415455016474E-02   5.6527192210499273E-04
      46   3.9069921259842523E+01       39   1.1412000000000002E+00   1.2353891239543908E-02   1.6088935090946044E-02   4.8105915921928683E-04
      46   3.9069921259842523E+01       40   1.1711000000000000E+00   9.3395449903255923E-03   1.2808954426911240E-02   3.8298773736464617E-04
      46   3.9069921259842523E+01       41   1.2010000000000001E+00   8.7368482391284689E-03   1.2602038636967145E-02   3.7680095524531774E-04
      46   3.9069921259842523E+01       42   1.2309000000000001E+00   9.3105529325083810E-03   1.4106556637332381E-02   4.2178604345623829E-04
      46   3.9069921259842523E+01       43   1.2608000000000001E+00   8.8336308510524580E-03   1.4042086592450353E-02   4.1985838911426566E-04
      46   3.9069921259842523E+01       44   1.2907000000000002E+00   5.1520937491475799E-03   8.5829064137933880E-03   2.5662890177242237E-04
      46   3.9069921259842523E+01       45   1.3206000000000002E+00   4.7865624470086691E-03   8.3476900457464514E-03   2.4959593236781894E-04
      46   3.9069921259842523E+01       46   1.3505000000000000E+00   3.8454181230523376E-03   7.0134668050835366E-03   2.0970265747199780E-04
      46   3.9069921259842523E+01       47   1.3804000000000001E+00   3.7889161383604891E-03   7.2197954635370484E-03   2.1587188435975778E-04
      46   3.9069921259842523E+01       48   1.4103000000000001E+00   3.7327904841627591E-03   7.4243190382647277E-03   2.2198713924411541E-04
      46   3.9069921259842523E+01       49   1.4402000000000001E+00   3.4590916228461463E-03   7.1747649642721944E-03   2.1452547243173866E-04
      46   3.9069921259842523E+01       50   1.4701000000000002E+00   2.6304730920507354E-03   5.6849626900062292E-03   1.6998038443118629E-04
 
      47   3.9938141732283469E+01        1   5.0000000000000001E-03   1.4282045351461261E+02   3.5705113378653153E-03   1.0675828900217295E-04
      47   3.9938141732283469E+01        2   3.4900000000000000E-02   1.9332231603836210E+01   2.3546851415788543E-02   7.0405085733207763E-04
      47   3.9938141732283469E+01        3   6.4800000000000010E-02   9.3986176457007673E+00   3.9465171439003362E-02   1.1800086260262007E-03
      47   3.9938141732283469E+01        4   9.4700000000000006E-02   6.0766024617144536E+00   5.4495517770876786E-02   1.6294159813492162E-03
      47   3.9938141732283469E+01        5   1.2460000000000002E-01   5.0732536446052343E+00   7.8763074553079418E-02   2.3550159291370752E-03
      47   3.9938141732283469E+01        6   1.5450000000000003E-01   5.1161957966529092E+00   1.2212487271505415E-01   3.6515336941801198E-03
      47   3.9938141732283469E+01        7   1.8440000000000001E-01   5.2446477231912887E+00   1.7833564460485377E-01   5.3322357736851284E-03
      47   3.9938141732283469E+01        8   2.1430000000000002E-01   4.9185112869200838E+00   2.2588012241104855E-01   6.7538156600903529E-03
      47   3.9938141732283469E+01        9   2.4420000000000003E-01   4.1598745444560397E+00   2.4806846102925553E-01   7.4172469847747424E-03
      47   3.9938141732283469E+01       10   2.7410000000000001E-01   3.0864905251402419E+00   2.3189053321111175E-01   6.9335269430122427E-03
      47   3.9938141732283469E+01       11   3.0400000000000005E-01   1.9878783241134574E+00   1.8371176320126933E-01   5.4929817197179546E-03
      47   3.9938141732283469E+01       12   3.3390000000000003E-01   1.1907834661196821E+00   1.3275950791874513E-01   3.9695092867704802E-03
      47   3.9938141732283469E+01       13   3.6380000000000001E-01   1.1061282918779449E+00   1.4639656612649446E-01   4.3772573271821857E-03
      47   3.9938141732283469E+01       14   3.9370000000000005E-01   1.0291394172803090E+00   1.5951629064522860E-01   4.7695370902923360E-03
      47   3.9938141732283469E+01       15   4.2360000000000003E-01   6.8114444616608405E-01   1.2222248874092580E-01   3.6544524133536823E-03
      47   3.9938141732283469E+01       16   4.5350000000000007E-01   6.9027046791044866E-01   1.4196257753901573E-01   4.2446810684165712E-03
      47   3.9938141732283469E+01       17   4.8340000000000005E-01   9.7000834235724787E-01   2.2666724260500168E-01   6.7773505538895520E-03
      47   3.9938141732283469E+01       18   5.1330000000000009E-01   9.4887807726101048E-01   2.5000744478591080E-01   7.4752225990987343E-03
      47   3.9938141732283469E+01       19   5.4320000000000002E-01   8.3688654369422510E-01   2.4693696575445073E-01   7.3834152760580782E-03
      47   3.9938141732283469E+01       20   5.7310000000000005E-01   7.1521198234680172E-01   2.3490680539723988E-01   7.0237134813774735E-03
      47   3.9938141732283469E+01       21   6.0300000000000009E-01   7.3251312607779129E-01   2.6634836526001970E-01   7.9638161212745914E-03
      47   3.9938141732283469E+01       22   6.3290000000000002E-01   6.6950640333608169E-01   2.6817909843073295E-01   8.0185550430789173E-03
      47   3.9938141732283469E+01       23   6.6280000000000006E-01   6.3348481405727941E-01   2.7829231139704885E-01   8.3209401107717622E-03
      47   3.9938141732283469E+01       24   6.9270000000000009E-01   4.8087348447447831E-01   2.3073910612915291E-01   6.8990992732616734E-03
      47   3.9938141732283469E+01       25   7.2260000000000002E-01   3.0166328900819822E-01   1.5751371561973035E-01   4.7096600970299388E-03
      47   3.9938141732283469E+01       26   7.5250000000000006E-01   1.5945277444600717E-01   9.0291130109891871E-02   2.6997047902857676E-03
      47   3.9938141732283469E+01       27   7.8240000000000010E-01   8.6538667262349711E-02   5.2974624395367244E-02   1.5839412694214810E-03
      47   3.9938141732283469E+01       28   8.1230000000000013E-01   6.2669382668590803E-02   4.1351219609719922E-02   1.2364014663306258E-03
      47   3.9938141732283469E+01       29   8.4220000000000006E-01   3.7370181397922204E-02   2.6506701056498598E-02   7.9255036158930824E-04
      47   3.9938141732283469E+01       30   8.7210000000000010E-01   4.6900349545354415E-02   3.5670455278658982E-02   1.0665466128319037E-03
      47   3.9938141732283469E+01       31   9.0200000000000014E-01   5.0170503729950938E-02   4.0818922516703014E-02   1.2204857832494203E-03
      47   3.9938141732283469E+01       32   9.3190000000000006E-01   4.7407077336699514E-02   4.1170088939368493E-02   1.2309856592871181E-03
      47   3.9938141732283469E+01       33   9.6180000000000010E-01   3.5360330914945504E-02   3.2710400842328000E-02   9.7804098518560747E-04
      47   3.9938141732283469E+01       34   9.9170000000000014E-01   2.6866233969992121E-02   2.6422105300948451E-02   7.9002094849835885E-04
      47   3.9938141732283469E+01       35   1.0216000000000001E+00   1.8752031023191347E-02   1.9570867710987396E-02   5.8516894455852325E-04
      47   3.9938141732283469E+01       36   1.0515000000000001E+00   1.6460449959574096E-02   1.8199533533815510E-02   5.4416605266108383E-04
      47   3.9938141732283469E+01       37   1.0814000000000001E+00   1.8010587270469884E-02   2.1062048308933028E-02   6.2975524443709770E-04
      47   3.9938141732283469E+01       38   1.1113000000000002E+00   1.3361559421332984E-02   1.6501361404549764E-02   4.9339070599603802E-04
      47   3.9938141732283469E+01       39   1.1412000000000002E+00   1.1651503619929868E-02   1.5174189396530204E-02   4.5370826295625317E-04
      47   3.9938141732283469E+01       40   1.1711000000000000E+00   9.7134319445896719E-03   1.3321731116026829E-02   3.9831976036920229E-04
      47   3.9938141732283469E+01       41   1.2010000000000001E+00   9.6269008147166820E-03   1.3885851362048160E-02   4.1518695572524006E-04
      47   3.9938141732283469E+01       42   1.2309000000000001E+00   9.6577675309475024E-03   1.4632626617675696E-02   4.3751553586850341E-04
      47   3.9938141732283469E+01       43   1.2608000000000001E+00   8.2454253706443440E-03   1.3107065373054420E-02   3.9190125465432725E-04
      47   3.9938141732283469E+01       44   1.2907000000000002E+00   4.8709184472165582E-03   8.1144946534787883E-03   2.4262339013901582E-04
      47   3.9938141732283469E+01       45   1.3206000000000002E+00   4.3529422593226123E-03   7.5914632202417030E-03   2.2698475028522697E-04
      47   3.9938141732283469E+01       46   1.3505000000000000E+00   4.1726662564889154E-03   7.6103183950638727E-03   2.2754852001240984E-04
      47   3.9938141732283469E+01       47   1.3804000000000001E+00   4.4135350434644522E-03   8.4100093856272953E-03   2.5145928063025617E-04
      47   3.9938141732283469E+01       48   1.4103000000000001E+00   3.5788376468795027E-03   7.1181151445057888E-03   2.1283164282072313E-04
      47   3.9938141732283469E+01       49   1.4402000000000001E+00   3.1774042353287036E-03   6.5904957343133194E-03   1.9705582245596828E-04
      47   3.9938141732283469E+01       50   1.4701000000000002E+00   2.7024018128422164E-03   5.8404146105277407E-03   1.7462839685477948E-04
 
      48   4.0806362204724408E+01        1   5.0000000000000001E-03   1.3999475809349772E+02   3.4998689523374434E-03   1.0464608167488958E-04
      48   4.0806362204724408E+01        2   3.4900000000000000E-02   1.8941860629062475E+01   2.3071375664804387E-02   6.8983413237765133E-04
      48   4.0806362204724408E+01        3   6.4800000000000010E-02   9.2001660179915845E+00   3.8631865116187394E-02   1.1550927669740033E-03
      48   4.0806362204724408E+01        4   9.4700000000000006E-02   5.9607691455116836E+00   5.3456714166171884E-02   1.5983557535685397E-03
      48   4.0806362204724408E+01        5   1.2460000000000002E-01   5.0147047828766835E+00   7.7854094106925800E-02   2.3278374137970818E-03
      48   4.0806362204724408E+01        6   1.5450000000000003E-01   5.0862705700037418E+00   1.2141055007363187E-01   3.6301754472015937E-03
      48   4.0806362204724408E+01        7   1.8440000000000001E-01   5.2316674901050177E+00   1.7789427306633737E-01   5.3190387646834883E-03
      48   4.0806362204724408E+01        8   2.1430000000000002E-01   4.9338462491574431E+00   2.2658437273096854E-01   6.7748727446559605E-03
      48   4.0806362204724408E+01        9   2.4420000000000003E-01   4.1760122491140867E+00   2.4903081109925984E-01   7.4460212518678709E-03
      48   4.0806362204724408E+01       10   2.7410000000000001E-01   3.0994452729282931E+00   2.3286383390577375E-01   6.9626286337826368E-03
      48   4.0806362204724408E+01       11   3.0400000000000005E-01   1.9837160088668975E+00   1.8332709867544325E-01   5.4814802503957540E-03
      48   4.0806362204724408E+01       12   3.3390000000000003E-01   1.1861117814562514E+00   1.3223866548625013E-01   3.9539360980388799E-03
      48   4.0806362204724408E+01       13   3.6380000000000001E-01   1.1241383521663442E+00   1.4878020553009061E-01   4.4485281453497099E-03
      48   4.0806362204724408E+01       14   3.9370000000000005E-01   1.0435244546297717E+00   1.6174596697503374E-01   4.8362044125535098E-03
      48   4.0806362204724408E+01       15   4.2360000000000003E-01   6.9970119834807487E-01   1.2555225593993560E-01   3.7540124526040755E-03
      48   4.0806362204724408E+01       16   4.5350000000000007E-01   7.3512558270746409E-01   1.5118758137217822E-01   4.5205086830281301E-03
      48   4.0806362204724408E+01       17   4.8340000000000005E-01   1.0335332141821869E+00   2.4151145260262252E-01   7.2211924328184152E-03
      48   4.0806362204724408E+01       18   5.1330000000000009E-01   1.0042378268685548E+00   2.6459345944368534E-01   7.9113444373661926E-03
      48   4.0806362204724408E+01       19   5.4320000000000002E-01   8.7647179749767234E-01   2.5861723775367962E-01   7.7326554088350220E-03
      48   4.0806362204724408E+01       20   5.7310000000000005E-01   7.2683069984568904E-01   2.3872289891614459E-01   7.1378146775927251E-03
      48   4.0806362204724408E+01       21   6.0300000000000009E-01   7.2547953524513198E-01   2.6379088833094727E-01   7.8873475610953259E-03
      48   4.0806362204724408E+01       22   6.3290000000000002E-01   6.6722904522173465E-01   2.6726687437601704E-01   7.9912795438429104E-03
      48   4.0806362204724408E+01       23   6.6280000000000006E-01   6.3472387526438012E-01   2.7883663574332324E-01   8.3372154087253663E-03
      48   4.0806362204724408E+01       24   6.9270000000000009E-01   4.9150656775502044E-01   2.3584121346249945E-01   7.0516522825287350E-03
      48   4.0806362204724408E+01       25   7.2260000000000002E-01   3.1267023048547560E-01   1.6326099847736628E-01   4.8815038544732523E-03
      48   4.0806362204724408E+01       26   7.5250000000000006E-01   1.6432482510303764E-01   9.3049959244751984E-02   2.7821937814180848E-03
      48   4.0806362204724408E+01       27   7.8240000000000010E-01   8.7224167375210340E-02   5.3394253124934850E-02   1.5964881684355523E-03
      48   4.0806362204724408E+01       28   8.1230000000000013E-01   6.2500989939384605E-02   4.1240108817981173E-02   1.2330792536576374E-03
      48   4.0806362204724408E+01       29   8.4220000000000006E-01   3.7005595692692794E-02   2.6248100109527387E-02   7.8481819327486904E-04
      48   4.0806362204724408E+01       30   8.7210000000000010E-01   4.5703658325790986E-02   3.4760301707446858E-02   1.0393330210526613E-03
      48   4.0806362204724408E+01       31   9.0200000000000014E-01   5.2270216505560109E-02   4.2527257229789735E-02   1.2715649911707134E-03
      48   4.0806362204724408E+01       32   9.3190000000000006E-01   5.1248393608261118E-02   4.4506032461497563E-02   1.3307303705987774E-03
      48   4.0806362204724408E+01       33   9.6180000000000010E-01   4.0280919529330696E-02   3.7262236806303820E-02   1.1141408805084845E-03
      48   4.0806362204724408E+01       34   9.9170000000000014E-01   2.9730035152345825E-02   2.9238564670938539E-02   8.7423308366106254E-04
      48   4.0806362204724408E+01       35   1.0216000000000001E+00   1.9790267145822368E-02   2.0654440033561452E-02   6.1756775700348753E-04
      48   4.0806362204724408E+01       36   1.0515000000000001E+00   1.5241000675193732E-02   1.6851246688779471E-02   5.0385227599450627E-04
      48   4.0806362204724408E+01       37   1.0814000000000001E+00   1.5580039837439002E-02   1.8219703043735352E-02   5.4476912100768712E-04
      48   4.0806362204724408E+01       38   1.1113000000000002E+00   1.2023291928924311E-02   1.4848617525497883E-02   4.4397366401238681E-04
      48   4.0806362204724408E+01       39   1.1412000000000002E+00   1.1879776356617060E-02   1.5471477528049195E-02   4.6259717808867106E-04
      48   4.0806362204724408E+01       40   1.1711000000000000E+00   1.0610615883552804E-02   1.4552196647124918E-02   4.3511067974903511E-04
      48   4.0806362204724408E+01       41   1.2010000000000001E+00   1.0459688836738290E-02   1.5087065637800148E-02   4.5110326257022452E-04
      48   4.0806362204724408E+01       42   1.2309000000000001E+00   9.5028785924872097E-03   1.4397952093109328E-02   4.3049876758396901E-04
      48   4.0806362204724408E+01       43   1.2608000000000001E+00   7.4830775026754528E-03   1.1895224516662547E-02   3.5566721304821025E-04
      48   4.0806362204724408E+01       44   1.2907000000000002E+00   4.6012249137568116E-03   7.6652104457771647E-03   2.2918979232873727E-04
      48   4.0806362204724408E+01       45   1.3206000000000002E+00   4.5194452619461778E-03   7.8818418527102398E-03   2.3566707139603622E-04
      48   4.0806362204724408E+01       46   1.3505000000000000E+00   4.3564798976837493E-03   7.9455669505104805E-03   2.3757245182026341E-04
      48   4.0806362204724408E+01       47   1.3804000000000001E+00   4.9291725975044521E-03   9.3925588899027405E-03   2.8083751080809199E-04
      48   4.0806362204724408E+01       48   1.4103000000000001E+00   3.3516332652753496E-03   6.6662178780833399E-03   1.9931991455469190E-04
      48   4.0806362204724408E+01       49   1.4402000000000001E+00   3.0171283175691893E-03   6.2580552659075236E-03   1.8711585245063500E-04
      48   4.0806362204724408E+01       50   1.4701000000000002E+00   2.7441625906658709E-03   5.9306677534131632E-03   1.7732696582705362E-04
 
      49   4.1674582677165354E+01        1   5.0000000000000001E-03   1.3902050746067894E+02   3.4755126865169735E-03   1.0391782932685753E-04
      49   4.1674582677165354E+01        2   3.4900000000000000E-02   1.8819430480069887E+01   2.2922254519029923E-02   6.8537541011899487E-04
      49   4.1674582677165354E+01        3   6.4800000000000010E-02   9.1396441002848139E+00   3.8377731162859953E-02   1.1474941617695129E-03
      49   4.1674582677165354E+01        4   9.4700000000000006E-02   5.9238365935420125E+00   5.3125499716178193E-02   1.5884524415137283E-03
      49   4.1674582677165354E+01        5   1.2460000000000002E-01   4.9948154927143520E+00   7.7545309694869169E-02   2.3186047598765885E-03
      49   4.1674582677165354E+01        6   1.5450000000000003E-01   5.0759141986886265E+00   1.2116334090124724E-01   3.6227838929472930E-03
      49   4.1674582677165354E+01        7   1.8440000000000001E-01   5.2371808450772432E+00   1.7808174566026574E-01   5.3246441952419466E-03
      49   4.1674582677165354E+01        8   2.1430000000000002E-01   4.9490939053467509E+00   2.2728461356515783E-01   6.7958099455982203E-03
      49   4.1674582677165354E+01        9   2.4420000000000003E-01   4.1666652402543525E+00   2.4847341493784164E-01   7.4293551066414668E-03
      49   4.1674582677165354E+01       10   2.7410000000000001E-01   3.0829042318737785E+00   2.3162109209310480E-01   6.9254706535838350E-03
      49   4.1674582677165354E+01       11   3.0400000000000005E-01   1.9591506998769825E+00   1.8105687107983126E-01   5.4136004452869559E-03
      49   4.1674582677165354E+01       12   3.3390000000000003E-01   1.1822476256552954E+00   1.3180785380868465E-01   3.9410548288796718E-03
      49   4.1674582677165354E+01       13   3.6380000000000001E-01   1.1464916632852020E+00   1.5173867609212835E-01   4.5369864151546388E-03
      49   4.1674582677165354E+01       14   3.9370000000000005E-01   1.0466616297045679E+00   1.6223222813910287E-01   4.8507436213591770E-03
      49   4.1674582677165354E+01       15   4.2360000000000003E-01   7.0265667391390718E-01   1.2608257749082283E-01   3.7698690669756034E-03
      49   4.1674582677165354E+01       16   4.5350000000000007E-01   7.6112002575395077E-01   1.5653365701661551E-01   4.6803563447968049E-03
      49   4.1674582677165354E+01       17   4.8340000000000005E-01   1.0772505935201260E+00   2.5172713570114785E-01   7.5266413574643226E-03
      49   4.1674582677165354E+01       18   5.1330000000000009E-01   1.0380664522513758E+00   2.7350652045252610E-01   8.1778449615305324E-03
      49   4.1674582677165354E+01       19   5.4320000000000002E-01   8.9402307198339825E-01   2.6379602632339072E-01   7.8875011870693842E-03
      49   4.1674582677165354E+01       20   5.7310000000000005E-01   7.2490822103001218E-01   2.3809147303377515E-01   7.1189350437098784E-03
      49   4.1674582677165354E+01       21   6.0300000000000009E-01   7.1793870109967184E-01   2.6104897316815068E-01   7.8053642977277066E-03
      49   4.1674582677165354E+01       22   6.3290000000000002E-01   6.5655315048665397E-01   2.6299051225202680E-01   7.8634163163356034E-03
      49   4.1674582677165354E+01       23   6.6280000000000006E-01   6.2289862412757480E-01   2.7364175750996028E-01   8.1818885495478135E-03
      49   4.1674582677165354E+01       24   6.9270000000000009E-01   4.9337190917264806E-01   2.3673626637189296E-01   7.0784143645196010E-03
      49   4.1674582677165354E+01       25   7.2260000000000002E-01   3.2029983686496505E-01   1.6724480324691754E-01   5.0006196170828358E-03
      49   4.1674582677165354E+01       26   7.5250000000000006E-01   1.6570297629083777E-01   9.3830345968288723E-02   2.8055273444518333E-03
      49   4.1674582677165354E+01       27   7.8240000000000010E-01   8.4573252664759652E-02   5.1771496321151987E-02   1.5479677400024447E-03
      49   4.1674582677165354E+01       28   8.1230000000000013E-01   6.1251972938124358E-02   4.0415968318807699E-02   1.2084374527323504E-03
      49   4.1674582677165354E+01       29   8.4220000000000006E-01   3.6880165549511505E-02   2.6159132403607580E-02   7.8215805886786677E-04
      49   4.1674582677165354E+01       30   8.7210000000000010E-01   4.5731227412220174E-02   3.4781269607986595E-02   1.0399599612787994E-03
      49   4.1674582677165354E+01       31   9.0200000000000014E-01   5.6336112056434309E-02   4.5835286113563189E-02   1.3704750547955398E-03
      49   4.1674582677165354E+01       32   9.3190000000000006E-01   5.6439151229667993E-02   4.9013881604321435E-02   1.4655150599692112E-03
      49   4.1674582677165354E+01       33   9.6180000000000010E-01   4.4870145951458648E-02   4.1507543112545418E-02   1.2410755390651082E-03
      49   4.1674582677165354E+01       34   9.9170000000000014E-01   3.2079681715437396E-02   3.1549368968234522E-02   9.4332613215021240E-04
      49   4.1674582677165354E+01       35   1.0216000000000001E+00   1.9626238838484709E-02   2.0483249174299736E-02   6.1244915031156229E-04
      49   4.1674582677165354E+01       36   1.0515000000000001E+00   1.3603867837155333E-02   1.5041147082853430E-02   4.4973029777731763E-04
      49   4.1674582677165354E+01       37   1.0814000000000001E+00   1.4004397137331839E-02   1.6377105566545543E-02   4.8967545643971184E-04
      49   4.1674582677165354E+01       38   1.1113000000000002E+00   1.1638529985762801E-02   1.4373441262112938E-02   4.2976589373717696E-04
      49   4.1674582677165354E+01       39   1.1412000000000002E+00   1.3092741722161950E-02   1.7051167737021592E-02   5.0982991533694573E-04
      49   4.1674582677165354E+01       40   1.1711000000000000E+00   1.1655537933196774E-02   1.5985281334594013E-02   4.7795991190436107E-04
      49   4.1674582677165354E+01       41   1.2010000000000001E+00   1.0941831701036559E-02   1.5782508987406837E-02   4.7189701872346455E-04
      49   4.1674582677165354E+01       42   1.2309000000000001E+00   8.9178924101627234E-03   1.3511630864624140E-02   4.0399776285226184E-04
      49   4.1674582677165354E+01       43   1.2608000000000001E+00   6.7669496449331854E-03   1.0756855757627887E-02   3.2162998715307389E-04
      49   4.1674582677165354E+01       44   1.2907000000000002E+00   4.4666094175079664E-03   7.4409536169216433E-03   2.2248451314595718E-04
      49   4.1674582677165354E+01       45   1.3206000000000002E+00   5.0848870780338812E-03   8.8679635364571924E-03   2.6515210974007011E-04
      49   4.1674582677165354E+01       46   1.3505000000000000E+00   4.3615329215590049E-03   7.9547829093686209E-03   2.3784800899012180E-04
      49   4.1674582677165354E+01       47   1.3804000000000001E+00   5.0298682302012451E-03   9.5844348369003105E-03   2.8657460162331936E-04
      49   4.1674582677165354E+01       48   1.4103000000000001E+00   3.1671727610050942E-03   6.2993358793555871E-03   1.8835014279273209E-04
      49   4.1674582677165354E+01       49   1.4402000000000001E+00   3.0345535458636461E-03   6.2941982569274168E-03   1.8819652788212981E-04
      49   4.1674582677165354E+01       50   1.4701000000000002E+00   2.7352207225650555E-03   5.9113426416354713E-03   1.7674914498490063E-04
 
      50   4.2542803149606300E+01        1   5.0000000000000001E-03   1.4018730164779851E+02   3.5046825411949628E-03   1.0479000798172940E-04
      50   4.2542803149606300E+01        2   3.4900000000000000E-02   1.8997537770008030E+01   2.3139190979247482E-02   6.9186181027949985E-04
      50   4.2542803149606300E+01        3   6.4800000000000010E-02   9.2331080587365175E+00   3.8770190062956997E-02   1.1592286828824145E-03
      50   4.2542803149606300E+01        4   9.4700000000000006E-02   5.9759786313998484E+00   5.3593114204470674E-02   1.6024341147136735E-03
      50   4.2542803149606300E+01        5   1.2460000000000002E-01   5.0182093492890347E+00   7.7908503061208181E-02   2.3294642415301252E-03
      50   4.2542803149606300E+01        6   1.5450000000000003E-01   5.0842889961552888E+00   1.2136324941047583E-01   3.6287611573732280E-03
      50   4.2542803149606300E+01        7   1.8440000000000001E-01   5.2547511014058674E+00   1.7867919341150024E-01   5.3425078830038582E-03
      50   4.2542803149606300E+01        8   2.1430000000000002E-01   4.9663203506546072E+00   2.2807572928043401E-01   6.8194643054849784E-03
      50   4.2542803149606300E+01        9   2.4420000000000003E-01   4.1545689434405304E+00   2.4775206872831301E-01   7.4077868549765604E-03
      50   4.2542803149606300E+01       10   2.7410000000000001E-01   3.0571738355795066E+00   2.2968794657789518E-01   6.8676696026790671E-03
      50   4.2542803149606300E+01       11   3.0400000000000005E-01   1.9270603037811820E+00   1.7809120503424175E-01   5.3249270305238293E-03
      50   4.2542803149606300E+01       12   3.3390000000000003E-01   1.1822866973693738E+00   1.3181220988322059E-01   3.9411850755082965E-03
      50   4.2542803149606300E+01       13   3.6380000000000001E-01   1.1729393794179184E+00   1.5523904295928845E-01   4.6416473844827257E-03
      50   4.2542803149606300E+01       14   3.9370000000000005E-01   1.0464138998505932E+00   1.6219383008853305E-01   4.8495955196471395E-03
      50   4.2542803149606300E+01       15   4.2360000000000003E-01   6.9902431185532454E-01   1.2543079748541142E-01   3.7503808448138020E-03
      50   4.2542803149606300E+01       16   4.5350000000000007E-01   7.6592303832234465E-01   1.5752145538820969E-01   4.7098915161074709E-03
      50   4.2542803149606300E+01       17   4.8340000000000005E-01   1.0852946763380500E+00   2.5360684125831262E-01   7.5828445536235490E-03
      50   4.2542803149606300E+01       18   5.1330000000000009E-01   1.0309005951176557E+00   2.7161848270074918E-01   8.1213926327524024E-03
      50   4.2542803149606300E+01       19   5.4320000000000002E-01   8.7739061005132124E-01   2.5888834831914959E-01   7.7407616147425742E-03
      50   4.2542803149606300E+01       20   5.7310000000000005E-01   7.1050885980428335E-01   2.3336209485110276E-01   6.9775266360479742E-03
      50   4.2542803149606300E+01       21   6.0300000000000009E-01   7.1393685009415953E-01   2.5959386412588736E-01   7.7618565373640336E-03
      50   4.2542803149606300E+01       22   6.3290000000000002E-01   6.4394301355340344E-01   2.5793936541161400E-01   7.7123870258072602E-03
      50   4.2542803149606300E+01       23   6.6280000000000006E-01   6.0654623955125653E-01   2.6645809217242689E-01   7.9670969559555663E-03
      50   4.2542803149606300E+01       24   6.9270000000000009E-01   4.8339541138066516E-01   2.3194921061368806E-01   6.9352813973492747E-03
      50   4.2542803149606300E+01       25   7.2260000000000002E-01   3.1787366527409966E-01   1.6597797590685676E-01   4.9627414796150184E-03
      50   4.2542803149606300E+01       26   7.5250000000000006E-01   1.6293925593248743E-01   9.2265372042120597E-02   2.7587346240594062E-03
      50   4.2542803149606300E+01       27   7.8240000000000010E-01   8.1716284163528913E-02   5.0022603738796030E-02   1.4956758517900017E-03
      50   4.2542803149606300E+01       28   8.1230000000000013E-01   5.9244801080623861E-02   3.9091573522821450E-02   1.1688380483323617E-03
      50   4.2542803149606300E+01       29   8.4220000000000006E-01   3.6301841445682638E-02   2.5748926630969515E-02   7.6989290626598868E-04
      50   4.2542803149606300E+01       30   8.7210000000000010E-01   4.8071010306915476E-02   3.6560811166121254E-02   1.0931682538670258E-03
      50   4.2542803149606300E+01       31   9.0200000000000014E-01   6.1254578404790795E-02   4.9836970008451421E-02   1.4901254032526979E-03
      50   4.2542803149606300E+01       32   9.3190000000000006E-01   6.2058946890748576E-02   5.3894323516918627E-02   1.6114402731558673E-03
      50   4.2542803149606300E+01       33   9.6180000000000010E-01   4.7839109946920415E-02   4.4254010689774650E-02   1.3231949196242624E-03
      50   4.2542803149606300E+01       34   9.9170000000000014E-01   3.2971126443583978E-02   3.2426077125521188E-02   9.6953970605308379E-04
      50   4.2542803149606300E+01       35   1.0216000000000001E+00   1.8222661101688652E-02   1.9018382026045208E-02   5.6864962257875185E-04
      50   4.2542803149606300E+01       36   1.0515000000000001E+00   1.1780170869531684E-02   1.3024772427282165E-02   3.8944069557573683E-04
      50   4.2542803149606300E+01       37   1.0814000000000001E+00   1.3824217814633413E-02   1.6166399189126785E-02   4.8337533575489098E-04
      50   4.2542803149606300E+01       38   1.1113000000000002E+00   1.2455336223967158E-02   1.5382186911410528E-02   4.5992738865117489E-04
      50   4.2542803149606300E+01       39   1.1412000000000002E+00   1.5127492718555029E-02   1.9701100140701606E-02   5.8906289420697811E-04
      50   4.2542803149606300E+01       40   1.1711000000000000E+00   1.2471708786342548E-02   1.7104639426807993E-02   5.1142871886155912E-04
      50   4.2542803149606300E+01       41   1.2010000000000001E+00   1.0797299737602706E-02   1.5574035938817885E-02   4.6566367457065487E-04
      50   4.2542803149606300E+01       42   1.2309000000000001E+00   8.1037550249410707E-03   1.2278119254900138E-02   3.6711576572151419E-04
      50   4.2542803149606300E+01       43   1.2608000000000001E+00   6.2515339743173552E-03   9.9375424311002030E-03   2.9713251868989613E-04
      50   4.2542803149606300E+01       44   1.2907000000000002E+00   4.5563589555241563E-03   7.5904679547773154E-03   2.2695499184784178E-04
      50   4.2542803149606300E+01       45   1.3206000000000002E+00   5.7416923822289087E-03   1.0013421714538362E-02   2.9940130926469711E-04
      50   4.2542803149606300E+01       46   1.3505000000000000E+00   4.2673259631958145E-03   7.7829635248061772E-03   2.3271060939170475E-04
      50   4.2542803149606300E+01       47   1.3804000000000001E+00   4.6753028640587396E-03   8.9088090567238445E-03   2.6637339079604302E-04
      50   4.2542803149606300E+01       48   1.4103000000000001E+00   3.1197835088805524E-03   6.2050812116344559E-03   1.8553192822787028E-04
      50   4.2542803149606300E+01       49   1.4402000000000001E+00   3.1933912677299474E-03   6.6236556538706833E-03   1.9804730405073348E-04
      50   4.2542803149606300E+01       50   1.4701000000000002E+00   2.7450114647902136E-03   5.9325023350859365E-03   1.7738181981906954E-04
 
      51   4.3411023622047246E+01        1   5.0000000000000001E-03   1.4272044072534217E+02   3.5680110181335544E-03   1.0668352944219330E-04
      51   4.3411023622047246E+01        2   3.4900000000000000E-02   1.9353254884661311E+01   2.3572457982066326E-02   7.0481649366378328E-04
      51   4.3411023622047246E+01        3   6.4800000000000010E-02   9.4130738051108569E+00   3.9525873430612701E-02   1.1818236155753199E-03
      51   4.3411023622047246E+01        4   9.4700000000000006E-02   6.0780694496557475E+00   5.4508673850763224E-02   1.6298093481378207E-03
      51   4.3411023622047246E+01        5   1.2460000000000002E-01   5.0644432157274997E+00   7.8626291235083967E-02   2.3509261079290109E-03
      51   4.3411023622047246E+01        6   1.5450000000000003E-01   5.1007268142961628E+00   1.2175562423895303E-01   3.6404931647446965E-03
      51   4.3411023622047246E+01        7   1.8440000000000001E-01   5.2812623066539626E+00   1.7958066346758511E-01   5.3694618376807961E-03
      51   4.3411023622047246E+01        8   2.1430000000000002E-01   4.9983962459769735E+00   2.2954879841440709E-01   6.8635090725907731E-03
      51   4.3411023622047246E+01        9   2.4420000000000003E-01   4.1658712133204485E+00   2.4842606422151489E-01   7.4279393202232973E-03
      51   4.3411023622047246E+01       10   2.7410000000000001E-01   3.0414632953739296E+00   2.2850760096671260E-01   6.8323772689047081E-03
      51   4.3411023622047246E+01       11   3.0400000000000005E-01   1.8989231693354176E+00   1.7549088361730200E-01   5.2471774201573312E-03
      51   4.3411023622047246E+01       12   3.3390000000000003E-01   1.1905009639771678E+00   1.3272801197805292E-01   3.9685675581437830E-03
      51   4.3411023622047246E+01       13   3.6380000000000001E-01   1.2042814609095258E+00   1.5938718123521856E-01   4.7656767189330354E-03
      51   4.3411023622047246E+01       14   3.9370000000000005E-01   1.0536528335654174E+00   1.6331586257026134E-01   4.8831442908508155E-03
      51   4.3411023622047246E+01       15   4.2360000000000003E-01   6.9928403830466745E-01   1.2547740200991311E-01   3.7517743200964028E-03
      51   4.3411023622047246E+01       16   4.5350000000000007E-01   7.5329120606757960E-01   1.5492356434507212E-01   4.6322145739176573E-03
      51   4.3411023622047246E+01       17   4.8340000000000005E-01   1.0486634204227545E+00   2.4504701201880266E-01   7.3269056593622010E-03
      51   4.3411023622047246E+01       18   5.1330000000000009E-01   9.7448026442756530E-01   2.5675302943775263E-01   7.6769155801888053E-03
      51   4.3411023622047246E+01       19   5.4320000000000002E-01   8.2635797094823371E-01   2.4383033938172458E-01   7.2905271475135662E-03
      51   4.3411023622047246E+01       20   5.7310000000000005E-01   6.8529121500956203E-01   2.2507952055902677E-01   6.7298776647149016E-03
      51   4.3411023622047246E+01       21   6.0300000000000009E-01   7.0849657969565949E-01   2.5761573284655914E-01   7.7027104121121202E-03
      51   4.3411023622047246E+01       22   6.3290000000000002E-01   6.3377104217081748E-01   2.5386485604015430E-01   7.5905591956006149E-03
      51   4.3411023622047246E+01       23   6.6280000000000006E-01   5.9320011363031233E-01   2.6059508780623258E-01   7.7917931254063563E-03
      51   4.3411023622047246E+01       24   6.9270000000000009E-01   4.6312678322937861E-01   2.2222364808406964E-01   6.6444870777136837E-03
      51   4.3411023622047246E+01       25   7.2260000000000002E-01   3.0330842552618109E-01   1.5837272490289886E-01   4.7353444745966769E-03
      51   4.3411023622047246E+01       26   7.5250000000000006E-01   1.5556676434736352E-01   8.8090652603971781E-02   2.6339105128587569E-03
      51   4.3411023622047246E+01       27   7.8240000000000010E-01   7.9804298512759733E-02   4.8852182181554238E-02   1.4606802472284721E-03
      51   4.3411023622047246E+01       28   8.1230000000000013E-01   5.6828926172024730E-02   3.7497503665401846E-02   1.1211753595955153E-03
      51   4.3411023622047246E+01       29   8.4220000000000006E-01   3.6122483209046832E-02   2.5621707683062819E-02   7.6608905972357848E-04
      51   4.3411023622047246E+01       30   8.7210000000000010E-01   5.2265108900095357E-02   3.9750668123533381E-02   1.1885449768936484E-03
      51   4.3411023622047246E+01       31   9.0200000000000014E-01   6.5887980402993693E-02   5.3606724407797297E-02   1.6028410597931394E-03
      51   4.3411023622047246E+01       32   9.3190000000000006E-01   6.6956475940424948E-02   5.8147521939725152E-02   1.7386109059977825E-03
      51   4.3411023622047246E+01       33   9.6180000000000010E-01   4.8666133368710493E-02   4.5019056347797980E-02   1.3460697847991600E-03
      51   4.3411023622047246E+01       34   9.9170000000000014E-01   3.1349050229525201E-02   3.0830815631785403E-02   9.2184138739038373E-04
      51   4.3411023622047246E+01       35   1.0216000000000001E+00   1.6210531845111033E-02   1.6918390006557486E-02   5.0585986119606888E-04
      51   4.3411023622047246E+01       36   1.0515000000000001E+00   1.0580479077073010E-02   1.1698330497643699E-02   3.4978008187954666E-04
      51   4.3411023622047246E+01       37   1.0814000000000001E+00   1.5033668582291179E-02   1.7580762314167706E-02   5.2566479319361454E-04
      51   4.3411023622047246E+01       38   1.1113000000000002E+00   1.4538681419778796E-02   1.7955092582258539E-02   5.3685726820953039E-04
      51   4.3411023622047246E+01       39   1.1412000000000002E+00   1.7241185332850694E-02   2.2453841168950328E-02   6.7136985095161495E-04
      51   4.3411023622047246E+01       40   1.1711000000000000E+00   1.2814598932877919E-02   1.7574904762534520E-02   5.2548965239978228E-04
      51   4.3411023622047246E+01       41   1.2010000000000001E+00   9.9439255414544500E-03   1.4343128144919443E-02   4.2885953153309143E-04
      51   4.3411023622047246E+01       42   1.2309000000000001E+00   7.3017639858244171E-03   1.1063010754047206E-02   3.3078402154601154E-04
      51   4.3411023622047246E+01       43   1.2608000000000001E+00   6.2000645656354056E-03   9.8557258026084164E-03   2.9468620149799169E-04
      51   4.3411023622047246E+01       44   1.2907000000000002E+00   4.8414118502665927E-03   8.0653394221220278E-03   2.4115364872144868E-04
      51   4.3411023622047246E+01       45   1.3206000000000002E+00   6.2351613769206582E-03   1.0874023923425697E-02   3.2513331531042839E-04
      51   4.3411023622047246E+01       46   1.3505000000000000E+00   4.1391790201717269E-03   7.5492426907349591E-03   2.2572235645297532E-04
      51   4.3411023622047246E+01       47   1.3804000000000001E+00   4.0396206195109589E-03   7.6975138952999102E-03   2.3015566546946735E-04
      51   4.3411023622047246E+01       48   1.4103000000000001E+00   3.2282253755862660E-03   6.4207662384110856E-03   1.9198091052849151E-04
      51   4.3411023622047246E+01       49   1.4402000000000001E+00   3.3975414270381952E-03   7.0470990228700334E-03   2.1070826078381405E-04
      51   4.3411023622047246E+01       50   1.4701000000000002E+00   2.8049242231108886E-03   6.0619854294911568E-03   1.8125336434178562E-04
 
      52   4.4279244094488192E+01        1   5.0000000000000001E-03   1.4515025170279978E+02   3.6287562925699946E-03   1.0849981314784286E-04
      52   4.4279244094488192E+01        2   3.4900000000000000E-02   1.9678903874966661E+01   2.3969101708748143E-02   7.1667614109156960E-04
      52   4.4279244094488192E+01        3   6.4800000000000010E-02   9.5765387074285364E+00   4.0212269094040735E-02   1.2023468459118182E-03
      52   4.4279244094488192E+01        4   9.4700000000000006E-02   6.1749946192252869E+00   5.5377907494728110E-02   1.6557994340923709E-03
      52   4.4279244094488192E+01        5   1.2460000000000002E-01   5.1094617176797694E+00   7.9325210680853270E-02   2.3718237993575132E-03
      52   4.4279244094488192E+01        6   1.5450000000000003E-01   5.1205302283565786E+00   1.2222833668342867E-01   3.6546272668345182E-03
      52   4.4279244094488192E+01        7   1.8440000000000001E-01   5.3213090284484270E+00   1.8094238656558212E-01   5.4101773583109065E-03
      52   4.4279244094488192E+01        8   2.1430000000000002E-01   5.0530862658125884E+00   2.3206040968344757E-01   6.9386062495350835E-03
      52   4.4279244094488192E+01        9   2.4420000000000003E-01   4.2083244943492026E+00   2.5095770789920246E-01   7.5036354661861555E-03
      52   4.4279244094488192E+01       10   2.7410000000000001E-01   3.0434518755932691E+00   2.2865700460934155E-01   6.8368444378193137E-03
      52   4.4279244094488192E+01       11   3.0400000000000005E-01   1.8822098002477363E+00   1.7394630089969484E-01   5.2009943969008772E-03
      52   4.4279244094488192E+01       12   3.3390000000000003E-01   1.2091333245268985E+00   1.3480531913617755E-01   4.0306790421717094E-03
      52   4.4279244094488192E+01       13   3.6380000000000001E-01   1.2389560258180847E+00   1.6397637515767488E-01   4.9028936172144802E-03
      52   4.4279244094488192E+01       14   3.9370000000000005E-01   1.0702277210220001E+00   1.6588496498781655E-01   4.9599604531357158E-03
      52   4.4279244094488192E+01       15   4.2360000000000003E-01   7.0582202707880481E-01   1.2665055884005844E-01   3.7868517093177481E-03
      52   4.4279244094488192E+01       16   4.5350000000000007E-01   7.2622984366861709E-01   1.4935806366603610E-01   4.4658061036144800E-03
      52   4.4279244094488192E+01       17   4.8340000000000005E-01   9.6974632986947540E-01   2.2660601669019445E-01   6.7755198990368153E-03
      52   4.4279244094488192E+01       18   5.1330000000000009E-01   8.7848381555920052E-01   2.3146018363887183E-01   6.9206594908022695E-03
      52   4.4279244094488192E+01       19   5.4320000000000002E-01   7.5332555527642864E-01   2.2228093909132798E-01   6.6462000788307081E-03
      52   4.4279244094488192E+01       20   5.7310000000000005E-01   6.5037648344641696E-01   2.1361200008224646E-01   6.3869988024591708E-03
      52   4.4279244094488192E+01       21   6.0300000000000009E-01   6.9372470138233933E-01   2.5224454494493109E-01   7.5421118938534416E-03
      52   4.4279244094488192E+01       22   6.3290000000000002E-01   6.2510499967506294E-01   2.5039356517289246E-01   7.4867675986694865E-03
      52   4.4279244094488192E+01       23   6.6280000000000006E-01   5.8341413215993465E-01   2.5629606856812681E-01   7.6632524501869933E-03
      52   4.4279244094488192E+01       24   6.9270000000000009E-01   4.3935075130065010E-01   2.1081511646056278E-01   6.3033719821708285E-03
      52   4.4279244094488192E+01       25   7.2260000000000002E-01   2.8198692730313052E-01   1.4723968840139437E-01   4.4024666832016930E-03
      52   4.4279244094488192E+01       26   7.5250000000000006E-01   1.4409382022437173E-01   8.1594026288426907E-02   2.4396613860239650E-03
      52   4.4279244094488192E+01       27   7.8240000000000010E-01   7.6632638437901801E-02   4.6910651227928368E-02   1.4026284717150585E-03
      52   4.4279244094488192E+01       28   8.1230000000000013E-01   5.4982099367149012E-02   3.6278909552334128E-02   1.0847393956147906E-03
      52   4.4279244094488192E+01       29   8.4220000000000006E-01   3.7933577419001441E-02   2.6906318327502760E-02   8.0449891799233271E-04
      52   4.4279244094488192E+01       30   8.7210000000000010E-01   5.6577638800756044E-02   4.3030599007857329E-02   1.2866149103349343E-03
      52   4.4279244094488192E+01       31   9.0200000000000014E-01   6.9572146578636612E-02   5.6604176744965075E-02   1.6924648846744562E-03
      52   4.4279244094488192E+01       32   9.3190000000000006E-01   6.9893439218552789E-02   6.0698091309640261E-02   1.8148729301582442E-03
      52   4.4279244094488192E+01       33   9.6180000000000010E-01   4.7488663435964446E-02   4.3929826906689069E-02   1.3135018245100034E-03
      52   4.4279244094488192E+01       34   9.9170000000000014E-01   2.7438980812418409E-02   2.6985384002320437E-02   8.0686298166938119E-04
      52   4.4279244094488192E+01       35   1.0216000000000001E+00   1.4305364784730571E-02   1.4930030854424898E-02   4.4640792254730451E-04
      52   4.4279244094488192E+01       36   1.0515000000000001E+00   1.0916755757746336E-02   1.2070135566252693E-02   3.6089705343095562E-04
      52   4.4279244094488192E+01       37   1.0814000000000001E+00   1.7284624744460238E-02   2.0213088885030175E-02   6.0437135766240233E-04
      52   4.4279244094488192E+01       38   1.1113000000000002E+00   1.7308566241507430E-02   2.1375866239811248E-02   6.3913840057035643E-04
      52   4.4279244094488192E+01       39   1.1412000000000002E+00   1.8498726835490916E-02   2.4091584550192550E-02   7.2033837805075742E-04
      52   4.4279244094488192E+01       40   1.1711000000000000E+00   1.2557085806639003E-02   1.7221731893648246E-02   5.1492978362008268E-04
      52   4.4279244094488192E+01       41   1.2010000000000001E+00   8.6041546317730689E-03   1.2410641245024109E-02   3.7107817322622091E-04
      52   4.4279244094488192E+01       42   1.2309000000000001E+00   6.8292376489452328E-03   1.0347079102926504E-02   3.0937766517750255E-04
      52   4.4279244094488192E+01       43   1.2608000000000001E+00   6.8845958816725374E-03   1.0943868173182139E-02   3.2722165837814604E-04
      52   4.4279244094488192E+01       44   1.2907000000000002E+00   5.2192154631663899E-03   8.6947249127972467E-03   2.5997227489263776E-04
      52   4.4279244094488192E+01       45   1.3206000000000002E+00   6.3821943316987526E-03   1.1130447096963281E-02   3.3280036819920215E-04
      52   4.4279244094488192E+01       46   1.3505000000000000E+00   3.9858043634867111E-03   7.2695102847963287E-03   2.1735835751541028E-04
      52   4.4279244094488192E+01       47   1.3804000000000001E+00   3.4079910691283011E-03   6.4939411594668265E-03   1.9416884066805816E-04
      52   4.4279244094488192E+01       48   1.4103000000000001E+00   3.4340330135537150E-03   6.8301065352385790E-03   2.0422018540363355E-04
      52   4.4279244094488192E+01       49   1.4402000000000001E+00   3.6069760203897502E-03   7.4815032383469720E-03   2.2369694682657451E-04
      52   4.4279244094488192E+01       50   1.4701000000000002E+00   2.8612418305240519E-03   6.1836987052900179E-03   1.8489259128817156E-04
 
      53   4.5147464566929138E+01        1   5.0000000000000001E-03   1.4652072066789884E+02   3.6630180166974712E-03   1.0952423869925442E-04
      53   4.5147464566929138E+01        2   3.4900000000000000E-02   1.9852923247611766E+01   2.4181059044823608E-02   7.2301366544022603E-04
      53   4.5147464566929138E+01        3   6.4800000000000010E-02   9.6711396408598738E+00   4.0609502197556255E-02   1.2142241157069322E-03
      53   4.5147464566929138E+01        4   9.4700000000000006E-02   6.2451131979618530E+00   5.6006737219509724E-02   1.6746014428633410E-03
      53   4.5147464566929138E+01        5   1.2460000000000002E-01   5.1542165191469644E+00   8.0020036134399716E-02   2.3925990804185521E-03
      53   4.5147464566929138E+01        6   1.5450000000000003E-01   5.1564280191365857E+00   1.2308522592379513E-01   3.6802482551214753E-03
      53   4.5147464566929138E+01        7   1.8440000000000001E-01   5.3788242716227082E+00   1.8289809808472474E-01   5.4686531327332710E-03
      53   4.5147464566929138E+01        8   2.1430000000000002E-01   5.1196533441484346E+00   2.3511746880681136E-01   7.0300123173236617E-03
      53   4.5147464566929138E+01        9   2.4420000000000003E-01   4.2684765194446959E+00   2.5454479210901804E-01   7.6108892840596413E-03
      53   4.5147464566929138E+01       10   2.7410000000000001E-01   3.0618190279423865E+00   2.3003694364272415E-01   6.8781046149174532E-03
      53   4.5147464566929138E+01       11   3.0400000000000005E-01   1.8811943081511002E+00   1.7385245318209214E-01   5.1981883501445560E-03
      53   4.5147464566929138E+01       12   3.3390000000000003E-01   1.2348372642230301E+00   1.3767103106678691E-01   4.1163638288969299E-03
      53   4.5147464566929138E+01       13   3.6380000000000001E-01   1.2668524059186794E+00   1.6766847333839585E-01   5.0132873528180369E-03
      53   4.5147464566929138E+01       14   3.9370000000000005E-01   1.0839422714006706E+00   1.6801071604499987E-01   5.0235204097454971E-03
      53   4.5147464566929138E+01       15   4.2360000000000003E-01   7.1042957224431624E-01   1.2747732273762050E-01   3.8115719498548538E-03
      53   4.5147464566929138E+01       16   4.5350000000000007E-01   6.8368917617948122E-01   1.4060905427371856E-01   4.2042107227841857E-03
      53   4.5147464566929138E+01       17   4.8340000000000005E-01   8.6419392200022538E-01   2.0194099867199905E-01   6.0380358602927725E-03
      53   4.5147464566929138E+01       18   5.1330000000000009E-01   7.6959482548838321E-01   2.0277045117977199E-01   6.0628364902751836E-03
      53   4.5147464566929138E+01       19   5.4320000000000002E-01   6.7830969951122511E-01   2.0014629259030706E-01   5.9843741484501825E-03
      53   4.5147464566929138E+01       20   5.7310000000000005E-01   6.0745786679510860E-01   1.9951565469308463E-01   5.9655180753232315E-03
      53   4.5147464566929138E+01       21   6.0300000000000009E-01   6.6486554281876364E-01   2.4175109515878793E-01   7.2283577452477606E-03
      53   4.5147464566929138E+01       22   6.3290000000000002E-01   6.1161791985358815E-01   2.4499114797574015E-01   7.3252353244746323E-03
      53   4.5147464566929138E+01       23   6.6280000000000006E-01   5.7135469595860511E-01   2.5099831193664773E-01   7.5048495269057691E-03
      53   4.5147464566929138E+01       24   6.9270000000000009E-01   4.1996514937473428E-01   2.0151325930982025E-01   6.0252464533636267E-03
      53   4.5147464566929138E+01       25   7.2260000000000002E-01   2.6286322670363571E-01   1.3725423359935571E-01   4.1039015846207364E-03
      53   4.5147464566929138E+01       26   7.5250000000000006E-01   1.3081356840321837E-01   7.4074000693124933E-02   2.2148126207244359E-03
      53   4.5147464566929138E+01       27   7.8240000000000010E-01   6.9914112789281405E-02   4.2797907364571550E-02   1.2796574302006895E-03
      53   4.5147464566929138E+01       28   8.1230000000000013E-01   5.4653181346870784E-02   3.6061879150709700E-02   1.0782501866062203E-03
      53   4.5147464566929138E+01       29   8.4220000000000006E-01   4.1819332806507951E-02   2.9662487887895654E-02   8.8690838784808020E-04
      53   4.5147464566929138E+01       30   8.7210000000000010E-01   5.9853774205975513E-02   4.5522291342595757E-02   1.3611165111436134E-03
      53   4.5147464566929138E+01       31   9.0200000000000014E-01   7.1974687231567455E-02   5.8558893430352220E-02   1.7509109135675318E-03
      53   4.5147464566929138E+01       32   9.3190000000000006E-01   6.9820235688897725E-02   6.0634518611303048E-02   1.8129721064779616E-03
      53   4.5147464566929138E+01       33   9.6180000000000010E-01   4.4617942567877371E-02   4.1274240042204299E-02   1.2340997772619089E-03
      53   4.5147464566929138E+01       34   9.9170000000000014E-01   2.3101273497952910E-02   2.2719383804618173E-02   6.7930957575808358E-04
      53   4.5147464566929138E+01       35   1.0216000000000001E+00   1.2926793767916204E-02   1.3491262383590543E-02   4.0338874526935732E-04
      53   4.5147464566929138E+01       36   1.0515000000000001E+00   1.2963867204621045E-02   1.4333528943490470E-02   4.2857251541036516E-04
      53   4.5147464566929138E+01       37   1.0814000000000001E+00   2.0068441339266951E-02   2.3468556278875945E-02   7.0170983273839084E-04
      53   4.5147464566929138E+01       38   1.1113000000000002E+00   1.9590002428648150E-02   2.4193411846450574E-02   7.2338301420887233E-04
      53   4.5147464566929138E+01       39   1.1412000000000002E+00   1.8418734709091920E-02   2.3987407809077925E-02   7.1722349349143013E-04
      53   4.5147464566929138E+01       40   1.1711000000000000E+00   1.1659752703790483E-02   1.5991061787979120E-02   4.7813274746057578E-04
      53   4.5147464566929138E+01       41   1.2010000000000001E+00   7.4056996591636221E-03   1.0681988594077270E-02   3.1939145896291046E-04
      53   4.5147464566929138E+01       42   1.2309000000000001E+00   6.9863786743030220E-03   1.0585165797704677E-02   3.1649645735136992E-04
      53   4.5147464566929138E+01       43   1.2608000000000001E+00   8.2102192602472538E-03   1.3051101154137530E-02   3.9022792450871225E-04
      53   4.5147464566929138E+01       44   1.2907000000000002E+00   5.6203010994909392E-03   9.3628960773960938E-03   2.7995059271414328E-04
      53   4.5147464566929138E+01       45   1.3206000000000002E+00   6.0558081712747559E-03   1.0561234737863379E-02   3.1578091866211512E-04
      53   4.5147464566929138E+01       46   1.3505000000000000E+00   3.8176645885241432E-03   6.9628485141959053E-03   2.0818917057445762E-04
      53   4.5147464566929138E+01       47   1.3804000000000001E+00   3.0778716551090497E-03   5.8648972427563801E-03   1.7536042755841581E-04
      53   4.5147464566929138E+01       48   1.4103000000000001E+00   3.6222317069633260E-03   7.2044235906387338E-03   2.1541226536009818E-04
      53   4.5147464566929138E+01       49   1.4402000000000001E+00   3.7757369662233318E-03   7.8315431486827257E-03   2.3416314014561355E-04
      53   4.5147464566929138E+01       50   1.4701000000000002E+00   2.8448981987150741E-03   6.1483769461228091E-03   1.8383647068907202E-04
 
      54   4.6015685039370084E+01        1   5.0000000000000001E-03   1.4687224384608311E+02   3.6718060961520777E-03   1.0978700227494714E-04
      54   4.6015685039370084E+01        2   3.4900000000000000E-02   1.9891515425779254E+01   2.4228064703753389E-02   7.2441913464222653E-04
      54   4.6015685039370084E+01        3   6.4800000000000010E-02   9.7081390485751857E+00   4.0764864190529160E-02   1.2188694392968220E-03
      54   4.6015685039370084E+01        4   9.4700000000000006E-02   6.2965961642410875E+00   5.6468441094568861E-02   1.6884063887276093E-03
      54   4.6015685039370084E+01        5   1.2460000000000002E-01   5.2116055413176783E+00   8.0911009885843585E-02   2.4192391955867236E-03
      54   4.6015685039370084E+01        6   1.5450000000000003E-01   5.2206295927900062E+00   1.2461773353729569E-01   3.7260702327651420E-03
      54   4.6015685039370084E+01        7   1.8440000000000001E-01   5.4470850233675376E+00   1.8521919300017481E-01   5.5380538707052278E-03
      54   4.6015685039370084E+01        8   2.1430000000000002E-01   5.1770069904162170E+00   2.3775140576129969E-01   7.1087670322628619E-03
      54   4.6015685039370084E+01        9   2.4420000000000003E-01   4.3249467574609577E+00   2.5791231795359415E-01   7.7115783068124671E-03
      54   4.6015685039370084E+01       10   2.7410000000000001E-01   3.0898204536457099E+00   2.3214071343696965E-01   6.9410073317653937E-03
      54   4.6015685039370084E+01       11   3.0400000000000005E-01   1.8948752562793860E+00   1.7511679168431579E-01   5.2359920713610430E-03
      54   4.6015685039370084E+01       12   3.3390000000000003E-01   1.2580699597772378E+00   1.4026122594029605E-01   4.1938106556148533E-03
      54   4.6015685039370084E+01       13   3.6380000000000001E-01   1.2720318479289703E+00   1.6835397476741232E-01   5.0337838455456292E-03
      54   4.6015685039370084E+01       14   3.9370000000000005E-01   1.0768299060703426E+00   1.6690830162363227E-01   4.9905582185466061E-03
      54   4.6015685039370084E+01       15   4.2360000000000003E-01   6.9832144677128560E-01   1.2530467751144134E-01   3.7466098575920969E-03
      54   4.6015685039370084E+01       16   4.5350000000000007E-01   6.2561654767649111E-01   1.2866570683237949E-01   3.8471046342881477E-03
      54   4.6015685039370084E+01       17   4.8340000000000005E-01   7.5823914391557112E-01   1.7718195656839172E-01   5.2977405013949139E-03
      54   4.6015685039370084E+01       18   5.1330000000000009E-01   6.8036115625763016E-01   1.7925944152756448E-01   5.3598573016741795E-03
      54   4.6015685039370084E+01       19   5.4320000000000002E-01   6.1985683202220987E-01   1.8289882476310509E-01   5.4686748604168434E-03
      54   4.6015685039370084E+01       20   5.7310000000000005E-01   5.6033717021497642E-01   1.8403916300259135E-01   5.5027709737774828E-03
      54   4.6015685039370084E+01       21   6.0300000000000009E-01   6.2304882658354943E-01   2.2654616078521791E-01   6.7737302074780169E-03
      54   4.6015685039370084E+01       22   6.3290000000000002E-01   5.8609327958154933E-01   2.3476693655398923E-01   7.0195314029642790E-03
      54   4.6015685039370084E+01       23   6.6280000000000006E-01   5.5116103258544191E-01   2.4212715807314980E-01   7.2396020263871810E-03
      54   4.6015685039370084E+01       24   6.9270000000000009E-01   4.0807157265240218E-01   1.9580632526127623E-01   5.8546091253121602E-03
      54   4.6015685039370084E+01       25   7.2260000000000002E-01   2.5146973230830827E-01   1.3130511184177973E-01   3.9260228440692151E-03
      54   4.6015685039370084E+01       26   7.5250000000000006E-01   1.1946736591560114E-01   6.7649142620746130E-02   2.0227093643603099E-03
      54   4.6015685039370084E+01       27   7.8240000000000010E-01   6.1442481000736730E-02   3.7611999998405553E-02   1.1245987999523263E-03
      54   4.6015685039370084E+01       28   8.1230000000000013E-01   5.5584133143821449E-02   3.6676150275819469E-02   1.0966168932470023E-03
      54   4.6015685039370084E+01       29   8.4220000000000006E-01   4.5731814300001623E-02   3.2437614297715169E-02   9.6988466750168377E-04
      54   4.6015685039370084E+01       30   8.7210000000000010E-01   6.2244833082457839E-02   4.7340831279909540E-02   1.4154908552692956E-03
      54   4.6015685039370084E+01       31   9.0200000000000014E-01   7.2458786456551599E-02   5.8952758496196224E-02   1.7626874790362674E-03
      54   4.6015685039370084E+01       32   9.3190000000000006E-01   6.6311887145049098E-02   5.7587736786836166E-02   1.7218733299264018E-03
      54   4.6015685039370084E+01       33   9.6180000000000010E-01   4.0422465199578858E-02   3.7393174936448871E-02   1.1180559305998216E-03
      54   4.6015685039370084E+01       34   9.9170000000000014E-01   2.0036164755676593E-02   1.9704944712122384E-02   5.8917784689245945E-04
      54   4.6015685039370084E+01       35   1.0216000000000001E+00   1.2335221528666040E-02   1.2873858219660830E-02   3.8492836076785888E-04
      54   4.6015685039370084E+01       36   1.0515000000000001E+00   1.5839114050700792E-02   1.7512552088163946E-02   5.2362530743610208E-04
      54   4.6015685039370084E+01       37   1.0814000000000001E+00   2.2583622878326486E-02   2.6409874864764919E-02   7.8965525845647129E-04
      54   4.6015685039370084E+01       38   1.1113000000000002E+00   2.0331823397737266E-02   2.5109551611459502E-02   7.5077559318263926E-04
      54   4.6015685039370084E+01       39   1.1412000000000002E+00   1.7132998253198875E-02   2.2312945084595505E-02   6.6715705802940575E-04
      54   4.6015685039370084E+01       40   1.1711000000000000E+00   1.0384432987139623E-02   1.4241992411768241E-02   4.2583557311187052E-04
      54   4.6015685039370084E+01       41   1.2010000000000001E+00   6.9911425966179309E-03   1.0084031072504301E-02   3.0151252906787868E-04
      54   4.6015685039370084E+01       42   1.2309000000000001E+00   7.9089233338036150E-03   1.1982926874200432E-02   3.5828951353859302E-04
      54   4.6015685039370084E+01       43   1.2608000000000001E+00   9.5882862816897216E-03   1.5241699422457714E-02   4.5572681273148573E-04
      54   4.6015685039370084E+01       44   1.2907000000000002E+00   5.9338339112690527E-03   9.8852124233652014E-03   2.9556785145861959E-04
      54   4.6015685039370084E+01       45   1.3206000000000002E+00   5.2980962311269357E-03   9.2397969648603251E-03   2.7626992924932380E-04
      54   4.6015685039370084E+01       46   1.3505000000000000E+00   3.6792347227162770E-03   6.7103731688347625E-03   2.0064015774815945E-04
      54   4.6015685039370084E+01       47   1.3804000000000001E+00   3.2265345771545053E-03   6.1481750591517517E-03   1.8383043426863741E-04
      54   4.6015685039370084E+01       48   1.4103000000000001E+00   3.7077780774750703E-03   7.3745707097817590E-03   2.2049966422247463E-04
      54   4.6015685039370084E+01       49   1.4402000000000001E+00   3.8170800183724794E-03   7.9172959168709572E-03   2.3672714791444168E-04
      54   4.6015685039370084E+01       50   1.4701000000000002E+00   2.7822773356454443E-03   6.0130411119556949E-03   1.7978992924747532E-04
 
      55   4.6883905511811022E+01        1   5.0000000000000001E-03   1.4655832286682653E+02   3.6639580716706635E-03   1.0955234634295286E-04
      55   4.6883905511811022E+01        2   3.4900000000000000E-02   1.9845747897916631E+01   2.4172319397141435E-02   7.2275234997452907E-04
      55   4.6883905511811022E+01        3   6.4800000000000010E-02   9.7057417505147896E+00   4.0754797840081632E-02   1.2185684554184410E-03
      55   4.6883905511811022E+01        4   9.4700000000000006E-02   6.3288941571466513E+00   5.6758092401765319E-02   1.6970669628127834E-03
      55   4.6883905511811022E+01        5   1.2460000000000002E-01   5.2747652615005407E+00   8.1891574647237758E-02   2.4485580819524097E-03
      55   4.6883905511811022E+01        6   1.5450000000000003E-01   5.3030899414273227E+00   1.2658608267435559E-01   3.7849238719632329E-03
      55   4.6883905511811022E+01        7   1.8440000000000001E-01   5.5116776955399001E+00   1.8741556088541364E-01   5.6037252704738694E-03
      55   4.6883905511811022E+01        8   2.1430000000000002E-01   5.2106519869796895E+00   2.3929653506952892E-01   7.1549663985789160E-03
      55   4.6883905511811022E+01        9   2.4420000000000003E-01   4.3564224828575240E+00   2.5978933003063182E-01   7.7677009679158930E-03
      55   4.6883905511811022E+01       10   2.7410000000000001E-01   3.1115199846883717E+00   2.3377101678082499E-01   6.9897534017466685E-03
      55   4.6883905511811022E+01       11   3.0400000000000005E-01   1.9142612315806995E+00   1.7690836597776197E-01   5.2895601427350837E-03
      55   4.6883905511811022E+01       12   3.3390000000000003E-01   1.2688094331575532E+00   1.4145856134328344E-01   4.2296109841641755E-03
      55   4.6883905511811022E+01       13   3.6380000000000001E-01   1.2447027659484386E+00   1.6473695874249289E-01   4.9256350664005381E-03
      55   4.6883905511811022E+01       14   3.9370000000000005E-01   1.0364191500536564E+00   1.6064464696838027E-01   4.8032749443545708E-03
      55   4.6883905511811022E+01       15   4.2360000000000003E-01   6.5716019697851225E-01   1.1791882797882544E-01   3.5257729565668816E-03
      55   4.6883905511811022E+01       16   4.5350000000000007E-01   5.5931254282171461E-01   1.1502947600993521E-01   3.4393813326970635E-03
      55   4.6883905511811022E+01       17   4.8340000000000005E-01   6.7946718556205943E-01   1.5877487508783819E-01   4.7473687651263625E-03
      55   4.6883905511811022E+01       18   5.1330000000000009E-01   6.3314668357745485E-01   1.6681951910280193E-01   4.9879036211737792E-03
      55   4.6883905511811022E+01       19   5.4320000000000002E-01   5.8782849543612792E-01   1.7344834391319544E-01   5.1861054830045451E-03
      55   4.6883905511811022E+01       20   5.7310000000000005E-01   5.1522792915455362E-01   1.6922332102434587E-01   5.0597772986279424E-03
      55   4.6883905511811022E+01       21   6.0300000000000009E-01   5.7463639782297538E-01   2.0894296597601433E-01   6.2473946826828303E-03
      55   4.6883905511811022E+01       22   6.3290000000000002E-01   5.4796908194495286E-01   2.1949581606935784E-01   6.5629249004738009E-03
      55   4.6883905511811022E+01       23   6.6280000000000006E-01   5.2358740910932733E-01   2.3001395939737851E-01   6.8774173859816193E-03
      55   4.6883905511811022E+01       24   6.9270000000000009E-01   3.9999534902923206E-01   1.9193108430939479E-01   5.7387394208509059E-03
      55   4.6883905511811022E+01       25   7.2260000000000002E-01   2.4671596088714370E-01   1.2882292648135238E-01   3.8518055017924368E-03
      55   4.6883905511811022E+01       26   7.5250000000000006E-01   1.1391067140039106E-01   6.4502629622167698E-02   1.9286286257028146E-03
      55   4.6883905511811022E+01       27   7.8240000000000010E-01   5.6483448221329474E-02   3.4576329272659273E-02   1.0338322452525125E-03
      55   4.6883905511811022E+01       28   8.1230000000000013E-01   5.6347316662971311E-02   3.7179722641766867E-02   1.1116737069888295E-03
      55   4.6883905511811022E+01       29   8.4220000000000006E-01   4.7555768350780056E-02   3.3731346438053714E-02   1.0085672584978062E-03
      55   4.6883905511811022E+01       30   8.7210000000000010E-01   6.3869432239490528E-02   4.8576433831669666E-02   1.4524353715669232E-03
      55   4.6883905511811022E+01       31   9.0200000000000014E-01   6.9957910420214653E-02   5.6918035749528341E-02   1.7018492689108977E-03
      55   4.6883905511811022E+01       32   9.3190000000000006E-01   5.9892046729047389E-02   5.2012505919382238E-02   1.5551739269895292E-03
      55   4.6883905511811022E+01       33   9.6180000000000010E-01   3.5535286686927257E-02   3.2872245295791053E-02   9.8288013434415277E-04
      55   4.6883905511811022E+01       34   9.9170000000000014E-01   1.8517483107789588E-02   1.8211368557611581E-02   5.4451991987258634E-04
      55   4.6883905511811022E+01       35   1.0216000000000001E+00   1.2834854897697897E-02   1.3395308859179517E-02   4.0051973488946764E-04
      55   4.6883905511811022E+01       36   1.0515000000000001E+00   1.8185108890135381E-02   2.0106406560873188E-02   6.0118155617010845E-04
      55   4.6883905511811022E+01       37   1.0814000000000001E+00   2.3890893915763614E-02   2.7938631552700030E-02   8.3536508342573108E-04
      55   4.6883905511811022E+01       38   1.1113000000000002E+00   1.9268567429823760E-02   2.3796443579767290E-02   7.1151366303504212E-04
      55   4.6883905511811022E+01       39   1.1412000000000002E+00   1.5052444933015165E-02   1.9603362599803949E-02   5.8614054173413820E-04
      55   4.6883905511811022E+01       40   1.1711000000000000E+00   9.4264317593648755E-03   1.2928117476725613E-02   3.8655071255409590E-04
      55   4.6883905511811022E+01       41   1.2010000000000001E+00   7.4945752875905519E-03   1.0810182889395902E-02   3.2322446839293755E-04
      55   4.6883905511811022E+01       42   1.2309000000000001E+00   9.3688613454929008E-03   1.4194900577392823E-02   4.2442752726404547E-04
      55   4.6883905511811022E+01       43   1.2608000000000001E+00   1.0302268947081325E-02   1.6376658148035760E-02   4.8966207862626932E-04
      55   4.6883905511811022E+01       44   1.2907000000000002E+00   5.9338615278777852E-03   9.8852584300529213E-03   2.9556922705858241E-04
      55   4.6883905511811022E+01       45   1.3206000000000002E+00   4.4376589927462894E-03   7.7392078783628856E-03   2.3140231556305032E-04
      55   4.6883905511811022E+01       46   1.3505000000000000E+00   3.6654388524625971E-03   6.6852115674236210E-03   1.9988782586596632E-04
      55   4.6883905511811022E+01       47   1.3804000000000001E+00   3.8454260512544177E-03   7.3274753376376669E-03   2.1909151259536628E-04
      55   4.6883905511811022E+01       48   1.4103000000000001E+00   3.6912761519667806E-03   7.3417492695645745E-03   2.1951830315998082E-04
      55   4.6883905511811022E+01       49   1.4402000000000001E+00   3.6886643792830537E-03   7.6509392751103831E-03   2.2876308432580051E-04
      55   4.6883905511811022E+01       50   1.4701000000000002E+00   2.7556629194821210E-03   5.9555221951638733E-03   1.7807011363539984E-04
 
      56   4.7752125984251968E+01        1   5.0000000000000001E-03   1.4588557287659842E+02   3.6471393219149606E-03   1.0904946572525734E-04
      56   4.7752125984251968E+01        2   3.4900000000000000E-02   1.9759052591066009E+01   2.4066723646444309E-02   7.1959503702868498E-04
      56   4.7752125984251968E+01        3   6.4800000000000010E-02   9.6785154158697164E+00   4.0640473371853586E-02   1.2151501538184225E-03
      56   4.7752125984251968E+01        4   9.4700000000000006E-02   6.3371424220857087E+00   5.6832063584082632E-02   1.6992787011640711E-03
      56   4.7752125984251968E+01        5   1.2460000000000002E-01   5.3230078836122923E+00   8.2640549074342234E-02   2.4709524173228332E-03
      56   4.7752125984251968E+01        6   1.5450000000000003E-01   5.3752974778014702E+00   1.2830969461949060E-01   3.8364598691227698E-03
      56   4.7752125984251968E+01        7   1.8440000000000001E-01   5.5541363920123175E+00   1.8885929922669598E-01   5.6468930468782106E-03
      56   4.7752125984251968E+01        8   2.1430000000000002E-01   5.2115377148024207E+00   2.3933721166806665E-01   7.1561826288751946E-03
      56   4.7752125984251968E+01        9   2.4420000000000003E-01   4.3442753863164691E+00   2.5906495444845734E-01   7.7460421380088759E-03
      56   4.7752125984251968E+01       10   2.7410000000000001E-01   3.1068235077908293E+00   2.3341816666736634E-01   6.9792031833542552E-03
      56   4.7752125984251968E+01       11   3.0400000000000005E-01   1.9260018716680078E+00   1.7799338897207068E-01   5.3220023302649145E-03
      56   4.7752125984251968E+01       12   3.3390000000000003E-01   1.2615222404876891E+00   1.4064611798940249E-01   4.2053189278831353E-03
      56   4.7752125984251968E+01       13   3.6380000000000001E-01   1.1862089868978833E+00   1.5699528134788912E-01   4.6941589123018854E-03
      56   4.7752125984251968E+01       14   3.9370000000000005E-01   9.6281560092131768E-01   1.4923611966996800E-01   4.4621599781320444E-03
      56   4.7752125984251968E+01       15   4.2360000000000003E-01   5.8881279097703410E-01   1.0565477722203445E-01   3.1590778389388309E-03
      56   4.7752125984251968E+01       16   4.5350000000000007E-01   4.9918317291953201E-01   1.0266313450477006E-01   3.0696277216926255E-03
      56   4.7752125984251968E+01       17   4.8340000000000005E-01   6.4439559676900537E-01   1.5057950193653155E-01   4.5023271079022943E-03
      56   4.7752125984251968E+01       18   5.1330000000000009E-01   6.3141728863770674E-01   1.6636386350249535E-01   4.9742795187246117E-03
      56   4.7752125984251968E+01       19   5.4320000000000002E-01   5.8175223368058315E-01   1.7165544420373105E-01   5.1324977816915593E-03
      56   4.7752125984251968E+01       20   5.7310000000000005E-01   4.7866889537187857E-01   1.5721573999065211E-01   4.7007506257204989E-03
      56   4.7752125984251968E+01       21   6.0300000000000009E-01   5.2863931427413946E-01   1.9221801242390565E-01   5.7473185714747802E-03
      56   4.7752125984251968E+01       22   6.3290000000000002E-01   5.0710035410040899E-01   2.0312533995031323E-01   6.0734476645143672E-03
      56   4.7752125984251968E+01       23   6.6280000000000006E-01   4.9550389259002897E-01   2.1767676274974729E-01   6.5085352062174452E-03
      56   4.7752125984251968E+01       24   6.9270000000000009E-01   3.8952720652922540E-01   1.8690812105342774E-01   5.5885528194974908E-03
      56   4.7752125984251968E+01       25   7.2260000000000002E-01   2.4426113867207586E-01   1.2754113919608981E-01   3.8134800619630863E-03
      56   4.7752125984251968E+01       26   7.5250000000000006E-01   1.1551898330507671E-01   6.5413346290145349E-02   1.9558590540753465E-03
      56   4.7752125984251968E+01       27   7.8240000000000010E-01   5.8663471906117856E-02   3.5910830248096791E-02   1.0737338244180942E-03
      56   4.7752125984251968E+01       28   8.1230000000000013E-01   5.6121278851854715E-02   3.7030575821269028E-02   1.1072142170559442E-03
      56   4.7752125984251968E+01       29   8.4220000000000006E-01   4.7306369202029193E-02   3.3554447412349440E-02   1.0032779776292485E-03
      56   4.7752125984251968E+01       30   8.7210000000000010E-01   6.3566811547836749E-02   4.8346273119592366E-02   1.4455535662758121E-03
      56   4.7752125984251968E+01       31   9.0200000000000014E-01   6.4050811617360009E-02   5.2111996535130586E-02   1.5581486964004049E-03
      56   4.7752125984251968E+01       32   9.3190000000000006E-01   5.2070227412969038E-02   4.5219743846675320E-02   1.3520703410155924E-03
      56   4.7752125984251968E+01       33   9.6180000000000010E-01   3.0732110330668631E-02   2.8429022626084478E-02   8.5002777651992610E-04
      56   4.7752125984251968E+01       34   9.9170000000000014E-01   1.8147949699473632E-02   1.7847943946717171E-02   5.3365352400684359E-04
      56   4.7752125984251968E+01       35   1.0216000000000001E+00   1.4501137973660629E-02   1.5134352785055760E-02   4.5251714827316734E-04
      56   4.7752125984251968E+01       36   1.0515000000000001E+00   1.9242190189577901E-02   2.1275170878034735E-02   6.3612760925323868E-04
      56   4.7752125984251968E+01       37   1.0814000000000001E+00   2.3477338358724259E-02   2.7455008948395948E-02   8.2090476755703899E-04
      56   4.7752125984251968E+01       38   1.1113000000000002E+00   1.7103800493051508E-02   2.1122983061134547E-02   6.3157719352792310E-04
      56   4.7752125984251968E+01       39   1.1412000000000002E+00   1.2758888802674605E-02   1.6616378580519918E-02   4.9682971955754566E-04
      56   4.7752125984251968E+01       40   1.1711000000000000E+00   9.2896442437833994E-03   1.2740516790068129E-02   3.8094145202303715E-04
      56   4.7752125984251968E+01       41   1.2010000000000001E+00   8.7069895389446129E-03   1.2558970417963252E-02   3.7551321549710129E-04
      56   4.7752125984251968E+01       42   1.2309000000000001E+00   1.0740948854654139E-02   1.6273770683139028E-02   4.8658574342585705E-04
      56   4.7752125984251968E+01       43   1.2608000000000001E+00   1.0077289616060170E-02   1.6019027259788463E-02   4.7896891506767514E-04
      56   4.7752125984251968E+01       44   1.2907000000000002E+00   5.5071289105447568E-03   9.1743617933431418E-03   2.7431341762095999E-04
      56   4.7752125984251968E+01       45   1.3206000000000002E+00   3.9678549306666287E-03   6.9198769418314871E-03   2.0690432056076150E-04
      56   4.7752125984251968E+01       46   1.3505000000000000E+00   3.8742524861649602E-03   7.0660563654550840E-03   2.1127508532710706E-04
      56   4.7752125984251968E+01       47   1.3804000000000001E+00   4.6614677806717936E-03   8.8824462477760709E-03   2.6558514280850459E-04
      56   4.7752125984251968E+01       48   1.4103000000000001E+00   3.5859075237324053E-03   7.1321767484291507E-03   2.1325208477803167E-04
      56   4.7752125984251968E+01       49   1.4402000000000001E+00   3.3755185726201068E-03   7.0014197459036262E-03   2.0934245040251848E-04
      56   4.7752125984251968E+01       50   1.4701000000000002E+00   2.7567822182622981E-03   5.9579412169829928E-03   1.7814244238779152E-04
 
      57   4.8620346456692907E+01        1   5.0000000000000001E-03   1.4524434330137080E+02   3.6311085825342705E-03   1.0857014661777471E-04
      57   4.8620346456692907E+01        2   3.4900000000000000E-02   1.9688843438749007E+01   2.3981208196830681E-02   7.1703812508523755E-04
      57   4.8620346456692907E+01        3   6.4800000000000010E-02   9.6556397231304896E+00   4.0544417423013859E-02   1.2122780809481148E-03
      57   4.8620346456692907E+01        4   9.4700000000000006E-02   6.3323533809982360E+00   5.6789115032596482E-02   1.6979945394746351E-03
      57   4.8620346456692907E+01        5   1.2460000000000002E-01   5.3413116562027945E+00   8.2924718072413403E-02   2.4794490703651611E-03
      57   4.8620346456692907E+01        6   1.5450000000000003E-01   5.4025951377303079E+00   1.2896129658640693E-01   3.8559427679335681E-03
      57   4.8620346456692907E+01        7   1.8440000000000001E-01   5.5472359050017461E+00   1.8862465948270019E-01   5.6398773185327364E-03
      57   4.8620346456692907E+01        8   2.1430000000000002E-01   5.1648956984514633E+00   2.3719520085457726E-01   7.0921365055518614E-03
      57   4.8620346456692907E+01        9   2.4420000000000003E-01   4.2776136719201414E+00   2.5508967377036390E-01   7.6271812457338823E-03
      57   4.8620346456692907E+01       10   2.7410000000000001E-01   3.0615829980239320E+00   2.3001921052376642E-01   6.8775743946606176E-03
      57   4.8620346456692907E+01       11   3.0400000000000005E-01   1.9151514210804716E+00   1.7699063373057292E-01   5.2920199485441315E-03
      57   4.8620346456692907E+01       12   3.3390000000000003E-01   1.2323600402433879E+00   1.3739484732230353E-01   4.1081059349368761E-03
      57   4.8620346456692907E+01       13   3.6380000000000001E-01   1.1054105274772164E+00   1.4630156969224170E-01   4.3744169337980275E-03
      57   4.8620346456692907E+01       14   3.9370000000000005E-01   8.7111432602618843E-01   1.3502245048861819E-01   4.0371712696096844E-03
      57   4.8620346456692907E+01       15   4.2360000000000003E-01   5.1270644407363097E-01   9.1998485696982379E-02   2.7507547223397737E-03
      57   4.8620346456692907E+01       16   4.5350000000000007E-01   4.5937725300521376E-01   9.4476559451871556E-02   2.8248491276109599E-03
      57   4.8620346456692907E+01       17   4.8340000000000005E-01   6.5259682987942813E-01   1.5249592967630013E-01   4.5596282973213746E-03
      57   4.8620346456692907E+01       18   5.1330000000000009E-01   6.6256348738941251E-01   1.7457016708491668E-01   5.2196479958390102E-03
      57   4.8620346456692907E+01       19   5.4320000000000002E-01   5.9283737922485513E-01   1.7492629641933213E-01   5.2302962629380322E-03
      57   4.8620346456692907E+01       20   5.7310000000000005E-01   4.5614218332596485E-01   1.4981698536486174E-01   4.4795278624093667E-03
      57   4.8620346456692907E+01       21   6.0300000000000009E-01   4.9609547154657990E-01   1.8038477831358044E-01   5.3935048715760565E-03
      57   4.8620346456692907E+01       22   6.3290000000000002E-01   4.7796946802316220E-01   1.9145660201777581E-01   5.7245524003314979E-03
      57   4.8620346456692907E+01       23   6.6280000000000006E-01   4.7373305007445643E-01   2.0811274803262103E-01   6.2225711661753700E-03
      57   4.8620346456692907E+01       24   6.9270000000000009E-01   3.7542699512005112E-01   1.8014237022326812E-01   5.3862568696757184E-03
      57   4.8620346456692907E+01       25   7.2260000000000002E-01   2.4196608163245625E-01   1.2634277341860908E-01   3.7776489252164124E-03
      57   4.8620346456692907E+01       26   7.5250000000000006E-01   1.2199783677912855E-01   6.9082037562661430E-02   2.0655529231235772E-03
      57   4.8620346456692907E+01       27   7.8240000000000010E-01   6.6202678377642682E-02   4.0525953680231167E-02   1.2117260150389122E-03
      57   4.8620346456692907E+01       28   8.1230000000000013E-01   5.6195778131926860E-02   3.7079732777343104E-02   1.1086840100425590E-03
      57   4.8620346456692907E+01       29   8.4220000000000006E-01   4.6434594211848840E-02   3.2936096679523526E-02   9.8478929071775371E-04
      57   4.8620346456692907E+01       30   8.7210000000000010E-01   5.9790633804243813E-02   4.5474269379047937E-02   1.3596806544335337E-03
      57   4.8620346456692907E+01       31   9.0200000000000014E-01   5.5935304366861630E-02   4.5509187374096101E-02   1.3607247024854737E-03
      57   4.8620346456692907E+01       32   9.3190000000000006E-01   4.4753936875430202E-02   3.8866001978189478E-02   1.1620934591478657E-03
      57   4.8620346456692907E+01       33   9.6180000000000010E-01   2.7001241576888223E-02   2.4977748012172625E-02   7.4683466556396162E-04
      57   4.8620346456692907E+01       34   9.9170000000000014E-01   1.8881152693177972E-02   1.8569026281080255E-02   5.5521388580429974E-04
      57   4.8620346456692907E+01       35   1.0216000000000001E+00   1.6719163122654757E-02   1.7449231462299951E-02   5.2173202072276867E-04
      57   4.8620346456692907E+01       36   1.0515000000000001E+00   1.9139967099223998E-02   2.1162147688182989E-02   6.3274821587667150E-04
      57   4.8620346456692907E+01       37   1.0814000000000001E+00   2.1618290888525935E-02   2.5280990575873703E-02   7.5590161821862388E-04
      57   4.8620346456692907E+01       38   1.1113000000000002E+00   1.4819436136592042E-02   1.8301821201432335E-02   5.4722445392282697E-04
      57   4.8620346456692907E+01       39   1.1412000000000002E+00   1.1134739508357651E-02   1.4501188146381367E-02   4.3358552557680295E-04
      57   4.8620346456692907E+01       40   1.1711000000000000E+00   9.8101652058516040E-03   1.3454398385830022E-02   4.0228651173631773E-04
      57   4.8620346456692907E+01       41   1.2010000000000001E+00   1.0257285839083842E-02   1.4795119351580375E-02   4.4237406861225329E-04
      57   4.8620346456692907E+01       42   1.2309000000000001E+00   1.1345330919393609E-02   1.7189478900324177E-02   5.1396541911969307E-04
      57   4.8620346456692907E+01       43   1.2608000000000001E+00   9.1061852945876348E-03   1.4475343671199811E-02   4.3281277576887446E-04
      57   4.8620346456692907E+01       44   1.2907000000000002E+00   4.8202820141931418E-03   8.0301390910746291E-03   2.4010115882313146E-04
      57   4.8620346456692907E+01       45   1.3206000000000002E+00   4.1887463302250532E-03   7.3051080879198912E-03   2.1842273182880479E-04
      57   4.8620346456692907E+01       46   1.3505000000000000E+00   4.2431114433554486E-03   7.7387998667416960E-03   2.3139011601557675E-04
      57   4.8620346456692907E+01       47   1.3804000000000001E+00   5.1652073169748420E-03   9.8423240297580011E-03   2.9428548848976430E-04
      57   4.8620346456692907E+01       48   1.4103000000000001E+00   3.3980639430385754E-03   6.7585659930765579E-03   2.0208112319298913E-04
      57   4.8620346456692907E+01       49   1.4402000000000001E+00   2.9574136744183080E-03   6.1341965838468161E-03   1.8341247785701983E-04
      57   4.8620346456692907E+01       50   1.4701000000000002E+00   2.7465468089780398E-03   5.9358205117479553E-03   1.7748103330126390E-04
 
      58   4.9488566929133853E+01        1   5.0000000000000001E-03   1.4495737230739914E+02   3.6239343076849787E-03   1.0835563579978088E-04
      58   4.9488566929133853E+01        2   3.4900000000000000E-02   1.9677190113781638E+01   2.3967014330487174E-02   7.1661372848156669E-04
      58   4.9488566929133853E+01        3   6.4800000000000010E-02   9.6593061914434575E+00   4.0559813070118744E-02   1.2127384107965507E-03
      58   4.9488566929133853E+01        4   9.4700000000000006E-02   6.3269173045149554E+00   5.6740363809447539E-02   1.6965368779024818E-03
      58   4.9488566929133853E+01        5   1.2460000000000002E-01   5.3220825315192766E+00   8.2626182835041834E-02   2.4705228667677515E-03
      58   4.9488566929133853E+01        6   1.5450000000000003E-01   5.3600071746919147E+00   1.2794471126168971E-01   3.8255468667245233E-03
      58   4.9488566929133853E+01        7   1.8440000000000001E-01   5.4685950414559574E+00   1.8595060588884185E-01   5.5599231160763729E-03
      58   4.9488566929133853E+01        8   2.1430000000000002E-01   5.0598422858757690E+00   2.3237067645927892E-01   6.9478832261324411E-03
      58   4.9488566929133853E+01        9   2.4420000000000003E-01   4.1597479205360912E+00   2.4806090998399793E-01   7.4170212085215396E-03
      58   4.9488566929133853E+01       10   2.7410000000000001E-01   2.9737871966950746E+00   2.2342304085533030E-01   6.6803489215743776E-03
      58   4.9488566929133853E+01       11   3.0400000000000005E-01   1.8707875152409130E+00   1.7289069900850426E-01   5.1694319003542785E-03
      58   4.9488566929133853E+01       12   3.3390000000000003E-01   1.1795090144079101E+00   1.3150252820421654E-01   3.9319255933060755E-03
      58   4.9488566929133853E+01       13   3.6380000000000001E-01   1.0175018621786114E+00   1.3466681916015860E-01   4.0265378928887431E-03
      58   4.9488566929133853E+01       14   3.9370000000000005E-01   7.8919113572434696E-01   1.2232438138802175E-01   3.6574990035018510E-03
      58   4.9488566929133853E+01       15   4.2360000000000003E-01   4.5659073728263427E-01   8.1929253862154577E-02   2.4496846904784224E-03
      58   4.9488566929133853E+01       16   4.5350000000000007E-01   4.4725479806772461E-01   9.1983428093903932E-02   2.7503045000077282E-03
      58   4.9488566929133853E+01       17   4.8340000000000005E-01   6.8996780712973949E-01   1.6122861371301392E-01   4.8207355500191175E-03
      58   4.9488566929133853E+01       18   5.1330000000000009E-01   7.0613945440641412E-01   1.8605142735329885E-01   5.5629376778636372E-03
      58   4.9488566929133853E+01       19   5.4320000000000002E-01   6.1052346049179140E-01   1.8014486191910145E-01   5.3863313713811345E-03
      58   4.9488566929133853E+01       20   5.7310000000000005E-01   4.5324037646454263E-01   1.4886390544377345E-01   4.4510307727688271E-03
      58   4.9488566929133853E+01       21   6.0300000000000009E-01   4.8751983868336546E-01   1.7726660102381989E-01   5.3002713706122159E-03
      58   4.9488566929133853E+01       22   6.3290000000000002E-01   4.6876095083554842E-01   1.8776801618057881E-01   5.6142636837993075E-03
      58   4.9488566929133853E+01       23   6.6280000000000006E-01   4.6185026887353525E-01   2.0289259662117654E-01   6.0664886389731800E-03
      58   4.9488566929133853E+01       24   6.9270000000000009E-01   3.6404528045534978E-01   1.7468104462986322E-01   5.2229632344329112E-03
      58   4.9488566929133853E+01       25   7.2260000000000002E-01   2.4156286418235823E-01   1.2613223312059513E-01   3.7713537703057951E-03
      58   4.9488566929133853E+01       26   7.5250000000000006E-01   1.2963139973669111E-01   7.3404590297149713E-02   2.1947972498847770E-03
      58   4.9488566929133853E+01       27   7.8240000000000010E-01   7.3975379266242453E-02   4.5284010663739299E-02   1.3539919188458054E-03
      58   4.9488566929133853E+01       28   8.1230000000000013E-01   5.8816198801410771E-02   3.8808768328031332E-02   1.1603821730081371E-03
      58   4.9488566929133853E+01       29   8.4220000000000006E-01   4.5552291126650102E-02   3.2310278360057468E-02   9.6607732296571849E-04
      58   4.9488566929133853E+01       30   8.7210000000000010E-01   5.2869230822638398E-02   4.0210138132388856E-02   1.2022831301584270E-03
      58   4.9488566929133853E+01       31   9.0200000000000014E-01   4.8071576343637644E-02   3.9111226799488974E-02   1.1694256813047205E-03
      58   4.9488566929133853E+01       32   9.3190000000000006E-01   3.9525989781139186E-02   3.4325856098416943E-02   1.0263430973426668E-03
      58   4.9488566929133853E+01       33   9.6180000000000010E-01   2.5623852654349372E-02   2.3703581662304418E-02   7.0873709170290219E-04
      58   4.9488566929133853E+01       34   9.9170000000000014E-01   2.0973436090631882E-02   2.0626721911539681E-02   6.1673898515503657E-04
      58   4.9488566929133853E+01       35   1.0216000000000001E+00   1.8623642760550951E-02   1.9436873174573117E-02   5.8116250791973630E-04
      58   4.9488566929133853E+01       36   1.0515000000000001E+00   1.8327658025562965E-02   2.0264016333194253E-02   6.0589408836250833E-04
      58   4.9488566929133853E+01       37   1.0814000000000001E+00   1.9090386217889305E-02   2.2324793229625977E-02   6.6751131756581682E-04
      58   4.9488566929133853E+01       38   1.1113000000000002E+00   1.3086589034386056E-02   1.6161776361555771E-02   4.8323711321051764E-04
      58   4.9488566929133853E+01       39   1.1412000000000002E+00   1.0862101660665311E-02   1.4146121669770615E-02   4.2296903792614148E-04
      58   4.9488566929133853E+01       40   1.1711000000000000E+00   1.0592783064530036E-02   1.4527739377910775E-02   4.3437940739953228E-04
      58   4.9488566929133853E+01       41   1.2010000000000001E+00   1.1653574264892656E-02   1.6809127173255434E-02   5.0259290248033759E-04
      58   4.9488566929133853E+01       42   1.2309000000000001E+00   1.0946621975648892E-02   1.6585389074777097E-02   4.9590313333583533E-04
      58   4.9488566929133853E+01       43   1.2608000000000001E+00   7.7694102785528683E-03   1.2350383861774679E-02   3.6927647746706299E-04
      58   4.9488566929133853E+01       44   1.2907000000000002E+00   4.2323852168779557E-03   7.0507580009770456E-03   2.1081766422921370E-04
      58   4.9488566929133853E+01       45   1.3206000000000002E+00   4.9489449048036056E-03   8.6308825124791801E-03   2.5806338712312755E-04
      58   4.9488566929133853E+01       46   1.3505000000000000E+00   4.5412604676357384E-03   8.2825790392125585E-03   2.4764911327245556E-04
      58   4.9488566929133853E+01       47   1.3804000000000001E+00   5.0097895962887898E-03   9.5461749164530100E-03   2.8543063000194507E-04
      58   4.9488566929133853E+01       48   1.4103000000000001E+00   3.1727943370620120E-03   6.3105168910736319E-03   1.8868445504310164E-04
      58   4.9488566929133853E+01       49   1.4402000000000001E+00   2.6510192560066969E-03   5.4986806223877175E-03   1.6441055060939278E-04
      58   4.9488566929133853E+01       50   1.4701000000000002E+00   2.7441508020678565E-03   5.9306422759657484E-03   1.7732620405137592E-04
 
      59   5.0356787401574799E+01        1   5.0000000000000001E-03   1.4498202256945461E+02   3.6245505642363653E-03   1.0837406187066735E-04
      59   5.0356787401574799E+01        2   3.4900000000000000E-02   1.9704523196479613E+01   2.4000306298544133E-02   7.1760915832646969E-04
      59   5.0356787401574799E+01        3   6.4800000000000010E-02   9.6727285547586650E+00   4.0616174110573833E-02   1.2144236059061578E-03
      59   5.0356787401574799E+01        4   9.4700000000000006E-02   6.3103327920908336E+00   5.6591632409421895E-02   1.6920898090417151E-03
      59   5.0356787401574799E+01        5   1.2460000000000002E-01   5.2600664470649887E+00   8.1663373201315503E-02   2.4417348587193340E-03
      59   5.0356787401574799E+01        6   1.5450000000000003E-01   5.2475276860787874E+00   1.2525979774862223E-01   3.7452679526838051E-03
      59   5.0356787401574799E+01        7   1.8440000000000001E-01   5.3236043570966274E+00   1.8102043545192520E-01   5.4125110200125646E-03
      59   5.0356787401574799E+01        8   2.1430000000000002E-01   4.9071656092914511E+00   2.2535907795224919E-01   6.7382364307722519E-03
      59   5.0356787401574799E+01        9   2.4420000000000003E-01   4.0106529428817002E+00   2.3916983376074794E-01   7.1511780294463648E-03
      59   5.0356787401574799E+01       10   2.7410000000000001E-01   2.8575849015608772E+00   2.1469266829803899E-01   6.4193107821113671E-03
      59   5.0356787401574799E+01       11   3.0400000000000005E-01   1.7963713904193024E+00   1.6601345841699031E-01   4.9638024066680116E-03
      59   5.0356787401574799E+01       12   3.3390000000000003E-01   1.1092535932707859E+00   1.2366980680342125E-01   3.6977272234222963E-03
      59   5.0356787401574799E+01       13   3.6380000000000001E-01   9.4292562372696176E-01   1.2479662118753784E-01   3.7314189735073821E-03
      59   5.0356787401574799E+01       14   3.9370000000000005E-01   7.4753369955428628E-01   1.1586749169546755E-01   3.4644380016944803E-03
      59   5.0356787401574799E+01       15   4.2360000000000003E-01   4.4182295912512187E-01   7.9279368643616149E-02   2.3704531224441232E-03
      59   5.0356787401574799E+01       16   4.5350000000000007E-01   4.6169257186488261E-01   9.4952733138018483E-02   2.8390867208267531E-03
      59   5.0356787401574799E+01       17   4.8340000000000005E-01   7.3605279851402650E-01   1.7199754988233235E-01   5.1427267414817382E-03
      59   5.0356787401574799E+01       18   5.1330000000000009E-01   7.4307930577067371E-01   1.9578422450781621E-01   5.8539483127837064E-03
      59   5.0356787401574799E+01       19   5.4320000000000002E-01   6.3034905029547716E-01   1.8599472415825735E-01   5.5612422523318959E-03
      59   5.0356787401574799E+01       20   5.7310000000000005E-01   4.7455013629026011E-01   1.5586295988916507E-01   4.6603025006860367E-03
      59   5.0356787401574799E+01       21   6.0300000000000009E-01   5.0617461665214836E-01   1.8404964618627107E-01   5.5030844209695059E-03
      59   5.0356787401574799E+01       22   6.3290000000000002E-01   4.7697377923486667E-01   1.9105776651712617E-01   5.7126272188620739E-03
      59   5.0356787401574799E+01       23   6.6280000000000006E-01   4.6143026298457807E-01   2.0270808642133503E-01   6.0609717839979187E-03
      59   5.0356787401574799E+01       24   6.9270000000000009E-01   3.6371840707157749E-01   1.7452419989871434E-01   5.2182735769715598E-03
      59   5.0356787401574799E+01       25   7.2260000000000002E-01   2.4578283648478419E-01   1.2833569486548579E-01   3.8372372764780261E-03
      59   5.0356787401574799E+01       26   7.5250000000000006E-01   1.3586025973995294E-01   7.6931721204371750E-02   2.3002584640107160E-03
      59   5.0356787401574799E+01       27   7.8240000000000010E-01   7.9069017909797673E-02   4.8402080336918354E-02   1.4472222020738591E-03
      59   5.0356787401574799E+01       28   8.1230000000000013E-01   6.4101436502891643E-02   4.2296133538556095E-02   1.2646543928028274E-03
      59   5.0356787401574799E+01       29   8.4220000000000006E-01   4.3808195892926970E-02   3.1073190145737655E-02   9.2908838535755609E-04
      59   5.0356787401574799E+01       30   8.7210000000000010E-01   4.5546293336601498E-02   3.4640616441479234E-02   1.0357544316002294E-03
      59   5.0356787401574799E+01       31   9.0200000000000014E-01   4.2807227815355647E-02   3.4828131779484628E-02   1.0413611402065907E-03
      59   5.0356787401574799E+01       32   9.3190000000000006E-01   3.7431804543315648E-02   3.2507186875584189E-02   9.7196488757996750E-04
      59   5.0356787401574799E+01       33   9.6180000000000010E-01   2.7481341461013747E-02   2.5421868846105873E-02   7.6011387849856575E-04
      59   5.0356787401574799E+01       34   9.9170000000000014E-01   2.4116318528886731E-02   2.3717649014490673E-02   7.0915770553327132E-04
      59   5.0356787401574799E+01       35   1.0216000000000001E+00   1.9777011060182252E-02   2.0640605100262367E-02   6.1715409249784496E-04
      59   5.0356787401574799E+01       36   1.0515000000000001E+00   1.6965920753424880E-02   1.8758408454345916E-02   5.6087641278494303E-04
      59   5.0356787401574799E+01       37   1.0814000000000001E+00   1.6591765359218684E-02   1.9402841133299060E-02   5.8014494988564203E-04
      59   5.0356787401574799E+01       38   1.1113000000000002E+00   1.2129180708240071E-02   1.4979388864461972E-02   4.4788372704741304E-04
      59   5.0356787401574799E+01       39   1.1412000000000002E+00   1.1814734137410373E-02   1.5386770610795641E-02   4.6006444126278975E-04
      59   5.0356787401574799E+01       40   1.1711000000000000E+00   1.1408703683076827E-02   1.5646754279575566E-02   4.6783795295930953E-04
      59   5.0356787401574799E+01       41   1.2010000000000001E+00   1.2350732469989818E-02   1.7814708865445786E-02   5.3265979507682913E-04
      59   5.0356787401574799E+01       42   1.2309000000000001E+00   9.8490747651074767E-03   1.4922479041411611E-02   4.4618212333820726E-04
      59   5.0356787401574799E+01       43   1.2608000000000001E+00   6.5206245970502123E-03   1.0365293362664315E-02   3.0992227154366306E-04
      59   5.0356787401574799E+01       44   1.2907000000000002E+00   4.0646608610092208E-03   6.7713449080042511E-03   2.0246321274932716E-04
      59   5.0356787401574799E+01       45   1.3206000000000002E+00   5.8293440694314556E-03   1.0166284886147216E-02   3.0397191809580180E-04
      59   5.0356787401574799E+01       46   1.3505000000000000E+00   4.5769998370803235E-03   8.3477622971089068E-03   2.4959809268355638E-04
      59   5.0356787401574799E+01       47   1.3804000000000001E+00   4.3421485702289254E-03   8.2739821639092707E-03   2.4739206670088725E-04
      59   5.0356787401574799E+01       48   1.4103000000000001E+00   3.0242024121711845E-03   6.0149755630564466E-03   1.7984776933538778E-04
      59   5.0356787401574799E+01       49   1.4402000000000001E+00   2.6582810227903089E-03   5.5137428050583536E-03   1.6486090987124480E-04
      59   5.0356787401574799E+01       50   1.4701000000000002E+00   2.7734462444955281E-03   5.9939554106607324E-03   1.7921926677875593E-04
 
      60   5.1225007874015745E+01        1   5.0000000000000001E-03   1.4499426518571684E+02   3.6248566296429212E-03   1.0838321322632337E-04
      60   5.1225007874015745E+01        2   3.4900000000000000E-02   1.9708298501638279E+01   2.4004904657980441E-02   7.1774664927361535E-04
      60   5.1225007874015745E+01        3   6.4800000000000010E-02   9.6515286164202081E+00   4.0527154721493118E-02   1.2117619261726444E-03
      60   5.1225007874015745E+01        4   9.4700000000000006E-02   6.2539281195069076E+00   5.6085790229268712E-02   1.6769651278551348E-03
      60   5.1225007874015745E+01        5   1.2460000000000002E-01   5.1530264465057982E+00   8.0001560066233990E-02   2.3920466459803969E-03
      60   5.1225007874015745E+01        6   1.5450000000000003E-01   5.0902121133511971E+00   1.2150463569872146E-01   3.6329886073917725E-03
      60   5.1225007874015745E+01        7   1.8440000000000001E-01   5.1480411135323392E+00   1.7505069527824102E-01   5.2340157888194072E-03
      60   5.1225007874015745E+01        8   2.1430000000000002E-01   4.7413099767097542E+00   2.1774224261230737E-01   6.5104930541079915E-03
      60   5.1225007874015745E+01        9   2.4420000000000003E-01   3.8629645487179323E+00   2.3036263723100769E-01   6.8878428532071316E-03
      60   5.1225007874015745E+01       10   2.7410000000000001E-01   2.7413951063749002E+00   2.0596323487198243E-01   6.1583007226722756E-03
      60   5.1225007874015745E+01       11   3.0400000000000005E-01   1.7134676925499592E+00   1.5835183027469707E-01   4.7347197252134432E-03
      60   5.1225007874015745E+01       12   3.3390000000000003E-01   1.0394284462293393E+00   1.1588505632163654E-01   3.4649631840169334E-03
      60   5.1225007874015745E+01       13   3.6380000000000001E-01   9.0260386855048480E-01   1.1946001914835884E-01   3.5718545725359299E-03
      60   5.1225007874015745E+01       14   3.9370000000000005E-01   7.6272083577071748E-01   1.1822149310100216E-01   3.5348226437199653E-03
      60   5.1225007874015745E+01       15   4.2360000000000003E-01   4.7201687500211975E-01   8.4697273119080374E-02   2.5324484662605038E-03
      60   5.1225007874015745E+01       16   4.5350000000000007E-01   4.9396240915390904E-01   1.0158942048201357E-01   3.0375236724122065E-03
      60   5.1225007874015745E+01       17   4.8340000000000005E-01   7.7354614657679266E-01   1.8075882898717416E-01   5.4046889867165084E-03
      60   5.1225007874015745E+01       18   5.1330000000000009E-01   7.6442076641096479E-01   2.0140720618537752E-01   6.0220754649427891E-03
      60   5.1225007874015745E+01       19   5.4320000000000002E-01   6.5489079888873447E-01   1.9323616563869508E-01   5.7777613525969839E-03
      60   5.1225007874015745E+01       20   5.7310000000000005E-01   5.1881662007611173E-01   1.7040200362579663E-01   5.0950199084113202E-03
      60   5.1225007874015745E+01       21   6.0300000000000009E-01   5.4497764068651544E-01   1.9815877495238327E-01   5.9249473710762607E-03
      60   5.1225007874015745E+01       22   6.3290000000000002E-01   4.9539892153029230E-01   1.9843818591957479E-01   5.9333017589952878E-03
      60   5.1225007874015745E+01       23   6.6280000000000006E-01   4.7367001432541733E-01   2.0808505618601086E-01   6.2217431799617261E-03
      60   5.1225007874015745E+01       24   6.9270000000000009E-01   3.7770537471581500E-01   1.8123561260057239E-01   5.4189448167571153E-03
      60   5.1225007874015745E+01       25   7.2260000000000002E-01   2.5498124547862888E-01   1.3313865111241266E-01   3.9808456682611394E-03
      60   5.1225007874015745E+01       26   7.5250000000000006E-01   1.4050784007544870E-01   7.9563442616723309E-02   2.3789469342400276E-03
      60   5.1225007874015745E+01       27   7.8240000000000010E-01   8.2977284594721909E-02   5.0794524850110719E-02   1.5187562930183108E-03
      60   5.1225007874015745E+01       28   8.1230000000000013E-01   6.8834748239507346E-02   4.5419320727699372E-02   1.3580376897582116E-03
      60   5.1225007874015745E+01       29   8.4220000000000006E-01   4.0448691430135013E-02   2.8690290808295573E-02   8.5783969516803782E-04
      60   5.1225007874015745E+01       30   8.7210000000000010E-01   4.0913722378917931E-02   3.1117275639691244E-02   9.3040654162676844E-04
      60   5.1225007874015745E+01       31   9.0200000000000014E-01   4.1362242285891478E-02   3.3652485772770462E-02   1.0062093246058371E-03
      60   5.1225007874015745E+01       32   9.3190000000000006E-01   3.9175762443713728E-02   3.4021705506546512E-02   1.0172489946457409E-03
      60   5.1225007874015745E+01       33   9.6180000000000010E-01   3.2245133232382282E-02   2.9828658441646304E-02   8.9187688740522471E-04
      60   5.1225007874015745E+01       34   9.9170000000000014E-01   2.7504594492750070E-02   2.7049913015685031E-02   8.0879239916898261E-04
      60   5.1225007874015745E+01       35   1.0216000000000001E+00   2.0211845472269018E-02   2.1094427235294585E-02   6.3072337433530822E-04
      60   5.1225007874015745E+01       36   1.0515000000000001E+00   1.5011493080280696E-02   1.6597491100071783E-02   4.9626498389214642E-04
      60   5.1225007874015745E+01       37   1.0814000000000001E+00   1.4611827547061714E-02   1.7087450456577096E-02   5.1091476865165525E-04
      60   5.1225007874015745E+01       38   1.1113000000000002E+00   1.1873049343360226E-02   1.4663069781812466E-02   4.3842578647619281E-04
      60   5.1225007874015745E+01       39   1.1412000000000002E+00   1.3323241090818411E-02   1.7351355694719264E-02   5.1880553527210605E-04
      60   5.1225007874015745E+01       40   1.1711000000000000E+00   1.2087480905782776E-02   1.6577680413629423E-02   4.9567264436751991E-04
      60   5.1225007874015745E+01       41   1.2010000000000001E+00   1.1954921925443476E-02   1.7243791340181600E-02   5.1558936107142992E-04
      60   5.1225007874015745E+01       42   1.2309000000000001E+00   8.5463517249749037E-03   1.2948704069978525E-02   3.8716625169235797E-04
      60   5.1225007874015745E+01       43   1.2608000000000001E+00   5.8342808708460765E-03   9.2742699547306174E-03   2.7730067164644551E-04
      60   5.1225007874015745E+01       44   1.2907000000000002E+00   4.3915909841004555E-03   7.3159799218384374E-03   2.1874779966296932E-04
      60   5.1225007874015745E+01       45   1.3206000000000002E+00   6.4822762081688913E-03   1.1304988324246656E-02   3.3801915089497507E-04
      60   5.1225007874015745E+01       46   1.3505000000000000E+00   4.3300460882858731E-03   7.8973556406317126E-03   2.3613093365488827E-04
      60   5.1225007874015745E+01       47   1.3804000000000001E+00   3.5817793847124405E-03   6.8250955177717966E-03   2.0407035598137677E-04
      60   5.1225007874015745E+01       48   1.4103000000000001E+00   3.0595173806034562E-03   6.0852151314382871E-03   1.8194793243000483E-04
      60   5.1225007874015745E+01       49   1.4402000000000001E+00   2.9668102979485220E-03   6.1536868352300858E-03   1.8399523637337961E-04
      60   5.1225007874015745E+01       50   1.4701000000000002E+00   2.7903507374855449E-03   6.0304892996528433E-03   1.8031163005962007E-04
 
      61   5.2093228346456691E+01        1   5.0000000000000001E-03   1.4479225641626718E+02   3.6198064104066797E-03   1.0823221167115974E-04
      61   5.2093228346456691E+01        2   3.4900000000000000E-02   1.9652156942949162E+01   2.3936523678081509E-02   7.1570205797463727E-04
      61   5.2093228346456691E+01        3   6.4800000000000010E-02   9.5712599584352223E+00   4.0190103415867845E-02   1.2016840921344489E-03
      61   5.2093228346456691E+01        4   9.4700000000000006E-02   6.1439894090991585E+00   5.5099849979848084E-02   1.6474855143974580E-03
      61   5.2093228346456691E+01        5   1.2460000000000002E-01   5.0120064818440655E+00   7.7812202551666237E-02   2.3265848562948211E-03
      61   5.2093228346456691E+01        6   1.5450000000000003E-01   4.9281389134914440E+00   1.1763590789976919E-01   3.5173136462030995E-03
      61   5.2093228346456691E+01        7   1.8440000000000001E-01   4.9931646447835014E+00   1.6978437495584553E-01   5.0765528111797820E-03
      61   5.2093228346456691E+01        8   2.1430000000000002E-01   4.6087757558720783E+00   2.1165567611278974E-01   6.3285047157724149E-03
      61   5.2093228346456691E+01        9   2.4420000000000003E-01   3.7543110774216086E+00   2.2388323523897238E-01   6.6941087336452754E-03
      61   5.2093228346456691E+01       10   2.7410000000000001E-01   2.6602144226365763E+00   1.9986406434636833E-01   5.9759355239564146E-03
      61   5.2093228346456691E+01       11   3.0400000000000005E-01   1.6552804153883764E+00   1.5297439486853223E-01   4.5739344065691143E-03
      61   5.2093228346456691E+01       12   3.3390000000000003E-01   9.9685439025715328E-01   1.1113850845480173E-01   3.3230414027985724E-03
      61   5.2093228346456691E+01       13   3.6380000000000001E-01   9.1173933283716413E-01   1.2066910186630514E-01   3.6080061458025245E-03
      61   5.2093228346456691E+01       14   3.9370000000000005E-01   8.2741280878574708E-01   1.2824872886382011E-01   3.8346369930282219E-03
      61   5.2093228346456691E+01       15   4.2360000000000003E-01   5.3119504182099664E-01   9.5316023471432518E-02   2.8499491017958331E-03
      61   5.2093228346456691E+01       16   4.5350000000000007E-01   5.3107168066248001E-01   1.0922139675632717E-01   3.2657197630141829E-03
      61   5.2093228346456691E+01       17   4.8340000000000005E-01   7.9660787733028149E-01   1.8614779183556487E-01   5.5658189758833907E-03
      61   5.2093228346456691E+01       18   5.1330000000000009E-01   7.7566009684916826E-01   2.0436851001491771E-01   6.1106184494460411E-03
      61   5.2093228346456691E+01       19   5.4320000000000002E-01   6.8813115879966469E-01   2.0304427365385999E-01   6.0710237822504147E-03
      61   5.2093228346456691E+01       20   5.7310000000000005E-01   5.7529725137286836E-01   1.8895270606398237E-01   5.6496859113130743E-03
      61   5.2093228346456691E+01       21   6.0300000000000009E-01   5.9059052848912685E-01   2.1474403147340301E-01   6.4208465410547514E-03
      61   5.2093228346456691E+01       22   6.3290000000000002E-01   5.2014594519553714E-01   2.0835091335925229E-01   6.2296923094416453E-03
      61   5.2093228346456691E+01       23   6.6280000000000006E-01   4.9891629265477794E-01   2.1917584320180777E-01   6.5533577117340537E-03
      61   5.2093228346456691E+01       24   6.9270000000000009E-01   4.0193956646584400E-01   1.9286398455847964E-01   5.7666331382985421E-03
      61   5.2093228346456691E+01       25   7.2260000000000002E-01   2.6696215081078106E-01   1.3939448993708395E-01   4.1678952491188111E-03
      61   5.2093228346456691E+01       26   7.5250000000000006E-01   1.4545811679696932E-01   8.2366567749513883E-02   2.4627603757104658E-03
      61   5.2093228346456691E+01       27   7.8240000000000010E-01   8.7878728516849608E-02   5.3794942570694650E-02   1.6084687828637704E-03
      61   5.2093228346456691E+01       28   8.1230000000000013E-01   6.9131126558022754E-02   4.5614880415933423E-02   1.3638849244364097E-03
      61   5.2093228346456691E+01       29   8.4220000000000006E-01   3.6252878335165460E-02   2.5714197055550669E-02   7.6885449196096515E-04
      61   5.2093228346456691E+01       30   8.7210000000000010E-01   4.0014869535511401E-02   3.0433645550285996E-02   9.0996600195355148E-04
      61   5.2093228346456691E+01       31   9.0200000000000014E-01   4.3801906470092147E-02   3.5637406311692862E-02   1.0655584487196169E-03
      61   5.2093228346456691E+01       32   9.3190000000000006E-01   4.4696283592517344E-02   3.8815933698967978E-02   1.1605964175991428E-03
      61   5.2093228346456691E+01       33   9.6180000000000010E-01   3.8349304040344534E-02   3.5475378050090052E-02   1.0607138036976928E-03
      61   5.2093228346456691E+01       34   9.9170000000000014E-01   3.0469305009013785E-02   2.9965613576286236E-02   8.9597184593095860E-04
      61   5.2093228346456691E+01       35   1.0216000000000001E+00   1.9990929087586803E-02   2.0863864192045660E-02   6.2382953934216534E-04
      61   5.2093228346456691E+01       36   1.0515000000000001E+00   1.2814696245019006E-02   1.4168597736371816E-02   4.2364107231751736E-04
      61   5.2093228346456691E+01       37   1.0814000000000001E+00   1.3453495620610888E-02   1.5732867031488688E-02   4.7041272424151189E-04
      61   5.2093228346456691E+01       38   1.1113000000000002E+00   1.2301113268585222E-02   1.5191723459998417E-02   4.5423253145395278E-04
      61   5.2093228346456691E+01       39   1.1412000000000002E+00   1.4787515144395094E-02   1.9258334617112745E-02   5.7582420505167123E-04
      61   5.2093228346456691E+01       40   1.1711000000000000E+00   1.2386383573422489E-02   1.6987618012500160E-02   5.0792977857375490E-04
      61   5.2093228346456691E+01       41   1.2010000000000001E+00   1.0656320825942586E-02   1.5370687815660413E-02   4.5958356568824647E-04
      61   5.2093228346456691E+01       42   1.2309000000000001E+00   7.4618486429535525E-03   1.1305557388917331E-02   3.3803616592862826E-04
      61   5.2093228346456691E+01       43   1.2608000000000001E+00   5.9715407897574461E-03   9.4924606058371802E-03   2.8382457211453176E-04
      61   5.2093228346456691E+01       44   1.2907000000000002E+00   5.0400069668800505E-03   8.3961803157706939E-03   2.5104579144154379E-04
      61   5.2093228346456691E+01       45   1.3206000000000002E+00   6.6950211251814900E-03   1.1676012132186124E-02   3.4911276275236518E-04
      61   5.2093228346456691E+01       46   1.3505000000000000E+00   3.9543485018122089E-03   7.2121395036173225E-03   2.1564297115815798E-04
      61   5.2093228346456691E+01       47   1.3804000000000001E+00   3.1345482181047040E-03   5.9728946693191013E-03   1.7858955061264117E-04
      61   5.2093228346456691E+01       48   1.4103000000000001E+00   3.2812967325922750E-03   6.5263223064191819E-03   1.9513703696193358E-04
      61   5.2093228346456691E+01       49   1.4402000000000001E+00   3.3614684024378242E-03   6.9722772195536130E-03   2.0847108886465308E-04
      61   5.2093228346456691E+01       50   1.4701000000000002E+00   2.7571580337369846E-03   5.9587534271357502E-03   1.7816672747135898E-04
 
      62   5.2961448818897630E+01        1   5.0000000000000001E-03   1.4450416398160050E+02   3.6126040995400127E-03   1.0801686257624640E-04
      62   5.2961448818897630E+01        2   3.4900000000000000E-02   1.9564385832111761E+01   2.3829617587370445E-02   7.1250556586237648E-04
      62   5.2961448818897630E+01        3   6.4800000000000010E-02   9.4597682507444620E+00   3.9721945275606040E-02   1.1876861637406208E-03
      62   5.2961448818897630E+01        4   9.4700000000000006E-02   6.0100956957927272E+00   5.3899079108481809E-02   1.6115824653436064E-03
      62   5.2961448818897630E+01        5   1.2460000000000002E-01   4.8724184107563673E+00   7.5645075413938348E-02   2.2617877548767569E-03
      62   5.2961448818897630E+01        6   1.5450000000000003E-01   4.8046672158114614E+00   1.1468860760822358E-01   3.4291893674858859E-03
      62   5.2961448818897630E+01        7   1.8440000000000001E-01   4.9023755528639636E+00   1.6669724077923240E-01   4.9842474992990498E-03
      62   5.2961448818897630E+01        8   2.1430000000000002E-01   4.5474291215987472E+00   2.0883836322057048E-01   6.2442670602950584E-03
      62   5.2961448818897630E+01        9   2.4420000000000003E-01   3.7167036273518459E+00   2.2164056610019420E-01   6.6270529263958078E-03
      62   5.2961448818897630E+01       10   2.7410000000000001E-01   2.6449056139728189E+00   1.9871390115132523E-01   5.9415456444246260E-03
      62   5.2961448818897630E+01       11   3.0400000000000005E-01   1.6521341887655105E+00   1.5268363318895348E-01   4.5652406323497098E-03
      62   5.2961448818897630E+01       12   3.3390000000000003E-01   1.0050845718539609E+00   1.1205608489918636E-01   3.3504769384856731E-03
      62   5.2961448818897630E+01       13   3.6380000000000001E-01   9.7186240984791750E-01   1.2862641756283222E-01   3.8459298851286840E-03
      62   5.2961448818897630E+01       14   3.9370000000000005E-01   9.1534382182963536E-01   1.4187800862700875E-01   4.2421524579475626E-03
      62   5.2961448818897630E+01       15   4.2360000000000003E-01   5.9273334926647436E-01   1.0635827028299441E-01   3.1801122814615335E-03
      62   5.2961448818897630E+01       16   4.5350000000000007E-01   5.6136816847049442E-01   1.1545224060602098E-01   3.4520219941200280E-03
      62   5.2961448818897630E+01       17   4.8340000000000005E-01   8.1194371867680637E-01   1.8973140315028525E-01   5.6729689541935302E-03
      62   5.2961448818897630E+01       18   5.1330000000000009E-01   7.9177160746463049E-01   2.0861352072508169E-01   6.2375442696799436E-03
      62   5.2961448818897630E+01       19   5.4320000000000002E-01   7.2919576088165539E-01   2.1516105138728917E-01   6.4333154364799470E-03
      62   5.2961448818897630E+01       20   5.7310000000000005E-01   6.2707443439077015E-01   2.0595859097001273E-01   6.1581618700033824E-03
      62   5.2961448818897630E+01       21   6.0300000000000009E-01   6.3132555906002807E-01   2.2955565520425783E-01   6.8637140906073106E-03
      62   5.2961448818897630E+01       22   6.3290000000000002E-01   5.5170492138294669E-01   2.2099225291801367E-01   6.6076683622486101E-03
      62   5.2961448818897630E+01       23   6.6280000000000006E-01   5.3439033737082442E-01   2.3475972726589869E-01   7.0193158452503722E-03
      62   5.2961448818897630E+01       24   6.9270000000000009E-01   4.2851673548299229E-01   2.0561659500686399E-01   6.1479361907052351E-03
      62   5.2961448818897630E+01       25   7.2260000000000002E-01   2.7956700050753575E-01   1.4597612178593020E-01   4.3646860413993141E-03
      62   5.2961448818897630E+01       26   7.5250000000000006E-01   1.5241493966399874E-01   8.6305912178112204E-02   2.5805467741255553E-03
      62   5.2961448818897630E+01       27   7.8240000000000010E-01   9.2244150006608808E-02   5.6467234287949586E-02   1.6883703052096930E-03
      62   5.2961448818897630E+01       28   8.1230000000000013E-01   6.4339501239368130E-02   4.2453216100728886E-02   1.2693511614117940E-03
      62   5.2961448818897630E+01       29   8.4220000000000006E-01   3.2997470571930212E-02   2.3405133594545387E-02   6.9981349447690720E-04
      62   5.2961448818897630E+01       30   8.7210000000000010E-01   4.1854120566128757E-02   3.1832503389723189E-02   9.5179185135272357E-04
      62   5.2961448818897630E+01       31   9.0200000000000014E-01   4.9385161685135334E-02   4.0179965087672860E-02   1.2013809561214187E-03
      62   5.2961448818897630E+01       32   9.3190000000000006E-01   5.2542699807105228E-02   4.5630056643429930E-02   1.3643386936385551E-03
      62   5.2961448818897630E+01       33   9.6180000000000010E-01   4.3994575260025856E-02   4.0697588354162331E-02   1.2168578917894539E-03
      62   5.2961448818897630E+01       34   9.9170000000000014E-01   3.2523039501050760E-02   3.1985397557524553E-02   9.5636338696998438E-04
      62   5.2961448818897630E+01       35   1.0216000000000001E+00   1.9036040201146139E-02   1.9867278592751902E-02   5.9403162992328201E-04
      62   5.2961448818897630E+01       36   1.0515000000000001E+00   1.1182379219138470E-02   1.2363822743993695E-02   3.6967830004541155E-04
      62   5.2961448818897630E+01       37   1.0814000000000001E+00   1.3321044215213877E-02   1.5577974919578939E-02   4.6578145009541034E-04
      62   5.2961448818897630E+01       38   1.1113000000000002E+00   1.3446185566492646E-02   1.6605873652074096E-02   4.9651562219701559E-04
      62   5.2961448818897630E+01       39   1.1412000000000002E+00   1.5933420466228348E-02   2.0750690020431440E-02   6.2044563161090015E-04
      62   5.2961448818897630E+01       40   1.1711000000000000E+00   1.2182183850022970E-02   1.6707563153968860E-02   4.9955613830366904E-04
      62   5.2961448818897630E+01       41   1.2010000000000001E+00   9.0808644257294440E-03   1.3098247928536578E-02   3.9163761306324374E-04
      62   5.2961448818897630E+01       42   1.2309000000000001E+00   6.8705276099550773E-03   1.0409638134356842E-02   3.1124818021726963E-04
      62   5.2961448818897630E+01       43   1.2608000000000001E+00   6.7293581570948410E-03   1.0697099703037696E-02   3.1984328112082719E-04
      62   5.2961448818897630E+01       44   1.2907000000000002E+00   5.6664508319760774E-03   9.4397772162548490E-03   2.8224933876602005E-04
      62   5.2961448818897630E+01       45   1.3206000000000002E+00   6.3566597326474988E-03   1.1085915155579024E-02   3.3146886315181290E-04
      62   5.2961448818897630E+01       46   1.3505000000000000E+00   3.6375535327545228E-03   6.6343529201027193E-03   1.9836715231107135E-04
      62   5.2961448818897630E+01       47   1.3804000000000001E+00   3.1668707365638477E-03   6.0344853627046762E-03   1.8043111234486986E-04
      62   5.2961448818897630E+01       48   1.4103000000000001E+00   3.5346486800546715E-03   7.0302256717184007E-03   2.1020374758438023E-04
      62   5.2961448818897630E+01       49   1.4402000000000001E+00   3.5768402908776700E-03   7.4189964302450945E-03   2.2182799326432839E-04
      62   5.2961448818897630E+01       50   1.4701000000000002E+00   2.6805283217825166E-03   5.7931417526717287E-03   1.7321493840488474E-04
 
      63   5.3829669291338575E+01        1   5.0000000000000001E-03   1.4449720928663049E+02   3.6124302321657626E-03   1.0801166394175633E-04
      63   5.3829669291338575E+01        2   3.4900000000000000E-02   1.9520267676597822E+01   2.3775881232772914E-02   7.1089884885991027E-04
      63   5.3829669291338575E+01        3   6.4800000000000010E-02   9.3852530119265527E+00   3.9409052807200085E-02   1.1783306789352828E-03
      63   5.3829669291338575E+01        4   9.4700000000000006E-02   5.9189972917393519E+00   5.3082100422074771E-02   1.5871548026200361E-03
      63   5.3829669291338575E+01        5   1.2460000000000002E-01   4.7910534202491437E+00   7.4381870917915219E-02   2.2240179404456654E-03
      63   5.3829669291338575E+01        6   1.5450000000000003E-01   4.7599272579424250E+00   1.1362065362890021E-01   3.3972575435041170E-03
      63   5.3829669291338575E+01        7   1.8440000000000001E-01   4.8993868876956252E+00   1.6659561612159393E-01   4.9812089220356596E-03
      63   5.3829669291338575E+01        8   2.1430000000000002E-01   4.5742997683474096E+00   2.1007238396847294E-01   6.2811642806573425E-03
      63   5.3829669291338575E+01        9   2.4420000000000003E-01   3.7671523213389442E+00   2.2464900535589097E-01   6.7170052601411411E-03
      63   5.3829669291338575E+01       10   2.7410000000000001E-01   2.7109309035018523E+00   2.0367443463412602E-01   6.0898655955603691E-03
      63   5.3829669291338575E+01       11   3.0400000000000005E-01   1.7166257885361218E+00   1.5864368887335428E-01   4.7434462973132939E-03
      63   5.3829669291338575E+01       12   3.3390000000000003E-01   1.0691335799748127E+00   1.1919685821586372E-01   3.5639860606543261E-03
      63   5.3829669291338575E+01       13   3.6380000000000001E-01   1.0660482421120137E+00   1.4109195390475154E-01   4.2186494217520722E-03
      63   5.3829669291338575E+01       14   3.9370000000000005E-01   9.9623637019107880E-01   1.5441632854634252E-01   4.6170482235356426E-03
      63   5.3829669291338575E+01       15   4.2360000000000003E-01   6.3395873296761396E-01   1.1375562780916045E-01   3.4012932714938982E-03
      63   5.3829669291338575E+01       16   4.5350000000000007E-01   5.8097769365602459E-01   1.1948517967710878E-01   3.5726068723455533E-03
      63   5.3829669291338575E+01       17   4.8340000000000005E-01   8.3217598191770403E-01   1.9445918859316941E-01   5.8143297389357668E-03
      63   5.3829669291338575E+01       18   5.1330000000000009E-01   8.2339063811176683E-01   2.1694440458480385E-01   6.4866376970856366E-03
      63   5.3829669291338575E+01       19   5.4320000000000002E-01   7.7023433794447138E-01   2.2727015001616452E-01   6.7953774854833202E-03
      63   5.3829669291338575E+01       20   5.7310000000000005E-01   6.6105750377582151E-01   2.1712011295771949E-01   6.4918913774358140E-03
      63   5.3829669291338575E+01       21   6.0300000000000009E-01   6.6281407982297191E-01   2.4100516475035108E-01   7.2060544260354985E-03
      63   5.3829669291338575E+01       22   6.3290000000000002E-01   5.8935784033335104E-01   2.3607459687632232E-01   7.0586304466020390E-03
      63   5.3829669291338575E+01       23   6.6280000000000006E-01   5.7310838304802803E-01   2.5176871340918966E-01   7.5278845309347722E-03
      63   5.3829669291338575E+01       24   6.9270000000000009E-01   4.5127213779745917E-01   2.1653539456468826E-01   6.4744082974841806E-03
      63   5.3829669291338575E+01       25   7.2260000000000002E-01   2.9271913260879201E-01   1.5284351755822154E-01   4.5700211749908253E-03
      63   5.3829669291338575E+01       26   7.5250000000000006E-01   1.6056662542118147E-01   9.0921855186152908E-02   2.7185634700659725E-03
      63   5.3829669291338575E+01       27   7.8240000000000010E-01   9.1878792644741067E-02   5.6243580866568020E-02   1.6816830679103841E-03
      63   5.3829669291338575E+01       28   8.1230000000000013E-01   5.7851390079518450E-02   3.8172157344461874E-02   1.1413475045994102E-03
      63   5.3829669291338575E+01       29   8.4220000000000006E-01   3.2020109315090597E-02   2.2711890434085589E-02   6.7908552397915928E-04
      63   5.3829669291338575E+01       30   8.7210000000000010E-01   4.5336944705350372E-02   3.4481394579359205E-02   1.0309936979228404E-03
      63   5.3829669291338575E+01       31   9.0200000000000014E-01   5.6761047530069511E-02   4.6181015314654690E-02   1.3808123579081755E-03
      63   5.3829669291338575E+01       32   9.3190000000000006E-01   6.0346412810016431E-02   5.2407094512804057E-02   1.5669721259328417E-03
      63   5.3829669291338575E+01       33   9.6180000000000010E-01   4.8135130129339301E-02   4.4527846894747723E-02   1.3313826221529573E-03
      63   5.3829669291338575E+01       34   9.9170000000000014E-01   3.3093820359044276E-02   3.2546742774368684E-02   9.7314760895362391E-04
      63   5.3829669291338575E+01       35   1.0216000000000001E+00   1.7553509542449924E-02   1.8320010920095890E-02   5.4776832651086719E-04
      63   5.3829669291338575E+01       36   1.0515000000000001E+00   1.0713690456257384E-02   1.1845615958764504E-02   3.5418391716705877E-04
      63   5.3829669291338575E+01       37   1.0814000000000001E+00   1.4396927543733453E-02   1.6836140813880938E-02   5.0340061033504020E-04
      63   5.3829669291338575E+01       38   1.1113000000000002E+00   1.5059896991250328E-02   1.8598787396862198E-02   5.5610374316617981E-04
      63   5.3829669291338575E+01       39   1.1412000000000002E+00   1.6650593758026848E-02   2.1684691649308672E-02   6.4837228031432940E-04
      63   5.3829669291338575E+01       40   1.1711000000000000E+00   1.1659198351377749E-02   1.5990301507387453E-02   4.7811001507088498E-04
      63   5.3829669291338575E+01       41   1.2010000000000001E+00   7.8112991415434764E-03   1.1267025693061454E-02   3.3688406822253756E-04
      63   5.3829669291338575E+01       42   1.2309000000000001E+00   6.8556616130814232E-03   1.0387114442328156E-02   3.1057472182561191E-04
      63   5.3829669291338575E+01       43   1.2608000000000001E+00   7.6794138206511646E-03   1.2207323994753071E-02   3.6499898744311692E-04
      63   5.3829669291338575E+01       44   1.2907000000000002E+00   5.9876406301500214E-03   9.9748493855546135E-03   2.9824799662808303E-04
      63   5.3829669291338575E+01       45   1.3206000000000002E+00   5.5959470581246505E-03   9.7592441487574060E-03   2.9180140004784653E-04
      63   5.3829669291338575E+01       46   1.3505000000000000E+00   3.5035679379997364E-03   6.3899832596128036E-03   1.9106049946242287E-04
      63   5.3829669291338575E+01       47   1.3804000000000001E+00   3.5743825189821351E-03   6.8110007593517380E-03   2.0364892270461702E-04
      63   5.3829669291338575E+01       48   1.4103000000000001E+00   3.6116206251369408E-03   7.1833187209294751E-03   2.1478122975579134E-04
      63   5.3829669291338575E+01       49   1.4402000000000001E+00   3.4747587535687691E-03   7.2072613514326065E-03   2.1549711440783497E-04
      63   5.3829669291338575E+01       50   1.4701000000000002E+00   2.5971612344497645E-03   5.6129693028970380E-03   1.6782778215662146E-04
 
      64   5.4697889763779521E+01        1   5.0000000000000001E-03   1.4523650607838053E+02   3.6309126519595133E-03   1.0856428829358947E-04
      64   5.4697889763779521E+01        2   3.4900000000000000E-02   1.9605084140527751E+01   2.3879188534004208E-02   7.1398773716672601E-04
      64   5.4697889763779521E+01        3   6.4800000000000010E-02   9.4156746393203434E+00   3.9536794437491703E-02   1.1821501536810023E-03
      64   5.4697889763779521E+01        4   9.4700000000000006E-02   5.9355560167036794E+00   5.3230600557840110E-02   1.5915949566794197E-03
      64   5.4697889763779521E+01        5   1.2460000000000002E-01   4.8219626413343448E+00   7.4861741520738337E-02   2.2383660714700767E-03
      64   5.4697889763779521E+01        6   1.5450000000000003E-01   4.8255452549564719E+00   1.1518697162212477E-01   3.4440904515015314E-03
      64   5.4697889763779521E+01        7   1.8440000000000001E-01   4.9938219814717257E+00   1.6980672661189644E-01   5.0772211256957045E-03
      64   5.4697889763779521E+01        8   2.1430000000000002E-01   4.6900296832209341E+00   2.1538722128678298E-01   6.4400779164748125E-03
      64   5.4697889763779521E+01        9   2.4420000000000003E-01   3.9036417452094567E+00   2.3278836652279253E-01   6.9603721590314983E-03
      64   5.4697889763779521E+01       10   2.7410000000000001E-01   2.8522223331410022E+00   2.1428977418897335E-01   6.4072642482503050E-03
      64   5.4697889763779521E+01       11   3.0400000000000005E-01   1.8381209341521563E+00   1.6987178425060573E-01   5.0791663490931125E-03
      64   5.4697889763779521E+01       12   3.3390000000000003E-01   1.1704156567786885E+00   1.3048871694588715E-01   3.9016126366820266E-03
      64   5.4697889763779521E+01       13   3.6380000000000001E-01   1.1637494570099460E+00   1.5402275268502746E-01   4.6052803052823218E-03
      64   5.4697889763779521E+01       14   3.9370000000000005E-01   1.0496681259866771E+00   1.6269823413081597E-01   4.8646772005113987E-03
      64   5.4697889763779521E+01       15   4.2360000000000003E-01   6.4769354618824337E-01   1.1622016093963800E-01   3.4749828120951769E-03
      64   5.4697889763779521E+01       16   4.5350000000000007E-01   5.9674790061887251E-01   1.2272851592405376E-01   3.6695826261292082E-03
      64   5.4697889763779521E+01       17   4.8340000000000005E-01   8.6555725022046570E-01   2.0225957515732751E-01   6.0475612972040937E-03
      64   5.4697889763779521E+01       18   5.1330000000000009E-01   8.6627102686019519E-01   2.2824239605423075E-01   6.8244476420215010E-03
      64   5.4697889763779521E+01       19   5.4320000000000002E-01   8.0037770551538734E-01   2.3616444014625262E-01   7.0613167603729553E-03
      64   5.4697889763779521E+01       20   5.7310000000000005E-01   6.7487247287196439E-01   2.2165755127969508E-01   6.6275607832628845E-03
      64   5.4697889763779521E+01       21   6.0300000000000009E-01   6.8683248539758479E-01   2.4973847318293049E-01   7.4671803481696237E-03
      64   5.4697889763779521E+01       22   6.3290000000000002E-01   6.2719557031980810E-01   2.5123096918862681E-01   7.5118059787399431E-03
      64   5.4697889763779521E+01       23   6.6280000000000006E-01   6.0546789746080520E-01   2.6598437235125799E-01   7.9529327333026159E-03
      64   5.4697889763779521E+01       24   6.9270000000000009E-01   4.6839189779577234E-01   2.2475002532868926E-01   6.7200257573278100E-03
      64   5.4697889763779521E+01       25   7.2260000000000002E-01   3.0694144099900345E-01   1.6026970669312482E-01   4.7920642301244329E-03
      64   5.4697889763779521E+01       26   7.5250000000000006E-01   1.6616188644043570E-01   9.4090206708686994E-02   2.8132971805897417E-03
      64   5.4697889763779521E+01       27   7.8240000000000010E-01   8.5443249333146051E-02   5.2304064572905526E-02   1.5638915307298756E-03
      64   5.4697889763779521E+01       28   8.1230000000000013E-01   5.3861565667574121E-02   3.5539546355855156E-02   1.0626324360400695E-03
      64   5.4697889763779521E+01       29   8.4220000000000006E-01   3.3645340361596783E-02   2.3864668180566508E-02   7.1355357859893874E-04
      64   5.4697889763779521E+01       30   8.7210000000000010E-01   5.0129173810692471E-02   3.8126164728073911E-02   1.1399723253694102E-03
      64   5.4697889763779521E+01       31   9.0200000000000014E-01   6.4014054665586045E-02   5.2082090932139481E-02   1.5572545188709708E-03
      64   5.4697889763779521E+01       32   9.3190000000000006E-01   6.6105638124672197E-02   5.7408622380515209E-02   1.7165178091774051E-03
      64   5.4697889763779521E+01       33   9.6180000000000010E-01   5.0237026081440199E-02   4.6472225166757260E-02   1.3895195324860423E-03
      64   5.4697889763779521E+01       34   9.9170000000000014E-01   3.1676550613930383E-02   3.1152902071310939E-02   9.3147177193219732E-04
      64   5.4697889763779521E+01       35   1.0216000000000001E+00   1.6065046862908043E-02   1.6766552195650031E-02   5.0131991064993606E-04
      64   5.4697889763779521E+01       36   1.0515000000000001E+00   1.1342021974157115E-02   1.2540332115276257E-02   3.7495593024676016E-04
      64   5.4697889763779521E+01       37   1.0814000000000001E+00   1.6541673553505946E-02   1.9344262475315309E-02   5.7839344801192787E-04
      64   5.4697889763779521E+01       38   1.1113000000000002E+00   1.6592560002097113E-02   2.0491607348176313E-02   6.1269905971047189E-04
      64   5.4697889763779521E+01       39   1.1412000000000002E+00   1.6793472098320064E-02   2.1870767461237589E-02   6.5393594709100406E-04
      64   5.4697889763779521E+01       40   1.1711000000000000E+00   1.1034742003729517E-02   1.5133875106860761E-02   4.5250286569513686E-04
      64   5.4697889763779521E+01       41   1.2010000000000001E+00   7.2080470958775433E-03   1.0396894339140867E-02   3.1086714074031197E-04
      64   5.4697889763779521E+01       42   1.2309000000000001E+00   7.3629124604333738E-03   1.1155657713536146E-02   3.3355416563473082E-04
      64   5.4697889763779521E+01       43   1.2608000000000001E+00   8.5421304919254711E-03   1.3578712771016119E-02   4.0600351185338205E-04
      64   5.4697889763779521E+01       44   1.2907000000000002E+00   5.9046788849228078E-03   9.8366428757588713E-03   2.9411562198519031E-04
      64   5.4697889763779521E+01       45   1.3206000000000002E+00   4.8053419987662436E-03   8.3804412902994709E-03   2.5057519457995421E-04
      64   5.4697889763779521E+01       46   1.3505000000000000E+00   3.5637127586368054E-03   6.4996784057679271E-03   1.9434038433246105E-04
      64   5.4697889763779521E+01       47   1.3804000000000001E+00   4.1513493706830376E-03   7.9104134954499118E-03   2.3652136351395243E-04
      64   5.4697889763779521E+01       48   1.4103000000000001E+00   3.4518889559967333E-03   6.8656210421438853E-03   2.0528206916010222E-04
      64   5.4697889763779521E+01       49   1.4402000000000001E+00   3.1809599085850519E-03   6.5978708265877059E-03   1.9727633771497244E-04
      64   5.4697889763779521E+01       50   1.4701000000000002E+00   2.5406446857835891E-03   5.4908260764538258E-03   1.6417569968596942E-04
 
      65   5.5566110236220467E+01        1   5.0000000000000001E-03   1.4728234993892585E+02   3.6820587484731465E-03   1.1009355657934711E-04
      65   5.5566110236220467E+01        2   3.4900000000000000E-02   1.9900895114897008E+01   2.4239489258895706E-02   7.2476072884098178E-04
      65   5.5566110236220467E+01        3   6.4800000000000010E-02   9.5940315991124248E+00   4.0285722445937047E-02   1.2045431011335180E-03
      65   5.5566110236220467E+01        4   9.4700000000000006E-02   6.0905375972505107E+00   5.4620489320526343E-02   1.6331526306837380E-03
      65   5.5566110236220467E+01        5   1.2460000000000002E-01   4.9873098962796885E+00   7.7428784109325591E-02   2.3151206448688358E-03
      65   5.5566110236220467E+01        6   1.5450000000000003E-01   5.0080480594688410E+00   1.1954335919153615E-01   3.5743464398269318E-03
      65   5.5566110236220467E+01        7   1.8440000000000001E-01   5.1788449768316145E+00   1.7609813013139705E-01   5.2653340909287732E-03
      65   5.5566110236220467E+01        8   2.1430000000000002E-01   4.8804310129917301E+00   2.2413130525182862E-01   6.7015260270296773E-03
      65   5.5566110236220467E+01        9   2.4420000000000003E-01   4.1033406932926297E+00   2.4469714170116316E-01   7.3164445368647801E-03
      65   5.5566110236220467E+01       10   2.7410000000000001E-01   3.0419314017957095E+00   2.2854277018134714E-01   6.8334288284222812E-03
      65   5.5566110236220467E+01       11   3.0400000000000005E-01   1.9854679380801523E+00   1.8348900496561540E-01   5.4863212484719016E-03
      65   5.5566110236220467E+01       12   3.3390000000000003E-01   1.2728966439039631E+00   1.4191424124050417E-01   4.2432358130910760E-03
      65   5.5566110236220467E+01       13   3.6380000000000001E-01   1.2334673918213008E+00   1.6324995203320158E-01   4.8811735657927286E-03
      65   5.5566110236220467E+01       14   3.9370000000000005E-01   1.0702696222460459E+00   1.6589145966455429E-01   4.9601546439701745E-03
      65   5.5566110236220467E+01       15   4.2360000000000003E-01   6.4345118490275466E-01   1.1545892452734821E-01   3.4522218433677121E-03
      65   5.5566110236220467E+01       16   4.5350000000000007E-01   6.1970654003831427E-01   1.2745024136399485E-01   3.8107622167834468E-03
      65   5.5566110236220467E+01       17   4.8340000000000005E-01   9.0926182494879160E-01   2.1247226613153089E-01   6.3529207573327752E-03
      65   5.5566110236220467E+01       18   5.1330000000000009E-01   9.0453817549298865E-01   2.3832490536516693E-01   7.1259146704184930E-03
      65   5.5566110236220467E+01       19   5.4320000000000002E-01   8.1195240615120945E-01   2.3957974354199027E-01   7.1634343319055107E-03
      65   5.5566110236220467E+01       20   5.7310000000000005E-01   6.7524376355894544E-01   2.2177949933328653E-01   6.6312070300652689E-03
      65   5.5566110236220467E+01       21   6.0300000000000009E-01   7.0645309180057847E-01   2.5687270225651665E-01   7.6804937974698497E-03
      65   5.5566110236220467E+01       22   6.3290000000000002E-01   6.5589627739473222E-01   2.6272739358326247E-01   7.8555490681395494E-03
      65   5.5566110236220467E+01       23   6.6280000000000006E-01   6.2350403585012404E-01   2.7390771720445717E-01   8.1898407444132709E-03
      65   5.5566110236220467E+01       24   6.9270000000000009E-01   4.8103089028827567E-01   2.3081463467865243E-01   6.9013575768917092E-03
      65   5.5566110236220467E+01       25   7.2260000000000002E-01   3.1939690726772751E-01   1.6677333787149345E-01   4.9865228023576553E-03
      65   5.5566110236220467E+01       26   7.5250000000000006E-01   1.6524141696198319E-01   9.3568985113579015E-02   2.7977126548960132E-03
      65   5.5566110236220467E+01       27   7.8240000000000010E-01   7.7126255894712170E-02   4.7212819035646648E-02   1.4116632891658350E-03
      65   5.5566110236220467E+01       28   8.1230000000000013E-01   5.3928062005606923E-02   3.5583422720359616E-02   1.0639443393387527E-03
      65   5.5566110236220467E+01       29   8.4220000000000006E-01   3.7366257625915132E-02   2.6503917921718016E-02   7.9246714585936890E-04
      65   5.5566110236220467E+01       30   8.7210000000000010E-01   5.5673362520372520E-02   4.2342844077848121E-02   1.2660510379276591E-03
      65   5.5566110236220467E+01       31   9.0200000000000014E-01   6.9212261240059705E-02   5.6311372593957548E-02   1.6837100405593310E-03
      65   5.5566110236220467E+01       32   9.3190000000000006E-01   6.9115122717988198E-02   6.0022171988066378E-02   1.7946629424431852E-03
      65   5.5566110236220467E+01       33   9.6180000000000010E-01   4.9640077380982237E-02   4.5920012255592627E-02   1.3730083664422199E-03
      65   5.5566110236220467E+01       34   9.9170000000000014E-01   2.8618765307382471E-02   2.8145665350021956E-02   8.4155539396565666E-04
      65   5.5566110236220467E+01       35   1.0216000000000001E+00   1.4952254066190510E-02   1.5605167565507063E-02   4.6659451020866126E-04
      65   5.5566110236220467E+01       36   1.0515000000000001E+00   1.2757756732540940E-02   1.4105642436286540E-02   4.2175870884496764E-04
      65   5.5566110236220467E+01       37   1.0814000000000001E+00   1.9135340177115021E-02   2.2377363556549311E-02   6.6908317034082457E-04
      65   5.5566110236220467E+01       38   1.1113000000000002E+00   1.7552578154783276E-02   2.1677217948920264E-02   6.4814881667271608E-04
      65   5.5566110236220467E+01       39   1.1412000000000002E+00   1.6252467014314702E-02   2.1166196285107061E-02   6.3286926892470129E-04
      65   5.5566110236220467E+01       40   1.1711000000000000E+00   1.0410852336077459E-02   1.4278225893900825E-02   4.2691895422763477E-04
      65   5.5566110236220467E+01       41   1.2010000000000001E+00   7.3436041871476534E-03   1.0592422023145965E-02   3.1671341849206440E-04
      65   5.5566110236220467E+01       42   1.2309000000000001E+00   8.2104849130568529E-03   1.2439827289054002E-02   3.7195083594271475E-04
      65   5.5566110236220467E+01       43   1.2608000000000001E+00   9.0930712109450144E-03   1.4454497305623148E-02   4.3218946943813223E-04
      65   5.5566110236220467E+01       44   1.2907000000000002E+00   5.4555915429191533E-03   9.0885053581381339E-03   2.7174631020833028E-04
      65   5.5566110236220467E+01       45   1.3206000000000002E+00   4.4162307055777544E-03   7.7018372806793717E-03   2.3028493469231327E-04
      65   5.5566110236220467E+01       46   1.3505000000000000E+00   3.7556678166429623E-03   6.8497756863012214E-03   2.0480829302040656E-04
      65   5.5566110236220467E+01       47   1.3804000000000001E+00   4.6221819908317764E-03   8.8075870118070332E-03   2.6334685165303035E-04
      65   5.5566110236220467E+01       48   1.4103000000000001E+00   3.1780276776501139E-03   6.3209257233739751E-03   1.8899567912888189E-04
      65   5.5566110236220467E+01       49   1.4402000000000001E+00   2.9786980924348949E-03   6.1783442137221646E-03   1.8473249199029275E-04
      65   5.5566110236220467E+01       50   1.4701000000000002E+00   2.4931815896617631E-03   5.3882491174192812E-03   1.6110864861083654E-04
 
      66   5.6434330708661413E+01        1   5.0000000000000001E-03   1.5097426691650847E+02   3.7743566729127121E-03   1.1285326452009012E-04
      66   5.6434330708661413E+01        2   3.4900000000000000E-02   2.0444731080212602E+01   2.4901886903009752E-02   7.4456641839999174E-04
      66   5.6434330708661413E+01        3   6.4800000000000010E-02   9.9226814505462357E+00   4.1665736318101679E-02   1.2458055159112404E-03
      66   5.6434330708661413E+01        4   9.4700000000000006E-02   6.3705379257255981E+00   5.7131557466320489E-02   1.7082335682429830E-03
      66   5.6434330708661413E+01        5   1.2460000000000002E-01   5.2642595295604933E+00   8.1728471477951412E-02   2.4436812971907478E-03
      66   5.6434330708661413E+01        6   1.5450000000000003E-01   5.2772081338102392E+00   1.2596827745608391E-01   3.7664514959369097E-03
      66   5.6434330708661413E+01        7   1.8440000000000001E-01   5.4261220875733205E+00   1.8450638274770717E-01   5.5167408441564453E-03
      66   5.6434330708661413E+01        8   2.1430000000000002E-01   5.1146973789276817E+00   2.3488986863159056E-01   7.0232070720845589E-03
      66   5.6434330708661413E+01        9   2.4420000000000003E-01   4.3254251444743161E+00   2.5794084591252942E-01   7.7124312927846312E-03
      66   5.6434330708661413E+01       10   2.7410000000000001E-01   3.2374783198177433E+00   2.4323436852534613E-01   7.2727076189078510E-03
      66   5.6434330708661413E+01       11   3.0400000000000005E-01   2.1151184576035607E+00   1.9547078737789073E-01   5.8445765425989343E-03
      66   5.6434330708661413E+01       12   3.3390000000000003E-01   1.3390894361225008E+00   1.4929402335264311E-01   4.4638912982440295E-03
      66   5.6434330708661413E+01       13   3.6380000000000001E-01   1.2582743707001862E+00   1.6653316660289277E-01   4.9793416814264951E-03
      66   5.6434330708661413E+01       14   3.9370000000000005E-01   1.0648553012490607E+00   1.6505224158846107E-01   4.9350620234949868E-03
      66   5.6434330708661413E+01       15   4.2360000000000003E-01   6.3814677070214421E-01   1.1450711656860985E-01   3.4237627854014352E-03
      66   5.6434330708661413E+01       16   4.5350000000000007E-01   6.5446299174596756E-01   1.3459833142420716E-01   4.0244901095837947E-03
      66   5.6434330708661413E+01       17   4.8340000000000005E-01   9.5067017853250879E-01   2.2214838634388404E-01   6.6422367516821342E-03
      66   5.6434330708661413E+01       18   5.1330000000000009E-01   9.2242011515325073E-01   2.4303638321402043E-01   7.2667878580992126E-03
      66   5.6434330708661413E+01       19   5.4320000000000002E-01   8.0508426279589340E-01   2.3755318630635619E-01   7.1028402705600518E-03
      66   5.6434330708661413E+01       20   5.7310000000000005E-01   6.7195396489419590E-01   2.2069898598366300E-01   6.5988996809115252E-03
      66   5.6434330708661413E+01       21   6.0300000000000009E-01   7.2135960088573381E-01   2.6229284311846085E-01   7.8425560092419810E-03
      66   5.6434330708661413E+01       22   6.3290000000000002E-01   6.6761417219423869E-01   2.6742114176427928E-01   7.9958921387519519E-03
      66   5.6434330708661413E+01       23   6.6280000000000006E-01   6.2587317552885535E-01   2.7494848936282024E-01   8.2209598319483261E-03
      66   5.6434330708661413E+01       24   6.9270000000000009E-01   4.8920265326464163E-01   2.3473571859270229E-01   7.0185979859217996E-03
      66   5.6434330708661413E+01       25   7.2260000000000002E-01   3.2335343202639483E-01   1.6883924028119041E-01   5.0482932844075944E-03
      66   5.6434330708661413E+01       26   7.5250000000000006E-01   1.5755786704225452E-01   8.9218126949345652E-02   2.6676219957854357E-03
      66   5.6434330708661413E+01       27   7.8240000000000010E-01   7.2596820880500221E-02   4.4440126478761208E-02   1.3287597817149604E-03
      66   5.6434330708661413E+01       28   8.1230000000000013E-01   5.6696477134752246E-02   3.7410109646279090E-02   1.1185622784237450E-03
      66   5.6434330708661413E+01       29   8.4220000000000006E-01   4.1898221554028725E-02   2.9718443742778686E-02   8.8858146790908295E-04
      66   5.6434330708661413E+01       30   8.7210000000000010E-01   6.0110374307205408E-02   4.5717450707593005E-02   1.3669517761570312E-03
      66   5.6434330708661413E+01       31   9.0200000000000014E-01   7.1430096505944007E-02   5.8115812237622085E-02   1.7376627859049007E-03
      66   5.6434330708661413E+01       32   9.3190000000000006E-01   6.9285936338642176E-02   6.0170512960542565E-02   1.7990983375202230E-03
      66   5.6434330708661413E+01       33   9.6180000000000010E-01   4.6135228358646377E-02   4.2677819282675875E-02   1.2760667965520090E-03
      66   5.6434330708661413E+01       34   9.9170000000000014E-01   2.5130042050150903E-02   2.4714614560715237E-02   7.3896697536538576E-04
      66   5.6434330708661413E+01       35   1.0216000000000001E+00   1.4400059617636666E-02   1.5028860684933776E-02   4.4936293447951999E-04
      66   5.6434330708661413E+01       36   1.0515000000000001E+00   1.4757242163815647E-02   1.6316378002217642E-02   4.8785970226630760E-04
      66   5.6434330708661413E+01       37   1.0814000000000001E+00   2.1278972050257059E-02   2.4884182317685036E-02   7.4403705129878273E-04
      66   5.6434330708661413E+01       38   1.1113000000000002E+00   1.7660350384820649E-02   2.1810315326340271E-02   6.5212842825757423E-04
      66   5.6434330708661413E+01       39   1.1412000000000002E+00   1.5017138422737350E-02   1.9557381609593406E-02   5.8476571012684297E-04
      66   5.6434330708661413E+01       40   1.1711000000000000E+00   9.9018053577396153E-03   1.3580080582385065E-02   4.0604440941331352E-04
      66   5.6434330708661413E+01       41   1.2010000000000001E+00   8.0792390356743370E-03   1.1653502464295702E-02   3.4843972368244158E-04
      66   5.6434330708661413E+01       42   1.2309000000000001E+00   9.0763511528109703E-03   1.3751714052384477E-02   4.1117625016629596E-04
      66   5.6434330708661413E+01       43   1.2608000000000001E+00   9.0849005149002838E-03   1.4441509031230064E-02   4.3180112003377897E-04
      66   5.6434330708661413E+01       44   1.2907000000000002E+00   4.8363102967762294E-03   8.0568407110533490E-03   2.4089953726049519E-04
      66   5.6434330708661413E+01       45   1.3206000000000002E+00   4.6128422983145205E-03   8.0447248234069811E-03   2.4053727221986878E-04
      66   5.6434330708661413E+01       46   1.3505000000000000E+00   4.0359924133257560E-03   7.3610457720422835E-03   2.2009526858406432E-04
      66   5.6434330708661413E+01       47   1.3804000000000001E+00   4.8037811091126694E-03   9.1536248871436059E-03   2.7369338412559389E-04
      66   5.6434330708661413E+01       48   1.4103000000000001E+00   2.9980672658136576E-03   5.9629941658970653E-03   1.7829352556032228E-04
      66   5.6434330708661413E+01       49   1.4402000000000001E+00   3.0772628203841563E-03   6.3827848108236416E-03   1.9084526584362693E-04
      66   5.6434330708661413E+01       50   1.4701000000000002E+00   2.4640607016698166E-03   5.3253132287252054E-03   1.5922686553888367E-04
 
      67   5.7302551181102359E+01        1   5.0000000000000001E-03   1.5582362369871964E+02   3.8955905924679913E-03   1.1647815871479297E-04
      67   5.7302551181102359E+01        2   3.4900000000000000E-02   2.1157639225628831E+01   2.5770216153208174E-02   7.7052946298092459E-04
      67   5.7302551181102359E+01        3   6.4800000000000010E-02   1.0345235379662514E+01   4.3440057168618096E-02   1.2988577093416814E-03
      67   5.7302551181102359E+01        4   9.4700000000000006E-02   6.7188467180865956E+00   6.0255222064005229E-02   1.8016311397137568E-03
      67   5.7302551181102359E+01        5   1.2460000000000002E-01   5.5911377165598903E+00   8.6803307631626969E-02   2.5954188981856469E-03
      67   5.7302551181102359E+01        6   1.5450000000000003E-01   5.5755815682832335E+00   1.3309052593031290E-01   3.9794067253163569E-03
      67   5.7302551181102359E+01        7   1.8440000000000001E-01   5.6915774696073322E+00   1.9353275766694719E-01   5.7866294542417221E-03
      67   5.7302551181102359E+01        8   2.1430000000000002E-01   5.3494871153366423E+00   2.4567246753340652E-01   7.3456067792488566E-03
      67   5.7302551181102359E+01        9   2.4420000000000003E-01   4.5222462975561344E+00   2.6967800769979544E-01   8.0633724302238852E-03
      67   5.7302551181102359E+01       10   2.7410000000000001E-01   3.3903734742348557E+00   2.5472150532177884E-01   7.6161730091211886E-03
      67   5.7302551181102359E+01       11   3.0400000000000005E-01   2.1873285366715076E+00   2.0214415404503411E-01   6.0441102059465212E-03
      67   5.7302551181102359E+01       12   3.3390000000000003E-01   1.3499887881540014E+00   1.5050918350014700E-01   4.5002245866543958E-03
      67   5.7302551181102359E+01       13   3.6380000000000001E-01   1.2439296729988787E+00   1.6463463955045773E-01   4.9225757225586876E-03
      67   5.7302551181102359E+01       14   3.9370000000000005E-01   1.0460589389920993E+00   1.6213881126550436E-01   4.8479504568385819E-03
      67   5.7302551181102359E+01       15   4.2360000000000003E-01   6.4465657677822907E-01   1.1567521638109204E-01   3.4586889697946527E-03
      67   5.7302551181102359E+01       16   4.5350000000000007E-01   6.9389981081176033E-01   1.4270899636612100E-01   4.2669989913470185E-03
      67   5.7302551181102359E+01       17   4.8340000000000005E-01   9.7365033192237072E-01   2.2751828655614592E-01   6.8027967680287646E-03
      67   5.7302551181102359E+01       18   5.1330000000000009E-01   9.1464005287340866E-01   2.4098651660052134E-01   7.2054968463555894E-03
      67   5.7302551181102359E+01       19   5.4320000000000002E-01   7.8830809044488470E-01   2.3260310420915209E-01   6.9548328158536487E-03
      67   5.7302551181102359E+01       20   5.7310000000000005E-01   6.7072791304181700E-01   2.2029629708722048E-01   6.5868592829078938E-03
      67   5.7302551181102359E+01       21   6.0300000000000009E-01   7.2607624090694445E-01   2.6400785587993325E-01   7.8938348908100062E-03
      67   5.7302551181102359E+01       22   6.3290000000000002E-01   6.6058049375703631E-01   2.6460371457830845E-01   7.9116510658914247E-03
      67   5.7302551181102359E+01       23   6.6280000000000006E-01   6.1759125610009391E-01   2.7131021035519470E-01   8.1121752896203235E-03
      67   5.7302551181102359E+01       24   6.9270000000000009E-01   4.8871496388739616E-01   2.3450170899432055E-01   7.0116010989301862E-03
      67   5.7302551181102359E+01       25   7.2260000000000002E-01   3.1363401706417554E-01   1.6376424037191223E-01   4.8965507871201767E-03
      67   5.7302551181102359E+01       26   7.5250000000000006E-01   1.4686671668758688E-01   8.3164196241325386E-02   2.4866094676156297E-03
      67   5.7302551181102359E+01       27   7.8240000000000010E-01   7.3242664580113082E-02   4.4835479544476732E-02   1.3405808383798545E-03
      67   5.7302551181102359E+01       28   8.1230000000000013E-01   5.9896141595936161E-02   3.9521348375269230E-02   1.1816883164205503E-03
      67   5.7302551181102359E+01       29   8.4220000000000006E-01   4.5392975595231914E-02   3.2197275719797504E-02   9.6269854402194555E-04
      67   5.7302551181102359E+01       30   8.7210000000000010E-01   6.1471526669202407E-02   4.6752686583801190E-02   1.3979053288556559E-03
      67   5.7302551181102359E+01       31   9.0200000000000014E-01   7.0883098583233412E-02   5.7670772539713054E-02   1.7243560989374208E-03
      67   5.7302551181102359E+01       32   9.3190000000000006E-01   6.6221846951915048E-02   5.7509542496706895E-02   1.7195353206515365E-03
      67   5.7302551181102359E+01       33   9.6180000000000010E-01   4.0827622981372401E-02   3.7767969886154891E-02   1.1292622995960314E-03
      67   5.7302551181102359E+01       34   9.9170000000000014E-01   2.2336112265337948E-02   2.1966871536507303E-02   6.5680945894156851E-04
      67   5.7302551181102359E+01       35   1.0216000000000001E+00   1.4658042708264199E-02   1.5298109009667181E-02   4.5741345938904882E-04
      67   5.7302551181102359E+01       36   1.0515000000000001E+00   1.6949732497687255E-02   1.8740509872966035E-02   5.6034124520168459E-04
      67   5.7302551181102359E+01       37   1.0814000000000001E+00   2.2232949265255909E-02   2.5999788038153195E-02   7.7739366234078067E-04
      67   5.7302551181102359E+01       38   1.1113000000000002E+00   1.6856813664385812E-02   2.0817957368140273E-02   6.2245692530739426E-04
      67   5.7302551181102359E+01       39   1.1412000000000002E+00   1.3410331218796862E-02   1.7464776429039992E-02   5.2219681522829584E-04
      67   5.7302551181102359E+01       40   1.1711000000000000E+00   9.6480149500356403E-03   1.3232013329683269E-02   3.9563719855752985E-04
      67   5.7302551181102359E+01       41   1.2010000000000001E+00   9.1950439556788346E-03   1.3262940596715109E-02   3.9656192384178186E-04
      67   5.7302551181102359E+01       42   1.2309000000000001E+00   9.5961092726327378E-03   1.4539207277344191E-02   4.3472229759259143E-04
      67   5.7302551181102359E+01       43   1.2608000000000001E+00   8.4349244900449004E-03   1.3408296326518892E-02   4.0090806016291496E-04
      67   5.7302551181102359E+01       44   1.2907000000000002E+00   4.3154586995588461E-03   7.1891506549220437E-03   2.1495560458216915E-04
      67   5.7302551181102359E+01       45   1.3206000000000002E+00   5.1706100511462886E-03   9.0174630608579314E-03   2.6962214551965222E-04
      67   5.7302551181102359E+01       46   1.3505000000000000E+00   4.2606798746905395E-03   7.7708420546243094E-03   2.3234817743326690E-04
      67   5.7302551181102359E+01       47   1.3804000000000001E+00   4.6329907266351349E-03   8.8281831028446736E-03   2.6396267477505578E-04
      67   5.7302551181102359E+01       48   1.4103000000000001E+00   3.0447599737388606E-03   6.0558634447564104E-03   1.8107031699821671E-04
      67   5.7302551181102359E+01       49   1.4402000000000001E+00   3.4217851026839339E-03   7.0973846740159559E-03   2.1221180175307711E-04
      67   5.7302551181102359E+01       50   1.4701000000000002E+00   2.4637045080462775E-03   5.3245434251996127E-03   1.5920384841346845E-04
 
      68   5.8170771653543305E+01        1   5.0000000000000001E-03   1.6057451306540241E+02   4.0143628266350604E-03   1.2002944851638833E-04
      68   5.8170771653543305E+01        2   3.4900000000000000E-02   2.1857590137715242E+01   2.6622763363638544E-02   7.9602062457279261E-04
      68   5.8170771653543305E+01        3   6.4800000000000010E-02   1.0758111785362315E+01   4.5173741711207790E-02   1.3506948771651133E-03
      68   5.8170771653543305E+01        4   9.4700000000000006E-02   7.0492003663813962E+00   6.3217863313741351E-02   1.8902141130808668E-03
      68   5.8170771653543305E+01        5   1.2460000000000002E-01   5.8846793334930680E+00   9.1360588201173265E-02   2.7316815872150814E-03
      68   5.8170771653543305E+01        6   1.5450000000000003E-01   5.8332143365195730E+00   1.3924028451630641E-01   4.1632845070375627E-03
      68   5.8170771653543305E+01        7   1.8440000000000001E-01   5.9192927027700089E+00   2.0127584071766164E-01   6.0181476374580843E-03
      68   5.8170771653543305E+01        8   2.1430000000000002E-01   5.5352653893715686E+00   2.5420424002154074E-01   7.6007067766440698E-03
      68   5.8170771653543305E+01        9   2.4420000000000003E-01   4.6527470475002257E+00   2.7746024244169143E-01   8.2960612490065762E-03
      68   5.8170771653543305E+01       10   2.7410000000000001E-01   3.4616695755552058E+00   2.6007803916381883E-01   7.7763333709981843E-03
      68   5.8170771653543305E+01       11   3.0400000000000005E-01   2.1833810841458416E+00   2.0177934627242217E-01   6.0332024535454240E-03
      68   5.8170771653543305E+01       12   3.3390000000000003E-01   1.3131373556721051E+00   1.4640064640537204E-01   4.3773793275206250E-03
      68   5.8170771653543305E+01       13   3.6380000000000001E-01   1.2125876009324912E+00   1.6048650252195965E-01   4.7985464254065944E-03
      68   5.8170771653543305E+01       14   3.9370000000000005E-01   1.0270157389984567E+00   1.5918712116988173E-01   4.7596949229794646E-03
      68   5.8170771653543305E+01       15   4.2360000000000003E-01   6.6471352544099616E-01   1.1927417427601503E-01   3.5662978108528501E-03
      68   5.8170771653543305E+01       16   4.5350000000000007E-01   7.2195376379681730E-01   1.4847863545842205E-01   4.4395112002068200E-03
      68   5.8170771653543305E+01       17   4.8340000000000005E-01   9.6695803895404553E-01   2.2595446124908847E-01   6.7560383913477465E-03
      68   5.8170771653543305E+01       18   5.1330000000000009E-01   8.8932464952839119E-01   2.3431649285808054E-01   7.0060631364566098E-03
      68   5.8170771653543305E+01       19   5.4320000000000002E-01   7.7320647150689426E-01   2.2814712629120645E-01   6.8215990761070740E-03
      68   5.8170771653543305E+01       20   5.7310000000000005E-01   6.6952239558271043E-01   2.1990035258103349E-01   6.5750205421729029E-03
      68   5.8170771653543305E+01       21   6.0300000000000009E-01   7.1475354896237830E-01   2.5989082318466150E-01   7.7707356132213808E-03
      68   5.8170771653543305E+01       22   6.3290000000000002E-01   6.4001280232953717E-01   2.5636507053197305E-01   7.6653156089059957E-03
      68   5.8170771653543305E+01       23   6.6280000000000006E-01   6.0386256368300228E-01   2.6527914305818751E-01   7.9318463774398079E-03
      68   5.8170771653543305E+01       24   6.9270000000000009E-01   4.7401190293364470E-01   2.2744669088381145E-01   6.8006560574259637E-03
      68   5.8170771653543305E+01       25   7.2260000000000002E-01   2.9227209535783394E-01   1.5261009671788547E-01   4.5630418918647768E-03
      68   5.8170771653543305E+01       26   7.5250000000000006E-01   1.3746307305683769E-01   7.7839324262640966E-02   2.3273957954529655E-03
      68   5.8170771653543305E+01       27   7.8240000000000010E-01   7.5170040786628645E-02   4.6015322426724944E-02   1.3758581405590761E-03
      68   5.8170771653543305E+01       28   8.1230000000000013E-01   6.1920086559080795E-02   4.0856810591189952E-02   1.2216186366765798E-03
      68   5.8170771653543305E+01       29   8.4220000000000006E-01   4.6330012771223950E-02   3.2861916975839879E-02   9.8257131757761265E-04
      68   5.8170771653543305E+01       30   8.7210000000000010E-01   6.0057878555648571E-02   4.5677524622257180E-02   1.3657579862054899E-03
      68   5.8170771653543305E+01       31   9.0200000000000014E-01   6.7926629098206237E-02   5.5265377140817001E-02   1.6524347765104286E-03
      68   5.8170771653543305E+01       32   9.3190000000000006E-01   5.9993229603335627E-02   5.2100376932902044E-02   1.5578012702937715E-03
      68   5.8170771653543305E+01       33   9.6180000000000010E-01   3.5514603088783438E-02   3.2853111742211664E-02   9.8230804109212893E-04
      68   5.8170771653543305E+01       34   9.9170000000000014E-01   2.0713659237279455E-02   2.0371239457925478E-02   6.0910005979197194E-04
      68   5.8170771653543305E+01       35   1.0216000000000001E+00   1.5840749084760342E-02   1.6532460105114978E-02   4.9432055714293793E-04
      68   5.8170771653543305E+01       36   1.0515000000000001E+00   1.8538548146767433E-02   2.0497187470206745E-02   6.1286590535918181E-04
      68   5.8170771653543305E+01       37   1.0814000000000001E+00   2.1814523147203325E-02   2.5510469673360476E-02   7.6276304323347839E-04
      68   5.8170771653543305E+01       38   1.1113000000000002E+00   1.5409520935063200E-02   1.9030568663600346E-02   5.6901400304165044E-04
      68   5.8170771653543305E+01       39   1.1412000000000002E+00   1.2139587944467407E-02   1.5809839886252553E-02   4.7271421259895147E-04
      68   5.8170771653543305E+01       40   1.1711000000000000E+00   9.7834367995874080E-03   1.3417741039235868E-02   4.0119045707315255E-04
      68   5.8170771653543305E+01       41   1.2010000000000001E+00   1.0349163408990258E-02   1.4927643650290961E-02   4.4633654514369980E-04
      68   5.8170771653543305E+01       42   1.2309000000000001E+00   9.5254410570451732E-03   1.4432136817311200E-02   4.3152089083760498E-04
      68   5.8170771653543305E+01       43   1.2608000000000001E+00   7.3811356118236937E-03   1.1733175990651528E-02   3.5082196212048075E-04
      68   5.8170771653543305E+01       44   1.2907000000000002E+00   4.1204183402695771E-03   6.8642316545701187E-03   2.0524052647164659E-04
      68   5.8170771653543305E+01       45   1.3206000000000002E+00   5.6721782367918899E-03   9.8921901320974358E-03   2.9577648494971340E-04
      68   5.8170771653543305E+01       46   1.3505000000000000E+00   4.2774150753892995E-03   7.8013645546025426E-03   2.3326080018261608E-04
      68   5.8170771653543305E+01       47   1.3804000000000001E+00   4.1478416796568310E-03   7.9037295756074800E-03   2.3632151431066369E-04
      68   5.8170771653543305E+01       48   1.4103000000000001E+00   3.3120185010891783E-03   6.5874262477489823E-03   1.9696404480769460E-04
      68   5.8170771653543305E+01       49   1.4402000000000001E+00   3.7461021843285176E-03   7.7700753941258756E-03   2.3232525428436374E-04
      68   5.8170771653543305E+01       50   1.4701000000000002E+00   2.4906967297442938E-03   5.3828788530499577E-03   1.6094807770619378E-04
 
      69   5.9038992125984244E+01        1   5.0000000000000001E-03   1.6372576971470147E+02   4.0931442428675368E-03   1.2238501286173937E-04
      69   5.9038992125984244E+01        2   3.4900000000000000E-02   2.2322265259846130E+01   2.7188742309145187E-02   8.1294339504344132E-04
      69   5.9038992125984244E+01        3   6.4800000000000010E-02   1.1034713952575894E+01   4.6335205275424292E-02   1.3854226377351866E-03
      69   5.9038992125984244E+01        4   9.4700000000000006E-02   7.2639860498743785E+00   6.5144080654017930E-02   1.9478080115551365E-03
      69   5.9038992125984244E+01        5   1.2460000000000002E-01   6.0614484805529862E+00   9.4104957492342031E-02   2.8137382290210275E-03
      69   5.9038992125984244E+01        6   1.5450000000000003E-01   5.9831692005035109E+00   1.4281974460831898E-01   4.2703103637887381E-03
      69   5.9038992125984244E+01        7   1.8440000000000001E-01   6.0523281017925967E+00   2.0579949128337033E-01   6.1534047893727741E-03
      69   5.9038992125984244E+01        8   2.1430000000000002E-01   5.6286750577412619E+00   2.5849403140248806E-01   7.7289715389343948E-03
      69   5.9038992125984244E+01        9   2.4420000000000003E-01   4.6910305247738187E+00   2.7974322554337305E-01   8.3643224437468557E-03
      69   5.9038992125984244E+01       10   2.7410000000000001E-01   3.4361537859286782E+00   2.5816101722138823E-01   7.7190144149195099E-03
      69   5.9038992125984244E+01       11   3.0400000000000005E-01   2.1123033621855294E+00   1.9521062751973794E-01   5.8367977628401655E-03
      69   5.9038992125984244E+01       12   3.3390000000000003E-01   1.2554446472810721E+00   1.3996853192409539E-01   4.1850591045304534E-03
      69   5.9038992125984244E+01       13   3.6380000000000001E-01   1.1884684628614957E+00   1.5729432398584262E-01   4.7031002871766956E-03
      69   5.9038992125984244E+01       14   3.9370000000000005E-01   1.0178832858705786E+00   1.5777159376612113E-01   4.7173706536070229E-03
      69   5.9038992125984244E+01       15   4.2360000000000003E-01   6.8829267715245923E-01   1.2350514557849876E-01   3.6928038527971139E-03
      69   5.9038992125984244E+01       16   4.5350000000000007E-01   7.2366879648788351E-01   1.4883135294049027E-01   4.4500574529206596E-03
      69   5.9038992125984244E+01       17   4.8340000000000005E-01   9.3071808177539062E-01   2.1748606896099026E-01   6.5028334619336107E-03
      69   5.9038992125984244E+01       18   5.1330000000000009E-01   8.6124103701870780E-01   2.2691710997406406E-01   6.7848215882245167E-03
      69   5.9038992125984244E+01       19   5.4320000000000002E-01   7.6584844220003456E-01   2.2597602024982155E-01   6.7566830054696658E-03
      69   5.9038992125984244E+01       20   5.7310000000000005E-01   6.6153300618813493E-01   2.1727628868658341E-01   6.4965610317288458E-03
      69   5.9038992125984244E+01       21   6.0300000000000009E-01   6.8791237327330113E-01   2.5013113013353183E-01   7.4789207909926030E-03
      69   5.9038992125984244E+01       22   6.3290000000000002E-01   6.1444510423863374E-01   2.4612361176652836E-01   7.3590959918191992E-03
      69   5.9038992125984244E+01       23   6.6280000000000006E-01   5.8491937861409526E-01   2.5695732911558594E-01   7.6830241405560209E-03
      69   5.9038992125984244E+01       24   6.9270000000000009E-01   4.4434428665245457E-01   2.1321118095715041E-01   6.3750143106187989E-03
      69   5.9038992125984244E+01       25   7.2260000000000002E-01   2.6795876688571457E-01   1.3991487377803871E-01   4.1834547259633585E-03
      69   5.9038992125984244E+01       26   7.5250000000000006E-01   1.3099908139689340E-01   7.4179048585249638E-02   2.2179535526989647E-03
      69   5.9038992125984244E+01       27   7.8240000000000010E-01   7.3924916603428065E-02   4.5253119956808509E-02   1.3530682867085747E-03
      69   5.9038992125984244E+01       28   8.1230000000000013E-01   6.1928432727754813E-02   4.0862317654432691E-02   1.2217832978675377E-03
      69   5.9038992125984244E+01       29   8.4220000000000006E-01   4.4788645630711138E-02   3.1768623968325749E-02   9.4988185665294007E-04
      69   5.9038992125984244E+01       30   8.7210000000000010E-01   5.8039101317664314E-02   4.4142126615991685E-02   1.3198495858181517E-03
      69   5.9038992125984244E+01       31   9.0200000000000014E-01   6.2681933185683894E-02   5.0998271567605176E-02   1.5248483198713951E-03
      69   5.9038992125984244E+01       32   9.3190000000000006E-01   5.2164912854590455E-02   4.5301972245298819E-02   1.3545289701344351E-03
      69   5.9038992125984244E+01       33   9.6180000000000010E-01   3.1636204604984328E-02   2.9265363388371306E-02   8.7503436531230223E-04
      69   5.9038992125984244E+01       34   9.9170000000000014E-01   2.0403251629244976E-02   2.0065963232204255E-02   5.9997230064290732E-04
      69   5.9038992125984244E+01       35   1.0216000000000001E+00   1.7545168597831794E-02   1.8311305755119134E-02   5.4750804207806222E-04
      69   5.9038992125984244E+01       36   1.0515000000000001E+00   1.8791505369343483E-02   2.0776870192501705E-02   6.2122841875580112E-04
      69   5.9038992125984244E+01       37   1.0814000000000001E+00   2.0283703849578751E-02   2.3720289846649333E-02   7.0923666641481517E-04
      69   5.9038992125984244E+01       38   1.1113000000000002E+00   1.3944732461094922E-02   1.7221572929795637E-02   5.1492503060088961E-04
      69   5.9038992125984244E+01       39   1.1412000000000002E+00   1.1760402158879690E-02   1.5316012040965854E-02   4.5794876002487915E-04
      69   5.9038992125984244E+01       40   1.1711000000000000E+00   1.0406385985968686E-02   1.4272100405447461E-02   4.2673580212287921E-04
      69   5.9038992125984244E+01       41   1.2010000000000001E+00   1.1093186238997502E-02   1.6000822924316239E-02   4.7842460543705566E-04
      69   5.9038992125984244E+01       42   1.2309000000000001E+00   8.8853653605890023E-03   1.3462348650089389E-02   4.0252422463767280E-04
      69   5.9038992125984244E+01       43   1.2608000000000001E+00   6.4466508547295640E-03   1.0247703470948341E-02   3.0640633378135548E-04
      69   5.9038992125984244E+01       44   1.2907000000000002E+00   4.3757394820550773E-03   7.2895728017047939E-03   2.1795822677097339E-04
      69   5.9038992125984244E+01       45   1.3206000000000002E+00   5.8060303935397661E-03   1.0125626200018001E-02   3.0275622338053830E-04
      69   5.9038992125984244E+01       46   1.3505000000000000E+00   4.0794380108676457E-03   7.4402840359804583E-03   2.2246449267581574E-04
      69   5.9038992125984244E+01       47   1.3804000000000001E+00   3.5792766566910676E-03   6.8203265591157223E-03   2.0392776411756015E-04
      69   5.9038992125984244E+01       48   1.4103000000000001E+00   3.6218912758068408E-03   7.2037464914211282E-03   2.1539202009349177E-04
      69   5.9038992125984244E+01       49   1.4402000000000001E+00   3.7500120626934620E-03   7.7781851701497580E-03   2.3256773658747782E-04
      69   5.9038992125984244E+01       50   1.4701000000000002E+00   2.5778061884607316E-03   5.5711392934422654E-03   1.6657706487392378E-04
 
      70   5.9907212598425190E+01        1   5.0000000000000001E-03   1.6385294950997991E+02   4.0963237377494976E-03   1.2248007975871001E-04
      70   5.9907212598425190E+01        2   3.4900000000000000E-02   2.2337301466387611E+01   2.7207056559074776E-02   8.1349099111633597E-04
      70   5.9907212598425190E+01        3   6.4800000000000010E-02   1.1052353403408834E+01   4.6409274035049838E-02   1.3876372936479904E-03
      70   5.9907212598425190E+01        4   9.4700000000000006E-02   7.2785884099509577E+00   6.5275035933397091E-02   1.9517235744085735E-03
      70   5.9907212598425190E+01        5   1.2460000000000002E-01   6.0631999075625158E+00   9.4132148676893304E-02   2.8145512454391102E-03
      70   5.9907212598425190E+01        6   1.5450000000000003E-01   5.9831545300968605E+00   1.4281939442204464E-01   4.2702998932191358E-03
      70   5.9907212598425190E+01        7   1.8440000000000001E-01   6.0534348748037257E+00   2.0583712528450604E-01   6.1545300460067315E-03
      70   5.9907212598425190E+01        8   2.1430000000000002E-01   5.6036117323620722E+00   2.5734301096674467E-01   7.6945560279056673E-03
      70   5.9907212598425190E+01        9   2.4420000000000003E-01   4.6273022076941652E+00   2.7594287402483914E-01   8.2506919333426923E-03
      70   5.9907212598425190E+01       10   2.7410000000000001E-01   3.3262279820877438E+00   2.4990220253891771E-01   7.4720758559136411E-03
      70   5.9907212598425190E+01       11   3.0400000000000005E-01   2.0049834398171211E+00   1.8529254957413913E-01   5.5402472322667613E-03
      70   5.9907212598425190E+01       12   3.3390000000000003E-01   1.2068986633622729E+00   1.3455617852831578E-01   4.0232297379966427E-03
      70   5.9907212598425190E+01       13   3.6380000000000001E-01   1.1834773839291413E+00   1.5663375249307079E-01   4.6833491995428179E-03
      70   5.9907212598425190E+01       14   3.9370000000000005E-01   1.0202530545534967E+00   1.5813890717734513E-01   4.7283533246026202E-03
      70   5.9907212598425190E+01       15   4.2360000000000003E-01   6.9978341526717358E-01   1.2556700869395923E-01   3.7544535599493816E-03
      70   5.9907212598425190E+01       16   4.5350000000000007E-01   6.9448354256984723E-01   1.4282904795288562E-01   4.2705885337912808E-03
      70   5.9907212598425190E+01       17   4.8340000000000005E-01   8.7698894389568671E-01   2.0493088257863323E-01   6.1274333891011348E-03
      70   5.9907212598425190E+01       18   5.1330000000000009E-01   8.4088516094408206E-01   2.2155380705269626E-01   6.6244588308756198E-03
      70   5.9907212598425190E+01       19   5.4320000000000002E-01   7.6177801351805474E-01   2.2477497416344161E-01   6.7207717274869053E-03
      70   5.9907212598425190E+01       20   5.7310000000000005E-01   6.4175107014530752E-01   2.1077903819988805E-01   6.3022932421766542E-03
      70   5.9907212598425190E+01       21   6.0300000000000009E-01   6.5394424727020350E-01   2.3778001380567151E-01   7.1096224127895798E-03
      70   5.9907212598425190E+01       22   6.3290000000000002E-01   5.9029968477656136E-01   2.3645186435633975E-01   7.0699107442545603E-03
      70   5.9907212598425190E+01       23   6.6280000000000006E-01   5.5750367471218143E-01   2.4491350511517224E-01   7.3229138029436511E-03
      70   5.9907212598425190E+01       24   6.9270000000000009E-01   4.0689223873274960E-01   1.9524044158660073E-01   5.8376892034393627E-03
      70   5.9907212598425190E+01       25   7.2260000000000002E-01   2.4937453162795781E-01   1.3021110121418222E-01   3.8933119263040495E-03
      70   5.9907212598425190E+01       26   7.5250000000000006E-01   1.2636676259593099E-01   7.1555969112212167E-02   2.1395234764551444E-03
      70   5.9907212598425190E+01       27   7.8240000000000010E-01   6.9288513304293031E-02   4.2414946789979792E-02   1.2682069090203961E-03
      70   5.9907212598425190E+01       28   8.1230000000000013E-01   5.9732830367871810E-02   3.9413590516984044E-02   1.1784663564578231E-03
      70   5.9907212598425190E+01       29   8.4220000000000006E-01   4.2596593434168474E-02   3.0213799503994190E-02   9.0339260516942644E-04
      70   5.9907212598425190E+01       30   8.7210000000000010E-01   5.6480445133857873E-02   4.2956677547099191E-02   1.2844046586582660E-03
      70   5.9907212598425190E+01       31   9.0200000000000014E-01   5.5795163417082939E-02   4.5395168136792362E-02   1.3573155272900920E-03
      70   5.9907212598425190E+01       32   9.3190000000000006E-01   4.5284404089686460E-02   3.9326679657921540E-02   1.1758677217718542E-03
      70   5.9907212598425190E+01       33   9.6180000000000010E-01   2.9895141060437756E-02   2.7654776469061348E-02   8.2687781642493444E-04
      70   5.9907212598425190E+01       34   9.9170000000000014E-01   2.1583106854641630E-02   2.1226314141085799E-02   6.3466679281846549E-04
      70   5.9907212598425190E+01       35   1.0216000000000001E+00   1.8986423562564251E-02   1.9815495366244378E-02   5.9248331145070701E-04
      70   5.9907212598425190E+01       36   1.0515000000000001E+00   1.7627173412921616E-02   1.9489523945136967E-02   5.8273676595959549E-04
      70   5.9907212598425190E+01       37   1.0814000000000001E+00   1.8013889664471105E-02   2.1065910214208207E-02   6.2987071540482548E-04
      70   5.9907212598425190E+01       38   1.1113000000000002E+00   1.3103672472410791E-02   1.6182874197219196E-02   4.8386793849685404E-04
      70   5.9907212598425190E+01       39   1.1412000000000002E+00   1.2370225082157365E-02   1.6110207265720617E-02   4.8169519724504655E-04
      70   5.9907212598425190E+01       40   1.1711000000000000E+00   1.1416997593073970E-02   1.5658129171530619E-02   4.6817806222876563E-04
      70   5.9907212598425190E+01       41   1.2010000000000001E+00   1.1104241606707302E-02   1.6016769197756221E-02   4.7890139901291109E-04
      70   5.9907212598425190E+01       42   1.2309000000000001E+00   8.0384608224530821E-03   1.2179191041703447E-02   3.6415781214693314E-04
      70   5.9907212598425190E+01       43   1.2608000000000001E+00   6.0983663553368945E-03   9.6940646352596839E-03   2.8985253259426459E-04
      70   5.9907212598425190E+01       44   1.2907000000000002E+00   4.9730585895021041E-03   8.2846505794018036E-03   2.4771105232411397E-04
      70   5.9907212598425190E+01       45   1.3206000000000002E+00   5.5527425307725182E-03   9.6838961287740947E-03   2.8954849425034550E-04
      70   5.9907212598425190E+01       46   1.3505000000000000E+00   3.7639617382898339E-03   6.8649025573703478E-03   2.0526058646537344E-04
      70   5.9907212598425190E+01       47   1.3804000000000001E+00   3.2155214663278989E-03   6.1271895306571119E-03   1.8320296696664769E-04
      70   5.9907212598425190E+01       48   1.4103000000000001E+00   3.7624901936253764E-03   7.4833901592745366E-03   2.2375336576230869E-04
      70   5.9907212598425190E+01       49   1.4402000000000001E+00   3.3721744282633132E-03   6.9944834018044640E-03   2.0913505371395353E-04
      70   5.9907212598425190E+01       50   1.4701000000000002E+00   2.7516114740611976E-03   5.9467662355883319E-03   1.7780831044409117E-04
 
      71   6.0775433070866136E+01        1   5.0000000000000001E-03   1.6015885803160222E+02   4.0039714507900557E-03   1.1971874637862269E-04
      71   6.0775433070866136E+01        2   3.4900000000000000E-02   2.1789753062542449E+01   2.6540137127707329E-02   7.9355010011844930E-04
      71   6.0775433070866136E+01        3   6.4800000000000010E-02   1.0751086033261972E+01   4.5144240297108361E-02   1.3498127848835403E-03
      71   6.0775433070866136E+01        4   9.4700000000000006E-02   7.0604211060310389E+00   6.3318491916785916E-02   1.8932229083118992E-03
      71   6.0775433070866136E+01        5   1.2460000000000002E-01   5.8795721570765638E+00   9.1281298470158811E-02   2.7293108242577488E-03
      71   6.0775433070866136E+01        6   1.5450000000000003E-01   5.8302799021210054E+00   1.3917023883360399E-01   4.1611901411247607E-03
      71   6.0775433070866136E+01        7   1.8440000000000001E-01   5.9166908595119168E+00   2.0118736930469314E-01   6.0155023422103259E-03
      71   6.0775433070866136E+01        8   2.1430000000000002E-01   5.4569670288313326E+00   2.5060842774589426E-01   7.4931919896022402E-03
      71   6.0775433070866136E+01        9   2.4420000000000003E-01   4.4705071879692690E+00   2.6659261626477176E-01   7.9711192263166777E-03
      71   6.0775433070866136E+01       10   2.7410000000000001E-01   3.1648921701889261E+00   2.3778091230895190E-01   7.1096492780376632E-03
      71   6.0775433070866136E+01       11   3.0400000000000005E-01   1.8979777346010740E+00   1.7540351032089291E-01   5.2445649585946994E-03
      71   6.0775433070866136E+01       12   3.3390000000000003E-01   1.1837601856424638E+00   1.3197648792673164E-01   3.9460969890092769E-03
      71   6.0775433070866136E+01       13   3.6380000000000001E-01   1.1911566847246593E+00   1.5765011133224996E-01   4.7137383288342752E-03
      71   6.0775433070866136E+01       14   3.9370000000000005E-01   1.0230411882963122E+00   1.5857106704316007E-01   4.7412749045904869E-03
      71   6.0775433070866136E+01       15   4.2360000000000003E-01   6.8712553326870685E-01   1.2329571682811565E-01   3.6865419331606588E-03
      71   6.0775433070866136E+01       16   4.5350000000000007E-01   6.4265983442960206E-01   1.3217086753341947E-01   3.9519089392492431E-03
      71   6.0775433070866136E+01       17   4.8340000000000005E-01   8.2494537369024212E-01   1.9276957216647664E-01   5.7638102077776530E-03
      71   6.0775433070866136E+01       18   5.1330000000000009E-01   8.2823194458099347E-01   2.1821997695685258E-01   6.5247773110098939E-03
      71   6.0775433070866136E+01       19   5.4320000000000002E-01   7.4999457227903810E-01   2.2129807846278401E-01   6.6168125460372438E-03
      71   6.0775433070866136E+01       20   5.7310000000000005E-01   6.1195683078944463E-01   2.0099331066864437E-01   6.0096999889924681E-03
      71   6.0775433070866136E+01       21   6.0300000000000009E-01   6.2381236631607462E-01   2.2682379070382166E-01   6.7820313420442696E-03
      71   6.0775433070866136E+01       22   6.3290000000000002E-01   5.6867476871386813E-01   2.2778973586221965E-01   6.8109131022803691E-03
      71   6.0775433070866136E+01       23   6.6280000000000006E-01   5.2230398253022914E-01   2.2945014517282261E-01   6.8605593406673975E-03
      71   6.0775433070866136E+01       24   6.9270000000000009E-01   3.7429377777281875E-01   1.7959861481526054E-01   5.3699985829762913E-03
      71   6.0775433070866136E+01       25   7.2260000000000002E-01   2.3937603110678995E-01   1.2499037656819403E-01   3.7372122593890022E-03
      71   6.0775433070866136E+01       26   7.5250000000000006E-01   1.2238952072243726E-01   6.9303831043584632E-02   2.0721845482031811E-03
      71   6.0775433070866136E+01       27   7.8240000000000010E-01   6.4750696159296850E-02   3.9637123113746495E-02   1.1851499811010204E-03
      71   6.0775433070866136E+01       28   8.1230000000000013E-01   5.6542489415674482E-02   3.7308503730955851E-02   1.1155242615555803E-03
      71   6.0775433070866136E+01       29   8.4220000000000006E-01   4.1746859200830697E-02   2.9611082298510949E-02   8.8537136072547751E-04
      71   6.0775433070866136E+01       30   8.7210000000000010E-01   5.4001984691460940E-02   4.1071663613781881E-02   1.2280427420520786E-03
      71   6.0775433070866136E+01       31   9.0200000000000014E-01   4.9117148913261570E-02   3.9961908824425275E-02   1.1948610738503160E-03
      71   6.0775433070866136E+01       32   9.3190000000000006E-01   4.1363030173473432E-02   3.5921211066209158E-02   1.0740442108796541E-03
      71   6.0775433070866136E+01       33   9.6180000000000010E-01   3.0490318478752498E-02   2.8205350839312748E-02   8.4333999009545140E-04
      71   6.0775433070866136E+01       34   9.9170000000000014E-01   2.4119549339228774E-02   2.3720826415951562E-02   7.0925270983695186E-04
      71   6.0775433070866136E+01       35   1.0216000000000001E+00   1.9694735911479525E-02   2.0554737278842303E-02   6.1458664463738500E-04
      71   6.0775433070866136E+01       36   1.0515000000000001E+00   1.5583989219408611E-02   1.7230472744414877E-02   5.1519113505800495E-04
      71   6.0775433070866136E+01       37   1.0814000000000001E+00   1.5533277635519991E-02   1.8165018110864500E-02   5.4313404151484865E-04
      71   6.0775433070866136E+01       38   1.1113000000000002E+00   1.3039473287845016E-02   1.6103588994572426E-02   4.8149731093771568E-04
      71   6.0775433070866136E+01       39   1.1412000000000002E+00   1.3840246811296791E-02   1.8024671601192432E-02   5.3893768087565378E-04
      71   6.0775433070866136E+01       40   1.1711000000000000E+00   1.2356172600201935E-02   1.6946184411658197E-02   5.0669091390858018E-04
      71   6.0775433070866136E+01       41   1.2010000000000001E+00   1.0364192399342274E-02   1.4949321481003698E-02   4.4698471228201070E-04
      71   6.0775433070866136E+01       42   1.2309000000000001E+00   7.4646934597436265E-03   1.1309867612967709E-02   3.3816504162773460E-04
      71   6.0775433070866136E+01       43   1.2608000000000001E+00   6.4655551569571838E-03   1.0277754064336954E-02   3.0730484652367499E-04
      71   6.0775433070866136E+01       44   1.2907000000000002E+00   5.5180240863167999E-03   9.1925121373714804E-03   2.7485611290740730E-04
      71   6.0775433070866136E+01       45   1.3206000000000002E+00   5.2189220675620965E-03   9.1017184618871639E-03   2.7214138201042627E-04
      71   6.0775433070866136E+01       46   1.3505000000000000E+00   3.5026367219001199E-03   6.3882848608967143E-03   1.9100971734081179E-04
      71   6.0775433070866136E+01       47   1.3804000000000001E+00   3.2129704550613678E-03   6.1223285680765301E-03   1.8305762418548830E-04
      71   6.0775433070866136E+01       48   1.4103000000000001E+00   3.7033397256685859E-03   7.3657430673102070E-03   2.2023571771257524E-04
      71   6.0775433070866136E+01       49   1.4402000000000001E+00   2.8838926074354673E-03   5.9817009482757725E-03   1.7885285835344563E-04
      71   6.0775433070866136E+01       50   1.4701000000000002E+00   2.9204579975133792E-03   6.3116763306825113E-03   1.8871912228740712E-04
 
      72   6.1643653543307082E+01        1   5.0000000000000001E-03   1.5309758706340395E+02   3.8274396765850989E-03   1.1444044632989448E-04
      72   6.1643653543307082E+01        2   3.4900000000000000E-02   2.0757822498995640E+01   2.5283235382001681E-02   7.5596873792185045E-04
      72   6.1643653543307082E+01        3   6.4800000000000010E-02   1.0180789610726199E+01   4.2749542807023748E-02   1.2782113299300104E-03
      72   6.1643653543307082E+01        4   9.4700000000000006E-02   6.6521273552169564E+00   5.9656876813047648E-02   1.7837406167101250E-03
      72   6.1643653543307082E+01        5   1.2460000000000002E-01   5.5530201636574681E+00   8.6211526524008403E-02   2.5777246430678520E-03
      72   6.1643653543307082E+01        6   1.5450000000000003E-01   5.5603291147682521E+00   1.3272644605179693E-01   3.9685207369487292E-03
      72   6.1643653543307082E+01        7   1.8440000000000001E-01   5.6699970124844290E+00   1.9279894961443256E-01   5.7646885934715345E-03
      72   6.1643653543307082E+01        8   2.1430000000000002E-01   5.2178718934895292E+00   2.3962810559384098E-01   7.1648803572558466E-03
      72   6.1643653543307082E+01        9   2.4420000000000003E-01   4.2547884794539028E+00   2.5372852445990152E-01   7.5864828813510567E-03
      72   6.1643653543307082E+01       10   2.7410000000000001E-01   2.9933062945795101E+00   2.2488952648985722E-01   6.7241968420467318E-03
      72   6.1643653543307082E+01       11   3.0400000000000005E-01   1.8167510295002585E+00   1.6789686314229593E-01   5.0201162079546498E-03
      72   6.1643653543307082E+01       12   3.3390000000000003E-01   1.1832469644232937E+00   1.3191926929845113E-01   3.9443861520236899E-03
      72   6.1643653543307082E+01       13   3.6380000000000001E-01   1.1930598282429121E+00   1.5790199321427387E-01   4.7212695971067895E-03
      72   6.1643653543307082E+01       14   3.9370000000000005E-01   1.0089072180594134E+00   1.5638030603797154E-01   4.6757711505353503E-03
      72   6.1643653543307082E+01       15   4.2360000000000003E-01   6.4922261931414549E-01   1.1649453317296757E-01   3.4831865418717312E-03
      72   6.1643653543307082E+01       16   4.5350000000000007E-01   5.8607828531124928E-01   1.2053417883325353E-01   3.6039719471142812E-03
      72   6.1643653543307082E+01       17   4.8340000000000005E-01   7.9118012777361679E-01   1.8487945941837150E-01   5.5278958366093093E-03
      72   6.1643653543307082E+01       18   5.1330000000000009E-01   8.1579321570306407E-01   2.1494265935654255E-01   6.4267855147606238E-03
      72   6.1643653543307082E+01       19   5.4320000000000002E-01   7.2335303058552780E-01   2.1343705892747672E-01   6.3817680619315557E-03
      72   6.1643653543307082E+01       20   5.7310000000000005E-01   5.7970031052085647E-01   1.9039886270559112E-01   5.6929259948971756E-03
      72   6.1643653543307082E+01       21   6.0300000000000009E-01   6.0229383245942725E-01   2.1899945812673996E-01   6.5480837979895266E-03
      72   6.1643653543307082E+01       22   6.3290000000000002E-01   5.4689598632585412E-01   2.1906597430201119E-01   6.5500726316301359E-03
      72   6.1643653543307082E+01       23   6.6280000000000006E-01   4.8836236777484315E-01   2.1453946347498087E-01   6.4147299579019297E-03
      72   6.1643653543307082E+01       24   6.9270000000000009E-01   3.5753592075335378E-01   1.7155763714826106E-01   5.1295733507330070E-03
      72   6.1643653543307082E+01       25   7.2260000000000002E-01   2.3584615090119976E-01   1.2314724693613616E-01   3.6821026833904718E-03
      72   6.1643653543307082E+01       26   7.5250000000000006E-01   1.1983424653030382E-01   6.7856891061825367E-02   2.0289210427485789E-03
      72   6.1643653543307082E+01       27   7.8240000000000010E-01   6.3668438788203080E-02   3.8974619523773214E-02   1.1653411237608194E-03
      72   6.1643653543307082E+01       28   8.1230000000000013E-01   5.5131418066622508E-02   3.6377434702428844E-02   1.0876852976026226E-03
      72   6.1643653543307082E+01       29   8.4220000000000006E-01   4.2570765391202289E-02   3.0195479651422719E-02   9.0284484157753951E-04
      72   6.1643653543307082E+01       30   8.7210000000000010E-01   4.9000105840214893E-02   3.7267442587665560E-02   1.1142965333712006E-03
      72   6.1643653543307082E+01       31   9.0200000000000014E-01   4.4767320827735435E-02   3.6422871294728869E-02   1.0890438517123934E-03
      72   6.1643653543307082E+01       32   9.3190000000000006E-01   4.0942857354536628E-02   3.5556317187544713E-02   1.0631338839075871E-03
      72   6.1643653543307082E+01       33   9.6180000000000010E-01   3.3380743194481491E-02   3.0879164930122226E-02   9.2328703141065474E-04
      72   6.1643653543307082E+01       34   9.9170000000000014E-01   2.7211369856438305E-02   2.6761535708090846E-02   8.0016991767191642E-04
      72   6.1643653543307082E+01       35   1.0216000000000001E+00   1.9840918725238695E-02   2.0707303393209454E-02   6.1914837145696277E-04
      72   6.1643653543307082E+01       36   1.0515000000000001E+00   1.3501726485897328E-02   1.4928214268016975E-02   4.4635360661370764E-04
      72   6.1643653543307082E+01       37   1.0814000000000001E+00   1.3714766903192111E-02   1.6038404451941667E-02   4.7954829311305596E-04
      72   6.1643653543307082E+01       38   1.1113000000000002E+00   1.3524108203507197E-02   1.6702107149559407E-02   4.9939300377182638E-04
      72   6.1643653543307082E+01       39   1.1412000000000002E+00   1.5826915439471050E-02   2.0611984536537210E-02   6.1629833764246275E-04
      72   6.1643653543307082E+01       40   1.1711000000000000E+00   1.2757695909567577E-02   1.7496863676690334E-02   5.2315622393304105E-04
      72   6.1643653543307082E+01       41   1.2010000000000001E+00   9.2149305499378137E-03   1.3291625040160855E-02   3.9741958870080966E-04
      72   6.1643653543307082E+01       42   1.2309000000000001E+00   7.3636690871035559E-03   1.1156804089809779E-02   3.3358844228531244E-04
      72   6.1643653543307082E+01       43   1.2608000000000001E+00   7.3932079494749402E-03   1.1752366379465648E-02   3.5139575474602296E-04
      72   6.1643653543307082E+01       44   1.2907000000000002E+00   5.6697489270073924E-03   9.4452715341721543E-03   2.8241361887174749E-04
      72   6.1643653543307082E+01       45   1.3206000000000002E+00   5.0962745488252817E-03   8.8878231074173506E-03   2.6574591091177885E-04
      72   6.1643653543307082E+01       46   1.3505000000000000E+00   3.4079602157847371E-03   6.2156090915490465E-03   1.8584671183731653E-04
      72   6.1643653543307082E+01       47   1.3804000000000001E+00   3.5498201847946245E-03   6.7641971293781267E-03   2.0224949416840603E-04
      72   6.1643653543307082E+01       48   1.4103000000000001E+00   3.5238536181078873E-03   7.0087548754680365E-03   2.0956177077649434E-04
      72   6.1643653543307082E+01       49   1.4402000000000001E+00   2.6004647336681477E-03   5.3938216434394537E-03   1.6127526713883970E-04
      72   6.1643653543307082E+01       50   1.4701000000000002E+00   2.9255386271370191E-03   6.3226565569921506E-03   1.8904743105406535E-04
 
      73   6.2511874015748027E+01        1   5.0000000000000001E-03   1.4421108023373617E+02   3.6052770058434044E-03   1.0779778247471782E-04
      73   6.2511874015748027E+01        2   3.4900000000000000E-02   1.9478358856426347E+01   2.3724835870715857E-02   7.0937259253440424E-04
      73   6.2511874015748027E+01        3   6.4800000000000010E-02   9.4804162067525848E+00   3.9808646868802387E-02   1.1902785413771917E-03
      73   6.2511874015748027E+01        4   9.4700000000000006E-02   6.1565189313650048E+00   5.5212215863185192E-02   1.6508452543092377E-03
      73   6.2511874015748027E+01        5   1.2460000000000002E-01   5.1642479250044113E+00   8.0175775315361505E-02   2.3972556819293095E-03
      73   6.2511874015748027E+01        6   1.5450000000000003E-01   5.2344450191678993E+00   1.2494751121879259E-01   3.7359305854418991E-03
      73   6.2511874015748027E+01        7   1.8440000000000001E-01   5.3677636637708330E+00   1.8252200025411860E-01   5.4574078075981473E-03
      73   6.2511874015748027E+01        8   2.1430000000000002E-01   4.9442464863496127E+00   2.2706199831989796E-01   6.7891537497649507E-03
      73   6.2511874015748027E+01        9   2.4420000000000003E-01   4.0329810499359295E+00   2.4050134005870130E-01   7.1909900677551708E-03
      73   6.2511874015748027E+01       10   2.7410000000000001E-01   2.8486271596632600E+00   2.1401966589350008E-01   6.3991880102156539E-03
      73   6.2511874015748027E+01       11   3.0400000000000005E-01   1.7690931541519619E+00   1.6349251293410774E-01   4.8884261367298223E-03
      73   6.2511874015748027E+01       12   3.3390000000000003E-01   1.1893533196664321E+00   1.3260006202048799E-01   3.9647418544125918E-03
      73   6.2511874015748027E+01       13   3.6380000000000001E-01   1.1704752598935222E+00   1.5491291565602203E-01   4.6318961781150600E-03
      73   6.2511874015748027E+01       14   3.9370000000000005E-01   9.6797392505593838E-01   1.5003565831175372E-01   4.4860661835214371E-03
      73   6.2511874015748027E+01       15   4.2360000000000003E-01   5.9750774138429918E-01   1.0721497269046486E-01   3.2057276834448999E-03
      73   6.2511874015748027E+01       16   4.5350000000000007E-01   5.4393183048905691E-01   1.1186624410499808E-01   3.3448006987394432E-03
      73   6.2511874015748027E+01       17   4.8340000000000005E-01   7.8019311655964418E-01   1.8231206342022019E-01   5.4511306962645844E-03
      73   6.2511874015748027E+01       18   5.1330000000000009E-01   7.9719076003057709E-01   2.1004134218959281E-01   6.2802361314688261E-03
      73   6.2511874015748027E+01       19   5.4320000000000002E-01   6.8585243670380902E-01   2.0237189969303093E-01   6.0509198008216261E-03
      73   6.2511874015748027E+01       20   5.7310000000000005E-01   5.5244637913717975E-01   1.8144748309524403E-01   5.4252797445477974E-03
      73   6.2511874015748027E+01       21   6.0300000000000009E-01   5.8507212837713851E-01   2.1273749152708304E-01   6.3608509966597846E-03
      73   6.2511874015748027E+01       22   6.3290000000000002E-01   5.2341149902343465E-01   2.0965897147053963E-01   6.2688032469691360E-03
      73   6.2511874015748027E+01       23   6.6280000000000006E-01   4.6795996641077775E-01   2.0557661021052570E-01   6.1467406452947199E-03
      73   6.2511874015748027E+01       24   6.9270000000000009E-01   3.5966022403992193E-01   1.7257694858321287E-01   5.1600507626380658E-03
      73   6.2511874015748027E+01       25   7.2260000000000002E-01   2.3645035835388140E-01   1.2346273431675153E-01   3.6915357560708714E-03
      73   6.2511874015748027E+01       26   7.5250000000000006E-01   1.2082461806417998E-01   6.8417695132704834E-02   2.0456890844678748E-03
      73   6.2511874015748027E+01       27   7.8240000000000010E-01   6.6857252431958877E-02   4.0926651030483048E-02   1.2237068658114433E-03
      73   6.2511874015748027E+01       28   8.1230000000000013E-01   5.7737776308984239E-02   3.8097191423688517E-02   1.1391060235682868E-03
      73   6.2511874015748027E+01       29   8.4220000000000006E-01   4.3289755341280864E-02   3.0705459826965011E-02   9.1809324882625401E-04
      73   6.2511874015748027E+01       30   8.7210000000000010E-01   4.2486130783359520E-02   3.2313184075643979E-02   9.6616420386175521E-04
      73   6.2511874015748027E+01       31   9.0200000000000014E-01   4.3260628668261636E-02   3.5197020527012346E-02   1.0523909137576694E-03
      73   6.2511874015748027E+01       32   9.3190000000000006E-01   4.3319040993116495E-02   3.7619884427554116E-02   1.1248345443838684E-03
      73   6.2511874015748027E+01       33   9.6180000000000010E-01   3.7880617691243512E-02   3.5041815412192284E-02   1.0477502808245494E-03
      73   6.2511874015748027E+01       34   9.9170000000000014E-01   2.9795748720873184E-02   2.9303191921236080E-02   8.7616543844495898E-04
      73   6.2511874015748027E+01       35   1.0216000000000001E+00   1.9578902264488517E-02   2.0433845574954944E-02   6.1097198269115293E-04
      73   6.2511874015748027E+01       36   1.0515000000000001E+00   1.2063625532212937E-02   1.3338174712848682E-02   3.9881142391417568E-04
      73   6.2511874015748027E+01       37   1.0814000000000001E+00   1.3405758229569277E-02   1.5677041687141957E-02   4.6874354644554461E-04
      73   6.2511874015748027E+01       38   1.1113000000000002E+00   1.4400177724242499E-02   1.7784042223251705E-02   5.3174286247522609E-04
      73   6.2511874015748027E+01       39   1.1412000000000002E+00   1.7541374286973044E-02   2.2844788482978308E-02   6.8305917564105158E-04
      73   6.2511874015748027E+01       40   1.1711000000000000E+00   1.2626649650217033E-02   1.7317136980627833E-02   5.1778239572077228E-04
      73   6.2511874015748027E+01       41   1.2010000000000001E+00   8.1722225605122597E-03   1.1787621993505446E-02   3.5244989760581293E-04
      73   6.2511874015748027E+01       42   1.2309000000000001E+00   7.6148401275447659E-03   1.1537357053025365E-02   3.4496697588545848E-04
      73   6.2511874015748027E+01       43   1.2608000000000001E+00   8.5408873323408723E-03   1.3576736623854264E-02   4.0594442505324259E-04
      73   6.2511874015748027E+01       44   1.2907000000000002E+00   5.4753922294235365E-03   9.1214914502922417E-03   2.7273259436373811E-04
      73   6.2511874015748027E+01       45   1.3206000000000002E+00   5.1341749669249559E-03   8.9539208438206442E-03   2.6772223323023734E-04
      73   6.2511874015748027E+01       46   1.3505000000000000E+00   3.4811509928019888E-03   6.3490981085096553E-03   1.8983803344443874E-04
      73   6.2511874015748027E+01       47   1.3804000000000001E+00   4.1150312111134808E-03   7.8412090913065769E-03   2.3445215183006671E-04
      73   6.2511874015748027E+01       48   1.4103000000000001E+00   3.3537619541768354E-03   6.6704517255507766E-03   1.9944650659396826E-04
      73   6.2511874015748027E+01       49   1.4402000000000001E+00   2.7305949688953978E-03   5.6637346594273800E-03   1.6934566631687871E-04
      73   6.2511874015748027E+01       50   1.4701000000000002E+00   2.7958906179683884E-03   6.0424620561684806E-03   1.8066961547943760E-04
 
      74   6.3380094488188973E+01        1   5.0000000000000001E-03   1.3540895259163980E+02   3.3852238147909952E-03   1.0121819206225078E-04
      74   6.3380094488188973E+01        2   3.4900000000000000E-02   1.8236619846955769E+01   2.2212385339790596E-02   6.6415032165973895E-04
      74   6.3380094488188973E+01        3   6.4800000000000010E-02   8.8172830762040171E+00   3.7024124328303723E-02   1.1070213174162815E-03
      74   6.3380094488188973E+01        4   9.4700000000000006E-02   5.6983990198141230E+00   5.1103755265604844E-02   1.5280022824415852E-03
      74   6.3380094488188973E+01        5   1.2460000000000002E-01   4.8069948879841249E+00   7.4629364755135638E-02   2.2314180061785561E-03
      74   6.3380094488188973E+01        6   1.5450000000000003E-01   4.9223730024203327E+00   1.1749827416102400E-01   3.5131983974146185E-03
      74   6.3380094488188973E+01        7   1.8440000000000001E-01   5.0766432489048068E+00   1.7262292798407977E-01   5.1614255467239863E-03
      74   6.3380094488188973E+01        8   2.1430000000000002E-01   4.7024177122521111E+00   2.1595613520214499E-01   6.4570884425441365E-03
      74   6.3380094488188973E+01        9   2.4420000000000003E-01   3.8573472933978645E+00   2.3002765984946269E-01   6.8778270294989358E-03
      74   6.3380094488188973E+01       10   2.7410000000000001E-01   2.7547533385881580E+00   2.0696684967833259E-01   6.1883088053821455E-03
      74   6.3380094488188973E+01       11   3.0400000000000005E-01   1.7488207513142044E+00   1.6161901855345356E-01   4.8324086547482624E-03
      74   6.3380094488188973E+01       12   3.3390000000000003E-01   1.1834987151083054E+00   1.3194733678344006E-01   3.9452253698248584E-03
      74   6.3380094488188973E+01       13   3.6380000000000001E-01   1.1158644694345874E+00   1.4768515351003420E-01   4.4157860899500237E-03
      74   6.3380094488188973E+01       14   3.9370000000000005E-01   9.0675684753768226E-01   1.4054703027371807E-01   4.2023562051841708E-03
      74   6.3380094488188973E+01       15   4.2360000000000003E-01   5.4998519442687055E-01   9.8687671332966617E-02   2.9507613728557026E-03
      74   6.3380094488188973E+01       16   4.5350000000000007E-01   5.2624274979767172E-01   1.0822826796957626E-01   3.2360252122903307E-03
      74   6.3380094488188973E+01       17   4.8340000000000005E-01   7.8312526991460396E-01   1.8299723599744627E-01   5.4716173563236449E-03
      74   6.3380094488188973E+01       18   5.1330000000000009E-01   7.7248687832180851E-01   2.0353244026603859E-01   6.0856199639545555E-03
      74   6.3380094488188973E+01       19   5.4320000000000002E-01   6.5067519147545461E-01   1.9199228220994247E-01   5.7405692380772810E-03
      74   6.3380094488188973E+01       20   5.7310000000000005E-01   5.3367835529629148E-01   1.7528324559237662E-01   5.2409690432120622E-03
      74   6.3380094488188973E+01       21   6.0300000000000009E-01   5.6531914569441033E-01   2.0555512924679892E-01   6.1460983644792888E-03
      74   6.3380094488188973E+01       22   6.3290000000000002E-01   5.0155917258648430E-01   2.0090575092884810E-01   6.0070819527725597E-03
      74   6.3380094488188973E+01       23   6.6280000000000006E-01   4.6755896230407273E-01   2.0540044756659442E-01   6.1414733822411742E-03
      74   6.3380094488188973E+01       24   6.9270000000000009E-01   3.7530363334281591E-01   1.8008317713583710E-01   5.3844869963615306E-03
      74   6.3380094488188973E+01       25   7.2260000000000002E-01   2.4142468634139938E-01   1.2606008345592332E-01   3.7691964953321081E-03
      74   6.3380094488188973E+01       26   7.5250000000000006E-01   1.2709990790964751E-01   7.1971117228262355E-02   2.1519364051250447E-03
      74   6.3380094488188973E+01       27   7.8240000000000010E-01   7.3355294037437221E-02   4.4904425639746635E-02   1.3426423266284246E-03
      74   6.3380094488188973E+01       28   8.1230000000000013E-01   6.3428883290246485E-02   4.1852361884662792E-02   1.2513856203514178E-03
      74   6.3380094488188973E+01       29   8.4220000000000006E-01   4.1835967014350647E-02   2.9674286545491212E-02   8.8726116771018740E-04
      74   6.3380094488188973E+01       30   8.7210000000000010E-01   3.7824423622843564E-02   2.8767683489756345E-02   8.6015373634371495E-04
      74   6.3380094488188973E+01       31   9.0200000000000014E-01   4.3828696932677755E-02   3.5659203139214363E-02   1.0662101738625096E-03
      74   6.3380094488188973E+01       32   9.3190000000000006E-01   4.7489292373332860E-02   4.1241487569288422E-02   1.2331204783217241E-03
      74   6.3380094488188973E+01       33   9.6180000000000010E-01   4.2635905198096596E-02   3.9440738059263292E-02   1.1792780679719726E-03
      74   6.3380094488188973E+01       34   9.9170000000000014E-01   3.1457626885090337E-02   3.0937597394713960E-02   9.2503416210194757E-04
      74   6.3380094488188973E+01       35   1.0216000000000001E+00   1.8827842256271571E-02   1.9649989359825593E-02   5.8753468185878538E-04
      74   6.3380094488188973E+01       36   1.0515000000000001E+00   1.1579641187247598E-02   1.2803056332872979E-02   3.8281138435290214E-04
      74   6.3380094488188973E+01       37   1.0814000000000001E+00   1.4821578579441648E-02   1.7332738758978991E-02   5.1824888889347197E-04
      74   6.3380094488188973E+01       38   1.1113000000000002E+00   1.5724675621124073E-02   1.9419780821331337E-02   5.8065144655780707E-04
      74   6.3380094488188973E+01       39   1.1412000000000002E+00   1.8203152786165196E-02   2.3706647399463258E-02   7.0882875724395157E-04
      74   6.3380094488188973E+01       40   1.1711000000000000E+00   1.2301608530707735E-02   1.6871351142990182E-02   5.0445339917540657E-04
      74   6.3380094488188973E+01       41   1.2010000000000001E+00   7.6334180611162010E-03   1.1010449844772072E-02   3.2921245035868503E-04
      74   6.3380094488188973E+01       42   1.2309000000000001E+00   8.0874434715107243E-03   1.2253405378723714E-02   3.6637682082383915E-04
      74   6.3380094488188973E+01       43   1.2608000000000001E+00   9.4380014228972828E-03   1.5002804110181202E-02   4.4858384289441807E-04
      74   6.3380094488188973E+01       44   1.2907000000000002E+00   5.1562580110913591E-03   8.5898436847915895E-03   2.5683632617526858E-04
      74   6.3380094488188973E+01       45   1.3206000000000002E+00   5.1383514349590707E-03   8.9612045387521804E-03   2.6794001570869025E-04
      74   6.3380094488188973E+01       46   1.3505000000000000E+00   3.6702590891101779E-03   6.6940029572383703E-03   2.0015068842142733E-04
      74   6.3380094488188973E+01       47   1.3804000000000001E+00   4.7325586142202966E-03   9.0179101268406114E-03   2.6963551279253435E-04
      74   6.3380094488188973E+01       48   1.4103000000000001E+00   3.2494058862080708E-03   6.4628931321965280E-03   1.9324050465267621E-04
      74   6.3380094488188973E+01       49   1.4402000000000001E+00   3.2135991540034633E-03   6.6655703673982542E-03   1.9930055398520785E-04
      74   6.3380094488188973E+01       50   1.4701000000000002E+00   2.6638614958137282E-03   5.7571215082222703E-03   1.7213793309584592E-04
 
      75   6.4248314960629926E+01        1   5.0000000000000001E-03   1.2834427025439652E+02   3.2086067563599132E-03   9.5937342015161431E-05
      75   6.4248314960629926E+01        2   3.4900000000000000E-02   1.7270667084480568E+01   2.1035845215568179E-02   6.2897177194548863E-04
      75   6.4248314960629926E+01        3   6.4800000000000010E-02   8.3262700289568343E+00   3.4962340902390913E-02   1.0453739929814885E-03
      75   6.4248314960629926E+01        4   9.4700000000000006E-02   5.3753773209413325E+00   4.8206867598160764E-02   1.4413853411850072E-03
      75   6.4248314960629926E+01        5   1.2460000000000002E-01   4.5533770595675032E+00   7.0691907390115036E-02   2.1136880309644401E-03
      75   6.4248314960629926E+01        6   1.5450000000000003E-01   4.6848363000379774E+00   1.1182821369098157E-01   3.3436635893603498E-03
      75   6.4248314960629926E+01        7   1.8440000000000001E-01   4.8599411038133304E+00   1.6525432693176206E-01   4.9411043752596870E-03
      75   6.4248314960629926E+01        8   2.1430000000000002E-01   4.5452859328429538E+00   2.0873993836998692E-01   6.2413241572626104E-03
      75   6.4248314960629926E+01        9   2.4420000000000003E-01   3.7609777166437608E+00   2.2428079120235611E-01   6.7059956569504491E-03
      75   6.4248314960629926E+01       10   2.7410000000000001E-01   2.7165096343388595E+00   2.0409356920068233E-01   6.1023977191004032E-03
      75   6.4248314960629926E+01       11   3.0400000000000005E-01   1.7432187347953645E+00   1.6110130259484845E-01   4.8169289475859696E-03
      75   6.4248314960629926E+01       12   3.3390000000000003E-01   1.1547602722589629E+00   1.2874331049353671E-01   3.8494249837567485E-03
      75   6.4248314960629926E+01       13   3.6380000000000001E-01   1.0396188366651267E+00   1.3759401046491765E-01   4.1140609129010387E-03
      75   6.4248314960629926E+01       14   3.9370000000000005E-01   8.4550828907281705E-01   1.3105352269871706E-01   3.9185003286916409E-03
      75   6.4248314960629926E+01       15   4.2360000000000003E-01   5.2163971977206325E-01   9.3601445531150934E-02   2.7986832213814134E-03
      75   6.4248314960629926E+01       16   4.5350000000000007E-01   5.2815457090287377E-01   1.0862145739966959E-01   3.2477815762501213E-03
      75   6.4248314960629926E+01       17   4.8340000000000005E-01   7.8534802147415639E-01   1.8351663871286555E-01   5.4871474975146809E-03
      75   6.4248314960629926E+01       18   5.1330000000000009E-01   7.4687176936227295E-01   1.9678345102036901E-01   5.8838251855090349E-03
      75   6.4248314960629926E+01       19   5.4320000000000002E-01   6.3131954852385264E-01   1.8628108542143076E-01   5.5698044541007807E-03
      75   6.4248314960629926E+01       20   5.7310000000000005E-01   5.2309210891314384E-01   1.7180626061394616E-01   5.1370071923569913E-03
      75   6.4248314960629926E+01       21   6.0300000000000009E-01   5.4227010017043165E-01   1.9717428885287056E-01   5.8955112367008308E-03
      75   6.4248314960629926E+01       22   6.3290000000000002E-01   4.8866943514201416E-01   1.9574260663382390E-01   5.8527039383513358E-03
      75   6.4248314960629926E+01       23   6.6280000000000006E-01   4.8349242849762480E-01   2.1240008044993203E-01   6.3507624054529692E-03
      75   6.4248314960629926E+01       24   6.9270000000000009E-01   3.9513886278367538E-01   1.8960078053634957E-01   5.6690633380368531E-03
      75   6.4248314960629926E+01       25   7.2260000000000002E-01   2.5210235026416128E-01   1.3163543378821801E-01   3.9358994702677194E-03
      75   6.4248314960629926E+01       26   7.5250000000000006E-01   1.3848238073625135E-01   7.8416513606781951E-02   2.3446537568427806E-03
      75   6.4248314960629926E+01       27   7.8240000000000010E-01   8.2101098883630499E-02   5.0258167977350686E-02   1.5027192225227858E-03
      75   6.4248314960629926E+01       28   8.1230000000000013E-01   6.8210439079395696E-02   4.5007382009224085E-02   1.3457207220758005E-03
      75   6.4248314960629926E+01       29   8.4220000000000006E-01   3.8105392452779149E-02   2.7028186875285916E-02   8.0814278757104904E-04
      75   6.4248314960629926E+01       30   8.7210000000000010E-01   3.7516737480147964E-02   2.8533670206288747E-02   8.5315673916803374E-04
      75   6.4248314960629926E+01       31   9.0200000000000014E-01   4.6241114350866440E-02   3.7621955600322346E-02   1.1248964724496385E-03
      75   6.4248314960629926E+01       32   9.3190000000000006E-01   5.2706448721933238E-02   4.5772262359663259E-02   1.3685906445539318E-03
      75   6.4248314960629926E+01       33   9.6180000000000010E-01   4.6293730570480598E-02   4.2824443218293554E-02   1.2804508522269776E-03
      75   6.4248314960629926E+01       34   9.9170000000000014E-01   3.2418470340232784E-02   3.1882557041006669E-02   9.5328845552609964E-04
      75   6.4248314960629926E+01       35   1.0216000000000001E+00   1.7763371948484801E-02   1.8539037295475631E-02   5.5431721513472148E-04
      75   6.4248314960629926E+01       36   1.0515000000000001E+00   1.1992486162079938E-02   1.3259519308197550E-02   3.9645962731510681E-04
      75   6.4248314960629926E+01       37   1.0814000000000001E+00   1.7226989711170728E-02   2.0145688980895957E-02   6.0235610052878925E-04
      75   6.4248314960629926E+01       38   1.1113000000000002E+00   1.7359102215036698E-02   2.1438277545022061E-02   6.4100449859615972E-04
      75   6.4248314960629926E+01       39   1.1412000000000002E+00   1.7791655437932211E-02   2.3170738996398724E-02   6.9280509599232195E-04
      75   6.4248314960629926E+01       40   1.1711000000000000E+00   1.1892045258146064E-02   1.6309645267745379E-02   4.8765839350558692E-04
      75   6.4248314960629926E+01       41   1.2010000000000001E+00   7.7470080711633900E-03   1.1174292188854146E-02   3.3411133644673907E-04
      75   6.4248314960629926E+01       42   1.2309000000000001E+00   8.7462681584258122E-03   1.3251600419062377E-02   3.9622285252996519E-04
      75   6.4248314960629926E+01       43   1.2608000000000001E+00   9.6830787537965125E-03   1.5392383113465405E-02   4.6023225509261569E-04
      75   6.4248314960629926E+01       44   1.2907000000000002E+00   4.8510516915784823E-03   8.0813984963260740E-03   2.4163381504014968E-04
      75   6.4248314960629926E+01       45   1.3206000000000002E+00   5.1324966910221877E-03   8.9509939568944517E-03   2.6763471931114417E-04
      75   6.4248314960629926E+01       46   1.3505000000000000E+00   3.8770817233687595E-03   7.0712164704365430E-03   2.1142937246605267E-04
      75   6.4248314960629926E+01       47   1.3804000000000001E+00   5.1438117890064946E-03   9.8015547622089180E-03   2.9306648739004670E-04
      75   6.4248314960629926E+01       48   1.4103000000000001E+00   3.2092106397838644E-03   6.3829469539845160E-03   1.9085011392413706E-04
      75   6.4248314960629926E+01       49   1.4402000000000001E+00   3.7468497610792790E-03   7.7716259999103662E-03   2.3237161739732000E-04
      75   6.4248314960629926E+01       50   1.4701000000000002E+00   2.6072117360231655E-03   5.6346903866949681E-03   1.6847724256217959E-04
 
      76   6.5116535433070865E+01        1   5.0000000000000001E-03   1.2416933801819658E+02   3.1042334504549148E-03   9.2816580168601976E-05
      76   6.5116535433070865E+01        2   3.4900000000000000E-02   1.6732730055673450E+01   2.0380632535110819E-02   6.0938091279981368E-04
      76   6.5116535433070865E+01        3   6.4800000000000010E-02   8.0784805513200393E+00   3.3921862974214907E-02   1.0142637029290260E-03
      76   6.5116535433070865E+01        4   9.4700000000000006E-02   5.2256643306892068E+00   4.6864228027410575E-02   1.4012404180195764E-03
      76   6.5116535433070865E+01        5   1.2460000000000002E-01   4.4286380445141296E+00   6.8755314223169009E-02   2.0557838952727538E-03
      76   6.5116535433070865E+01        6   1.5450000000000003E-01   4.5553094860562577E+00   1.0873637625953443E-01   3.2512176501600801E-03
      76   6.5116535433070865E+01        7   1.8440000000000001E-01   4.7563179967387317E+00   1.6173079311758592E-01   4.8357507142158199E-03
      76   6.5116535433070865E+01        8   2.1430000000000002E-01   4.4952080557631913E+00   2.0644013740481615E-01   6.1725601084040042E-03
      76   6.5116535433070865E+01        9   2.4420000000000003E-01   3.7475752085009284E+00   2.2348155085666938E-01   6.6820983706144159E-03
      76   6.5116535433070865E+01       10   2.7410000000000001E-01   2.7200441217201297E+00   2.0435911810057195E-01   6.1103376312071026E-03
      76   6.5116535433070865E+01       11   3.0400000000000005E-01   1.7391428616937978E+00   1.6072462670629406E-01   4.8056663385181936E-03
      76   6.5116535433070865E+01       12   3.3390000000000003E-01   1.1047019673619927E+00   1.2316234962663437E-01   3.6825542538363684E-03
      76   6.5116535433070865E+01       13   3.6380000000000001E-01   9.6620397688553283E-01   1.2787752147055012E-01   3.8235378919694494E-03
      76   6.5116535433070865E+01       14   3.9370000000000005E-01   8.0623193345110700E-01   1.2496569975302226E-01   3.7364744226153664E-03
      76   6.5116535433070865E+01       15   4.2360000000000003E-01   5.1750078101232710E-01   9.2858766942477716E-02   2.7764771315800844E-03
      76   6.5116535433070865E+01       16   4.5350000000000007E-01   5.3423466464520752E-01   1.0987190315892888E-01   3.2851699044519739E-03
      76   6.5116535433070865E+01       17   4.8340000000000005E-01   7.7680797517664602E-01   1.8152103861186891E-01   5.4274790544948815E-03
      76   6.5116535433070865E+01       18   5.1330000000000009E-01   7.2702369193331173E-01   1.9155394130690712E-01   5.7274628450765244E-03
      76   6.5116535433070865E+01       19   5.4320000000000002E-01   6.3260123217494502E-01   1.8665926699722807E-01   5.5811120832171207E-03
      76   6.5116535433070865E+01       20   5.7310000000000005E-01   5.1848854115403020E-01   1.7029424820026326E-01   5.0917980211878724E-03
      76   6.5116535433070865E+01       21   6.0300000000000009E-01   5.2400307566134119E-01   1.9053223433814467E-01   5.6969138067105270E-03
      76   6.5116535433070865E+01       22   6.3290000000000002E-01   4.9108426385126203E-01   1.9670989624133742E-01   5.8816258976159899E-03
      76   6.5116535433070865E+01       23   6.6280000000000006E-01   5.0562030134287805E-01   2.2212093996188351E-01   6.6414161048603182E-03
      76   6.5116535433070865E+01       24   6.9270000000000009E-01   4.1189939263011671E-01   1.9764304071471070E-01   5.9095269173698511E-03
      76   6.5116535433070865E+01       25   7.2260000000000002E-01   2.6777705787354705E-01   1.3981999427923658E-01   4.1806178289491742E-03
      76   6.5116535433070865E+01       26   7.5250000000000006E-01   1.5257329718208246E-01   8.6395583112461594E-02   2.5832279350626020E-03
      76   6.5116535433070865E+01       27   7.8240000000000010E-01   9.1715573241518134E-02   5.6143666148057755E-02   1.6786956178269272E-03
      76   6.5116535433070865E+01       28   8.1230000000000013E-01   6.8563127449566344E-02   4.5240096831481780E-02   1.3526788952613056E-03
      76   6.5116535433070865E+01       29   8.4220000000000006E-01   3.4106346376797270E-02   2.4191660134393264E-02   7.2333063801835874E-04
      76   6.5116535433070865E+01       30   8.7210000000000010E-01   4.1044094333631369E-02   3.1216431126276690E-02   9.3337129067567321E-04
      76   6.5116535433070865E+01       31   9.0200000000000014E-01   5.1136306614536428E-02   4.1604703606813308E-02   1.2439806378437182E-03
      76   6.5116535433070865E+01       32   9.3190000000000006E-01   5.8370569149300958E-02   5.0691197566358662E-02   1.5156668072341243E-03
      76   6.5116535433070865E+01       33   9.6180000000000010E-01   4.8256404644790987E-02   4.4640033005842829E-02   1.3347369868747009E-03
      76   6.5116535433070865E+01       34   9.9170000000000014E-01   3.2670919862062352E-02   3.2130833292021425E-02   9.6071191543144077E-04
      76   6.5116535433070865E+01       35   1.0216000000000001E+00   1.6950397297143677E-02   1.7690562837743243E-02   5.2894782884852312E-04
      76   6.5116535433070865E+01       36   1.0515000000000001E+00   1.3018890589310637E-02   1.4394365672575134E-02   4.3039153360999660E-04
      76   6.5116535433070865E+01       37   1.0814000000000001E+00   1.9456187681863003E-02   2.2752570957802823E-02   6.8030187163830452E-04
      76   6.5116535433070865E+01       38   1.1113000000000002E+00   1.8675121017464564E-02   2.3063544565829017E-02   6.8959998251828781E-04
      76   6.5116535433070865E+01       39   1.1412000000000002E+00   1.6872463257142572E-02   2.1973640604801128E-02   6.5701185408355387E-04
      76   6.5116535433070865E+01       40   1.1711000000000000E+00   1.1182463902956200E-02   1.5336472029624274E-02   4.5856051368576591E-04
      76   6.5116535433070865E+01       41   1.2010000000000001E+00   8.4264123354069430E-03   1.2154265579003311E-02   3.6341254081219908E-04
      76   6.5116535433070865E+01       42   1.2309000000000001E+00   9.4578206509324178E-03   1.4329684138551549E-02   4.2845755574269143E-04
      76   6.5116535433070865E+01       43   1.2608000000000001E+00   9.1346538607426763E-03   1.4520597777676805E-02   4.3416587355253654E-04
      76   6.5116535433070865E+01       44   1.2907000000000002E+00   4.5888546754517187E-03   7.6446027855018644E-03   2.2857362328650580E-04
      76   6.5116535433070865E+01       45   1.3206000000000002E+00   5.2576630709168133E-03   9.1692821658284976E-03   2.7416153675827214E-04
      76   6.5116535433070865E+01       46   1.3505000000000000E+00   4.0202655224757626E-03   7.3323622782338000E-03   2.1923763211919068E-04
      76   6.5116535433070865E+01       47   1.3804000000000001E+00   5.0792148651863283E-03   9.6784650551463881E-03   2.8938610514887706E-04
      76   6.5116535433070865E+01       48   1.4103000000000001E+00   3.2426183285790239E-03   6.4493930459895857E-03   1.9283685207508865E-04
      76   6.5116535433070865E+01       49   1.4402000000000001E+00   4.0299908866592536E-03   8.3589105385269806E-03   2.4993142510195679E-04
      76   6.5116535433070865E+01       50   1.4701000000000002E+00   2.6479523025280042E-03   5.7227386549892319E-03   1.7110988578417807E-04
 
      77   6.5984755905511818E+01        1   5.0000000000000001E-03   1.2350289751782694E+02   3.0875724379456734E-03   9.2318415894575661E-05
      77   6.5984755905511818E+01        2   3.4900000000000000E-02   1.6686701047315257E+01   2.0324568742640457E-02   6.0770460540494984E-04
      77   6.5984755905511818E+01        3   6.4800000000000010E-02   8.0832378950326618E+00   3.3941839250757957E-02   1.0148609935976632E-03
      77   6.5984755905511818E+01        4   9.4700000000000006E-02   5.2347644288691564E+00   4.6945838526897203E-02   1.4036805719542266E-03
      77   6.5984755905511818E+01        5   1.2460000000000002E-01   4.4180004247266984E+00   6.8590163473949972E-02   2.0508458878711047E-03
      77   6.5984755905511818E+01        6   1.5450000000000003E-01   4.5343493058264555E+00   1.0823605151740399E-01   3.2362579403703803E-03
      77   6.5984755905511818E+01        7   1.8440000000000001E-01   4.7658534749543460E+00   1.6205503141612362E-01   4.8454454393420977E-03
      77   6.5984755905511818E+01        8   2.1430000000000002E-01   4.5384817682386629E+00   2.0842746058065881E-01   6.2319810713616997E-03
      77   6.5984755905511818E+01        9   2.4420000000000003E-01   3.7924577315794132E+00   2.2615805908022341E-01   6.7621259664986813E-03
      77   6.5984755905511818E+01       10   2.7410000000000001E-01   2.7417981384417214E+00   2.0599351499761867E-01   6.1592060984287994E-03
      77   6.5984755905511818E+01       11   3.0400000000000005E-01   1.7290578710103346E+00   1.5979261220729113E-01   4.7777991049980061E-03
      77   6.5984755905511818E+01       12   3.3390000000000003E-01   1.0482151170562839E+00   1.1686467531066264E-01   3.4942537917888134E-03
      77   6.5984755905511818E+01       13   3.6380000000000001E-01   9.2155126728483705E-01   1.2196771570770580E-01   3.6468346996604041E-03
      77   6.5984755905511818E+01       14   3.9370000000000005E-01   8.0153823674265590E-01   1.2423817821825832E-01   3.7147215287259244E-03
      77   6.5984755905511818E+01       15   4.2360000000000003E-01   5.3202952120057645E-01   9.5465759914487011E-02   2.8544262214431622E-03
      77   6.5984755905511818E+01       16   4.5350000000000007E-01   5.3090511609792890E-01   1.0918714071321131E-01   3.2646955073250190E-03
      77   6.5984755905511818E+01       17   4.8340000000000005E-01   7.5820775465463630E-01   1.7717462166526479E-01   5.2975211877914182E-03
      77   6.5984755905511818E+01       18   5.1330000000000009E-01   7.1852422515083647E-01   1.8931452823240222E-01   5.6605043941488275E-03
      77   6.5984755905511818E+01       19   5.4320000000000002E-01   6.4772627720460829E-01   1.9112215716396150E-01   5.7145524992024497E-03
      77   6.5984755905511818E+01       20   5.7310000000000005E-01   5.1812225676273183E-01   1.7017394443249859E-01   5.0882009385317091E-03
      77   6.5984755905511818E+01       21   6.0300000000000009E-01   5.2224101865679318E-01   1.8989153455277796E-01   5.6777568831280619E-03
      77   6.5984755905511818E+01       22   6.3290000000000002E-01   5.0946149384588091E-01   2.0407112377710623E-01   6.1017266009354776E-03
      77   6.5984755905511818E+01       23   6.6280000000000006E-01   5.2532207919690732E-01   2.3077600662798553E-01   6.9002025981767688E-03
      77   6.5984755905511818E+01       24   6.9270000000000009E-01   4.2428242195218135E-01   2.0358483041448347E-01   6.0871864293930572E-03
      77   6.5984755905511818E+01       25   7.2260000000000002E-01   2.8490909225942695E-01   1.4876549905416991E-01   4.4480884217196811E-03
      77   6.5984755905511818E+01       26   7.5250000000000006E-01   1.6580731462020742E-01   9.3889428199408848E-02   2.8072939031623251E-03
      77   6.5984755905511818E+01       27   7.8240000000000010E-01   9.9449317735410950E-02   6.0877875983895567E-02   1.8202484919184777E-03
      77   6.5984755905511818E+01       28   8.1230000000000013E-01   6.4766901098142898E-02   4.2735227900890058E-02   1.2777833142366131E-03
      77   6.5984755905511818E+01       29   8.4220000000000006E-01   3.2219560121970053E-02   2.2853361058943866E-02   6.8331549566242179E-04
      77   6.5984755905511818E+01       30   8.7210000000000010E-01   4.6042851523812857E-02   3.5018277946817188E-02   1.0470465106098342E-03
      77   6.5984755905511818E+01       31   9.0200000000000014E-01   5.8530895248352560E-02   4.7620970497640649E-02   1.4238670178794558E-03
      77   6.5984755905511818E+01       32   9.3190000000000006E-01   6.3762036956442836E-02   5.5373350983184896E-02   1.6556631943972287E-03
      77   6.5984755905511818E+01       33   9.6180000000000010E-01   4.8853304863368807E-02   4.5192201068396262E-02   1.3512468119450485E-03
      77   6.5984755905511818E+01       34   9.9170000000000014E-01   3.1757864760069754E-02   3.1232872004355927E-02   9.3386287293024245E-04
      77   6.5984755905511818E+01       35   1.0216000000000001E+00   1.6786306192335513E-02   1.7519306438861505E-02   5.2382726252195907E-04
      77   6.5984755905511818E+01       36   1.0515000000000001E+00   1.4348787526266907E-02   1.5864769213188940E-02   4.7435659947434939E-04
      77   6.5984755905511818E+01       37   1.0814000000000001E+00   2.0910144019778965E-02   2.4452865244068284E-02   7.3114067079764185E-04
      77   6.5984755905511818E+01       38   1.1113000000000002E+00   1.9039304863801020E-02   2.3513307132951394E-02   7.0304788327524683E-04
      77   6.5984755905511818E+01       39   1.1412000000000002E+00   1.5820403641140235E-02   2.0603503977769260E-02   6.1604476893530101E-04
      77   6.5984755905511818E+01       40   1.1711000000000000E+00   1.0304727099717822E-02   1.4132677763078192E-02   4.2256706511603804E-04
      77   6.5984755905511818E+01       41   1.2010000000000001E+00   9.4198792006059545E-03   1.3587243178833232E-02   4.0625857104711373E-04
      77   6.5984755905511818E+01       42   1.2309000000000001E+00   9.9218189385446385E-03   1.5032694815927464E-02   4.4947757499623129E-04
      77   6.5984755905511818E+01       43   1.2608000000000001E+00   8.0134017367977182E-03   1.2738236743818557E-02   3.8087327864017495E-04
      77   6.5984755905511818E+01       44   1.2907000000000002E+00   4.4617225388234455E-03   7.4328125340052571E-03   2.2224109476675724E-04
      77   6.5984755905511818E+01       45   1.3206000000000002E+00   5.4769339171505853E-03   9.5516870922641595E-03   2.8559544405869843E-04
      77   6.5984755905511818E+01       46   1.3505000000000000E+00   4.0713681764650515E-03   7.4255658664878280E-03   2.2202441940798610E-04
      77   6.5984755905511818E+01       47   1.3804000000000001E+00   4.4854732304037293E-03   8.5470879001029454E-03   2.5555792821307813E-04
      77   6.5984755905511818E+01       48   1.4103000000000001E+00   3.2954492555788816E-03   6.5544709116770279E-03   1.9597868025914318E-04
      77   6.5984755905511818E+01       49   1.4402000000000001E+00   3.8902497641209169E-03   8.0690628503552585E-03   2.4126497922562229E-04
      77   6.5984755905511818E+01       50   1.4701000000000002E+00   2.7313763947040986E-03   5.9030343032898946E-03   1.7650072566836788E-04
 
      78   6.6852976377952757E+01        1   5.0000000000000001E-03   1.2621993147461328E+02   3.1554982868653319E-03   9.4349398777273438E-05
      78   6.6852976377952757E+01        2   3.4900000000000000E-02   1.7091019269051820E+01   2.0817032379897807E-02   6.2242926815894457E-04
      78   6.6852976377952757E+01        3   6.4800000000000010E-02   8.2972466939382699E+00   3.4840470757714563E-02   1.0417300756556656E-03
      78   6.6852976377952757E+01        4   9.4700000000000006E-02   5.3613718749283512E+00   4.8081265497826202E-02   1.4376298383850037E-03
      78   6.6852976377952757E+01        5   1.2460000000000002E-01   4.4926007092979914E+00   6.9748344827964825E-02   2.0854755103561487E-03
      78   6.6852976377952757E+01        6   1.5450000000000003E-01   4.6003873827558524E+00   1.0981239692322793E-01   3.2833906680045160E-03
      78   6.6852976377952757E+01        7   1.8440000000000001E-01   4.8553926345681750E+00   1.6509966369457010E-01   4.9364799444676470E-03
      78   6.6852976377952757E+01        8   2.1430000000000002E-01   4.6326894495368558E+00   2.1275390029836086E-01   6.3613416189209912E-03
      78   6.6852976377952757E+01        9   2.4420000000000003E-01   3.8552371744174732E+00   2.2990182577382887E-01   6.8740645906374843E-03
      78   6.6852976377952757E+01       10   2.7410000000000001E-01   2.7618470311378176E+00   2.0749980454547948E-01   6.2042441559098374E-03
      78   6.6852976377952757E+01       11   3.0400000000000005E-01   1.7152889626918810E+00   1.5852014477613291E-01   4.7397523288063752E-03
      78   6.6852976377952757E+01       12   3.3390000000000003E-01   1.0089917630436580E+00   1.1249169455824465E-01   3.3635016672915155E-03
      78   6.6852976377952757E+01       13   3.6380000000000001E-01   9.2068890065571840E-01   1.2185358110490063E-01   3.6434220750365298E-03
      78   6.6852976377952757E+01       14   3.9370000000000005E-01   8.3149244782965470E-01   1.2888107165093771E-01   3.8535440423630384E-03
      78   6.6852976377952757E+01       15   4.2360000000000003E-01   5.5313110068590687E-01   9.9252163188533069E-02   2.9676396793371393E-03
      78   6.6852976377952757E+01       16   4.5350000000000007E-01   5.1658713497848763E-01   1.0624247250072950E-01   3.1766499277718126E-03
      78   6.6852976377952757E+01       17   4.8340000000000005E-01   7.3998300603221046E-01   1.7291594332506019E-01   5.1701867054193005E-03
      78   6.6852976377952757E+01       18   5.1330000000000009E-01   7.2304020849825801E-01   1.9050438548007265E-01   5.6960811258541730E-03
      78   6.6852976377952757E+01       19   5.4320000000000002E-01   6.6409477200233358E-01   1.9595194737838587E-01   5.8589632266137382E-03
      78   6.6852976377952757E+01       20   5.7310000000000005E-01   5.2248837097644352E-01   1.7160796674652237E-01   5.1310782057210199E-03
      78   6.6852976377952757E+01       21   6.0300000000000009E-01   5.4338418452042869E-01   1.9757937994928862E-01   5.9076234604837309E-03
      78   6.6852976377952757E+01       22   6.3290000000000002E-01   5.3795610876422328E-01   2.1548499540081942E-01   6.4430013624845019E-03
      78   6.6852976377952757E+01       23   6.6280000000000006E-01   5.4035686809871741E-01   2.3738084712614008E-01   7.0976873290715895E-03
      78   6.6852976377952757E+01       24   6.9270000000000009E-01   4.3545208169311250E-01   2.0894440499615499E-01   6.2474377093850357E-03
      78   6.6852976377952757E+01       25   7.2260000000000002E-01   2.9934380665352150E-01   1.5630259614542932E-01   4.6734476247483380E-03
      78   6.6852976377952757E+01       26   7.5250000000000006E-01   1.7476410092236652E-01   9.8961264422920830E-02   2.9589418062453336E-03
      78   6.6852976377952757E+01       27   7.8240000000000010E-01   1.0205762154132969E-01   6.2474548532695809E-02   1.8679890011276052E-03
      78   6.6852976377952757E+01       28   8.1230000000000013E-01   6.0518063569894795E-02   3.9931711953625701E-02   1.1939581874134087E-03
      78   6.6852976377952757E+01       29   8.4220000000000006E-01   3.3473773719398914E-02   2.3742975817139578E-02   7.0991497693247358E-04
      78   6.6852976377952757E+01       30   8.7210000000000010E-01   5.0856378837973004E-02   3.8679246627366402E-02   1.1565094741582556E-03
      78   6.6852976377952757E+01       31   9.0200000000000014E-01   6.6418379455128726E-02   5.4038259198210564E-02   1.6157439500264963E-03
      78   6.6852976377952757E+01       32   9.3190000000000006E-01   6.7902515435657132E-02   5.8969098217930192E-02   1.7631760367161132E-03
      78   6.6852976377952757E+01       33   9.6180000000000010E-01   4.8505377408984710E-02   4.4870347561868570E-02   1.3416233920998705E-03
      78   6.6852976377952757E+01       34   9.9170000000000014E-01   2.9485142347464122E-02   2.8997720215952542E-02   8.6703183445698115E-04
      78   6.6852976377952757E+01       35   1.0216000000000001E+00   1.6855777154995654E-02   1.7591810959480904E-02   5.2599514768847909E-04
      78   6.6852976377952757E+01       36   1.0515000000000001E+00   1.5626510532040960E-02   1.7277486529399786E-02   5.1659684722905376E-04
      78   6.6852976377952757E+01       37   1.0814000000000001E+00   2.1634930073195884E-02   2.5300448870379973E-02   7.5648342122436134E-04
      78   6.6852976377952757E+01       38   1.1113000000000002E+00   1.8345962939360739E-02   2.2657038391306734E-02   6.7744544790007146E-04
      78   6.6852976377952757E+01       39   1.1412000000000002E+00   1.4533533645577919E-02   1.8927565002135823E-02   5.6593419356386126E-04
      78   6.6852976377952757E+01       40   1.1711000000000000E+00   9.8525307676861212E-03   1.3512501703643785E-02   4.0402380093894927E-04
      78   6.6852976377952757E+01       41   1.2010000000000001E+00   1.0358079103278154E-02   1.4940503656647517E-02   4.4672105933376085E-04
      78   6.6852976377952757E+01       42   1.2309000000000001E+00   9.8187239503774240E-03   1.4876494072518542E-02   4.4480717276830452E-04
      78   6.6852976377952757E+01       43   1.2608000000000001E+00   6.8283071096565794E-03   1.0854390604540406E-02   3.2454627907575821E-04
      78   6.6852976377952757E+01       44   1.2907000000000002E+00   4.6658144634072916E-03   7.7728105957260768E-03   2.3240703681220973E-04
      78   6.6852976377952757E+01       45   1.3206000000000002E+00   5.5215474159231517E-03   9.6294923363683949E-03   2.8792182085741509E-04
      78   6.6852976377952757E+01       46   1.3505000000000000E+00   4.0144346173947819E-03   7.3217275805441276E-03   2.1891965465826947E-04
      78   6.6852976377952757E+01       47   1.3804000000000001E+00   3.6850387039748180E-03   7.0218565801850250E-03   2.0995351174753229E-04
      78   6.6852976377952757E+01       48   1.4103000000000001E+00   3.3230739246051470E-03   6.6094148891243628E-03   1.9762150518481849E-04
      78   6.6852976377952757E+01       49   1.4402000000000001E+00   3.4399960927483349E-03   7.1351574732722144E-03   2.1334120845083925E-04
      78   6.6852976377952757E+01       50   1.4701000000000002E+00   2.7797498842871359E-03   6.0075787992195520E-03   1.7962660609666464E-04
 
      79   6.7721196850393710E+01        1   5.0000000000000001E-03   1.3143548053710950E+02   3.2858870134277376E-03   9.8248021701489372E-05
      79   6.7721196850393710E+01        2   3.4900000000000000E-02   1.7810668319145520E+01   2.1693572119402437E-02   6.4863780637013297E-04
      79   6.7721196850393710E+01        3   6.4800000000000010E-02   8.6449153394029459E+00   3.6300345306766554E-02   1.0853803246723202E-03
      79   6.7721196850393710E+01        4   9.4700000000000006E-02   5.5600081066908364E+00   4.9862653101533032E-02   1.4908933277358379E-03
      79   6.7721196850393710E+01        5   1.2460000000000002E-01   4.6253779307246905E+00   7.1809732434969756E-02   2.1471109998055962E-03
      79   6.7721196850393710E+01        6   1.5450000000000003E-01   4.7220060894756912E+00   1.1271546585730716E-01   3.3701924291334845E-03
      79   6.7721196850393710E+01        7   1.8440000000000001E-01   4.9775559986381515E+00   1.6925362854185258E-01   5.0606834934013934E-03
      79   6.7721196850393710E+01        8   2.1430000000000002E-01   4.7281739685489246E+00   2.1713897813688543E-01   6.4924554462928753E-03
      79   6.7721196850393710E+01        9   2.4420000000000003E-01   3.9016645283437508E+00   2.3267045788402110E-01   6.9568466907322327E-03
      79   6.7721196850393710E+01       10   2.7410000000000001E-01   2.7716844855928020E+00   2.0823890046702057E-01   6.2263431239639160E-03
      79   6.7721196850393710E+01       11   3.0400000000000005E-01   1.7074815738703151E+00   1.5779861713079907E-01   4.7181786522108929E-03
      79   6.7721196850393710E+01       12   3.3390000000000003E-01   1.0065819366152045E+00   1.1222302491349924E-01   3.3554684449136280E-03
      79   6.7721196850393710E+01       13   3.6380000000000001E-01   9.6246548263757536E-01   1.2738273011189546E-01   3.8087436303456752E-03
      79   6.7721196850393710E+01       14   3.9370000000000005E-01   8.8478652932633095E-01   1.3714163776175725E-01   4.1005349690765424E-03
      79   6.7721196850393710E+01       15   4.2360000000000003E-01   5.6860617526482493E-01   1.0202896352674740E-01   3.0506660094497479E-03
      79   6.7721196850393710E+01       16   4.5350000000000007E-01   5.0106705769151183E-01   1.0305057848571617E-01   3.0812122967229139E-03
      79   6.7721196850393710E+01       17   4.8340000000000005E-01   7.3534036451313223E-01   1.7183107146821033E-01   5.1377490368994900E-03
      79   6.7721196850393710E+01       18   5.1330000000000009E-01   7.3686837918659231E-01   1.9414778888742412E-01   5.8050188877339821E-03
      79   6.7721196850393710E+01       19   5.4320000000000002E-01   6.7311809869055328E-01   1.9861442645657051E-01   5.9385713510514597E-03
      79   6.7721196850393710E+01       20   5.7310000000000005E-01   5.3436048643304268E-01   1.7550728720542458E-01   5.2476678874421962E-03
      79   6.7721196850393710E+01       21   6.0300000000000009E-01   5.8281124502917536E-01   2.1191541399381350E-01   6.3362708784150254E-03
      79   6.7721196850393710E+01       22   6.3290000000000002E-01   5.6751287137526862E-01   2.2732432346409764E-01   6.7969972715765208E-03
      79   6.7721196850393710E+01       23   6.6280000000000006E-01   5.5339142352111148E-01   2.4310697737589063E-01   7.2688986235391311E-03
      79   6.7721196850393710E+01       24   6.9270000000000009E-01   4.4802982239916889E-01   2.1497962369990897E-01   6.4278907486272794E-03
      79   6.7721196850393710E+01       25   7.2260000000000002E-01   3.0891638498977769E-01   1.6130092519886502E-01   4.8228976634460650E-03
      79   6.7721196850393710E+01       26   7.5250000000000006E-01   1.7712866986363995E-01   1.0030021636447280E-01   2.9989764692977374E-03
      79   6.7721196850393710E+01       27   7.8240000000000010E-01   9.8121108510295735E-02   6.0064813025511504E-02   1.7959379094627944E-03
      79   6.7721196850393710E+01       28   8.1230000000000013E-01   5.9349264895994208E-02   3.9160502016875584E-02   1.1708990103045803E-03
      79   6.7721196850393710E+01       29   8.4220000000000006E-01   3.7101143282952526E-02   2.6315872095558589E-02   7.8684457565720200E-04
      79   6.7721196850393710E+01       30   8.7210000000000010E-01   5.5475974266293547E-02   4.2192718781173144E-02   1.2615622915570772E-03
      79   6.7721196850393710E+01       31   9.0200000000000014E-01   7.1665833459478342E-02   5.8307608765965434E-02   1.7433975021023669E-03
      79   6.7721196850393710E+01       32   9.3190000000000006E-01   6.9846282372368812E-02   6.0657138530845110E-02   1.8136484420722692E-03
      79   6.7721196850393710E+01       33   9.6180000000000010E-01   4.7185759445805858E-02   4.3649622771759995E-02   1.3051237208756242E-03
      79   6.7721196850393710E+01       34   9.9170000000000014E-01   2.6633172939471074E-02   2.6192897027959662E-02   7.8316762113599407E-04
      79   6.7721196850393710E+01       35   1.0216000000000001E+00   1.6503164664209695E-02   1.7223801094209290E-02   5.1499165271685790E-04
      79   6.7721196850393710E+01       36   1.0515000000000001E+00   1.6522055164856341E-02   1.8267647467647537E-02   5.4620265928266142E-04
      79   6.7721196850393710E+01       37   1.0814000000000001E+00   2.1798724081386372E-02   2.5491993835650383E-02   7.6221061568594660E-04
      79   6.7721196850393710E+01       38   1.1113000000000002E+00   1.7085271985686420E-02   2.1100100582624591E-02   6.3089300742047536E-04
      79   6.7721196850393710E+01       39   1.1412000000000002E+00   1.3109451915960716E-02   1.7072930048035381E-02   5.1048060843625798E-04
      79   6.7721196850393710E+01       40   1.1711000000000000E+00   1.0126457126135226E-02   1.3888184913622306E-02   4.1525672891730702E-04
      79   6.7721196850393710E+01       41   1.2010000000000001E+00   1.0884322720193157E-02   1.5699557975929333E-02   4.6941678348028716E-04
      79   6.7721196850393710E+01       42   1.2309000000000001E+00   9.1126218634231693E-03   1.3806668343202244E-02   4.1281938346174720E-04
      79   6.7721196850393710E+01       43   1.2608000000000001E+00   6.1259192687817014E-03   9.7378632049520287E-03   2.9116210982806572E-04
      79   6.7721196850393710E+01       44   1.2907000000000002E+00   5.1745516370804929E-03   8.6203191550525207E-03   2.5774754273607045E-04
      79   6.7721196850393710E+01       45   1.3206000000000002E+00   5.2240896439406269E-03   9.1107306342704253E-03   2.7241084596468578E-04
      79   6.7721196850393710E+01       46   1.3505000000000000E+00   3.8464632891777634E-03   7.0153730315826862E-03   2.0975965364432235E-04
      79   6.7721196850393710E+01       47   1.3804000000000001E+00   3.1583216690278604E-03   6.0181950789507319E-03   1.7994403286062692E-04
      79   6.7721196850393710E+01       48   1.4103000000000001E+00   3.3184456998659752E-03   6.6002095996257459E-03   1.9734626702880983E-04
      79   6.7721196850393710E+01       49   1.4402000000000001E+00   2.9825726836130609E-03   6.1863807979087122E-03   1.8497278585747053E-04
      79   6.7721196850393710E+01       50   1.4701000000000002E+00   2.7193371115046315E-03   5.8770150765545129E-03   1.7572275078897999E-04
 
      80   6.8589417322834649E+01        1   5.0000000000000001E-03   1.3795624987653062E+02   3.4489062469132657E-03   1.0312229678270667E-04
      80   6.8589417322834649E+01        2   3.4900000000000000E-02   1.8684204142069248E+01   2.2757547487081767E-02   6.8045066986374496E-04
      80   6.8589417322834649E+01        3   6.4800000000000010E-02   9.0519056227520718E+00   3.8009313786160868E-02   1.1364784822062103E-03
      80   6.8589417322834649E+01        4   9.4700000000000006E-02   5.7935195743934349E+00   5.1956804959922026E-02   1.5535084683016688E-03
      80   6.8589417322834649E+01        5   1.2460000000000002E-01   4.7912484527918657E+00   7.4384898829346180E-02   2.2241084749974513E-03
      80   6.8589417322834649E+01        6   1.5450000000000003E-01   4.8660159430173424E+00   1.1615301706380976E-01   3.4729752102079124E-03
      80   6.8589417322834649E+01        7   1.8440000000000001E-01   5.0928672104551893E+00   1.7317459718930359E-01   5.1779204559601784E-03
      80   6.8589417322834649E+01        8   2.1430000000000002E-01   4.7931798957170049E+00   2.2012434218905666E-01   6.5817178314527955E-03
      80   6.8589417322834649E+01        9   2.4420000000000003E-01   3.9201769029875990E+00   2.3377441816907746E-01   6.9898551032554178E-03
      80   6.8589417322834649E+01       10   2.7410000000000001E-01   2.7759595120653784E+00   2.0856008666867668E-01   6.2359465913934342E-03
      80   6.8589417322834649E+01       11   3.0400000000000005E-01   1.7167307801968854E+00   1.5865339178267540E-01   4.7437364143019956E-03
      80   6.8589417322834649E+01       12   3.3390000000000003E-01   1.0438520316863185E+00   1.1637823836960264E-01   3.4797093272511195E-03
      80   6.8589417322834649E+01       13   3.6380000000000001E-01   1.0314115793309704E+00   1.3650777634554884E-01   4.0815825127319110E-03
      80   6.8589417322834649E+01       14   3.9370000000000005E-01   9.4191667260011358E-01   1.4599679225884915E-01   4.3653040885395901E-03
      80   6.8589417322834649E+01       15   4.2360000000000003E-01   5.7268525415109239E-01   1.0276090104169942E-01   3.0725509411468135E-03
      80   6.8589417322834649E+01       16   4.5350000000000007E-01   4.9762368453771000E-01   1.0234240661531568E-01   3.0600379577979397E-03
      80   6.8589417322834649E+01       17   4.8340000000000005E-01   7.5189809561842491E-01   1.7570020855656904E-01   5.2534362358414152E-03
      80   6.8589417322834649E+01       18   5.1330000000000009E-01   7.5419355201166072E-01   1.9871257154208566E-01   5.9415058891083622E-03
      80   6.8589417322834649E+01       19   5.4320000000000002E-01   6.7613929216140034E-01   1.9950587865432590E-01   5.9652257717643454E-03
      80   6.8589417322834649E+01       20   5.7310000000000005E-01   5.5642617540166939E-01   1.8275462174741752E-01   5.4643631902477853E-03
      80   6.8589417322834649E+01       21   6.0300000000000009E-01   6.2693611219450540E-01   2.2795961281893198E-01   6.8159924232860675E-03
      80   6.8589417322834649E+01       22   6.3290000000000002E-01   5.9054672120443341E-01   2.3655081786324597E-01   7.0728694541110559E-03
      80   6.8589417322834649E+01       23   6.6280000000000006E-01   5.6736071106719776E-01   2.4924373903695052E-01   7.4523877972048217E-03
      80   6.8589417322834649E+01       24   6.9270000000000009E-01   4.6093665379299908E-01   2.2117275107108580E-01   6.6130652570254673E-03
      80   6.8589417322834649E+01       25   7.2260000000000002E-01   3.1386262665681486E-01   1.6388360904445215E-01   4.9001199104291206E-03
      80   6.8589417322834649E+01       26   7.5250000000000006E-01   1.7235843029221759E-01   9.7599038393157561E-02   2.9182112479554118E-03
      80   6.8589417322834649E+01       27   7.8240000000000010E-01   8.9439314318698171E-02   5.4750254794755655E-02   1.6370326183631945E-03
      80   6.8589417322834649E+01       28   8.1230000000000013E-01   6.1200611270198928E-02   4.0382078283203907E-02   1.2074241406677970E-03
      80   6.8589417322834649E+01       29   8.4220000000000006E-01   4.1321849160576754E-02   2.9309622319950393E-02   8.7635770736651695E-04
      80   6.8589417322834649E+01       30   8.7210000000000010E-01   5.9811282951431705E-02   4.5489974261601014E-02   1.3601502304218707E-03
      80   6.8589417322834649E+01       31   9.0200000000000014E-01   7.2426730355614102E-02   5.8926677524249071E-02   1.7619076579750475E-03
      80   6.8589417322834649E+01       32   9.3190000000000006E-01   6.8980278997376215E-02   5.9905068629614602E-02   1.7911615520254771E-03
      80   6.8589417322834649E+01       33   9.6180000000000010E-01   4.4695208531043494E-02   4.1345715635368617E-02   1.2362368974975220E-03
      80   6.8589417322834649E+01       34   9.9170000000000014E-01   2.4304675533162734E-02   2.3902892268409720E-02   7.1469647882545077E-04
      80   6.8589417322834649E+01       35   1.0216000000000001E+00   1.5744209317040112E-02   1.6431704777835204E-02   4.9130797285727268E-04
      80   6.8589417322834649E+01       36   1.0515000000000001E+00   1.6751522655061482E-02   1.8521358714494705E-02   5.5378862556339182E-04
      80   6.8589417322834649E+01       37   1.0814000000000001E+00   2.1234235698487418E-02   2.4831866466569926E-02   7.4247280735044094E-04
      80   6.8589417322834649E+01       38   1.1113000000000002E+00   1.5749957463840471E-02   1.9451003585866607E-02   5.8158500721741170E-04
      80   6.8589417322834649E+01       39   1.1412000000000002E+00   1.2218550561012325E-02   1.5912675858139363E-02   4.7578900815836706E-04
      80   6.8589417322834649E+01       40   1.1711000000000000E+00   1.0813614349212023E-02   1.4830604010444573E-02   4.4343505991229284E-04
      80   6.8589417322834649E+01       41   1.2010000000000001E+00   1.0820829274164848E-02   1.5607974965884654E-02   4.6667845147995124E-04
      80   6.8589417322834649E+01       42   1.2309000000000001E+00   8.1990375921535338E-03   1.2422483283618561E-02   3.7143225018019502E-04
      80   6.8589417322834649E+01       43   1.2608000000000001E+00   6.2779892952136351E-03   9.9795962494134693E-03   2.9838992785746282E-04
      80   6.8589417322834649E+01       44   1.2907000000000002E+00   5.6394220434555038E-03   9.3947497820415886E-03   2.8090301848304354E-04
      80   6.8589417322834649E+01       45   1.3206000000000002E+00   4.8199913246245183E-03   8.4059894854808456E-03   2.5133908561587734E-04
      80   6.8589417322834649E+01       46   1.3505000000000000E+00   3.6468512391024765E-03   6.6513105441498620E-03   1.9887418527008091E-04
      80   6.8589417322834649E+01       47   1.3804000000000001E+00   3.2423017008534755E-03   6.1782193789513742E-03   1.8472875943064613E-04
      80   6.8589417322834649E+01       48   1.4103000000000001E+00   3.2779605462257061E-03   6.5196868115898832E-03   1.9493863566653755E-04
      80   6.8589417322834649E+01       49   1.4402000000000001E+00   2.7745018401120550E-03   5.7548052396963357E-03   1.7206867666692049E-04
      80   6.8589417322834649E+01       50   1.4701000000000002E+00   2.5926332547583412E-03   5.6031834603105322E-03   1.6753518546328494E-04
 
      81   6.9457637795275588E+01        1   5.0000000000000001E-03   1.4476035948279375E+02   3.6190089870698438E-03   1.0820836871338836E-04
      81   6.9457637795275588E+01        2   3.4900000000000000E-02   1.9587438009361318E+01   2.3857695369782179E-02   7.1334509155648732E-04
      81   6.9457637795275588E+01        3   6.4800000000000010E-02   9.4712897728367000E+00   3.9770324607732228E-02   1.1891327057711940E-03
      81   6.9457637795275588E+01        4   9.4700000000000006E-02   6.0399388780605063E+00   5.4166715452945657E-02   1.6195847920430755E-03
      81   6.9457637795275588E+01        5   1.2460000000000002E-01   4.9683933095525949E+00   7.7135101073733586E-02   2.3063395221046348E-03
      81   6.9457637795275588E+01        6   1.5450000000000003E-01   5.0043612728273557E+00   1.1945535467270724E-01   3.5717151047139472E-03
      81   6.9457637795275588E+01        7   1.8440000000000001E-01   5.1786867210646914E+00   1.7609274890358231E-01   5.2651731922171126E-03
      81   6.9457637795275588E+01        8   2.1430000000000002E-01   4.8213112790399020E+00   2.2141626162115521E-01   6.6203462224725422E-03
      81   6.9457637795275588E+01        9   2.4420000000000003E-01   3.9229495610042591E+00   2.3393976185908608E-01   6.9947988795866752E-03
      81   6.9457637795275588E+01       10   2.7410000000000001E-01   2.7905342880172768E+00   2.0965510139151131E-01   6.2686875316061890E-03
      81   6.9457637795275588E+01       11   3.0400000000000005E-01   1.7498536442602941E+00   1.6171447438795938E-01   4.8352627841999870E-03
      81   6.9457637795275588E+01       12   3.3390000000000003E-01   1.1060773429935937E+00   1.2331568916925482E-01   3.6871391061607198E-03
      81   6.9457637795275588E+01       13   3.6380000000000001E-01   1.1038856650300595E+00   1.4609975347642101E-01   4.3683826289449895E-03
      81   6.9457637795275588E+01       14   3.9370000000000005E-01   9.8237992877811264E-01   1.5226858442282959E-01   4.5528306742426061E-03
      81   6.9457637795275588E+01       15   4.2360000000000003E-01   5.6770989262986726E-01   1.0186813729542980E-01   3.0458573051333517E-03
      81   6.9457637795275588E+01       16   4.5350000000000007E-01   5.1500732127185322E-01   1.0591756445924223E-01   3.1669351773313432E-03
      81   6.9457637795275588E+01       17   4.8340000000000005E-01   7.8696658454865820E-01   1.8389485734569511E-01   5.4984562346362849E-03
      81   6.9457637795275588E+01       18   5.1330000000000009E-01   7.7203317243581338E-01   2.0341289925022188E-01   6.0820456875816352E-03
      81   6.9457637795275588E+01       19   5.4320000000000002E-01   6.8302079345892541E-01   2.0153637736774174E-01   6.0259376832954795E-03
      81   6.9457637795275588E+01       20   5.7310000000000005E-01   5.8795934388922932E-01   1.9311148944020995E-01   5.7740335342622790E-03
      81   6.9457637795275588E+01       21   6.0300000000000009E-01   6.6161919471198671E-01   2.4057069377003085E-01   7.1930637437239240E-03
      81   6.9457637795275588E+01       22   6.3290000000000002E-01   6.0376658730813604E-01   2.4184619928962239E-01   7.2312013587597108E-03
      81   6.9457637795275588E+01       23   6.6280000000000006E-01   5.8170157597872796E-01   2.5554373606150699E-01   7.6407577082390609E-03
      81   6.9457637795275588E+01       24   6.9270000000000009E-01   4.6997878861911679E-01   2.2551146837332542E-01   6.7427929043624314E-03
      81   6.9457637795275588E+01       25   7.2260000000000002E-01   3.1499071837613440E-01   1.6447264299304457E-01   4.9177320254920331E-03
      81   6.9457637795275588E+01       26   7.5250000000000006E-01   1.6208490137107923E-01   9.1781588432007205E-02   2.7442694941170161E-03
      81   6.9457637795275588E+01       27   7.8240000000000010E-01   8.0210610145270894E-02   4.9100905749881150E-02   1.4681170819214467E-03
      81   6.9457637795275588E+01       28   8.1230000000000013E-01   6.3013411897772306E-02   4.1578220859808460E-02   1.2431888037082732E-03
      81   6.9457637795275588E+01       29   8.4220000000000006E-01   4.4534102507318304E-02   3.1588076317086988E-02   9.4448348188090115E-04
      81   6.9457637795275588E+01       30   8.7210000000000010E-01   6.2266952371719406E-02   4.7357654291380648E-02   1.4159938633122816E-03
      81   6.9457637795275588E+01       31   9.0200000000000014E-01   6.9451477350368482E-02   5.6505999778169211E-02   1.6895293933672597E-03
      81   6.9457637795275588E+01       32   9.3190000000000006E-01   6.5344108194686279E-02   5.6747281148174775E-02   1.6967437063304261E-03
      81   6.9457637795275588E+01       33   9.6180000000000010E-01   4.1282456547603319E-02   3.8188717879258954E-02   1.1418426645898429E-03
      81   6.9457637795275588E+01       34   9.9170000000000014E-01   2.2914695197444730E-02   2.2535889850519304E-02   6.7382310653052739E-04
      81   6.9457637795275588E+01       35   1.0216000000000001E+00   1.5221854394379807E-02   1.5886540412603258E-02   4.7500755833683754E-04
      81   6.9457637795275588E+01       36   1.0515000000000001E+00   1.6348507093837474E-02   1.8075763652442366E-02   5.4046533320802688E-04
      81   6.9457637795275588E+01       37   1.0814000000000001E+00   1.9752034495723613E-02   2.3098541902114710E-02   6.9064640287322995E-04
      81   6.9457637795275588E+01       38   1.1113000000000002E+00   1.4472306609985153E-02   1.7873120509237301E-02   5.3440630322619542E-04
      81   6.9457637795275588E+01       39   1.1412000000000002E+00   1.2425088898431462E-02   1.6181658467755655E-02   4.8383158818589419E-04
      81   6.9457637795275588E+01       40   1.1711000000000000E+00   1.1539044139068850E-02   1.5825512983828720E-02   4.7318283821647881E-04
      81   6.9457637795275588E+01       41   1.2010000000000001E+00   1.0184136370049111E-02   1.4689608484295210E-02   4.3921929368042684E-04
      81   6.9457637795275588E+01       42   1.2309000000000001E+00   7.5686684367806366E-03   1.1467401640545893E-02   3.4287530905232228E-04
      81   6.9457637795275588E+01       43   1.2608000000000001E+00   7.3061655349002065E-03   1.1614002308871873E-02   3.4725866903526905E-04
      81   6.9457637795275588E+01       44   1.2907000000000002E+00   5.6861223123539596E-03   9.4725480630842712E-03   2.8322918708621975E-04
      81   6.9457637795275588E+01       45   1.3206000000000002E+00   4.6076334315891029E-03   8.0356406413045287E-03   2.4026565517500545E-04
      81   6.9457637795275588E+01       46   1.3505000000000000E+00   3.5451695883404314E-03   6.4658584399870933E-03   1.9332916735561413E-04
      81   6.9457637795275588E+01       47   1.3804000000000001E+00   3.8409377474809135E-03   7.3189228561259109E-03   2.1883579339816478E-04
      81   6.9457637795275588E+01       48   1.4103000000000001E+00   3.1590660802612676E-03   6.2832121283872746E-03   1.8786804263877955E-04
      81   6.9457637795275588E+01       49   1.4402000000000001E+00   2.8856625217155590E-03   5.9853720620683930E-03   1.7896262465584499E-04
      81   6.9457637795275588E+01       50   1.4701000000000002E+00   2.5248123532270175E-03   5.4566093341682359E-03   1.6315261909163030E-04
 
      82   7.0325858267716541E+01        1   5.0000000000000001E-03   1.5116569047098736E+02   3.7791422617746841E-03   1.1299635362706307E-04
      82   7.0325858267716541E+01        2   3.4900000000000000E-02   2.0447678459646088E+01   2.4905476840633534E-02   7.4467375753494282E-04
      82   7.0325858267716541E+01        3   6.4800000000000010E-02   9.8841359103797082E+00   4.1503882053120819E-02   1.2409660733883128E-03
      82   7.0325858267716541E+01        4   9.4700000000000006E-02   6.2928747385219230E+00   5.6435067013791085E-02   1.6874085037123538E-03
      82   7.0325858267716541E+01        5   1.2460000000000002E-01   5.1452083930940686E+00   7.9880183536128330E-02   2.3884174877302376E-03
      82   7.0325858267716541E+01        6   1.5450000000000003E-01   5.1215910846848898E+00   1.2225365958919954E-01   3.6553844217170669E-03
      82   7.0325858267716541E+01        7   1.8440000000000001E-01   5.2300973748056849E+00   1.7784088387057265E-01   5.3174424277301234E-03
      82   7.0325858267716541E+01        8   2.1430000000000002E-01   4.8267720091588213E+00   2.2166704286689423E-01   6.6278445817201390E-03
      82   7.0325858267716541E+01        9   2.4420000000000003E-01   3.9341253929411324E+00   2.3460621739751009E-01   7.0147259001855531E-03
      82   7.0325858267716541E+01       10   2.7410000000000001E-01   2.8317548371891816E+00   2.1275203463944137E-01   6.3612858357192980E-03
      82   7.0325858267716541E+01       11   3.0400000000000005E-01   1.8051149428747462E+00   1.6682150256071260E-01   4.9879629265653074E-03
      82   7.0325858267716541E+01       12   3.3390000000000003E-01   1.1710849881094176E+00   1.3056334016717838E-01   3.9038438709986345E-03
      82   7.0325858267716541E+01       13   3.6380000000000001E-01   1.1569735004074539E+00   1.5312595184726671E-01   4.5784659602332760E-03
      82   7.0325858267716541E+01       14   3.9370000000000005E-01   9.9380932856036830E-01   1.5404013784596529E-01   4.6058001215943632E-03
      82   7.0325858267716541E+01       15   4.2360000000000003E-01   5.6125268287606245E-01   1.0070947520712473E-01   3.0112133086930299E-03
      82   7.0325858267716541E+01       16   4.5350000000000007E-01   5.5208801345456537E-01   1.1354366304509624E-01   3.3949555250483783E-03
      82   7.0325858267716541E+01       17   4.8340000000000005E-01   8.2864568405680317E-01   1.9363424426355660E-01   5.7896639034803439E-03
      82   7.0325858267716541E+01       18   5.1330000000000009E-01   7.9186732824155392E-01   2.0863874093769386E-01   6.2382983540370477E-03
      82   7.0325858267716541E+01       19   5.4320000000000002E-01   7.0430158333669735E-01   2.0781562002120596E-01   6.2136870386340593E-03
      82   7.0325858267716541E+01       20   5.7310000000000005E-01   6.2408539839837240E-01   2.0497686119824968E-01   6.1288081498276662E-03
      82   7.0325858267716541E+01       21   6.0300000000000009E-01   6.8014956806206694E-01   2.4730850429348020E-01   7.3945242783750595E-03
      82   7.0325858267716541E+01       22   6.3290000000000002E-01   6.0871459694035734E-01   2.4382818595260819E-01   7.2904627599829864E-03
      82   7.0325858267716541E+01       23   6.6280000000000006E-01   5.9216592491035558E-01   2.6014076473027087E-01   7.7782088654351003E-03
      82   7.0325858267716541E+01       24   6.9270000000000009E-01   4.7119410156285696E-01   2.2609461598149985E-01   6.7602290178468468E-03
      82   7.0325858267716541E+01       25   7.2260000000000002E-01   3.1188037760890697E-01   1.6284857619757778E-01   4.8691724283075766E-03
      82   7.0325858267716541E+01       26   7.5250000000000006E-01   1.5003930897225290E-01   8.4960696451219300E-02   2.5403248238914577E-03
      82   7.0325858267716541E+01       27   7.8240000000000010E-01   7.4388308103129699E-02   4.5536784952136908E-02   1.3615498700688938E-03
      82   7.0325858267716541E+01       28   8.1230000000000013E-01   6.2556152214267316E-02   4.1276506612976369E-02   1.2341675477279936E-03
      82   7.0325858267716541E+01       29   8.4220000000000006E-01   4.5850206057932053E-02   3.2521589671064298E-02   9.7239553116482277E-04
      82   7.0325858267716541E+01       30   8.7210000000000010E-01   6.0900610141528311E-02   4.6318471217270653E-02   1.3849222893963927E-03
      82   7.0325858267716541E+01       31   9.0200000000000014E-01   6.5004094253887118E-02   5.2887591101339587E-02   1.5813389739300541E-03
      82   7.0325858267716541E+01       32   9.3190000000000006E-01   5.9765409519736828E-02   5.1902529403991503E-02   1.5518856291793462E-03
      82   7.0325858267716541E+01       33   9.6180000000000010E-01   3.7744121404996896E-02   3.4915548261374170E-02   1.0439748930150879E-03
      82   7.0325858267716541E+01       34   9.9170000000000014E-01   2.2124301222058836E-02   2.1758561964883853E-02   6.5058100275002732E-04
      82   7.0325858267716541E+01       35   1.0216000000000001E+00   1.5413444821765059E-02   1.6086496934881355E-02   4.8098625835295262E-04
      82   7.0325858267716541E+01       36   1.0515000000000001E+00   1.5744705975305730E-02   1.7408169587185225E-02   5.2050427065683839E-04
      82   7.0325858267716541E+01       37   1.0814000000000001E+00   1.7762838141209523E-02   2.0772324045608567E-02   6.2109248896369631E-04
      82   7.0325858267716541E+01       38   1.1113000000000002E+00   1.3359303762045104E-02   1.6498575693096398E-02   4.9330741322358243E-04
      82   7.0325858267716541E+01       39   1.1412000000000002E+00   1.3567399629005019E-02   1.7669332500295353E-02   5.2831304175883118E-04
      82   7.0325858267716541E+01       40   1.1711000000000000E+00   1.2205926258223159E-02   1.6740125278241123E-02   5.0052974581940969E-04
      82   7.0325858267716541E+01       41   1.2010000000000001E+00   9.1913774501190173E-03   1.3257652025429122E-02   3.9640379556033086E-04
      82   7.0325858267716541E+01       42   1.2309000000000001E+00   7.4404177736319497E-03   1.1273087161416997E-02   3.3706530612636829E-04
      82   7.0325858267716541E+01       43   1.2608000000000001E+00   8.7647208486947535E-03   1.3932546106040106E-02   4.1658312857059925E-04
      82   7.0325858267716541E+01       44   1.2907000000000002E+00   5.3235908140296115E-03   8.8686044871963150E-03   2.6517127416716990E-04
      82   7.0325858267716541E+01       45   1.3206000000000002E+00   4.6938043894640437E-03   8.1859214441246438E-03   2.4475905117932688E-04
      82   7.0325858267716541E+01       46   1.3505000000000000E+00   3.5683525902998532E-03   6.5081407639065352E-03   1.9459340884080543E-04
      82   7.0325858267716541E+01       47   1.3804000000000001E+00   4.4790596249591093E-03   8.5348667482476239E-03   2.5519251577260399E-04
      82   7.0325858267716541E+01       48   1.4103000000000001E+00   2.9947096040197057E-03   5.9563159576004427E-03   1.7809384713225328E-04
      82   7.0325858267716541E+01       49   1.4402000000000001E+00   3.1716003514484581E-03   6.5784574574299717E-03   1.9669587797715619E-04
      82   7.0325858267716541E+01       50   1.4701000000000002E+00   2.5648280292899428E-03   5.5430909735815301E-03   1.6573842011008779E-04
 
      83   7.1194078740157480E+01        1   5.0000000000000001E-03   1.5664228359140498E+02   3.9160570897851243E-03   1.1709010698457524E-04
      83   7.1194078740157480E+01        2   3.4900000000000000E-02   2.1204161622043031E+01   2.5826880897264634E-02   7.7222373882821274E-04
      83   7.1194078740157480E+01        3   6.4800000000000010E-02   1.0270455617236374E+01   4.3126053955000236E-02   1.2894690132545074E-03
      83   7.1194078740157480E+01        4   9.4700000000000006E-02   6.5449405181447702E+00   5.8695615611368941E-02   1.7549989067799318E-03
      83   7.1194078740157480E+01        5   1.2460000000000002E-01   5.3183586121228910E+00   8.2568368390585845E-02   2.4687942148785172E-03
      83   7.1194078740157480E+01        6   1.5450000000000003E-01   5.2211073816194755E+00   1.2462913847610234E-01   3.7264112404354608E-03
      83   7.1194078740157480E+01        7   1.8440000000000001E-01   5.2645790280235172E+00   1.7901337593833377E-01   5.3524999405561808E-03
      83   7.1194078740157480E+01        8   2.1430000000000002E-01   4.8378006906738378E+00   2.2217352944084379E-01   6.6429885302812302E-03
      83   7.1194078740157480E+01        9   2.4420000000000003E-01   3.9748585443844515E+00   2.3703528348674646E-01   7.0873549762537208E-03
      83   7.1194078740157480E+01       10   2.7410000000000001E-01   2.9043783444530238E+00   2.1820829756521470E-01   6.5244280971999214E-03
      83   7.1194078740157480E+01       11   3.0400000000000005E-01   1.8725546042680394E+00   1.7305400630803519E-01   5.1743147886102537E-03
      83   7.1194078740157480E+01       12   3.3390000000000003E-01   1.2208537528535943E+00   1.3611202043118251E-01   4.0697494108923576E-03
      83   7.1194078740157480E+01       13   3.6380000000000001E-01   1.1777793477430394E+00   1.5587961489670429E-01   4.6608004854114590E-03
      83   7.1194078740157480E+01       14   3.9370000000000005E-01   9.7847266545736966E-01   1.5166295981936606E-01   4.5347224985990463E-03
      83   7.1194078740157480E+01       15   4.2360000000000003E-01   5.6215744566602144E-01   1.0087182309167608E-01   3.0160675104411155E-03
      83   7.1194078740157480E+01       16   4.5350000000000007E-01   5.9771429380690866E-01   1.2292726652148994E-01   3.6755252689925503E-03
      83   7.1194078740157480E+01       17   4.8340000000000005E-01   8.6226816388586291E-01   2.0149099606620086E-01   6.0245807823794068E-03
      83   7.1194078740157480E+01       18   5.1330000000000009E-01   8.1639649178110185E-01   2.1510160866139533E-01   6.4315380989757214E-03
      83   7.1194078740157480E+01       19   5.4320000000000002E-01   7.4210702234652604E-01   2.1897072876138543E-01   6.5472247899654255E-03
      83   7.1194078740157480E+01       20   5.7310000000000005E-01   6.5761482858411568E-01   2.1598938828969819E-01   6.4580827098619769E-03
      83   7.1194078740157480E+01       21   6.0300000000000009E-01   6.8493971243747276E-01   2.4905024389967712E-01   7.4466022926003477E-03
      83   7.1194078740157480E+01       22   6.3290000000000002E-01   6.1016012286306753E-01   2.4440720929992646E-01   7.3077755580678028E-03
      83   7.1194078740157480E+01       23   6.6280000000000006E-01   5.9408557962883746E-01   2.6098407641957411E-01   7.8034238849452675E-03
      83   7.1194078740157480E+01       24   6.9270000000000009E-01   4.6407365197268857E-01   2.2267798722837021E-01   6.6580718181282706E-03
      83   7.1194078740157480E+01       25   7.2260000000000002E-01   3.0306876206832917E-01   1.5824758444623727E-01   4.7316027749424953E-03
      83   7.1194078740157480E+01       26   7.5250000000000006E-01   1.4066964725952874E-01   7.9655066946003536E-02   2.3816865016855061E-03
      83   7.1194078740157480E+01       27   7.8240000000000010E-01   7.3207450154620698E-02   4.4813923042363028E-02   1.3399362989666549E-03
      83   7.1194078740157480E+01       28   8.1230000000000013E-01   6.0605551901188444E-02   3.9989439492123136E-02   1.1956842408144821E-03
      83   7.1194078740157480E+01       29   8.4220000000000006E-01   4.5062717439762229E-02   3.1963023332706002E-02   9.5569439764790971E-04
      83   7.1194078740157480E+01       30   8.7210000000000010E-01   5.5737570164412255E-02   4.2391677741508829E-02   1.2675111644711143E-03
      83   7.1194078740157480E+01       31   9.0200000000000014E-01   6.0704174292346445E-02   4.9389159020950250E-02   1.4767358547264128E-03
      83   7.1194078740157480E+01       32   9.3190000000000006E-01   5.3863848347174517E-02   4.6777391724022691E-02   1.3986440125482787E-03
      83   7.1194078740157480E+01       33   9.6180000000000010E-01   3.4925113362840793E-02   3.2307798824343356E-02   9.6600318484786651E-04
      83   7.1194078740157480E+01       34   9.9170000000000014E-01   2.1717231577838593E-02   2.1358221633729874E-02   6.3861082684852342E-04
      83   7.1194078740157480E+01       35   1.0216000000000001E+00   1.6138201087510785E-02   1.6842900813590640E-02   5.0360273432636026E-04
      83   7.1194078740157480E+01       36   1.0515000000000001E+00   1.5349397373403453E-02   1.6971095742047620E-02   5.0743576268722391E-04
      83   7.1194078740157480E+01       37   1.0814000000000001E+00   1.6073257302568023E-02   1.8796484351382627E-02   5.6201488210634067E-04
      83   7.1194078740157480E+01       38   1.1113000000000002E+00   1.2820561704496920E-02   1.5833235883939117E-02   4.7341375292977972E-04
      83   7.1194078740157480E+01       39   1.1412000000000002E+00   1.5040540615864137E-02   1.9587859161880532E-02   5.8567698894022803E-04
      83   7.1194078740157480E+01       40   1.1711000000000000E+00   1.2630043503469728E-02   1.7321791566230281E-02   5.1792156783028547E-04
      83   7.1194078740157480E+01       41   1.2010000000000001E+00   8.2518674991605995E-03   1.1902501932656750E-02   3.5588480778643691E-04
      83   7.1194078740157480E+01       42   1.2309000000000001E+00   7.7754612975389405E-03   1.1780716566483067E-02   3.5224342533784380E-04
      83   7.1194078740157480E+01       43   1.2608000000000001E+00   9.7760583775102841E-03   1.5540185070501754E-02   4.6465153360800252E-04
      83   7.1194078740157480E+01       44   1.2907000000000002E+00   4.8421486656130015E-03   8.0665668875895408E-03   2.4119034993892732E-04
      83   7.1194078740157480E+01       45   1.3206000000000002E+00   5.0314052056849171E-03   8.7746919875370828E-03   2.6236329042735881E-04
      83   7.1194078740157480E+01       46   1.3505000000000000E+00   3.6322282456090465E-03   6.6246403938111211E-03   1.9807674777495257E-04
      83   7.1194078740157480E+01       47   1.3804000000000001E+00   4.6909818049013811E-03   8.9386853437238914E-03   2.6726669177734439E-04
      83   7.1194078740157480E+01       48   1.4103000000000001E+00   2.9302351241925987E-03   5.8280796930435339E-03   1.7425958282200169E-04
      83   7.1194078740157480E+01       49   1.4402000000000001E+00   3.3783526412479725E-03   7.0072981031472610E-03   2.0951821328410314E-04
      83   7.1194078740157480E+01       50   1.4701000000000002E+00   2.6481889783233391E-03   5.7232501573004219E-03   1.7112517970328266E-04
 
      84   7.2062299212598433E+01        1   5.0000000000000001E-03   1.6065458428304285E+02   4.0163646070760714E-03   1.2008930175157456E-04
      84   7.2062299212598433E+01        2   3.4900000000000000E-02   2.1780083981792895E+01   2.6528360090663564E-02   7.9319796671084076E-04
      84   7.2062299212598433E+01        3   6.4800000000000010E-02   1.0588933394904611E+01   4.4463354882540274E-02   1.3294543109879545E-03
      84   7.2062299212598433E+01        4   9.4700000000000006E-02   6.7716262586189870E+00   6.0728553733658361E-02   1.8157837566363853E-03
      84   7.2062299212598433E+01        5   1.2460000000000002E-01   5.4815576180042180E+00   8.5102059068734387E-02   2.5445515661551587E-03
      84   7.2062299212598433E+01        6   1.5450000000000003E-01   5.3183864000857906E+00   1.2695121296664788E-01   3.7958412677027726E-03
      84   7.2062299212598433E+01        7   1.8440000000000001E-01   5.3135001106474515E+00   1.8067685712238515E-01   5.4022380279593173E-03
      84   7.2062299212598433E+01        8   2.1430000000000002E-01   4.8843053377172456E+00   2.2430923163894229E-01   6.7068460260043756E-03
      84   7.2062299212598433E+01        9   2.4420000000000003E-01   4.0560927142293384E+00   2.4187957272697530E-01   7.2321992245365629E-03
      84   7.2062299212598433E+01       10   2.7410000000000001E-01   3.0001165461728063E+00   2.2540118620836536E-01   6.7394954676301255E-03
      84   7.2062299212598433E+01       11   3.0400000000000005E-01   1.9384717611559263E+00   1.7914580627898613E-01   5.3564596077416869E-03
      84   7.2062299212598433E+01       12   3.3390000000000003E-01   1.2468104024968960E+00   1.3900590679416100E-01   4.1562766131454151E-03
      84   7.2062299212598433E+01       13   3.6380000000000001E-01   1.1685348052488638E+00   1.5465609563000143E-01   4.6242172593370439E-03
      84   7.2062299212598433E+01       14   3.9370000000000005E-01   9.5209057155426891E-01   1.4757374344283455E-01   4.4124549289407539E-03
      84   7.2062299212598433E+01       15   4.2360000000000003E-01   5.7628873981130846E-01   1.0340749955397219E-01   3.0918842366637689E-03
      84   7.2062299212598433E+01       16   4.5350000000000007E-01   6.3652205291356700E-01   1.3090855757682329E-01   3.9141658715470175E-03
      84   7.2062299212598433E+01       17   4.8340000000000005E-01   8.7874559004531327E-01   2.0534136785136906E-01   6.1397068987559360E-03
      84   7.2062299212598433E+01       18   5.1330000000000009E-01   8.4544217325696902E-01   2.2275447448458743E-01   6.6603587870891654E-03
      84   7.2062299212598433E+01       19   5.4320000000000002E-01   7.8742157098717691E-01   2.3234152224607940E-01   6.9470115151577753E-03
      84   7.2062299212598433E+01       20   5.7310000000000005E-01   6.8115022014794957E-01   2.2371943725768734E-01   6.6892111740048527E-03
      84   7.2062299212598433E+01       21   6.0300000000000009E-01   6.8329682250900714E-01   2.4845287433567767E-01   7.4287409426367643E-03
      84   7.2062299212598433E+01       22   6.3290000000000002E-01   6.1203945679044591E-01   2.4515999982707190E-01   7.3302839948294514E-03
      84   7.2062299212598433E+01       23   6.6280000000000006E-01   5.8610786672394410E-01   2.5747943650603689E-01   7.6986351515305048E-03
      84   7.2062299212598433E+01       24   6.9270000000000009E-01   4.5132717459684291E-01   2.1656180305320760E-01   6.4751979112909084E-03
      84   7.2062299212598433E+01       25   7.2260000000000002E-01   2.8837312306309698E-01   1.5057424537096964E-01   4.5021699365919935E-03
      84   7.2062299212598433E+01       26   7.5250000000000006E-01   1.3666524061851140E-01   7.7387546657985959E-02   2.3138876450737806E-03
      84   7.2062299212598433E+01       27   7.8240000000000010E-01   7.4860323574217319E-02   4.5825729109479484E-02   1.3701893003734368E-03
      84   7.2062299212598433E+01       28   8.1230000000000013E-01   5.9436187598930337E-02   3.9217856336084218E-02   1.1726139044489184E-03
      84   7.2062299212598433E+01       29   8.4220000000000006E-01   4.2529912340862792E-02   3.0166502548500351E-02   9.0197842620016067E-04
      84   7.2062299212598433E+01       30   8.7210000000000010E-01   4.9615040719366718E-02   3.7735136481606812E-02   1.1282805808000439E-03
      84   7.2062299212598433E+01       31   9.0200000000000014E-01   5.6738154266960265E-02   4.6162389264215953E-02   1.3802554390000574E-03
      84   7.2062299212598433E+01       32   9.3190000000000006E-01   4.9659736106922543E-02   4.3126382537926521E-02   1.2894788378840032E-03
      84   7.2062299212598433E+01       33   9.6180000000000010E-01   3.3487078708956897E-02   3.0977531580327854E-02   9.2622819425180309E-04
      84   7.2062299212598433E+01       34   9.9170000000000014E-01   2.2252017567352483E-02   2.1884167017224652E-02   6.5433659381501728E-04
      84   7.2062299212598433E+01       35   1.0216000000000001E+00   1.7054233785985896E-02   1.7798933508855679E-02   5.3218811191478490E-04
      84   7.2062299212598433E+01       36   1.0515000000000001E+00   1.5202862048203914E-02   1.6809078630036268E-02   5.0259145103808453E-04
      84   7.2062299212598433E+01       37   1.0814000000000001E+00   1.5363309352293747E-02   1.7966252788083097E-02   5.3719095836368474E-04
      84   7.2062299212598433E+01       38   1.1113000000000002E+00   1.3396034013273796E-02   1.6543937101214438E-02   4.9466371932631184E-04
      84   7.2062299212598433E+01       39   1.1412000000000002E+00   1.6406982758119013E-02   2.1367427923332863E-02   6.3888609490765278E-04
      84   7.2062299212598433E+01       40   1.1711000000000000E+00   1.2437008816412038E-02   1.7057049278260551E-02   5.1000577341999060E-04
      84   7.2062299212598433E+01       41   1.2010000000000001E+00   7.8369577758879375E-03   1.1304035732898539E-02   3.3799066841366641E-04
      84   7.2062299212598433E+01       42   1.2309000000000001E+00   8.4835462445711808E-03   1.2853546556469680E-02   3.8432104203844350E-04
      84   7.2062299212598433E+01       43   1.2608000000000001E+00   9.5992547375230077E-03   1.5259135062365410E-02   4.5624813836472585E-04
      84   7.2062299212598433E+01       44   1.2907000000000002E+00   4.5059412636556800E-03   7.5064767946828002E-03   2.2444365616101577E-04
      84   7.2062299212598433E+01       45   1.3206000000000002E+00   5.4436277645572104E-03   9.4936016830495414E-03   2.8385869032318133E-04
      84   7.2062299212598433E+01       46   1.3505000000000000E+00   3.7214518503523959E-03   6.7873708876281802E-03   2.0294238954008263E-04
      84   7.2062299212598433E+01       47   1.3804000000000001E+00   4.2907011324470473E-03   8.1759488571945607E-03   2.4446087083011744E-04
      84   7.2062299212598433E+01       48   1.4103000000000001E+00   2.9839088962545892E-03   5.9348339321217813E-03   1.7745153457044129E-04
      84   7.2062299212598433E+01       49   1.4402000000000001E+00   3.3356392568527240E-03   6.9187030246473267E-03   2.0686922043695511E-04
      84   7.2062299212598433E+01       50   1.4701000000000002E+00   2.6308176615987035E-03   5.6857073716493258E-03   1.7000265041231487E-04
 
      85   7.2930519685039371E+01        1   5.0000000000000001E-03   1.6282123153112727E+02   4.0705307882781816E-03   1.2170887056951766E-04
      85   7.2930519685039371E+01        2   3.4900000000000000E-02   2.2111399738607741E+01   2.6931905995621615E-02   8.0526398926908643E-04
      85   7.2930519685039371E+01        3   6.4800000000000010E-02   1.0796574213264419E+01   4.5335246984465838E-02   1.3555238848355288E-03
      85   7.2930519685039371E+01        4   9.4700000000000006E-02   6.9418620066624959E+00   6.2255243243329872E-02   1.8614317729755635E-03
      85   7.2930519685039371E+01        5   1.2460000000000002E-01   5.6221019935113885E+00   8.7284032985583293E-02   2.6097925862689410E-03
      85   7.2930519685039371E+01        6   1.5450000000000003E-01   5.4229348742806893E+00   1.2944681118279869E-01   3.8704596543656816E-03
      85   7.2930519685039371E+01        7   1.8440000000000001E-01   5.3978345660814018E+00   1.8354451197090971E-01   5.4879809079302014E-03
      85   7.2930519685039371E+01        8   2.1430000000000002E-01   4.9810285390602038E+00   2.2875119533178498E-01   6.8396607404203726E-03
      85   7.2930519685039371E+01        9   2.4420000000000003E-01   4.1746555176124707E+00   2.4894990426131580E-01   7.4436021374133443E-03
      85   7.2930519685039371E+01       10   2.7410000000000001E-01   3.1028994535067764E+00   2.3312334929052148E-01   6.9703881437865938E-03
      85   7.2930519685039371E+01       11   3.0400000000000005E-01   1.9906459227039552E+00   1.8396753359260878E-01   5.5006292544190040E-03
      85   7.2930519685039371E+01       12   3.3390000000000003E-01   1.2495866397917093E+00   1.3931542729693225E-01   4.1655312761782748E-03
      85   7.2930519685039371E+01       13   3.6380000000000001E-01   1.1438003612802421E+00   1.5138248108759902E-01   4.5263361845192121E-03
      85   7.2930519685039371E+01       14   3.9370000000000005E-01   9.3390454730702599E-01   1.4475491532217941E-01   4.3281719681331652E-03
      85   7.2930519685039371E+01       15   4.2360000000000003E-01   6.0349413581252842E-01   1.0828915310802725E-01   3.2378456779300156E-03
      85   7.2930519685039371E+01       16   4.5350000000000007E-01   6.5715518313713339E-01   1.3515201356314496E-01   4.0410452055380354E-03
      85   7.2930519685039371E+01       17   4.8340000000000005E-01   8.7936627376059207E-01   2.0548640646611971E-01   6.1440435533369805E-03
      85   7.2930519685039371E+01       18   5.1330000000000009E-01   8.7576091927609956E-01   2.3074276339440783E-01   6.8992086254927960E-03
      85   7.2930519685039371E+01       19   5.4320000000000002E-01   8.2512398575572166E-01   2.4346623201075437E-01   7.2796403371215576E-03
      85   7.2930519685039371E+01       20   5.7310000000000005E-01   6.8960201391672082E-01   2.2649537491407806E-01   6.7722117099309354E-03
      85   7.2930519685039371E+01       21   6.0300000000000009E-01   6.8155251436514819E-01   2.4781862819579725E-01   7.4097769830543392E-03
      85   7.2930519685039371E+01       22   6.3290000000000002E-01   6.1390736461822382E-01   2.4590821348822448E-01   7.3526555832979131E-03
      85   7.2930519685039371E+01       23   6.6280000000000006E-01   5.7176056963237698E-01   2.5117661380009065E-01   7.5101807526227124E-03
      85   7.2930519685039371E+01       24   6.9270000000000009E-01   4.3649852142978096E-01   2.0944652161778737E-01   6.2624509963718437E-03
      85   7.2930519685039371E+01       25   7.2260000000000002E-01   2.7141654911371654E-01   1.4172035739630442E-01   4.2374386861495032E-03
      85   7.2930519685039371E+01       26   7.5250000000000006E-01   1.3753517355766573E-01   7.7880151621862972E-02   2.3286165334937036E-03
      85   7.2930519685039371E+01       27   7.8240000000000010E-01   7.6559500556851082E-02   4.6865879891596261E-02   1.4012898087587286E-03
      85   7.2930519685039371E+01       28   8.1230000000000013E-01   5.9974312525947870E-02   3.9572928000859355E-02   1.1832305472256951E-03
      85   7.2930519685039371E+01       29   8.4220000000000006E-01   3.9103529815273722E-02   2.7736166544938701E-02   8.2931137969366735E-04
      85   7.2930519685039371E+01       30   8.7210000000000010E-01   4.6087133438119848E-02   3.5051956929154270E-02   1.0480535121817128E-03
      85   7.2930519685039371E+01       31   9.0200000000000014E-01   5.3049790916062919E-02   4.3161522088472466E-02   1.2905295104453270E-03
      85   7.2930519685039371E+01       32   9.3190000000000006E-01   4.8295627205119540E-02   4.1941739063464996E-02   1.2540579979976037E-03
      85   7.2930519685039371E+01       33   9.6180000000000010E-01   3.3818670583796055E-02   3.1284273708056740E-02   9.3539978387089675E-04
      85   7.2930519685039371E+01       34   9.9170000000000014E-01   2.4267177422127445E-02   2.3866014042772745E-02   7.1359381987890521E-04
      85   7.2930519685039371E+01       35   1.0216000000000001E+00   1.8051695938031336E-02   1.8839951401811141E-02   5.6331454691415327E-04
      85   7.2930519685039371E+01       36   1.0515000000000001E+00   1.4858724240571686E-02   1.6428581888717628E-02   4.9121459847265719E-04
      85   7.2930519685039371E+01       37   1.0814000000000001E+00   1.5703866541873234E-02   1.8364509206441993E-02   5.4909882527261569E-04
      85   7.2930519685039371E+01       38   1.1113000000000002E+00   1.5009429470985469E-02   1.8536460630590272E-02   5.5424017285464922E-04
      85   7.2930519685039371E+01       39   1.1412000000000002E+00   1.7241881235758268E-02   2.2454747469361467E-02   6.7139694933390803E-04
      85   7.2930519685039371E+01       40   1.1711000000000000E+00   1.1495730601873809E-02   1.5766109541308308E-02   4.7140667528511852E-04
      85   7.2930519685039371E+01       41   1.2010000000000001E+00   8.0907282890330303E-03   1.1670074574829534E-02   3.4893522978740311E-04
      85   7.2930519685039371E+01       42   1.2309000000000001E+00   9.3123063186533409E-03   1.4109213218648258E-02   4.2186547523758301E-04
      85   7.2930519685039371E+01       43   1.2608000000000001E+00   8.3477001000242974E-03   1.3269642984728292E-02   3.9676232524337601E-04
      85   7.2930519685039371E+01       44   1.2907000000000002E+00   4.5147466508842953E-03   7.5211457464139141E-03   2.2488225781777609E-04
      85   7.2930519685039371E+01       45   1.3206000000000002E+00   5.7142143535097003E-03   9.9655004622084317E-03   2.9796846382003215E-04
      85   7.2930519685039371E+01       46   1.3505000000000000E+00   3.8651581510191222E-03   7.0494696600257641E-03   2.1077914283477040E-04
      85   7.2930519685039371E+01       47   1.3804000000000001E+00   3.5990300739104268E-03   6.8579667778014266E-03   2.0505320665626270E-04
      85   7.2930519685039371E+01       48   1.4103000000000001E+00   3.1020762700250224E-03   6.1698624681480532E-03   1.8447888779762683E-04
      85   7.2930519685039371E+01       49   1.4402000000000001E+00   3.1450496798070141E-03   6.5233866904653810E-03   1.9504926204491494E-04
      85   7.2930519685039371E+01       50   1.4701000000000002E+00   2.5244165769932217E-03   5.4557539849424555E-03   1.6312704414977945E-04
 
      86   7.3798740157480324E+01        1   5.0000000000000001E-03   1.6306180945306949E+02   4.0765452363267377E-03   1.2188870256616949E-04
      86   7.3798740157480324E+01        2   3.4900000000000000E-02   2.2176764939585578E+01   2.7011521464064631E-02   8.0764449177553267E-04
      86   7.3798740157480324E+01        3   6.4800000000000010E-02   1.0873119426742667E+01   4.5656663397669543E-02   1.3651342355903197E-03
      86   7.3798740157480324E+01        4   9.4700000000000006E-02   7.0356440425106292E+00   6.3096288981199164E-02   1.8865790405378554E-03
      86   7.3798740157480324E+01        5   1.2460000000000002E-01   5.7248303742370137E+00   8.8878907532889545E-02   2.6574793352333978E-03
      86   7.3798740157480324E+01        6   1.5450000000000003E-01   5.5276908852263738E+00   1.3194736335307489E-01   3.9452261642569401E-03
      86   7.3798740157480324E+01        7   1.8440000000000001E-01   5.5129940945339984E+00   1.8746032287431361E-01   5.6050636539419782E-03
      86   7.3798740157480324E+01        8   2.1430000000000002E-01   5.1163494719425540E+00   2.3496574016073113E-01   7.0254756308058622E-03
      86   7.3798740157480324E+01        9   2.4420000000000003E-01   4.3094273769744680E+00   2.5698684080463979E-01   7.6839065400587311E-03
      86   7.3798740157480324E+01       10   2.7410000000000001E-01   3.1926213780822144E+00   2.3986423015863303E-01   7.1719404817431297E-03
      86   7.3798740157480324E+01       11   3.0400000000000005E-01   2.0205367421803855E+00   1.8672992356534257E-01   5.5832247146037437E-03
      86   7.3798740157480324E+01       12   3.3390000000000003E-01   1.2367887213670503E+00   1.3788859748212259E-01   4.1228690647154669E-03
      86   7.3798740157480324E+01       13   3.6380000000000001E-01   1.1213925651026926E+00   1.4841679940407002E-01   4.4376623021816948E-03
      86   7.3798740157480324E+01       14   3.9370000000000005E-01   9.3574475465915807E-01   1.4504014689129560E-01   4.3367003920497397E-03
      86   7.3798740157480324E+01       15   4.2360000000000003E-01   6.3745126757307302E-01   1.1438231760145882E-01   3.4200312962836196E-03
      86   7.3798740157480324E+01       16   4.5350000000000007E-01   6.5750205833867237E-01   1.3522335269756267E-01   4.0431782456571246E-03
      86   7.3798740157480324E+01       17   4.8340000000000005E-01   8.7356642841556720E-01   2.0413112435720762E-01   6.1035206182805096E-03
      86   7.3798740157480324E+01       18   5.1330000000000009E-01   9.0247272022272562E-01   2.3778070563412393E-01   7.1096430984603073E-03
      86   7.3798740157480324E+01       19   5.4320000000000002E-01   8.4167884088526301E-01   2.4835101086757286E-01   7.4256952249404304E-03
      86   7.3798740157480324E+01       20   5.7310000000000005E-01   6.8242927054292246E-01   2.2413953318678415E-01   6.7017720422848474E-03
      86   7.3798740157480324E+01       21   6.0300000000000009E-01   6.8092895367029183E-01   2.4759189591510122E-01   7.4029976878615279E-03
      86   7.3798740157480324E+01       22   6.3290000000000002E-01   6.1189035823699578E-01   2.4510027655117439E-01   7.3284982688801162E-03
      86   7.3798740157480324E+01       23   6.6280000000000006E-01   5.5735626832703200E-01   2.4484874892413558E-01   7.3209775928316555E-03
      86   7.3798740157480324E+01       24   6.9270000000000009E-01   4.2289030595186267E-01   2.0291684681398889E-01   6.0672137197382691E-03
      86   7.3798740157480324E+01       25   7.2260000000000002E-01   2.5907757303151235E-01   1.3527755165735969E-01   4.0447987945550559E-03
      86   7.3798740157480324E+01       26   7.5250000000000006E-01   1.4057621547050633E-01   7.9602160611520922E-02   2.3801046022844763E-03
      86   7.3798740157480324E+01       27   7.8240000000000010E-01   7.6996769643300544E-02   4.7133554057921724E-02   1.4092932663318598E-03
      86   7.3798740157480324E+01       28   8.1230000000000013E-01   6.0884267433803776E-02   4.0173344721551749E-02   1.2011830071743976E-03
      86   7.3798740157480324E+01       29   8.4220000000000006E-01   3.6168831800557494E-02   2.5654582777954148E-02   7.6707202506082922E-04
      86   7.3798740157480324E+01       30   8.7210000000000010E-01   4.6542293368221334E-02   3.5398132641887965E-02   1.0584041659924505E-03
      86   7.3798740157480324E+01       31   9.0200000000000014E-01   5.0814344877160161E-02   4.1342754249437029E-02   1.2361483520581674E-03
      86   7.3798740157480324E+01       32   9.3190000000000006E-01   4.9547978987099610E-02   4.3029328451887013E-02   1.2865769207114220E-03
      86   7.3798740157480324E+01       33   9.6180000000000010E-01   3.6105470540963649E-02   3.3399699138466230E-02   9.9865100424014050E-04
      86   7.3798740157480324E+01       34   9.9170000000000014E-01   2.7569961561013531E-02   2.7114199493752652E-02   8.1071456486320442E-04
      86   7.3798740157480324E+01       35   1.0216000000000001E+00   1.9202025799947231E-02   2.0040512211662177E-02   5.9921131512869928E-04
      86   7.3798740157480324E+01       36   1.0515000000000001E+00   1.4124850471540419E-02   1.5617172704772227E-02   4.6695346387268970E-04
      86   7.3798740157480324E+01       37   1.0814000000000001E+00   1.6741012173086857E-02   1.9577374231883788E-02   5.8536348953332543E-04
      86   7.3798740157480324E+01       38   1.1113000000000002E+00   1.6882359671397732E-02   2.0849506372328651E-02   6.2340024053262678E-04
      86   7.3798740157480324E+01       39   1.1412000000000002E+00   1.7106545677339470E-02   2.2278494904669360E-02   6.6612699764961403E-04
      86   7.3798740157480324E+01       40   1.1711000000000000E+00   1.0417679625334119E-02   1.4287589351867832E-02   4.2719892162084827E-04
      86   7.3798740157480324E+01       41   1.2010000000000001E+00   8.8010836569265925E-03   1.2694691867834576E-02   3.7957128684825391E-04
      86   7.3798740157480324E+01       42   1.2309000000000001E+00   9.8143371167246484E-03   1.4869847515882216E-02   4.4460844072487834E-04
      86   7.3798740157480324E+01       43   1.2608000000000001E+00   6.8847969296819099E-03   1.0944187762443278E-02   3.2723121409705409E-04
      86   7.3798740157480324E+01       44   1.2907000000000002E+00   4.8072319460738932E-03   8.0083988978998308E-03   2.3945112704720499E-04
      86   7.3798740157480324E+01       45   1.3206000000000002E+00   5.6124586457480131E-03   9.7880400993313188E-03   2.9266239897000651E-04
      86   7.3798740157480324E+01       46   1.3505000000000000E+00   3.9598355915990337E-03   7.2221471336967958E-03   2.1594219929753423E-04
      86   7.3798740157480324E+01       47   1.3804000000000001E+00   3.2115170417685770E-03   6.1195590830009179E-03   1.8297481658172748E-04
      86   7.3798740157480324E+01       48   1.4103000000000001E+00   3.2264232989763207E-03   6.4171820051838547E-03   1.9187374195499729E-04
      86   7.3798740157480324E+01       49   1.4402000000000001E+00   3.0089246271017421E-03   6.2410393677003687E-03   1.8660707709424108E-04
      86   7.3798740157480324E+01       50   1.4701000000000002E+00   2.4389102083592954E-03   5.2709581332339621E-03   1.5760164818369549E-04
 
      87   7.4666960629921263E+01        1   5.0000000000000001E-03   1.6151204184490982E+02   4.0378010461227460E-03   1.2073025127907013E-04
      87   7.4666960629921263E+01        2   3.4900000000000000E-02   2.1987614212276640E+01   2.6781133986695072E-02   8.0075590620218285E-04
      87   7.4666960629921263E+01        3   6.4800000000000010E-02   1.0816375465815517E+01   4.5418393235978002E-02   1.3580099577557426E-03
      87   7.4666960629921263E+01        4   9.4700000000000006E-02   7.0414770837290073E+00   6.3148600219819287E-02   1.8881431465725971E-03
      87   7.4666960629921263E+01        5   1.2460000000000002E-01   5.7717340362084197E+00   8.9607094389581532E-02   2.6792521222484883E-03
      87   7.4666960629921263E+01        6   1.5450000000000003E-01   5.6111021775184859E+00   1.3393841175291069E-01   4.0047585114120305E-03
      87   7.4666960629921263E+01        7   1.8440000000000001E-01   5.6324556673217909E+00   1.9152241773998310E-01   5.7265202904254959E-03
      87   7.4666960629921263E+01        8   2.1430000000000002E-01   5.2565063062134012E+00   2.4140237129463432E-01   7.2179309017095681E-03
      87   7.4666960629921263E+01        9   2.4420000000000003E-01   4.4265511837702549E+00   2.6397135973452929E-01   7.8927436560624273E-03
      87   7.4666960629921263E+01       10   2.7410000000000001E-01   3.2480479835963294E+00   2.4402847592645896E-01   7.2964514302011245E-03
      87   7.4666960629921263E+01       11   3.0400000000000005E-01   2.0233198823845120E+00   1.8698713025044711E-01   5.5909151944883700E-03
      87   7.4666960629921263E+01       12   3.3390000000000003E-01   1.2191638486075280E+00   1.3592361434181291E-01   4.0641160688202069E-03
      87   7.4666960629921263E+01       13   3.6380000000000001E-01   1.1135213680174005E+00   1.4737504300650489E-01   4.4065137858944970E-03
      87   7.4666960629921263E+01       14   3.9370000000000005E-01   9.5778956497151813E-01   1.4845708565582022E-01   4.4388668611090257E-03
      87   7.4666960629921263E+01       15   4.2360000000000003E-01   6.6853902763152473E-01   1.1996061075955682E-01   3.5868222617107494E-03
      87   7.4666960629921263E+01       16   4.5350000000000007E-01   6.4405015713625247E-01   1.3245680442949528E-01   3.9604584524419095E-03
      87   7.4666960629921263E+01       17   4.8340000000000005E-01   8.7188491971371884E-01   2.0373819686965836E-01   6.0917720864027865E-03
      87   7.4666960629921263E+01       18   5.1330000000000009E-01   9.1988537416967664E-01   2.4236853754271281E-01   7.2468192725271144E-03
      87   7.4666960629921263E+01       19   5.4320000000000002E-01   8.3133223131904288E-01   2.4529807568612025E-01   7.3344124630149972E-03
      87   7.4666960629921263E+01       20   5.7310000000000005E-01   6.6370012647220766E-01   2.1798806549598848E-01   6.5178431583300571E-03
      87   7.4666960629921263E+01       21   6.0300000000000009E-01   6.7732243725067287E-01   2.4628053408628001E-01   7.3637879691797739E-03
      87   7.4666960629921263E+01       22   6.3290000000000002E-01   6.0308159558401420E-01   2.4157181735377811E-01   7.2229973388779675E-03
      87   7.4666960629921263E+01       23   6.6280000000000006E-01   5.4778911843472389E-01   2.4064586323858903E-01   7.1953113108338138E-03
      87   7.4666960629921263E+01       24   6.9270000000000009E-01   4.1395440215477552E-01   1.9862910269590908E-01   5.9390101706076831E-03
      87   7.4666960629921263E+01       25   7.2260000000000002E-01   2.5731635522519525E-01   1.3435793044126568E-01   4.0173021201938448E-03
      87   7.4666960629921263E+01       26   7.5250000000000006E-01   1.4334574592719862E-01   8.1170424542188285E-02   2.4269956938114301E-03
      87   7.4666960629921263E+01       27   7.8240000000000010E-01   7.6889141547374459E-02   4.7067669544831311E-02   1.4073233193904566E-03
      87   7.4666960629921263E+01       28   8.1230000000000013E-01   6.0204130283958546E-02   3.9724568948592442E-02   1.1877646115629142E-03
      87   7.4666960629921263E+01       29   8.4220000000000006E-01   3.5146834963640475E-02   2.4929679563051563E-02   7.4539741893524193E-04
      87   7.4666960629921263E+01       30   8.7210000000000010E-01   4.9462288867269555E-02   3.7618959775851238E-02   1.1248068972979522E-03
      87   7.4666960629921263E+01       31   9.0200000000000014E-01   5.1737941932923262E-02   4.2094196508394112E-02   1.2586164756009843E-03
      87   7.4666960629921263E+01       32   9.3190000000000006E-01   5.2429673226944119E-02   4.5531900110288341E-02   1.3614038132976217E-03
      87   7.4666960629921263E+01       33   9.6180000000000010E-01   3.9948988717974587E-02   3.6955181142218151E-02   1.1049599161523230E-03
      87   7.4666960629921263E+01       34   9.9170000000000014E-01   3.1097684989290459E-02   3.0583605737987157E-02   9.1444981156581619E-04
      87   7.4666960629921263E+01       35   1.0216000000000001E+00   2.0224198597765558E-02   2.1107319779286805E-02   6.3110886140067563E-04
      87   7.4666960629921263E+01       36   1.0515000000000001E+00   1.3475133834396608E-02   1.4898812043051738E-02   4.4547448008724709E-04
      87   7.4666960629921263E+01       37   1.0814000000000001E+00   1.8043903193857305E-02   2.1101008814623651E-02   6.3092016355724726E-04
      87   7.4666960629921263E+01       38   1.1113000000000002E+00   1.8028683753917255E-02   2.2265202502990807E-02   6.6572955483942527E-04
      87   7.4666960629921263E+01       39   1.1412000000000002E+00   1.5945315665950078E-02   2.0766181584385326E-02   6.2090882937312138E-04
      87   7.4666960629921263E+01       40   1.1711000000000000E+00   9.9435569683161938E-03   1.3637341881268417E-02   4.0775652224992576E-04
      87   7.4666960629921263E+01       41   1.2010000000000001E+00   9.6048258926360406E-03   1.3854010472364120E-02   4.1423491312368726E-04
      87   7.4666960629921263E+01       42   1.2309000000000001E+00   9.7067015325630352E-03   1.4706767248235955E-02   4.3973234072225518E-04
      87   7.4666960629921263E+01       43   1.2608000000000001E+00   6.1888897667798015E-03   9.8379621563988943E-03   2.9415506847632698E-04
      87   7.4666960629921263E+01       44   1.2907000000000002E+00   5.2334192818940858E-03   8.7183871465985000E-03   2.6067977568329520E-04
      87   7.4666960629921263E+01       45   1.3206000000000002E+00   5.2068529670391203E-03   9.0806701393358249E-03   2.7151203716614122E-04
      87   7.4666960629921263E+01       46   1.3505000000000000E+00   3.9051007647118822E-03   7.1223190059949574E-03   2.1295733827924926E-04
      87   7.4666960629921263E+01       47   1.3804000000000001E+00   3.4166313930831822E-03   6.5104053327065996E-03   1.9466111944792738E-04
      87   7.4666960629921263E+01       48   1.4103000000000001E+00   3.2314758003826327E-03   6.4272311581006587E-03   1.9217421162720974E-04
      87   7.4666960629921263E+01       49   1.4402000000000001E+00   2.9906313132708182E-03   6.2030958144600658E-03   1.8547256485235600E-04
      87   7.4666960629921263E+01       50   1.4701000000000002E+00   2.4028821696877320E-03   5.1930945518649310E-03   1.5527352710076146E-04
 
      88   7.5535181102362202E+01        1   5.0000000000000001E-03   1.5838726151746715E+02   3.9596815379366792E-03   1.1839447798430674E-04
      88   7.5535181102362202E+01        2   3.4900000000000000E-02   2.1566887366043687E+01   2.6268684480714871E-02   7.8543366597337485E-04
      88   7.5535181102362202E+01        3   6.4800000000000010E-02   1.0628603782151282E+01   4.4629932425404535E-02   1.3344349795195959E-03
      88   7.5535181102362202E+01        4   9.4700000000000006E-02   6.9497640483248784E+00   6.2326109464141868E-02   1.8635506729778423E-03
      88   7.5535181102362202E+01        5   1.2460000000000002E-01   5.7446920564211501E+00   8.9187263326667404E-02   2.6666991734673562E-03
      88   7.5535181102362202E+01        6   1.5450000000000003E-01   5.6469172463334827E+00   1.3479332639929187E-01   4.0303204593388278E-03
      88   7.5535181102362202E+01        7   1.8440000000000001E-01   5.7204079697982682E+00   1.9451309154391966E-01   5.8159414371631987E-03
      88   7.5535181102362202E+01        8   2.1430000000000002E-01   5.3603558806973393E+00   2.4617161003952617E-01   7.3605311401818340E-03
      88   7.5535181102362202E+01        9   2.4420000000000003E-01   4.4925000752957089E+00   2.6790413219015730E-01   8.0103335524857044E-03
      88   7.5535181102362202E+01       10   2.7410000000000001E-01   3.2536892108581870E+00   2.4445230590003642E-01   7.3091239464110900E-03
      88   7.5535181102362202E+01       11   3.0400000000000005E-01   1.9992483107040739E+00   1.8476253188202774E-01   5.5243997032726304E-03
      88   7.5535181102362202E+01       12   3.3390000000000003E-01   1.2055747152425518E+00   1.3440857259836708E-01   4.0188163206911764E-03
      88   7.5535181102362202E+01       13   3.6380000000000001E-01   1.1223377977887048E+00   1.4854190136596612E-01   4.4414028508423884E-03
      88   7.5535181102362202E+01       14   3.9370000000000005E-01   9.9065163612971019E-01   1.5355069649809794E-01   4.5911658252931293E-03
      88   7.5535181102362202E+01       15   4.2360000000000003E-01   6.8761702532950042E-01   1.2338390866936857E-01   3.6891788692141212E-03
      88   7.5535181102362202E+01       16   4.5350000000000007E-01   6.2700517253638377E-01   1.2895129454547094E-01   3.8556437069095818E-03
      88   7.5535181102362202E+01       17   4.8340000000000005E-01   8.7924313478178473E-01   2.0545763189628907E-01   6.1431831936990446E-03
      88   7.5535181102362202E+01       18   5.1330000000000009E-01   9.2284064352408657E-01   2.4314718272132504E-01   7.2701007633676207E-03
      88   7.5535181102362202E+01       19   5.4320000000000002E-01   7.9829997295301425E-01   2.3555137141134763E-01   7.0429860051992961E-03
      88   7.5535181102362202E+01       20   5.7310000000000005E-01   6.3947650515053012E-01   2.1003197186182374E-01   6.2799559586685311E-03
      88   7.5535181102362202E+01       21   6.0300000000000009E-01   6.6505722504980036E-01   2.4182079254313293E-01   7.2304416970396766E-03
      88   7.5535181102362202E+01       22   6.3290000000000002E-01   5.8842946225115111E-01   2.3570272351432514E-01   7.0475114330783234E-03
      88   7.5535181102362202E+01       23   6.6280000000000006E-01   5.4411788983434739E-01   2.3903307841692581E-01   7.1470890446660830E-03
      88   7.5535181102362202E+01       24   6.9270000000000009E-01   4.1292696699095671E-01   1.9813610510099222E-01   5.9242695425196683E-03
      88   7.5535181102362202E+01       25   7.2260000000000002E-01   2.6701792183600770E-01   1.3942361082029203E-01   4.1687659635267328E-03
      88   7.5535181102362202E+01       26   7.5250000000000006E-01   1.4554376517554002E-01   8.2415066679181900E-02   2.4642104937075394E-03
      88   7.5535181102362202E+01       27   7.8240000000000010E-01   7.7655698222509020E-02   4.7536917029541333E-02   1.4213538191832861E-03
      88   7.5535181102362202E+01       28   8.1230000000000013E-01   5.7562558303006169E-02   3.7981577100772781E-02   1.1356491553131064E-03
      88   7.5535181102362202E+01       29   8.4220000000000006E-01   3.6523748054666801E-02   2.5906325175123535E-02   7.7459912273619388E-04
      88   7.5535181102362202E+01       30   8.7210000000000010E-01   5.2173531615475353E-02   3.9681018249550670E-02   1.1864624456615653E-03
      88   7.5535181102362202E+01       31   9.0200000000000014E-01   5.5960306536124424E-02   4.5529529239016986E-02   1.3613329242466081E-03
      88   7.5535181102362202E+01       32   9.3190000000000006E-01   5.5935499042552336E-02   4.8576491102671447E-02   1.4524370839698766E-03
      88   7.5535181102362202E+01       33   9.6180000000000010E-01   4.3995027043933981E-02   4.0698006281041019E-02   1.2168703878031267E-03
      88   7.5535181102362202E+01       34   9.9170000000000014E-01   3.3201424360738856E-02   3.2652567962474809E-02   9.7631178207799698E-04
      88   7.5535181102362202E+01       35   1.0216000000000001E+00   2.0334850088741575E-02   2.1222803040232618E-02   6.3456181090295542E-04
      88   7.5535181102362202E+01       36   1.0515000000000001E+00   1.3513304222264679E-02   1.4941015218281443E-02   4.4673635502661524E-04
      88   7.5535181102362202E+01       37   1.0814000000000001E+00   1.9232420311432807E-02   2.2490891585820814E-02   6.7247765841604249E-04
      88   7.5535181102362202E+01       38   1.1113000000000002E+00   1.7880963393654904E-02   2.2082769676504434E-02   6.6027481332748270E-04
      88   7.5535181102362202E+01       39   1.1412000000000002E+00   1.4356715369397810E-02   1.8697287940990206E-02   5.5904890943560726E-04
      88   7.5535181102362202E+01       40   1.1711000000000000E+00   1.0066810749343659E-02   1.3806381386486353E-02   4.1281080345594202E-04
      88   7.5535181102362202E+01       41   1.2010000000000001E+00   1.0151814430615911E-02   1.4642987286534823E-02   4.3782531986739129E-04
      88   7.5535181102362202E+01       42   1.2309000000000001E+00   9.0662541080551388E-03   1.3736415870337684E-02   4.1071883452309686E-04
      88   7.5535181102362202E+01       43   1.2608000000000001E+00   6.6142191553860766E-03   1.0514072830008455E-02   3.1437077761725288E-04
      88   7.5535181102362202E+01       44   1.2907000000000002E+00   5.5868877220176935E-03   9.3072325150105936E-03   2.7828625219881683E-04
      88   7.5535181102362202E+01       45   1.3206000000000002E+00   4.8652183519676791E-03   8.4848647138166117E-03   2.5369745494311676E-04
      88   7.5535181102362202E+01       46   1.3505000000000000E+00   3.7105837019417369E-03   6.7675490124323627E-03   2.0234971547172768E-04
      88   7.5535181102362202E+01       47   1.3804000000000001E+00   3.9591232595653000E-03   7.5441258410544401E-03   2.2556936264752782E-04
      88   7.5535181102362202E+01       48   1.4103000000000001E+00   3.1015939374587380E-03   6.1689031346762622E-03   1.8445020372682028E-04
      88   7.5535181102362202E+01       49   1.4402000000000001E+00   3.0572860310604721E-03   6.3413494330523280E-03   1.8960634804826465E-04
      88   7.5535181102362202E+01       50   1.4701000000000002E+00   2.4371700908799197E-03   5.2671974017608394E-03   1.5748920231264913E-04
 
      89   7.6403401574803155E+01        1   5.0000000000000001E-03   1.5392348479936666E+02   3.8480871199841667E-03   1.1505780488752662E-04
      89   7.6403401574803155E+01        2   3.4900000000000000E-02   2.0943005940559548E+01   2.5508790665660936E-02   7.6271284090326220E-04
      89   7.6403401574803155E+01        3   6.4800000000000010E-02   1.0318304963193135E+01   4.3326975272646513E-02   1.2954765606521311E-03
      89   7.6403401574803155E+01        4   9.4700000000000006E-02   6.7618586703328685E+00   6.0640957122825502E-02   1.8131646179724830E-03
      89   7.6403401574803155E+01        5   1.2460000000000002E-01   5.6384552739575851E+00   8.7537920281035367E-02   2.6173838164029579E-03
      89   7.6403401574803155E+01        6   1.5450000000000003E-01   5.6166865634454650E+00   1.3407171244108415E-01   4.0087442019884172E-03
      89   7.6403401574803155E+01        7   1.8440000000000001E-01   5.7447495339496797E+00   1.9534078651272319E-01   5.8406895167304245E-03
      89   7.6403401574803155E+01        8   2.1430000000000002E-01   5.3935625911219871E+00   2.4769661128035581E-01   7.4061286772826402E-03
      89   7.6403401574803155E+01        9   2.4420000000000003E-01   4.4864881324230739E+00   2.6754561815319000E-01   7.9996139827803823E-03
      89   7.6403401574803155E+01       10   2.7410000000000001E-01   3.2076315570006262E+00   2.4099195705901824E-01   7.2056595160646473E-03
      89   7.6403401574803155E+01       11   3.0400000000000005E-01   1.9550902658792746E+00   1.8068162201149909E-01   5.4023804981438240E-03
      89   7.6403401574803155E+01       12   3.3390000000000003E-01   1.1991714095771138E+00   1.3369467310833888E-01   3.9974707259393333E-03
      89   7.6403401574803155E+01       13   3.6380000000000001E-01   1.1406256274328963E+00   1.5096230366601993E-01   4.5137728796139963E-03
      89   7.6403401574803155E+01       14   3.9370000000000005E-01   1.0199975188779626E+00   1.5809929922685340E-01   4.7271690468829175E-03
      89   7.6403401574803155E+01       15   4.2360000000000003E-01   6.8860247875278047E-01   1.2356073543586354E-01   3.6944659895323207E-03
      89   7.6403401574803155E+01       16   4.5350000000000007E-01   6.1463613323447686E-01   1.2640745009230234E-01   3.7795827577598406E-03
      89   7.6403401574803155E+01       17   4.8340000000000005E-01   8.9209300038506745E-01   2.0846033143706091E-01   6.2329639099681228E-03
      89   7.6403401574803155E+01       18   5.1330000000000009E-01   9.0828846312047928E-01   2.3931301948586364E-01   7.1554592826273246E-03
      89   7.6403401574803155E+01       19   5.4320000000000002E-01   7.5430132294520813E-01   2.2256885518846831E-01   6.6548087701352038E-03
      89   7.6403401574803155E+01       20   5.7310000000000005E-01   6.1455869547230080E-01   2.0184787649781316E-01   6.0352515072846146E-03
      89   7.6403401574803155E+01       21   6.0300000000000009E-01   6.4205334245897761E-01   2.3345637379816647E-01   6.9803455765651791E-03
      89   7.6403401574803155E+01       22   6.3290000000000002E-01   5.7202740935784224E-01   2.2913267767843387E-01   6.8510670625851746E-03
      89   7.6403401574803155E+01       23   6.6280000000000006E-01   5.4455472750834744E-01   2.3922498288457070E-01   7.1528269882486653E-03
      89   7.6403401574803155E+01       24   6.9270000000000009E-01   4.2091893123645663E-01   2.0197091559847280E-01   6.0389303763943381E-03
      89   7.6403401574803155E+01       25   7.2260000000000002E-01   2.8338851796403669E-01   1.4797153003019542E-01   4.4243487479028436E-03
      89   7.6403401574803155E+01       26   7.5250000000000006E-01   1.4860635749004092E-01   8.4149278718470000E-02   2.5160634336822535E-03
      89   7.6403401574803155E+01       27   7.8240000000000010E-01   7.9943744270823222E-02   4.8937543868885817E-02   1.4632325616796863E-03
      89   7.6403401574803155E+01       28   8.1230000000000013E-01   5.4936877386562867E-02   3.6249070674547614E-02   1.0838472131689738E-03
      89   7.6403401574803155E+01       29   8.4220000000000006E-01   3.9528726409427790E-02   2.8037758846337323E-02   8.3832898950548618E-04
      89   7.6403401574803155E+01       30   8.7210000000000010E-01   5.3249141632691940E-02   4.0499082494024993E-02   1.2109225665713475E-03
      89   7.6403401574803155E+01       31   9.0200000000000014E-01   6.1434815214133853E-02   4.9983611397480171E-02   1.4945099807846575E-03
      89   7.6403401574803155E+01       32   9.3190000000000006E-01   5.9480908548870767E-02   5.1655458060809900E-02   1.5444981960182162E-03
      89   7.6403401574803155E+01       33   9.6180000000000010E-01   4.6695339990750893E-02   4.3195955723385637E-02   1.2915590761292308E-03
      89   7.6403401574803155E+01       34   9.9170000000000014E-01   3.2686016941892743E-02   3.2145680800364458E-02   9.6115585593089755E-04
      89   7.6403401574803155E+01       35   1.0216000000000001E+00   1.9111584643014823E-02   1.9946121800524109E-02   5.9638904183567101E-04
      89   7.6403401574803155E+01       36   1.0515000000000001E+00   1.4429989100750331E-02   1.5954549916720080E-02   4.7704104250993051E-04
      89   7.6403401574803155E+01       37   1.0814000000000001E+00   2.0125650767384550E-02   2.3535458469273421E-02   7.0371020823127540E-04
      89   7.6403401574803155E+01       38   1.1113000000000002E+00   1.6770003170388261E-02   2.0710747476690480E-02   6.1925134955304550E-04
      89   7.6403401574803155E+01       39   1.1412000000000002E+00   1.3293748916906701E-02   1.7312946932447053E-02   5.1765711328016697E-04
      89   7.6403401574803155E+01       40   1.1711000000000000E+00   1.0437956602077728E-02   1.4315398722805439E-02   4.2803042181188271E-04
      89   7.6403401574803155E+01       41   1.2010000000000001E+00   1.0326265754870466E-02   1.4894616051090917E-02   4.4534901992761852E-04
      89   7.6403401574803155E+01       42   1.2309000000000001E+00   8.2449239097901784E-03   1.2492006323046206E-02   3.7351098905908162E-04
      89   7.6403401574803155E+01       43   1.2608000000000001E+00   7.6950032914704985E-03   1.2232105276976279E-02   3.6573994778159080E-04
      89   7.6403401574803155E+01       44   1.2907000000000002E+00   5.5313561451904294E-03   9.2147221007741215E-03   2.7552019081314628E-04
      89   7.6403401574803155E+01       45   1.3206000000000002E+00   4.8504963860134254E-03   8.4591898354439404E-03   2.5292977607977389E-04
      89   7.6403401574803155E+01       46   1.3505000000000000E+00   3.5349309368045332E-03   6.4471846728236821E-03   1.9277082171742814E-04
      89   7.6403401574803155E+01       47   1.3804000000000001E+00   4.3357557040198625E-03   8.2618005307535779E-03   2.4702783586953204E-04
      89   7.6403401574803155E+01       48   1.4103000000000001E+00   2.9660824193548868E-03   5.8993780305936433E-03   1.7639140311474997E-04
      89   7.6403401574803155E+01       49   1.4402000000000001E+00   3.1380932008420416E-03   6.5089577284734709E-03   1.9461783608135683E-04
      89   7.6403401574803155E+01       50   1.4701000000000002E+00   2.5180468423473819E-03   5.4419877525805774E-03   1.6271543380215930E-04
 
      90   7.7271622047244094E+01        1   5.0000000000000001E-03   1.4847709443880936E+02   3.7119273609702340E-03   1.1098662809301003E-04
      90   7.7271622047244094E+01        2   3.4900000000000000E-02   2.0170544072811101E+01   2.4567924386124651E-02   7.3458093914512720E-04
      90   7.7271622047244094E+01        3   6.4800000000000010E-02   9.9190853178115734E+00   4.1650636012903523E-02   1.2453540167858155E-03
      90   7.7271622047244094E+01        4   9.4700000000000006E-02   6.5064278335578205E+00   5.8350230389851564E-02   1.7446718886565621E-03
      90   7.7271622047244094E+01        5   1.2460000000000002E-01   5.4711657067746051E+00   8.4940722984188852E-02   2.5397276172272470E-03
      90   7.7271622047244094E+01        6   1.5450000000000003E-01   5.5178375822011043E+00   1.3171216254653595E-01   3.9381936601414255E-03
      90   7.7271622047244094E+01        7   1.8440000000000001E-01   5.6876099848417381E+00   1.9339784985416819E-01   5.7825957106396302E-03
      90   7.7271622047244094E+01        8   2.1430000000000002E-01   5.3389816630944580E+00   2.4519000999696483E-01   7.3311812989092498E-03
      90   7.7271622047244094E+01        9   2.4420000000000003E-01   4.4071427977991444E+00   2.6281396703254706E-01   7.8581376142731595E-03
      90   7.7271622047244094E+01       10   2.7410000000000001E-01   3.1218797910514944E+00   2.3454935742432956E-01   7.0130257869874552E-03
      90   7.7271622047244094E+01       11   3.0400000000000005E-01   1.9022178182631893E+00   1.7579536189261094E-01   5.2562813205890681E-03
      90   7.7271622047244094E+01       12   3.3390000000000003E-01   1.1974365324670586E+00   1.3350125302989174E-01   3.9916874655937639E-03
      90   7.7271622047244094E+01       13   3.6380000000000001E-01   1.1566239000417404E+00   1.5307968208504039E-01   4.5770824943427088E-03
      90   7.7271622047244094E+01       14   3.9370000000000005E-01   1.0311801794144915E+00   1.5983260814339062E-01   4.7789949834873809E-03
      90   7.7271622047244094E+01       15   4.2360000000000003E-01   6.7023393813309018E-01   1.2026474034742980E-01   3.5959157363881517E-03
      90   7.7271622047244094E+01       16   4.5350000000000007E-01   6.0952047075706939E-01   1.2535535143695814E-01   3.7481250079650493E-03
      90   7.7271622047244094E+01       17   4.8340000000000005E-01   9.0045132866608779E-01   2.1041346847879216E-01   6.2913627075158870E-03
      90   7.7271622047244094E+01       18   5.1330000000000009E-01   8.7676241894239626E-01   2.3100663541181973E-01   6.9070983988134115E-03
      90   7.7271622047244094E+01       19   5.4320000000000002E-01   7.1302566408547097E-01   2.1038980172520297E-01   6.2906550715835698E-03
      90   7.7271622047244094E+01       20   5.7310000000000005E-01   5.9152222154407164E-01   1.9428169383915470E-01   5.8090226457907269E-03
      90   7.7271622047244094E+01       21   6.0300000000000009E-01   6.1285389597113515E-01   2.2283919226016857E-01   6.6628918485790419E-03
      90   7.7271622047244094E+01       22   6.3290000000000002E-01   5.5874169818416008E-01   2.2381092119213980E-01   6.6919465436449813E-03
      90   7.7271622047244094E+01       23   6.6280000000000006E-01   5.4712198852012373E-01   2.4035279050532629E-01   7.1865484361092573E-03
      90   7.7271622047244094E+01       24   6.9270000000000009E-01   4.3524919986357058E-01   2.0884705554040467E-01   6.2445269606581011E-03
      90   7.7271622047244094E+01       25   7.2260000000000002E-01   2.9897680354810735E-01   1.5611096519501497E-01   4.6677178593309485E-03
      90   7.7271622047244094E+01       26   7.5250000000000006E-01   1.5343460991659794E-01   8.6883306831585586E-02   2.5978108742644094E-03
      90   7.7271622047244094E+01       27   7.8240000000000010E-01   8.3195810782170351E-02   5.0928295603311004E-02   1.5227560385389994E-03
      90   7.7271622047244094E+01       28   8.1230000000000013E-01   5.5233417456165126E-02   3.6444737091209961E-02   1.0896976390271781E-03
      90   7.7271622047244094E+01       29   8.4220000000000006E-01   4.2753232622758944E-02   3.0324903812038329E-02   9.0671462397994625E-04
      90   7.7271622047244094E+01       30   8.7210000000000010E-01   5.3287319781688651E-02   4.0528119206322676E-02   1.2117907642690484E-03
      90   7.7271622047244094E+01       31   9.0200000000000014E-01   6.5335074331075604E-02   5.3156877816060454E-02   1.5893906467002079E-03
      90   7.7271622047244094E+01       32   9.3190000000000006E-01   6.2427243126827590E-02   5.4214165819951088E-02   1.6210035580165379E-03
      90   7.7271622047244094E+01       33   9.6180000000000010E-01   4.7105154186507549E-02   4.3575058131853500E-02   1.3028942381424200E-03
      90   7.7271622047244094E+01       34   9.9170000000000014E-01   2.9591834962876269E-02   2.9102649084003122E-02   8.7016920761169353E-04
      90   7.7271622047244094E+01       35   1.0216000000000001E+00   1.6978393133669431E-02   1.7719781156144396E-02   5.2982145656871760E-04
      90   7.7271622047244094E+01       36   1.0515000000000001E+00   1.5608697537410182E-02   1.7257791551807029E-02   5.1600796739903032E-04
      90   7.7271622047244094E+01       37   1.0814000000000001E+00   2.0402402986734604E-02   2.3859099699068988E-02   7.1338708100216288E-04
      90   7.7271622047244094E+01       38   1.1113000000000002E+00   1.5406299851216177E-02   1.9026590664700815E-02   5.6889506087455446E-04
      90   7.7271622047244094E+01       39   1.1412000000000002E+00   1.3050553024046379E-02   1.6996223815920825E-02   5.0818709209603274E-04
      90   7.7271622047244094E+01       40   1.1711000000000000E+00   1.0884422995235937E-02   1.4927716313120036E-02   4.4633871776228917E-04
      90   7.7271622047244094E+01       41   1.2010000000000001E+00   1.0041431175089387E-02   1.4483770368380109E-02   4.3306473401456537E-04
      90   7.7271622047244094E+01       42   1.2309000000000001E+00   7.6334503388730233E-03   1.1565553659826039E-02   3.4581005442879865E-04
      90   7.7271622047244094E+01       43   1.2608000000000001E+00   8.6822596658787735E-03   1.3801464437681743E-02   4.1266378668668418E-04
      90   7.7271622047244094E+01       44   1.2907000000000002E+00   5.0832248500946274E-03   8.4681772679019197E-03   2.5319850031026744E-04
      90   7.7271622047244094E+01       45   1.3206000000000002E+00   5.1170482868552712E-03   8.9240521816403903E-03   2.6682916023104773E-04
      90   7.7271622047244094E+01       46   1.3505000000000000E+00   3.5718529533829450E-03   6.5145249019907224E-03   1.9478429456952265E-04
      90   7.7271622047244094E+01       47   1.3804000000000001E+00   4.2532044385294428E-03   8.1044987509483191E-03   2.4232451265335480E-04
      90   7.7271622047244094E+01       48   1.4103000000000001E+00   2.9310619103966977E-03   5.8297241262314425E-03   1.7430875137432016E-04
      90   7.7271622047244094E+01       49   1.4402000000000001E+00   3.1693713133281796E-03   6.5738340399686436E-03   1.9655763779506249E-04
      90   7.7271622047244094E+01       50   1.4701000000000002E+00   2.5550254643217584E-03   5.5219057288896541E-03   1.6510498129380070E-04
 
      91   7.8139842519685047E+01        1   5.0000000000000001E-03   1.4263708222168799E+02   3.5659270555421997E-03   1.0662121896071179E-04
      91   7.8139842519685047E+01        2   3.4900000000000000E-02   1.9345510815534556E+01   2.3563025628429247E-02   7.0453446629003462E-04
      91   7.8139842519685047E+01        3   6.4800000000000010E-02   9.4936906721402572E+00   3.9864386879943835E-02   1.1919451677103209E-03
      91   7.8139842519685047E+01        4   9.4700000000000006E-02   6.2323965865379733E+00   5.5892693503765342E-02   1.6711915357625841E-03
      91   7.8139842519685047E+01        5   1.2460000000000002E-01   5.2736301412026627E+00   8.1873951722993957E-02   2.4480311565175197E-03
      91   7.8139842519685047E+01        6   1.5450000000000003E-01   5.3620186712869788E+00   1.2799272618828805E-01   3.8269825130298135E-03
      91   7.8139842519685047E+01        7   1.8440000000000001E-01   5.5524440353120479E+00   1.8880175341256830E-01   5.6451724270357934E-03
      91   7.8139842519685047E+01        8   2.1430000000000002E-01   5.2040098794035838E+00   2.3899149966657113E-01   7.1458458400304780E-03
      91   7.8139842519685047E+01        9   2.4420000000000003E-01   4.2716747700354620E+00   2.5473551543337758E-01   7.6165919114579914E-03
      91   7.8139842519685047E+01       10   2.7410000000000001E-01   3.0138237924461531E+00   2.2643102272375137E-01   6.7702875794401676E-03
      91   7.8139842519685047E+01       11   3.0400000000000005E-01   1.8509979018446194E+00   1.7106182209687240E-01   5.1147484806964858E-03
      91   7.8139842519685047E+01       12   3.3390000000000003E-01   1.1955002306339300E+00   1.3328537626819467E-01   3.9852327504190212E-03
      91   7.8139842519685047E+01       13   3.6380000000000001E-01   1.1594375375309969E+00   1.5345206824474397E-01   4.5882168405178454E-03
      91   7.8139842519685047E+01       14   3.9370000000000005E-01   1.0146566856075927E+00   1.5727147172560438E-01   4.7024170045955717E-03
      91   7.8139842519685047E+01       15   4.2360000000000003E-01   6.3720266418513694E-01   1.1433770896528186E-01   3.4186974980619286E-03
      91   7.8139842519685047E+01       16   4.5350000000000007E-01   6.0780910908767116E-01   1.2500338894546595E-01   3.7376013294694328E-03
      91   7.8139842519685047E+01       17   4.8340000000000005E-01   8.9334204043813126E-01   2.0875220157092303E-01   6.2416908269705999E-03
      91   7.8139842519685047E+01       18   5.1330000000000009E-01   8.3295696625887283E-01   2.1946491097372281E-01   6.5620008381143133E-03
      91   7.8139842519685047E+01       19   5.4320000000000002E-01   6.8362489587495867E-01   2.0171462759621558E-01   6.0312673651268470E-03
      91   7.8139842519685047E+01       20   5.7310000000000005E-01   5.7183307975261899E-01   1.8781492103136813E-01   5.6156661388379082E-03
      91   7.8139842519685047E+01       21   6.0300000000000009E-01   5.8651897045890522E-01   2.1326357632959214E-01   6.3765809322548061E-03
      91   7.8139842519685047E+01       22   6.3290000000000002E-01   5.5230583428598123E-01   2.2123295603865328E-01   6.6148653855557342E-03
      91   7.8139842519685047E+01       23   6.6280000000000006E-01   5.5100442980714115E-01   2.4205836187128760E-01   7.2375450199515011E-03
      91   7.8139842519685047E+01       24   6.9270000000000009E-01   4.5037855112047565E-01   2.1610662192957109E-01   6.4615879956941768E-03
      91   7.8139842519685047E+01       25   7.2260000000000002E-01   3.0764316066408171E-01   1.6063611014955237E-01   4.8030196934716165E-03
      91   7.8139842519685047E+01       26   7.5250000000000006E-01   1.5875196232357816E-01   8.9894290865490681E-02   2.6878392968781718E-03
      91   7.8139842519685047E+01       27   7.8240000000000010E-01   8.6050608719511826E-02   5.2675859475503080E-02   1.5750081983175424E-03
      91   7.8139842519685047E+01       28   8.1230000000000013E-01   5.9671145266591952E-02   3.9372888757032772E-02   1.1772493738352802E-03
      91   7.8139842519685047E+01       29   8.4220000000000006E-01   4.4980023267619434E-02   3.1904368286942014E-02   9.5394061177956648E-04
      91   7.8139842519685047E+01       30   8.7210000000000010E-01   5.3599448508985952E-02   4.0765511334871232E-02   1.2188887889126501E-03
      91   7.8139842519685047E+01       31   9.0200000000000014E-01   6.6007926305612516E-02   5.3704312873951582E-02   1.6057589549311527E-03
      91   7.8139842519685047E+01       32   9.3190000000000006E-01   6.3674533774513417E-02   5.5297359929002719E-02   1.6533910618771817E-03
      91   7.8139842519685047E+01       33   9.6180000000000010E-01   4.5081748087313453E-02   4.1703287623521643E-02   1.2469282999432974E-03
      91   7.8139842519685047E+01       34   9.9170000000000014E-01   2.5355341992264777E-02   2.4936190044703037E-02   7.4559208233662092E-04
      91   7.8139842519685047E+01       35   1.0216000000000001E+00   1.5073099950409586E-02   1.5731290373780144E-02   4.7036558217602639E-04
      91   7.8139842519685047E+01       36   1.0515000000000001E+00   1.6174459490176960E-02   1.7883327527848009E-02   5.3471149308265554E-04
      91   7.8139842519685047E+01       37   1.0814000000000001E+00   1.9688885341285170E-02   2.3024693641562344E-02   6.8843833988271419E-04
      91   7.8139842519685047E+01       38   1.1113000000000002E+00   1.4432093500200983E-02   1.7823457813677231E-02   5.3292138862894934E-04
      91   7.8139842519685047E+01       39   1.1412000000000002E+00   1.3442765873874168E-02   1.7507017294700652E-02   5.2345981711154964E-04
      91   7.8139842519685047E+01       40   1.1711000000000000E+00   1.1513489133509925E-02   1.5790464927213244E-02   4.7213490132367610E-04
      91   7.8139842519685047E+01       41   1.2010000000000001E+00   9.2953597684122934E-03   1.3407636225317663E-02   4.0088832313699819E-04
      91   7.8139842519685047E+01       42   1.2309000000000001E+00   7.5604359272321902E-03   1.1454928443405576E-02   3.4250236045782679E-04
      91   7.8139842519685047E+01       43   1.2608000000000001E+00   8.9737278330235259E-03   1.4264787086205342E-02   4.2651713387753981E-04
      91   7.8139842519685047E+01       44   1.2907000000000002E+00   4.6285266115982252E-03   7.7106925213991945E-03   2.3054970638983598E-04
      91   7.8139842519685047E+01       45   1.3206000000000002E+00   5.3372338969935795E-03   9.3080524420186567E-03   2.7831076801635790E-04
      91   7.8139842519685047E+01       46   1.3505000000000000E+00   3.7625009199983503E-03   6.8622382435642214E-03   2.0518092348257026E-04
      91   7.8139842519685047E+01       47   1.3804000000000001E+00   3.8045708320060294E-03   7.2496255474021505E-03   2.1676380386732435E-04
      91   7.8139842519685047E+01       48   1.4103000000000001E+00   2.9887767591552199E-03   5.9445158490046470E-03   1.7774102388523898E-04
      91   7.8139842519685047E+01       49   1.4402000000000001E+00   3.1287041650816393E-03   6.4894832154605417E-03   1.9403554814227024E-04
      91   7.8139842519685047E+01       50   1.4701000000000002E+00   2.5066834106769668E-03   5.4174291721214322E-03   1.6198113224643085E-04
 
      92   7.9008062992125986E+01        1   5.0000000000000001E-03   1.3705513697749012E+02   3.4263784244372530E-03   1.0244871489067389E-04
      92   7.9008062992125986E+01        2   3.4900000000000000E-02   1.8567812503168149E+01   2.2615781306983839E-02   6.7621186107881689E-04
      92   7.9008062992125986E+01        3   6.4800000000000010E-02   9.0977291842403094E+00   3.8201728753792435E-02   1.1422316897383941E-03
      92   7.9008062992125986E+01        4   9.4700000000000006E-02   5.9729611509910718E+00   5.3566053168591532E-02   1.6016249897408872E-03
      92   7.9008062992125986E+01        5   1.2460000000000002E-01   5.0657828748498419E+00   7.8647089657303798E-02   2.3515479807533842E-03
      92   7.9008062992125986E+01        6   1.5450000000000003E-01   5.1692244204274447E+00   1.2339067922170827E-01   3.6893813087290782E-03
      92   7.9008062992125986E+01        7   1.8440000000000001E-01   5.3664908138498353E+00   1.8247871908002894E-01   5.4561137004928663E-03
      92   7.9008062992125986E+01        8   2.1430000000000002E-01   5.0222121143086689E+00   2.3064253002144736E-01   6.8962116476412776E-03
      92   7.9008062992125986E+01        9   2.4420000000000003E-01   4.1100931151385698E+00   2.4509981319465207E-01   7.3284844145200985E-03
      92   7.9008062992125986E+01       10   2.7410000000000001E-01   2.9005062170275799E+00   2.1791738149531789E-01   6.5157297067100061E-03
      92   7.9008062992125986E+01       11   3.0400000000000005E-01   1.8075488177417500E+00   1.6704643154042162E-01   4.9946883030586075E-03
      92   7.9008062992125986E+01       12   3.3390000000000003E-01   1.1887601421422149E+00   1.3253392912692327E-01   3.9627644808950067E-03
      92   7.9008062992125986E+01       13   3.6380000000000001E-01   1.1429880564972126E+00   1.5127497219215097E-01   4.5231216685453152E-03
      92   7.9008062992125986E+01       14   3.9370000000000005E-01   9.7231938684517405E-01   1.5070920354199210E-01   4.5062051859055645E-03
      92   7.9008062992125986E+01       15   4.2360000000000003E-01   5.9933703462622245E-01   1.0754321550874411E-01   3.2155421437114499E-03
      92   7.9008062992125986E+01       16   4.5350000000000007E-01   6.0222469888151398E-01   1.2385488657754469E-01   3.7032611086685869E-03
      92   7.9008062992125986E+01       17   4.8340000000000005E-01   8.6522125080224643E-01   2.0218106030511543E-01   6.0452137031229529E-03
      92   7.9008062992125986E+01       18   5.1330000000000009E-01   7.8481418982124718E-01   2.0678040196197192E-01   6.1827340186629614E-03
      92   7.9008062992125986E+01       19   5.4320000000000002E-01   6.6758593388639909E-01   1.9698207138874838E-01   5.8897639345235776E-03
      92   7.9008062992125986E+01       20   5.7310000000000005E-01   5.5673909739033445E-01   1.8285739897502307E-01   5.4674362293531910E-03
      92   7.9008062992125986E+01       21   6.0300000000000009E-01   5.7154184980114997E-01   2.0781776046434641E-01   6.2137510378839590E-03
      92   7.9008062992125986E+01       22   6.3290000000000002E-01   5.5438897084886452E-01   2.2206738224064093E-01   6.6398147289951654E-03
      92   7.9008062992125986E+01       23   6.6280000000000006E-01   5.5610967204803741E-01   2.4430111439184352E-01   7.3046033203161224E-03
      92   7.9008062992125986E+01       24   6.9270000000000009E-01   4.6098975211766319E-01   2.2119822941490286E-01   6.6138270595055967E-03
      92   7.9008062992125986E+01       25   7.2260000000000002E-01   3.0711268741801423E-01   1.6035912314095857E-01   4.7947377819146627E-03
      92   7.9008062992125986E+01       26   7.5250000000000006E-01   1.6185448411029515E-01   9.1651113217980335E-02   2.7403682852176125E-03
      92   7.9008062992125986E+01       27   7.8240000000000010E-01   8.7006155961854625E-02   5.3260797490571887E-02   1.5924978449680998E-03
      92   7.9008062992125986E+01       28   8.1230000000000013E-01   6.6214835996651122E-02   4.3690620652808758E-02   1.3063495575189822E-03
      92   7.9008062992125986E+01       29   8.4220000000000006E-01   4.5550021656054013E-02   3.2308668622657306E-02   9.6602919181745372E-04
      92   7.9008062992125986E+01       30   8.7210000000000010E-01   5.4463955457014351E-02   4.1423019364697666E-02   1.2385482790044605E-03
      92   7.9008062992125986E+01       31   9.0200000000000014E-01   6.3781768601950728E-02   5.1893102061621531E-02   1.5516037516424841E-03
      92   7.9008062992125986E+01       32   9.3190000000000006E-01   6.2352983425161636E-02   5.4149675902116987E-02   1.6190753094732983E-03
      92   7.9008062992125986E+01       33   9.6180000000000010E-01   4.1343007672961500E-02   3.8244731257263943E-02   1.1435174645921921E-03
      92   7.9008062992125986E+01       34   9.9170000000000014E-01   2.2127642513215230E-02   2.1761848020788597E-02   6.5067925582157923E-04
      92   7.9008062992125986E+01       35   1.0216000000000001E+00   1.4584478124992551E-02   1.5221332114106227E-02   4.5511783021177628E-04
      92   7.9008062992125986E+01       36   1.0515000000000001E+00   1.5848430754120447E-02   1.7522853122262469E-02   5.2393330835564795E-04
      92   7.9008062992125986E+01       37   1.0814000000000001E+00   1.8057713825513640E-02   2.1117159325806566E-02   6.3140306384161645E-04
      92   7.9008062992125986E+01       38   1.1113000000000002E+00   1.4123754844803212E-02   1.7442663369909833E-02   5.2153563476030405E-04
      92   7.9008062992125986E+01       39   1.1412000000000002E+00   1.4448733230947249E-02   1.8817126247234778E-02   5.6263207479231999E-04
      92   7.9008062992125986E+01       40   1.1711000000000000E+00   1.2147211319299496E-02   1.6659599195050653E-02   4.9812201593201464E-04
      92   7.9008062992125986E+01       41   1.2010000000000001E+00   8.4591612148489717E-03   1.2201502595459374E-02   3.6482492760423537E-04
      92   7.9008062992125986E+01       42   1.2309000000000001E+00   8.1167380075568198E-03   1.2297789964139232E-02   3.6770391992776313E-04
      92   7.9008062992125986E+01       43   1.2608000000000001E+00   8.3710154489038801E-03   1.3306705451274681E-02   3.9787049299311306E-04
      92   7.9008062992125986E+01       44   1.2907000000000002E+00   4.4864389446642068E-03   7.4739877549048553E-03   2.2347223387165523E-04
      92   7.9008062992125986E+01       45   1.3206000000000002E+00   5.3261791151637088E-03   9.2887730754041501E-03   2.7773431495458414E-04
      92   7.9008062992125986E+01       46   1.3505000000000000E+00   3.9008559837923149E-03   7.1145771612536098E-03   2.1272585712148298E-04
      92   7.9008062992125986E+01       47   1.3804000000000001E+00   3.4241049619944813E-03   6.5246462493571272E-03   1.9508692285577815E-04
      92   7.9008062992125986E+01       48   1.4103000000000001E+00   3.0630898828396523E-03   6.0923206457924855E-03   1.8216038730919535E-04
      92   7.9008062992125986E+01       49   1.4402000000000001E+00   3.0592949812567978E-03   6.3455163494151000E-03   1.8973093884751152E-04
      92   7.9008062992125986E+01       50   1.4701000000000002E+00   2.4354259220831253E-03   5.2634279146047784E-03   1.5737649464668291E-04
 
      93   7.9876283464566939E+01        1   5.0000000000000001E-03   1.3225767777309088E+02   3.3064419443272720E-03   9.8862614135385453E-05
      93   7.9876283464566939E+01        2   3.4900000000000000E-02   1.7905622653358837E+01   2.1809227448017599E-02   6.5209590069572633E-04
      93   7.9876283464566939E+01        3   6.4800000000000010E-02   8.7552446439672860E+00   3.6763622469804400E-02   1.0992323118471517E-03
      93   7.9876283464566939E+01        4   9.4700000000000006E-02   5.7328048537408725E+00   5.1412309880784990E-02   1.5372280654354716E-03
      93   7.9876283464566939E+01        5   1.2460000000000002E-01   4.8544175543612145E+00   7.5365609238266573E-02   2.2534317162241709E-03
      93   7.9876283464566939E+01        6   1.5450000000000003E-01   4.9647831688833293E+00   1.1851061543703734E-01   3.5434674015674171E-03
      93   7.9876283464566939E+01        7   1.8440000000000001E-01   5.1713931503374226E+00   1.7584474299245753E-01   5.2577578154744814E-03
      93   7.9876283464566939E+01        8   2.1430000000000002E-01   4.8404922063962097E+00   2.2229713592772068E-01   6.6466843642388499E-03
      93   7.9876283464566939E+01        9   2.4420000000000003E-01   3.9576521195013528E+00   2.3600920173958070E-01   7.0566751320134645E-03
      93   7.9876283464566939E+01       10   2.7410000000000001E-01   2.8016436489491516E+00   2.1048975667690542E-01   6.2936437246394732E-03
      93   7.9876283464566939E+01       11   3.0400000000000005E-01   1.7748575215881135E+00   1.6402523271508715E-01   4.9043544581811064E-03
      93   7.9876283464566939E+01       12   3.3390000000000003E-01   1.1737192424651304E+00   1.3085703110423585E-01   3.9126252300166527E-03
      93   7.9876283464566939E+01       13   3.6380000000000001E-01   1.1079240739444269E+00   1.4663423867313746E-01   4.3843637363268108E-03
      93   7.9876283464566939E+01       14   3.9370000000000005E-01   9.1768656396177173E-01   1.4224113293123983E-01   4.2530098746440719E-03
      93   7.9876283464566939E+01       15   4.2360000000000003E-01   5.6755380775632547E-01   1.0184012990021948E-01   3.0450198840165630E-03
      93   7.9876283464566939E+01       16   4.5350000000000007E-01   5.8766523727799225E-01   1.2086055494537580E-01   3.6137305928667374E-03
      93   7.9876283464566939E+01       17   4.8340000000000005E-01   8.1986898925377094E-01   1.9158334519050896E-01   5.7283420211962192E-03
      93   7.9876283464566939E+01       18   5.1330000000000009E-01   7.4215539534774877E-01   1.9554079546294537E-01   5.8466697843420675E-03
      93   7.9876283464566939E+01       19   5.4320000000000002E-01   6.6128172929692342E-01   1.9512191344434107E-01   5.8341452119857994E-03
      93   7.9876283464566939E+01       20   5.7310000000000005E-01   5.4738638722551147E-01   1.7978556108520491E-01   5.3755882764476275E-03
      93   7.9876283464566939E+01       21   6.0300000000000009E-01   5.7261358784773597E-01   2.0820745406372751E-01   6.2254028765054538E-03
      93   7.9876283464566939E+01       22   6.3290000000000002E-01   5.6396430782708873E-01   2.2590290229720053E-01   6.7544967786862973E-03
      93   7.9876283464566939E+01       23   6.6280000000000006E-01   5.6236665404984065E-01   2.4704983061204658E-01   7.3867899353001944E-03
      93   7.9876283464566939E+01       24   6.9270000000000009E-01   4.6397211968433194E-01   2.2262926865640681E-01   6.6566151328265651E-03
      93   7.9876283464566939E+01       25   7.2260000000000002E-01   2.9939090398412999E-01   1.5632718805240051E-01   4.6741829227667760E-03
      93   7.9876283464566939E+01       26   7.5250000000000006E-01   1.6053581682838086E-01   9.0904409627925856E-02   2.7180418478749838E-03
      93   7.9876283464566939E+01       27   7.8240000000000010E-01   8.5250139968999397E-02   5.2185852721989397E-02   1.5603569963874833E-03
      93   7.9876283464566939E+01       28   8.1230000000000013E-01   7.0661261294359734E-02   4.6624511192884466E-02   1.3940728846672458E-03
      93   7.9876283464566939E+01       29   8.4220000000000006E-01   4.4408056634583727E-02   3.1498671873677817E-02   9.4181028902296687E-04
      93   7.9876283464566939E+01       30   8.7210000000000010E-01   5.4889454641735017E-02   4.1746636348085113E-02   1.2482244268077452E-03
      93   7.9876283464566939E+01       31   9.0200000000000014E-01   6.0346922653507530E-02   4.9098497658584352E-02   1.4680450799916724E-03
      93   7.9876283464566939E+01       32   9.3190000000000006E-01   5.8695335256029366E-02   5.0973236667894883E-02   1.5240997763700573E-03
      93   7.9876283464566939E+01       33   9.6180000000000010E-01   3.7467462107524961E-02   3.4659622021915845E-02   1.0363226984552840E-03
      93   7.9876283464566939E+01       34   9.9170000000000014E-01   2.1532308676176167E-02   2.1176355712896350E-02   6.3317303581560103E-04
      93   7.9876283464566939E+01       35   1.0216000000000001E+00   1.5833964214949380E-02   1.6525378963379321E-02   4.9410883100504184E-04
      93   7.9876283464566939E+01       36   1.0515000000000001E+00   1.5007895261150463E-02   1.6593513163255347E-02   4.9614604358133498E-04
      93   7.9876283464566939E+01       37   1.0814000000000001E+00   1.6314613013086249E-02   1.9078731984856885E-02   5.7045408634722101E-04
      93   7.9876283464566939E+01       38   1.1113000000000002E+00   1.4373490635465455E-02   1.7751083997130119E-02   5.3075741151419064E-04
      93   7.9876283464566939E+01       39   1.1412000000000002E+00   1.5809396742657356E-02   2.0589169281776728E-02   6.1561616152512426E-04
      93   7.9876283464566939E+01       40   1.1711000000000000E+00   1.1988964090069828E-02   1.6442567043110978E-02   4.9163275458901832E-04
      93   7.9876283464566939E+01       41   1.2010000000000001E+00   8.1353868416407654E-03   1.1734490115769484E-02   3.5086125446150764E-04
      93   7.9876283464566939E+01       42   1.2309000000000001E+00   8.9325264042664429E-03   1.3533803045820136E-02   4.0466071107002219E-04
      93   7.9876283464566939E+01       43   1.2608000000000001E+00   7.2513882332978586E-03   1.1526927398750482E-02   3.4465512922263945E-04
      93   7.9876283464566939E+01       44   1.2907000000000002E+00   4.6667049232931510E-03   7.7742940186290143E-03   2.3245139115700758E-04
      93   7.9876283464566939E+01       45   1.3206000000000002E+00   5.1642822383059592E-03   9.0064274542313895E-03   2.6929218088151861E-04
      93   7.9876283464566939E+01       46   1.3505000000000000E+00   3.8359470529545103E-03   6.9961929915178470E-03   2.0918617044638366E-04
      93   7.9876283464566939E+01       47   1.3804000000000001E+00   3.4459083633048971E-03   6.5661927212562737E-03   1.9632916236556261E-04
      93   7.9876283464566939E+01       48   1.4103000000000001E+00   3.0702590942424403E-03   6.1065798207804436E-03   1.8258673664133530E-04
      93   7.9876283464566939E+01       49   1.4402000000000001E+00   3.0290419347835437E-03   6.2827662052832691E-03   1.8785470953796980E-04
      93   7.9876283464566939E+01       50   1.4701000000000002E+00   2.4083248124682358E-03   5.2048571588407255E-03   1.5562522904933774E-04
 
      94   8.0744503937007877E+01        1   5.0000000000000001E-03   1.2872421532340832E+02   3.2181053830852083E-03   9.6221350954247745E-05
      94   8.0744503937007877E+01        2   3.4900000000000000E-02   1.7414427480263733E+01   2.1210946815236029E-02   6.3420730977555744E-04
      94   8.0744503937007877E+01        3   6.4800000000000010E-02   8.4825004761648515E+00   3.5618358799435271E-02   1.0649889281031148E-03
      94   8.0744503937007877E+01        4   9.4700000000000006E-02   5.5172323991219168E+00   4.9479036706241278E-02   1.4794231975166145E-03
      94   8.0744503937007877E+01        5   1.2460000000000002E-01   4.6526405962995581E+00   7.2232989680046072E-02   2.1597663914333779E-03
      94   8.0744503937007877E+01        6   1.5450000000000003E-01   4.7762257502871792E+00   1.1400970271579258E-01   3.4088901112021988E-03
      94   8.0744503937007877E+01        7   1.8440000000000001E-01   5.0043044753614856E+00   1.7016316662532774E-01   5.0878786820973002E-03
      94   8.0744503937007877E+01        8   2.1430000000000002E-01   4.6976919435412539E+00   2.1573910668424090E-01   6.4505992898588041E-03
      94   8.0744503937007877E+01        9   2.4420000000000003E-01   3.8458435182611157E+00   2.2934164786431685E-01   6.8573152711430751E-03
      94   8.0744503937007877E+01       10   2.7410000000000001E-01   2.7374240029890244E+00   2.0566488265800784E-01   6.1493799914744355E-03
      94   8.0744503937007877E+01       11   3.0400000000000005E-01   1.7538923383275464E+00   1.6208771433887859E-01   4.8464226587324709E-03
      94   8.0744503937007877E+01       12   3.3390000000000003E-01   1.1500934528811122E+00   1.2822301048788745E-01   3.8338680135878355E-03
      94   8.0744503937007877E+01       13   3.6380000000000001E-01   1.0608984762672140E+00   1.4041038012929535E-01   4.1982703658659318E-03
      94   8.0744503937007877E+01       14   3.9370000000000005E-01   8.6800783556954841E-01   1.3454094543085102E-01   4.0227742683824463E-03
      94   8.0744503937007877E+01       15   4.2360000000000003E-01   5.4885472852534101E-01   9.8484823968212495E-02   2.9446962366495542E-03
      94   8.0744503937007877E+01       16   4.5350000000000007E-01   5.6456547738770468E-01   1.1610980635187951E-01   3.4716832099211982E-03
      94   8.0744503937007877E+01       17   4.8340000000000005E-01   7.6945824570850441E-01   1.7980358646255240E-01   5.3761272352303175E-03
      94   8.0744503937007877E+01       18   5.1330000000000009E-01   7.1485524568414549E-01   1.8834783693304463E-01   5.6316003242980360E-03
      94   8.0744503937007877E+01       19   5.4320000000000002E-01   6.6099199010622312E-01   1.9503642119076048E-01   5.8315889936037396E-03
      94   8.0744503937007877E+01       20   5.7310000000000005E-01   5.4580704617766007E-01   1.7926683661002740E-01   5.3600784146398206E-03
      94   8.0744503937007877E+01       21   6.0300000000000009E-01   5.8966651791466396E-01   2.1440805291243312E-01   6.4108007820817513E-03
      94   8.0744503937007877E+01       22   6.3290000000000002E-01   5.7771918353461260E-01   2.3141258845985677E-01   6.9192363949497184E-03
      94   8.0744503937007877E+01       23   6.6280000000000006E-01   5.6909813155241173E-01   2.5000699452779968E-01   7.4752091363812119E-03
      94   8.0744503937007877E+01       24   6.9270000000000009E-01   4.5877567926691437E-01   2.2013584355462837E-01   6.5820617222833895E-03
      94   8.0744503937007877E+01       25   7.2260000000000002E-01   2.8918413955021710E-01   1.5099771824609193E-01   4.5148317755581494E-03
      94   8.0744503937007877E+01       26   7.5250000000000006E-01   1.5451935031228631E-01   8.7497547860271599E-02   2.6161766810221215E-03
      94   8.0744503937007877E+01       27   7.8240000000000010E-01   8.1377958080297005E-02   4.9815497508143881E-02   1.4894833754935024E-03
      94   8.0744503937007877E+01       28   8.1230000000000013E-01   6.9627555669884683E-02   4.5942439877206837E-02   1.3736789523284847E-03
      94   8.0744503937007877E+01       29   8.4220000000000006E-01   4.2077201413452697E-02   2.9845394307411191E-02   8.9237728979159477E-04
      94   8.0744503937007877E+01       30   8.7210000000000010E-01   5.3817628778119027E-02   4.0931450173456459E-02   1.2238503601863485E-03
      94   8.0744503937007877E+01       31   9.0200000000000014E-01   5.7462980747004233E-02   4.6752110987685641E-02   1.3978881185318010E-03
      94   8.0744503937007877E+01       32   9.3190000000000006E-01   5.4026551546214878E-02   4.6918689301336657E-02   1.4028688101099663E-03
      94   8.0744503937007877E+01       33   9.6180000000000010E-01   3.5189655623280462E-02   3.2552516086733554E-02   9.7332023099333347E-04
      94   8.0744503937007877E+01       34   9.9170000000000014E-01   2.3790536087669751E-02   2.3397252118645517E-02   6.9957783834750107E-04
      94   8.0744503937007877E+01       35   1.0216000000000001E+00   1.7966149528374394E-02   1.8750669474724129E-02   5.6064501729425156E-04
      94   8.0744503937007877E+01       36   1.0515000000000001E+00   1.4193558485881972E-02   1.5693139875421997E-02   4.6922488227511784E-04
      94   8.0744503937007877E+01       37   1.0814000000000001E+00   1.5700922579971067E-02   1.8361066460968346E-02   5.4899588718295366E-04
      94   8.0744503937007877E+01       38   1.1113000000000002E+00   1.5241230454569731E-02   1.8822731991846725E-02   5.6279968655621715E-04
      94   8.0744503937007877E+01       39   1.1412000000000002E+00   1.6743662925605685E-02   2.1805899110756227E-02   6.5199638341161133E-04
      94   8.0744503937007877E+01       40   1.1711000000000000E+00   1.0732658869350899E-02   1.4719575576701388E-02   4.4011530974337161E-04
      94   8.0744503937007877E+01       41   1.2010000000000001E+00   8.7180640180836919E-03   1.2574944257747937E-02   3.7599083330666340E-04
      94   8.0744503937007877E+01       42   1.2309000000000001E+00   9.3630851136634694E-03   1.4186148923002058E-02   4.2416585279776161E-04
      94   8.0744503937007877E+01       43   1.2608000000000001E+00   6.4620067974577320E-03   1.0272113533031924E-02   3.0713619463765458E-04
      94   8.0744503937007877E+01       44   1.2907000000000002E+00   4.9379687018235828E-03   8.2261941077847837E-03   2.4596320382276507E-04
      94   8.0744503937007877E+01       45   1.3206000000000002E+00   4.9994687169569001E-03   8.7189952506821038E-03   2.6069795799539498E-04
      94   8.0744503937007877E+01       46   1.3505000000000000E+00   3.6551524345588325E-03   6.6664506815582352E-03   1.9932687537859128E-04
      94   8.0744503937007877E+01       47   1.3804000000000001E+00   3.7915242846469997E-03   7.2247652971358829E-03   2.1602048238436296E-04
      94   8.0744503937007877E+01       48   1.4103000000000001E+00   3.0058855814969442E-03   5.9785443743057241E-03   1.7875847679174118E-04
      94   8.0744503937007877E+01       49   1.4402000000000001E+00   3.0761026239419275E-03   6.3803783591614774E-03   1.9077331293892823E-04
      94   8.0744503937007877E+01       50   1.4701000000000002E+00   2.4283092666578989E-03   5.2480474415285451E-03   1.5691661850170352E-04
 
      95   8.1612724409448816E+01        1   5.0000000000000001E-03   1.2683609618463340E+02   3.1709024046158354E-03   9.4809981898013492E-05
      95   8.1612724409448816E+01        2   3.4900000000000000E-02   1.7142929690271231E+01   2.0880259792047263E-02   6.2431976778221326E-04
      95   8.1612724409448816E+01        3   6.4800000000000010E-02   8.3062138361758908E+00   3.4878124146656024E-02   1.0428559119850154E-03
      95   8.1612724409448816E+01        4   9.4700000000000006E-02   5.3525150154628429E+00   4.8001836385022173E-02   1.4352549079121634E-03
      95   8.1612724409448816E+01        5   1.2460000000000002E-01   4.4899521570067789E+00   6.9707225629875386E-02   2.0842460463332746E-03
      95   8.1612724409448816E+01        6   1.5450000000000003E-01   4.6310290426811500E+00   1.1054382100605976E-01   3.3052602480811875E-03
      95   8.1612724409448816E+01        7   1.8440000000000001E-01   4.8888184483200376E+00   1.6623625367286765E-01   4.9704639848187435E-03
      95   8.1612724409448816E+01        8   2.1430000000000002E-01   4.6135427857235571E+00   2.1187459952753368E-01   6.3350505258732582E-03
      95   8.1612724409448816E+01        9   2.4420000000000003E-01   3.7920762699078687E+00   2.2613531113222873E-01   6.7614458028536408E-03
      95   8.1612724409448816E+01       10   2.7410000000000001E-01   2.7171166530713116E+00   2.0413917500973663E-01   6.1037613327911263E-03
      95   8.1612724409448816E+01       11   3.0400000000000005E-01   1.7452645479864521E+00   1.6129036846671602E-01   4.8225820171548103E-03
      95   8.1612724409448816E+01       12   3.3390000000000003E-01   1.1228019507522498E+00   1.2518030247582726E-01   3.7428910440272358E-03
      95   8.1612724409448816E+01       13   3.6380000000000001E-01   1.0130466567475285E+00   1.3407717076106437E-01   4.0089074057558256E-03
      95   8.1612724409448816E+01       14   3.9370000000000005E-01   8.3727695322719442E-01   1.2977766819435968E-01   3.8803522790113554E-03
      95   8.1612724409448816E+01       15   4.2360000000000003E-01   5.4432879743979090E-01   9.7672704653051876E-02   2.9204138691262516E-03
      95   8.1612724409448816E+01       16   4.5350000000000007E-01   5.3767858210277331E-01   1.1058018697206613E-01   3.3063475904647780E-03
      95   8.1612724409448816E+01       17   4.8340000000000005E-01   7.2988391414630438E-01   1.7055603237312963E-01   5.0996253679565775E-03
      95   8.1612724409448816E+01       18   5.1330000000000009E-01   7.0964749779469982E-01   1.8697571571522942E-01   5.5905738998853604E-03
      95   8.1612724409448816E+01       19   5.4320000000000002E-01   6.6646621407234263E-01   1.9665167987336124E-01   5.8798852282135024E-03
      95   8.1612724409448816E+01       20   5.7310000000000005E-01   5.5558758734442948E-01   1.8247919285859476E-01   5.4561278664719843E-03
      95   8.1612724409448816E+01       21   6.0300000000000009E-01   6.1812828877408132E-01   2.2475700895285503E-01   6.7202345676903663E-03
      95   8.1612724409448816E+01       22   6.3290000000000002E-01   5.9201890148149694E-01   2.3714051794298099E-01   7.0905014864951332E-03
      95   8.1612724409448816E+01       23   6.6280000000000006E-01   5.7462370944772334E-01   2.5243440211542917E-01   7.5477886232513339E-03
      95   8.1612724409448816E+01       24   6.9270000000000009E-01   4.4777719147270451E-01   2.1485840297130782E-01   6.4242662488421054E-03
      95   8.1612724409448816E+01       25   7.2260000000000002E-01   2.8115171462434813E-01   1.4680358146640651E-01   4.3894270858455559E-03
      95   8.1612724409448816E+01       26   7.5250000000000006E-01   1.4596459715239329E-01   8.2653365416274924E-02   2.4713356259466208E-03
      95   8.1612724409448816E+01       27   7.8240000000000010E-01   7.7230400181665979E-02   4.7276570935910790E-02   1.4135694709837329E-03
      95   8.1612724409448816E+01       28   8.1230000000000013E-01   6.3078890395850018E-02   4.1621425621662336E-02   1.2444806260877041E-03
      95   8.1612724409448816E+01       29   8.4220000000000006E-01   3.9412672712387652E-02   2.7955441861541645E-02   8.3586771166009534E-04
      95   8.1612724409448816E+01       30   8.7210000000000010E-01   5.1251287874815088E-02   3.8979598016521649E-02   1.1654899806939976E-03
      95   8.1612724409448816E+01       31   9.0200000000000014E-01   5.5897365198212173E-02   4.5478319914726228E-02   1.3598017654503146E-03
      95   8.1612724409448816E+01       32   9.3190000000000006E-01   5.0233115720187425E-02   4.3624326958892998E-02   1.3043673760709008E-03
      95   8.1612724409448816E+01       33   9.6180000000000010E-01   3.5380954364986610E-02   3.2729478755349199E-02   9.7861141478494131E-04
      95   8.1612724409448816E+01       34   9.9170000000000014E-01   2.7607998057445064E-02   2.7151607204677661E-02   8.1183305541986225E-04
      95   8.1612724409448816E+01       35   1.0216000000000001E+00   1.9616840262624672E-02   2.0473440194962989E-02   6.1215586182939352E-04
      95   8.1612724409448816E+01       36   1.0515000000000001E+00   1.3691716541461072E-02   1.5138277200428653E-02   4.5263448829281681E-04
      95   8.1612724409448816E+01       37   1.0814000000000001E+00   1.6815281310852730E-02   1.9664226489614019E-02   5.8796037203945935E-04
      95   8.1612724409448816E+01       38   1.1113000000000002E+00   1.6663156866355729E-02   2.0578793606488305E-02   6.1530592883400051E-04
      95   8.1612724409448816E+01       39   1.1412000000000002E+00   1.6347509785921786E-02   2.1289974044972335E-02   6.3657022394467296E-04
      95   8.1612724409448816E+01       40   1.1711000000000000E+00   9.3707620452631261E-03   1.2851767843887276E-02   3.8426785853222961E-04
      95   8.1612724409448816E+01       41   1.2010000000000001E+00   9.8580484277869512E-03   1.4219258910288329E-02   4.2515584141762116E-04
      95   8.1612724409448816E+01       42   1.2309000000000001E+00   8.9222635955335215E-03   1.3518253712316691E-02   4.0419578599826917E-04
      95   8.1612724409448816E+01       43   1.2608000000000001E+00   6.7111019019245859E-03   1.0668079256034973E-02   3.1897556975544577E-04
      95   8.1612724409448816E+01       44   1.2907000000000002E+00   5.0587808589611953E-03   8.4274558644312318E-03   2.5198093034649386E-04
      95   8.1612724409448816E+01       45   1.3206000000000002E+00   4.8912111745990699E-03   8.5301957899580113E-03   2.5505285411974457E-04
      95   8.1612724409448816E+01       46   1.3505000000000000E+00   3.5548180205033481E-03   6.4834557353995364E-03   1.9385532648844619E-04
      95   8.1612724409448816E+01       47   1.3804000000000001E+00   4.0701378595210842E-03   7.7556646230909224E-03   2.3189437223041862E-04
      95   8.1612724409448816E+01       48   1.4103000000000001E+00   2.9335318132591819E-03   5.8346366298724604E-03   1.7445563523318659E-04
      95   8.1612724409448816E+01       49   1.4402000000000001E+00   3.1556058743051145E-03   6.5452820961669211E-03   1.9570393467539099E-04
      95   8.1612724409448816E+01       50   1.4701000000000002E+00   2.4694528188108824E-03   5.3369666399916953E-03   1.5957530253575173E-04
 
      96   8.2480944881889769E+01        1   5.0000000000000001E-03   1.2665725777463560E+02   3.1664314443658899E-03   9.4676300186540135E-05
      96   8.2480944881889769E+01        2   3.4900000000000000E-02   1.7105344780815944E+01   2.0834480996481629E-02   6.2295098179480088E-04
      96   8.2480944881889769E+01        3   6.4800000000000010E-02   8.2487488565197733E+00   3.4636826398480799E-02   1.0356411093145762E-03
      96   8.2480944881889769E+01        4   9.4700000000000006E-02   5.2717100303884701E+00   4.7277170006426540E-02   1.4135873831921538E-03
      96   8.2480944881889769E+01        5   1.2460000000000002E-01   4.4011220928177881E+00   6.8328124670531037E-02   2.0430109276488783E-03
      96   8.2480944881889769E+01        6   1.5450000000000003E-01   4.5550046677172062E+00   1.0872910016957668E-01   3.2510000950703435E-03
      96   8.2480944881889769E+01        7   1.8440000000000001E-01   4.8385481883096491E+00   1.6452689592444081E-01   4.9193541881407815E-03
      96   8.2480944881889769E+01        8   2.1430000000000002E-01   4.5911497213819343E+00   2.1084620946810745E-01   6.3043016630964137E-03
      96   8.2480944881889769E+01        9   2.4420000000000003E-01   3.7945733892444071E+00   2.2628422344778090E-01   6.7658982810886508E-03
      96   8.2480944881889769E+01       10   2.7410000000000001E-01   2.7344096162873490E+00   2.0543840934345775E-01   6.1426084393693880E-03
      96   8.2480944881889769E+01       11   3.0400000000000005E-01   1.7502560878824480E+00   1.6175166661774437E-01   4.8363748318705577E-03
      96   8.2480944881889769E+01       12   3.3390000000000003E-01   1.0997061709977023E+00   1.2260537223665877E-01   3.6659006298760980E-03
      96   8.2480944881889769E+01       13   3.6380000000000001E-01   9.7803928520803374E-01   1.2944392973456878E-01   3.8703734990636071E-03
      96   8.2480944881889769E+01       14   3.9370000000000005E-01   8.3363189443543861E-01   1.2921268521160575E-01   3.8634592878270127E-03
      96   8.2480944881889769E+01       15   4.2360000000000003E-01   5.5072654236926799E-01   9.8820696554052664E-02   2.9547388269661754E-03
      96   8.2480944881889769E+01       16   4.5350000000000007E-01   5.1371506065068762E-01   1.0565179523230692E-01   3.1589886774459775E-03
      96   8.2480944881889769E+01       17   4.8340000000000005E-01   7.1449727831779564E-01   1.6696055162938681E-01   4.9921204937186667E-03
      96   8.2480944881889769E+01       18   5.1330000000000009E-01   7.2727847823437097E-01   1.9162107160912481E-01   5.7294700411128332E-03
      96   8.2480944881889769E+01       19   5.4320000000000002E-01   6.8025440530240677E-01   2.0072010961601724E-01   6.0015312775189168E-03
      96   8.2480944881889769E+01       20   5.7310000000000005E-01   5.7908956578318160E-01   1.9019826749916066E-01   5.6869281982249052E-03
      96   8.2480944881889769E+01       21   6.0300000000000009E-01   6.5059773640303453E-01   2.3656319233577106E-01   7.0732394508395561E-03
      96   8.2480944881889769E+01       22   6.3290000000000002E-01   6.0424498906395518E-01   2.4203782904988155E-01   7.2369310885914600E-03
      96   8.2480944881889769E+01       23   6.6280000000000006E-01   5.7694715029436561E-01   2.5345509860137200E-01   7.5783074481810247E-03
      96   8.2480944881889769E+01       24   6.9270000000000009E-01   4.3578656437488994E-01   2.0910490092180029E-01   6.2522365375618297E-03
      96   8.2480944881889769E+01       25   7.2260000000000002E-01   2.7775410732526973E-01   1.4502951823301116E-01   4.3363825951670343E-03
      96   8.2480944881889769E+01       26   7.5250000000000006E-01   1.3857392762611442E-01   7.8468352605334968E-02   2.3462037428995160E-03
      96   8.2480944881889769E+01       27   7.8240000000000010E-01   7.4723846589074522E-02   4.5742184755778792E-02   1.3676913241977861E-03
      96   8.2480944881889769E+01       28   8.1230000000000013E-01   5.4521887239773852E-02   3.5975247190654529E-02   1.0756598910005707E-03
      96   8.2480944881889769E+01       29   8.4220000000000006E-01   3.7316072467462949E-02   2.6468321546672349E-02   7.9140281424550346E-04
      96   8.2480944881889769E+01       30   8.7210000000000010E-01   4.8472694255116806E-02   3.6866315271087781E-02   1.1023028266055248E-03
      96   8.2480944881889769E+01       31   9.0200000000000014E-01   5.5453061626859819E-02   4.5116832751859667E-02   1.3489932992806044E-03
      96   8.2480944881889769E+01       32   9.3190000000000006E-01   4.9122756418229115E-02   4.2660049180459056E-02   1.2755354704957261E-03
      96   8.2480944881889769E+01       33   9.6180000000000010E-01   3.7879923766530488E-02   3.5041173490724636E-02   1.0477310873726669E-03
      96   8.2480944881889769E+01       34   9.9170000000000014E-01   3.0933716217306152E-02   3.0422347551809087E-02   9.0962819179909191E-04
      96   8.2480944881889769E+01       35   1.0216000000000001E+00   1.9943969785792885E-02   2.0814854339082398E-02   6.2236414473856383E-04
      96   8.2480944881889769E+01       36   1.0515000000000001E+00   1.3614421395519737E-02   1.5052815648404539E-02   4.5007918788729582E-04
      96   8.2480944881889769E+01       37   1.0814000000000001E+00   1.8995110550338788E-02   2.2213375390636073E-02   6.6417992418001874E-04
      96   8.2480944881889769E+01       38   1.1113000000000002E+00   1.7857488495361069E-02   2.2053778466087547E-02   6.5940797613601781E-04
      96   8.2480944881889769E+01       39   1.1412000000000002E+00   1.4445852160504395E-02   1.8813374121329770E-02   5.6251988622776027E-04
      96   8.2480944881889769E+01       40   1.1711000000000000E+00   9.3284000380507489E-03   1.2793669401149659E-02   3.8253071509437489E-04
      96   8.2480944881889769E+01       41   1.2010000000000001E+00   1.0566274067446403E-02   1.5240804281158761E-02   4.5570004800664707E-04
      96   8.2480944881889769E+01       42   1.2309000000000001E+00   7.7866700293510007E-03   1.1797699082052839E-02   3.5275120255337994E-04
      96   8.2480944881889769E+01       43   1.2608000000000001E+00   7.7794714111166724E-03   1.2366377205515347E-02   3.6975467844490895E-04
      96   8.2480944881889769E+01       44   1.2907000000000002E+00   4.9536907315016251E-03   8.2523855390614076E-03   2.4674632761793614E-04
      96   8.2480944881889769E+01       45   1.3206000000000002E+00   4.8236851482586322E-03   8.4124314561273388E-03   2.5153170053820751E-04
      96   8.2480944881889769E+01       46   1.3505000000000000E+00   3.6188046902740877E-03   6.6001578390575671E-03   1.9734471938782130E-04
      96   8.2480944881889769E+01       47   1.3804000000000001E+00   3.9723375837901944E-03   7.5693057908365648E-03   2.2632224314601333E-04
      96   8.2480944881889769E+01       48   1.4103000000000001E+00   2.9348976346699213E-03   5.8373531750269894E-03   1.7453685993330703E-04
      96   8.2480944881889769E+01       49   1.4402000000000001E+00   3.1788624782608205E-03   6.5935203868636152E-03   1.9714625956722214E-04
      96   8.2480944881889769E+01       50   1.4701000000000002E+00   2.4960040081589284E-03   5.3943489113690681E-03   1.6129103244993517E-04
 
      97   8.3349165354330708E+01        1   5.0000000000000001E-03   1.2799090655482679E+02   3.1997726638706698E-03   9.5673202649733044E-05
      97   8.3349165354330708E+01        2   3.4900000000000000E-02   1.7280303059564982E+01   2.1047581929580745E-02   6.2932269969446445E-04
      97   8.3349165354330708E+01        3   6.4800000000000010E-02   8.3121585275022003E+00   3.4903086143322846E-02   1.0436022756853533E-03
      97   8.3349165354330708E+01        4   9.4700000000000006E-02   5.2894401708873504E+00   4.7436175502133145E-02   1.4183416475137814E-03
      97   8.3349165354330708E+01        5   1.2460000000000002E-01   4.4047133962425908E+00   6.8383880230809643E-02   2.0446780189012086E-03
      97   8.3349165354330708E+01        6   1.5450000000000003E-01   4.5633801228947357E+00   1.0892902437852811E-01   3.2569778289179914E-03
      97   8.3349165354330708E+01        7   1.8440000000000001E-01   4.8589551099012720E+00   1.6522079982581253E-01   4.9401019147917958E-03
      97   8.3349165354330708E+01        8   2.1430000000000002E-01   4.6244436381076790E+00   2.1237521561383974E-01   6.3500189468538096E-03
      97   8.3349165354330708E+01        9   2.4420000000000003E-01   3.8384385020441831E+00   2.2890005979304215E-01   6.8441117878119614E-03
      97   8.3349165354330708E+01       10   2.7410000000000001E-01   2.7746926263160780E+00   2.0846490451615426E-01   6.2331006450330141E-03
      97   8.3349165354330708E+01       11   3.0400000000000005E-01   1.7682097628163733E+00   1.6341087344043800E-01   4.8859851158690971E-03
      97   8.3349165354330708E+01       12   3.3390000000000003E-01   1.0873423853294872E+00   1.2122694353990014E-01   3.6246856118430149E-03
      97   8.3349165354330708E+01       13   3.6380000000000001E-01   9.6777506999785123E-01   1.2808545633524643E-01   3.8297551444238689E-03
      97   8.3349165354330708E+01       14   3.9370000000000005E-01   8.5828799125158650E-01   1.3303437257471867E-01   3.9777277399840891E-03
      97   8.3349165354330708E+01       15   4.2360000000000003E-01   5.6395835190881394E-01   1.0119497223312779E-01   3.0257296697705216E-03
      97   8.3349165354330708E+01       16   4.5350000000000007E-01   5.0022772155873996E-01   1.0287795872814401E-01   3.0760509659715067E-03
      97   8.3349165354330708E+01       17   4.8340000000000005E-01   7.2945319699371924E-01   1.7045538430129770E-01   5.0966159906088021E-03
      97   8.3349165354330708E+01       18   5.1330000000000009E-01   7.6293840425898363E-01   2.0101663801571981E-01   6.0103974766700236E-03
      97   8.3349165354330708E+01       19   5.4320000000000002E-01   7.0383362747434497E-01   2.0767754204441569E-01   6.2095585071280301E-03
      97   8.3349165354330708E+01       20   5.7310000000000005E-01   6.1360322842436743E-01   2.0153405945135389E-01   6.0258683775954829E-03
      97   8.3349165354330708E+01       21   6.0300000000000009E-01   6.7894254835498424E-01   2.4686962106480756E-01   7.3814016698377479E-03
      97   8.3349165354330708E+01       22   6.3290000000000002E-01   6.1269295684989511E-01   2.4542176738582003E-01   7.3381108448360207E-03
      97   8.3349165354330708E+01       23   6.6280000000000006E-01   5.7525280006653068E-01   2.5271076403997922E-01   7.5560518447953806E-03
      97   8.3349165354330708E+01       24   6.9270000000000009E-01   4.2799344960039187E-01   2.0536550502020529E-01   6.1404286001041390E-03
      97   8.3349165354330708E+01       25   7.2260000000000002E-01   2.7904339076288798E-01   1.4570271855981895E-01   4.3565112849385879E-03
      97   8.3349165354330708E+01       26   7.5250000000000006E-01   1.3578199010399317E-01   7.6887400533824299E-02   2.2989332759613471E-03
      97   8.3349165354330708E+01       27   7.8240000000000010E-01   7.4773315756621980E-02   4.5772467294820374E-02   1.3685967721151296E-03
      97   8.3349165354330708E+01       28   8.1230000000000013E-01   4.8892364006283148E-02   3.2260711613415385E-02   9.6459527724112020E-04
      97   8.3349165354330708E+01       29   8.4220000000000006E-01   3.6653804354918308E-02   2.5998574218139218E-02   7.7735736912236278E-04
      97   8.3349165354330708E+01       30   8.7210000000000010E-01   4.7300625641076781E-02   3.5974888629582591E-02   1.0756491700245198E-03
      97   8.3349165354330708E+01       31   9.0200000000000014E-01   5.5777534029748076E-02   4.5380824796739168E-02   1.3568866614225015E-03
      97   8.3349165354330708E+01       32   9.3190000000000006E-01   5.1485055927855593E-02   4.4711558920703248E-02   1.3368756117290274E-03
      97   8.3349165354330708E+01       33   9.6180000000000010E-01   4.1697325351905651E-02   3.8572496100066578E-02   1.1533176333919908E-03
      97   8.3349165354330708E+01       34   9.9170000000000014E-01   3.2093397851891914E-02   3.1562858361728535E-02   9.4372946501568343E-04
      97   8.3349165354330708E+01       35   1.0216000000000001E+00   1.8912142351198848E-02   1.9737970549906017E-02   5.9016531944219006E-04
      97   8.3349165354330708E+01       36   1.0515000000000001E+00   1.3963643219635936E-02   1.5438933543987718E-02   4.6162411296523287E-04
      97   8.3349165354330708E+01       37   1.0814000000000001E+00   2.0765220745477680E-02   2.4283388204892158E-02   7.2607330732627569E-04
      97   8.3349165354330708E+01       38   1.1113000000000002E+00   1.7812448838819842E-02   2.1998155044697303E-02   6.5774483583644946E-04
      97   8.3349165354330708E+01       39   1.1412000000000002E+00   1.2212654732382046E-02   1.5904997499774323E-02   4.7555942524325236E-04
      97   8.3349165354330708E+01       40   1.1711000000000000E+00   1.0954687262182961E-02   1.5024082013386701E-02   4.4922005220026246E-04
      97   8.3349165354330708E+01       41   1.2010000000000001E+00   1.0159464580397423E-02   1.4654021870229825E-02   4.3815525391987186E-04
      97   8.3349165354330708E+01       42   1.2309000000000001E+00   6.9572782096280804E-03   1.0541075252697790E-02   3.1517815005566402E-04
      97   8.3349165354330708E+01       43   1.2608000000000001E+00   8.6294571143589842E-03   1.3717528623151428E-02   4.1015410583222778E-04
      97   8.3349165354330708E+01       44   1.2907000000000002E+00   4.7277154482772074E-03   7.8759318481582616E-03   2.3549036225993208E-04
      97   8.3349165354330708E+01       45   1.3206000000000002E+00   4.8625536108700103E-03   8.4802174470188264E-03   2.5355850166586296E-04
      97   8.3349165354330708E+01       46   1.3505000000000000E+00   3.8033321503397341E-03   6.9367082932301621E-03   2.0740757796758189E-04
      97   8.3349165354330708E+01       47   1.3804000000000001E+00   3.6617901423085845E-03   6.9775563492160001E-03   2.0862893484155845E-04
      97   8.3349165354330708E+01       48   1.4103000000000001E+00   3.0511829280165247E-03   6.0686383545532187E-03   1.8145228680114129E-04
      97   8.3349165354330708E+01       49   1.4402000000000001E+00   3.1564169715786539E-03   6.5469644546978052E-03   1.9575423719546441E-04
      97   8.3349165354330708E+01       50   1.4701000000000002E+00   2.4991640158089677E-03   5.4011783009738877E-03   1.6149523119911928E-04
 
      98   8.4217385826771661E+01        1   5.0000000000000001E-03   1.3056651231615731E+02   3.2641628079039331E-03   9.7598467956327628E-05
      98   8.4217385826771661E+01        2   3.4900000000000000E-02   1.7628739280496681E+01   2.1471980731037763E-02   6.4201222385802930E-04
      98   8.4217385826771661E+01        3   6.4800000000000010E-02   8.4765417987007545E+00   3.5593338074416427E-02   1.0642408084250514E-03
      98   8.4217385826771661E+01        4   9.4700000000000006E-02   5.3925928635199334E+00   4.8361258133404486E-02   1.4460016181887944E-03
      98   8.4217385826771661E+01        5   1.2460000000000002E-01   4.4922427234800386E+00   6.9742787040863383E-02   2.0853093325218157E-03
      98   8.4217385826771661E+01        6   1.5450000000000003E-01   4.6511029153833636E+00   1.1102298936592978E-01   3.3195873820413011E-03
      98   8.4217385826771661E+01        7   1.8440000000000001E-01   4.9438115147077673E+00   1.6810620270675353E-01   5.0263754609319311E-03
      98   8.4217385826771661E+01        8   2.1430000000000002E-01   4.7019193636082521E+00   2.1593324879483355E-01   6.4564041389655246E-03
      98   8.4217385826771661E+01        9   2.4420000000000003E-01   3.9057489464375235E+00   2.3291402660223462E-01   6.9641293954068170E-03
      98   8.4217385826771661E+01       10   2.7410000000000001E-01   2.8248691791301384E+00   2.1223470957208240E-01   6.3458178162052650E-03
      98   8.4217385826771661E+01       11   3.0400000000000005E-01   1.7948390517296304E+00   1.6587184580464556E-01   4.9595681895589034E-03
      98   8.4217385826771661E+01       12   3.3390000000000003E-01   1.0885840560406208E+00   1.2136537642656456E-01   3.6288247551542812E-03
      98   8.4217385826771661E+01       13   3.6380000000000001E-01   9.8700068781900374E-01   1.3062997531314779E-01   3.9058362618631199E-03
      98   8.4217385826771661E+01       14   3.9370000000000005E-01   9.0539878708169330E-01   1.4033653132403850E-01   4.1960622865887523E-03
      98   8.4217385826771661E+01       15   4.2360000000000003E-01   5.8115754971152556E-01   1.0428114400128505E-01   3.1180062056384238E-03
      98   8.4217385826771661E+01       16   4.5350000000000007E-01   5.0400939180106841E-01   1.0365570553893932E-01   3.0993055956142863E-03
      98   8.4217385826771661E+01       17   4.8340000000000005E-01   7.7258270299713538E-01   1.8053369576916933E-01   5.3979575034981643E-03
      98   8.4217385826771661E+01       18   5.1330000000000009E-01   8.0886252606497178E-01   2.1311658280514276E-01   6.3721858258737694E-03
      98   8.4217385826771661E+01       19   5.4320000000000002E-01   7.3516389091161272E-01   2.1692204507505977E-01   6.4859691477442884E-03
      98   8.4217385826771661E+01       20   5.7310000000000005E-01   6.5072031821282950E-01   2.1372493041417051E-01   6.3903754193836999E-03
      98   8.4217385826771661E+01       21   6.0300000000000009E-01   6.9586309335504526E-01   2.5302208351173472E-01   7.5653602970008694E-03
      98   8.4217385826771661E+01       22   6.3290000000000002E-01   6.1613592151803576E-01   2.4680088961083529E-01   7.3793465993639770E-03
      98   8.4217385826771661E+01       23   6.6280000000000006E-01   5.7048676965676681E-01   2.5061702857941315E-01   7.4934491545244550E-03
      98   8.4217385826771661E+01       24   6.9270000000000009E-01   4.2761716298686592E-01   2.0518495017645416E-01   6.1350300102759811E-03
      98   8.4217385826771661E+01       25   7.2260000000000002E-01   2.8354941001332423E-01   1.4805553993600887E-01   4.4268606440866663E-03
      98   8.4217385826771661E+01       26   7.5250000000000006E-01   1.3913498499572777E-01   7.8786054847487089E-02   2.3557030399398646E-03
      98   8.4217385826771661E+01       27   7.8240000000000010E-01   7.7027161495000065E-02   4.7152158422645536E-02   1.4098495368371018E-03
      98   8.4217385826771661E+01       28   8.1230000000000013E-01   4.9606391196489172E-02   3.2731849095424100E-02   9.7868228795318086E-04
      98   8.4217385826771661E+01       29   8.4220000000000006E-01   3.7957955776184965E-02   2.6923609916730852E-02   8.0501593651025266E-04
      98   8.4217385826771661E+01       30   8.7210000000000010E-01   4.8760291982026464E-02   3.7085050140985801E-02   1.1088429992154756E-03
      98   8.4217385826771661E+01       31   9.0200000000000014E-01   5.6808544423859068E-02   4.6219658977429447E-02   1.3819678034251407E-03
      98   8.4217385826771661E+01       32   9.3190000000000006E-01   5.6389636558971230E-02   4.8970881202041606E-02   1.4642293479410443E-03
      98   8.4217385826771661E+01       33   9.6180000000000010E-01   4.5174063787961218E-02   4.1788685115402936E-02   1.2494816849505481E-03
      98   8.4217385826771661E+01       34   9.9170000000000014E-01   3.0608560354275584E-02   3.0102566876117422E-02   9.0006674959591110E-04
      98   8.4217385826771661E+01       35   1.0216000000000001E+00   1.7102153415092781E-02   1.7848945623322138E-02   5.3368347413733201E-04
      98   8.4217385826771661E+01       36   1.0515000000000001E+00   1.4615624272317227E-02   1.6159797861842157E-02   4.8317795606908057E-04
      98   8.4217385826771661E+01       37   1.0814000000000001E+00   2.0967785066996741E-02   2.4520272181046333E-02   7.3315613821328554E-04
      98   8.4217385826771661E+01       38   1.1113000000000002E+00   1.6326869596717791E-02   2.0163482968181740E-02   6.0288814074863409E-04
      98   8.4217385826771661E+01       39   1.1412000000000002E+00   1.1588291725931822E-02   1.5091866180323236E-02   4.5124679879166485E-04
      98   8.4217385826771661E+01       40   1.1711000000000000E+00   1.2992579407285206E-02   1.7819000571048155E-02   5.3278811707433999E-04
      98   8.4217385826771661E+01       41   1.2010000000000001E+00   8.9997763278625489E-03   1.2981286375085270E-02   3.8814046261504966E-04
      98   8.4217385826771661E+01       42   1.2309000000000001E+00   7.3951479216809377E-03   1.1204498138279511E-02   3.3501449433455746E-04
      98   8.4217385826771661E+01       43   1.2608000000000001E+00   8.4962735408729076E-03   1.3505817798563299E-02   4.0382395217704271E-04
      98   8.4217385826771661E+01       44   1.2907000000000002E+00   4.5311112187993753E-03   7.5484075863096918E-03   2.2569738683065983E-04
      98   8.4217385826771661E+01       45   1.3206000000000002E+00   5.0855002826871720E-03   8.8690329557820097E-03   2.6518408537788213E-04
      98   8.4217385826771661E+01       46   1.3505000000000000E+00   3.9079021290667698E-03   7.1274282750739609E-03   2.1311010542471147E-04
      98   8.4217385826771661E+01       47   1.3804000000000001E+00   3.5157888093796429E-03   6.6993502019543575E-03   2.0031057103843533E-04
      98   8.4217385826771661E+01       48   1.4103000000000001E+00   3.1412586108090111E-03   6.2477940316474148E-03   1.8680904154625775E-04
      98   8.4217385826771661E+01       49   1.4402000000000001E+00   3.1005341532394119E-03   6.4310536518508770E-03   1.9228850419034126E-04
      98   8.4217385826771661E+01       50   1.4701000000000002E+00   2.4801053555780087E-03   5.3599888386441138E-03   1.6026366627545905E-04
 
      99   8.5085606299212600E+01        1   5.0000000000000001E-03   1.3406561900462270E+02   3.3516404751155679E-03   1.0021405020595550E-04
      99   8.5085606299212600E+01        2   3.4900000000000000E-02   1.8102206496141914E+01   2.2048668534365812E-02   6.5925518917753798E-04
      99   8.5085606299212600E+01        3   6.4800000000000010E-02   8.7119977552526731E+00   3.6582027054216197E-02   1.0938026089210645E-03
      99   8.5085606299212600E+01        4   9.4700000000000006E-02   5.5560905182568749E+00   4.9827519815874306E-02   1.4898428424946421E-03
      99   8.5085606299212600E+01        5   1.2460000000000002E-01   4.6406533907351033E+00   7.2046886395705015E-02   2.1542019032315804E-03
      99   8.5085606299212600E+01        6   1.5450000000000003E-01   4.7965635495482264E+00   1.1449517106860360E-01   3.4234056149512484E-03
      99   8.5085606299212600E+01        7   1.8440000000000001E-01   5.0734382666387710E+00   1.7251394781829413E-01   5.1581670397669952E-03
      99   8.5085606299212600E+01        8   2.1430000000000002E-01   4.8051917302599625E+00   2.2067597956440638E-01   6.5982117889757524E-03
      99   8.5085606299212600E+01        9   2.4420000000000003E-01   3.9813477571491749E+00   2.3742225886464138E-01   7.0989255400527793E-03
      99   8.5085606299212600E+01       10   2.7410000000000001E-01   2.8781666728308015E+00   2.1623899344478312E-01   6.4655459039990168E-03
      99   8.5085606299212600E+01       11   3.0400000000000005E-01   1.8251594769033619E+00   1.6867393821750115E-01   5.0433507527032854E-03
      99   8.5085606299212600E+01       12   3.3390000000000003E-01   1.1030067670275985E+00   1.2297335308056102E-01   3.6769032571087753E-03
      99   8.5085606299212600E+01       13   3.6380000000000001E-01   1.0313813912429537E+00   1.3650378093881707E-01   4.0814630500706313E-03
      99   8.5085606299212600E+01       14   3.9370000000000005E-01   9.6361272044475588E-01   1.4935967294899388E-01   4.4658542211749178E-03
      99   8.5085606299212600E+01       15   4.2360000000000003E-01   5.9985285056657589E-01   1.0763577195300067E-01   3.2183095813947209E-03
      99   8.5085606299212600E+01       16   4.5350000000000007E-01   5.2821576730125530E-01   1.0863404318865263E-01   3.2481578913407146E-03
      99   8.5085606299212600E+01       17   4.8340000000000005E-01   8.3446405922980527E-01   1.9499385634039795E-01   5.8303163045778997E-03
      99   8.5085606299212600E+01       18   5.1330000000000009E-01   8.5638199958835926E-01   2.2563686590352225E-01   6.7465422905153170E-03
      99   8.5085606299212600E+01       19   5.4320000000000002E-01   7.6918062029186374E-01   2.2695923351038796E-01   6.7860810819606017E-03
      99   8.5085606299212600E+01       20   5.7310000000000005E-01   6.7941386779175528E-01   2.2314914342158687E-01   6.6721593883054490E-03
      99   8.5085606299212600E+01       21   6.0300000000000009E-01   6.9691684385105590E-01   2.5340523667583870E-01   7.5768165766075786E-03
      99   8.5085606299212600E+01       22   6.3290000000000002E-01   6.1400117413359478E-01   2.4594579005378242E-01   7.3537791226080959E-03
      99   8.5085606299212600E+01       23   6.6280000000000006E-01   5.6474411356454657E-01   2.4809425770630142E-01   7.4180183054184138E-03
      99   8.5085606299212600E+01       24   6.9270000000000009E-01   4.3462454705547499E-01   2.0854732632838843E-01   6.2355650572188158E-03
      99   8.5085606299212600E+01       25   7.2260000000000002E-01   2.8912395841083327E-01   1.5096629461842501E-01   4.5138922090909089E-03
      99   8.5085606299212600E+01       26   7.5250000000000006E-01   1.4752139466743072E-01   8.3534911739149342E-02   2.4976938610005660E-03
      99   8.5085606299212600E+01       27   7.8240000000000010E-01   8.0333935074238083E-02   4.9176399075550430E-02   1.4703743323589583E-03
      99   8.5085606299212600E+01       28   8.1230000000000013E-01   5.6666359072277517E-02   3.7390236806264091E-02   1.1179680805072966E-03
      99   8.5085606299212600E+01       29   8.4220000000000006E-01   4.0946254326679490E-02   2.9043212588767402E-02   8.6839205640414552E-04
      99   8.5085606299212600E+01       30   8.7210000000000010E-01   5.2230293367646327E-02   3.9724188877530646E-02   1.1877532474381665E-03
      99   8.5085606299212600E+01       31   9.0200000000000014E-01   5.8562649387778741E-02   4.7646805792494348E-02   1.4246394931955813E-03
      99   8.5085606299212600E+01       32   9.3190000000000006E-01   6.1486313333412132E-02   5.3397026998979573E-02   1.5965711072694895E-03
      99   8.5085606299212600E+01       33   9.6180000000000010E-01   4.6643529166948194E-02   4.3148027642094938E-02   1.2901260264986389E-03
      99   8.5085606299212600E+01       34   9.9170000000000014E-01   2.7408339769807746E-02   2.6955249490155687E-02   8.0596195975565527E-04
      99   8.5085606299212600E+01       35   1.0216000000000001E+00   1.5485880376194538E-02   1.6162095500794463E-02   4.8324665547375454E-04
      99   8.5085606299212600E+01       36   1.0515000000000001E+00   1.5378048432816019E-02   1.7002773850352006E-02   5.0838293812552511E-04
      99   8.5085606299212600E+01       37   1.0814000000000001E+00   1.9632660666313407E-02   2.2958943047057801E-02   6.8647239710702840E-04
      99   8.5085606299212600E+01       38   1.1113000000000002E+00   1.4299797900622116E-02   1.7660074376756162E-02   5.2803622386500939E-04
      99   8.5085606299212600E+01       39   1.1412000000000002E+00   1.3459727738707471E-02   1.7529107366325285E-02   5.2412031025312613E-04
      99   8.5085606299212600E+01       40   1.1711000000000000E+00   1.3586512267754963E-02   1.8633564765586814E-02   5.5714358649104590E-04
      99   8.5085606299212600E+01       41   1.2010000000000001E+00   8.0782851484853917E-03   1.1652126576460479E-02   3.4839858463616840E-04
      99   8.5085606299212600E+01       42   1.2309000000000001E+00   8.8141270305907050E-03   1.3354414401269303E-02   3.9929699059795224E-04
      99   8.5085606299212600E+01       43   1.2608000000000001E+00   7.6050938866012103E-03   1.2089183790903561E-02   3.6146659534801656E-04
      99   8.5085606299212600E+01       44   1.2907000000000002E+00   4.4755005513507284E-03   7.4557654144937584E-03   2.2292738589336342E-04
      99   8.5085606299212600E+01       45   1.3206000000000002E+00   5.3858931915726424E-03   9.3929134907331756E-03   2.8084811337292199E-04
      99   8.5085606299212600E+01       46   1.3505000000000000E+00   3.8360171933981774E-03   6.9963209171835647E-03   2.0918999542378862E-04
      99   8.5085606299212600E+01       47   1.3804000000000001E+00   3.7127596392130457E-03   7.0746789376005589E-03   2.1153290023425675E-04
      99   8.5085606299212600E+01       48   1.4103000000000001E+00   3.1089002977703890E-03   6.1834350914502520E-03   1.8488470923436258E-04
      99   8.5085606299212600E+01       49   1.4402000000000001E+00   3.0338059402702585E-03   6.2926475913182419E-03   1.8815016298041548E-04
      99   8.5085606299212600E+01       50   1.4701000000000002E+00   2.4601685993519448E-03   5.3169016405095141E-03   1.5897535905123449E-04
 
     100   8.5953826771653553E+01        1   5.0000000000000001E-03   1.3809899375658495E+02   3.4524748439146240E-03   1.0322899783304728E-04
     100   8.5953826771653553E+01        2   3.4900000000000000E-02   1.8648208061170937E+01   2.2713703900586815E-02   6.7913974662754597E-04
     100   8.5953826771653553E+01        3   6.4800000000000010E-02   8.9922580101187481E+00   3.7758851074809037E-02   1.1289896471367905E-03
     100   8.5953826771653553E+01        4   9.4700000000000006E-02   5.7607815874807979E+00   5.1663207746870679E-02   1.5447299116314336E-03
     100   8.5953826771653553E+01        5   1.2460000000000002E-01   4.8288852334768126E+00   7.4969215871364903E-02   2.2415795545538109E-03
     100   8.5953826771653553E+01        6   1.5450000000000003E-01   4.9735543062181140E+00   1.1871998467800299E-01   3.5497275418722900E-03
     100   8.5953826771653553E+01        7   1.8440000000000001E-01   5.2205095539184621E+00   1.7751486574532890E-01   5.3076944857853355E-03
     100   8.5953826771653553E+01        8   2.1430000000000002E-01   4.9116537415874983E+00   2.2556519313899767E-01   6.7443992748560319E-03
     100   8.5953826771653553E+01        9   2.4420000000000003E-01   4.0542322132928783E+00   2.4176862428391077E-01   7.2288818660889336E-03
     100   8.5953826771653553E+01       10   2.7410000000000001E-01   2.9318909638509165E+00   2.2027534294580009E-01   6.5862327540794239E-03
     100   8.5953826771653553E+01       11   3.0400000000000005E-01   1.8567351092340978E+00   1.7159203185497843E-01   5.1306017524638562E-03
     100   8.5953826771653553E+01       12   3.3390000000000003E-01   1.1283903899931820E+00   1.2580335315193178E-01   3.7615202592427609E-03
     100   8.5953826771653553E+01       13   3.6380000000000001E-01   1.0904835008327169E+00   1.4432597114795048E-01   4.3153465373237205E-03
     100   8.5953826771653553E+01       14   3.9370000000000005E-01   1.0194740459832909E+00   1.5801816109045588E-01   4.7247430166046317E-03
     100   8.5953826771653553E+01       15   4.2360000000000003E-01   6.1721188459815202E-01   1.1075062424816325E-01   3.3114436650200818E-03
     100   8.5953826771653553E+01       16   4.5350000000000007E-01   5.6990672852792090E-01   1.1720830007919145E-01   3.5045281723678251E-03
     100   8.5953826771653553E+01       17   4.8340000000000005E-01   9.0048093266351892E-01   2.1042038620947012E-01   6.2915695476631582E-03
     100   8.5953826771653553E+01       18   5.1330000000000009E-01   8.9674419527468163E-01   2.3627137169652587E-01   7.0645140137261253E-03
     100   8.5953826771653553E+01       19   5.4320000000000002E-01   7.9894273987850761E-01   2.3574103023124932E-01   7.0486568039143565E-03
     100   8.5953826771653553E+01       20   5.7310000000000005E-01   6.9058082479164540E-01   2.2681685909134555E-01   6.7818240868312337E-03
     100   8.5953826771653553E+01       21   6.0300000000000009E-01   6.8257921543413558E-01   2.4819194594479069E-01   7.4209391837492429E-03
     100   8.5953826771653553E+01       22   6.3290000000000002E-01   6.0714007453490615E-01   2.4319749146328165E-01   7.2716049947521228E-03
     100   8.5953826771653553E+01       23   6.6280000000000006E-01   5.6049333933358370E-01   2.4622687626366638E-01   7.3621836002836262E-03
     100   8.5953826771653553E+01       24   6.9270000000000009E-01   4.4603410332745463E-01   2.1402201125181256E-01   6.3992581364291966E-03
     100   8.5953826771653553E+01       25   7.2260000000000002E-01   2.9366034076911635E-01   1.5333497011445310E-01   4.5847156064221491E-03
     100   8.5953826771653553E+01       26   7.5250000000000006E-01   1.5760458493672591E-01   8.9244581249076915E-02   2.6684129793474003E-03
     100   8.5953826771653553E+01       27   7.8240000000000010E-01   8.3483609769972586E-02   5.1104471684622385E-02   1.5280237033702096E-03
     100   8.5953826771653553E+01       28   8.1230000000000013E-01   6.6836046110430494E-02   4.4100514523544847E-02   1.3186053842539913E-03
     100   8.5953826771653553E+01       29   8.4220000000000006E-01   4.4484553132308285E-02   3.1552930903770905E-02   9.4343263402275022E-04
     100   8.5953826771653553E+01       30   8.7210000000000010E-01   5.5868475864366857E-02   4.2491239172526236E-02   1.2704880512585347E-03
     100   8.5953826771653553E+01       31   9.0200000000000014E-01   6.0790247495901985E-02   4.9459188523655849E-02   1.4788297368573103E-03
     100   8.5953826771653553E+01       32   9.3190000000000006E-01   6.4228299697474470E-02   5.5778271083638455E-02   1.6677703054007902E-03
     100   8.5953826771653553E+01       33   9.6180000000000010E-01   4.5409923157252334E-02   4.2006869004306252E-02   1.2560053832287572E-03
     100   8.5953826771653553E+01       34   9.9170000000000014E-01   2.4417071444071944E-02   2.4013430150152140E-02   7.1800156148954910E-04
     100   8.5953826771653553E+01       35   1.0216000000000001E+00   1.4989517076285621E-02   1.5644057723068275E-02   4.6775732591974151E-04
     100   8.5953826771653553E+01       36   1.0515000000000001E+00   1.6025705654703459E-02   1.7718857514960603E-02   5.2979383969732217E-04
     100   8.5953826771653553E+01       37   1.0814000000000001E+00   1.7914676945301057E-02   2.0949888284848561E-02   6.2640165971697209E-04
     100   8.5953826771653553E+01       38   1.1113000000000002E+00   1.3156006280660456E-02   1.6247505806178352E-02   4.8580042360473282E-04
     100   8.5953826771653553E+01       39   1.1412000000000002E+00   1.6611680492494219E-02   2.1634013446692871E-02   6.4685700205611703E-04
     100   8.5953826771653553E+01       40   1.1711000000000000E+00   1.2169662255400917E-02   1.6690390097355047E-02   4.9904266391091604E-04
     100   8.5953826771653553E+01       41   1.2010000000000001E+00   8.1725172825514066E-03   1.1788047100869434E-02   3.5246260831599616E-04
     100   8.5953826771653553E+01       42   1.2309000000000001E+00   9.9302132072287552E-03   1.5045413096729889E-02   4.4985785159222378E-04
     100   8.5953826771653553E+01       43   1.2608000000000001E+00   6.9008284791604322E-03   1.0969671780259319E-02   3.2799318622975373E-04
     100   8.5953826771653553E+01       44   1.2907000000000002E+00   4.6273518959510790E-03   7.7087355549787092E-03   2.3049119309386345E-04
     100   8.5953826771653553E+01       45   1.3206000000000002E+00   5.4521614632608174E-03   9.5084843201215831E-03   2.8430368117163539E-04
     100   8.5953826771653553E+01       46   1.3505000000000000E+00   3.6748184857716480E-03   6.7023186139792421E-03   2.0039932655797939E-04
     100   8.5953826771653553E+01       47   1.3804000000000001E+00   3.9973622855904306E-03   7.6169904642196746E-03   2.2774801488016831E-04
     100   8.5953826771653553E+01       48   1.4103000000000001E+00   2.9897970089964761E-03   5.9465450709372362E-03   1.7780169762102340E-04
     100   8.5953826771653553E+01       49   1.4402000000000001E+00   3.0367349613878913E-03   6.2987228967410899E-03   1.8833181461255864E-04
     100   8.5953826771653553E+01       50   1.4701000000000002E+00   2.4533352542839160E-03   5.3021334560802271E-03   1.5853379033679884E-04
 
     101   8.6822047244094492E+01        1   5.0000000000000001E-03   1.4221359699855483E+02   3.5553399249638709E-03   1.0630466375641976E-04
     101   8.6822047244094492E+01        2   3.4900000000000000E-02   1.9209859892661559E+01   2.3397801447860706E-02   6.9959426329103524E-04
     101   8.6822047244094492E+01        3   6.4800000000000010E-02   9.2920939655897623E+00   3.9017874245270048E-02   1.1666344399335748E-03
     101   8.6822047244094492E+01        4   9.4700000000000006E-02   5.9894852711779905E+00   5.3714242965598631E-02   1.6060558646713995E-03
     101   8.6822047244094492E+01        5   1.2460000000000002E-01   5.0372097693601416E+00   7.8203487622879320E-02   2.3382842799240921E-03
     101   8.6822047244094492E+01        6   1.5450000000000003E-01   5.1574622007416675E+00   1.2310991209725383E-01   3.6809863717078904E-03
     101   8.6822047244094492E+01        7   1.8440000000000001E-01   5.3599914921397795E+00   1.8225772030416612E-01   5.4495058370945685E-03
     101   8.6822047244094492E+01        8   2.1430000000000002E-01   5.0030248110969886E+00   2.2976136290697557E-01   6.8698647509185711E-03
     101   8.6822047244094492E+01        9   2.4420000000000003E-01   4.1170051637481508E+00   2.4551200381309835E-01   7.3408089140116423E-03
     101   8.6822047244094492E+01       10   2.7410000000000001E-01   2.9830819596109222E+00   2.2412136392195589E-01   6.7012287812664830E-03
     101   8.6822047244094492E+01       11   3.0400000000000005E-01   1.8886239512520013E+00   1.7453907107890501E-01   5.2187182252592607E-03
     101   8.6822047244094492E+01       12   3.3390000000000003E-01   1.1608453053281891E+00   1.2942172602324861E-01   3.8697096080951344E-03
     101   8.6822047244094492E+01       13   3.6380000000000001E-01   1.1520801456719039E+00   1.5247831419494060E-01   4.5591015944287244E-03
     101   8.6822047244094492E+01       14   3.9370000000000005E-01   1.0611502888498978E+00   1.6447796581514468E-01   4.9178911778728273E-03
     101   8.6822047244094492E+01       15   4.2360000000000003E-01   6.3063239573923435E-01   1.1315875996896518E-01   3.3834469230720598E-03
     101   8.6822047244094492E+01       16   4.5350000000000007E-01   6.1996572748575707E-01   1.2750354643760770E-01   3.8123560384844711E-03
     101   8.6822047244094492E+01       17   4.8340000000000005E-01   9.5418243106561196E-01   2.2296911392141833E-01   6.6667765062504098E-03
     101   8.6822047244094492E+01       18   5.1330000000000009E-01   9.2146652552990427E-01   2.4278513438572485E-01   7.2592755181331743E-03
     101   8.6822047244094492E+01       19   5.4320000000000002E-01   8.1649564690952969E-01   2.4092030050996258E-01   7.2035169852478825E-03
     101   8.6822047244094492E+01       20   5.7310000000000005E-01   6.8021825245948475E-01   2.2341333842568459E-01   6.6800588189279706E-03
     101   8.6822047244094492E+01       21   6.0300000000000009E-01   6.5823011099123496E-01   2.3933839242741203E-01   7.1562179335796210E-03
     101   8.6822047244094492E+01       22   6.3290000000000002E-01   5.9788634203736746E-01   2.3949079407257223E-01   7.1607747427699115E-03
     101   8.6822047244094492E+01       23   6.6280000000000006E-01   5.5964392742567082E-01   2.4585372635077854E-01   7.3510264178882796E-03
     101   8.6822047244094492E+01       24   6.9270000000000009E-01   4.5723690577128795E-01   2.1939748880565715E-01   6.5599849152891505E-03
     101   8.6822047244094492E+01       25   7.2260000000000002E-01   2.9561902856985761E-01   1.5435770043821287E-01   4.6152952431025660E-03
     101   8.6822047244094492E+01       26   7.5250000000000006E-01   1.6516740321092752E-01   9.3527074364457799E-02   2.7964595234972888E-03
     101   8.6822047244094492E+01       27   7.8240000000000010E-01   8.5534853843326611E-02   5.2360140251827468E-02   1.5655681935296416E-03
     101   8.6822047244094492E+01       28   8.1230000000000013E-01   7.5326966112612789E-02   4.9703089221871596E-02   1.4861223677339610E-03
     101   8.6822047244094492E+01       29   8.4220000000000006E-01   4.6967949037041844E-02   3.3314405705050981E-02   9.9610073058102448E-04
     101   8.6822047244094492E+01       30   8.7210000000000010E-01   5.7710976673404246E-02   4.3892568658271430E-02   1.3123878028823161E-03
     101   8.6822047244094492E+01       31   9.0200000000000014E-01   6.2743321641200861E-02   5.1048217460567598E-02   1.5263417020709715E-03
     101   8.6822047244094492E+01       32   9.3190000000000006E-01   6.3213557106710325E-02   5.4897030453350038E-02   1.6414212105551665E-03
     101   8.6822047244094492E+01       33   9.6180000000000010E-01   4.2177491415974107E-02   3.9016678154367539E-02   1.1665986768155897E-03
     101   8.6822047244094492E+01       34   9.9170000000000014E-01   2.3438232340980646E-02   2.3050772343946344E-02   6.8921809308399582E-04
     101   8.6822047244094492E+01       35   1.0216000000000001E+00   1.5886520139945036E-02   1.6580229824827156E-02   4.9574887176233209E-04
     101   8.6822047244094492E+01       36   1.0515000000000001E+00   1.6300705792254580E-02   1.8022912035794311E-02   5.3888506987025001E-04
     101   8.6822047244094492E+01       37   1.0814000000000001E+00   1.7128512910440995E-02   2.0030527653664861E-02   5.9891277684457950E-04
     101   8.6822047244094492E+01       38   1.1113000000000002E+00   1.3738676146988005E-02   1.6967095918426822E-02   5.0731616796096204E-04
     101   8.6822047244094492E+01       39   1.1412000000000002E+00   1.8607357379596519E-02   2.4233058174908850E-02   7.2456843942977477E-04
     101   8.6822047244094492E+01       40   1.1711000000000000E+00   1.0041980997245578E-02   1.3772327997013389E-02   4.1179260711070043E-04
     101   8.6822047244094492E+01       41   1.2010000000000001E+00   9.1723013296692458E-03   1.3230136610216253E-02   3.9558108464546603E-04
     101   8.6822047244094492E+01       42   1.2309000000000001E+00   9.7464591654411389E-03   1.4767004626620112E-02   4.4153343833594147E-04
     101   8.6822047244094492E+01       43   1.2608000000000001E+00   7.0897972021374267E-03   1.1270059606743101E-02   3.3697478224161879E-04
     101   8.6822047244094492E+01       44   1.2907000000000002E+00   4.9668042294830055E-03   8.2742314004551898E-03   2.4739951887361024E-04
     101   8.6822047244094492E+01       45   1.3206000000000002E+00   5.2274043465287525E-03   9.1165114237421688E-03   2.7258369156989089E-04
     101   8.6822047244094492E+01       46   1.3505000000000000E+00   3.6252161640103180E-03   6.6118514070342598E-03   1.9769435707032442E-04
     101   8.6822047244094492E+01       47   1.3804000000000001E+00   4.0096635020305466E-03   7.6404304833193760E-03   2.2844887145124940E-04
     101   8.6822047244094492E+01       48   1.4103000000000001E+00   2.9073806965467437E-03   5.7826234685381230E-03   1.7290044170928991E-04
     101   8.6822047244094492E+01       49   1.4402000000000001E+00   3.1505211386573676E-03   6.5347354593166306E-03   1.9538859023356730E-04
     101   8.6822047244094492E+01       50   1.4701000000000002E+00   2.4660631286162111E-03   5.3296408618472161E-03   1.5935626176923179E-04
 
     102   8.7690267716535431E+01        1   5.0000000000000001E-03   1.4594141023090216E+02   3.6485352557725542E-03   1.0909120414759940E-04
     102   8.7690267716535431E+01        2   3.4900000000000000E-02   1.9726185485649758E+01   2.4026691183376261E-02   7.1839806638295033E-04
     102   8.7690267716535431E+01        3   6.4800000000000010E-02   9.5799856251876800E+00   4.0226742839588089E-02   1.2027796109036842E-03
     102   8.7690267716535431E+01        4   9.4700000000000006E-02   6.2169446646978272E+00   5.5754119278029944E-02   1.6670481664130957E-03
     102   8.7690267716535431E+01        5   1.2460000000000002E-01   5.2405650726329256E+00   8.1360611243037811E-02   2.4326822761668310E-03
     102   8.7690267716535431E+01        6   1.5450000000000003E-01   5.3252536994553132E+00   1.2711513711942324E-01   3.8007425998707557E-03
     102   8.7690267716535431E+01        7   1.8440000000000001E-01   5.4746937394823858E+00   1.8615798211336579E-01   5.5661236651896387E-03
     102   8.7690267716535431E+01        8   2.1430000000000002E-01   5.0708610771622133E+00   2.3287670882952533E-01   6.9630135940028084E-03
     102   8.7690267716535431E+01        9   2.4420000000000003E-01   4.1665374206683046E+00   2.4846579259066229E-01   7.4291271984608040E-03
     102   8.7690267716535431E+01       10   2.7410000000000001E-01   3.0286559196324125E+00   2.2754537245327808E-01   6.8036066363530157E-03
     102   8.7690267716535431E+01       11   3.0400000000000005E-01   1.9185101541603613E+00   1.7730103440688399E-01   5.3013009287658326E-03
     102   8.7690267716535431E+01       12   3.3390000000000003E-01   1.1944771567929915E+00   1.3317131457389678E-01   3.9818223057595144E-03
     102   8.7690267716535431E+01       13   3.6380000000000001E-01   1.2047911017883282E+00   1.5945463242977004E-01   4.7676935096501250E-03
     102   8.7690267716535431E+01       14   3.9370000000000005E-01   1.0809940465063239E+00   1.6755374210032584E-01   5.0098568887997439E-03
     102   8.7690267716535431E+01       15   4.2360000000000003E-01   6.3842270631173459E-01   1.1455662961555049E-01   3.4252432255049603E-03
     102   8.7690267716535431E+01       16   4.5350000000000007E-01   6.6609209347926079E-01   1.3698999865215516E-01   4.0960009596994404E-03
     102   8.7690267716535431E+01       17   4.8340000000000005E-01   9.8200962270042114E-01   2.2947164850990967E-01   6.8612022904463010E-03
     102   8.7690267716535431E+01       18   5.1330000000000009E-01   9.2409655082577247E-01   2.4347808527130152E-01   7.2799947496119174E-03
     102   8.7690267716535431E+01       19   5.4320000000000002E-01   8.1492809595673354E-01   2.4045776914431261E-01   7.1896872974149487E-03
     102   8.7690267716535431E+01       20   5.7310000000000005E-01   6.5060530982132725E-01   2.1368715664288521E-01   6.3892459836222687E-03
     102   8.7690267716535431E+01       21   6.0300000000000009E-01   6.3217490792879327E-01   2.2986448609708068E-01   6.8729481343027142E-03
     102   8.7690267716535431E+01       22   6.3290000000000002E-01   5.8921218580140633E-01   2.3601625314597913E-01   7.0568859690647778E-03
     102   8.7690267716535431E+01       23   6.6280000000000006E-01   5.6260942789383528E-01   2.4715648209396499E-01   7.3899788146095545E-03
     102   8.7690267716535431E+01       24   6.9270000000000009E-01   4.6376688318789616E-01   2.2253078935309398E-01   6.6536706016575116E-03
     102   8.7690267716535431E+01       25   7.2260000000000002E-01   2.9449352931091144E-01   1.5377002014477470E-01   4.5977236023287647E-03
     102   8.7690267716535431E+01       26   7.5250000000000006E-01   1.6699645818221781E-01   9.4562788173544493E-02   2.8274273663889808E-03
     102   8.7690267716535431E+01       27   7.8240000000000010E-01   8.5968093196390288E-02   5.2625347617827958E-02   1.5734978937730563E-03
     102   8.7690267716535431E+01       28   8.1230000000000013E-01   7.8173136954418160E-02   5.1581081799980423E-02   1.5422743458194149E-03
     102   8.7690267716535431E+01       29   8.4220000000000006E-01   4.7130787983222074E-02   3.3429907506361330E-02   9.9955423444020395E-04
     102   8.7690267716535431E+01       30   8.7210000000000010E-01   5.6819190883946304E-02   4.3214313476180703E-02   1.2921079729378033E-03
     102   8.7690267716535431E+01       31   9.0200000000000014E-01   6.3514347187399497E-02   5.1675526929056997E-02   1.5450982551788045E-03
     102   8.7690267716535431E+01       32   9.3190000000000006E-01   5.9121178650958180E-02   5.1343055088021151E-02   1.5351573471318327E-03
     102   8.7690267716535431E+01       33   9.6180000000000010E-01   3.8821884715823582E-02   3.5912543170587383E-02   1.0737850408005631E-03
     102   8.7690267716535431E+01       34   9.9170000000000014E-01   2.4994880305425043E-02   2.4581687189659234E-02   7.3499244697081123E-04
     102   8.7690267716535431E+01       35   1.0216000000000001E+00   1.7575084373059224E-02   1.8342527849340477E-02   5.4844158269528036E-04
     102   8.7690267716535431E+01       36   1.0515000000000001E+00   1.6075115601351133E-02   1.7773487733643983E-02   5.3142728323595520E-04
     102   8.7690267716535431E+01       37   1.0814000000000001E+00   1.7722538141901084E-02   2.0725196180229298E-02   6.1968336578885612E-04
     102   8.7690267716535431E+01       38   1.1113000000000002E+00   1.5584446450277926E-02   1.9246599521557439E-02   5.7547332569456752E-04
     102   8.7690267716535431E+01       39   1.1412000000000002E+00   1.7876888813147650E-02   2.3281741612079358E-02   6.9612407420117299E-04
     102   8.7690267716535431E+01       40   1.1711000000000000E+00   9.0629647053565628E-03   1.2429631422501480E-02   3.7164597953279432E-04
     102   8.7690267716535431E+01       41   1.2010000000000001E+00   1.0139200667938017E-02   1.4624793182634465E-02   4.3728131616077061E-04
     102   8.7690267716535431E+01       42   1.2309000000000001E+00   8.4350034585324706E-03   1.2779998662423769E-02   3.8212196000647077E-04
     102   8.7690267716535431E+01       43   1.2608000000000001E+00   7.8526060556574958E-03   1.2482633253437925E-02   3.7323073427779406E-04
     102   8.7690267716535431E+01       44   1.2907000000000002E+00   5.2415739752241829E-03   8.7319721031410679E-03   2.6108596588391797E-04
     102   8.7690267716535431E+01       45   1.3206000000000002E+00   4.9875673182922615E-03   8.6982393975488497E-03   2.6007735798671064E-04
     102   8.7690267716535431E+01       46   1.3505000000000000E+00   3.7920360056613199E-03   6.9161058169344000E-03   2.0679156392633860E-04
     102   8.7690267716535431E+01       47   1.3804000000000001E+00   3.7749317092307532E-03   7.1931480756551114E-03   2.1507512746208788E-04
     102   8.7690267716535431E+01       48   1.4103000000000001E+00   2.9997564500822398E-03   5.9663538623433519E-03   1.7839398048406625E-04
     102   8.7690267716535431E+01       49   1.4402000000000001E+00   3.2571964081741104E-03   6.7559987474088007E-03   2.0200436254752318E-04
     102   8.7690267716535431E+01       50   1.4701000000000002E+00   2.5007198656057934E-03   5.4045407942352472E-03   1.6159576974763393E-04
 
     103   8.8558488188976384E+01        1   5.0000000000000001E-03   1.4885028720734812E+02   3.7212571801837030E-03   1.1126558968749274E-04
     103   8.8558488188976384E+01        2   3.4900000000000000E-02   2.0137321843444788E+01   2.4527459378534188E-02   7.3337103541817243E-04
     103   8.8558488188976384E+01        3   6.4800000000000010E-02   9.8203947224344059E+00   4.1236230255290982E-02   1.2329632846332006E-03
     103   8.8558488188976384E+01        4   9.4700000000000006E-02   6.4124538925731001E+00   5.7507463629445900E-02   1.7194731625204329E-03
     103   8.8558488188976384E+01        5   1.2460000000000002E-01   5.4110302741218996E+00   8.4007110770586382E-02   2.5118126120405333E-03
     103   8.8558488188976384E+01        6   1.5450000000000003E-01   5.4559011534910828E+00   1.3023372450912057E-01   3.8939883628227060E-03
     103   8.8558488188976384E+01        7   1.8440000000000001E-01   5.5541978245276020E+00   1.8886138813862891E-01   5.6469555053450058E-03
     103   8.8558488188976384E+01        8   2.1430000000000002E-01   5.1143064307524053E+00   2.3487191453602455E-01   7.0226702446271353E-03
     103   8.8558488188976384E+01        9   2.4420000000000003E-01   4.2038855341156127E+00   2.5069299654265825E-01   7.4957205966254834E-03
     103   8.8558488188976384E+01       10   2.7410000000000001E-01   3.0668987603055258E+00   2.3041858804975002E-01   6.8895157826875273E-03
     103   8.8558488188976384E+01       11   3.0400000000000005E-01   1.9421825928085950E+00   1.7948874649699917E-01   5.3667135202602762E-03
     103   8.8558488188976384E+01       12   3.3390000000000003E-01   1.2224706813568091E+00   1.3629229051263239E-01   4.0751394863277092E-03
     103   8.8558488188976384E+01       13   3.6380000000000001E-01   1.2392551778103231E+00   1.6401596805547453E-01   4.9040774448586896E-03
     103   8.8558488188976384E+01       14   3.9370000000000005E-01   1.0763952740279856E+00   1.6684093379180287E-01   4.9885439203749072E-03
     103   8.8558488188976384E+01       15   4.2360000000000003E-01   6.3967622316898787E-01   1.1478155686972477E-01   3.4319685504047713E-03
     103   8.8558488188976384E+01       16   4.5350000000000007E-01   6.9679724513139407E-01   1.4330488922752410E-01   4.2848161879029713E-03
     103   8.8558488188976384E+01       17   4.8340000000000005E-01   9.7724438581981088E-01   2.2835812911330042E-01   6.8279080604876840E-03
     103   8.8558488188976384E+01       18   5.1330000000000009E-01   9.0301184681269475E-01   2.3792275303136529E-01   7.1138903156378235E-03
     103   8.8558488188976384E+01       19   5.4320000000000002E-01   7.9177232659382357E-01   2.3362528334409155E-01   6.9853959719883389E-03
     103   8.8558488188976384E+01       20   5.7310000000000005E-01   6.0993136845030382E-01   2.0032806050605792E-01   5.9898090091311329E-03
     103   8.8558488188976384E+01       21   6.0300000000000009E-01   6.1288262901264912E-01   2.2284963985266040E-01   6.6632042315945472E-03
     103   8.8558488188976384E+01       22   6.3290000000000002E-01   5.8361861000313842E-01   2.3377567694370724E-01   6.9898927406168484E-03
     103   8.8558488188976384E+01       23   6.6280000000000006E-01   5.6786335367189011E-01   2.4946455186333946E-01   7.4589901007138517E-03
     103   8.8558488188976384E+01       24   6.9270000000000009E-01   4.6282523575735629E-01   2.2207895556847798E-01   6.6401607714974935E-03
     103   8.8558488188976384E+01       25   7.2260000000000002E-01   2.9084406303715421E-01   1.5186444855633799E-01   4.5407470118345068E-03
     103   8.8558488188976384E+01       26   7.5250000000000006E-01   1.6234567395738006E-01   9.1929252538828707E-02   2.7486846509109791E-03
     103   8.8558488188976384E+01       27   7.8240000000000010E-01   8.4803326185090441E-02   5.1912335771404840E-02   1.5521788395650050E-03
     103   8.8558488188976384E+01       28   8.1230000000000013E-01   7.4090325953137678E-02   4.8887115350179325E-02   1.4617247489703620E-03
     103   8.8558488188976384E+01       29   8.4220000000000006E-01   4.4827859558529200E-02   3.1796438440266798E-02   9.5071350936397749E-04
     103   8.8558488188976384E+01       30   8.7210000000000010E-01   5.3853572249058991E-02   4.0958787282564441E-02   1.2246677397486771E-03
     103   8.8558488188976384E+01       31   9.0200000000000014E-01   6.2753088502744234E-02   5.1056163818186735E-02   1.5265792981637837E-03
     103   8.8558488188976384E+01       32   9.3190000000000006E-01   5.4534247928530948E-02   4.7359591934200869E-02   1.4160517988326064E-03
     103   8.8558488188976384E+01       33   9.6180000000000010E-01   3.7423573971778847E-02   3.4619022896417530E-02   1.0351087846028843E-03
     103   8.8558488188976384E+01       34   9.9170000000000014E-01   2.7945664375718410E-02   2.7483691523900334E-02   8.2176237656462017E-04
     103   8.8558488188976384E+01       35   1.0216000000000001E+00   1.8960244222800984E-02   1.9788172864770578E-02   5.9166636865664039E-04
     103   8.8558488188976384E+01       36   1.0515000000000001E+00   1.5519919262286337E-02   1.7159633652165229E-02   5.1307304619974050E-04
     103   8.8558488188976384E+01       37   1.0814000000000001E+00   1.9018852441805432E-02   2.2241139774856668E-02   6.6501007926821456E-04
     103   8.8558488188976384E+01       38   1.1113000000000002E+00   1.7343325037147587E-02   2.1418792924546067E-02   6.4042190844392757E-04
     103   8.8558488188976384E+01       39   1.1412000000000002E+00   1.5158994654948566E-02   1.9742126291899406E-02   5.9028957612779242E-04
     103   8.8558488188976384E+01       40   1.1711000000000000E+00   1.0040582095499830E-02   1.3770409437947870E-02   4.1173524219464139E-04
     103   8.8558488188976384E+01       41   1.2010000000000001E+00   1.0321296586344493E-02   1.4887448517439885E-02   4.4513471067145265E-04
     103   8.8558488188976384E+01       42   1.2309000000000001E+00   7.2822738525085565E-03   1.1033480964411471E-02   3.2990108083590303E-04
     103   8.8558488188976384E+01       43   1.2608000000000001E+00   8.3190396825679729E-03   1.3224083908230372E-02   3.9540010885608822E-04
     103   8.8558488188976384E+01       44   1.2907000000000002E+00   5.2006251130537048E-03   8.6637551278931531E-03   2.5904627832400531E-04
     103   8.8558488188976384E+01       45   1.3206000000000002E+00   4.9431155114864978E-03   8.6207161417058559E-03   2.5775941263700517E-04
     103   8.8558488188976384E+01       46   1.3505000000000000E+00   3.9714323183279426E-03   7.2432978266404975E-03   2.1657460501655091E-04
     103   8.8558488188976384E+01       47   1.3804000000000001E+00   3.6083919546696674E-03   6.8758058805335831E-03   2.0558659582795417E-04
     103   8.8558488188976384E+01       48   1.4103000000000001E+00   3.1615247223200672E-03   6.2881022348968340E-03   1.8801425682341539E-04
     103   8.8558488188976384E+01       49   1.4402000000000001E+00   3.2024429816031809E-03   6.6424305019074795E-03   1.9860867200703367E-04
     103   8.8558488188976384E+01       50   1.4701000000000002E+00   2.4970641422969405E-03   5.3966400669179368E-03   1.6135953800084634E-04
 
     104   8.9426708661417322E+01        1   5.0000000000000001E-03   1.5054725483219823E+02   3.7636813708049562E-03   1.1253407298706822E-04
     104   8.9426708661417322E+01        2   3.4900000000000000E-02   2.0387400448098539E+01   2.4832057619788503E-02   7.4247852283167637E-04
     104   8.9426708661417322E+01        3   6.4800000000000010E-02   9.9799585742495296E+00   4.1906245251616757E-02   1.2529967330233414E-03
     104   8.9426708661417322E+01        4   9.4700000000000006E-02   6.5487883570723664E+00   5.8730123377177125E-02   1.7560306889775963E-03
     104   8.9426708661417322E+01        5   1.2460000000000002E-01   5.5258086016825692E+00   8.5789062670498184E-02   2.5650929738478961E-03
     104   8.9426708661417322E+01        6   1.5450000000000003E-01   5.5338582412249959E+00   1.3209457968260102E-01   3.9496279325097715E-03
     104   8.9426708661417322E+01        7   1.8440000000000001E-01   5.5928818736310255E+00   1.9017677578655029E-01   5.6862855960178550E-03
     104   8.9426708661417322E+01        8   2.1430000000000002E-01   5.1348992008604872E+00   2.3581762700092546E-01   7.0509470473276723E-03
     104   8.9426708661417322E+01        9   2.4420000000000003E-01   4.2308413883728555E+00   2.5230047225132712E-01   7.5437841203146823E-03
     104   8.9426708661417322E+01       10   2.7410000000000001E-01   3.0957744063793537E+00   2.3258803872855002E-01   6.9543823579836473E-03
     104   8.9426708661417322E+01       11   3.0400000000000005E-01   1.9549095068004527E+00   1.8066491698047069E-01   5.4018810177160750E-03
     104   8.9426708661417322E+01       12   3.3390000000000003E-01   1.2389709859184519E+00   1.3813189643296936E-01   4.1301437033457846E-03
     104   8.9426708661417322E+01       13   3.6380000000000001E-01   1.2496173477663042E+00   1.6538740580850339E-01   4.9450834336742522E-03
     104   8.9426708661417322E+01       14   3.9370000000000005E-01   1.0492788885894384E+00   1.6263790245490756E-01   4.8628732834017372E-03
     104   8.9426708661417322E+01       15   4.2360000000000003E-01   6.3373426212553796E-01   1.1371534944364969E-01   3.4000889483651268E-03
     104   8.9426708661417322E+01       16   4.5350000000000007E-01   7.0449528634509162E-01   1.4488808570412587E-01   4.3321537625533642E-03
     104   8.9426708661417322E+01       17   4.8340000000000005E-01   9.4139283635875803E-01   2.1998049821612120E-01   6.5774168966620250E-03
     104   8.9426708661417322E+01       18   5.1330000000000009E-01   8.6272623974925133E-01   2.2730842657052719E-01   6.7965219544587644E-03
     104   8.9426708661417322E+01       19   5.4320000000000002E-01   7.5152594228702807E-01   2.2174993405309040E-01   6.6303230281874043E-03
     104   8.9426708661417322E+01       20   5.7310000000000005E-01   5.7025850854636373E-01   1.8729776318018360E-01   5.6002031190874905E-03
     104   8.9426708661417322E+01       21   6.0300000000000009E-01   6.0630737447955441E-01   2.2045881812713639E-01   6.5917186620013789E-03
     104   8.9426708661417322E+01       22   6.3290000000000002E-01   5.8212061664787806E-01   2.3317563711516018E-01   6.9719515497432905E-03
     104   8.9426708661417322E+01       23   6.6280000000000006E-01   5.7246894439982277E-01   2.5148780555558869E-01   7.5194853861121035E-03
     104   8.9426708661417322E+01       24   6.9270000000000009E-01   4.5415100472576575E-01   2.1791677075436980E-01   6.5157114455556588E-03
     104   8.9426708661417322E+01       25   7.2260000000000002E-01   2.8586021540052464E-01   1.4926212872514766E-01   4.4629376488819162E-03
     104   8.9426708661417322E+01       26   7.5250000000000006E-01   1.5312407897546848E-01   8.6707466745352638E-02   2.5925532556860444E-03
     104   8.9426708661417322E+01       27   7.8240000000000010E-01   8.2528230229822030E-02   5.0519636328410306E-02   1.5105371262194684E-03
     104   8.9426708661417322E+01       28   8.1230000000000013E-01   6.4908612839078519E-02   4.2828733741719756E-02   1.2805791388774211E-03
     104   8.9426708661417322E+01       29   8.4220000000000006E-01   4.1109366909769740E-02   2.9158908480967888E-02   8.7185136358094008E-04
     104   8.9426708661417322E+01       30   8.7210000000000010E-01   5.0543318508276314E-02   3.8441145960778210E-02   1.1493902642272687E-03
     104   8.9426708661417322E+01       31   9.0200000000000014E-01   6.0889507725795072E-02   4.9539947043737785E-02   1.4812444166077601E-03
     104   8.9426708661417322E+01       32   9.3190000000000006E-01   5.2261158927417894E-02   4.5385555954756962E-02   1.3570281230472334E-03
     104   8.9426708661417322E+01       33   9.6180000000000010E-01   3.8740931571167946E-02   3.5837656716116634E-02   1.0715459358118875E-03
     104   8.9426708661417322E+01       34   9.9170000000000014E-01   3.0089168205353359E-02   2.9591760855942166E-02   8.8479364959267092E-04
     104   8.9426708661417322E+01       35   1.0216000000000001E+00   1.9114152613577833E-02   1.9948801905527790E-02   5.9646917697528108E-04
     104   8.9426708661417322E+01       36   1.0515000000000001E+00   1.4896097648711023E-02   1.6469903881517055E-02   4.9245012605736004E-04
     104   8.9426708661417322E+01       37   1.0814000000000001E+00   1.9742869705562785E-02   2.3087824358582684E-02   6.9032594832162239E-04
     104   8.9426708661417322E+01       38   1.1113000000000002E+00   1.7768875591274512E-02   2.1944342620365501E-02   6.5613584434892863E-04
     104   8.9426708661417322E+01       39   1.1412000000000002E+00   1.2633858918381272E-02   1.6453547481085840E-02   4.9196106968446671E-04
     104   8.9426708661417322E+01       40   1.1711000000000000E+00   1.1919137453339146E-02   1.6346801541837170E-02   4.8876936610093148E-04
     104   8.9426708661417322E+01       41   1.2010000000000001E+00   9.6775911865283337E-03   1.3958967205039658E-02   4.1737311943068584E-04
     104   8.9426708661417322E+01       42   1.2309000000000001E+00   7.3467398856039397E-03   1.1131154405896238E-02   3.3282151673629759E-04
     104   8.9426708661417322E+01       43   1.2608000000000001E+00   8.0443357562243970E-03   1.2787409975841289E-02   3.8234355827765462E-04
     104   8.9426708661417322E+01       44   1.2907000000000002E+00   4.9457470351340540E-03   8.2391520837280813E-03   2.4635064730346967E-04
     104   8.9426708661417322E+01       45   1.3206000000000002E+00   5.1651625558226779E-03   9.0079627142123798E-03   2.6933808515495019E-04
     104   8.9426708661417322E+01       46   1.3505000000000000E+00   3.9935587700478444E-03   7.2836531611414537E-03   2.1778122951812950E-04
     104   8.9426708661417322E+01       47   1.3804000000000001E+00   3.7690689396608816E-03   7.1819765438505996E-03   2.1474109866113298E-04
     104   8.9426708661417322E+01       48   1.4103000000000001E+00   3.2225167623893590E-03   6.4094121145137758E-03   1.9164142222396195E-04
     104   8.9426708661417322E+01       49   1.4402000000000001E+00   3.1144481944891333E-03   6.4599138228306208E-03   1.9315142330263561E-04
     104   8.9426708661417322E+01       50   1.4701000000000002E+00   2.4864603509014050E-03   5.3737232164706153E-03   1.6067432417247142E-04
 
     105   9.0294929133858275E+01        1   5.0000000000000001E-03   1.5073056024357007E+02   3.7682640060892518E-03   1.1267109378206865E-04
     105   9.0294929133858275E+01        2   3.4900000000000000E-02   2.0433091374417749E+01   2.4887709624954565E-02   7.4414251778614159E-04
     105   9.0294929133858275E+01        3   6.4800000000000010E-02   1.0033905343784014E+01   4.2132769894762834E-02   1.2597698198534089E-03
     105   9.0294929133858275E+01        4   9.4700000000000006E-02   6.6079159265333480E+00   5.9260384741584460E-02   1.7718855037733758E-03
     105   9.0294929133858275E+01        5   1.2460000000000002E-01   5.5721003495760204E+00   8.6507749463223677E-02   2.5865817089503885E-03
     105   9.0294929133858275E+01        6   1.5450000000000003E-01   5.5526683621972452E+00   1.3254358197273886E-01   3.9630531009848926E-03
     105   9.0294929133858275E+01        7   1.8440000000000001E-01   5.5906297779701459E+00   1.9010019696703895E-01   5.6839958893144657E-03
     105   9.0294929133858275E+01        8   2.1430000000000002E-01   5.1350552812387207E+00   2.3582479491269484E-01   7.0511613678895775E-03
     105   9.0294929133858275E+01        9   2.4420000000000003E-01   4.2475180254141263E+00   2.5329496082105690E-01   7.5735193285496032E-03
     105   9.0294929133858275E+01       10   2.7410000000000001E-01   3.1113603706151531E+00   2.3375902484621666E-01   6.9893948429018797E-03
     105   9.0294929133858275E+01       11   3.0400000000000005E-01   1.9527283569926641E+00   1.8046334383983409E-01   5.3958539808110408E-03
     105   9.0294929133858275E+01       12   3.3390000000000003E-01   1.2406488980576091E+00   1.3831896553181341E-01   4.1357370694012222E-03
     105   9.0294929133858275E+01       13   3.6380000000000001E-01   1.2353471648748575E+00   1.6349874082393995E-01   4.8886123506358056E-03
     105   9.0294929133858275E+01       14   3.9370000000000005E-01   1.0054431014543428E+00   1.5584336903806173E-01   4.6597167342380466E-03
     105   9.0294929133858275E+01       15   4.2360000000000003E-01   6.2052460081674343E-01   1.1134504797576998E-01   3.3292169344755233E-03
     105   9.0294929133858275E+01       16   4.5350000000000007E-01   6.8746806332848986E-01   1.4138622870727977E-01   4.2274482383476662E-03
     105   9.0294929133858275E+01       17   4.8340000000000005E-01   8.8358481104868647E-01   2.0647217552929606E-01   6.1735180483259537E-03
     105   9.0294929133858275E+01       18   5.1330000000000009E-01   8.1295901538363158E-01   2.1419591307074146E-01   6.4044578008151708E-03
     105   9.0294929133858275E+01       19   5.4320000000000002E-01   7.0504497399110877E-01   2.0803496950645428E-01   6.2202455882429840E-03
     105   9.0294929133858275E+01       20   5.7310000000000005E-01   5.4397361091671226E-01   1.7866465651422042E-01   5.3420732297751921E-03
     105   9.0294929133858275E+01       21   6.0300000000000009E-01   6.1400416761044785E-01   2.2325744138066742E-01   6.6753974972819574E-03
     105   9.0294929133858275E+01       22   6.3290000000000002E-01   5.8382285859993599E-01   2.3385749125387961E-01   6.9923389884910016E-03
     105   9.0294929133858275E+01       23   6.6280000000000006E-01   5.7357815121882905E-01   2.5197508437053229E-01   7.5340550226789173E-03
     105   9.0294929133858275E+01       24   6.9270000000000009E-01   4.4036289436575815E-01   2.1130077639744427E-01   6.3178932142835846E-03
     105   9.0294929133858275E+01       25   7.2260000000000002E-01   2.8120596248782392E-01   1.4683190702954876E-01   4.3902740201835089E-03
     105   9.0294929133858275E+01       26   7.5250000000000006E-01   1.4311697009890958E-01   8.1040878799570684E-02   2.4231222761071638E-03
     105   9.0294929133858275E+01       27   7.8240000000000010E-01   8.0076658922275723E-02   4.9018907540872951E-02   1.4656653354721016E-03
     105   9.0294929133858275E+01       28   8.1230000000000013E-01   5.4826401138801037E-02   3.6176174989472565E-02   1.0816676321852299E-03
     105   9.0294929133858275E+01       29   8.4220000000000006E-01   3.7805390768563908E-02   2.6815395428670633E-02   8.0178032331725208E-04
     105   9.0294929133858275E+01       30   8.7210000000000010E-01   4.8688809672457208E-02   3.7030683669276677E-02   1.1072174417113730E-03
     105   9.0294929133858275E+01       31   9.0200000000000014E-01   5.8916903319698767E-02   4.7935028208520206E-02   1.4332573434347544E-03
     105   9.0294929133858275E+01       32   9.3190000000000006E-01   5.3549028398985010E-02   4.6503990240636672E-02   1.3904693081950368E-03
     105   9.0294929133858275E+01       33   9.6180000000000010E-01   4.1654573182274814E-02   3.8532947810519524E-02   1.1521351395345340E-03
     105   9.0294929133858275E+01       34   9.9170000000000014E-01   2.9850986674575124E-02   2.9357516730249198E-02   8.7778975023445119E-04
     105   9.0294929133858275E+01       35   1.0216000000000001E+00   1.8123423794745998E-02   1.8914811367284703E-02   5.6555285988181276E-04
     105   9.0294929133858275E+01       36   1.0515000000000001E+00   1.4480342187883606E-02   1.6010222920803435E-02   4.7870566533202277E-04
     105   9.0294929133858275E+01       37   1.0814000000000001E+00   1.9263161000984415E-02   2.2526840546210767E-02   6.7355253233170205E-04
     105   9.0294929133858275E+01       38   1.1113000000000002E+00   1.6804195577224713E-02   2.0752974678224970E-02   6.2051394287892668E-04
     105   9.0294929133858275E+01       39   1.1412000000000002E+00   1.2128512306408563E-02   1.5795415668136630E-02   4.7228292847728532E-04
     105   9.0294929133858275E+01       40   1.1711000000000000E+00   1.2932351835481170E-02   1.7736399949360424E-02   5.3031835848587673E-04
     105   9.0294929133858275E+01       41   1.2010000000000001E+00   8.8578725864728071E-03   1.2776604276600967E-02   3.8202046787036897E-04
     105   9.0294929133858275E+01       42   1.2309000000000001E+00   8.4003385056880767E-03   1.2727477278981277E-02   3.8055157064154023E-04
     105   9.0294929133858275E+01       43   1.2608000000000001E+00   7.3819287208348782E-03   1.1734436729933040E-02   3.5085965822499797E-04
     105   9.0294929133858275E+01       44   1.2907000000000002E+00   4.7123311988533732E-03   7.8503031271993165E-03   2.3472406350325960E-04
     105   9.0294929133858275E+01       45   1.3206000000000002E+00   5.4439142988495183E-03   9.4941013943739289E-03   2.8387363169178056E-04
     105   9.0294929133858275E+01       46   1.3505000000000000E+00   3.8713273960599565E-03   7.0607214391358005E-03   2.1111557103016047E-04
     105   9.0294929133858275E+01       47   1.3804000000000001E+00   4.0411546670614624E-03   7.7004370292890322E-03   2.3024306717574211E-04
     105   9.0294929133858275E+01       48   1.4103000000000001E+00   3.1161325838152242E-03   6.1978197185008884E-03   1.8531480958317660E-04
     105   9.0294929133858275E+01       49   1.4402000000000001E+00   3.1207230272057951E-03   6.4729289305065288E-03   1.9354057502214526E-04
     105   9.0294929133858275E+01       50   1.4701000000000002E+00   2.4997579640170455E-03   5.4024619382834352E-03   1.6153361195467476E-04
 
     106   9.1163149606299214E+01        1   5.0000000000000001E-03   1.4929598455748450E+02   3.7323996139371129E-03   1.1159874845671969E-04
     106   9.1163149606299214E+01        2   3.4900000000000000E-02   2.0257500957116747E+01   2.4673838740777769E-02   7.3774777834925546E-04
     106   9.1163149606299214E+01        3   6.4800000000000010E-02   9.9714910418811389E+00   4.1870689744500589E-02   1.2519336233605678E-03
     106   9.1163149606299214E+01        4   9.4700000000000006E-02   6.5823392583987692E+00   5.9031010879853428E-02   1.7650272253076178E-03
     106   9.1163149606299214E+01        5   1.2460000000000002E-01   5.5467363192799191E+00   8.6113968834631849E-02   2.5748076681554929E-03
     106   9.1163149606299214E+01        6   1.5450000000000003E-01   5.5145058959750877E+00   1.3163263436339939E-01   3.9358157674656427E-03
     106   9.1163149606299214E+01        7   1.8440000000000001E-01   5.5526057289033792E+00   1.8880725153796402E-01   5.6453368209851253E-03
     106   9.1163149606299214E+01        8   2.1430000000000002E-01   5.1184295135474978E+00   2.3506126501061694E-01   7.0283318238174479E-03
     106   9.1163149606299214E+01        9   2.4420000000000003E-01   4.2527043752721472E+00   2.5360424174140417E-01   7.5827668280679860E-03
     106   9.1163149606299214E+01       10   2.7410000000000001E-01   3.1090563346078310E+00   2.3358592075471740E-01   6.9842190305660521E-03
     106   9.1163149606299214E+01       11   3.0400000000000005E-01   1.9333713933484391E+00   1.7867445068768939E-01   5.3423660755619138E-03
     106   9.1163149606299214E+01       12   3.3390000000000003E-01   1.2273307798212176E+00   1.3683413905095151E-01   4.0913407576234516E-03
     106   9.1163149606299214E+01       13   3.6380000000000001E-01   1.2012340956299346E+00   1.5898386109962392E-01   4.7536174468787561E-03
     106   9.1163149606299214E+01       14   3.9370000000000005E-01   9.5370046464127367E-01   1.4782327637225343E-01   4.4199159635303787E-03
     106   9.1163149606299214E+01       15   4.2360000000000003E-01   6.0166950950693898E-01   1.0796174771061626E-01   3.2280562565474269E-03
     106   9.1163149606299214E+01       16   4.5350000000000007E-01   6.5033746873195097E-01   1.3374986707871772E-01   3.9991210256536611E-03
     106   9.1163149606299214E+01       17   4.8340000000000005E-01   8.1843900911089340E-01   1.9124919377983315E-01   5.7183508940170128E-03
     106   9.1163149606299214E+01       18   5.1330000000000009E-01   7.6634599634734157E-01   2.0191445978154898E-01   6.0372423474683162E-03
     106   9.1163149606299214E+01       19   5.4320000000000002E-01   6.6583874236706830E-01   1.9646653415657958E-01   5.8743493712817311E-03
     106   9.1163149606299214E+01       20   5.7310000000000005E-01   5.3935346021806274E-01   1.7714719754001193E-01   5.2967012064463583E-03
     106   9.1163149606299214E+01       21   6.0300000000000009E-01   6.3226942343317527E-01   2.2989885278511352E-01   6.8739756982748954E-03
     106   9.1163149606299214E+01       22   6.3290000000000002E-01   5.8623378267115345E-01   2.3482321681017349E-01   7.0212141826241888E-03
     106   9.1163149606299214E+01       23   6.6280000000000006E-01   5.6982830343201318E-01   2.5032776183836858E-01   7.4848000789672223E-03
     106   9.1163149606299214E+01       24   6.9270000000000009E-01   4.2624711591708747E-01   2.0452755598350750E-01   6.1153739239068758E-03
     106   9.1163149606299214E+01       25   7.2260000000000002E-01   2.7873312068181694E-01   1.4554071080118244E-01   4.3516672529553563E-03
     106   9.1163149606299214E+01       26   7.5250000000000006E-01   1.3638707840754052E-01   7.7230035567509889E-02   2.3091780634685462E-03
     106   9.1163149606299214E+01       27   7.8240000000000010E-01   7.8468634442243168E-02   4.8034555741346900E-02   1.4362332166662727E-03
     106   9.1163149606299214E+01       28   8.1230000000000013E-01   4.8469025344719849E-02   3.1981379518249205E-02   9.5624324759565141E-04
     106   9.1163149606299214E+01       29   8.4220000000000006E-01   3.6531665770726029E-02   2.5911941217775226E-02   7.7476704241147938E-04
     106   9.1163149606299214E+01       30   8.7210000000000010E-01   4.9106432901973904E-02   3.7348310528696964E-02   1.1167144848080394E-03
     106   9.1163149606299214E+01       31   9.0200000000000014E-01   5.7661586256193727E-02   4.6913697224384251E-02   1.4027195470090895E-03
     106   9.1163149606299214E+01       32   9.3190000000000006E-01   5.7218390596354071E-02   4.9690602377544212E-02   1.4857490110885723E-03
     106   9.1163149606299214E+01       33   9.6180000000000010E-01   4.3902751579277602E-02   4.0612646009835343E-02   1.2143181156940770E-03
     106   9.1163149606299214E+01       34   9.9170000000000014E-01   2.7460731144302829E-02   2.7006774777075939E-02   8.0750256583457080E-04
     106   9.1163149606299214E+01       35   1.0216000000000001E+00   1.6971038408816724E-02   1.7712105275757627E-02   5.2959194774515313E-04
     106   9.1163149606299214E+01       36   1.0515000000000001E+00   1.4349359742546461E-02   1.5865401885405916E-02   4.7437551637363702E-04
     106   9.1163149606299214E+01       37   1.0814000000000001E+00   1.8045023583265249E-02   2.1102319027082608E-02   6.3095933890977009E-04
     106   9.1163149606299214E+01       38   1.1113000000000002E+00   1.5388957526167465E-02   1.9005173106749679E-02   5.6825467589181552E-04
     106   9.1163149606299214E+01       39   1.1412000000000002E+00   1.3696792019671822E-02   1.7837845055111837E-02   5.3335156714784404E-04
     106   9.1163149606299214E+01       40   1.1711000000000000E+00   1.2282506523343411E-02   1.6845153213428776E-02   5.0367008108152052E-04
     106   9.1163149606299214E+01       41   1.2010000000000001E+00   8.6495685227930413E-03   1.2476146286845208E-02   3.7303677397667180E-04
     106   9.1163149606299214E+01       42   1.2309000000000001E+00   9.3368416990150024E-03   1.4146387136803195E-02   4.2297697539041561E-04
     106   9.1163149606299214E+01       43   1.2608000000000001E+00   7.0972293407768946E-03   1.1281873857995185E-02   3.3732802835405610E-04
     106   9.1163149606299214E+01       44   1.2907000000000002E+00   4.6588061020164055E-03   7.7611353210007344E-03   2.3205794609792202E-04
     106   9.1163149606299214E+01       45   1.3206000000000002E+00   5.4515359420498335E-03   9.5073934209127797E-03   2.8427106328529216E-04
     106   9.1163149606299214E+01       46   1.3505000000000000E+00   3.7562822441944573E-03   6.8508963101446222E-03   2.0484179967332424E-04
     106   9.1163149606299214E+01       47   1.3804000000000001E+00   4.0404678836858682E-03   7.6991283607098192E-03   2.3020393798522365E-04
     106   9.1163149606299214E+01       48   1.4103000000000001E+00   2.9703309244367127E-03   5.9078280781644857E-03   1.7664405953711815E-04
     106   9.1163149606299214E+01       49   1.4402000000000001E+00   3.1432329484140584E-03   6.5196184697389964E-03   1.9493659224519605E-04
     106   9.1163149606299214E+01       50   1.4701000000000002E+00   2.4881749433287295E-03   5.3774287833541403E-03   1.6078512062228884E-04
 
     107   9.2031370078740167E+01        1   5.0000000000000001E-03   1.4640208552582496E+02   3.6600521381456243E-03   1.0943555893055420E-04
     107   9.2031370078740167E+01        2   3.4900000000000000E-02   1.9879123043831516E+01   2.4212970658617227E-02   7.2396782269265527E-04
     107   9.2031370078740167E+01        3   6.4800000000000010E-02   9.7998594624244255E+00   4.1150001877098670E-02   1.2303850561252506E-03
     107   9.2031370078740167E+01        4   9.4700000000000006E-02   6.4765818813571485E+00   5.8082569204380242E-02   1.7366688192109697E-03
     107   9.2031370078740167E+01        5   1.2460000000000002E-01   5.4557880330032340E+00   8.4701982138460516E-02   2.5325892659399702E-03
     107   9.2031370078740167E+01        6   1.5450000000000003E-01   5.4280432082644499E+00   1.2956874839207452E-01   3.8741055769230290E-03
     107   9.2031370078740167E+01        7   1.8440000000000001E-01   5.4869743177995876E+00   1.8657556303889380E-01   5.5786093348629256E-03
     107   9.2031370078740167E+01        8   2.1430000000000002E-01   5.0887073304281651E+00   2.3369628890917499E-01   6.9875190383843332E-03
     107   9.2031370078740167E+01        9   2.4420000000000003E-01   4.2444701911013727E+00   2.5311320736687054E-01   7.5680849002694311E-03
     107   9.2031370078740167E+01       10   2.7410000000000001E-01   3.0858174230763531E+00   2.3183996250783911E-01   6.9320148789843907E-03
     107   9.2031370078740167E+01       11   3.0400000000000005E-01   1.8973236412490087E+00   1.7534306162966842E-01   5.2427575427270870E-03
     107   9.2031370078740167E+01       12   3.3390000000000003E-01   1.2020016245824967E+00   1.3401021154341916E-01   4.0069053251482337E-03
     107   9.2031370078740167E+01       13   3.6380000000000001E-01   1.1556994702844137E+00   1.5295733339990908E-01   4.5734242686572826E-03
     107   9.2031370078740167E+01       14   3.9370000000000005E-01   9.0418766714102528E-01   1.4014880810868216E-01   4.1904493624495978E-03
     107   9.2031370078740167E+01       15   4.2360000000000003E-01   5.8099421069974866E-01   1.0425183494556239E-01   3.1171298648723163E-03
     107   9.2031370078740167E+01       16   4.5350000000000007E-01   6.0306958950600043E-01   1.2402864868438047E-01   3.7084565956629770E-03
     107   9.2031370078740167E+01       17   4.8340000000000005E-01   7.6250728047015237E-01   1.7817931576793997E-01   5.3275615414614058E-03
     107   9.2031370078740167E+01       18   5.1330000000000009E-01   7.3539267335020608E-01   1.9375897450309823E-01   5.7933933376426387E-03
     107   9.2031370078740167E+01       19   5.4320000000000002E-01   6.4547027376698851E-01   1.9045648671219595E-01   5.6946489526946602E-03
     107   9.2031370078740167E+01       20   5.7310000000000005E-01   5.5713388351413284E-01   1.8298706395470130E-01   5.4713132122455703E-03
     107   9.2031370078740167E+01       21   6.0300000000000009E-01   6.5304870011626992E-01   2.3745438480057687E-01   7.0998861055372496E-03
     107   9.2031370078740167E+01       22   6.3290000000000002E-01   5.8645738832800465E-01   2.3491278483097144E-01   7.0238922664460478E-03
     107   9.2031370078740167E+01       23   6.6280000000000006E-01   5.6214658480147550E-01   2.4695315334617385E-01   7.3838992850505996E-03
     107   9.2031370078740167E+01       24   6.9270000000000009E-01   4.1708063929254779E-01   2.0012917534704655E-01   5.9838623428766936E-03
     107   9.2031370078740167E+01       25   7.2260000000000002E-01   2.7975823017650514E-01   1.4607597250291710E-01   4.3676715778372217E-03
     107   9.2031370078740167E+01       26   7.5250000000000006E-01   1.3549922240764722E-01   7.6727281558470306E-02   2.2941457185982625E-03
     107   9.2031370078740167E+01       27   7.8240000000000010E-01   7.8308990317008872E-02   4.7936829628399312E-02   1.4333112058891398E-03
     107   9.2031370078740167E+01       28   8.1230000000000013E-01   4.8630875100814340E-02   3.2088173051599216E-02   9.5943637424281678E-04
     107   9.2031370078740167E+01       29   8.4220000000000006E-01   3.7697726998172129E-02   2.6739029425894175E-02   7.9949697983423601E-04
     107   9.2031370078740167E+01       30   8.7210000000000010E-01   5.1219332778115460E-02   3.8955294298984387E-02   1.1647632995396334E-03
     107   9.2031370078740167E+01       31   9.0200000000000014E-01   5.7230796387407017E-02   4.6563204863979912E-02   1.3922398254329997E-03
     107   9.2031370078740167E+01       32   9.3190000000000006E-01   6.0451101014546399E-02   5.2498009686941252E-02   1.5696904896395439E-03
     107   9.2031370078740167E+01       33   9.6180000000000010E-01   4.3752847524630385E-02   4.0473975878970475E-02   1.2101718787812174E-03
     107   9.2031370078740167E+01       34   9.9170000000000014E-01   2.4730022619408897E-02   2.4321207895184965E-02   7.2720411606603066E-04
     107   9.2031370078740167E+01       35   1.0216000000000001E+00   1.6590922370288634E-02   1.7315390877426187E-02   5.1773018723504311E-04
     107   9.2031370078740167E+01       36   1.0515000000000001E+00   1.4398275494857804E-02   1.5919485697009395E-02   4.7599262234058104E-04
     107   9.2031370078740167E+01       37   1.0814000000000001E+00   1.7131631049464968E-02   2.0034174086386383E-02   5.9902180518295301E-04
     107   9.2031370078740167E+01       38   1.1113000000000002E+00   1.4430549519370799E-02   1.7821551016358357E-02   5.3286437538911495E-04
     107   9.2031370078740167E+01       39   1.1412000000000002E+00   1.5717041633176995E-02   2.0468891764925154E-02   6.1201986377126219E-04
     107   9.2031370078740167E+01       40   1.1711000000000000E+00   1.0573997024930188E-02   1.4501974790305506E-02   4.3360904623013474E-04
     107   9.2031370078740167E+01       41   1.2010000000000001E+00   9.1208204276341139E-03   1.3155880505639875E-02   3.9336082711863236E-04
     107   9.2031370078740167E+01       42   1.2309000000000001E+00   9.2721644094132371E-03   1.4048393617456901E-02   4.2004696916196144E-04
     107   9.2031370078740167E+01       43   1.2608000000000001E+00   7.5017546449622236E-03   1.1924914012829246E-02   3.5655492898359456E-04
     107   9.2031370078740167E+01       44   1.2907000000000002E+00   4.8001921528010071E-03   7.9966712605982725E-03   2.3910047069188839E-04
     107   9.2031370078740167E+01       45   1.3206000000000002E+00   5.1679028944397300E-03   9.0127418219016243E-03   2.6948098047485864E-04
     107   9.2031370078740167E+01       46   1.3505000000000000E+00   3.7653906672369701E-03   6.8675087097878149E-03   2.0533851042265570E-04
     107   9.2031370078740167E+01       47   1.3804000000000001E+00   3.8081554322056603E-03   7.2564560179944849E-03   2.1696803493803516E-04
     107   9.2031370078740167E+01       48   1.4103000000000001E+00   2.9872885511311358E-03   5.9415558834740381E-03   1.7765252091587379E-04
     107   9.2031370078740167E+01       49   1.4402000000000001E+00   3.1295876388180020E-03   6.4913156955164744E-03   1.9409033929594261E-04
     107   9.2031370078740167E+01       50   1.4701000000000002E+00   2.4747323266043164E-03   5.3483766806106132E-03   1.5991646275025738E-04
 
     108   9.2899590551181106E+01        1   5.0000000000000001E-03   1.4248989747619930E+02   3.5622474369049828E-03   1.0651119836345901E-04
     108   9.2899590551181106E+01        2   3.4900000000000000E-02   1.9356054646872003E+01   2.3575868120436570E-02   7.0491845680105360E-04
     108   9.2899590551181106E+01        3   6.4800000000000010E-02   9.5472937594891150E+00   4.0089468387845183E-02   1.1986751047965711E-03
     108   9.2899590551181106E+01        4   9.4700000000000006E-02   6.3100133772102049E+00   5.6588767868025074E-02   1.6920041592539501E-03
     108   9.2899590551181106E+01        5   1.2460000000000002E-01   5.3162400922205881E+00   8.2535478030139414E-02   2.4678107931011689E-03
     108   9.2899590551181106E+01        6   1.5450000000000003E-01   5.3083535628111553E+00   1.2671172663269303E-01   3.7886806263175226E-03
     108   9.2899590551181106E+01        7   1.8440000000000001E-01   5.4041304686083294E+00   1.8375859381105775E-01   5.4943819549506277E-03
     108   9.2899590551181106E+01        8   2.1430000000000002E-01   5.0492782061023593E+00   2.3188552648336577E-01   6.9333772418526379E-03
     108   9.2899590551181106E+01        9   2.4420000000000003E-01   4.2213194533114091E+00   2.5173264460376943E-01   7.5268060736527077E-03
     108   9.2899590551181106E+01       10   2.7410000000000001E-01   3.0419992224492365E+00   2.2854786560198134E-01   6.8335811814992436E-03
     108   9.2899590551181106E+01       11   3.0400000000000005E-01   1.8487994051115884E+00   1.7085864582279259E-01   5.1086735101014994E-03
     108   9.2899590551181106E+01       12   3.3390000000000003E-01   1.1705128362879902E+00   1.3049955141260738E-01   3.9019365872369617E-03
     108   9.2899590551181106E+01       13   3.6380000000000001E-01   1.1089590388611312E+00   1.4677121673524784E-01   4.3884593803839118E-03
     108   9.2899590551181106E+01       14   3.9370000000000005E-01   8.6633144196315137E-01   1.3428110494154150E-01   4.0150050377520917E-03
     108   9.2899590551181106E+01       15   4.2360000000000003E-01   5.6372718360577023E-01   1.0115349209558126E-01   3.0244894136578805E-03
     108   9.2899590551181106E+01       16   4.5350000000000007E-01   5.5841993435835280E-01   1.1484590014499119E-01   3.4338924143352371E-03
     108   9.2899590551181106E+01       17   4.8340000000000005E-01   7.2992792695046871E-01   1.7056631708978992E-01   5.0999328809847198E-03
     108   9.2899590551181106E+01       18   5.1330000000000009E-01   7.2865468352568530E-01   1.9198366989928184E-01   5.7403117299885285E-03
     108   9.2899590551181106E+01       19   5.4320000000000002E-01   6.4942616132286712E-01   1.9162373557917184E-01   5.7295496938172394E-03
     108   9.2899590551181106E+01       20   5.7310000000000005E-01   5.8991062126955796E-01   1.9375237402711643E-01   5.7931959834107826E-03
     108   9.2899590551181106E+01       21   6.0300000000000009E-01   6.6680482488400450E-01   2.4245623557124807E-01   7.2494414435803189E-03
     108   9.2899590551181106E+01       22   6.3290000000000002E-01   5.8284173839239062E-01   2.3346449137904554E-01   6.9805882922334634E-03
     108   9.2899590551181106E+01       23   6.6280000000000006E-01   5.5362699723466402E-01   2.4321046581285732E-01   7.2719929278044354E-03
     108   9.2899590551181106E+01       24   6.9270000000000009E-01   4.1663992521963561E-01   1.9991770606349180E-01   5.9775394112984064E-03
     108   9.2899590551181106E+01       25   7.2260000000000002E-01   2.8421887440201066E-01   1.4840510127535442E-01   4.4373125281330977E-03
     108   9.2899590551181106E+01       26   7.5250000000000006E-01   1.4041113922551351E-01   7.9508685156067210E-02   2.3773096861664099E-03
     108   9.2899590551181106E+01       27   7.8240000000000010E-01   7.9508634040088899E-02   4.8671191245568256E-02   1.4552686182424911E-03
     108   9.2899590551181106E+01       28   8.1230000000000013E-01   5.4996190977030388E-02   3.6288207637460330E-02   1.0850174083600640E-03
     108   9.2899590551181106E+01       29   8.4220000000000006E-01   4.0274996885811064E-02   2.8567089122103179E-02   8.5415596475088519E-04
     108   9.2899590551181106E+01       30   8.7210000000000010E-01   5.3604355811954045E-02   4.0769243625414037E-02   1.2190003843998800E-03
     108   9.2899590551181106E+01       31   9.0200000000000014E-01   5.7256956275234319E-02   4.6584488653355759E-02   1.3928762107353375E-03
     108   9.2899590551181106E+01       32   9.3190000000000006E-01   6.0917035147097801E-02   5.2902644411431617E-02   1.5817890679018056E-03
     108   9.2899590551181106E+01       33   9.6180000000000010E-01   4.1497474883184643E-02   3.8387622577357880E-02   1.1477899150630008E-03
     108   9.2899590551181106E+01       34   9.9170000000000014E-01   2.3775637876302588E-02   2.3382600191249270E-02   6.9913974571835327E-04
     108   9.2899590551181106E+01       35   1.0216000000000001E+00   1.7166106666123077E-02   1.7915691492825743E-02   5.3567917563548983E-04
     108   9.2899590551181106E+01       36   1.0515000000000001E+00   1.4706650368072286E-02   1.6260441069422454E-02   4.8618718797573151E-04
     108   9.2899590551181106E+01       37   1.0814000000000001E+00   1.7396961734462344E-02   2.0344458677406897E-02   6.0829931445446634E-04
     108   9.2899590551181106E+01       38   1.1113000000000002E+00   1.4392746787749617E-02   1.7774865108157824E-02   5.3146846673391909E-04
     108   9.2899590551181106E+01       39   1.1412000000000002E+00   1.6701634866218722E-02   2.1751164395486040E-02   6.5035981542503271E-04
     108   9.2899590551181106E+01       40   1.1711000000000000E+00   9.3054562426675320E-03   1.2762202554558264E-02   3.8158985638129216E-04
     108   9.2899590551181106E+01       41   1.2010000000000001E+00   9.6860864337993905E-03   1.3971220758198677E-02   4.1773950067014053E-04
     108   9.2899590551181106E+01       42   1.2309000000000001E+00   8.3748728205260223E-03   1.2688893842245450E-02   3.7939792588313905E-04
     108   9.2899590551181106E+01       43   1.2608000000000001E+00   8.1527227742750341E-03   1.2959703783294562E-02   3.8749514312050749E-04
     108   9.2899590551181106E+01       44   1.2907000000000002E+00   4.9759554112647651E-03   8.2894764135765936E-03   2.4785534476594019E-04
     108   9.2899590551181106E+01       45   1.3206000000000002E+00   4.9321539687761330E-03   8.6015993826575078E-03   2.5718782154145957E-04
     108   9.2899590551181106E+01       46   1.3505000000000000E+00   3.8243365751871733E-03   6.9750172187392698E-03   2.0855301484030422E-04
     108   9.2899590551181106E+01       47   1.3804000000000001E+00   3.6371311604686683E-03   6.9305685567386758E-03   2.0722399984648645E-04
     108   9.2899590551181106E+01       48   1.4103000000000001E+00   3.1033348687515595E-03   6.1723657531640779E-03   1.8455373601960597E-04
     108   9.2899590551181106E+01       49   1.4402000000000001E+00   3.1098669154580581E-03   6.4504114436318106E-03   1.9286730216459117E-04
     108   9.2899590551181106E+01       50   1.4701000000000002E+00   2.4687618433502931E-03   5.3354733079652127E-03   1.5953065190815990E-04
 
     109   9.3767811023622045E+01        1   5.0000000000000001E-03   1.3825996003536352E+02   3.4564990008840880E-03   1.0334932012643425E-04
     109   9.3767811023622045E+01        2   3.4900000000000000E-02   1.8783983514811052E+01   2.2879079760875009E-02   6.8408448485016290E-04
     109   9.3767811023622045E+01        3   6.4800000000000010E-02   9.2624585625231877E+00   3.8893434002377374E-02   1.1629136766710838E-03
     109   9.3767811023622045E+01        4   9.4700000000000006E-02   6.1160566258205957E+00   5.4849346265455436E-02   1.6399954533371178E-03
     109   9.3767811023622045E+01        5   1.2460000000000002E-01   5.1551010265628383E+00   8.0033768253552337E-02   2.3930096707812155E-03
     109   9.3767811023622045E+01        6   1.5450000000000003E-01   5.1764428939296634E+00   1.2356298598882459E-01   3.6945332810658562E-03
     109   9.3767811023622045E+01        7   1.8440000000000001E-01   5.3170137901170147E+00   1.8079633403031331E-01   5.4058103875063695E-03
     109   9.3767811023622045E+01        8   2.1430000000000002E-01   5.0045676474127738E+00   2.2983221687793148E-01   6.8719832846501532E-03
     109   9.3767811023622045E+01        9   2.4420000000000003E-01   4.1840795881417367E+00   2.4951189589059267E-01   7.4604056871287227E-03
     109   9.3767811023622045E+01       10   2.7410000000000001E-01   2.9825161067031360E+00   2.2407885093465307E-01   6.6999576429461281E-03
     109   9.3767811023622045E+01       11   3.0400000000000005E-01   1.7960201810351648E+00   1.6598100105054583E-01   4.9628319314113213E-03
     109   9.3767811023622045E+01       12   3.3390000000000003E-01   1.1407130672678332E+00   1.2717719870636759E-01   3.8025982413203920E-03
     109   9.3767811023622045E+01       13   3.6380000000000001E-01   1.0710065736120433E+00   1.4174819126044633E-01   4.2382709186873464E-03
     109   9.3767811023622045E+01       14   3.9370000000000005E-01   8.4721669469101957E-01   1.3131832503993271E-01   3.9264179186939887E-03
     109   9.3767811023622045E+01       15   4.2360000000000003E-01   5.5509879160040720E-01   9.9605239664450618E-02   2.9781966659670743E-03
     109   9.3767811023622045E+01       16   4.5350000000000007E-01   5.2815807158169459E-01   1.0862217735715241E-01   3.2478031029788577E-03
     109   9.3767811023622045E+01       17   4.8340000000000005E-01   7.2844493286244605E-01   1.7021977761579452E-01   5.0895713507122572E-03
     109   9.3767811023622045E+01       18   5.1330000000000009E-01   7.4741720733906325E-01   1.9692716132218160E-01   5.8881221235332314E-03
     109   9.3767811023622045E+01       19   5.4320000000000002E-01   6.7464036793540105E-01   1.9906359671891538E-01   5.9520015418955711E-03
     109   9.3767811023622045E+01       20   5.7310000000000005E-01   6.2476421168701390E-01   2.0519981308528706E-01   6.1354744112500845E-03
     109   9.3767811023622045E+01       21   6.0300000000000009E-01   6.6645924397395828E-01   2.4233057924212709E-01   7.2456843193396013E-03
     109   9.3767811023622045E+01       22   6.3290000000000002E-01   5.7626829886404485E-01   2.3083141859958209E-01   6.9018594161275064E-03
     109   9.3767811023622045E+01       23   6.6280000000000006E-01   5.4819089910720453E-01   2.4082236703084756E-01   7.2005887742223433E-03
     109   9.3767811023622045E+01       24   6.9270000000000009E-01   4.2547332138346411E-01   2.0415626360665498E-01   6.1042722818389853E-03
     109   9.3767811023622045E+01       25   7.2260000000000002E-01   2.9021429668852233E-01   1.5153561557877743E-01   4.5309149058054459E-03
     109   9.3767811023622045E+01       26   7.5250000000000006E-01   1.4846600412481803E-01   8.4069802748204012E-02   2.5136871021713006E-03
     109   9.3767811023622045E+01       27   7.8240000000000010E-01   8.1188785769033753E-02   4.9699695723205435E-02   1.4860209021238429E-03
     109   9.3767811023622045E+01       28   8.1230000000000013E-01   6.4267604300415199E-02   4.2405776250752522E-02   1.2679327098975006E-03
     109   9.3767811023622045E+01       29   8.4220000000000006E-01   4.2356379399975483E-02   3.0043415487761311E-02   8.9829812308406341E-04
     109   9.3767811023622045E+01       30   8.7210000000000010E-01   5.4851420326434724E-02   4.1717709029714882E-02   1.2473594999884753E-03
     109   9.3767811023622045E+01       31   9.0200000000000014E-01   5.7357908872941545E-02   4.6666624090660747E-02   1.3953320603107566E-03
     109   9.3767811023622045E+01       32   9.3190000000000006E-01   5.8360502213102419E-02   5.0682455060346382E-02   1.5154054063043572E-03
     109   9.3767811023622045E+01       33   9.6180000000000010E-01   3.9050620461265832E-02   3.6124137285427030E-02   1.0801117048342683E-03
     109   9.3767811023622045E+01       34   9.9170000000000014E-01   2.5152397532427359E-02   2.4736600482055081E-02   7.3962435441344708E-04
     109   9.3767811023622045E+01       35   1.0216000000000001E+00   1.7828221250582595E-02   1.8606718343514437E-02   5.5634087847108180E-04
     109   9.3767811023622045E+01       36   1.0515000000000001E+00   1.5203350882563188E-02   1.6809619110845476E-02   5.0260761141427985E-04
     109   9.3767811023622045E+01       37   1.0814000000000001E+00   1.8513421767571321E-02   2.1650076023426994E-02   6.4733727310046726E-04
     109   9.3767811023622045E+01       38   1.1113000000000002E+00   1.5000447893401240E-02   1.8525368492836970E-02   5.5390851793582550E-04
     109   9.3767811023622045E+01       39   1.1412000000000002E+00   1.6279126332890873E-02   2.1200915713813696E-02   6.3390737984302971E-04
     109   9.3767811023622045E+01       40   1.1711000000000000E+00   9.5123142290513552E-03   1.3045903154874196E-02   3.9007250433073856E-04
     109   9.3767811023622045E+01       41   1.2010000000000001E+00   9.7320967601469358E-03   1.4037586098932704E-02   4.1972382435808792E-04
     109   9.3767811023622045E+01       42   1.2309000000000001E+00   7.5318099118624245E-03   1.1411556743567556E-02   3.4120554663266998E-04
     109   9.3767811023622045E+01       43   1.2608000000000001E+00   8.3701247467361291E-03   1.3305289576287540E-02   3.9782815833099754E-04
     109   9.3767811023622045E+01       44   1.2907000000000002E+00   5.0172178424534430E-03   8.3582157654869902E-03   2.4991065138806106E-04
     109   9.3767811023622045E+01       45   1.3206000000000002E+00   5.0680403247670347E-03   8.8385830622430325E-03   2.6427363356106671E-04
     109   9.3767811023622045E+01       46   1.3505000000000000E+00   3.9055085254736865E-03   7.1230627005623142E-03   2.1297957474681323E-04
     109   9.3767811023622045E+01       47   1.3804000000000001E+00   3.7387703057927147E-03   7.1242423709724908E-03   2.1301484689207752E-04
     109   9.3767811023622045E+01       48   1.4103000000000001E+00   3.1714745071213259E-03   6.3078918204736390E-03   1.8860596543216184E-04
     109   9.3767811023622045E+01       49   1.4402000000000001E+00   3.1722806902688698E-03   6.5798685999103514E-03   1.9673807113731954E-04
     109   9.3767811023622045E+01       50   1.4701000000000002E+00   2.4915185390480968E-03   5.3846549423946987E-03   1.6100118277760154E-04
 
     110   9.4636031496062998E+01        1   5.0000000000000001E-03   1.3455316172569951E+02   3.3638290431424879E-03   1.0057848838996040E-04
     110   9.4636031496062998E+01        2   3.4900000000000000E-02   1.8279417165929992E+01   2.2264512902274391E-02   6.6570893577800445E-04
     110   9.4636031496062998E+01        3   6.4800000000000010E-02   9.0050922221179661E+00   3.7812742444362238E-02   1.1306009990864313E-03
     110   9.4636031496062998E+01        4   9.4700000000000006E-02   5.9351135300420959E+00   5.3226632297635225E-02   1.5914763056992937E-03
     110   9.4636031496062998E+01        5   1.2460000000000002E-01   5.0037989751436367E+00   7.7684779696941000E-02   2.3227749129385365E-03
     110   9.4636031496062998E+01        6   1.5450000000000003E-01   5.0556742666875243E+00   1.2068020866439792E-01   3.6083382390654987E-03
     110   9.4636031496062998E+01        7   1.8440000000000001E-01   5.2394704501796818E+00   1.7815959992682182E-01   5.3269720378119733E-03
     110   9.4636031496062998E+01        8   2.1430000000000002E-01   4.9601900514054265E+00   2.2779419841386803E-01   6.8110465325746557E-03
     110   9.4636031496062998E+01        9   2.4420000000000003E-01   4.1366822419955360E+00   2.4668541961355475E-01   7.3758940464452886E-03
     110   9.4636031496062998E+01       10   2.7410000000000001E-01   2.9165155348040508E+00   2.1912017450741156E-01   6.5516932177716071E-03
     110   9.4636031496062998E+01       11   3.0400000000000005E-01   1.7498672759030593E+00   1.6171573416985718E-01   4.8353004516787307E-03
     110   9.4636031496062998E+01       12   3.3390000000000003E-01   1.1207053147791104E+00   1.2494655018752436E-01   3.7359018506069792E-03
     110   9.4636031496062998E+01       13   3.6380000000000001E-01   1.0493591129677879E+00   1.3888314031929647E-01   4.1526058955469649E-03
     110   9.4636031496062998E+01       14   3.9370000000000005E-01   8.5019828489158578E-01   1.3178047059672751E-01   3.9402360708421531E-03
     110   9.4636031496062998E+01       15   4.2360000000000003E-01   5.5877104158285340E-01   1.0026417703766081E-01   2.9978988934260590E-03
     110   9.4636031496062998E+01       16   4.5350000000000007E-01   5.1961539573059912E-01   1.0686527142059545E-01   3.1952716154758044E-03
     110   9.4636031496062998E+01       17   4.8340000000000005E-01   7.5701760759213321E-01   1.7689651338395201E-01   5.2892057501801662E-03
     110   9.4636031496062998E+01       18   5.1330000000000009E-01   7.8480753627455302E-01   2.0677864890618147E-01   6.1826816022948275E-03
     110   9.4636031496062998E+01       19   5.4320000000000002E-01   7.1052114484740858E-01   2.0965080265062025E-01   6.2685589992535467E-03
     110   9.4636031496062998E+01       20   5.7310000000000005E-01   6.4828447482170048E-01   2.1292489321739344E-01   6.3664543072000654E-03
     110   9.4636031496062998E+01       21   6.0300000000000009E-01   6.5091361750542598E-01   2.3667804954753052E-01   7.0766736814711646E-03
     110   9.4636031496062998E+01       22   6.3290000000000002E-01   5.7034033186916300E-01   2.2845689785371176E-01   6.8308612458259834E-03
     110   9.4636031496062998E+01       23   6.6280000000000006E-01   5.4872918438079687E-01   2.4105883781855211E-01   7.2076592507747100E-03
     110   9.4636031496062998E+01       24   6.9270000000000009E-01   4.4030618989874004E-01   2.1127356770647726E-01   6.3170796744236712E-03
     110   9.4636031496062998E+01       25   7.2260000000000002E-01   2.9464721344278999E-01   1.5385026643103503E-01   4.6001229662879480E-03
     110   9.4636031496062998E+01       26   7.5250000000000006E-01   1.5579720597901825E-01   8.8221141618156473E-02   2.6378121343828792E-03
     110   9.4636031496062998E+01       27   7.8240000000000010E-01   8.2214642105295097E-02   5.0327673433242300E-02   1.5047974356539450E-03
     110   9.4636031496062998E+01       28   8.1230000000000013E-01   7.1893299751846995E-02   4.7437448717617896E-02   1.4183797166567754E-03
     110   9.4636031496062998E+01       29   8.4220000000000006E-01   4.2556058802873283E-02   3.0185048255967420E-02   9.0253294285342603E-04
     110   9.4636031496062998E+01       30   8.7210000000000010E-01   5.4559603858413158E-02   4.1495765560784582E-02   1.2407233902674592E-03
     110   9.4636031496062998E+01       31   9.0200000000000014E-01   5.7723952706666574E-02   4.6964438817954764E-02   1.4042367206568477E-03
     110   9.4636031496062998E+01       32   9.3190000000000006E-01   5.4858147000436279E-02   4.7640878070087558E-02   1.4244622542956182E-03
     110   9.4636031496062998E+01       33   9.6180000000000010E-01   3.8416793755239799E-02   3.5537810034458883E-02   1.0625805200303209E-03
     110   9.4636031496062998E+01       34   9.9170000000000014E-01   2.7491308011387425E-02   2.7036846174607304E-02   8.0840170062075861E-04
     110   9.4636031496062998E+01       35   1.0216000000000001E+00   1.7662669874653092E-02   1.8433937908494825E-02   5.5117474346399542E-04
     110   9.4636031496062998E+01       36   1.0515000000000001E+00   1.5663768137444925E-02   1.7318680484644293E-02   5.1782854649086451E-04
     110   9.4636031496062998E+01       37   1.0814000000000001E+00   1.9371973178908215E-02   2.2654088331838997E-02   6.7735724112198616E-04
     110   9.4636031496062998E+01       38   1.1113000000000002E+00   1.5748356250058472E-02   1.9449026106556778E-02   5.8152588058604782E-04
     110   9.4636031496062998E+01       39   1.1412000000000002E+00   1.5038049965740062E-02   1.9584615494974009E-02   5.8558000329972306E-04
     110   9.4636031496062998E+01       40   1.1711000000000000E+00   1.0978017104084666E-02   1.5056078313208109E-02   4.5017674156492258E-04
     110   9.4636031496062998E+01       41   1.2010000000000001E+00   9.2721959189858722E-03   1.3374224665741143E-02   3.9988931750566028E-04
     110   9.4636031496062998E+01       42   1.2309000000000001E+00   7.4761026125949714E-03   1.1327153789422336E-02   3.3868189830372792E-04
     110   9.4636031496062998E+01       43   1.2608000000000001E+00   7.9425791678765616E-03   1.2625656009773939E-02   3.7750711469224086E-04
     110   9.4636031496062998E+01       44   1.2907000000000002E+00   4.9206143125249541E-03   8.1972833180222124E-03   2.4509877120886420E-04
     110   9.4636031496062998E+01       45   1.3206000000000002E+00   5.4008428259327201E-03   9.4189854192448692E-03   2.8162766403542165E-04
     110   9.4636031496062998E+01       46   1.3505000000000000E+00   3.9958261411909644E-03   7.2877885065676757E-03   2.1790487634637355E-04
     110   9.4636031496062998E+01       47   1.3804000000000001E+00   4.0103147529080754E-03   7.6416714445757105E-03   2.2848597619281379E-04
     110   9.4636031496062998E+01       48   1.4103000000000001E+00   3.1404933795560535E-03   6.2462720279388992E-03   1.8676353363537311E-04
     110   9.4636031496062998E+01       49   1.4402000000000001E+00   3.2404488311100522E-03   6.7212613243344778E-03   2.0096571359760093E-04
     110   9.4636031496062998E+01       50   1.4701000000000002E+00   2.5236623233883750E-03   5.4541238965696397E-03   1.6307830450743225E-04
 
     111   9.5504251968503937E+01        1   5.0000000000000001E-03   1.3215066714605433E+02   3.3037666786513583E-03   9.8782623691675634E-05
     111   9.5504251968503937E+01        2   3.4900000000000000E-02   1.7950871272065935E+01   2.1864340718089032E-02   6.5374378747086220E-04
     111   9.5504251968503937E+01        3   6.4800000000000010E-02   8.8308070368604206E+00   3.7080911980058390E-02   1.1087192682037461E-03
     111   9.5504251968503937E+01        4   9.4700000000000006E-02   5.8043642747054678E+00   5.2054061208343369E-02   1.5564164301294671E-03
     111   9.5504251968503937E+01        5   1.2460000000000002E-01   4.8906438343621970E+00   7.5928028031486627E-02   2.2702480381414508E-03
     111   9.5504251968503937E+01        6   1.5450000000000003E-01   4.9666221263826120E+00   1.1855451181228459E-01   3.5447799031873097E-03
     111   9.5504251968503937E+01        7   1.8440000000000001E-01   5.1834106743014132E+00   1.7625337918611372E-01   5.2699760376648018E-03
     111   9.5504251968503937E+01        8   2.1430000000000002E-01   4.9222037043957085E+00   2.2604969480048370E-01   6.7588858745344640E-03
     111   9.5504251968503937E+01        9   2.4420000000000003E-01   4.0862351062376003E+00   2.4367707328073487E-01   7.2859444910939744E-03
     111   9.5504251968503937E+01       10   2.7410000000000001E-01   2.8559254764220889E+00   2.1456799434322746E-01   6.4155830308625025E-03
     111   9.5504251968503937E+01       11   3.0400000000000005E-01   1.7210949570553518E+00   1.5905671155122744E-01   4.7557956753817012E-03
     111   9.5504251968503937E+01       12   3.3390000000000003E-01   1.1164991443461236E+00   1.2447760756882531E-01   3.7218804663078776E-03
     111   9.5504251968503937E+01       13   3.6380000000000001E-01   1.0473593867016058E+00   1.3861847566808769E-01   4.1446924224758227E-03
     111   9.5504251968503937E+01       14   3.9370000000000005E-01   8.7397791153295445E-01   1.3546630535445542E-01   4.0504425300982175E-03
     111   9.5504251968503937E+01       15   4.2360000000000003E-01   5.7509805454950313E-01   1.0319384661027703E-01   3.0854960136472839E-03
     111   9.5504251968503937E+01       16   4.5350000000000007E-01   5.3362413342747295E-01   1.0974633993499434E-01   3.2814155640563318E-03
     111   9.5504251968503937E+01       17   4.8340000000000005E-01   8.0592568591204516E-01   1.8832513597388131E-01   5.6309215656190521E-03
     111   9.5504251968503937E+01       18   5.1330000000000009E-01   8.2769815708000205E-01   2.1807933628617049E-01   6.5205721549564987E-03
     111   9.5504251968503937E+01       19   5.4320000000000002E-01   7.4325399120034485E-01   2.1930916054847888E-01   6.5573439003995199E-03
     111   9.5504251968503937E+01       20   5.7310000000000005E-01   6.5204966846702805E-01   2.1416154701061391E-01   6.4034302556173570E-03
     111   9.5504251968503937E+01       21   6.0300000000000009E-01   6.2612826106875707E-01   2.2766587087894977E-01   6.8072095392805992E-03
     111   9.5504251968503937E+01       22   6.3290000000000002E-01   5.6964937114813008E-01   2.2818012496207948E-01   6.8225857363661780E-03
     111   9.5504251968503937E+01       23   6.6280000000000006E-01   5.5534435886280964E-01   2.4396490937077034E-01   7.2945507901860350E-03
     111   9.5504251968503937E+01       24   6.9270000000000009E-01   4.5493240161679166E-01   2.1829171099538652E-01   6.5269221587620583E-03
     111   9.5504251968503937E+01       25   7.2260000000000002E-01   2.9460291149100348E-01   1.5382713413324023E-01   4.5994313105838834E-03
     111   9.5504251968503937E+01       26   7.5250000000000006E-01   1.5920041474394236E-01   9.0148229851349529E-02   2.6954320725553517E-03
     111   9.5504251968503937E+01       27   7.8240000000000010E-01   8.1853569024663175E-02   5.0106642633591006E-02   1.4981886147443714E-03
     111   9.5504251968503937E+01       28   8.1230000000000013E-01   7.4265210135135165E-02   4.9002509405587320E-02   1.4651750312270613E-03
     111   9.5504251968503937E+01       29   8.4220000000000006E-01   4.0945678657898027E-02   2.9042804266417151E-02   8.6837984756587302E-04
     111   9.5504251968503937E+01       30   8.7210000000000010E-01   5.3402777685519452E-02   4.0615931686082164E-02   1.2144163574138570E-03
     111   9.5504251968503937E+01       31   9.0200000000000014E-01   5.8894484236716116E-02   4.7916787952929189E-02   1.4327119597925830E-03
     111   9.5504251968503937E+01       32   9.3190000000000006E-01   5.3138028103819450E-02   4.6147062126593801E-02   1.3797971575851549E-03
     111   9.5504251968503937E+01       33   9.6180000000000010E-01   3.9987154942551173E-02   3.6990487160918642E-02   1.1060155661114677E-03
     111   9.5504251968503937E+01       34   9.9170000000000014E-01   2.8704803856773497E-02   2.8230281586688756E-02   8.4408541944199400E-04
     111   9.5504251968503937E+01       35   1.0216000000000001E+00   1.6663919200922035E-02   1.7391575228544252E-02   5.2000809933347328E-04
     111   9.5504251968503937E+01       36   1.0515000000000001E+00   1.5770120115507481E-02   1.7436268788481108E-02   5.2134443677558529E-04
     111   9.5504251968503937E+01       37   1.0814000000000001E+00   1.9264614371181980E-02   2.2528540155049289E-02   6.7360335063597386E-04
     111   9.5504251968503937E+01       38   1.1113000000000002E+00   1.6406715441097740E-02   2.0262091603088634E-02   6.0583653893235025E-04
     111   9.5504251968503937E+01       39   1.1412000000000002E+00   1.3790063053712049E-02   1.7959315414809940E-02   5.3698353090281736E-04
     111   9.5504251968503937E+01       40   1.1711000000000000E+00   1.2538216358029344E-02   1.7195852912653731E-02   5.1415600208834663E-04
     111   9.5504251968503937E+01       41   1.2010000000000001E+00   8.8513954264634927E-03   1.2767261614526371E-02   3.8174112227433855E-04
     111   9.5504251968503937E+01       42   1.2309000000000001E+00   8.2059603446548446E-03   1.2432972048459261E-02   3.7174586424893201E-04
     111   9.5504251968503937E+01       43   1.2608000000000001E+00   7.3134002122191800E-03   1.1625502672323143E-02   3.4760252990246205E-04
     111   9.5504251968503937E+01       44   1.2907000000000002E+00   4.8383719547271274E-03   8.0602752404139097E-03   2.4100222968837594E-04
     111   9.5504251968503937E+01       45   1.3206000000000002E+00   5.5089968372574131E-03   9.6076043234663983E-03   2.8726736927164539E-04
     111   9.5504251968503937E+01       46   1.3505000000000000E+00   3.9905003558778022E-03   7.2780750716928185E-03   2.1761444464361531E-04
     111   9.5504251968503937E+01       47   1.3804000000000001E+00   4.1578904798209729E-03   7.9228776061232610E-03   2.3689404042308556E-04
     111   9.5504251968503937E+01       48   1.4103000000000001E+00   3.0819011827509179E-03   6.1297353071988140E-03   1.8327908568524458E-04
     111   9.5504251968503937E+01       49   1.4402000000000001E+00   3.1928696531611958E-03   6.6225737334300629E-03   1.9801495462955893E-04
     111   9.5504251968503937E+01       50   1.4701000000000002E+00   2.5439724141375865E-03   5.4980179430393922E-03   1.6439073649687785E-04
 
     112   9.6372472440944890E+01        1   5.0000000000000001E-03   1.3159661903522868E+02   3.2899154758807172E-03   9.8368472728833472E-05
     112   9.6372472440944890E+01        2   3.4900000000000000E-02   1.7873632155042877E+01   2.1770262701163775E-02   6.5093085476479700E-04
     112   9.6372472440944890E+01        3   6.4800000000000010E-02   8.7781252682632296E+00   3.6859699126448042E-02   1.1021050038807967E-03
     112   9.6372472440944890E+01        4   9.4700000000000006E-02   5.7493676953577877E+00   5.1560846935061230E-02   1.5416693233583311E-03
     112   9.6372472440944890E+01        5   1.2460000000000002E-01   4.8345808558908008E+00   7.5057641320641647E-02   2.2442234754871857E-03
     112   9.6372472440944890E+01        6   1.5450000000000003E-01   4.9226192732489880E+00   1.1750415270727170E-01   3.5133741659474247E-03
     112   9.6372472440944890E+01        7   1.8440000000000001E-01   5.1565818502818379E+00   1.7534110902459946E-01   5.2426991598355250E-03
     112   9.6372472440944890E+01        8   2.1430000000000002E-01   4.8965798158353584E+00   2.2487293078653278E-01   6.7237006305173319E-03
     112   9.6372472440944890E+01        9   2.4420000000000003E-01   4.0425947401692159E+00   2.4107463940114462E-01   7.2081317180942260E-03
     112   9.6372472440944890E+01       10   2.7410000000000001E-01   2.8135570137261743E+00   2.1138481742242862E-01   6.3204060409306172E-03
     112   9.6372472440944890E+01       11   3.0400000000000005E-01   1.7177499538828025E+00   1.5874757973803311E-01   4.7465526341671912E-03
     112   9.6372472440944890E+01       12   3.3390000000000003E-01   1.1301962993161818E+00   1.2600469255568467E-01   3.7675403074149722E-03
     112   9.6372472440944890E+01       13   3.6380000000000001E-01   1.0635606918237026E+00   1.4076272552957145E-01   4.2088054933341872E-03
     112   9.6372472440944890E+01       14   3.9370000000000005E-01   9.1286903298461464E-01   1.4149441712321509E-01   4.2306830719841320E-03
     112   9.6372472440944890E+01       15   4.2360000000000003E-01   6.0041323240478572E-01   1.0773632516648826E-01   3.2213161224779996E-03
     112   9.6372472440944890E+01       16   4.5350000000000007E-01   5.6433802559112367E-01   1.1606302810362812E-01   3.4702845402984814E-03
     112   9.6372472440944890E+01       17   4.8340000000000005E-01   8.5984084313785769E-01   2.0092379053111112E-01   6.0076213368802237E-03
     112   9.6372472440944890E+01       18   5.1330000000000009E-01   8.6112395087641569E-01   2.2688626048143085E-01   6.7838991883947836E-03
     112   9.6372472440944890E+01       19   5.4320000000000002E-01   7.6132943565458433E-01   2.2464261397992016E-01   6.7168141579996140E-03
     112   9.6372472440944890E+01       20   5.7310000000000005E-01   6.3627665060007232E-01   2.0898100008179646E-01   6.2485319024457153E-03
     112   9.6372472440944890E+01       21   6.0300000000000009E-01   6.0306014520613549E-01   2.1927809633825779E-01   6.5564150805139092E-03
     112   9.6372472440944890E+01       22   6.3290000000000002E-01   5.7697441573575792E-01   2.3111426247545713E-01   6.9103164480161699E-03
     112   9.6372472440944890E+01       23   6.6280000000000006E-01   5.6471783651602825E-01   2.4808271409798346E-01   7.4176731515297068E-03
     112   9.6372472440944890E+01       24   6.9270000000000009E-01   4.6270840168768140E-01   2.2202289469244177E-01   6.6384845513040103E-03
     112   9.6372472440944890E+01       25   7.2260000000000002E-01   2.8903206519963981E-01   1.5091831250836149E-01   4.5124575440000092E-03
     112   9.6372472440944890E+01       26   7.5250000000000006E-01   1.5762994609735950E-01   8.9258942164792951E-02   2.6688423707273098E-03
     112   9.6372472440944890E+01       27   7.8240000000000010E-01   8.0213903853643992E-02   4.9102921992671252E-02   1.4681773675808707E-03
     112   9.6372472440944890E+01       28   8.1230000000000013E-01   7.0462883361513268E-02   4.6493615225546847E-02   1.3901590952438510E-03
     112   9.6372472440944890E+01       29   8.4220000000000006E-01   3.8943622453692706E-02   2.7622744119047103E-02   8.2592004915950856E-04
     112   9.6372472440944890E+01       30   8.7210000000000010E-01   5.2320256483164441E-02   3.9792611081627745E-02   1.1897990713406698E-03
     112   9.6372472440944890E+01       31   9.0200000000000014E-01   6.0895029677458828E-02   4.9544439725699226E-02   1.4813787477984072E-03
     112   9.6372472440944890E+01       32   9.3190000000000006E-01   5.4314625659687268E-02   4.7168863695943489E-02   1.4103490245087106E-03
     112   9.6372472440944890E+01       33   9.6180000000000010E-01   4.2157678710812607E-02   3.8998350228388497E-02   1.1660506718288164E-03
     112   9.6372472440944890E+01       34   9.9170000000000014E-01   2.7779440356617828E-02   2.7320215372344147E-02   8.1687443963309012E-04
     112   9.6372472440944890E+01       35   1.0216000000000001E+00   1.5676659467206831E-02   1.6361205258431190E-02   4.8920003722709268E-04
     112   9.6372472440944890E+01       36   1.0515000000000001E+00   1.5170093381570878E-02   1.6772847880043951E-02   5.0150815161331425E-04
     112   9.6372472440944890E+01       37   1.0814000000000001E+00   1.8358262154378122E-02   2.1468628343815310E-02   6.4191198748007785E-04
     112   9.6372472440944890E+01       38   1.1113000000000002E+00   1.6760127657924895E-02   2.0698551340365780E-02   6.1888668507693693E-04
     112   9.6372472440944890E+01       39   1.1412000000000002E+00   1.2997837617853289E-02   1.6927570568770759E-02   5.0613436000624583E-04
     112   9.6372472440944890E+01       40   1.1711000000000000E+00   1.3015776363188908E-02   1.7850814621017543E-02   5.3373935716842459E-04
     112   9.6372472440944890E+01       41   1.2010000000000001E+00   8.8534972752244596E-03   1.2770293323281038E-02   3.8183177036610311E-04
     112   9.6372472440944890E+01       42   1.2309000000000001E+00   9.0403406303927285E-03   1.3697153976552761E-02   4.0954490389892762E-04
     112   9.6372472440944890E+01       43   1.2608000000000001E+00   7.0911194575153077E-03   1.1272161485894109E-02   3.3703762842823392E-04
     112   9.6372472440944890E+01       44   1.2907000000000002E+00   4.8661624555262316E-03   8.1065716160554878E-03   2.4238649132005913E-04
     112   9.6372472440944890E+01       45   1.3206000000000002E+00   5.3380676475965391E-03   9.3095064900303587E-03   2.7835424405190778E-04
     112   9.6372472440944890E+01       46   1.3505000000000000E+00   3.8624929369633189E-03   7.0446087087037831E-03   2.1063380039024315E-04
     112   9.6372472440944890E+01       47   1.3804000000000001E+00   4.0470432336552819E-03   7.7116577174299924E-03   2.3057856575115683E-04
     112   9.6372472440944890E+01       48   1.4103000000000001E+00   3.0891214678374465E-03   6.1440960649903507E-03   1.8370847234321154E-04
     112   9.6372472440944890E+01       49   1.4402000000000001E+00   3.1229207446288642E-03   6.4774873833281493E-03   1.9367687276151171E-04
     112   9.6372472440944890E+01       50   1.4701000000000002E+00   2.5826097365933545E-03   5.5815206928932362E-03   1.6688746871750779E-04
 
     113   9.7240692913385814E+01        1   5.0000000000000001E-03   1.3305983160277904E+02   3.3264957900694760E-03   9.9462224123077360E-05
     113   9.7240692913385814E+01        2   3.4900000000000000E-02   1.8070681586870183E+01   2.2010270879623754E-02   6.5810709930075035E-04
     113   9.7240692913385814E+01        3   6.4800000000000010E-02   8.8589226682482209E+00   3.7198970640881020E-02   1.1122492221623428E-03
     113   9.7240692913385814E+01        4   9.4700000000000006E-02   5.7781029609060024E+00   5.1818547382671519E-02   1.5493745667418788E-03
     113   9.7240692913385814E+01        5   1.2460000000000002E-01   4.8410392147696308E+00   7.5157908375572902E-02   2.2472214604296304E-03
     113   9.7240692913385814E+01        6   1.5450000000000003E-01   4.9268200309274839E+00   1.1760442584324682E-01   3.5163723327130804E-03
     113   9.7240692913385814E+01        7   1.8440000000000001E-01   5.1609201216687879E+00   1.7548862482834762E-01   5.2471098823675955E-03
     113   9.7240692913385814E+01        8   2.1430000000000002E-01   4.8875888517498032E+00   2.2446002534629533E-01   6.7113547578542317E-03
     113   9.7240692913385814E+01        9   2.4420000000000003E-01   4.0153357268727170E+00   2.3944908521546598E-01   7.1595276479424347E-03
     113   9.7240692913385814E+01       10   2.7410000000000001E-01   2.7995600002877183E+00   2.1033321046521652E-01   6.2889629929099751E-03
     113   9.7240692913385814E+01       11   3.0400000000000005E-01   1.7429268389405039E+00   1.6107432674752567E-01   4.8161223697510188E-03
     113   9.7240692913385814E+01       12   3.3390000000000003E-01   1.1592929064949338E+00   1.2924865030372407E-01   3.8645346440813505E-03
     113   9.7240692913385814E+01       13   3.6380000000000001E-01   1.0921475566797385E+00   1.4454620967148835E-01   4.3219316691775027E-03
     113   9.7240692913385814E+01       14   3.9370000000000005E-01   9.5781653518005727E-01   1.4846126602978302E-01   4.4389918542905131E-03
     113   9.7240692913385814E+01       15   4.2360000000000003E-01   6.2789839227292754E-01   1.1266817869834163E-01   3.3687785430804155E-03
     113   9.7240692913385814E+01       16   4.5350000000000007E-01   6.0122325903806817E-01   1.2364892820610197E-01   3.6971029533624496E-03
     113   9.7240692913385814E+01       17   4.8340000000000005E-01   9.0278329481927400E-01   2.1095839197553901E-01   6.3076559200686173E-03
     113   9.7240692913385814E+01       18   5.1330000000000009E-01   8.7394333984367556E-01   2.3026387321822478E-01   6.8848898092249223E-03
     113   9.7240692913385814E+01       19   5.4320000000000002E-01   7.6011362532118831E-01   2.2428386939629186E-01   6.7060876949491281E-03
     113   9.7240692913385814E+01       20   5.7310000000000005E-01   6.0960785895800940E-01   2.0022180588053948E-01   5.9866319958281318E-03
     113   9.7240692913385814E+01       21   6.0300000000000009E-01   5.9305500151783574E-01   2.1564013604689880E-01   6.4476400678022752E-03
     113   9.7240692913385814E+01       22   6.3290000000000002E-01   5.9114018248918754E-01   2.3678853614570877E-01   7.0799772307566936E-03
     113   9.7240692913385814E+01       23   6.6280000000000006E-01   5.7148212017775435E-01   2.5105428988542899E-01   7.5065232675743283E-03
     113   9.7240692913385814E+01       24   6.9270000000000009E-01   4.5977369678152596E-01   2.2061472558214207E-01   6.5963802949060490E-03
     113   9.7240692913385814E+01       25   7.2260000000000002E-01   2.7996891242619754E-01   1.4618598039971251E-01   4.3709608139514047E-03
     113   9.7240692913385814E+01       26   7.5250000000000006E-01   1.5262094421687847E-01   8.6422563543708808E-02   2.5840346499568941E-03
     113   9.7240692913385814E+01       27   7.8240000000000010E-01   7.8312368501078353E-02   4.7938897582966683E-02   1.4333730377307041E-03
     113   9.7240692913385814E+01       28   8.1230000000000013E-01   6.2749924579387731E-02   4.1404363682620127E-02   1.2379904741103421E-03
     113   9.7240692913385814E+01       29   8.4220000000000006E-01   3.8428481815990456E-02   2.7257354432006761E-02   8.1499489751700232E-04
     113   9.7240692913385814E+01       30   8.7210000000000010E-01   5.1776336631685890E-02   3.9378928264219785E-02   1.1774299551001719E-03
     113   9.7240692913385814E+01       31   9.0200000000000014E-01   6.2829575232226695E-02   5.1118393727240578E-02   1.5284399724444936E-03
     113   9.7240692913385814E+01       32   9.3190000000000006E-01   5.7205874607991626E-02   4.9679733022523938E-02   1.4854240173734661E-03
     113   9.7240692913385814E+01       33   9.6180000000000010E-01   4.2951699968314806E-02   3.9732866929397329E-02   1.1880127211889803E-03
     113   9.7240692913385814E+01       34   9.9170000000000014E-01   2.5883779106548804E-02   2.5455891506922752E-02   7.6113115605699042E-04
     113   9.7240692913385814E+01       35   1.0216000000000001E+00   1.5854760677538729E-02   1.6547083535950118E-02   4.9475779772490867E-04
     113   9.7240692913385814E+01       36   1.0515000000000001E+00   1.4130878985064273E-02   1.5623838144314030E-02   4.6715276051498961E-04
     113   9.7240692913385814E+01       37   1.0814000000000001E+00   1.7589603977203244E-02   2.0569739517060728E-02   6.1503521156011588E-04
     113   9.7240692913385814E+01       38   1.1113000000000002E+00   1.6585617911410479E-02   2.0483033951635456E-02   6.1244271515390023E-04
     113   9.7240692913385814E+01       39   1.1412000000000002E+00   1.3005447033674006E-02   1.6937480595890606E-02   5.0643066981712927E-04
     113   9.7240692913385814E+01       40   1.1711000000000000E+00   1.2207530955571711E-02   1.6742326080874215E-02   5.0059554981813910E-04
     113   9.7240692913385814E+01       41   1.2010000000000001E+00   9.2755758349162172E-03   1.3379099859858990E-02   4.0003508580978389E-04
     113   9.7240692913385814E+01       42   1.2309000000000001E+00   9.3672922013671132E-03   1.4192523143888818E-02   4.2435644200227574E-04
     113   9.7240692913385814E+01       43   1.2608000000000001E+00   7.4954384877952722E-03   1.1914873744295805E-02   3.5625472495444464E-04
     113   9.7240692913385814E+01       44   1.2907000000000002E+00   4.9537436896713357E-03   8.2524737624200262E-03   2.4674896549635884E-04
     113   9.7240692913385814E+01       45   1.3206000000000002E+00   5.1883961937817203E-03   9.0484818154388524E-03   2.7054960628162172E-04
     113   9.7240692913385814E+01       46   1.3505000000000000E+00   3.7473277949054001E-03   6.8345647355701625E-03   2.0435348559354790E-04
     113   9.7240692913385814E+01       47   1.3804000000000001E+00   3.7798041643867584E-03   7.2024325592242927E-03   2.1535273352080639E-04
     113   9.7240692913385814E+01       48   1.4103000000000001E+00   3.1094222449269716E-03   6.1844732162065234E-03   1.8491574916457509E-04
     113   9.7240692913385814E+01       49   1.4402000000000001E+00   3.1459169016604077E-03   6.5251854612550543E-03   1.9510304529152616E-04
     113   9.7240692913385814E+01       50   1.4701000000000002E+00   2.5667207699203737E-03   5.5471815532945013E-03   1.6586072844350562E-04
 
     114   9.8108913385826767E+01        1   5.0000000000000001E-03   1.3624832286276543E+02   3.4062080715691360E-03   1.0184562133991719E-04
     114   9.8108913385826767E+01        2   3.4900000000000000E-02   1.8501130291464502E+01   2.2534561706306678E-02   6.7378339501856978E-04
     114   9.8108913385826767E+01        3   6.4800000000000010E-02   9.0528678857765943E+00   3.8013354367091363E-02   1.1365992955760320E-03
     114   9.8108913385826767E+01        4   9.4700000000000006E-02   5.8780505090468900E+00   5.2714885989678335E-02   1.5761750910913827E-03
     114   9.8108913385826767E+01        5   1.2460000000000002E-01   4.9008796868666558E+00   7.6086941279354753E-02   2.2749995442527078E-03
     114   9.8108913385826767E+01        6   1.5450000000000003E-01   4.9722038188688966E+00   1.1868774820735532E-01   3.5487636713999247E-03
     114   9.8108913385826767E+01        7   1.8440000000000001E-01   5.1926573784089092E+00   1.7656779819469437E-01   5.2793771660213625E-03
     114   9.8108913385826767E+01        8   2.1430000000000002E-01   4.8964970723486516E+00   2.2486913083410495E-01   6.7235870119397396E-03
     114   9.8108913385826767E+01        9   2.4420000000000003E-01   4.0101668877243277E+00   2.3914084852247305E-01   7.1503113708219455E-03
     114   9.8108913385826767E+01       10   2.7410000000000001E-01   2.8177067155918341E+00   2.1169658788485413E-01   6.3297279777571394E-03
     114   9.8108913385826767E+01       11   3.0400000000000005E-01   1.7932144867753941E+00   1.6572171000983488E-01   4.9550791292940636E-03
     114   9.8108913385826767E+01       12   3.3390000000000003E-01   1.1971932935865022E+00   1.3347413451925721E-01   3.9908766221257918E-03
     114   9.8108913385826767E+01       13   3.6380000000000001E-01   1.1246074898907135E+00   1.4884229611433150E-01   4.4503846538185132E-03
     114   9.8108913385826767E+01       14   3.9370000000000005E-01   9.9823398478464731E-01   1.5472595818908511E-01   4.6263061498536453E-03
     114   9.8108913385826767E+01       15   4.2360000000000003E-01   6.4949998067912373E-01   1.1654430205312072E-01   3.4846746313883102E-03
     114   9.8108913385826767E+01       16   4.5350000000000007E-01   6.3279920373835552E-01   1.3014290803903866E-01   3.8912729503672570E-03
     114   9.8108913385826767E+01       17   4.8340000000000005E-01   9.2322238988335448E-01   2.1573450896053126E-01   6.4504618179198857E-03
     114   9.8108913385826767E+01       18   5.1330000000000009E-01   8.6311602083857419E-01   2.2741112487972279E-01   6.7995926339037126E-03
     114   9.8108913385826767E+01       19   5.4320000000000002E-01   7.4354998810287187E-01   2.1939649924155916E-01   6.5599553273226205E-03
     114   9.8108913385826767E+01       20   5.7310000000000005E-01   5.8488626050128023E-01   1.9210215483844092E-01   5.7438544296693848E-03
     114   9.8108913385826767E+01       21   6.0300000000000009E-01   6.0222496474406795E-01   2.1897441720562588E-01   6.5473350744482154E-03
     114   9.8108913385826767E+01       22   6.3290000000000002E-01   6.0658966618682653E-01   2.4297701856889076E-01   7.2650128552098356E-03
     114   9.8108913385826767E+01       23   6.6280000000000006E-01   5.7106706572332522E-01   2.5087195486978919E-01   7.5010714506066984E-03
     114   9.8108913385826767E+01       24   6.9270000000000009E-01   4.4722462185544187E-01   2.1459326167390264E-01   6.4163385240496905E-03
     114   9.8108913385826767E+01       25   7.2260000000000002E-01   2.7196027905544756E-01   1.4200426639861405E-01   4.2459275653185611E-03
     114   9.8108913385826767E+01       26   7.5250000000000006E-01   1.4705146922311751E-01   8.3268813519272955E-02   2.4897375242262619E-03
     114   9.8108913385826767E+01       27   7.8240000000000010E-01   7.7336246049753657E-02   4.7341364458657657E-02   1.4155067973138642E-03
     114   9.8108913385826767E+01       28   8.1230000000000013E-01   5.5033729322359101E-02   3.6312976612283041E-02   1.0857580007072631E-03
     114   9.8108913385826767E+01       29   8.4220000000000006E-01   4.0163469154231600E-02   2.8487982408410571E-02   8.5179067401147624E-04
     114   9.8108913385826767E+01       30   8.7210000000000010E-01   5.1272733923265174E-02   3.8995908989031630E-02   1.1659776787720461E-03
     114   9.8108913385826767E+01       31   9.0200000000000014E-01   6.3085091462822693E-02   5.1326282754518407E-02   1.5346558543601007E-03
     114   9.8108913385826767E+01       32   9.3190000000000006E-01   5.9284850806903024E-02   5.1485194143953437E-02   1.5394073049042080E-03
     114   9.8108913385826767E+01       33   9.6180000000000010E-01   4.1616662988933413E-02   3.8497878635878877E-02   1.1510865712127786E-03
     114   9.8108913385826767E+01       34   9.9170000000000014E-01   2.4991781550620477E-02   2.4578639660711207E-02   7.3490132585526523E-04
     114   9.8108913385826767E+01       35   1.0216000000000001E+00   1.7362482178797520E-02   1.8120642048606916E-02   5.4180719725334696E-04
     114   9.8108913385826767E+01       36   1.0515000000000001E+00   1.3370943183438585E-02   1.4783613415391037E-02   4.4203004112019210E-04
     114   9.8108913385826767E+01       37   1.0814000000000001E+00   1.7594042377466649E-02   2.0574929897549624E-02   6.1519040393673383E-04
     114   9.8108913385826767E+01       38   1.1113000000000002E+00   1.5722109710583437E-02   1.9416611953400012E-02   5.8055669740666050E-04
     114   9.8108913385826767E+01       39   1.1412000000000002E+00   1.3905163782308147E-02   1.8109215403031915E-02   5.4146554055065435E-04
     114   9.8108913385826767E+01       40   1.1711000000000000E+00   1.0689439149039623E-02   1.4660300801711339E-02   4.3834299397116914E-04
     114   9.8108913385826767E+01       41   1.2010000000000001E+00   9.6942042127089890E-03   1.3982929850615661E-02   4.1808960253340838E-04
     114   9.8108913385826767E+01       42   1.2309000000000001E+00   9.0610852159725905E-03   1.3728584405392123E-02   4.1048467372122456E-04
     114   9.8108913385826767E+01       43   1.2608000000000001E+00   8.1278608016375035E-03   1.2920182777886719E-02   3.8631346505881296E-04
     114   9.8108913385826767E+01       44   1.2907000000000002E+00   5.0181621349736040E-03   8.3597888685247850E-03   2.4995768716889110E-04
     114   9.8108913385826767E+01       45   1.3206000000000002E+00   5.2263496483394862E-03   9.1146720465955667E-03   2.7252869419320749E-04
     114   9.8108913385826767E+01       46   1.3505000000000000E+00   3.8233879122967153E-03   6.9732869996893421E-03   2.0850128129071139E-04
     114   9.8108913385826767E+01       47   1.3804000000000001E+00   3.6626757116246826E-03   6.9792438052317940E-03   2.0867938977643069E-04
     114   9.8108913385826767E+01       48   1.4103000000000001E+00   3.1383287945523728E-03   6.2419667850593559E-03   1.8663480687327479E-04
     114   9.8108913385826767E+01       49   1.4402000000000001E+00   3.2668814751698493E-03   6.7760872813171572E-03   2.0260500971138305E-04
     114   9.8108913385826767E+01       50   1.4701000000000002E+00   2.5064298909694108E-03   5.4168812668480447E-03   1.6196474987875657E-04
 
     115   9.8977133858267706E+01        1   5.0000000000000001E-03   1.4044978941368473E+02   3.5112447353421185E-03   1.0498621758672937E-04
     115   9.8977133858267706E+01        2   3.4900000000000000E-02   1.9066046697454787E+01   2.3222635537966906E-02   6.9435680258521067E-04
     115   9.8977133858267706E+01        3   6.4800000000000010E-02   9.3106714939287620E+00   3.9095882029866642E-02   1.1689668726930129E-03
     115   9.8977133858267706E+01        4   9.4700000000000006E-02   6.0187542088126644E+00   5.3976729432510778E-02   1.6139042100320727E-03
     115   9.8977133858267706E+01        5   1.2460000000000002E-01   4.9929737619639871E+00   7.7516716530292837E-02   2.3177498242557561E-03
     115   9.8977133858267706E+01        6   1.5450000000000003E-01   5.0439595990719859E+00   1.2040057661974812E-01   3.5999772409304694E-03
     115   9.8977133858267706E+01        7   1.8440000000000001E-01   5.2436868815806994E+00   1.7830297276166590E-01   5.3312588855738115E-03
     115   9.8977133858267706E+01        8   2.1430000000000002E-01   4.9215491912592411E+00   2.2601963661849314E-01   6.7579871348929467E-03
     115   9.8977133858267706E+01        9   2.4420000000000003E-01   4.0277307235021196E+00   2.4018824398226499E-01   7.1816284950697246E-03
     115   9.8977133858267706E+01       10   2.7410000000000001E-01   2.8643575860799930E+00   2.1520150557183462E-01   6.4345250165978567E-03
     115   9.8977133858267706E+01       11   3.0400000000000005E-01   1.8591758053016985E+00   1.7181759122276180E-01   5.1373459775605791E-03
     115   9.8977133858267706E+01       12   3.3390000000000003E-01   1.2348548513931767E+00   1.3767299184649270E-01   4.1164224562101328E-03
     115   9.8977133858267706E+01       13   3.6380000000000001E-01   1.1521413256547388E+00   1.5248641139258798E-01   4.5593437006383819E-03
     115   9.8977133858267706E+01       14   3.9370000000000005E-01   1.0248489505523142E+00   1.5885126963243407E-01   4.7496529620097800E-03
     115   9.8977133858267706E+01       15   4.2360000000000003E-01   6.5858030451460570E-01   1.1817364775797515E-01   3.5333920679634576E-03
     115   9.8977133858267706E+01       16   4.5350000000000007E-01   6.5060106586644473E-01   1.3380407905849126E-01   4.0007419638488900E-03
     115   9.8977133858267706E+01       17   4.8340000000000005E-01   9.1769750983290344E-01   2.1444347952080928E-01   6.4118600376721988E-03
     115   9.8977133858267706E+01       18   5.1330000000000009E-01   8.3468556937930005E-01   2.1992035794793727E-01   6.5756187026433256E-03
     115   9.8977133858267706E+01       19   5.4320000000000002E-01   7.2191502201743762E-01   2.1301275114620255E-01   6.3690812592714580E-03
     115   9.8977133858267706E+01       20   5.7310000000000005E-01   5.7306657359355218E-01   1.8822005420139698E-01   5.6277796206217713E-03
     115   9.8977133858267706E+01       21   6.0300000000000009E-01   6.2776145300418051E-01   2.2825971416539714E-01   6.8249654535453763E-03
     115   9.8977133858267706E+01       22   6.3290000000000002E-01   6.1537867497344301E-01   2.4649756510996904E-01   7.3702771967880760E-03
     115   9.8977133858267706E+01       23   6.6280000000000006E-01   5.6265003543834491E-01   2.4717432114420104E-01   7.3905122022116130E-03
     115   9.8977133858267706E+01       24   6.9270000000000009E-01   4.3115477988008927E-01   2.0688241652908909E-01   6.1857842542197648E-03
     115   9.8977133858267706E+01       25   7.2260000000000002E-01   2.6984424602275942E-01   1.4089937814241082E-01   4.2128914064580849E-03
     115   9.8977133858267706E+01       26   7.5250000000000006E-01   1.4336375528834858E-01   8.1180622455497953E-02   2.4273006114193894E-03
     115   9.8977133858267706E+01       27   7.8240000000000010E-01   7.7950999952651534E-02   4.7717685912775656E-02   1.4267588087919923E-03
     115   9.8977133858267706E+01       28   8.1230000000000013E-01   5.0724869543610995E-02   3.3469856106042563E-02   1.0007486975706728E-03
     115   9.8977133858267706E+01       29   8.4220000000000006E-01   4.3104970413662562E-02   3.0574391722586008E-02   9.1417431250532188E-04
     115   9.8977133858267706E+01       30   8.7210000000000010E-01   5.0111260047720534E-02   3.8112540264990863E-02   1.1395649539232271E-03
     115   9.8977133858267706E+01       31   9.0200000000000014E-01   6.0810848568183050E-02   4.9475949638468013E-02   1.4793308941901939E-03
     115   9.8977133858267706E+01       32   9.3190000000000006E-01   5.9035147274010838E-02   5.1268342204639994E-02   1.5329234319187361E-03
     115   9.8977133858267706E+01       33   9.6180000000000010E-01   3.9394875000904127E-02   3.6442593128231379E-02   1.0896335345341184E-03
     115   9.8977133858267706E+01       34   9.9170000000000014E-01   2.5946700231825697E-02   2.5517772476156369E-02   7.6298139703707556E-04
     115   9.8977133858267706E+01       35   1.0216000000000001E+00   1.9120098650633296E-02   1.9955007585567095E-02   5.9665472680845626E-04
     115   9.8977133858267706E+01       36   1.0515000000000001E+00   1.3561130800060495E-02   1.4993894781631188E-02   4.4831745397077259E-04
     115   9.8977133858267706E+01       37   1.0814000000000001E+00   1.8208321434256367E-02   2.1293283773243833E-02   6.3666918481999077E-04
     115   9.8977133858267706E+01       38   1.1113000000000002E+00   1.4625286127984425E-02   1.8062048330788533E-02   5.4005524509057729E-04
     115   9.8977133858267706E+01       39   1.1412000000000002E+00   1.5440704394314438E-02   2.0109007432688224E-02   6.0125932223737799E-04
     115   9.8977133858267706E+01       40   1.1711000000000000E+00   9.3989028748053711E-03   1.2890362293993301E-02   3.8542183259039978E-04
     115   9.8977133858267706E+01       41   1.2010000000000001E+00   9.7112202359319316E-03   1.4007473779528457E-02   4.1882346600790097E-04
     115   9.8977133858267706E+01       42   1.2309000000000001E+00   8.4583745391926379E-03   1.2815408532857694E-02   3.8318071513244512E-04
     115   9.8977133858267706E+01       43   1.2608000000000001E+00   8.4155375754549760E-03   1.3377478564488489E-02   3.9998660907820591E-04
     115   9.8977133858267706E+01       44   1.2907000000000002E+00   5.0753974449176615E-03   8.4551375428177523E-03   2.5280861253025084E-04
     115   9.8977133858267706E+01       45   1.3206000000000002E+00   5.3170160553542645E-03   9.2727928424067348E-03   2.7725650598796141E-04
     115   9.8977133858267706E+01       46   1.3505000000000000E+00   4.0491806422849105E-03   7.3850991267264948E-03   2.2081446388912224E-04
     115   9.8977133858267706E+01       47   1.3804000000000001E+00   3.8769846308828902E-03   7.3876103424034122E-03   2.2088954923786208E-04
     115   9.8977133858267706E+01       48   1.4103000000000001E+00   3.1966104117831539E-03   6.3578857797693946E-03   1.9010078481510495E-04
     115   9.8977133858267706E+01       49   1.4402000000000001E+00   3.3061854303337150E-03   6.8576106033952818E-03   2.0504255704151896E-04
     115   9.8977133858267706E+01       50   1.4701000000000002E+00   2.4758157379905507E-03   5.3507181428089088E-03   1.5998647246998640E-04
 
     116   9.9845354330708645E+01        1   5.0000000000000001E-03   1.4468756488043164E+02   3.6171891220107910E-03   1.0815395474812268E-04
     116   9.9845354330708645E+01        2   3.4900000000000000E-02   1.9630316611360641E+01   2.3909921935803376E-02   7.1490666588052115E-04
     116   9.9845354330708645E+01        3   6.4800000000000010E-02   9.5655505401226097E+00   4.0166129339996456E-02   1.2009672672658944E-03
     116   9.9845354330708645E+01        4   9.4700000000000006E-02   6.1593664818979583E+00   5.5237752952644270E-02   1.6516088132840639E-03
     116   9.9845354330708645E+01        5   1.2460000000000002E-01   5.0893924640511106E+00   7.9013632307187762E-02   2.3625076059849144E-03
     116   9.9845354330708645E+01        6   1.5450000000000003E-01   5.1225927272808223E+00   1.2227756904837510E-01   3.6560993145464162E-03
     116   9.9845354330708645E+01        7   1.8440000000000001E-01   5.3025250571408886E+00   1.8030366842698223E-01   5.3910796859667695E-03
     116   9.9845354330708645E+01        8   2.1430000000000002E-01   4.9576815940368935E+00   2.2767899878853140E-01   6.8076020637770907E-03
     116   9.9845354330708645E+01        9   2.4420000000000003E-01   4.0634829717968968E+00   2.4232028068626635E-01   7.2453763925193655E-03
     116   9.9845354330708645E+01       10   2.7410000000000001E-01   2.9293688395523683E+00   2.2008585370432948E-01   6.5805670257594526E-03
     116   9.9845354330708645E+01       11   3.0400000000000005E-01   1.9274274823366102E+00   1.7812513820762021E-01   5.3259416324078455E-03
     116   9.9845354330708645E+01       12   3.3390000000000003E-01   1.2630583691183122E+00   1.4081737975688904E-01   4.2104396547309837E-03
     116   9.9845354330708645E+01       13   3.6380000000000001E-01   1.1679021279868154E+00   1.5457236051599135E-01   4.6217135794281421E-03
     116   9.9845354330708645E+01       14   3.9370000000000005E-01   1.0322664432792492E+00   1.6000097870568628E-01   4.7840292633000211E-03
     116   9.9845354330708645E+01       15   4.2360000000000003E-01   6.5247422621677553E-01   1.1707799163069052E-01   3.5006319497576472E-03
     116   9.9845354330708645E+01       16   4.5350000000000007E-01   6.5179571708544271E-01   1.3404977371615565E-01   4.0080882341130544E-03
     116   9.9845354330708645E+01       17   4.8340000000000005E-01   8.9140131230788422E-01   2.0829870083827978E-01   6.2281311550645667E-03
     116   9.9845354330708645E+01       18   5.1330000000000009E-01   8.0119511542313449E-01   2.1109639729487856E-01   6.3117822791168704E-03
     116   9.9845354330708645E+01       19   5.4320000000000002E-01   7.0662430228000372E-01   2.0850097596638414E-01   6.2341791813948872E-03
     116   9.9845354330708645E+01       20   5.7310000000000005E-01   5.7801432649269779E-01   1.8984511202498033E-01   5.6763688495469131E-03
     116   9.9845354330708645E+01       21   6.0300000000000009E-01   6.5861595479638391E-01   2.3947868870755845E-01   7.1604127923559991E-03
     116   9.9845354330708645E+01       22   6.3290000000000002E-01   6.1115396496143615E-01   2.4480530508600845E-01   7.3196786220716542E-03
     116   9.9845354330708645E+01       23   6.6280000000000006E-01   5.5036651185732544E-01   2.4177812206632862E-01   7.2291658497832274E-03
     116   9.9845354330708645E+01       24   6.9270000000000009E-01   4.1987423344171398E-01   2.0146963481856570E-01   6.0239420810751154E-03
     116   9.9845354330708645E+01       25   7.2260000000000002E-01   2.7586999921717892E-01   1.4404572975244939E-01   4.3069673195982377E-03
     116   9.9845354330708645E+01       26   7.5250000000000006E-01   1.4225173700923860E-01   8.0550935154837688E-02   2.4084729611296473E-03
     116   9.9845354330708645E+01       27   7.8240000000000010E-01   7.9973049829153250E-02   4.8955483259384210E-02   1.4637689494555882E-03
     116   9.9845354330708645E+01       28   8.1230000000000013E-01   5.1101561279416216E-02   3.3718409100011261E-02   1.0081804320903368E-03
     116   9.9845354330708645E+01       29   8.4220000000000006E-01   4.4996342274635781E-02   3.1915943372326679E-02   9.5428670683256789E-04
     116   9.9845354330708645E+01       30   8.7210000000000010E-01   4.8453426101303765E-02   3.6851660714660096E-02   1.1018646553683372E-03
     116   9.9845354330708645E+01       31   9.0200000000000014E-01   5.6992840807917909E-02   4.6369603252685257E-02   1.3864511372552895E-03
     116   9.9845354330708645E+01       32   9.3190000000000006E-01   5.7206551562057832E-02   4.9680320914895278E-02   1.4854415953553691E-03
     116   9.9845354330708645E+01       33   9.6180000000000010E-01   3.8418010415185500E-02   3.5538935516983589E-02   1.0626141719578095E-03
     116   9.9845354330708645E+01       34   9.9170000000000014E-01   2.7684327297022929E-02   2.7226674637199848E-02   8.1407757165227561E-04
     116   9.9845354330708645E+01       35   1.0216000000000001E+00   1.9744639351075118E-02   2.0606819829977203E-02   6.1614391291631848E-04
     116   9.9845354330708645E+01       36   1.0515000000000001E+00   1.4726257452747136E-02   1.6282119686709142E-02   4.8683537863260343E-04
     116   9.9845354330708645E+01       37   1.0814000000000001E+00   1.8782596122765390E-02   2.1964855502157200E-02   6.5674917951450036E-04
     116   9.9845354330708645E+01       38   1.1113000000000002E+00   1.4232904735070495E-02   1.7577462140754778E-02   5.2556611800856797E-04
     116   9.9845354330708645E+01       39   1.1412000000000002E+00   1.6892108882042282E-02   2.1999225837640218E-02   6.5777685254544266E-04
     116   9.9845354330708645E+01       40   1.1711000000000000E+00   9.2143776479092637E-03   1.2637290519685663E-02   3.7785498653860141E-04
     116   9.9845354330708645E+01       41   1.2010000000000001E+00   9.3666810113045475E-03   1.3510510057386693E-02   4.0396425071586217E-04
     116   9.9845354330708645E+01       42   1.2309000000000001E+00   8.0074674423301542E-03   1.2132232512467240E-02   3.6275375212277059E-04
     116   9.9845354330708645E+01       43   1.2608000000000001E+00   8.1723913563280428E-03   1.2990969288611230E-02   3.8842998172947585E-04
     116   9.9845354330708645E+01       44   1.2907000000000002E+00   5.1531936634535190E-03   8.5847387681740953E-03   2.5668368916840551E-04
     116   9.9845354330708645E+01       45   1.3206000000000002E+00   5.3524932754798610E-03   9.3346645594420529E-03   2.7910647032731745E-04
     116   9.9845354330708645E+01       46   1.3505000000000000E+00   4.2013799498172985E-03   7.6626878718192674E-03   2.2911436736739615E-04
     116   9.9845354330708645E+01       47   1.3804000000000001E+00   4.2216861049544450E-03   8.0444404352048929E-03   2.4052876901262634E-04
     116   9.9845354330708645E+01       48   1.4103000000000001E+00   3.2576724191501131E-03   6.4793348205694594E-03   1.9373211113502689E-04
     116   9.9845354330708645E+01       49   1.4402000000000001E+00   3.2195388512571343E-03   6.6778903451266726E-03   1.9966892131928756E-04
     116   9.9845354330708645E+01       50   1.4701000000000002E+00   2.5532352180822112E-03   5.5180366594403197E-03   1.6498929611726560E-04
 
     117   1.0071357480314960E+02        1   5.0000000000000001E-03   1.4794198261340480E+02   3.6985495653351201E-03   1.1058663200352012E-04
     117   1.0071357480314960E+02        2   3.4900000000000000E-02   2.0053625758520766E+01   2.4425516710135878E-02   7.3032294963306288E-04
     117   1.0071357480314960E+02        3   6.4800000000000010E-02   9.7492495790190699E+00   4.0937488952284246E-02   1.2240309196732992E-03
     117   1.0071357480314960E+02        4   9.4700000000000006E-02   6.2590356110919156E+00   5.6131594673477309E-02   1.6783346807369719E-03
     117   1.0071357480314960E+02        5   1.2460000000000002E-01   5.1625498153603999E+00   8.0149411891440689E-02   2.3964674155540770E-03
     117   1.0071357480314960E+02        6   1.5450000000000003E-01   5.1884281266054204E+00   1.2384907648910308E-01   3.7030873870241830E-03
     117   1.0071357480314960E+02        7   1.8440000000000001E-01   5.3564001496674871E+00   1.8213560259319747E-01   5.4458545175366056E-03
     117   1.0071357480314960E+02        8   2.1430000000000002E-01   4.9971538715333015E+00   2.2949174300169242E-01   6.8618031157506049E-03
     117   1.0071357480314960E+02        9   2.4420000000000003E-01   4.1085631921106716E+00   2.4500857831557868E-01   7.3257564916358042E-03
     117   1.0071357480314960E+02       10   2.7410000000000001E-01   2.9982310223900743E+00   2.2525952527929444E-01   6.7352598058509055E-03
     117   1.0071357480314960E+02       11   3.0400000000000005E-01   1.9834735496822660E+00   1.8330469156743634E-01   5.4808102778663480E-03
     117   1.0071357480314960E+02       12   3.3390000000000003E-01   1.2746717597685100E+00   1.4211214750590098E-01   4.2491532104264405E-03
     117   1.0071357480314960E+02       13   3.6380000000000001E-01   1.1687675972373419E+00   1.5468690575210500E-01   4.6251384819879409E-03
     117   1.0071357480314960E+02       14   3.9370000000000005E-01   1.0203491910427014E+00   1.5815380830336953E-01   4.7287988682707498E-03
     117   1.0071357480314960E+02       15   4.2360000000000003E-01   6.3356441777889327E-01   1.1368487309041458E-01   3.3991777054033969E-03
     117   1.0071357480314960E+02       16   4.5350000000000007E-01   6.3959292586810346E-01   1.3154012021811740E-01   3.9330495945217106E-03
     117   1.0071357480314960E+02       17   4.8340000000000005E-01   8.5555765061702715E-01   1.9992291312021820E-01   5.9776951022945252E-03
     117   1.0071357480314960E+02       18   5.1330000000000009E-01   7.7640287059542124E-01   2.0456421373155409E-01   6.1164699905734690E-03
     117   1.0071357480314960E+02       19   5.4320000000000002E-01   7.0481333881565367E-01   2.0796662178618100E-01   6.2182019914068130E-03
     117   1.0071357480314960E+02       20   5.7310000000000005E-01   5.9484975901743709E-01   1.9537460225931713E-01   5.8417006075535838E-03
     117   1.0071357480314960E+02       21   6.0300000000000009E-01   6.8060567937992456E-01   2.4747435047365507E-01   7.3994830791622879E-03
     117   1.0071357480314960E+02       22   6.3290000000000002E-01   5.9326969322545142E-01   2.3764153809834751E-01   7.1054819891405918E-03
     117   1.0071357480314960E+02       23   6.6280000000000006E-01   5.4177367648383501E-01   2.3800325649026643E-01   7.1162973690589680E-03
     117   1.0071357480314960E+02       24   6.9270000000000009E-01   4.1932106554113535E-01   2.0120420644490866E-01   6.0160057727027703E-03
     117   1.0071357480314960E+02       25   7.2260000000000002E-01   2.8782352592037685E-01   1.5028727280520449E-01   4.4935894568756147E-03
     117   1.0071357480314960E+02       26   7.5250000000000006E-01   1.4261090469208029E-01   8.0754316100044812E-02   2.4145540513913406E-03
     117   1.0071357480314960E+02       27   7.8240000000000010E-01   8.2531305570055238E-02   5.0521518897195986E-02   1.5105934150261603E-03
     117   1.0071357480314960E+02       28   8.1230000000000013E-01   5.4933804677120869E-02   3.6247043204712705E-02   1.0837865918209102E-03
     117   1.0071357480314960E+02       29   8.4220000000000006E-01   4.3937741368274830E-02   3.1165076860220093E-02   9.3183579812058102E-04
     117   1.0071357480314960E+02       30   8.7210000000000010E-01   4.7527616054310676E-02   3.6147528097357010E-02   1.0808110901109748E-03
     117   1.0071357480314960E+02       31   9.0200000000000014E-01   5.3846202682584679E-02   4.3809485887361638E-02   1.3099036280321131E-03
     117   1.0071357480314960E+02       32   9.3190000000000006E-01   5.5703446664117279E-02   4.8374968089748484E-02   1.4464115458834800E-03
     117   1.0071357480314960E+02       33   9.6180000000000010E-01   3.9530980217792368E-02   3.6568498516726049E-02   1.0933981056501091E-03
     117   1.0071357480314960E+02       34   9.9170000000000014E-01   2.8229484575794866E-02   2.7762819861029103E-02   8.3010831384477035E-04
     117   1.0071357480314960E+02       35   1.0216000000000001E+00   1.8688136326721349E-02   1.9504182952920310E-02   5.8317507029231744E-04
     117   1.0071357480314960E+02       36   1.0515000000000001E+00   1.6037522320622891E-02   1.7731922638221924E-02   5.3018448688283565E-04
     117   1.0071357480314960E+02       37   1.0814000000000001E+00   1.8828373132717534E-02   2.2018388325966417E-02   6.5834981094639599E-04
     117   1.0071357480314960E+02       38   1.1113000000000002E+00   1.4916967198567884E-02   1.8422270862365128E-02   5.5082589878471745E-04
     117   1.0071357480314960E+02       39   1.1412000000000002E+00   1.7212513337059882E-02   2.2416500555352433E-02   6.7025336660503788E-04
     117   1.0071357480314960E+02       40   1.1711000000000000E+00   1.0343830632218807E-02   1.4186307288526722E-02   4.2417058792694907E-04
     117   1.0071357480314960E+02       41   1.2010000000000001E+00   8.9969024856728780E-03   1.2977141142237048E-02   3.8801652015288781E-04
     117   1.0071357480314960E+02       42   1.2309000000000001E+00   7.9358544389166105E-03   1.2023730590406800E-02   3.5950954465316338E-04
     117   1.0071357480314960E+02       43   1.2608000000000001E+00   7.6554039574765736E-03   1.2169157516726618E-02   3.6385780975012593E-04
     117   1.0071357480314960E+02       44   1.2907000000000002E+00   5.1583448689232984E-03   8.5933201947975251E-03   2.5694027382444607E-04
     117   1.0071357480314960E+02       45   1.3206000000000002E+00   5.3845472469629310E-03   9.3905661843844135E-03   2.8077792891309403E-04
     117   1.0071357480314960E+02       46   1.3505000000000000E+00   4.1604770209527396E-03   7.5880870547839095E-03   2.2688380293803894E-04
     117   1.0071357480314960E+02       47   1.3804000000000001E+00   4.3308769580976229E-03   8.2525040601031680E-03   2.4674987139708480E-04
     117   1.0071357480314960E+02       48   1.4103000000000001E+00   3.2801005785807191E-03   6.5239432205748595E-03   1.9506590229518834E-04
     117   1.0071357480314960E+02       49   1.4402000000000001E+00   3.2095008388563591E-03   6.6570697403157617E-03   1.9904638523544132E-04
     117   1.0071357480314960E+02       50   1.4701000000000002E+00   2.7321980700062772E-03   5.9048101030311278E-03   1.7655382208063076E-04
 
     118   1.0158179527559054E+02        1   5.0000000000000001E-03   1.4940678287956300E+02   3.7351695719890750E-03   1.1168157020247336E-04
     118   1.0158179527559054E+02        2   3.4900000000000000E-02   2.0226490351859784E+01   2.4636067513468737E-02   7.3661841865271544E-04
     118   1.0158179527559054E+02        3   6.4800000000000010E-02   9.8102180019175442E+00   4.1193497798771857E-02   1.2316855841832787E-03
     118   1.0158179527559054E+02        4   9.4700000000000006E-02   6.2881924921515537E+00   5.6393076206939438E-02   1.6861529785874895E-03
     118   1.0158179527559054E+02        5   1.2460000000000002E-01   5.1929294242613260E+00   8.0621060180364995E-02   2.4105696993929138E-03
     118   1.0158179527559054E+02        6   1.5450000000000003E-01   5.2270124138391623E+00   1.2477009307144431E-01   3.7306257828361856E-03
     118   1.0158179527559054E+02        7   1.8440000000000001E-01   5.3946404923364453E+00   1.8343590273149341E-01   5.4847334916716542E-03
     118   1.0158179527559054E+02        8   2.1430000000000002E-01   5.0316218949665492E+00   2.3107466939917237E-01   6.9091326150352555E-03
     118   1.0158179527559054E+02        9   2.4420000000000003E-01   4.1523501788670867E+00   2.4761975572049552E-01   7.4038306960428173E-03
     118   1.0158179527559054E+02       10   2.7410000000000001E-01   3.0559720066955460E+00   2.2959765220036182E-01   6.8649698007908202E-03
     118   1.0158179527559054E+02       11   3.0400000000000005E-01   2.0153131356755738E+00   1.8624717874659388E-01   5.5687906445231585E-03
     118   1.0158179527559054E+02       12   3.3390000000000003E-01   1.2663639314478607E+00   1.4118591428961619E-01   4.2214588372595247E-03
     118   1.0158179527559054E+02       13   3.6380000000000001E-01   1.1559104013581407E+00   1.5298525022032652E-01   4.5742589815877636E-03
     118   1.0158179527559054E+02       14   3.9370000000000005E-01   9.9422368710968234E-01   1.5410436329265781E-01   4.6077204624504695E-03
     118   1.0158179527559054E+02       15   4.2360000000000003E-01   6.0844203538707420E-01   1.0917698916606904E-01   3.2643919760654647E-03
     118   1.0158179527559054E+02       16   4.5350000000000007E-01   6.2113414369972730E-01   1.2774384554510929E-01   3.8195409817987683E-03
     118   1.0158179527559054E+02       17   4.8340000000000005E-01   8.2278994259720495E-01   1.9226590059876977E-01   5.7487504279032176E-03
     118   1.0158179527559054E+02       18   5.1330000000000009E-01   7.6938777030168171E-01   2.0271589692312150E-01   6.0612053180013345E-03
     118   1.0158179527559054E+02       19   5.4320000000000002E-01   7.1600427060266136E-01   2.1126868795066986E-01   6.3169337697250305E-03
     118   1.0158179527559054E+02       20   5.7310000000000005E-01   6.1291226294543977E-01   2.0130711625506950E-01   6.0190827760265792E-03
     118   1.0158179527559054E+02       21   6.0300000000000009E-01   6.8349085083770111E-01   2.4852342478224576E-01   7.4308504009891500E-03
     118   1.0158179527559054E+02       22   6.3290000000000002E-01   5.6832501221449860E-01   2.2764963655591902E-01   6.8067241330219798E-03
     118   1.0158179527559054E+02       23   6.6280000000000006E-01   5.4387477751294822E-01   2.3892627824058382E-01   7.1438957193934579E-03
     118   1.0158179527559054E+02       24   6.9270000000000009E-01   4.2942539829623949E-01   2.0605260167404504E-01   6.1609727900539483E-03
     118   1.0158179527559054E+02       25   7.2260000000000002E-01   2.9969456002489342E-01   1.5648574228486373E-01   4.6789236943174262E-03
     118   1.0158179527559054E+02       26   7.5250000000000006E-01   1.4292322891275272E-01   8.0931171642026956E-02   2.4198420320966064E-03
     118   1.0158179527559054E+02       27   7.8240000000000010E-01   8.4704543813963126E-02   5.1851866166627021E-02   1.5503707983821483E-03
     118   1.0158179527559054E+02       28   8.1230000000000013E-01   5.9749058509838630E-02   3.9424298352832315E-02   1.1787865207496865E-03
     118   1.0158179527559054E+02       29   8.4220000000000006E-01   4.0144090641583030E-02   2.8474237213110987E-02   8.5137969267201868E-04
     118   1.0158179527559054E+02       30   8.7210000000000010E-01   4.9037278471788542E-02   3.7295714545230729E-02   1.1151418649023991E-03
     118   1.0158179527559054E+02       31   9.0200000000000014E-01   5.3423285513672446E-02   4.3465398787065970E-02   1.2996154237332727E-03
     118   1.0158179527559054E+02       32   9.3190000000000006E-01   5.5846192455019220E-02   4.8498933903236931E-02   1.4501181237067846E-03
     118   1.0158179527559054E+02       33   9.6180000000000010E-01   4.1703612347336147E-02   3.8578311943281401E-02   1.1534915271041142E-03
     118   1.0158179527559054E+02       34   9.9170000000000014E-01   2.6908360932208844E-02   2.6463535857718806E-02   7.9125972214579249E-04
     118   1.0158179527559054E+02       35   1.0216000000000001E+00   1.6888196284455981E-02   1.7625645720802958E-02   5.2700680705200856E-04
     118   1.0158179527559054E+02       36   1.0515000000000001E+00   1.6674300555333268E-02   1.8435977926180479E-02   5.5123573999279639E-04
     118   1.0158179527559054E+02       37   1.0814000000000001E+00   1.8690133449966916E-02   2.1856727252255678E-02   6.5351614484244493E-04
     118   1.0158179527559054E+02       38   1.1113000000000002E+00   1.6178918970620709E-02   1.9980765766224054E-02   5.9742489641009930E-04
     118   1.0158179527559054E+02       39   1.1412000000000002E+00   1.6053886962054238E-02   2.0907578048211101E-02   6.2513658364151206E-04
     118   1.0158179527559054E+02       40   1.1711000000000000E+00   1.2219493197098131E-02   1.6758731998583732E-02   5.0108608675765367E-04
     118   1.0158179527559054E+02       41   1.2010000000000001E+00   8.9945932041317761E-03   1.2973810232232881E-02   3.8791692594376321E-04
     118   1.0158179527559054E+02       42   1.2309000000000001E+00   8.3124108417958493E-03   1.2594256773209460E-02   3.7656827751896292E-04
     118   1.0158179527559054E+02       43   1.2608000000000001E+00   7.3183382276155989E-03   1.1633352223765867E-02   3.4783723149059946E-04
     118   1.0158179527559054E+02       44   1.2907000000000002E+00   5.0787655580936727E-03   8.4607485044167242E-03   2.5297638028206010E-04
     118   1.0158179527559054E+02       45   1.3206000000000002E+00   5.4525676468838045E-03   9.5091926980073616E-03   2.8432486167042015E-04
     118   1.0158179527559054E+02       46   1.3505000000000000E+00   4.0068388429830674E-03   7.3078740254843783E-03   2.1850543336198296E-04
     118   1.0158179527559054E+02       47   1.3804000000000001E+00   4.0736916881090090E-03   7.7624364582491402E-03   2.3209685010164933E-04
     118   1.0158179527559054E+02       48   1.4103000000000001E+00   3.1991292754699756E-03   6.3628956638505417E-03   1.9025058034913124E-04
     118   1.0158179527559054E+02       49   1.4402000000000001E+00   3.2935856078454002E-03   6.8314763534817659E-03   2.0426114296910486E-04
     118   1.0158179527559054E+02       50   1.4701000000000002E+00   2.7679332135222561E-03   5.9820406811443520E-03   1.7886301636621616E-04
 
     119   1.0245001574803149E+02        1   5.0000000000000001E-03   1.4869529438221028E+02   3.7173823595552571E-03   1.1114973255070222E-04
     119   1.0245001574803149E+02        2   3.4900000000000000E-02   2.0099076974481996E+01   2.4480876745688818E-02   7.3197821469609585E-04
     119   1.0245001574803149E+02        3   6.4800000000000010E-02   9.7278094370666413E+00   4.0847460938620322E-02   1.2213390820647479E-03
     119   1.0245001574803149E+02        4   9.4700000000000006E-02   6.2369294905253509E+00   5.5933344994685504E-02   1.6724070153410970E-03
     119   1.0245001574803149E+02        5   1.2460000000000002E-01   5.1744680756934773E+00   8.0334444790033377E-02   2.4019998992219987E-03
     119   1.0245001574803149E+02        6   1.5450000000000003E-01   5.2329540563252070E+00   1.2491192156299682E-01   3.7348664547336057E-03
     119   1.0245001574803149E+02        7   1.8440000000000001E-01   5.4112287069588598E+00   1.8399995776505662E-01   5.5015987371751941E-03
     119   1.0245001574803149E+02        8   2.1430000000000002E-01   5.0536770191220297E+00   2.3208753972789950E-01   6.9394174378641970E-03
     119   1.0245001574803149E+02        9   2.4420000000000003E-01   4.1849186772941103E+00   2.4956193383103320E-01   7.4619018215478939E-03
     119   1.0245001574803149E+02       10   2.7410000000000001E-01   3.0911532595766040E+00   2.3224084822613053E-01   6.9440013619613047E-03
     119   1.0245001574803149E+02       11   3.0400000000000005E-01   2.0167750077473450E+00   1.8638227911597868E-01   5.5728301455677635E-03
     119   1.0245001574803149E+02       12   3.3390000000000003E-01   1.2395616633830218E+00   1.3819775059685904E-01   4.1321127428460861E-03
     119   1.0245001574803149E+02       13   3.6380000000000001E-01   1.1339068649549087E+00   1.5007307249580276E-01   4.4871848676245035E-03
     119   1.0245001574803149E+02       14   3.9370000000000005E-01   9.6257410904053320E-01   1.4919868850330889E-01   4.4610407862489369E-03
     119   1.0245001574803149E+02       15   4.2360000000000003E-01   5.8574261342270928E-01   1.0510387389502616E-01   3.1426058294612832E-03
     119   1.0245001574803149E+02       16   4.5350000000000007E-01   6.0406692782576277E-01   1.2423376352723402E-01   3.7145895294642978E-03
     119   1.0245001574803149E+02       17   4.8340000000000005E-01   8.0230914704228029E-01   1.8748003922822723E-01   5.6056531729239958E-03
     119   1.0245001574803149E+02       18   5.1330000000000009E-01   7.8103970808904255E-01   2.0578591325380882E-01   6.1529988062888853E-03
     119   1.0245001574803149E+02       19   5.4320000000000002E-01   7.3250927797238363E-01   2.1613875841642607E-01   6.4625488766511408E-03
     119   1.0245001574803149E+02       20   5.7310000000000005E-01   6.2171392663104397E-01   2.0419796644997526E-01   6.1055191968542614E-03
     119   1.0245001574803149E+02       21   6.0300000000000009E-01   6.6643385522242271E-01   2.4232134766357000E-01   7.2454082951407444E-03
     119   1.0245001574803149E+02       22   6.3290000000000002E-01   5.4757082384528799E-01   2.1933628884515405E-01   6.5581550364701077E-03
     119   1.0245001574803149E+02       23   6.6280000000000006E-01   5.5849065471235437E-01   2.4534708921925141E-01   7.3358779676556190E-03
     119   1.0245001574803149E+02       24   6.9270000000000009E-01   4.4377358039554615E-01   2.1293733709627446E-01   6.3668263791786077E-03
     119   1.0245001574803149E+02       25   7.2260000000000002E-01   3.0486422892361920E-01   1.5918508882928176E-01   4.7596341559955260E-03
     119   1.0245001574803149E+02       26   7.5250000000000006E-01   1.4273286197153845E-01   8.0823375171770989E-02   2.4166189176359531E-03
     119   1.0245001574803149E+02       27   7.8240000000000010E-01   8.5816128853190163E-02   5.2532322681609442E-02   1.5707164481801226E-03
     119   1.0245001574803149E+02       28   8.1230000000000013E-01   6.3424973092417389E-02   4.1849781813785070E-02   1.2513084762321739E-03
     119   1.0245001574803149E+02       29   8.4220000000000006E-01   3.5903507974230642E-02   2.5466388365068499E-02   7.6144501211554828E-04
     119   1.0245001574803149E+02       30   8.7210000000000010E-01   5.3449280424478100E-02   4.0651299735285196E-02   1.2154738620850276E-03
     119   1.0245001574803149E+02       31   9.0200000000000014E-01   5.5898111909611012E-02   4.5478927442107173E-02   1.3598199305190047E-03
     119   1.0245001574803149E+02       32   9.3190000000000006E-01   5.7121758148747571E-02   4.9606683125696369E-02   1.4832398254583218E-03
     119   1.0245001574803149E+02       33   9.6180000000000010E-01   4.3030414092858682E-02   3.9805682157625151E-02   1.1901898965129922E-03
     119   1.0245001574803149E+02       34   9.9170000000000014E-01   2.4936696381694073E-02   2.4524465110771693E-02   7.3328150681207377E-04
     119   1.0245001574803149E+02       35   1.0216000000000001E+00   1.5657956732533614E-02   1.6341685839672198E-02   4.8861640660619878E-04
     119   1.0245001574803149E+02       36   1.0515000000000001E+00   1.6272666457603936E-02   1.7991910282349324E-02   5.3795811744224490E-04
     119   1.0245001574803149E+02       37   1.0814000000000001E+00   1.8809330798506260E-02   2.1996119726000758E-02   6.5768397980742275E-04
     119   1.0245001574803149E+02       38   1.1113000000000002E+00   1.6940980045648518E-02   2.0921901812911561E-02   6.2556486420605579E-04
     119   1.0245001574803149E+02       39   1.1412000000000002E+00   1.4117034227381449E-02   1.8385142216080341E-02   5.4971575226080236E-04
     119   1.0245001574803149E+02       40   1.1711000000000000E+00   1.3621872518977994E-02   1.8682060473558575E-02   5.5859360815940155E-04
     119   1.0245001574803149E+02       41   1.2010000000000001E+00   9.3763727855779022E-03   1.3524489482290354E-02   4.0438223552048165E-04
     119   1.0245001574803149E+02       42   1.2309000000000001E+00   8.9146103913588445E-03   1.3506658229327683E-02   4.0384908105689781E-04
     119   1.0245001574803149E+02       43   1.2608000000000001E+00   7.3646375602990661E-03   1.1706950413420403E-02   3.5003781736127012E-04
     119   1.0245001574803149E+02       44   1.2907000000000002E+00   5.0341059760527218E-03   8.3863498168540163E-03   2.5075185952393517E-04
     119   1.0245001574803149E+02       45   1.3206000000000002E+00   5.4754491435092542E-03   9.5490976702555380E-03   2.8551802034064064E-04
     119   1.0245001574803149E+02       46   1.3505000000000000E+00   3.8823253946202235E-03   7.0807801415594430E-03   2.1171532623262738E-04
     119   1.0245001574803149E+02       47   1.3804000000000001E+00   3.7632704188974896E-03   7.1709274384141103E-03   2.1441073040858195E-04
     119   1.0245001574803149E+02       48   1.4103000000000001E+00   3.1204229810347039E-03   6.2063530872751189E-03   1.8556995730952610E-04
     119   1.0245001574803149E+02       49   1.4402000000000001E+00   3.3692385171258804E-03   6.9883938052676320E-03   2.0895297477750225E-04
     119   1.0245001574803149E+02       50   1.4701000000000002E+00   2.6120586479202968E-03   5.6451655036540453E-03   1.6879044855925600E-04
 
     120   1.0331823622047243E+02        1   5.0000000000000001E-03   1.4591457992343072E+02   3.6478644980857682E-03   1.0907114849276450E-04
     120   1.0331823622047243E+02        2   3.4900000000000000E-02   1.9690711812280302E+01   2.3983483894475532E-02   7.1710616844481855E-04
     120   1.0331823622047243E+02        3   6.4800000000000010E-02   9.5160356368751824E+00   3.9958214280664379E-02   1.1947506069918653E-03
     120   1.0331823622047243E+02        4   9.4700000000000006E-02   6.1163926965885098E+00   5.4852360178348457E-02   1.6400855693326191E-03
     120   1.0331823622047243E+02        5   1.2460000000000002E-01   5.1148814645813525E+00   7.9409353118659862E-02   2.3743396582479302E-03
     120   1.0331823622047243E+02        6   1.5450000000000003E-01   5.2103050400550313E+00   1.2437128388237366E-01   3.7187013880829733E-03
     120   1.0331823622047243E+02        7   1.8440000000000001E-01   5.4057380458337692E+00   1.8381325683818217E-01   5.4960163794616481E-03
     120   1.0331823622047243E+02        8   2.1430000000000002E-01   5.0581128251642005E+00   2.3229125185812510E-01   6.9455084305579421E-03
     120   1.0331823622047243E+02        9   2.4420000000000003E-01   4.1988735500910011E+00   2.5039411369164877E-01   7.4867839993802993E-03
     120   1.0331823622047243E+02       10   2.7410000000000001E-01   3.0981064534508058E+00   2.3276324731398634E-01   6.9596210946881931E-03
     120   1.0331823622047243E+02       11   3.0400000000000005E-01   1.9887945798963853E+00   1.8379643989570441E-01   5.4955135528815631E-03
     120   1.0331823622047243E+02       12   3.3390000000000003E-01   1.2000581588485888E+00   1.3379353608408370E-01   4.0004267289141032E-03
     120   1.0331823622047243E+02       13   3.6380000000000001E-01   1.1090426098949395E+00   1.4678227739834362E-01   4.3887900942104754E-03
     120   1.0331823622047243E+02       14   3.9370000000000005E-01   9.3461240665626000E-01   1.4486463330187430E-01   4.3314525357260420E-03
     120   1.0331823622047243E+02       15   4.2360000000000003E-01   5.7303867780808027E-01   1.0282431830830141E-01   3.0744471174182129E-03
     120   1.0331823622047243E+02       16   4.5350000000000007E-01   5.9353619810956837E-01   1.2206798995965962E-01   3.6498328997938232E-03
     120   1.0331823622047243E+02       17   4.8340000000000005E-01   7.9689175426318593E-01   1.8621412693683240E-01   5.5678023954112898E-03
     120   1.0331823622047243E+02       18   5.1330000000000009E-01   8.0437910018009573E-01   2.1193530369645011E-01   6.3368655805238596E-03
     120   1.0331823622047243E+02       19   5.4320000000000002E-01   7.4374782723936661E-01   2.1945487489168952E-01   6.5617007592615184E-03
     120   1.0331823622047243E+02       20   5.7310000000000005E-01   6.1668015499186368E-01   2.0254465632088725E-01   6.0560852239945305E-03
     120   1.0331823622047243E+02       21   6.0300000000000009E-01   6.3874131749181140E-01   2.3225209171188013E-01   6.9443375421852178E-03
     120   1.0331823622047243E+02       22   6.3290000000000002E-01   5.4142057513861186E-01   2.1687273040110847E-01   6.4844946389931444E-03
     120   1.0331823622047243E+02       23   6.6280000000000006E-01   5.8007220476152410E-01   2.5482794702900385E-01   7.6193556161672166E-03
     120   1.0331823622047243E+02       24   6.9270000000000009E-01   4.5323920452297078E-01   2.1747925866324000E-01   6.5026298340308776E-03
     120   1.0331823622047243E+02       25   7.2260000000000002E-01   3.0030784841729474E-01   1.5680597128505527E-01   4.6884985414231539E-03
     120   1.0331823622047243E+02       26   7.5250000000000006E-01   1.4321963790717504E-01   8.1099015087674808E-02   2.4248605511214775E-03
     120   1.0331823622047243E+02       27   7.8240000000000010E-01   8.5589096219538113E-02   5.2393344709407173E-02   1.5665610068112748E-03
     120   1.0331823622047243E+02       28   8.1230000000000013E-01   6.5379079370880527E-02   4.3139162280300500E-02   1.2898609521809852E-03
     120   1.0331823622047243E+02       29   8.4220000000000006E-01   3.4065594512943019E-02   2.4162754803129880E-02   7.2246636861358362E-04
     120   1.0331823622047243E+02       30   8.7210000000000010E-01   5.8915572660698183E-02   4.4808734267060085E-02   1.3397811545850969E-03
     120   1.0331823622047243E+02       31   9.0200000000000014E-01   5.9404632794659080E-02   4.8331846860265822E-02   1.4451222211219483E-03
     120   1.0331823622047243E+02       32   9.3190000000000006E-01   5.7931737590340496E-02   5.0310099736102461E-02   1.5042719821094638E-03
     120   1.0331823622047243E+02       33   9.6180000000000010E-01   4.2638457936064203E-02   3.9443099493107529E-02   1.1793486748439153E-03
     120   1.0331823622047243E+02       34   9.9170000000000014E-01   2.4322546257353733E-02   2.3920467569693335E-02   7.1522198033383087E-04
     120   1.0331823622047243E+02       35   1.0216000000000001E+00   1.5605252396914257E-02   1.6286680087019258E-02   4.8697173460187591E-04
     120   1.0331823622047243E+02       36   1.0515000000000001E+00   1.5238913941755715E-02   1.6848939487258578E-02   5.0378329066903154E-04
     120   1.0331823622047243E+02       37   1.0814000000000001E+00   1.9079651796754846E-02   2.2312240118885766E-02   6.6713597955468456E-04
     120   1.0331823622047243E+02       38   1.1113000000000002E+00   1.6664519833720876E-02   2.0580476854406133E-02   6.1535625794674345E-04
     120   1.0331823622047243E+02       39   1.1412000000000002E+00   1.2733625720154133E-02   1.6583477522303696E-02   4.9584597791688058E-04
     120   1.0331823622047243E+02       40   1.1711000000000000E+00   1.3559699331806107E-02   1.8596791488625641E-02   5.5604406550990675E-04
     120   1.0331823622047243E+02       41   1.2010000000000001E+00   9.8864334475325735E-03   1.4260201491154435E-02   4.2638002458551767E-04
     120   1.0331823622047243E+02       42   1.2309000000000001E+00   9.3492301294899119E-03   1.4165157031288386E-02   4.2353819523552284E-04
     120   1.0331823622047243E+02       43   1.2608000000000001E+00   7.7246969725014289E-03   1.2279306846445898E-02   3.6715127470873246E-04
     120   1.0331823622047243E+02       44   1.2907000000000002E+00   5.1245180834089254E-03   8.5369679332732932E-03   2.5525534120487151E-04
     120   1.0331823622047243E+02       45   1.3206000000000002E+00   5.4298731609691234E-03   9.4696138695139175E-03   2.8314145469846621E-04
     120   1.0331823622047243E+02       46   1.3505000000000000E+00   3.8497705146990908E-03   7.0214049156765651E-03   2.0994000697872935E-04
     120   1.0331823622047243E+02       47   1.3804000000000001E+00   3.7598631335810351E-03   7.1644348420692987E-03   2.1421660177787209E-04
     120   1.0331823622047243E+02       48   1.4103000000000001E+00   3.1564064673959441E-03   6.2779223017778761E-03   1.8770987682315853E-04
     120   1.0331823622047243E+02       49   1.4402000000000001E+00   3.3129975181410659E-03   6.8717400727076649E-03   2.0546502817395923E-04
     120   1.0331823622047243E+02       50   1.4701000000000002E+00   2.4418385798939349E-03   5.2772869122536797E-03   1.5779087867638506E-04
 
     121   1.0418645669291338E+02        1   5.0000000000000001E-03   1.4164970941667269E+02   3.5412427354168173E-03   1.0588315778896286E-04
     121   1.0418645669291338E+02        2   3.4900000000000000E-02   1.9086399427713442E+01   2.3247425366949251E-02   6.9509801847178270E-04
     121   1.0418645669291338E+02        3   6.4800000000000010E-02   9.2201091612387174E+00   3.8715607172407837E-02   1.1575966544549946E-03
     121   1.0418645669291338E+02        4   9.4700000000000006E-02   5.9550967751380295E+00   5.3405843838147622E-02   1.5968347307606142E-03
     121   1.0418645669291338E+02        5   1.2460000000000002E-01   5.0320807948820443E+00   7.8123859473470947E-02   2.3359033982567820E-03
     121   1.0418645669291338E+02        6   1.5450000000000003E-01   5.1696977893948821E+00   1.2340197865730324E-01   3.6897191618533677E-03
     121   1.0418645669291338E+02        7   1.8440000000000001E-01   5.3825869335495282E+00   1.8302604123278071E-01   5.4724786328601447E-03
     121   1.0418645669291338E+02        8   2.1430000000000002E-01   5.0438208872673451E+00   2.3163490189910035E-01   6.9258835667831021E-03
     121   1.0418645669291338E+02        9   2.4420000000000003E-01   4.1917156003074725E+00   2.4996725909111978E-01   7.4740210468244826E-03
     121   1.0418645669291338E+02       10   2.7410000000000001E-01   3.0780804293600719E+00   2.3125867590297000E-01   6.9146344094988049E-03
     121   1.0418645669291338E+02       11   3.0400000000000005E-01   1.9388389777219359E+00   1.7917974296515049E-01   5.3574743146580011E-03
     121   1.0418645669291338E+02       12   3.3390000000000003E-01   1.1562956463953957E+00   1.2891448814306203E-01   3.8545431954775554E-03
     121   1.0418645669291338E+02       13   3.6380000000000001E-01   1.0875240562091104E+00   1.4393428734986052E-01   4.3036351917608304E-03
     121   1.0418645669291338E+02       14   3.9370000000000005E-01   9.1733710432252491E-01   1.4218696679548906E-01   4.2513903071851235E-03
     121   1.0418645669291338E+02       15   4.2360000000000003E-01   5.7393561601071885E-01   1.0298526217269074E-01   3.0792593389634541E-03
     121   1.0418645669291338E+02       16   4.5350000000000007E-01   5.9045619845668862E-01   1.2143455030104915E-01   3.6308930540013703E-03
     121   1.0418645669291338E+02       17   4.8340000000000005E-01   8.0300313004053436E-01   1.8764220609397475E-01   5.6105019622098460E-03
     121   1.0418645669291338E+02       18   5.1330000000000009E-01   8.2817863967481542E-01   2.1820593234595104E-01   6.5243573771439373E-03
     121   1.0418645669291338E+02       19   5.4320000000000002E-01   7.4199437782461730E-01   2.1893749116584924E-01   6.5462309858588938E-03
     121   1.0418645669291338E+02       20   5.7310000000000005E-01   6.0154908284078168E-01   1.9757495236041542E-01   5.9074910755764227E-03
     121   1.0418645669291338E+02       21   6.0300000000000009E-01   6.1480960977081589E-01   2.2355030739915668E-01   6.6841541912347861E-03
     121   1.0418645669291338E+02       22   6.3290000000000002E-01   5.5371808412899859E-01   2.2179865023929443E-01   6.6317796421549047E-03
     121   1.0418645669291338E+02       23   6.6280000000000006E-01   5.9772088417079627E-01   2.6258107966442606E-01   7.8511742819663416E-03
     121   1.0418645669291338E+02       24   6.9270000000000009E-01   4.5148603391426911E-01   2.1663802904213539E-01   6.4774770683598496E-03
     121   1.0418645669291338E+02       25   7.2260000000000002E-01   2.8869213638771996E-01   1.5074081842087164E-01   4.5071504707840633E-03
     121   1.0418645669291338E+02       26   7.5250000000000006E-01   1.4612599563039302E-01   8.2744758313182759E-02   2.4740682735641651E-03
     121   1.0418645669291338E+02       27   7.8240000000000010E-01   8.4011701881058179E-02   5.1427743143681322E-02   1.5376895199960719E-03
     121   1.0418645669291338E+02       28   8.1230000000000013E-01   6.6427143558767651E-02   4.3830707825396865E-02   1.3105381639793665E-03
     121   1.0418645669291338E+02       29   8.4220000000000006E-01   3.6027309239310100E-02   2.5554200706382420E-02   7.6407060112083458E-04
     121   1.0418645669291338E+02       30   8.7210000000000010E-01   6.2015723063258546E-02   4.7166579727992257E-02   1.4102807338669688E-03
     121   1.0418645669291338E+02       31   9.0200000000000014E-01   6.1663685810831995E-02   5.0169821430436169E-02   1.5000776607700418E-03
     121   1.0418645669291338E+02       32   9.3190000000000006E-01   5.7354923371922543E-02   4.9809172574845559E-02   1.4892942599878825E-03
     121   1.0418645669291338E+02       33   9.6180000000000010E-01   4.1331507490151048E-02   3.8234092906893447E-02   1.1431993779161143E-03
     121   1.0418645669291338E+02       34   9.9170000000000014E-01   2.5912228876066250E-02   2.5483870970170828E-02   7.6196774200810796E-04
     121   1.0418645669291338E+02       35   1.0216000000000001E+00   1.6374937779125669E-02   1.7089974982154130E-02   5.1099025196640858E-04
     121   1.0418645669291338E+02       36   1.0515000000000001E+00   1.4431757757851934E-02   1.5956505436423948E-02   4.7709951254907613E-04
     121   1.0418645669291338E+02       37   1.0814000000000001E+00   1.9038990308638495E-02   2.2264689519110276E-02   6.6571421662139744E-04
     121   1.0418645669291338E+02       38   1.1113000000000002E+00   1.5905601900509190E-02   1.9643222549169458E-02   5.8733235422016696E-04
     121   1.0418645669291338E+02       39   1.1412000000000002E+00   1.2790223859884561E-02   1.6657187398708983E-02   4.9804990322139869E-04
     121   1.0418645669291338E+02       40   1.1711000000000000E+00   1.2048699667708083E-02   1.6524492906996875E-02   4.9408233791920669E-04
     121   1.0418645669291338E+02       41   1.2010000000000001E+00   1.0226437748191880E-02   1.4750624034429718E-02   4.4104365862944868E-04
     121   1.0418645669291338E+02       42   1.2309000000000001E+00   9.3265517724802852E-03   1.4130796716716633E-02   4.2251082182982741E-04
     121   1.0418645669291338E+02       43   1.2608000000000001E+00   8.1929970258082657E-03   1.3023724403695333E-02   3.8940935967049056E-04
     121   1.0418645669291338E+02       44   1.2907000000000002E+00   5.2928985788993910E-03   8.8174740935002757E-03   2.6364247539565830E-04
     121   1.0418645669291338E+02       45   1.3206000000000002E+00   5.4649176845622018E-03   9.5307309705638978E-03   2.8496885601986060E-04
     121   1.0418645669291338E+02       46   1.3505000000000000E+00   3.9660625869128519E-03   7.2335042406566517E-03   2.1628177679563395E-04
     121   1.0418645669291338E+02       47   1.3804000000000001E+00   4.0660401866569581E-03   7.7478564904020107E-03   2.3166090906302016E-04
     121   1.0418645669291338E+02       48   1.4103000000000001E+00   3.2937089288759677E-03   6.5510094956859445E-03   1.9587518392100977E-04
     121   1.0418645669291338E+02       49   1.4402000000000001E+00   3.1870449015034999E-03   6.6104921731027205E-03   1.9765371597577137E-04
     121   1.0418645669291338E+02       50   1.4701000000000002E+00   2.4341055280930586E-03   5.2605742870226058E-03   1.5729117118197595E-04
 
     122   1.0505467716535432E+02        1   5.0000000000000001E-03   1.3685935127584671E+02   3.4214837818961679E-03   1.0230236507869545E-04
     122   1.0505467716535432E+02        2   3.4900000000000000E-02   1.8421477215301891E+01   2.2437543463009857E-02   6.7088254954399487E-04
     122   1.0505467716535432E+02        3   6.4800000000000010E-02   8.9075760745473609E+00   3.7403268240067358E-02   1.1183577203780143E-03
     122   1.0505467716535432E+02        4   9.4700000000000006E-02   5.7924359402578656E+00   5.1947086831467169E-02   1.5532178962608687E-03
     122   1.0505467716535432E+02        5   1.2460000000000002E-01   4.9490946454144717E+00   7.6835486225202962E-02   2.2973810381335690E-03
     122   1.0505467716535432E+02        6   1.5450000000000003E-01   5.1241001701226461E+00   1.2231355208587014E-01   3.6571752073675180E-03
     122   1.0505467716535432E+02        7   1.8440000000000001E-01   5.3486821032841796E+00   1.8187316308352916E-01   5.4380075761975228E-03
     122   1.0505467716535432E+02        8   2.1430000000000002E-01   5.0143490756249269E+00   2.3028142398004622E-01   6.8854145770033837E-03
     122   1.0505467716535432E+02        9   2.4420000000000003E-01   4.1668750235403467E+00   2.4848592507879663E-01   7.4297291598560211E-03
     122   1.0505467716535432E+02       10   2.7410000000000001E-01   3.0387134670010121E+00   2.2830100413369434E-01   6.8262000235974618E-03
     122   1.0505467716535432E+02       11   3.0400000000000005E-01   1.8788416619033828E+00   1.7363503102646308E-01   5.1916874276912474E-03
     122   1.0505467716535432E+02       12   3.3390000000000003E-01   1.1171580094652940E+00   1.2455106392045817E-01   3.7240768112217003E-03
     122   1.0505467716535432E+02       13   3.6380000000000001E-01   1.0740407465722241E+00   1.4214976538676238E-01   4.2502779850641962E-03
     122   1.0505467716535432E+02       14   3.9370000000000005E-01   9.1390237435195110E-01   1.4165458471481643E-01   4.2354720829730118E-03
     122   1.0505467716535432E+02       15   4.2360000000000003E-01   5.8686197568221410E-01   1.0530472885601044E-01   3.1486113927947129E-03
     122   1.0505467716535432E+02       16   4.5350000000000007E-01   5.9169783548257948E-01   1.2168990816547717E-01   3.6385282541477682E-03
     122   1.0505467716535432E+02       17   4.8340000000000005E-01   8.1379594014020917E-01   1.9016422203798991E-01   5.6859102389358995E-03
     122   1.0505467716535432E+02       18   5.1330000000000009E-01   8.4235452455224269E-01   2.2194095040645362E-01   6.6360344171529648E-03
     122   1.0505467716535432E+02       19   5.4320000000000002E-01   7.2638881190011617E-01   2.1433281550543457E-01   6.4085511836124952E-03
     122   1.0505467716535432E+02       20   5.7310000000000005E-01   5.8605185657517311E-01   1.9248498742075212E-01   5.7553011238804901E-03
     122   1.0505467716535432E+02       21   6.0300000000000009E-01   6.0610258886538648E-01   2.2038435623475439E-01   6.5894922514191578E-03
     122   1.0505467716535432E+02       22   6.3290000000000002E-01   5.7902823176851093E-01   2.3193694397523332E-01   6.9349146248594779E-03
     122   1.0505467716535432E+02       23   6.6280000000000006E-01   6.0081613329868599E-01   2.6394083449206468E-01   7.8918309513127359E-03
     122   1.0505467716535432E+02       24   6.9270000000000009E-01   4.3915856361780425E-01   2.1072289841240538E-01   6.3006146625309220E-03
     122   1.0505467716535432E+02       25   7.2260000000000002E-01   2.7679751668123664E-01   1.4453003370122042E-01   4.3214480076664910E-03
     122   1.0505467716535432E+02       26   7.5250000000000006E-01   1.5177207001104917E-01   8.5941883219194187E-02   2.5696623082539067E-03
     122   1.0505467716535432E+02       27   7.8240000000000010E-01   8.1134961280819540E-02   4.9666747075662980E-02   1.4850357375623235E-03
     122   1.0505467716535432E+02       28   8.1230000000000013E-01   6.7464030174691755E-02   4.4514878058765799E-02   1.3309948539570976E-03
     122   1.0505467716535432E+02       29   8.4220000000000006E-01   4.0508376310700304E-02   2.8732625344215834E-02   8.5910549779205365E-04
     122   1.0505467716535432E+02       30   8.7210000000000010E-01   6.0059941098993069E-02   4.5679093306943828E-02   1.3658048898776208E-03
     122   1.0505467716535432E+02       31   9.0200000000000014E-01   6.1853307551501445E-02   5.0324098437131794E-02   1.5046905432702410E-03
     122   1.0505467716535432E+02       32   9.3190000000000006E-01   5.5995162752604896E-02   4.8628305312433222E-02   1.4539863288417537E-03
     122   1.0505467716535432E+02       33   9.6180000000000010E-01   4.0410387251572130E-02   3.7382002119045007E-02   1.1177218633594459E-03
     122   1.0505467716535432E+02       34   9.9170000000000014E-01   2.8393791128762551E-02   2.7924410244295959E-02   8.3493986630444933E-04
     122   1.0505467716535432E+02       35   1.0216000000000001E+00   1.7101521342999363E-02   1.7848285950814727E-02   5.3366374992936045E-04
     122   1.0505467716535432E+02       36   1.0515000000000001E+00   1.4238439568009305E-02   1.5742762744858519E-02   4.7070860607126980E-04
     122   1.0505467716535432E+02       37   1.0814000000000001E+00   1.8465573713535039E-02   2.1594121266901484E-02   6.4566422588035457E-04
     122   1.0505467716535432E+02       38   1.1113000000000002E+00   1.5545712850982076E-02   1.9198764003237674E-02   5.7404304369680658E-04
     122   1.0505467716535432E+02       39   1.1412000000000002E+00   1.3971602021622148E-02   1.8195740409538221E-02   5.4405263824519297E-04
     122   1.0505467716535432E+02       40   1.1711000000000000E+00   1.0031549004596503E-02   1.3758020777704280E-02   4.1136482125335807E-04
     122   1.0505467716535432E+02       41   1.2010000000000001E+00   1.0126247333967674E-02   1.4606109280762310E-02   4.3672266749479317E-04
     122   1.0505467716535432E+02       42   1.2309000000000001E+00   8.8303533536086450E-03   1.3378999143585627E-02   4.0003207439321032E-04
     122   1.0505467716535432E+02       43   1.2608000000000001E+00   8.4095968058693557E-03   1.3368035018300781E-02   3.9970424704719343E-04
     122   1.0505467716535432E+02       44   1.2907000000000002E+00   5.3113646819611011E-03   8.8482368944357865E-03   2.6456228314363005E-04
     122   1.0505467716535432E+02       45   1.3206000000000002E+00   5.5658557689750318E-03   9.7067654111082334E-03   2.9023228579213624E-04
     122   1.0505467716535432E+02       46   1.3505000000000000E+00   4.2024315404444023E-03   7.6646058156474087E-03   2.2917171388785757E-04
     122   1.0505467716535432E+02       47   1.3804000000000001E+00   4.3373931732683894E-03   8.2649207352185183E-03   2.4712112998303377E-04
     122   1.0505467716535432E+02       48   1.4103000000000001E+00   3.4483123173891014E-03   6.8585073007698932E-03   2.0506936829301986E-04
     122   1.0505467716535432E+02       49   1.4402000000000001E+00   3.2633734732135287E-03   6.7688110677110837E-03   2.0238745092456144E-04
     122   1.0505467716535432E+02       50   1.4701000000000002E+00   2.6572015987516386E-03   5.7427281785844657E-03   1.7170757253967556E-04
 
     123   1.0592289763779526E+02        1   5.0000000000000001E-03   1.3261735816461436E+02   3.3154339541153592E-03   9.9131475228049265E-05
     123   1.0592289763779526E+02        2   3.4900000000000000E-02   1.7845536755314498E+01   2.1736042223340614E-02   6.4990766247788453E-04
     123   1.0592289763779526E+02        3   6.4800000000000010E-02   8.6504391529406472E+00   3.6323540020763906E-02   1.0860738466208410E-03
     123   1.0592289763779526E+02        4   9.4700000000000006E-02   5.6682972944154235E+00   5.0833800283074021E-02   1.5199306284639136E-03
     123   1.0592289763779526E+02        5   1.2460000000000002E-01   4.8881304235297582E+00   7.5889006926167291E-02   2.2690813070924023E-03
     123   1.0592289763779526E+02        6   1.5450000000000003E-01   5.0854505448484897E+00   1.2139097586816971E-01   3.6295901784582753E-03
     123   1.0592289763779526E+02        7   1.8440000000000001E-01   5.3114093196191376E+00   1.8060576320236463E-01   5.4001123197507037E-03
     123   1.0592289763779526E+02        8   2.1430000000000002E-01   4.9765812602913853E+00   2.2854695632243915E-01   6.8335539940409321E-03
     123   1.0592289763779526E+02        9   2.4420000000000003E-01   4.1321377606939995E+00   2.4641441565163219E-01   7.3677910279838039E-03
     123   1.0592289763779526E+02       10   2.7410000000000001E-01   2.9911947628173556E+00   2.2473088539822583E-01   6.7194534734069536E-03
     123   1.0592289763779526E+02       11   3.0400000000000005E-01   1.8216557636164721E+00   1.6835013905037993E-01   5.0336691576063613E-03
     123   1.0592289763779526E+02       12   3.3390000000000003E-01   1.0898274948449125E+00   1.2150400643653839E-01   3.6329697924524984E-03
     123   1.0592289763779526E+02       13   3.6380000000000001E-01   1.0709068567422573E+00   1.4173499368885473E-01   4.2378763112967573E-03
     123   1.0592289763779526E+02       14   3.9370000000000005E-01   9.2312016952760989E-01   1.4308334010952703E-01   4.2781918692748593E-03
     123   1.0592289763779526E+02       15   4.2360000000000003E-01   6.0578671085813540E-01   1.0870052580478283E-01   3.2501457215630071E-03
     123   1.0592289763779526E+02       16   4.5350000000000007E-01   5.9230826983567275E-01   1.2181545146801163E-01   3.6422819988935489E-03
     123   1.0592289763779526E+02       17   4.8340000000000005E-01   8.2318065024399989E-01   1.9235719942693086E-01   5.7514802628652337E-03
     123   1.0592289763779526E+02       18   5.1330000000000009E-01   8.4237284455628014E-01   2.2194577730414219E-01   6.6361787413938529E-03
     123   1.0592289763779526E+02       19   5.4320000000000002E-01   7.0331127363198009E-01   2.0752341306019953E-01   6.2049500504999669E-03
     123   1.0592289763779526E+02       20   5.7310000000000005E-01   5.8018670667723704E-01   1.9055861641508287E-01   5.6977026308109788E-03
     123   1.0592289763779526E+02       21   6.0300000000000009E-01   6.1500677019090300E-01   2.2362199670234412E-01   6.6862977014000907E-03
     123   1.0592289763779526E+02       22   6.3290000000000002E-01   6.0508490403642345E-01   2.4237426741544854E-01   7.2469905957219128E-03
     123   1.0592289763779526E+02       23   6.6280000000000006E-01   5.8529080096397046E-01   2.5712049638014794E-01   7.6879028417664256E-03
     123   1.0592289763779526E+02       24   6.9270000000000009E-01   4.2409791041801143E-01   2.0349629563799976E-01   6.0845392395761939E-03
     123   1.0592289763779526E+02       25   7.2260000000000002E-01   2.7142741353518468E-01   1.4172603026223099E-01   4.2376083048407077E-03
     123   1.0592289763779526E+02       26   7.5250000000000006E-01   1.5805091676805974E-01   8.9497319438143652E-02   2.6759698512004958E-03
     123   1.0592289763779526E+02       27   7.8240000000000010E-01   7.7393814840285541E-02   4.7376605179965239E-02   1.4165604948809609E-03
     123   1.0592289763779526E+02       28   8.1230000000000013E-01   6.8458029321829997E-02   4.5170749798280924E-02   1.3506054189686000E-03
     123   1.0592289763779526E+02       29   8.4220000000000006E-01   4.4477086685873378E-02   3.1547634947042810E-02   9.4327428491658026E-04
     123   1.0592289763779526E+02       30   8.7210000000000010E-01   5.3504847353189423E-02   4.0693561630234465E-02   1.2167374927440108E-03
     123   1.0592289763779526E+02       31   9.0200000000000014E-01   6.1215802927954720E-02   4.9805422125395682E-02   1.4891821215493313E-03
     123   1.0592289763779526E+02       32   9.3190000000000006E-01   5.5438961837286235E-02   4.8145279518854070E-02   1.4395438576137369E-03
     123   1.0592289763779526E+02       33   9.6180000000000010E-01   4.0498746317214347E-02   3.7463739489155108E-02   1.1201658107257381E-03
     123   1.0592289763779526E+02       34   9.9170000000000014E-01   2.9745618789554777E-02   2.9253890693326588E-02   8.7469133173046518E-04
     123   1.0592289763779526E+02       35   1.0216000000000001E+00   1.7542657049597236E-02   1.8308684536212899E-02   5.4742966763276580E-04
     123   1.0592289763779526E+02       36   1.0515000000000001E+00   1.4511662618859942E-02   1.6044852425783390E-02   4.7974108753092343E-04
     123   1.0592289763779526E+02       37   1.0814000000000001E+00   1.7933453690759361E-02   2.0971846298431816E-02   6.2705820432311149E-04
     123   1.0592289763779526E+02       38   1.1113000000000002E+00   1.5943860906413695E-02   1.9690471950493161E-02   5.8874511131974563E-04
     123   1.0592289763779526E+02       39   1.1412000000000002E+00   1.5455988676226676E-02   2.0128912725266044E-02   6.0185449048545485E-04
     123   1.0592289763779526E+02       40   1.1711000000000000E+00   8.8921751370484425E-03   1.2195397763440292E-02   3.6464239312686481E-04
     123   1.0592289763779526E+02       41   1.2010000000000001E+00   9.6861250824542156E-03   1.3971276505057046E-02   4.1774116750120579E-04
     123   1.0592289763779526E+02       42   1.2309000000000001E+00   8.2862346097073453E-03   1.2554596776302171E-02   3.7538244361143503E-04
     123   1.0592289763779526E+02       43   1.2608000000000001E+00   8.1968795692501407E-03   1.3029896159356060E-02   3.8959389516474629E-04
     123   1.0592289763779526E+02       44   1.2907000000000002E+00   5.1434414205049558E-03   8.5684924433540276E-03   2.5619792405628548E-04
     123   1.0592289763779526E+02       45   1.3206000000000002E+00   5.5245402744445171E-03   9.6347118348213499E-03   2.8807788386115844E-04
     123   1.0592289763779526E+02       46   1.3505000000000000E+00   4.3710476745710868E-03   7.9721363940283962E-03   2.3836687818144911E-04
     123   1.0592289763779526E+02       47   1.3804000000000001E+00   4.2639232347380504E-03   8.1249234617140117E-03   2.4293521150524900E-04
     123   1.0592289763779526E+02       48   1.4103000000000001E+00   3.4322201069612148E-03   6.8265007617598905E-03   2.0411237277662077E-04
     123   1.0592289763779526E+02       49   1.4402000000000001E+00   3.4586944117908649E-03   7.1739410786185063E-03   2.1450083825069340E-04
     123   1.0592289763779526E+02       50   1.4701000000000002E+00   2.8375024740777185E-03   6.1323933503369468E-03   1.8335856117507475E-04
 
     124   1.0679111811023621E+02        1   5.0000000000000001E-03   1.2979946472020814E+02   3.2449866180052035E-03   9.7025099878355600E-05
     124   1.0679111811023621E+02        2   3.4900000000000000E-02   1.7479095454107920E+01   2.1289713054057989E-02   6.3656242031633406E-04
     124   1.0679111811023621E+02        3   6.4800000000000010E-02   8.5044525989845354E+00   3.5710536641240034E-02   1.0677450455730771E-03
     124   1.0679111811023621E+02        4   9.4700000000000006E-02   5.6117394714642668E+00   5.0326584636643981E-02   1.5047648806356553E-03
     124   1.0679111811023621E+02        5   1.2460000000000002E-01   4.8648285409286292E+00   7.5527241470483536E-02   2.2582645199674583E-03
     124   1.0679111811023621E+02        6   1.5450000000000003E-01   5.0627654078397466E+00   1.2084947597648676E-01   3.6133993316969548E-03
     124   1.0679111811023621E+02        7   1.8440000000000001E-01   5.2781227019908421E+00   1.7947390635996735E-01   5.3662698001630251E-03
     124   1.0679111811023621E+02        8   2.1430000000000002E-01   4.9392875290170943E+00   2.2683426073347029E-01   6.7823443959307630E-03
     124   1.0679111811023621E+02        9   2.4420000000000003E-01   4.0975124594940926E+00   2.4434958290498537E-01   7.3060525288590646E-03
     124   1.0679111811023621E+02       10   2.7410000000000001E-01   2.9473947346457270E+00   2.2144015380366855E-01   6.6210605987296906E-03
     124   1.0679111811023621E+02       11   3.0400000000000005E-01   1.7780406094326042E+00   1.6431940096132361E-01   4.9131500887435765E-03
     124   1.0679111811023621E+02       12   3.3390000000000003E-01   1.0784613272393275E+00   1.2023680138946413E-01   3.5950803615449785E-03
     124   1.0679111811023621E+02       13   3.6380000000000001E-01   1.0779161694263428E+00   1.4266267930669105E-01   4.2656141112700635E-03
     124   1.0679111811023621E+02       14   3.9370000000000005E-01   9.4051349954142316E-01   1.4577930086973578E-01   4.3588010960051013E-03
     124   1.0679111811023621E+02       15   4.2360000000000003E-01   6.2271200900854251E-01   1.1173754985198550E-01   3.3409527405743674E-03
     124   1.0679111811023621E+02       16   4.5350000000000007E-01   5.8853822409380863E-01   1.2104009537813694E-01   3.6190988518062951E-03
     124   1.0679111811023621E+02       17   4.8340000000000005E-01   8.2880444127938924E-01   1.9367134194644844E-01   5.7907731241988100E-03
     124   1.0679111811023621E+02       18   5.1330000000000009E-01   8.3045266913074789E-01   2.1880508655476852E-01   6.5422720879875799E-03
     124   1.0679111811023621E+02       19   5.4320000000000002E-01   6.8294588003432843E-01   2.0151427294522040E-01   6.0252767610620914E-03
     124   1.0679111811023621E+02       20   5.7310000000000005E-01   5.8845014319885025E-01   1.9327268933724737E-01   5.7788534111836978E-03
     124   1.0679111811023621E+02       21   6.0300000000000009E-01   6.3388641507935550E-01   2.3048680550058945E-01   6.8915554844676263E-03
     124   1.0679111811023621E+02       22   6.3290000000000002E-01   6.1925605255669725E-01   2.4805069681919734E-01   7.4167158348940020E-03
     124   1.0679111811023621E+02       23   6.6280000000000006E-01   5.5664153220153523E-01   2.4453476259961812E-01   7.3115894017285838E-03
     124   1.0679111811023621E+02       24   6.9270000000000009E-01   4.1672675502466677E-01   1.9995936989450994E-01   5.9787851598458487E-03
     124   1.0679111811023621E+02       25   7.2260000000000002E-01   2.7495852747590699E-01   1.4356980409002573E-01   4.2927371422917700E-03
     124   1.0679111811023621E+02       26   7.5250000000000006E-01   1.6123481248944477E-01   9.1300220289726175E-02   2.7298765866628134E-03
     124   1.0679111811023621E+02       27   7.8240000000000010E-01   7.3781850998342710E-02   4.5165542380991255E-02   1.3504497171916389E-03
     124   1.0679111811023621E+02       28   8.1230000000000013E-01   6.8217199648651569E-02   4.5011842844357323E-02   1.3458541010462842E-03
     124   1.0679111811023621E+02       29   8.4220000000000006E-01   4.5302528169882776E-02   3.2133121285021521E-02   9.6078032642214371E-04
     124   1.0679111811023621E+02       30   8.7210000000000010E-01   4.5908926542023616E-02   3.4916420175608288E-02   1.0440009632506880E-03
     124   1.0679111811023621E+02       31   9.0200000000000014E-01   6.1353617061765259E-02   4.9917548255920471E-02   1.4925346928520225E-03
     124   1.0679111811023621E+02       32   9.3190000000000006E-01   5.6412016719255137E-02   4.8990316974949974E-02   1.4648104775510046E-03
     124   1.0679111811023621E+02       33   9.6180000000000010E-01   4.0948761997310859E-02   3.7880030652173276E-02   1.1326129164999812E-03
     124   1.0679111811023621E+02       34   9.9170000000000014E-01   2.8968166755213576E-02   2.8489290804084806E-02   8.5182979504213588E-04
     124   1.0679111811023621E+02       35   1.0216000000000001E+00   1.8039613697888403E-02   1.8827341571804070E-02   5.6293751299694181E-04
     124   1.0679111811023621E+02       36   1.0515000000000001E+00   1.4799704278334932E-02   1.6363326334675646E-02   4.8926345740680187E-04
     124   1.0679111811023621E+02       37   1.0814000000000001E+00   1.8031642976046855E-02   2.1086671397640856E-02   6.3049147478946171E-04
     124   1.0679111811023621E+02       38   1.1113000000000002E+00   1.6407941382245605E-02   2.0263605625314911E-02   6.0588180819691603E-04
     124   1.0679111811023621E+02       39   1.1412000000000002E+00   1.6534738808848239E-02   2.1533809411384074E-02   6.4386090140038392E-04
     124   1.0679111811023621E+02       40   1.1711000000000000E+00   9.3165163883400237E-03   1.2777371270167075E-02   3.8204340097799564E-04
     124   1.0679111811023621E+02       41   1.2010000000000001E+00   9.2080276111595177E-03   1.3281668234364103E-02   3.9712188020748677E-04
     124   1.0679111811023621E+02       42   1.2309000000000001E+00   8.0770125545011270E-03   1.2237601341880592E-02   3.6590428012222979E-04
     124   1.0679111811023621E+02       43   1.2608000000000001E+00   7.7235098627699518E-03   1.2277419797063236E-02   3.6709485193219086E-04
     124   1.0679111811023621E+02       44   1.2907000000000002E+00   5.0032190828394173E-03   8.3348951409940360E-03   2.4921336471572174E-04
     124   1.0679111811023621E+02       45   1.3206000000000002E+00   5.3011104909627370E-03   9.2450537868709378E-03   2.7642710822744110E-04
     124   1.0679111811023621E+02       46   1.3505000000000000E+00   4.2827392237878917E-03   7.8110750039903521E-03   2.3355114261931157E-04
     124   1.0679111811023621E+02       47   1.3804000000000001E+00   3.9816936810253747E-03   7.5871338730395654E-03   2.2685530280388305E-04
     124   1.0679111811023621E+02       48   1.4103000000000001E+00   3.2283820030825075E-03   6.4210777620573216E-03   1.9199022508551396E-04
     124   1.0679111811023621E+02       49   1.4402000000000001E+00   3.4702572843080116E-03   7.1979245117471460E-03   2.1521794290123972E-04
     124   1.0679111811023621E+02       50   1.4701000000000002E+00   2.7568547179525841E-03   5.9580979028793658E-03   1.7814712729609307E-04
 
     125   1.0765933858267715E+02        1   5.0000000000000001E-03   1.2886476175922473E+02   3.2216190439806184E-03   9.6326409415020507E-05
     125   1.0765933858267715E+02        2   3.4900000000000000E-02   1.7383162659647098E+01   2.1172865951076762E-02   6.3306869193719534E-04
     125   1.0765933858267715E+02        3   6.4800000000000010E-02   8.4946137841992808E+00   3.5669223064404156E-02   1.0665097696256846E-03
     125   1.0765933858267715E+02        4   9.4700000000000006E-02   5.6329061509431204E+00   5.0516409323211497E-02   1.5104406387640241E-03
     125   1.0765933858267715E+02        5   1.2460000000000002E-01   4.8835886631323930E+00   7.5818495369316521E-02   2.2669730115425645E-03
     125   1.0765933858267715E+02        6   1.5450000000000003E-01   5.0599979259064156E+00   1.2078341549086767E-01   3.6114241231769441E-03
     125   1.0765933858267715E+02        7   1.8440000000000001E-01   5.2549354197285512E+00   1.7868546085378104E-01   5.3426952795280541E-03
     125   1.0765933858267715E+02        8   2.1430000000000002E-01   4.9110400531061300E+00   2.2553700980847197E-01   6.7435565932733137E-03
     125   1.0765933858267715E+02        9   2.4420000000000003E-01   4.0727678603070050E+00   2.4287397238511829E-01   7.2619317743150384E-03
     125   1.0765933858267715E+02       10   2.7410000000000001E-01   2.9173708386890587E+00   2.1918443418108832E-01   6.5536145820145426E-03
     125   1.0765933858267715E+02       11   3.0400000000000005E-01   1.7548534690543078E+00   1.6217653819612296E-01   4.8490784920640776E-03
     125   1.0765933858267715E+02       12   3.3390000000000003E-01   1.0837920633053904E+00   1.2083112094218798E-01   3.6128505161714215E-03
     125   1.0765933858267715E+02       13   3.6380000000000001E-01   1.0927183725696483E+00   1.4462175740567690E-01   4.3241905464297403E-03
     125   1.0765933858267715E+02       14   3.9370000000000005E-01   9.6023977654505355E-01   1.4883686769015261E-01   4.4502223439355643E-03
     125   1.0765933858267715E+02       15   4.2360000000000003E-01   6.3097900276962227E-01   1.1322095408081262E-01   3.3853065270162980E-03
     125   1.0765933858267715E+02       16   4.5350000000000007E-01   5.7991675379025043E-01   1.1926698439719897E-01   3.5660828334762502E-03
     125   1.0765933858267715E+02       17   4.8340000000000005E-01   8.3229312526397181E-01   1.9448656213020882E-01   5.8151482076932446E-03
     125   1.0765933858267715E+02       18   5.1330000000000009E-01   8.1355308956523742E-01   2.1435243788854028E-01   6.4091378928673552E-03
     125   1.0765933858267715E+02       19   5.4320000000000002E-01   6.7401864936925215E-01   1.9888014855926364E-01   5.9465164419219840E-03
     125   1.0765933858267715E+02       20   5.7310000000000005E-01   6.0725232790306971E-01   1.9944814675738798E-01   5.9634995880459016E-03
     125   1.0765933858267715E+02       21   6.0300000000000009E-01   6.4987992372294467E-01   2.3630218918497628E-01   7.0654354566307923E-03
     125   1.0765933858267715E+02       22   6.3290000000000002E-01   6.1547399736220054E-01   2.4653574767573672E-01   7.3714188555045294E-03
     125   1.0765933858267715E+02       23   6.6280000000000006E-01   5.2784473018173095E-01   2.3188421689259833E-01   6.9333380850886920E-03
     125   1.0765933858267715E+02       24   6.9270000000000009E-01   4.2344785274682822E-01   2.0318437632694619E-01   6.0752128521756928E-03
     125   1.0765933858267715E+02       25   7.2260000000000002E-01   2.8367053461277403E-01   1.4811878523766628E-01   4.4287516786062223E-03
     125   1.0765933858267715E+02       26   7.5250000000000006E-01   1.5857339973290269E-01   8.9793178682504499E-02   2.6848160426068851E-03
     125   1.0765933858267715E+02       27   7.8240000000000010E-01   7.1819149485600378E-02   4.3964075121014405E-02   1.3145258461183310E-03
     125   1.0765933858267715E+02       28   8.1230000000000013E-01   6.5418134572360703E-02   4.3164932124274372E-02   1.2906314705158040E-03
     125   1.0765933858267715E+02       29   8.4220000000000006E-01   4.2837281394068366E-02   3.0384519676129068E-02   9.0849713831625935E-04
     125   1.0765933858267715E+02       30   8.7210000000000010E-01   4.1751378662680722E-02   3.1754362170996378E-02   9.4945542891279188E-04
     125   1.0765933858267715E+02       31   9.0200000000000014E-01   6.2402859465259135E-02   5.0771216072372706E-02   1.5180593605639441E-03
     125   1.0765933858267715E+02       32   9.3190000000000006E-01   5.8074769114093164E-02   5.0434313690744886E-02   1.5079859793532724E-03
     125   1.0765933858267715E+02       33   9.6180000000000010E-01   4.0871641600923811E-02   3.7808689716902974E-02   1.1304798225353992E-03
     125   1.0765933858267715E+02       34   9.9170000000000014E-01   2.6980289645305348E-02   2.6534275509346953E-02   7.9337483772947402E-04
     125   1.0765933858267715E+02       35   1.0216000000000001E+00   1.8882768919019195E-02   1.9707314480987684E-02   5.8924870298153183E-04
     125   1.0765933858267715E+02       36   1.0515000000000001E+00   1.4958992402231856E-02   1.6539443607260559E-02   4.9452936385709079E-04
     125   1.0765933858267715E+02       37   1.0814000000000001E+00   1.8733402732877949E-02   2.1907327474962424E-02   6.5502909150137658E-04
     125   1.0765933858267715E+02       38   1.1113000000000002E+00   1.6184335635619679E-02   1.9987455280818633E-02   5.9762491289647732E-04
     125   1.0765933858267715E+02       39   1.1412000000000002E+00   1.6938689212376085E-02   2.2059889145801495E-02   6.5959068545946484E-04
     125   1.0765933858267715E+02       40   1.1711000000000000E+00   1.0898343844270532E-02   1.4946808412473134E-02   4.4690957153294684E-04
     125   1.0765933858267715E+02       41   1.2010000000000001E+00   9.0122216686343397E-03   1.2999237547059842E-02   3.8867720265708938E-04
     125   1.0765933858267715E+02       42   1.2309000000000001E+00   8.2462053660473308E-03   1.2493947876399784E-02   3.7356904150435364E-04
     125   1.0765933858267715E+02       43   1.2608000000000001E+00   7.3966762163710240E-03   1.1757879594235623E-02   3.5156059986764520E-04
     125   1.0765933858267715E+02       44   1.2907000000000002E+00   5.0555971920910074E-03   8.4221521731301877E-03   2.5182234997659264E-04
     125   1.0765933858267715E+02       45   1.3206000000000002E+00   5.1327931498177919E-03   8.9515109763973703E-03   2.6765017819428141E-04
     125   1.0765933858267715E+02       46   1.3505000000000000E+00   3.9199303392893200E-03   7.1493659292954110E-03   2.1376604128593284E-04
     125   1.0765933858267715E+02       47   1.3804000000000001E+00   3.8087905527210445E-03   7.2576662427786508E-03   2.1700422065908172E-04
     125   1.0765933858267715E+02       48   1.4103000000000001E+00   3.0265405625293728E-03   6.0196260180691973E-03   1.7998681794026904E-04
     125   1.0765933858267715E+02       49   1.4402000000000001E+00   3.2384295966186093E-03   6.7170730765331848E-03   2.0084048498834227E-04
     125   1.0765933858267715E+02       50   1.4701000000000002E+00   2.5234205916239904E-03   5.4536014673284257E-03   1.6306268387311998E-04
 
     126   1.0852755905511810E+02        1   5.0000000000000001E-03   1.2979129200090011E+02   3.2447823000225028E-03   9.7018990770672859E-05
     126   1.0852755905511810E+02        2   3.4900000000000000E-02   1.7550127994183278E+01   2.1376231398195174E-02   6.3914931880603581E-04
     126   1.0852755905511810E+02        3   6.4800000000000010E-02   8.6112521900266277E+00   3.6158992396009421E-02   1.0811538726406820E-03
     126   1.0852755905511810E+02        4   9.4700000000000006E-02   5.7213079367762756E+00   5.1309204494723960E-02   1.5341452143922468E-03
     126   1.0852755905511810E+02        5   1.2460000000000002E-01   4.9365328884053961E+00   7.6640462937755949E-02   2.2915498418389032E-03
     126   1.0852755905511810E+02        6   1.5450000000000003E-01   5.0749904968738440E+00   1.2114129190800292E-01   3.6221246280492879E-03
     126   1.0852755905511810E+02        7   1.8440000000000001E-01   5.2453618200185401E+00   1.7835992629634564E-01   5.3329617962607359E-03
     126   1.0852755905511810E+02        8   2.1430000000000002E-01   4.8983267649119311E+00   2.2495315853193035E-01   6.7260994401047184E-03
     126   1.0852755905511810E+02        9   2.4420000000000003E-01   4.0649168728836349E+00   2.4240578942746852E-01   7.2479331038813105E-03
     126   1.0852755905511810E+02       10   2.7410000000000001E-01   2.9067581205649478E+00   2.1838709207212220E-01   6.5297740529564555E-03
     126   1.0852755905511810E+02       11   3.0400000000000005E-01   1.7538024749437269E+00   1.6207940952439950E-01   4.8461743447795460E-03
     126   1.0852755905511810E+02       12   3.3390000000000003E-01   1.1034359073876721E+00   1.2302119760028474E-01   3.6783338082485143E-03
     126   1.0852755905511810E+02       13   3.6380000000000001E-01   1.1118769828258857E+00   1.4715740790287843E-01   4.4000064962960656E-03
     126   1.0852755905511810E+02       14   3.9370000000000005E-01   9.7693952392042271E-01   1.5142532335641315E-01   4.5276171683567542E-03
     126   1.0852755905511810E+02       15   4.2360000000000003E-01   6.2767322891801269E-01   1.1262777607043231E-01   3.3675705045059269E-03
     126   1.0852755905511810E+02       16   4.5350000000000007E-01   5.6966974609007692E-01   1.1715956173781396E-01   3.5030708959606382E-03
     126   1.0852755905511810E+02       17   4.8340000000000005E-01   8.3716582062729283E-01   1.9562519194794226E-01   5.8491932392434748E-03
     126   1.0852755905511810E+02       18   5.1330000000000009E-01   7.9950911330518049E-01   2.1065217470030664E-01   6.2985000235391700E-03
     126   1.0852755905511810E+02       19   5.4320000000000002E-01   6.7984172918552987E-01   2.0059834282587258E-01   5.9978904504935917E-03
     126   1.0852755905511810E+02       20   5.7310000000000005E-01   6.2685656284251601E-01   2.0588703245218784E-01   6.1560222703204177E-03
     126   1.0852755905511810E+02       21   6.0300000000000009E-01   6.5264808110836847E-01   2.3730871612373283E-01   7.0955306120996132E-03
     126   1.0852755905511810E+02       22   6.3290000000000002E-01   5.9753336075490771E-01   2.3934940303938526E-01   7.1565471508776212E-03
     126   1.0852755905511810E+02       23   6.6280000000000006E-01   5.1280535828539453E-01   2.2527736306734966E-01   6.7357931557137565E-03
     126   1.0852755905511810E+02       24   6.9270000000000009E-01   4.4221306425628448E-01   2.1218854950307445E-01   6.3444376301419270E-03
     126   1.0852755905511810E+02       25   7.2260000000000002E-01   2.9028258422748715E-01   1.5157127196914644E-01   4.5319810318774799E-03
     126   1.0852755905511810E+02       26   7.5250000000000006E-01   1.5061770785280121E-01   8.5288218432322788E-02   2.5501177311264521E-03
     126   1.0852755905511810E+02       27   7.8240000000000010E-01   7.2921314942291107E-02   4.4638765440807922E-02   1.3346990866801571E-03
     126   1.0852755905511810E+02       28   8.1230000000000013E-01   5.9960941518557624E-02   3.9564105391804445E-02   1.1829667512149532E-03
     126   1.0852755905511810E+02       29   8.4220000000000006E-01   3.9516349541432023E-02   2.8028979923471354E-02   8.3806649971179370E-04
     126   1.0852755905511810E+02       30   8.7210000000000010E-01   4.3398951820781712E-02   3.3007437792480346E-02   9.8692238999516257E-04
     126   1.0852755905511810E+02       31   9.0200000000000014E-01   6.2701596614921334E-02   5.1014269812286468E-02   1.5253266673873657E-03
     126   1.0852755905511810E+02       32   9.3190000000000006E-01   5.8936704217323103E-02   5.1182850551769001E-02   1.5303672314978935E-03
     126   1.0852755905511810E+02       33   9.6180000000000010E-01   4.0301874534459062E-02   3.7281621427422057E-02   1.1147204806799197E-03
     126   1.0852755905511810E+02       34   9.9170000000000014E-01   2.5654075997526362E-02   2.5229985645262902E-02   7.5437657079336089E-04
     126   1.0852755905511810E+02       35   1.0216000000000001E+00   1.9717915506722861E-02   2.0578929047272109E-02   6.1530997851343616E-04
     126   1.0852755905511810E+02       36   1.0515000000000001E+00   1.5207508933801319E-02   1.6814216469552532E-02   5.0274507243962079E-04
     126   1.0852755905511810E+02       37   1.0814000000000001E+00   1.9407112747177817E-02   2.2695181455196663E-02   6.7858592551038035E-04
     126   1.0852755905511810E+02       38   1.1113000000000002E+00   1.5481046178142662E-02   1.9118901458327741E-02   5.7165515360399954E-04
     126   1.0852755905511810E+02       39   1.1412000000000002E+00   1.6621186750287724E-02   2.1646393802131642E-02   6.4722717468373623E-04
     126   1.0852755905511810E+02       40   1.1711000000000000E+00   1.2618016124775545E-02   1.7305296314509926E-02   5.1742835980384688E-04
     126   1.0852755905511810E+02       41   1.2010000000000001E+00   9.2135081144212663E-03   1.3289573317749352E-02   3.9735824220070573E-04
     126   1.0852755905511810E+02       42   1.2309000000000001E+00   8.6110633830614215E-03   1.3046749661525065E-02   3.9009781487959956E-04
     126   1.0852755905511810E+02       43   1.2608000000000001E+00   7.5019377396825593E-03   1.1925205063243387E-02   3.5656363139097738E-04
     126   1.0852755905511810E+02       44   1.2907000000000002E+00   5.2634374380475342E-03   8.7683945877523629E-03   2.6217499817379568E-04
     126   1.0852755905511810E+02       45   1.3206000000000002E+00   5.2857621382262398E-03   9.2182864997467241E-03   2.7562676634242713E-04
     126   1.0852755905511810E+02       46   1.3505000000000000E+00   3.6248127742829297E-03   6.6111156845791146E-03   1.9767235896891557E-04
     126   1.0852755905511810E+02       47   1.3804000000000001E+00   3.8937337414661501E-03   7.4195258422961145E-03   2.2184382268465388E-04
     126   1.0852755905511810E+02       48   1.4103000000000001E+00   3.0300619160193599E-03   6.0266298003246151E-03   1.8019623102970603E-04
     126   1.0852755905511810E+02       49   1.4402000000000001E+00   3.0085113202648669E-03   6.2401820965621536E-03   1.8658144468720842E-04
     126   1.0852755905511810E+02       50   1.4701000000000002E+00   2.3576941710078177E-03   5.0954345197940128E-03   1.5235349214184102E-04
 
     127   1.0939577952755904E+02        1   5.0000000000000001E-03   1.3215241212227167E+02   3.3038103030567918E-03   9.8783928061398096E-05
     127   1.0939577952755904E+02        2   3.4900000000000000E-02   1.7915055222304133E+01   2.1820716411318657E-02   6.5243942069842802E-04
     127   1.0939577952755904E+02        3   6.4800000000000010E-02   8.8168419923272392E+00   3.7022272199461782E-02   1.1069659387639074E-03
     127   1.0939577952755904E+02        4   9.4700000000000006E-02   5.8511500254034532E+00   5.2473640031320462E-02   1.5689618369364822E-03
     127   1.0939577952755904E+02        5   1.2460000000000002E-01   5.0074526978954310E+00   7.7741504327258251E-02   2.3244709793850222E-03
     127   1.0939577952755904E+02        6   1.5450000000000003E-01   5.1012746450284592E+00   1.2176870109549062E-01   3.6408841627551705E-03
     127   1.0939577952755904E+02        7   1.8440000000000001E-01   5.2504248007544980E+00   1.7853208465298348E-01   5.3381093311242068E-03
     127   1.0939577952755904E+02        8   2.1430000000000002E-01   4.9050095924490380E+00   2.2526006397832996E-01   6.7352759129520670E-03
     127   1.0939577952755904E+02        9   2.4420000000000003E-01   4.0768705367559805E+00   2.4311862991551297E-01   7.2692470344738391E-03
     127   1.0939577952755904E+02       10   2.7410000000000001E-01   2.9155219780905806E+00   2.1904552778674760E-01   6.5494612808237544E-03
     127   1.0939577952755904E+02       11   3.0400000000000005E-01   1.7714529910293211E+00   1.6371059961896578E-01   4.8949469286070782E-03
     127   1.0939577952755904E+02       12   3.3390000000000003E-01   1.1327327328907550E+00   1.2628747753113131E-01   3.7759955781808273E-03
     127   1.0939577952755904E+02       13   3.6380000000000001E-01   1.1320696513641739E+00   1.4982991646869503E-01   4.4799145024139826E-03
     127   1.0939577952755904E+02       14   3.9370000000000005E-01   9.8714492063745773E-01   1.5300715668388060E-01   4.5749139848480311E-03
     127   1.0939577952755904E+02       15   4.2360000000000003E-01   6.1425210690194409E-01   1.1021953073607989E-01   3.2955639690087895E-03
     127   1.0939577952755904E+02       16   4.5350000000000007E-01   5.6326043084765975E-01   1.1584140754409915E-01   3.4636580855685654E-03
     127   1.0939577952755904E+02       17   4.8340000000000005E-01   8.4614626265099635E-01   1.9772370176687870E-01   5.9119386828296741E-03
     127   1.0939577952755904E+02       18   5.1330000000000009E-01   7.9320502899274026E-01   2.0899119417136711E-01   6.2488367057238776E-03
     127   1.0939577952755904E+02       19   5.4320000000000002E-01   6.9743588919531252E-01   2.0578978546591750E-01   6.1531145854309350E-03
     127   1.0939577952755904E+02       20   5.7310000000000005E-01   6.3686387186771864E-01   2.0917386915481098E-01   6.2542986877288497E-03
     127   1.0939577952755904E+02       21   6.0300000000000009E-01   6.4039424863911965E-01   2.3285311235342174E-01   6.9623080593673118E-03
     127   1.0939577952755904E+02       22   6.3290000000000002E-01   5.7670726171837028E-01   2.3100725061841115E-01   6.9071167934904951E-03
     127   1.0939577952755904E+02       23   6.6280000000000006E-01   5.1873426177597415E-01   2.2788195313775070E-01   6.8136703988187471E-03
     127   1.0939577952755904E+02       24   6.9270000000000009E-01   4.6310360641693243E-01   2.2221252707790187E-01   6.6441545596292676E-03
     127   1.0939577952755904E+02       25   7.2260000000000002E-01   2.8908693849953720E-01   1.5094696464360663E-01   4.5133142428438388E-03
     127   1.0939577952755904E+02       26   7.5250000000000006E-01   1.4133231619994580E-01   8.0030307375195578E-02   2.3929061905183483E-03
     127   1.0939577952755904E+02       27   7.8240000000000010E-01   7.7269008884219226E-02   4.7300205243912673E-02   1.4142761367929892E-03
     127   1.0939577952755904E+02       28   8.1230000000000013E-01   5.3514623303859019E-02   3.5310622928449366E-02   1.0557876255606364E-03
     127   1.0939577952755904E+02       29   8.4220000000000006E-01   3.8265379306828072E-02   2.7141665685251774E-02   8.1153580398902819E-04
     127   1.0939577952755904E+02       30   8.7210000000000010E-01   4.9314702530381782E-02   3.7506711746130149E-02   1.1214506812092916E-03
     127   1.0939577952755904E+02       31   9.0200000000000014E-01   6.0361130734605507E-02   4.9110057410197992E-02   1.4683907165649202E-03
     127   1.0939577952755904E+02       32   9.3190000000000006E-01   5.8274340404642952E-02   5.0607628905334566E-02   1.5131681042695039E-03
     127   1.0939577952755904E+02       33   9.6180000000000010E-01   3.9950108212139956E-02   3.6956216740639952E-02   1.1049908805451348E-03
     127   1.0939577952755904E+02       34   9.9170000000000014E-01   2.5792467430440714E-02   2.5366089314176686E-02   7.5844607049388305E-04
     127   1.0939577952755904E+02       35   1.0216000000000001E+00   1.9608444243566732E-02   2.0464677550635097E-02   6.1189385876398957E-04
     127   1.0939577952755904E+02       36   1.0515000000000001E+00   1.5555351944108084E-02   1.7198809876544978E-02   5.1424441530869495E-04
     127   1.0939577952755904E+02       37   1.0814000000000001E+00   1.9312897390917454E-02   2.2585003571755146E-02   6.7529160679547905E-04
     127   1.0939577952755904E+02       38   1.1113000000000002E+00   1.5047569082777658E-02   1.8583562581655003E-02   5.5564852119148467E-04
     127   1.0939577952755904E+02       39   1.1412000000000002E+00   1.5465413137387236E-02   2.0141186553887268E-02   6.0222147796122941E-04
     127   1.0939577952755904E+02       40   1.1711000000000000E+00   1.3480890190760153E-02   1.8488706705359723E-02   5.5281233049025579E-04
     127   1.0939577952755904E+02       41   1.2010000000000001E+00   9.5312643830094846E-03   1.3747905277317266E-02   4.1106236779178635E-04
     127   1.0939577952755904E+02       42   1.2309000000000001E+00   8.8749760168761842E-03   1.3446607601563920E-02   4.0205356728676128E-04
     127   1.0939577952755904E+02       43   1.2608000000000001E+00   7.8359329042203656E-03   1.2456129334472222E-02   3.7243826710071953E-04
     127   1.0939577952755904E+02       44   1.2907000000000002E+00   5.3863107755545104E-03   8.9730900781531953E-03   2.6829539333678062E-04
     127   1.0939577952755904E+02       45   1.3206000000000002E+00   5.6007177737579326E-03   9.7675642022078558E-03   2.9205016964601493E-04
     127   1.0939577952755904E+02       46   1.3505000000000000E+00   3.7297108882626898E-03   6.8024341359856286E-03   2.0339278066597034E-04
     127   1.0939577952755904E+02       47   1.3804000000000001E+00   4.1038518607675063E-03   7.8199067927162257E-03   2.3381521310221519E-04
     127   1.0939577952755904E+02       48   1.4103000000000001E+00   3.2540673277201863E-03   6.4721644880658142E-03   1.9351771819316790E-04
     127   1.0939577952755904E+02       49   1.4402000000000001E+00   3.0581137029123519E-03   6.3430661701764793E-03   1.8965767848827677E-04
     127   1.0939577952755904E+02       50   1.4701000000000002E+00   2.4224325562815213E-03   5.2353467302646128E-03   1.5653686723491196E-04
 
     128   1.1026400000000000E+02        1   5.0000000000000001E-03   1.3527518127540307E+02   3.3818795318850767E-03   1.0111819800336382E-04
     128   1.1026400000000000E+02        2   3.4900000000000000E-02   1.8379115529424094E+01   2.2385946505993841E-02   6.6933980052921596E-04
     128   1.1026400000000000E+02        3   6.4800000000000010E-02   9.0590787182965578E+00   3.8039433901275989E-02   1.1373790736481522E-03
     128   1.1026400000000000E+02        4   9.4700000000000006E-02   5.9904096992699394E+00   5.3722533319925762E-02   1.6063037462657806E-03
     128   1.1026400000000000E+02        5   1.2460000000000002E-01   5.0781202993563470E+00   7.8838630146755212E-02   2.3572750413879814E-03
     128   1.1026400000000000E+02        6   1.5450000000000003E-01   5.1312156140381031E+00   1.2248339951099307E-01   3.6622536453786935E-03
     128   1.1026400000000000E+02        7   1.8440000000000001E-01   5.2690303183511515E+00   1.7916473476580883E-01   5.3570255694976848E-03
     128   1.1026400000000000E+02        8   2.1430000000000002E-01   4.9313704583543236E+00   2.2647067330098858E-01   6.7714731316995602E-03
     128   1.1026400000000000E+02        9   2.4420000000000003E-01   4.1064782457697744E+00   2.4488424537606632E-01   7.3220389367443846E-03
     128   1.1026400000000000E+02       10   2.7410000000000001E-01   2.9383712687574608E+00   2.2076221350247574E-01   6.6007901837240261E-03
     128   1.1026400000000000E+02       11   3.0400000000000005E-01   1.8007345698345243E+00   1.6641668600582743E-01   4.9758589115742411E-03
     128   1.1026400000000000E+02       12   3.3390000000000003E-01   1.1659073149624817E+00   1.2998608547838827E-01   3.8865839558038101E-03
     128   1.1026400000000000E+02       13   3.6380000000000001E-01   1.1505014997713132E+00   1.5226937971539323E-01   4.5528544534902586E-03
     128   1.1026400000000000E+02       14   3.9370000000000005E-01   9.8969753033381980E-01   1.5340281039550771E-01   4.5867440308256817E-03
     128   1.1026400000000000E+02       15   4.2360000000000003E-01   5.9557440563993402E-01   1.0686806080183664E-01   3.1953550179749162E-03
     128   1.1026400000000000E+02       16   4.5350000000000007E-01   5.6556590154691588E-01   1.1631555583541724E-01   3.4778351194789761E-03
     128   1.1026400000000000E+02       17   4.8340000000000005E-01   8.5902552703758217E-01   2.0073327108480221E-01   6.0019248054355876E-03
     128   1.1026400000000000E+02       18   5.1330000000000009E-01   7.9478423809302590E-01   2.0940727927377006E-01   6.2612776502857263E-03
     128   1.1026400000000000E+02       19   5.4320000000000002E-01   7.1950696786576296E-01   2.1230221566195154E-01   6.3478362482923528E-03
     128   1.1026400000000000E+02       20   5.7310000000000005E-01   6.3194494375385457E-01   2.0755827864776297E-01   6.2059925315681138E-03
     128   1.1026400000000000E+02       21   6.0300000000000009E-01   6.2076233325669783E-01   2.2571477123313471E-01   6.7488716598707293E-03
     128   1.1026400000000000E+02       22   6.3290000000000002E-01   5.6512002056694843E-01   2.2636583737754645E-01   6.7683385375886407E-03
     128   1.1026400000000000E+02       23   6.6280000000000006E-01   5.4224429250694395E-01   2.3820999991638372E-01   7.1224789974998750E-03
     128   1.1026400000000000E+02       24   6.9270000000000009E-01   4.7393223086090852E-01   2.2740846157102934E-01   6.7995130009737784E-03
     128   1.1026400000000000E+02       25   7.2260000000000002E-01   2.8019260148968644E-01   1.4630277981421691E-01   4.3744531164450866E-03
     128   1.1026400000000000E+02       26   7.5250000000000006E-01   1.3602679651633356E-01   7.7026023694852119E-02   2.3030781084760789E-03
     128   1.1026400000000000E+02       27   7.8240000000000010E-01   8.3322707636056412E-02   5.1005975481962111E-02   1.5250786669106676E-03
     128   1.1026400000000000E+02       28   8.1230000000000013E-01   4.9079370526330227E-02   3.2384104366776460E-02   9.6828472056661639E-04
     128   1.1026400000000000E+02       29   8.4220000000000006E-01   4.0276062068685635E-02   2.8567844657210864E-02   8.5417855525060497E-04
     128   1.1026400000000000E+02       30   8.7210000000000010E-01   5.5393797338190054E-02   4.2130218427396067E-02   1.2596935309791427E-03
     128   1.1026400000000000E+02       31   9.0200000000000014E-01   5.5747647149553513E-02   4.5356508711465349E-02   1.3561596104728142E-03
     128   1.1026400000000000E+02       32   9.3190000000000006E-01   5.7033945103972077E-02   4.9530422974964718E-02   1.4809596469514453E-03
     128   1.1026400000000000E+02       33   9.6180000000000010E-01   4.0479941710321980E-02   3.7446344113794758E-02   1.1196456890024634E-03
     128   1.1026400000000000E+02       34   9.9170000000000014E-01   2.6690434641804411E-02   2.6249212130792940E-02   7.8485144271070906E-04
     128   1.1026400000000000E+02       35   1.0216000000000001E+00   1.8189726205557796E-02   1.8984008976296360E-02   5.6762186839126128E-04
     128   1.1026400000000000E+02       36   1.0515000000000001E+00   1.5859443827698577E-02   1.7535029751843546E-02   5.2429738958012213E-04
     128   1.1026400000000000E+02       37   1.0814000000000001E+00   1.8598849501698215E-02   2.1749977433418964E-02   6.5032432525922719E-04
     128   1.1026400000000000E+02       38   1.1113000000000002E+00   1.5416864289307287E-02   1.9039637615695104E-02   5.6928516470928375E-04
     128   1.1026400000000000E+02       39   1.1412000000000002E+00   1.3868654677739890E-02   1.8061668229251801E-02   5.4004388005462892E-04
     128   1.1026400000000000E+02       40   1.1711000000000000E+00   1.3193489282362178E-02   1.8094543484160418E-02   5.4102685017639663E-04
     128   1.1026400000000000E+02       41   1.2010000000000001E+00   9.7643708510987068E-03   1.4084138279995629E-02   4.2111573457186938E-04
     128   1.1026400000000000E+02       42   1.2309000000000001E+00   8.9245155412824764E-03   1.3521665668672248E-02   4.0429780349330029E-04
     128   1.1026400000000000E+02       43   1.2608000000000001E+00   8.0543902954443927E-03   1.2803392838692926E-02   3.8282144587691860E-04
     128   1.1026400000000000E+02       44   1.2907000000000002E+00   5.2780033645825680E-03   8.7926600592999390E-03   2.6290053577306821E-04
     128   1.1026400000000000E+02       45   1.3206000000000002E+00   5.6740447339952262E-03   9.8954452740280391E-03   2.9587381369343841E-04
     128   1.1026400000000000E+02       46   1.3505000000000000E+00   4.0998147446619929E-03   7.4774481470054619E-03   2.2357569959546335E-04
     128   1.1026400000000000E+02       47   1.3804000000000001E+00   4.1811701317318707E-03   7.9672370796828283E-03   2.3822038868251663E-04
     128   1.1026400000000000E+02       48   1.4103000000000001E+00   3.4503632826681074E-03   6.8625865601422975E-03   2.0519133814825475E-04
     128   1.1026400000000000E+02       49   1.4402000000000001E+00   3.3286299719810031E-03   6.9041645339088685E-03   2.0643451956387521E-04
     128   1.1026400000000000E+02       50   1.4701000000000002E+00   2.6348688211217442E-03   5.6944627133440765E-03   1.7026443512898793E-04
 
