# itau tau ik k probability_sum_theta_phi
       1   0.0000000000000000E+00        1   5.0000000000000001E-03   6.2144626808882299E+02
       1   0.0000000000000000E+00        2   4.3984374999999999E-02   5.5257065999115326E+01
       1   0.0000000000000000E+00        3   8.2968750000000008E-02   2.0831082732822654E+01
       1   0.0000000000000000E+00        4   1.2195312500000001E-01   1.1514541999097178E+01
       1   0.0000000000000000E+00        5   1.6093750000000001E-01   1.3505367664918406E+01
       1   0.0000000000000000E+00        6   1.9992187500000000E-01   1.5606883580708235E+01
       1   0.0000000000000000E+00        7   2.3890625000000001E-01   1.3167814962526201E+01
       1   0.0000000000000000E+00        8   2.7789062500000000E-01   1.1951869278743374E+01
       1   0.0000000000000000E+00        9   3.1687500000000002E-01   9.8007826193164274E+00
       1   0.0000000000000000E+00       10   3.5585937500000003E-01   7.0493597795243881E+00
       1   0.0000000000000000E+00       11   3.9484374999999999E-01   5.2319084563961997E+00
       1   0.0000000000000000E+00       12   4.3382812500000001E-01   2.3414222825999347E+00
       1   0.0000000000000000E+00       13   4.7281250000000002E-01   3.3578062674951759E+00
       1   0.0000000000000000E+00       14   5.1179687500000004E-01   3.0113086167321534E+00
       1   0.0000000000000000E+00       15   5.5078125000000000E-01   3.8156542459291458E+00
       1   0.0000000000000000E+00       16   5.8976562500000007E-01   5.1129339840513826E+00
       1   0.0000000000000000E+00       17   6.2875000000000003E-01   5.2917115999866455E+00
       1   0.0000000000000000E+00       18   6.6773437499999999E-01   4.9042738997876301E+00
       1   0.0000000000000000E+00       19   7.0671875000000006E-01   2.7885895086217571E+00
       1   0.0000000000000000E+00       20   7.4570312500000002E-01   7.8685377363523767E-01
       1   0.0000000000000000E+00       21   7.8468749999999998E-01   2.8630400397505784E-01
       1   0.0000000000000000E+00       22   8.2367187500000005E-01   1.9595318501462461E-01
       1   0.0000000000000000E+00       23   8.6265625000000001E-01   2.3941178002655122E-01
       1   0.0000000000000000E+00       24   9.0164062500000008E-01   5.0694342168703055E-01
       1   0.0000000000000000E+00       25   9.4062500000000004E-01   5.2650390069229613E-01
       1   0.0000000000000000E+00       26   9.7960937500000000E-01   3.0112572426233891E-01
       1   0.0000000000000000E+00       27   1.0185937500000000E+00   1.2434307433840697E-01
       1   0.0000000000000000E+00       28   1.0575781250000000E+00   1.6621762074770532E-01
       1   0.0000000000000000E+00       29   1.0965625000000001E+00   1.6931459621970121E-01
       1   0.0000000000000000E+00       30   1.1355468750000000E+00   1.6756063943061367E-01
       1   0.0000000000000000E+00       31   1.1745312500000000E+00   9.4884806908868732E-02
       1   0.0000000000000000E+00       32   1.2135156250000001E+00   9.1799246886245536E-02
       1   0.0000000000000000E+00       33   1.2524999999999999E+00   8.6322867866207645E-02
       1   0.0000000000000000E+00       34   1.2914843750000000E+00   5.3410688561874017E-02
       1   0.0000000000000000E+00       35   1.3304687500000001E+00   4.6784896234105748E-02
       1   0.0000000000000000E+00       36   1.3694531250000002E+00   4.6996969249195379E-02
       1   0.0000000000000000E+00       37   1.4084375000000000E+00   1.3854194819894430E-02
       1   0.0000000000000000E+00       38   1.4474218750000001E+00   2.1729901203438484E-02
       1   0.0000000000000000E+00       39   1.4864062500000002E+00   1.2929768239145049E-02
       1   0.0000000000000000E+00       40   1.5253906250000000E+00   4.6374799728812798E-03
       1   0.0000000000000000E+00       41   1.5643750000000001E+00   7.8132311118956424E-03
       1   0.0000000000000000E+00       42   1.6033593750000001E+00   2.6571248891813955E-03
       1   0.0000000000000000E+00       43   1.6423437500000000E+00   6.9742144660346417E-03
       1   0.0000000000000000E+00       44   1.6813281250000001E+00   6.5433737656016280E-03
       1   0.0000000000000000E+00       45   1.7203125000000001E+00   4.6831358042057321E-03
       1   0.0000000000000000E+00       46   1.7592968750000000E+00   1.8980353650355315E-03
       1   0.0000000000000000E+00       47   1.7982812500000001E+00   2.7611667882767458E-03
       1   0.0000000000000000E+00       48   1.8372656250000001E+00   1.5354901003658333E-03
       1   0.0000000000000000E+00       49   1.8762500000000000E+00   2.7726752596803537E-03
       1   0.0000000000000000E+00       50   1.9152343750000000E+00   4.2375310672124866E-03
       1   0.0000000000000000E+00       51   1.9542187500000001E+00   4.0632390256638753E-03
       1   0.0000000000000000E+00       52   1.9932031250000002E+00   4.0711682854710166E-03
       1   0.0000000000000000E+00       53   2.0321875000000000E+00   4.3488271038819235E-03
       1   0.0000000000000000E+00       54   2.0711718750000001E+00   3.0475977007934289E-03
       1   0.0000000000000000E+00       55   2.1101562500000002E+00   3.7539517437624997E-03
       1   0.0000000000000000E+00       56   2.1491406250000002E+00   3.1009854591501048E-03
       1   0.0000000000000000E+00       57   2.1881249999999999E+00   3.4824904906806545E-03
       1   0.0000000000000000E+00       58   2.2271093749999999E+00   2.2891393408709438E-03
       1   0.0000000000000000E+00       59   2.2660937500000000E+00   3.3786206898696984E-03
       1   0.0000000000000000E+00       60   2.3050781250000001E+00   2.2206688760352204E-03
       1   0.0000000000000000E+00       61   2.3440625000000002E+00   6.4128828783837355E-03
       1   0.0000000000000000E+00       62   2.3830468750000002E+00   5.7077944214556989E-03
       1   0.0000000000000000E+00       63   2.4220312500000003E+00   2.7139117195014162E-03
       1   0.0000000000000000E+00       64   2.4610156249999999E+00   5.9561920133523313E-03
 
       2   8.6822047244094480E-01        1   5.0000000000000001E-03   6.9018388857883929E+02
       2   8.6822047244094480E-01        2   4.3984374999999999E-02   6.1037335229648640E+01
       2   8.6822047244094480E-01        3   8.2968750000000008E-02   2.2893658146568093E+01
       2   8.6822047244094480E-01        4   1.2195312500000001E-01   1.2335250713859242E+01
       2   8.6822047244094480E-01        5   1.6093750000000001E-01   1.4215749052943604E+01
       2   8.6822047244094480E-01        6   1.9992187500000000E-01   1.6527727301958752E+01
       2   8.6822047244094480E-01        7   2.3890625000000001E-01   1.3920644556331839E+01
       2   8.6822047244094480E-01        8   2.7789062500000000E-01   1.2378213535900731E+01
       2   8.6822047244094480E-01        9   3.1687500000000002E-01   1.0120295901182010E+01
       2   8.6822047244094480E-01       10   3.5585937500000003E-01   7.1605083361920894E+00
       2   8.6822047244094480E-01       11   3.9484374999999999E-01   5.2465223842091424E+00
       2   8.6822047244094480E-01       12   4.3382812500000001E-01   2.2506241892880166E+00
       2   8.6822047244094480E-01       13   4.7281250000000002E-01   3.1900168824815078E+00
       2   8.6822047244094480E-01       14   5.1179687500000004E-01   3.0025982399637248E+00
       2   8.6822047244094480E-01       15   5.5078125000000000E-01   3.9445712116716294E+00
       2   8.6822047244094480E-01       16   5.8976562500000007E-01   5.4765848679251716E+00
       2   8.6822047244094480E-01       17   6.2875000000000003E-01   5.6868283056230604E+00
       2   8.6822047244094480E-01       18   6.6773437499999999E-01   5.3235255944164361E+00
       2   8.6822047244094480E-01       19   7.0671875000000006E-01   3.1550869782358735E+00
       2   8.6822047244094480E-01       20   7.4570312500000002E-01   9.2672994246923857E-01
       2   8.6822047244094480E-01       21   7.8468749999999998E-01   3.3059679557677601E-01
       2   8.6822047244094480E-01       22   8.2367187500000005E-01   2.0407871222755344E-01
       2   8.6822047244094480E-01       23   8.6265625000000001E-01   2.5511371283176049E-01
       2   8.6822047244094480E-01       24   9.0164062500000008E-01   5.2991175117754130E-01
       2   8.6822047244094480E-01       25   9.4062500000000004E-01   5.7683453674424801E-01
       2   8.6822047244094480E-01       26   9.7960937500000000E-01   3.2681840891040115E-01
       2   8.6822047244094480E-01       27   1.0185937500000000E+00   1.3229394606836217E-01
       2   8.6822047244094480E-01       28   1.0575781250000000E+00   1.5306646322569986E-01
       2   8.6822047244094480E-01       29   1.0965625000000001E+00   1.6773915860847488E-01
       2   8.6822047244094480E-01       30   1.1355468750000000E+00   1.6527724867721577E-01
       2   8.6822047244094480E-01       31   1.1745312500000000E+00   8.9594765547055311E-02
       2   8.6822047244094480E-01       32   1.2135156250000001E+00   8.4622275925236357E-02
       2   8.6822047244094480E-01       33   1.2524999999999999E+00   7.3165055903247372E-02
       2   8.6822047244094480E-01       34   1.2914843750000000E+00   4.3885902882184732E-02
       2   8.6822047244094480E-01       35   1.3304687500000001E+00   3.7281707382444337E-02
       2   8.6822047244094480E-01       36   1.3694531250000002E+00   3.2599910215939970E-02
       2   8.6822047244094480E-01       37   1.4084375000000000E+00   8.4255988508828410E-03
       2   8.6822047244094480E-01       38   1.4474218750000001E+00   1.3947603973178071E-02
       2   8.6822047244094480E-01       39   1.4864062500000002E+00   7.1829993097739294E-03
       2   8.6822047244094480E-01       40   1.5253906250000000E+00   3.4782361457617091E-03
       2   8.6822047244094480E-01       41   1.5643750000000001E+00   5.7513572839189859E-03
       2   8.6822047244094480E-01       42   1.6033593750000001E+00   4.4861080482127905E-03
       2   8.6822047244094480E-01       43   1.6423437500000000E+00   6.2601641210109100E-03
       2   8.6822047244094480E-01       44   1.6813281250000001E+00   5.2209682731455213E-03
       2   8.6822047244094480E-01       45   1.7203125000000001E+00   6.3768563420089491E-03
       2   8.6822047244094480E-01       46   1.7592968750000000E+00   2.4769522206799953E-03
       2   8.6822047244094480E-01       47   1.7982812500000001E+00   2.5369146053402956E-03
       2   8.6822047244094480E-01       48   1.8372656250000001E+00   1.5761586711288355E-03
       2   8.6822047244094480E-01       49   1.8762500000000000E+00   2.9782152163906153E-03
       2   8.6822047244094480E-01       50   1.9152343750000000E+00   4.8138142068262588E-03
       2   8.6822047244094480E-01       51   1.9542187500000001E+00   4.0373418019934784E-03
       2   8.6822047244094480E-01       52   1.9932031250000002E+00   4.5453724954411167E-03
       2   8.6822047244094480E-01       53   2.0321875000000000E+00   4.3576860810996647E-03
       2   8.6822047244094480E-01       54   2.0711718750000001E+00   3.2674643136849238E-03
       2   8.6822047244094480E-01       55   2.1101562500000002E+00   4.0805050161354540E-03
       2   8.6822047244094480E-01       56   2.1491406250000002E+00   3.0892294169747158E-03
       2   8.6822047244094480E-01       57   2.1881249999999999E+00   3.6613068931502291E-03
       2   8.6822047244094480E-01       58   2.2271093749999999E+00   2.2386037235721432E-03
       2   8.6822047244094480E-01       59   2.2660937500000000E+00   3.3980886838644313E-03
       2   8.6822047244094480E-01       60   2.3050781250000001E+00   2.1108873092715529E-03
       2   8.6822047244094480E-01       61   2.3440625000000002E+00   6.5186482810729801E-03
       2   8.6822047244094480E-01       62   2.3830468750000002E+00   6.2152389236946153E-03
       2   8.6822047244094480E-01       63   2.4220312500000003E+00   2.6593554993341365E-03
       2   8.6822047244094480E-01       64   2.4610156249999999E+00   6.4289916152237055E-03
 
       3   1.7364409448818896E+00        1   5.0000000000000001E-03   7.5823071586825097E+02
       3   1.7364409448818896E+00        2   4.3984374999999999E-02   6.6578119459062250E+01
       3   1.7364409448818896E+00        3   8.2968750000000008E-02   2.4887678015095894E+01
       3   1.7364409448818896E+00        4   1.2195312500000001E-01   1.3291426149733493E+01
       3   1.7364409448818896E+00        5   1.6093750000000001E-01   1.4833211945288822E+01
       3   1.7364409448818896E+00        6   1.9992187500000000E-01   1.7035770808695133E+01
       3   1.7364409448818896E+00        7   2.3890625000000001E-01   1.4574992006497027E+01
       3   1.7364409448818896E+00        8   2.7789062500000000E-01   1.2770432451959110E+01
       3   1.7364409448818896E+00        9   3.1687500000000002E-01   1.0256699404326316E+01
       3   1.7364409448818896E+00       10   3.5585937500000003E-01   7.2737615286162187E+00
       3   1.7364409448818896E+00       11   3.9484374999999999E-01   5.2770871803238437E+00
       3   1.7364409448818896E+00       12   4.3382812500000001E-01   2.2064289302138200E+00
       3   1.7364409448818896E+00       13   4.7281250000000002E-01   3.0713293635495904E+00
       3   1.7364409448818896E+00       14   5.1179687500000004E-01   2.9934742164518497E+00
       3   1.7364409448818896E+00       15   5.5078125000000000E-01   4.0799777325822895E+00
       3   1.7364409448818896E+00       16   5.8976562500000007E-01   5.8568931461281197E+00
       3   1.7364409448818896E+00       17   6.2875000000000003E-01   6.1389790289674346E+00
       3   1.7364409448818896E+00       18   6.6773437499999999E-01   5.7639801396598811E+00
       3   1.7364409448818896E+00       19   7.0671875000000006E-01   3.4940934218392705E+00
       3   1.7364409448818896E+00       20   7.4570312500000002E-01   1.0835507134592728E+00
       3   1.7364409448818896E+00       21   7.8468749999999998E-01   3.7838251232175768E-01
       3   1.7364409448818896E+00       22   8.2367187500000005E-01   2.0522118095741682E-01
       3   1.7364409448818896E+00       23   8.6265625000000001E-01   2.5461686578144116E-01
       3   1.7364409448818896E+00       24   9.0164062500000008E-01   5.1252945534202599E-01
       3   1.7364409448818896E+00       25   9.4062500000000004E-01   5.8847799812362045E-01
       3   1.7364409448818896E+00       26   9.7960937500000000E-01   3.2682761966430807E-01
       3   1.7364409448818896E+00       27   1.0185937500000000E+00   1.3035922344813072E-01
       3   1.7364409448818896E+00       28   1.0575781250000000E+00   1.2833377412919941E-01
       3   1.7364409448818896E+00       29   1.0965625000000001E+00   1.4546350130371194E-01
       3   1.7364409448818896E+00       30   1.1355468750000000E+00   1.4625555221985029E-01
       3   1.7364409448818896E+00       31   1.1745312500000000E+00   7.3355354693599703E-02
       3   1.7364409448818896E+00       32   1.2135156250000001E+00   6.6661913695643879E-02
       3   1.7364409448818896E+00       33   1.2524999999999999E+00   5.4846057320743019E-02
       3   1.7364409448818896E+00       34   1.2914843750000000E+00   3.0665983581144148E-02
       3   1.7364409448818896E+00       35   1.3304687500000001E+00   2.6245694346223584E-02
       3   1.7364409448818896E+00       36   1.3694531250000002E+00   2.3348230379284594E-02
       3   1.7364409448818896E+00       37   1.4084375000000000E+00   6.0539565207848207E-03
       3   1.7364409448818896E+00       38   1.4474218750000001E+00   9.7846791263515500E-03
       3   1.7364409448818896E+00       39   1.4864062500000002E+00   7.2133063410853527E-03
       3   1.7364409448818896E+00       40   1.5253906250000000E+00   4.6277942961582873E-03
       3   1.7364409448818896E+00       41   1.5643750000000001E+00   6.3700378119477220E-03
       3   1.7364409448818896E+00       42   1.6033593750000001E+00   6.9410628044948254E-03
       3   1.7364409448818896E+00       43   1.6423437500000000E+00   5.2290104990981093E-03
       3   1.7364409448818896E+00       44   1.6813281250000001E+00   5.9933912567552089E-03
       3   1.7364409448818896E+00       45   1.7203125000000001E+00   7.5369312396199916E-03
       3   1.7364409448818896E+00       46   1.7592968750000000E+00   2.4438294390565808E-03
       3   1.7364409448818896E+00       47   1.7982812500000001E+00   2.7935363088849390E-03
       3   1.7364409448818896E+00       48   1.8372656250000001E+00   1.8778613117357277E-03
       3   1.7364409448818896E+00       49   1.8762500000000000E+00   3.5761102404465585E-03
       3   1.7364409448818896E+00       50   1.9152343750000000E+00   5.1714194345173362E-03
       3   1.7364409448818896E+00       51   1.9542187500000001E+00   4.1024382897532456E-03
       3   1.7364409448818896E+00       52   1.9932031250000002E+00   5.5225294777186303E-03
       3   1.7364409448818896E+00       53   2.0321875000000000E+00   4.0653528472805352E-03
       3   1.7364409448818896E+00       54   2.0711718750000001E+00   3.3822421608267748E-03
       3   1.7364409448818896E+00       55   2.1101562500000002E+00   4.2283015349941630E-03
       3   1.7364409448818896E+00       56   2.1491406250000002E+00   3.0589029340196022E-03
       3   1.7364409448818896E+00       57   2.1881249999999999E+00   3.9505578259313332E-03
       3   1.7364409448818896E+00       58   2.2271093749999999E+00   2.1589610037761157E-03
       3   1.7364409448818896E+00       59   2.2660937500000000E+00   3.5037463579747929E-03
       3   1.7364409448818896E+00       60   2.3050781250000001E+00   2.0228485356338466E-03
       3   1.7364409448818896E+00       61   2.3440625000000002E+00   6.7357343978542523E-03
       3   1.7364409448818896E+00       62   2.3830468750000002E+00   6.6696772562584430E-03
       3   1.7364409448818896E+00       63   2.4220312500000003E+00   2.7306092870627366E-03
       3   1.7364409448818896E+00       64   2.4610156249999999E+00   6.9003094198909721E-03
 
       4   2.6046614173228346E+00        1   5.0000000000000001E-03   8.0968325415869401E+02
       4   2.6046614173228346E+00        2   4.3984374999999999E-02   7.0711088824033752E+01
       4   2.6046614173228346E+00        3   8.2968750000000008E-02   2.6459055784641034E+01
       4   2.6046614173228346E+00        4   1.2195312500000001E-01   1.4256776344333693E+01
       4   2.6046614173228346E+00        5   1.6093750000000001E-01   1.5398804786718848E+01
       4   2.6046614173228346E+00        6   1.9992187500000000E-01   1.7161936809837002E+01
       4   2.6046614173228346E+00        7   2.3890625000000001E-01   1.5039675557780624E+01
       4   2.6046614173228346E+00        8   2.7789062500000000E-01   1.3239188392854341E+01
       4   2.6046614173228346E+00        9   3.1687500000000002E-01   1.0268089708088660E+01
       4   2.6046614173228346E+00       10   3.5585937500000003E-01   7.3713882008156224E+00
       4   2.6046614173228346E+00       11   3.9484374999999999E-01   5.3715113554829097E+00
       4   2.6046614173228346E+00       12   4.3382812500000001E-01   2.2336183208809550E+00
       4   2.6046614173228346E+00       13   4.7281250000000002E-01   3.0671660246634866E+00
       4   2.6046614173228346E+00       14   5.1179687500000004E-01   3.0171931181775102E+00
       4   2.6046614173228346E+00       15   5.5078125000000000E-01   4.2216509064792698E+00
       4   2.6046614173228346E+00       16   5.8976562500000007E-01   6.1668192090422727E+00
       4   2.6046614173228346E+00       17   6.2875000000000003E-01   6.5863758978323377E+00
       4   2.6046614173228346E+00       18   6.6773437499999999E-01   6.1627859225974895E+00
       4   2.6046614173228346E+00       19   7.0671875000000006E-01   3.7259893671791890E+00
       4   2.6046614173228346E+00       20   7.4570312500000002E-01   1.2083828871209383E+00
       4   2.6046614173228346E+00       21   7.8468749999999998E-01   4.0211766447265257E-01
       4   2.6046614173228346E+00       22   8.2367187500000005E-01   1.8892558324582945E-01
       4   2.6046614173228346E+00       23   8.6265625000000001E-01   2.3214607561374878E-01
       4   2.6046614173228346E+00       24   9.0164062500000008E-01   4.6049090231452949E-01
       4   2.6046614173228346E+00       25   9.4062500000000004E-01   5.5935790969488330E-01
       4   2.6046614173228346E+00       26   9.7960937500000000E-01   3.0465204599840151E-01
       4   2.6046614173228346E+00       27   1.0185937500000000E+00   1.2126360847799718E-01
       4   2.6046614173228346E+00       28   1.0575781250000000E+00   1.0160638798941740E-01
       4   2.6046614173228346E+00       29   1.0965625000000001E+00   1.1330569674493392E-01
       4   2.6046614173228346E+00       30   1.1355468750000000E+00   1.1862935839222871E-01
       4   2.6046614173228346E+00       31   1.1745312500000000E+00   5.4932014460713864E-02
       4   2.6046614173228346E+00       32   1.2135156250000001E+00   4.5851966084616815E-02
       4   2.6046614173228346E+00       33   1.2524999999999999E+00   3.8325456162441339E-02
       4   2.6046614173228346E+00       34   1.2914843750000000E+00   1.9671683268016122E-02
       4   2.6046614173228346E+00       35   1.3304687500000001E+00   1.8596895592930079E-02
       4   2.6046614173228346E+00       36   1.3694531250000002E+00   2.3513651611855067E-02
       4   2.6046614173228346E+00       37   1.4084375000000000E+00   7.7953134983030315E-03
       4   2.6046614173228346E+00       38   1.4474218750000001E+00   1.1095431973357781E-02
       4   2.6046614173228346E+00       39   1.4864062500000002E+00   1.2405964550579794E-02
       4   2.6046614173228346E+00       40   1.5253906250000000E+00   7.1791101808034111E-03
       4   2.6046614173228346E+00       41   1.5643750000000001E+00   8.8696325562211704E-03
       4   2.6046614173228346E+00       42   1.6033593750000001E+00   7.6775671305328343E-03
       4   2.6046614173228346E+00       43   1.6423437500000000E+00   4.9661952102304941E-03
       4   2.6046614173228346E+00       44   1.6813281250000001E+00   7.8304147059881802E-03
       4   2.6046614173228346E+00       45   1.7203125000000001E+00   6.9425452878532556E-03
       4   2.6046614173228346E+00       46   1.7592968750000000E+00   1.9288641421367234E-03
       4   2.6046614173228346E+00       47   1.7982812500000001E+00   3.2951575945397377E-03
       4   2.6046614173228346E+00       48   1.8372656250000001E+00   2.0733926240584549E-03
       4   2.6046614173228346E+00       49   1.8762500000000000E+00   3.8570769096376986E-03
       4   2.6046614173228346E+00       50   1.9152343750000000E+00   5.1092763749738413E-03
       4   2.6046614173228346E+00       51   1.9542187500000001E+00   4.0449113321111918E-03
       4   2.6046614173228346E+00       52   1.9932031250000002E+00   5.8945156279361479E-03
       4   2.6046614173228346E+00       53   2.0321875000000000E+00   3.6113012090373394E-03
       4   2.6046614173228346E+00       54   2.0711718750000001E+00   3.1062516630886851E-03
       4   2.6046614173228346E+00       55   2.1101562500000002E+00   4.0886596206163601E-03
       4   2.6046614173228346E+00       56   2.1491406250000002E+00   2.9465809644703359E-03
       4   2.6046614173228346E+00       57   2.1881249999999999E+00   4.1332903289480047E-03
       4   2.6046614173228346E+00       58   2.2271093749999999E+00   2.0911039716778519E-03
       4   2.6046614173228346E+00       59   2.2660937500000000E+00   3.5269843859365587E-03
       4   2.6046614173228346E+00       60   2.3050781250000001E+00   2.0051535535626545E-03
       4   2.6046614173228346E+00       61   2.3440625000000002E+00   6.9778673158056069E-03
       4   2.6046614173228346E+00       62   2.3830468750000002E+00   6.8098037088727302E-03
       4   2.6046614173228346E+00       63   2.4220312500000003E+00   2.8655382301323844E-03
       4   2.6046614173228346E+00       64   2.4610156249999999E+00   7.1590945554917381E-03
 
       5   3.4728818897637792E+00        1   5.0000000000000001E-03   8.3395428766760176E+02
       5   3.4728818897637792E+00        2   4.3984374999999999E-02   7.2615556758386120E+01
       5   3.4728818897637792E+00        3   8.2968750000000008E-02   2.7332056081918690E+01
       5   3.4728818897637792E+00        4   1.2195312500000001E-01   1.5116187846726765E+01
       5   3.4728818897637792E+00        5   1.6093750000000001E-01   1.5999488299044897E+01
       5   3.4728818897637792E+00        6   1.9992187500000000E-01   1.7059879857216504E+01
       5   3.4728818897637792E+00        7   2.3890625000000001E-01   1.5262002176216214E+01
       5   3.4728818897637792E+00        8   2.7789062500000000E-01   1.3881871352058344E+01
       5   3.4728818897637792E+00        9   3.1687500000000002E-01   1.0284043036253319E+01
       5   3.4728818897637792E+00       10   3.5585937500000003E-01   7.4582268279784243E+00
       5   3.4728818897637792E+00       11   3.9484374999999999E-01   5.5282929314948435E+00
       5   3.4728818897637792E+00       12   4.3382812500000001E-01   2.3230189903598197E+00
       5   3.4728818897637792E+00       13   4.7281250000000002E-01   3.1752494659734540E+00
       5   3.4728818897637792E+00       14   5.1179687500000004E-01   3.0786014852373378E+00
       5   3.4728818897637792E+00       15   5.5078125000000000E-01   4.3298710860736271E+00
       5   3.4728818897637792E+00       16   5.8976562500000007E-01   6.3346226964485162E+00
       5   3.4728818897637792E+00       17   6.2875000000000003E-01   6.9201187357997220E+00
       5   3.4728818897637792E+00       18   6.6773437499999999E-01   6.4333306276445654E+00
       5   3.4728818897637792E+00       19   7.0671875000000006E-01   3.8226111824346369E+00
       5   3.4728818897637792E+00       20   7.4570312500000002E-01   1.2560908329445231E+00
       5   3.4728818897637792E+00       21   7.8468749999999998E-01   3.9471631655648970E-01
       5   3.4728818897637792E+00       22   8.2367187500000005E-01   1.6195127879965371E-01
       5   3.4728818897637792E+00       23   8.6265625000000001E-01   1.9962245910043130E-01
       5   3.4728818897637792E+00       24   9.0164062500000008E-01   3.9743513489601456E-01
       5   3.4728818897637792E+00       25   9.4062500000000004E-01   5.0212047440396967E-01
       5   3.4728818897637792E+00       26   9.7960937500000000E-01   2.6596210801016323E-01
       5   3.4728818897637792E+00       27   1.0185937500000000E+00   1.0457268923926535E-01
       5   3.4728818897637792E+00       28   1.0575781250000000E+00   8.0767523205971276E-02
       5   3.4728818897637792E+00       29   1.0965625000000001E+00   8.4109906386335073E-02
       5   3.4728818897637792E+00       30   1.1355468750000000E+00   9.3136691295459095E-02
       5   3.4728818897637792E+00       31   1.1745312500000000E+00   4.2275279698010614E-02
       5   3.4728818897637792E+00       32   1.2135156250000001E+00   3.2614328595824756E-02
       5   3.4728818897637792E+00       33   1.2524999999999999E+00   3.0580807420421907E-02
       5   3.4728818897637792E+00       34   1.2914843750000000E+00   1.5531704627384723E-02
       5   3.4728818897637792E+00       35   1.3304687500000001E+00   1.7473326042645947E-02
       5   3.4728818897637792E+00       36   1.3694531250000002E+00   3.1866303374238111E-02
       5   3.4728818897637792E+00       37   1.4084375000000000E+00   1.1914700466316918E-02
       5   3.4728818897637792E+00       38   1.4474218750000001E+00   1.6411058237299304E-02
       5   3.4728818897637792E+00       39   1.4864062500000002E+00   1.8441990587927868E-02
       5   3.4728818897637792E+00       40   1.5253906250000000E+00   9.0839979745547892E-03
       5   3.4728818897637792E+00       41   1.5643750000000001E+00   1.0983210875884960E-02
       5   3.4728818897637792E+00       42   1.6033593750000001E+00   6.0115228194766290E-03
       5   3.4728818897637792E+00       43   1.6423437500000000E+00   5.9014904458416107E-03
       5   3.4728818897637792E+00       44   1.6813281250000001E+00   9.0902076316026082E-03
       5   3.4728818897637792E+00       45   1.7203125000000001E+00   5.5396296517592931E-03
       5   3.4728818897637792E+00       46   1.7592968750000000E+00   1.8039284821509032E-03
       5   3.4728818897637792E+00       47   1.7982812500000001E+00   3.4950535043293835E-03
       5   3.4728818897637792E+00       48   1.8372656250000001E+00   2.0514897734819205E-03
       5   3.4728818897637792E+00       49   1.8762500000000000E+00   3.7624521843548971E-03
       5   3.4728818897637792E+00       50   1.9152343750000000E+00   4.7803043138680973E-03
       5   3.4728818897637792E+00       51   1.9542187500000001E+00   3.7976565429235711E-03
       5   3.4728818897637792E+00       52   1.9932031250000002E+00   5.0624801815381685E-03
       5   3.4728818897637792E+00       53   2.0321875000000000E+00   3.2480160653913619E-03
       5   3.4728818897637792E+00       54   2.0711718750000001E+00   2.7019350846473273E-03
       5   3.4728818897637792E+00       55   2.1101562500000002E+00   4.0861928621318683E-03
       5   3.4728818897637792E+00       56   2.1491406250000002E+00   2.8362836903266645E-03
       5   3.4728818897637792E+00       57   2.1881249999999999E+00   4.1306934613243194E-03
       5   3.4728818897637792E+00       58   2.2271093749999999E+00   2.0510095682430415E-03
       5   3.4728818897637792E+00       59   2.2660937500000000E+00   3.3434471344869500E-03
       5   3.4728818897637792E+00       60   2.3050781250000001E+00   2.0913029157738111E-03
       5   3.4728818897637792E+00       61   2.3440625000000002E+00   7.2104316958343968E-03
       5   3.4728818897637792E+00       62   2.3830468750000002E+00   6.7221644660869946E-03
       5   3.4728818897637792E+00       63   2.4220312500000003E+00   3.0065349955604157E-03
       5   3.4728818897637792E+00       64   2.4610156249999999E+00   7.2701495892571032E-03
 
       6   4.3411023622047242E+00        1   5.0000000000000001E-03   8.2718406223120178E+02
       6   4.3411023622047242E+00        2   4.3984374999999999E-02   7.1958182070188514E+01
       6   4.3411023622047242E+00        3   8.2968750000000008E-02   2.7387492925079698E+01
       6   4.3411023622047242E+00        4   1.2195312500000001E-01   1.5810652667166327E+01
       6   4.3411023622047242E+00        5   1.6093750000000001E-01   1.6659306098431244E+01
       6   4.3411023622047242E+00        6   1.9992187500000000E-01   1.6910202436486873E+01
       6   4.3411023622047242E+00        7   2.3890625000000001E-01   1.5290247048658042E+01
       6   4.3411023622047242E+00        8   2.7789062500000000E-01   1.4637108373130571E+01
       6   4.3411023622047242E+00        9   3.1687500000000002E-01   1.0422349981508965E+01
       6   4.3411023622047242E+00       10   3.5585937500000003E-01   7.5792178376909938E+00
       6   4.3411023622047242E+00       11   3.9484374999999999E-01   5.7021150553837794E+00
       6   4.3411023622047242E+00       12   4.3382812500000001E-01   2.4383677879155150E+00
       6   4.3411023622047242E+00       13   4.7281250000000002E-01   3.3442536167259651E+00
       6   4.3411023622047242E+00       14   5.1179687500000004E-01   3.1580031112358071E+00
       6   4.3411023622047242E+00       15   5.5078125000000000E-01   4.3591773099971132E+00
       6   4.3411023622047242E+00       16   5.8976562500000007E-01   6.3462961967360023E+00
       6   4.3411023622047242E+00       17   6.2875000000000003E-01   7.0431264649660870E+00
       6   4.3411023622047242E+00       18   6.6773437499999999E-01   6.5164740123849594E+00
       6   4.3411023622047242E+00       19   7.0671875000000006E-01   3.8145976924484248E+00
       6   4.3411023622047242E+00       20   7.4570312500000002E-01   1.2152172095902876E+00
       6   4.3411023622047242E+00       21   7.8468749999999998E-01   3.7354869472757257E-01
       6   4.3411023622047242E+00       22   8.2367187500000005E-01   1.4533019095743538E-01
       6   4.3411023622047242E+00       23   8.6265625000000001E-01   1.7537488425899006E-01
       6   4.3411023622047242E+00       24   9.0164062500000008E-01   3.4793559115656303E-01
       6   4.3411023622047242E+00       25   9.4062500000000004E-01   4.3588005839680877E-01
       6   4.3411023622047242E+00       26   9.7960937500000000E-01   2.1928079715604185E-01
       6   4.3411023622047242E+00       27   1.0185937500000000E+00   8.2596540853677153E-02
       6   4.3411023622047242E+00       28   1.0575781250000000E+00   7.0116464280644511E-02
       6   4.3411023622047242E+00       29   1.0965625000000001E+00   6.7454919375742342E-02
       6   4.3411023622047242E+00       30   1.1355468750000000E+00   8.0122425476661582E-02
       6   4.3411023622047242E+00       31   1.1745312500000000E+00   3.9929174365960357E-02
       6   4.3411023622047242E+00       32   1.2135156250000001E+00   3.3714343586111001E-02
       6   4.3411023622047242E+00       33   1.2524999999999999E+00   3.5892984753097788E-02
       6   4.3411023622047242E+00       34   1.2914843750000000E+00   2.0250258654194685E-02
       6   4.3411023622047242E+00       35   1.3304687500000001E+00   2.3541048953484394E-02
       6   4.3411023622047242E+00       36   1.3694531250000002E+00   4.3306132792851774E-02
       6   4.3411023622047242E+00       37   1.4084375000000000E+00   1.5533739224379601E-02
       6   4.3411023622047242E+00       38   1.4474218750000001E+00   2.2435857480282255E-02
       6   4.3411023622047242E+00       39   1.4864062500000002E+00   2.0767766107511611E-02
       6   4.3411023622047242E+00       40   1.5253906250000000E+00   8.8479417492705204E-03
       6   4.3411023622047242E+00       41   1.5643750000000001E+00   1.1052593556727906E-02
       6   4.3411023622047242E+00       42   1.6033593750000001E+00   3.6481730646124328E-03
       6   4.3411023622047242E+00       43   1.6423437500000000E+00   7.2482118993690836E-03
       6   4.3411023622047242E+00       44   1.6813281250000001E+00   8.7603138312461557E-03
       6   4.3411023622047242E+00       45   1.7203125000000001E+00   4.8327111295934045E-03
       6   4.3411023622047242E+00       46   1.7592968750000000E+00   2.1978122773384156E-03
       6   4.3411023622047242E+00       47   1.7982812500000001E+00   3.0712588929738419E-03
       6   4.3411023622047242E+00       48   1.8372656250000001E+00   1.9027774214262962E-03
       6   4.3411023622047242E+00       49   1.8762500000000000E+00   3.5778920955672833E-03
       6   4.3411023622047242E+00       50   1.9152343750000000E+00   4.3968065710754643E-03
       6   4.3411023622047242E+00       51   1.9542187500000001E+00   3.6161479532943967E-03
       6   4.3411023622047242E+00       52   1.9932031250000002E+00   4.0045109805972000E-03
       6   4.3411023622047242E+00       53   2.0321875000000000E+00   3.1207183019783501E-03
       6   4.3411023622047242E+00       54   2.0711718750000001E+00   2.5810791155338503E-03
       6   4.3411023622047242E+00       55   2.1101562500000002E+00   4.3299395804563354E-03
       6   4.3411023622047242E+00       56   2.1491406250000002E+00   2.8089775203033207E-03
       6   4.3411023622047242E+00       57   2.1881249999999999E+00   3.9809284343119335E-03
       6   4.3411023622047242E+00       58   2.2271093749999999E+00   1.9573474388009412E-03
       6   4.3411023622047242E+00       59   2.2660937500000000E+00   3.0025764774987283E-03
       6   4.3411023622047242E+00       60   2.3050781250000001E+00   2.2488939681595322E-03
       6   4.3411023622047242E+00       61   2.3440625000000002E+00   7.3279968673577306E-03
       6   4.3411023622047242E+00       62   2.3830468750000002E+00   6.6090464217189353E-03
       6   4.3411023622047242E+00       63   2.4220312500000003E+00   3.1075632993582368E-03
       6   4.3411023622047242E+00       64   2.4610156249999999E+00   7.3228188022378109E-03
 
       7   5.2093228346456693E+00        1   5.0000000000000001E-03   7.8812187723300974E+02
       7   5.2093228346456693E+00        2   4.3984374999999999E-02   6.8685495616964459E+01
       7   5.2093228346456693E+00        3   8.2968750000000008E-02   2.6661235696115710E+01
       7   5.2093228346456693E+00        4   1.2195312500000001E-01   1.6287098437520203E+01
       7   5.2093228346456693E+00        5   1.6093750000000001E-01   1.7254502838910657E+01
       7   5.2093228346456693E+00        6   1.9992187500000000E-01   1.6852418807798323E+01
       7   5.2093228346456693E+00        7   2.3890625000000001E-01   1.5250928789979298E+01
       7   5.2093228346456693E+00        8   2.7789062500000000E-01   1.5246249638750241E+01
       7   5.2093228346456693E+00        9   3.1687500000000002E-01   1.0702771805569496E+01
       7   5.2093228346456693E+00       10   3.5585937500000003E-01   7.7723448362182728E+00
       7   5.2093228346456693E+00       11   3.9484374999999999E-01   5.8276789218322138E+00
       7   5.2093228346456693E+00       12   4.3382812500000001E-01   2.5383866812921281E+00
       7   5.2093228346456693E+00       13   4.7281250000000002E-01   3.5061684233034272E+00
       7   5.2093228346456693E+00       14   5.1179687500000004E-01   3.2301707390233778E+00
       7   5.2093228346456693E+00       15   5.5078125000000000E-01   4.3030646861961568E+00
       7   5.2093228346456693E+00       16   5.8976562500000007E-01   6.2447087819236211E+00
       7   5.2093228346456693E+00       17   6.2875000000000003E-01   6.9355693781393848E+00
       7   5.2093228346456693E+00       18   6.6773437499999999E-01   6.4135404614982647E+00
       7   5.2093228346456693E+00       19   7.0671875000000006E-01   3.7487577426636860E+00
       7   5.2093228346456693E+00       20   7.4570312500000002E-01   1.1181456946158879E+00
       7   5.2093228346456693E+00       21   7.8468749999999998E-01   3.5731399718749179E-01
       7   5.2093228346456693E+00       22   8.2367187500000005E-01   1.5322953689916641E-01
       7   5.2093228346456693E+00       23   8.6265625000000001E-01   1.6784512638774984E-01
       7   5.2093228346456693E+00       24   9.0164062500000008E-01   3.2253429696214281E-01
       7   5.2093228346456693E+00       25   9.4062500000000004E-01   3.7774784829149394E-01
       7   5.2093228346456693E+00       26   9.7960937500000000E-01   1.7929970045187404E-01
       7   5.2093228346456693E+00       27   1.0185937500000000E+00   6.4023896136460659E-02
       7   5.2093228346456693E+00       28   1.0575781250000000E+00   7.2573703622363830E-02
       7   5.2093228346456693E+00       29   1.0965625000000001E+00   6.7650817860535908E-02
       7   5.2093228346456693E+00       30   1.1355468750000000E+00   8.4341841051251060E-02
       7   5.2093228346456693E+00       31   1.1745312500000000E+00   4.8184266006883629E-02
       7   5.2093228346456693E+00       32   1.2135156250000001E+00   4.8579653926976538E-02
       7   5.2093228346456693E+00       33   1.2524999999999999E+00   5.1784897741238060E-02
       7   5.2093228346456693E+00       34   1.2914843750000000E+00   3.1518593522885809E-02
       7   5.2093228346456693E+00       35   1.3304687500000001E+00   3.4203522842792329E-02
       7   5.2093228346456693E+00       36   1.3694531250000002E+00   5.1519476190438354E-02
       7   5.2093228346456693E+00       37   1.4084375000000000E+00   1.6455204998172841E-02
       7   5.2093228346456693E+00       38   1.4474218750000001E+00   2.5832980274649947E-02
       7   5.2093228346456693E+00       39   1.4864062500000002E+00   1.8226589473737568E-02
       7   5.2093228346456693E+00       40   1.5253906250000000E+00   6.7930353371969563E-03
       7   5.2093228346456693E+00       41   1.5643750000000001E+00   9.2228201714270840E-03
       7   5.2093228346456693E+00       42   1.6033593750000001E+00   2.8784045828615721E-03
       7   5.2093228346456693E+00       43   1.6423437500000000E+00   7.7937517825055072E-03
       7   5.2093228346456693E+00       44   1.6813281250000001E+00   7.4009095866801921E-03
       7   5.2093228346456693E+00       45   1.7203125000000001E+00   5.3350182436413315E-03
       7   5.2093228346456693E+00       46   1.7592968750000000E+00   2.5654015253238848E-03
       7   5.2093228346456693E+00       47   1.7982812500000001E+00   2.7565511274323115E-03
       7   5.2093228346456693E+00       48   1.8372656250000001E+00   1.8871104261211659E-03
       7   5.2093228346456693E+00       49   1.8762500000000000E+00   3.4745423108305403E-03
       7   5.2093228346456693E+00       50   1.9152343750000000E+00   4.1759296605811801E-03
       7   5.2093228346456693E+00       51   1.9542187500000001E+00   3.6919486894393030E-03
       7   5.2093228346456693E+00       52   1.9932031250000002E+00   3.7579926210626730E-03
       7   5.2093228346456693E+00       53   2.0321875000000000E+00   3.2954083819455729E-03
       7   5.2093228346456693E+00       54   2.0711718750000001E+00   2.7922298666959427E-03
       7   5.2093228346456693E+00       55   2.1101562500000002E+00   4.2946990449772068E-03
       7   5.2093228346456693E+00       56   2.1491406250000002E+00   2.8336906794537023E-03
       7   5.2093228346456693E+00       57   2.1881249999999999E+00   3.8546650243386602E-03
       7   5.2093228346456693E+00       58   2.2271093749999999E+00   1.8451098971440276E-03
       7   5.2093228346456693E+00       59   2.2660937500000000E+00   2.8417666951955647E-03
       7   5.2093228346456693E+00       60   2.3050781250000001E+00   2.4251296145400398E-03
       7   5.2093228346456693E+00       61   2.3440625000000002E+00   7.2962858681575671E-03
       7   5.2093228346456693E+00       62   2.3830468750000002E+00   6.5226192601757641E-03
       7   5.2093228346456693E+00       63   2.4220312500000003E+00   3.2114551491408648E-03
       7   5.2093228346456693E+00       64   2.4610156249999999E+00   7.2551603060619285E-03
 
       8   6.0775433070866134E+00        1   5.0000000000000001E-03   7.1996942761157732E+02
       8   6.0775433070866134E+00        2   4.3984374999999999E-02   6.3114689928729028E+01
       8   6.0775433070866134E+00        3   8.2968750000000008E-02   2.5252567851595639E+01
       8   6.0775433070866134E+00        4   1.2195312500000001E-01   1.6397803782968818E+01
       8   6.0775433070866134E+00        5   1.6093750000000001E-01   1.7566301510186758E+01
       8   6.0775433070866134E+00        6   1.9992187500000000E-01   1.6935885368691377E+01
       8   6.0775433070866134E+00        7   2.3890625000000001E-01   1.5214586900100828E+01
       8   6.0775433070866134E+00        8   2.7789062500000000E-01   1.5414871118986257E+01
       8   6.0775433070866134E+00        9   3.1687500000000002E-01   1.1018248874115972E+01
       8   6.0775433070866134E+00       10   3.5585937500000003E-01   7.9959248143892783E+00
       8   6.0775433070866134E+00       11   3.9484374999999999E-01   5.8384782721701471E+00
       8   6.0775433070866134E+00       12   4.3382812500000001E-01   2.6002375080613920E+00
       8   6.0775433070866134E+00       13   4.7281250000000002E-01   3.5996039357383096E+00
       8   6.0775433070866134E+00       14   5.1179687500000004E-01   3.2854586768120777E+00
       8   6.0775433070866134E+00       15   5.5078125000000000E-01   4.2002172284362898E+00
       8   6.0775433070866134E+00       16   5.8976562500000007E-01   6.0910299284963454E+00
       8   6.0775433070866134E+00       17   6.2875000000000003E-01   6.6706016194333415E+00
       8   6.0775433070866134E+00       18   6.6773437499999999E-01   6.1714071310694605E+00
       8   6.0775433070866134E+00       19   7.0671875000000006E-01   3.6381341409404406E+00
       8   6.0775433070866134E+00       20   7.4570312500000002E-01   1.0139631956884945E+00
       8   6.0775433070866134E+00       21   7.8468749999999998E-01   3.4425503916082523E-01
       8   6.0775433070866134E+00       22   8.2367187500000005E-01   1.7690668309658863E-01
       8   6.0775433070866134E+00       23   8.6265625000000001E-01   1.7200813234734524E-01
       8   6.0775433070866134E+00       24   9.0164062500000008E-01   3.1802657115671012E-01
       8   6.0775433070866134E+00       25   9.4062500000000004E-01   3.4097804839423013E-01
       8   6.0775433070866134E+00       26   9.7960937500000000E-01   1.6109628473450946E-01
       8   6.0775433070866134E+00       27   1.0185937500000000E+00   5.8928548957826510E-02
       8   6.0775433070866134E+00       28   1.0575781250000000E+00   8.9627418317321877E-02
       8   6.0775433070866134E+00       29   1.0965625000000001E+00   8.3928056161210823E-02
       8   6.0775433070866134E+00       30   1.1355468750000000E+00   1.0096507109145671E-01
       8   6.0775433070866134E+00       31   1.1745312500000000E+00   6.1856832505479423E-02
       8   6.0775433070866134E+00       32   1.2135156250000001E+00   6.9547952633678078E-02
       8   6.0775433070866134E+00       33   1.2524999999999999E+00   6.9494470051753382E-02
       8   6.0775433070866134E+00       34   1.2914843750000000E+00   4.3276317571387946E-02
       8   6.0775433070866134E+00       35   1.3304687500000001E+00   4.4001006604662003E-02
       8   6.0775433070866134E+00       36   1.3694531250000002E+00   5.1969576014302299E-02
       8   6.0775433070866134E+00       37   1.4084375000000000E+00   1.4380141100629325E-02
       8   6.0775433070866134E+00       38   1.4474218750000001E+00   2.4611121714423079E-02
       8   6.0775433070866134E+00       39   1.4864062500000002E+00   1.3176835470546979E-02
       8   6.0775433070866134E+00       40   1.5253906250000000E+00   4.6154491174168156E-03
       8   6.0775433070866134E+00       41   1.5643750000000001E+00   6.8069660715502781E-03
       8   6.0775433070866134E+00       42   1.6033593750000001E+00   4.2622083399864608E-03
       8   6.0775433070866134E+00       43   1.6423437500000000E+00   6.7191657783741360E-03
       8   6.0775433070866134E+00       44   1.6813281250000001E+00   6.3135933318134493E-03
       8   6.0775433070866134E+00       45   1.7203125000000001E+00   6.1901566065287513E-03
       8   6.0775433070866134E+00       46   1.7592968750000000E+00   2.4061568921111241E-03
       8   6.0775433070866134E+00       47   1.7982812500000001E+00   3.2871515198945999E-03
       8   6.0775433070866134E+00       48   1.8372656250000001E+00   1.9772941500667699E-03
       8   6.0775433070866134E+00       49   1.8762500000000000E+00   3.2531174089513743E-03
       8   6.0775433070866134E+00       50   1.9152343750000000E+00   4.2443413063615919E-03
       8   6.0775433070866134E+00       51   1.9542187500000001E+00   4.0206612210388374E-03
       8   6.0775433070866134E+00       52   1.9932031250000002E+00   4.2676631290599438E-03
       8   6.0775433070866134E+00       53   2.0321875000000000E+00   3.4275650120048039E-03
       8   6.0775433070866134E+00       54   2.0711718750000001E+00   2.9276613757532812E-03
       8   6.0775433070866134E+00       55   2.1101562500000002E+00   3.9418316211760670E-03
       8   6.0775433070866134E+00       56   2.1491406250000002E+00   2.8578186032351518E-03
       8   6.0775433070866134E+00       57   2.1881249999999999E+00   3.8393388051560277E-03
       8   6.0775433070866134E+00       58   2.2271093749999999E+00   1.8158521749051125E-03
       8   6.0775433070866134E+00       59   2.2660937500000000E+00   3.0298238727684895E-03
       8   6.0775433070866134E+00       60   2.3050781250000001E+00   2.5755084798650468E-03
       8   6.0775433070866134E+00       61   2.3440625000000002E+00   7.1797871268918512E-03
       8   6.0775433070866134E+00       62   2.3830468750000002E+00   6.3299305291996885E-03
       8   6.0775433070866134E+00       63   2.4220312500000003E+00   3.3439615241313719E-03
       8   6.0775433070866134E+00       64   2.4610156249999999E+00   7.1672737463872611E-03
 
       9   6.9457637795275584E+00        1   5.0000000000000001E-03   6.3663975950037775E+02
       9   6.9457637795275584E+00        2   4.3984374999999999E-02   5.6280230044273694E+01
       9   6.9457637795275584E+00        3   8.2968750000000008E-02   2.3303364333263968E+01
       9   6.9457637795275584E+00        4   1.2195312500000001E-01   1.5957174316957072E+01
       9   6.9457637795275584E+00        5   1.6093750000000001E-01   1.7418061062399072E+01
       9   6.9457637795275584E+00        6   1.9992187500000000E-01   1.7045195186471503E+01
       9   6.9457637795275584E+00        7   2.3890625000000001E-01   1.5119125469660926E+01
       9   6.9457637795275584E+00        8   2.7789062500000000E-01   1.5044671119054779E+01
       9   6.9457637795275584E+00        9   3.1687500000000002E-01   1.1161616648938660E+01
       9   6.9457637795275584E+00       10   3.5585937500000003E-01   8.1237870903163856E+00
       9   6.9457637795275584E+00       11   3.9484374999999999E-01   5.7114461350854766E+00
       9   6.9457637795275584E+00       12   4.3382812500000001E-01   2.6249140159399427E+00
       9   6.9457637795275584E+00       13   4.7281250000000002E-01   3.5989067955714145E+00
       9   6.9457637795275584E+00       14   5.1179687500000004E-01   3.3374619792790954E+00
       9   6.9457637795275584E+00       15   5.5078125000000000E-01   4.1025118947156143E+00
       9   6.9457637795275584E+00       16   5.8976562500000007E-01   5.9336877080790433E+00
       9   6.9457637795275584E+00       17   6.2875000000000003E-01   6.3682159033648205E+00
       9   6.9457637795275584E+00       18   6.6773437499999999E-01   5.8497454615919846E+00
       9   6.9457637795275584E+00       19   7.0671875000000006E-01   3.4588408004954294E+00
       9   6.9457637795275584E+00       20   7.4570312500000002E-01   9.2774847505249525E-01
       9   6.9457637795275584E+00       21   7.8468749999999998E-01   3.1833930346374029E-01
       9   6.9457637795275584E+00       22   8.2367187500000005E-01   1.9410286062752491E-01
       9   6.9457637795275584E+00       23   8.6265625000000001E-01   1.8052598096094077E-01
       9   6.9457637795275584E+00       24   9.0164062500000008E-01   3.3025710286348253E-01
       9   6.9457637795275584E+00       25   9.4062500000000004E-01   3.3548400409722645E-01
       9   6.9457637795275584E+00       26   9.7960937500000000E-01   1.6855869773892296E-01
       9   6.9457637795275584E+00       27   1.0185937500000000E+00   7.0404873206828339E-02
       9   6.9457637795275584E+00       28   1.0575781250000000E+00   1.1744758068187351E-01
       9   6.9457637795275584E+00       29   1.0965625000000001E+00   1.1089083370676060E-01
       9   6.9457637795275584E+00       30   1.1355468750000000E+00   1.2137051623586759E-01
       9   6.9457637795275584E+00       31   1.1745312500000000E+00   7.3038641913369562E-02
       9   6.9457637795275584E+00       32   1.2135156250000001E+00   8.6069764943536811E-02
       9   6.9457637795275584E+00       33   1.2524999999999999E+00   7.9537732394167809E-02
       9   6.9457637795275584E+00       34   1.2914843750000000E+00   4.9243467473922990E-02
       9   6.9457637795275584E+00       35   1.3304687500000001E+00   4.7454756978641113E-02
       9   6.9457637795275584E+00       36   1.3694531250000002E+00   4.4130258512417544E-02
       9   6.9457637795275584E+00       37   1.4084375000000000E+00   1.0824231338473555E-02
       9   6.9457637795275584E+00       38   1.4474218750000001E+00   1.9404294720511091E-02
       9   6.9457637795275584E+00       39   1.4864062500000002E+00   9.0962909387121722E-03
       9   6.9457637795275584E+00       40   1.5253906250000000E+00   4.0685606344250148E-03
       9   6.9457637795275584E+00       41   1.5643750000000001E+00   5.6199381530193269E-03
       9   6.9457637795275584E+00       42   1.6033593750000001E+00   6.5113269173099160E-03
       9   6.9457637795275584E+00       43   1.6423437500000000E+00   4.7558745746425967E-03
       9   6.9457637795275584E+00       44   1.6813281250000001E+00   6.5141324436632378E-03
       9   6.9457637795275584E+00       45   1.7203125000000001E+00   6.4944568526817854E-03
       9   6.9457637795275584E+00       46   1.7592968750000000E+00   1.7701008065396902E-03
       9   6.9457637795275584E+00       47   1.7982812500000001E+00   4.2782227712844295E-03
       9   6.9457637795275584E+00       48   1.8372656250000001E+00   2.0734221353750212E-03
       9   6.9457637795275584E+00       49   1.8762500000000000E+00   2.8849547729507233E-03
       9   6.9457637795275584E+00       50   1.9152343750000000E+00   4.5177645996956920E-03
       9   6.9457637795275584E+00       51   1.9542187500000001E+00   4.4193240511583862E-03
       9   6.9457637795275584E+00       52   1.9932031250000002E+00   4.9893437971896505E-03
       9   6.9457637795275584E+00       53   2.0321875000000000E+00   3.2851075142045281E-03
       9   6.9457637795275584E+00       54   2.0711718750000001E+00   2.6998493412845690E-03
       9   6.9457637795275584E+00       55   2.1101562500000002E+00   3.7554635644578361E-03
       9   6.9457637795275584E+00       56   2.1491406250000002E+00   2.8901021864420531E-03
       9   6.9457637795275584E+00       57   2.1881249999999999E+00   3.8291448736758864E-03
       9   6.9457637795275584E+00       58   2.2271093749999999E+00   1.8786858198834579E-03
       9   6.9457637795275584E+00       59   2.2660937500000000E+00   3.3991754317908374E-03
       9   6.9457637795275584E+00       60   2.3050781250000001E+00   2.7243484901930516E-03
       9   6.9457637795275584E+00       61   2.3440625000000002E+00   7.0502381764755906E-03
       9   6.9457637795275584E+00       62   2.3830468750000002E+00   6.0520067546444298E-03
       9   6.9457637795275584E+00       63   2.4220312500000003E+00   3.4532240424358946E-03
       9   6.9457637795275584E+00       64   2.4610156249999999E+00   7.3136825786772157E-03
 
      10   7.8139842519685034E+00        1   5.0000000000000001E-03   5.6146160036336767E+02
      10   7.8139842519685034E+00        2   4.3984374999999999E-02   4.9967524017928554E+01
      10   7.8139842519685034E+00        3   8.2968750000000008E-02   2.1142901980580810E+01
      10   7.8139842519685034E+00        4   1.2195312500000001E-01   1.4938323751957636E+01
      10   7.8139842519685034E+00        5   1.6093750000000001E-01   1.6740885752529259E+01
      10   7.8139842519685034E+00        6   1.9992187500000000E-01   1.6924658806123642E+01
      10   7.8139842519685034E+00        7   2.3890625000000001E-01   1.4856938108552470E+01
      10   7.8139842519685034E+00        8   2.7789062500000000E-01   1.4272638730892064E+01
      10   7.8139842519685034E+00        9   3.1687500000000002E-01   1.0933986599920077E+01
      10   7.8139842519685034E+00       10   3.5585937500000003E-01   8.0460028600155109E+00
      10   7.8139842519685034E+00       11   3.9484374999999999E-01   5.5040804711864535E+00
      10   7.8139842519685034E+00       12   4.3382812500000001E-01   2.6313955075256672E+00
      10   7.8139842519685034E+00       13   4.7281250000000002E-01   3.5442685136950933E+00
      10   7.8139842519685034E+00       14   5.1179687500000004E-01   3.4062915206641780E+00
      10   7.8139842519685034E+00       15   5.5078125000000000E-01   4.0479563340854749E+00
      10   7.8139842519685034E+00       16   5.8976562500000007E-01   5.8018624812178352E+00
      10   7.8139842519685034E+00       17   6.2875000000000003E-01   6.1196003433566410E+00
      10   7.8139842519685034E+00       18   6.6773437499999999E-01   5.5015244785213211E+00
      10   7.8139842519685034E+00       19   7.0671875000000006E-01   3.1950353267718028E+00
      10   7.8139842519685034E+00       20   7.4570312500000002E-01   8.5018679953325393E-01
      10   7.8139842519685034E+00       21   7.8468749999999998E-01   2.7478038582202657E-01
      10   7.8139842519685034E+00       22   8.2367187500000005E-01   1.9512502587995773E-01
      10   7.8139842519685034E+00       23   8.6265625000000001E-01   1.9551345841788320E-01
      10   7.8139842519685034E+00       24   9.0164062500000008E-01   3.6192060908474688E-01
      10   7.8139842519685034E+00       25   9.4062500000000004E-01   3.6488573455738227E-01
      10   7.8139842519685034E+00       26   9.7960937500000000E-01   1.9381855942219450E-01
      10   7.8139842519685034E+00       27   1.0185937500000000E+00   9.1940972552037564E-02
      10   7.8139842519685034E+00       28   1.0575781250000000E+00   1.4615070828470872E-01
      10   7.8139842519685034E+00       29   1.0965625000000001E+00   1.3898838501150410E-01
      10   7.8139842519685034E+00       30   1.1355468750000000E+00   1.4143391130465086E-01
      10   7.8139842519685034E+00       31   1.1745312500000000E+00   7.7986674312076454E-02
      10   7.8139842519685034E+00       32   1.2135156250000001E+00   9.0690749593391282E-02
      10   7.8139842519685034E+00       33   1.2524999999999999E+00   7.7441497637962514E-02
      10   7.8139842519685034E+00       34   1.2914843750000000E+00   4.6266735431059566E-02
      10   7.8139842519685034E+00       35   1.3304687500000001E+00   4.2251868889677836E-02
      10   7.8139842519685034E+00       36   1.3694531250000002E+00   3.2050748849485375E-02
      10   7.8139842519685034E+00       37   1.4084375000000000E+00   7.8474697593547971E-03
      10   7.8139842519685034E+00       38   1.4474218750000001E+00   1.3401261394651625E-02
      10   7.8139842519685034E+00       39   1.4864062500000002E+00   8.2596642319659498E-03
      10   7.8139842519685034E+00       40   1.5253906250000000E+00   5.2165290123916443E-03
      10   7.8139842519685034E+00       41   1.5643750000000001E+00   6.7479939789092469E-03
      10   7.8139842519685034E+00       42   1.6033593750000001E+00   7.6059341574648241E-03
      10   7.8139842519685034E+00       43   1.6423437500000000E+00   3.7404954458333680E-03
      10   7.8139842519685034E+00       44   1.6813281250000001E+00   8.0420604752701290E-03
      10   7.8139842519685034E+00       45   1.7203125000000001E+00   6.0978858234293845E-03
      10   7.8139842519685034E+00       46   1.7592968750000000E+00   1.2964358607910303E-03
      10   7.8139842519685034E+00       47   1.7982812500000001E+00   4.4842020307119977E-03
      10   7.8139842519685034E+00       48   1.8372656250000001E+00   2.0611008930100823E-03
      10   7.8139842519685034E+00       49   1.8762500000000000E+00   2.7193289060341687E-03
      10   7.8139842519685034E+00       50   1.9152343750000000E+00   4.8250114462320094E-03
      10   7.8139842519685034E+00       51   1.9542187500000001E+00   4.6273617576146524E-03
      10   7.8139842519685034E+00       52   1.9932031250000002E+00   5.2760270965070081E-03
      10   7.8139842519685034E+00       53   2.0321875000000000E+00   3.3528067982134856E-03
      10   7.8139842519685034E+00       54   2.0711718750000001E+00   2.4905491169618923E-03
      10   7.8139842519685034E+00       55   2.1101562500000002E+00   3.9770046911923517E-03
      10   7.8139842519685034E+00       56   2.1491406250000002E+00   3.0014735698595039E-03
      10   7.8139842519685034E+00       57   2.1881249999999999E+00   3.7985741346763229E-03
      10   7.8139842519685034E+00       58   2.2271093749999999E+00   2.0167958200527805E-03
      10   7.8139842519685034E+00       59   2.2660937500000000E+00   3.7978627419323601E-03
      10   7.8139842519685034E+00       60   2.3050781250000001E+00   2.9038833311977037E-03
      10   7.8139842519685034E+00       61   2.3440625000000002E+00   7.0085878626990417E-03
      10   7.8139842519685034E+00       62   2.3830468750000002E+00   5.9350001401907819E-03
      10   7.8139842519685034E+00       63   2.4220312500000003E+00   3.5398463422597537E-03
      10   7.8139842519685034E+00       64   2.4610156249999999E+00   7.5585545323545410E-03
 
      11   8.6822047244094485E+00        1   5.0000000000000001E-03   5.1480305547789214E+02
      11   8.6822047244094485E+00        2   4.3984374999999999E-02   4.5974636894158110E+01
      11   8.6822047244094485E+00        3   8.2968750000000008E-02   1.9307698719835678E+01
      11   8.6822047244094485E+00        4   1.2195312500000001E-01   1.3540879333614182E+01
      11   8.6822047244094485E+00        5   1.6093750000000001E-01   1.5589846543391030E+01
      11   8.6822047244094485E+00        6   1.9992187500000000E-01   1.6376359489976544E+01
      11   8.6822047244094485E+00        7   2.3890625000000001E-01   1.4372031890061649E+01
      11   8.6822047244094485E+00        8   2.7789062500000000E-01   1.3302435720034349E+01
      11   8.6822047244094485E+00        9   3.1687500000000002E-01   1.0300608900727873E+01
      11   8.6822047244094485E+00       10   3.5585937500000003E-01   7.7653235514432364E+00
      11   8.6822047244094485E+00       11   3.9484374999999999E-01   5.3206755076671630E+00
      11   8.6822047244094485E+00       12   4.3382812500000001E-01   2.6477633925832689E+00
      11   8.6822047244094485E+00       13   4.7281250000000002E-01   3.5213986544059064E+00
      11   8.6822047244094485E+00       14   5.1179687500000004E-01   3.4926690832329688E+00
      11   8.6822047244094485E+00       15   5.5078125000000000E-01   4.0544783187782540E+00
      11   8.6822047244094485E+00       16   5.8976562500000007E-01   5.7029144336110713E+00
      11   8.6822047244094485E+00       17   6.2875000000000003E-01   5.9439839781605288E+00
      11   8.6822047244094485E+00       18   6.6773437499999999E-01   5.1750266919572470E+00
      11   8.6822047244094485E+00       19   7.0671875000000006E-01   2.8815315771067467E+00
      11   8.6822047244094485E+00       20   7.4570312500000002E-01   7.6527266724529763E-01
      11   8.6822047244094485E+00       21   7.8468749999999998E-01   2.3230979351972211E-01
      11   8.6822047244094485E+00       22   8.2367187500000005E-01   1.9193878019283822E-01
      11   8.6822047244094485E+00       23   8.6265625000000001E-01   2.2268786861146789E-01
      11   8.6822047244094485E+00       24   9.0164062500000008E-01   4.1226648181597325E-01
      11   8.6822047244094485E+00       25   9.4062500000000004E-01   4.2134554365657756E-01
      11   8.6822047244094485E+00       26   9.7960937500000000E-01   2.2811402977188283E-01
      11   8.6822047244094485E+00       27   1.0185937500000000E+00   1.1357368361144121E-01
      11   8.6822047244094485E+00       28   1.0575781250000000E+00   1.6354352195887015E-01
      11   8.6822047244094485E+00       29   1.0965625000000001E+00   1.5690721407165786E-01
      11   8.6822047244094485E+00       30   1.1355468750000000E+00   1.5815105435628812E-01
      11   8.6822047244094485E+00       31   1.1745312500000000E+00   7.8859936102069553E-02
      11   8.6822047244094485E+00       32   1.2135156250000001E+00   8.2549069262649655E-02
      11   8.6822047244094485E+00       33   1.2524999999999999E+00   6.5654505849301090E-02
      11   8.6822047244094485E+00       34   1.2914843750000000E+00   3.6425347231102877E-02
      11   8.6822047244094485E+00       35   1.3304687500000001E+00   3.1155367499121896E-02
      11   8.6822047244094485E+00       36   1.3694531250000002E+00   2.2885590518401496E-02
      11   8.6822047244094485E+00       37   1.4084375000000000E+00   7.2445946464032322E-03
      11   8.6822047244094485E+00       38   1.4474218750000001E+00   1.0630415943097117E-02
      11   8.6822047244094485E+00       39   1.4864062500000002E+00   1.0974382480695358E-02
      11   8.6822047244094485E+00       40   1.5253906250000000E+00   6.9149293144360980E-03
      11   8.6822047244094485E+00       41   1.5643750000000001E+00   9.5788751513829640E-03
      11   8.6822047244094485E+00       42   1.6033593750000001E+00   6.6043939018851396E-03
      11   8.6822047244094485E+00       43   1.6423437500000000E+00   4.6664947579083621E-03
      11   8.6822047244094485E+00       44   1.6813281250000001E+00   9.5264928874958018E-03
      11   8.6822047244094485E+00       45   1.7203125000000001E+00   5.4668909599982904E-03
      11   8.6822047244094485E+00       46   1.7592968750000000E+00   1.5770260114897636E-03
      11   8.6822047244094485E+00       47   1.7982812500000001E+00   3.4247748393613636E-03
      11   8.6822047244094485E+00       48   1.8372656250000001E+00   1.8069470812016937E-03
      11   8.6822047244094485E+00       49   1.8762500000000000E+00   2.9591187464354388E-03
      11   8.6822047244094485E+00       50   1.9152343750000000E+00   4.9778101099495565E-03
      11   8.6822047244094485E+00       51   1.9542187500000001E+00   4.5348205226619712E-03
      11   8.6822047244094485E+00       52   1.9932031250000002E+00   4.7840942535685767E-03
      11   8.6822047244094485E+00       53   2.0321875000000000E+00   3.8552962486383033E-03
      11   8.6822047244094485E+00       54   2.0711718750000001E+00   2.5775531191103286E-03
      11   8.6822047244094485E+00       55   2.1101562500000002E+00   4.4200815474406538E-03
      11   8.6822047244094485E+00       56   2.1491406250000002E+00   3.1763733199004123E-03
      11   8.6822047244094485E+00       57   2.1881249999999999E+00   3.6757481344619602E-03
      11   8.6822047244094485E+00       58   2.2271093749999999E+00   2.1835700367583495E-03
      11   8.6822047244094485E+00       59   2.2660937500000000E+00   3.9814976356587362E-03
      11   8.6822047244094485E+00       60   2.3050781250000001E+00   2.9922418457847661E-03
      11   8.6822047244094485E+00       61   2.3440625000000002E+00   6.9358782593902865E-03
      11   8.6822047244094485E+00       62   2.3830468750000002E+00   5.9766246997379306E-03
      11   8.6822047244094485E+00       63   2.4220312500000003E+00   3.4815117093026635E-03
      11   8.6822047244094485E+00       64   2.4610156249999999E+00   7.5086636794175045E-03
 
      12   9.5504251968503944E+00        1   5.0000000000000001E-03   5.0304891749447756E+02
      12   9.5504251968503944E+00        2   4.3984374999999999E-02   4.5068023282510218E+01
      12   9.5504251968503944E+00        3   8.2968750000000008E-02   1.8264149595791721E+01
      12   9.5504251968503944E+00        4   1.2195312500000001E-01   1.2077096422667298E+01
      12   9.5504251968503944E+00        5   1.6093750000000001E-01   1.4149545209569052E+01
      12   9.5504251968503944E+00        6   1.9992187500000000E-01   1.5415356122346514E+01
      12   9.5504251968503944E+00        7   2.3890625000000001E-01   1.3672270981239789E+01
      12   9.5504251968503944E+00        8   2.7789062500000000E-01   1.2289361291839665E+01
      12   9.5504251968503944E+00        9   3.1687500000000002E-01   9.4436491271993397E+00
      12   9.5504251968503944E+00       10   3.5585937500000003E-01   7.3775643484280398E+00
      12   9.5504251968503944E+00       11   3.9484374999999999E-01   5.2348843657621513E+00
      12   9.5504251968503944E+00       12   4.3382812500000001E-01   2.6944076877741732E+00
      12   9.5504251968503944E+00       13   4.7281250000000002E-01   3.5846166862603419E+00
      12   9.5504251968503944E+00       14   5.1179687500000004E-01   3.5699419329946975E+00
      12   9.5504251968503944E+00       15   5.5078125000000000E-01   4.1164272617248319E+00
      12   9.5504251968503944E+00       16   5.8976562500000007E-01   5.6216343655556740E+00
      12   9.5504251968503944E+00       17   6.2875000000000003E-01   5.8081460980577626E+00
      12   9.5504251968503944E+00       18   6.6773437499999999E-01   4.9180630783814205E+00
      12   9.5504251968503944E+00       19   7.0671875000000006E-01   2.6022715023235508E+00
      12   9.5504251968503944E+00       20   7.4570312500000002E-01   6.7926874004913906E-01
      12   9.5504251968503944E+00       21   7.8468749999999998E-01   2.1684703829878418E-01
      12   9.5504251968503944E+00       22   8.2367187500000005E-01   1.9934187094200984E-01
      12   9.5504251968503944E+00       23   8.6265625000000001E-01   2.5595563057181936E-01
      12   9.5504251968503944E+00       24   9.0164062500000008E-01   4.6462158849311869E-01
      12   9.5504251968503944E+00       25   9.4062500000000004E-01   4.8619322720360042E-01
      12   9.5504251968503944E+00       26   9.7960937500000000E-01   2.6701190764148652E-01
      12   9.5504251968503944E+00       27   1.0185937500000000E+00   1.2837272329651350E-01
      12   9.5504251968503944E+00       28   1.0575781250000000E+00   1.6236081054297233E-01
      12   9.5504251968503944E+00       29   1.0965625000000001E+00   1.5686106245424178E-01
      12   9.5504251968503944E+00       30   1.1355468750000000E+00   1.6261299905426127E-01
      12   9.5504251968503944E+00       31   1.1745312500000000E+00   7.6941520208720415E-02
      12   9.5504251968503944E+00       32   1.2135156250000001E+00   6.5888755652456679E-02
      12   9.5504251968503944E+00       33   1.2524999999999999E+00   5.0260497513037621E-02
      12   9.5504251968503944E+00       34   1.2914843750000000E+00   2.5501061385511097E-02
      12   9.5504251968503944E+00       35   1.3304687500000001E+00   2.0527560762744420E-02
      12   9.5504251968503944E+00       36   1.3694531250000002E+00   2.2485749465661876E-02
      12   9.5504251968503944E+00       37   1.4084375000000000E+00   9.6031156276412209E-03
      12   9.5504251968503944E+00       38   1.4474218750000001E+00   1.3401033482278949E-02
      12   9.5504251968503944E+00       39   1.4864062500000002E+00   1.5483305472371081E-02
      12   9.5504251968503944E+00       40   1.5253906250000000E+00   7.9591270166205399E-03
      12   9.5504251968503944E+00       41   1.5643750000000001E+00   1.2183895833533565E-02
      12   9.5504251968503944E+00       42   1.6033593750000001E+00   4.4337625737224939E-03
      12   9.5504251968503944E+00       43   1.6423437500000000E+00   6.6030038124133784E-03
      12   9.5504251968503944E+00       44   1.6813281250000001E+00   9.2099331432383465E-03
      12   9.5504251968503944E+00       45   1.7203125000000001E+00   5.3041640299907010E-03
      12   9.5504251968503944E+00       46   1.7592968750000000E+00   2.2123291304665658E-03
      12   9.5504251968503944E+00       47   1.7982812500000001E+00   2.2204528571063507E-03
      12   9.5504251968503944E+00       48   1.8372656250000001E+00   1.5907037711778991E-03
      12   9.5504251968503944E+00       49   1.8762500000000000E+00   3.4135054130428394E-03
      12   9.5504251968503944E+00       50   1.9152343750000000E+00   4.7610270465534808E-03
      12   9.5504251968503944E+00       51   1.9542187500000001E+00   4.2970233330497090E-03
      12   9.5504251968503944E+00       52   1.9932031250000002E+00   4.0641910889307716E-03
      12   9.5504251968503944E+00       53   2.0321875000000000E+00   4.4236190108931242E-03
      12   9.5504251968503944E+00       54   2.0711718750000001E+00   2.7504758438595730E-03
      12   9.5504251968503944E+00       55   2.1101562500000002E+00   4.7337476370212942E-03
      12   9.5504251968503944E+00       56   2.1491406250000002E+00   3.3614219527499456E-03
      12   9.5504251968503944E+00       57   2.1881249999999999E+00   3.4232411195154878E-03
      12   9.5504251968503944E+00       58   2.2271093749999999E+00   2.3138163749592800E-03
      12   9.5504251968503944E+00       59   2.2660937500000000E+00   3.8704199850606658E-03
      12   9.5504251968503944E+00       60   2.3050781250000001E+00   2.9455976091127042E-03
      12   9.5504251968503944E+00       61   2.3440625000000002E+00   6.6231593919753012E-03
      12   9.5504251968503944E+00       62   2.3830468750000002E+00   6.1308261674543688E-03
      12   9.5504251968503944E+00       63   2.4220312500000003E+00   3.2649227317993810E-03
      12   9.5504251968503944E+00       64   2.4610156249999999E+00   7.1616065307511991E-03
 
      13   1.0418645669291339E+01        1   5.0000000000000001E-03   5.2064818246460516E+02
      13   1.0418645669291339E+01        2   4.3984374999999999E-02   4.6780805702486859E+01
      13   1.0418645669291339E+01        3   8.2968750000000008E-02   1.8138368864192568E+01
      13   1.0418645669291339E+01        4   1.2195312500000001E-01   1.0829535065721592E+01
      13   1.0418645669291339E+01        5   1.6093750000000001E-01   1.2671523065162400E+01
      13   1.0418645669291339E+01        6   1.9992187500000000E-01   1.4245311066282696E+01
      13   1.0418645669291339E+01        7   2.3890625000000001E-01   1.2833126933109730E+01
      13   1.0418645669291339E+01        8   2.7789062500000000E-01   1.1361306432462998E+01
      13   1.0418645669291339E+01        9   3.1687500000000002E-01   8.6555306219216597E+00
      13   1.0418645669291339E+01       10   3.5585937500000003E-01   6.9966619978148676E+00
      13   1.0418645669291339E+01       11   3.9484374999999999E-01   5.2493291865167961E+00
      13   1.0418645669291339E+01       12   4.3382812500000001E-01   2.7631056274460080E+00
      13   1.0418645669291339E+01       13   4.7281250000000002E-01   3.7041398767910829E+00
      13   1.0418645669291339E+01       14   5.1179687500000004E-01   3.5998154148886217E+00
      13   1.0418645669291339E+01       15   5.5078125000000000E-01   4.1936194241117741E+00
      13   1.0418645669291339E+01       16   5.8976562500000007E-01   5.5392769458445539E+00
      13   1.0418645669291339E+01       17   6.2875000000000003E-01   5.6780499722152991E+00
      13   1.0418645669291339E+01       18   6.6773437499999999E-01   4.7612458160821518E+00
      13   1.0418645669291339E+01       19   7.0671875000000006E-01   2.4463672489886674E+00
      13   1.0418645669291339E+01       20   7.4570312500000002E-01   6.2122199908426923E-01
      13   1.0418645669291339E+01       21   7.8468749999999998E-01   2.3626778740295928E-01
      13   1.0418645669291339E+01       22   8.2367187500000005E-01   2.1533851602434170E-01
      13   1.0418645669291339E+01       23   8.6265625000000001E-01   2.7686215089945798E-01
      13   1.0418645669291339E+01       24   9.0164062500000008E-01   4.9483497377381253E-01
      13   1.0418645669291339E+01       25   9.4062500000000004E-01   5.3960248589147852E-01
      13   1.0418645669291339E+01       26   9.7960937500000000E-01   3.0488559276502619E-01
      13   1.0418645669291339E+01       27   1.0185937500000000E+00   1.3362478596933547E-01
      13   1.0418645669291339E+01       28   1.0575781250000000E+00   1.4480837998495355E-01
      13   1.0418645669291339E+01       29   1.0965625000000001E+00   1.3990288788789979E-01
      13   1.0418645669291339E+01       30   1.1355468750000000E+00   1.4720235703602014E-01
      13   1.0418645669291339E+01       31   1.1745312500000000E+00   6.9675353274126273E-02
      13   1.0418645669291339E+01       32   1.2135156250000001E+00   4.7553378054075078E-02
      13   1.0418645669291339E+01       33   1.2524999999999999E+00   3.7428966081818206E-02
      13   1.0418645669291339E+01       34   1.2914843750000000E+00   1.8906118998891386E-02
      13   1.0418645669291339E+01       35   1.3304687500000001E+00   1.6300885505258718E-02
      13   1.0418645669291339E+01       36   1.3694531250000002E+00   3.1113652148726648E-02
      13   1.0418645669291339E+01       37   1.4084375000000000E+00   1.3588807491500453E-02
      13   1.0418645669291339E+01       38   1.4474218750000001E+00   2.0259885888148386E-02
      13   1.0418645669291339E+01       39   1.4864062500000002E+00   1.8655385014557224E-02
      13   1.0418645669291339E+01       40   1.5253906250000000E+00   7.4369129698095586E-03
      13   1.0418645669291339E+01       41   1.5643750000000001E+00   1.2560146754337037E-02
      13   1.0418645669291339E+01       42   1.6033593750000001E+00   2.9108692565613628E-03
      13   1.0418645669291339E+01       43   1.6423437500000000E+00   7.8885483808021333E-03
      13   1.0418645669291339E+01       44   1.6813281250000001E+00   7.1963000152666726E-03
      13   1.0418645669291339E+01       45   1.7203125000000001E+00   5.9680623840402585E-03
      13   1.0418645669291339E+01       46   1.7592968750000000E+00   2.3687956507702779E-03
      13   1.0418645669291339E+01       47   1.7982812500000001E+00   1.9798386973311228E-03
      13   1.0418645669291339E+01       48   1.8372656250000001E+00   1.6977201044757609E-03
      13   1.0418645669291339E+01       49   1.8762500000000000E+00   3.6605752770799533E-03
      13   1.0418645669291339E+01       50   1.9152343750000000E+00   4.2432025083945996E-03
      13   1.0418645669291339E+01       51   1.9542187500000001E+00   4.1854955735923507E-03
      13   1.0418645669291339E+01       52   1.9932031250000002E+00   3.8561937332149366E-03
      13   1.0418645669291339E+01       53   2.0321875000000000E+00   4.6413407837471981E-03
      13   1.0418645669291339E+01       54   2.0711718750000001E+00   2.8775862924793100E-03
      13   1.0418645669291339E+01       55   2.1101562500000002E+00   4.5309441245553550E-03
      13   1.0418645669291339E+01       56   2.1491406250000002E+00   3.3885133208275079E-03
      13   1.0418645669291339E+01       57   2.1881249999999999E+00   3.2236275941974262E-03
      13   1.0418645669291339E+01       58   2.2271093749999999E+00   2.3410726118906796E-03
      13   1.0418645669291339E+01       59   2.2660937500000000E+00   3.6143023914654840E-03
      13   1.0418645669291339E+01       60   2.3050781250000001E+00   2.7925683098874369E-03
      13   1.0418645669291339E+01       61   2.3440625000000002E+00   6.1261046214484650E-03
      13   1.0418645669291339E+01       62   2.3830468750000002E+00   6.2979870450158475E-03
      13   1.0418645669291339E+01       63   2.4220312500000003E+00   3.0923387527334689E-03
      13   1.0418645669291339E+01       64   2.4610156249999999E+00   6.7724279153550020E-03
 
      14   1.1286866141732284E+01        1   5.0000000000000001E-03   5.5819672266657494E+02
      14   1.1286866141732284E+01        2   4.3984374999999999E-02   5.0056026893856803E+01
      14   1.1286866141732284E+01        3   8.2968750000000008E-02   1.8700419917835919E+01
      14   1.1286866141732284E+01        4   1.2195312500000001E-01   9.9696287048092582E+00
      14   1.1286866141732284E+01        5   1.6093750000000001E-01   1.1402349496813725E+01
      14   1.1286866141732284E+01        6   1.9992187500000000E-01   1.3159513669509080E+01
      14   1.1286866141732284E+01        7   2.3890625000000001E-01   1.1999951170654274E+01
      14   1.1286866141732284E+01        8   2.7789062500000000E-01   1.0647064906906417E+01
      14   1.1286866141732284E+01        9   3.1687500000000002E-01   8.1755647095704642E+00
      14   1.1286866141732284E+01       10   3.5585937500000003E-01   6.7094322192838645E+00
      14   1.1286866141732284E+01       11   3.9484374999999999E-01   5.3152260596741510E+00
      14   1.1286866141732284E+01       12   4.3382812500000001E-01   2.8112249597278196E+00
      14   1.1286866141732284E+01       13   4.7281250000000002E-01   3.7906923360033629E+00
      14   1.1286866141732284E+01       14   5.1179687500000004E-01   3.5533625524659245E+00
      14   1.1286866141732284E+01       15   5.5078125000000000E-01   4.2227861324499987E+00
      14   1.1286866141732284E+01       16   5.8976562500000007E-01   5.4593751655963896E+00
      14   1.1286866141732284E+01       17   6.2875000000000003E-01   5.5551048234559390E+00
      14   1.1286866141732284E+01       18   6.6773437499999999E-01   4.7081108294993248E+00
      14   1.1286866141732284E+01       19   7.0671875000000006E-01   2.4521737732925963E+00
      14   1.1286866141732284E+01       20   7.4570312500000002E-01   6.1992487445835665E-01
      14   1.1286866141732284E+01       21   7.8468749999999998E-01   2.7509849147328314E-01
      14   1.1286866141732284E+01       22   8.2367187500000005E-01   2.2472761830260649E-01
      14   1.1286866141732284E+01       23   8.6265625000000001E-01   2.7130575030961168E-01
      14   1.1286866141732284E+01       24   9.0164062500000008E-01   4.9045097067886090E-01
      14   1.1286866141732284E+01       25   9.4062500000000004E-01   5.6703496017526234E-01
      14   1.1286866141732284E+01       26   9.7960937500000000E-01   3.2943739865126703E-01
      14   1.1286866141732284E+01       27   1.0185937500000000E+00   1.2936144316595563E-01
      14   1.1286866141732284E+01       28   1.0575781250000000E+00   1.1848841909289921E-01
      14   1.1286866141732284E+01       29   1.0965625000000001E+00   1.1417176776926026E-01
      14   1.1286866141732284E+01       30   1.1355468750000000E+00   1.1723753245126538E-01
      14   1.1286866141732284E+01       31   1.1745312500000000E+00   5.6948541738070152E-02
      14   1.1286866141732284E+01       32   1.2135156250000001E+00   3.5090250863069203E-02
      14   1.1286866141732284E+01       33   1.2524999999999999E+00   3.2426898643518845E-02
      14   1.1286866141732284E+01       34   1.2914843750000000E+00   1.9128147436166580E-02
      14   1.1286866141732284E+01       35   1.3304687500000001E+00   2.0994883272397787E-02
      14   1.1286866141732284E+01       36   1.3694531250000002E+00   4.3696250523490576E-02
      14   1.1286866141732284E+01       37   1.4084375000000000E+00   1.6753321027564799E-02
      14   1.1286866141732284E+01       38   1.4474218750000001E+00   2.6643289199658055E-02
      14   1.1286866141732284E+01       39   1.4864062500000002E+00   1.8417619117578891E-02
      14   1.1286866141732284E+01       40   1.5253906250000000E+00   5.8715237808634590E-03
      14   1.1286866141732284E+01       41   1.5643750000000001E+00   1.0391401963753684E-02
      14   1.1286866141732284E+01       42   1.6033593750000001E+00   3.4013583897442535E-03
      14   1.1286866141732284E+01       43   1.6423437500000000E+00   7.7398334114308961E-03
      14   1.1286866141732284E+01       44   1.6813281250000001E+00   5.8303572203177965E-03
      14   1.1286866141732284E+01       45   1.7203125000000001E+00   6.9588722696858740E-03
      14   1.1286866141732284E+01       46   1.7592968750000000E+00   2.0171189078162957E-03
      14   1.1286866141732284E+01       47   1.7982812500000001E+00   2.7418695583673065E-03
      14   1.1286866141732284E+01       48   1.8372656250000001E+00   1.9304039904700005E-03
      14   1.1286866141732284E+01       49   1.8762500000000000E+00   3.5666448692821032E-03
      14   1.1286866141732284E+01       50   1.9152343750000000E+00   4.0838483029339281E-03
      14   1.1286866141732284E+01       51   1.9542187500000001E+00   4.2393068710753733E-03
      14   1.1286866141732284E+01       52   1.9932031250000002E+00   4.1100806817346725E-03
      14   1.1286866141732284E+01       53   2.0321875000000000E+00   4.3739076338106340E-03
      14   1.1286866141732284E+01       54   2.0711718750000001E+00   2.9881780881524634E-03
      14   1.1286866141732284E+01       55   2.1101562500000002E+00   3.9797823037510394E-03
      14   1.1286866141732284E+01       56   2.1491406250000002E+00   3.1526019224152073E-03
      14   1.1286866141732284E+01       57   2.1881249999999999E+00   3.2960331636566679E-03
      14   1.1286866141732284E+01       58   2.2271093749999999E+00   2.2767993628467066E-03
      14   1.1286866141732284E+01       59   2.2660937500000000E+00   3.4342625244787412E-03
      14   1.1286866141732284E+01       60   2.3050781250000001E+00   2.5885547193328180E-03
      14   1.1286866141732284E+01       61   2.3440625000000002E+00   5.8046200576977562E-03
      14   1.1286866141732284E+01       62   2.3830468750000002E+00   6.3332913503175263E-03
      14   1.1286866141732284E+01       63   2.4220312500000003E+00   3.0689844896982293E-03
      14   1.1286866141732284E+01       64   2.4610156249999999E+00   6.4561520982430402E-03
 
      15   1.2155086614173227E+01        1   5.0000000000000001E-03   6.0592912540642294E+02
      15   1.2155086614173227E+01        2   4.3984374999999999E-02   5.3866611490456940E+01
      15   1.2155086614173227E+01        3   8.2968750000000008E-02   1.9592696199400830E+01
      15   1.2155086614173227E+01        4   1.2195312500000001E-01   9.5854621821916570E+00
      15   1.2155086614173227E+01        5   1.6093750000000001E-01   1.0587590763493159E+01
      15   1.2155086614173227E+01        6   1.9992187500000000E-01   1.2450003659744057E+01
      15   1.2155086614173227E+01        7   2.3890625000000001E-01   1.1355623289937421E+01
      15   1.2155086614173227E+01        8   2.7789062500000000E-01   1.0268144550828483E+01
      15   1.2155086614173227E+01        9   3.1687500000000002E-01   8.0878513114688317E+00
      15   1.2155086614173227E+01       10   3.5585937500000003E-01   6.5486446922732631E+00
      15   1.2155086614173227E+01       11   3.9484374999999999E-01   5.3715890555701504E+00
      15   1.2155086614173227E+01       12   4.3382812500000001E-01   2.7860163040225583E+00
      15   1.2155086614173227E+01       13   4.7281250000000002E-01   3.7613197226714465E+00
      15   1.2155086614173227E+01       14   5.1179687500000004E-01   3.4247746775545158E+00
      15   1.2155086614173227E+01       15   5.5078125000000000E-01   4.1647530407481907E+00
      15   1.2155086614173227E+01       16   5.8976562500000007E-01   5.4045021930695425E+00
      15   1.2155086614173227E+01       17   6.2875000000000003E-01   5.4764051336105091E+00
      15   1.2155086614173227E+01       18   6.6773437499999999E-01   4.7466869328703343E+00
      15   1.2155086614173227E+01       19   7.0671875000000006E-01   2.5839123930400287E+00
      15   1.2155086614173227E+01       20   7.4570312500000002E-01   6.8077690993956275E-01
      15   1.2155086614173227E+01       21   7.8468749999999998E-01   3.1202672247560775E-01
      15   1.2155086614173227E+01       22   8.2367187500000005E-01   2.1934257088038067E-01
      15   1.2155086614173227E+01       23   8.6265625000000001E-01   2.4414280992928120E-01
      15   1.2155086614173227E+01       24   9.0164062500000008E-01   4.5787707280868362E-01
      15   1.2155086614173227E+01       25   9.4062500000000004E-01   5.5954951416111698E-01
      15   1.2155086614173227E+01       26   9.7960937500000000E-01   3.2580648736972856E-01
      15   1.2155086614173227E+01       27   1.0185937500000000E+00   1.1799650092725100E-01
      15   1.2155086614173227E+01       28   1.0575781250000000E+00   9.2087356026329045E-02
      15   1.2155086614173227E+01       29   1.0965625000000001E+00   8.8978551297651767E-02
      15   1.2155086614173227E+01       30   1.1355468750000000E+00   8.9340216207244028E-02
      15   1.2155086614173227E+01       31   1.1745312500000000E+00   4.6079706392692744E-02
      15   1.2155086614173227E+01       32   1.2135156250000001E+00   3.3937882666924032E-02
      15   1.2155086614173227E+01       33   1.2524999999999999E+00   3.8555015774806814E-02
      15   1.2155086614173227E+01       34   1.2914843750000000E+00   2.5078034439220458E-02
      15   1.2155086614173227E+01       35   1.3304687500000001E+00   3.1962896997577595E-02
      15   1.2155086614173227E+01       36   1.3694531250000002E+00   5.3297775992010389E-02
      15   1.2155086614173227E+01       37   1.4084375000000000E+00   1.7190339726216201E-02
      15   1.2155086614173227E+01       38   1.4474218750000001E+00   2.7877622214793198E-02
      15   1.2155086614173227E+01       39   1.4864062500000002E+00   1.5212040186323840E-02
      15   1.2155086614173227E+01       40   1.5253906250000000E+00   4.7028103175788495E-03
      15   1.2155086614173227E+01       41   1.5643750000000001E+00   7.3025864581049496E-03
      15   1.2155086614173227E+01       42   1.6033593750000001E+00   5.6572051172505359E-03
      15   1.2155086614173227E+01       43   1.6423437500000000E+00   6.2468219277180999E-03
      15   1.2155086614173227E+01       44   1.6813281250000001E+00   6.7235230470582413E-03
      15   1.2155086614173227E+01       45   1.7203125000000001E+00   7.0448849735496363E-03
      15   1.2155086614173227E+01       46   1.7592968750000000E+00   1.6777612536212599E-03
      15   1.2155086614173227E+01       47   1.7982812500000001E+00   3.7895002060339762E-03
      15   1.2155086614173227E+01       48   1.8372656250000001E+00   1.9738176605959236E-03
      15   1.2155086614173227E+01       49   1.8762500000000000E+00   3.4179785338882473E-03
      15   1.2155086614173227E+01       50   1.9152343750000000E+00   4.6941920873945818E-03
      15   1.2155086614173227E+01       51   1.9542187500000001E+00   4.2616253303823003E-03
      15   1.2155086614173227E+01       52   1.9932031250000002E+00   4.2938300845605350E-03
      15   1.2155086614173227E+01       53   2.0321875000000000E+00   3.9471775596877420E-03
      15   1.2155086614173227E+01       54   2.0711718750000001E+00   3.0003265923311418E-03
      15   1.2155086614173227E+01       55   2.1101562500000002E+00   3.8804039531080341E-03
      15   1.2155086614173227E+01       56   2.1491406250000002E+00   2.8857741946227448E-03
      15   1.2155086614173227E+01       57   2.1881249999999999E+00   3.5738500496686133E-03
      15   1.2155086614173227E+01       58   2.2271093749999999E+00   2.1616144066692500E-03
      15   1.2155086614173227E+01       59   2.2660937500000000E+00   3.4770717844119768E-03
      15   1.2155086614173227E+01       60   2.3050781250000001E+00   2.4171113344466141E-03
      15   1.2155086614173227E+01       61   2.3440625000000002E+00   5.8359956342601610E-03
      15   1.2155086614173227E+01       62   2.3830468750000002E+00   6.2359379191997705E-03
      15   1.2155086614173227E+01       63   2.4220312500000003E+00   3.1293902816227613E-03
      15   1.2155086614173227E+01       64   2.4610156249999999E+00   6.2276381369621133E-03
 
      16   1.3023307086614173E+01        1   5.0000000000000001E-03   6.5316672038174852E+02
      16   1.3023307086614173E+01        2   4.3984374999999999E-02   5.7428396226609976E+01
      16   1.3023307086614173E+01        3   8.2968750000000008E-02   2.0576673509102971E+01
      16   1.3023307086614173E+01        4   1.2195312500000001E-01   9.7407969149870315E+00
      16   1.3023307086614173E+01        5   1.6093750000000001E-01   1.0475158251675783E+01
      16   1.3023307086614173E+01        6   1.9992187500000000E-01   1.2340033525528398E+01
      16   1.3023307086614173E+01        7   2.3890625000000001E-01   1.1072787128933012E+01
      16   1.3023307086614173E+01        8   2.7789062500000000E-01   1.0303102171565124E+01
      16   1.3023307086614173E+01        9   3.1687500000000002E-01   8.3354086310846522E+00
      16   1.3023307086614173E+01       10   3.5585937500000003E-01   6.4934882962954061E+00
      16   1.3023307086614173E+01       11   3.9484374999999999E-01   5.3700136555354652E+00
      16   1.3023307086614173E+01       12   4.3382812500000001E-01   2.6613027957930910E+00
      16   1.3023307086614173E+01       13   4.7281250000000002E-01   3.5976187211097517E+00
      16   1.3023307086614173E+01       14   5.1179687500000004E-01   3.2346504049684737E+00
      16   1.3023307086614173E+01       15   5.5078125000000000E-01   4.0320818456637246E+00
      16   1.3023307086614173E+01       16   5.8976562500000007E-01   5.3899391668729253E+00
      16   1.3023307086614173E+01       17   6.2875000000000003E-01   5.4816127706399955E+00
      16   1.3023307086614173E+01       18   6.6773437499999999E-01   4.8555515007363610E+00
      16   1.3023307086614173E+01       19   7.0671875000000006E-01   2.7646100170661807E+00
      16   1.3023307086614173E+01       20   7.4570312500000002E-01   7.8251700922120371E-01
      16   1.3023307086614173E+01       21   7.8468749999999998E-01   3.3892664783299958E-01
      16   1.3023307086614173E+01       22   8.2367187500000005E-01   2.0737074250187787E-01
      16   1.3023307086614173E+01       23   8.6265625000000001E-01   2.1302977751797275E-01
      16   1.3023307086614173E+01       24   9.0164062500000008E-01   4.1258950197696531E-01
      16   1.3023307086614173E+01       25   9.4062500000000004E-01   5.1690671177117142E-01
      16   1.3023307086614173E+01       26   9.7960937500000000E-01   2.9044556595022558E-01
      16   1.3023307086614173E+01       27   1.0185937500000000E+00   1.0331248592197310E-01
      16   1.3023307086614173E+01       28   1.0575781250000000E+00   7.4076239290292528E-02
      16   1.3023307086614173E+01       29   1.0965625000000001E+00   7.1521712852999325E-02
      16   1.3023307086614173E+01       30   1.1355468750000000E+00   7.7989075104607064E-02
      16   1.3023307086614173E+01       31   1.1745312500000000E+00   4.4374794331390813E-02
      16   1.3023307086614173E+01       32   1.2135156250000001E+00   4.4657063226512722E-02
      16   1.3023307086614173E+01       33   1.2524999999999999E+00   5.4429225816952996E-02
      16   1.3023307086614173E+01       34   1.2914843750000000E+00   3.3246694675049142E-02
      16   1.3023307086614173E+01       35   1.3304687500000001E+00   4.2507052514433416E-02
      16   1.3023307086614173E+01       36   1.3694531250000002E+00   5.4995031959339934E-02
      16   1.3023307086614173E+01       37   1.4084375000000000E+00   1.5152933231094571E-02
      16   1.3023307086614173E+01       38   1.4474218750000001E+00   2.2906778174762506E-02
      16   1.3023307086614173E+01       39   1.4864062500000002E+00   1.1444238521486461E-02
      16   1.3023307086614173E+01       40   1.5253906250000000E+00   4.6803859388954922E-03
      16   1.3023307086614173E+01       41   1.5643750000000001E+00   5.6065388985963764E-03
      16   1.3023307086614173E+01       42   1.6033593750000001E+00   8.0793865311407902E-03
      16   1.3023307086614173E+01       43   1.6423437500000000E+00   4.7871297304218595E-03
      16   1.3023307086614173E+01       44   1.6813281250000001E+00   9.0997640083376255E-03
      16   1.3023307086614173E+01       45   1.7203125000000001E+00   5.8090234446566873E-03
      16   1.3023307086614173E+01       46   1.7592968750000000E+00   1.8188169896811792E-03
      16   1.3023307086614173E+01       47   1.7982812500000001E+00   4.2828825300543450E-03
      16   1.3023307086614173E+01       48   1.8372656250000001E+00   1.8602239643476001E-03
      16   1.3023307086614173E+01       49   1.8762500000000000E+00   3.3992564456626477E-03
      16   1.3023307086614173E+01       50   1.9152343750000000E+00   5.3460279707330458E-03
      16   1.3023307086614173E+01       51   1.9542187500000001E+00   4.1029581452341618E-03
      16   1.3023307086614173E+01       52   1.9932031250000002E+00   4.1536030817935828E-03
      16   1.3023307086614173E+01       53   2.0321875000000000E+00   3.7624646726845913E-03
      16   1.3023307086614173E+01       54   2.0711718750000001E+00   2.8634733402895102E-03
      16   1.3023307086614173E+01       55   2.1101562500000002E+00   4.3252013635758117E-03
      16   1.3023307086614173E+01       56   2.1491406250000002E+00   2.8095188169010694E-03
      16   1.3023307086614173E+01       57   2.1881249999999999E+00   3.8139134323753395E-03
      16   1.3023307086614173E+01       58   2.2271093749999999E+00   2.0280546945831454E-03
      16   1.3023307086614173E+01       59   2.2660937500000000E+00   3.5379922541001895E-03
      16   1.3023307086614173E+01       60   2.3050781250000001E+00   2.2460984109467542E-03
      16   1.3023307086614173E+01       61   2.3440625000000002E+00   6.0756864692421879E-03
      16   1.3023307086614173E+01       62   2.3830468750000002E+00   5.9762288013316817E-03
      16   1.3023307086614173E+01       63   2.4220312500000003E+00   3.2008984738172552E-03
      16   1.3023307086614173E+01       64   2.4610156249999999E+00   6.1143498164438828E-03
 
      17   1.3891527559055117E+01        1   5.0000000000000001E-03   6.8921268165387517E+02
      17   1.3891527559055117E+01        2   4.3984374999999999E-02   6.0177631695798347E+01
      17   1.3891527559055117E+01        3   8.2968750000000008E-02   2.1545782474923353E+01
      17   1.3891527559055117E+01        4   1.2195312500000001E-01   1.0431672783384284E+01
      17   1.3891527559055117E+01        5   1.6093750000000001E-01   1.1222700176846697E+01
      17   1.3891527559055117E+01        6   1.9992187500000000E-01   1.2933358011629101E+01
      17   1.3891527559055117E+01        7   2.3890625000000001E-01   1.1268232492212334E+01
      17   1.3891527559055117E+01        8   2.7789062500000000E-01   1.0736451225448889E+01
      17   1.3891527559055117E+01        9   3.1687500000000002E-01   8.8021022232699053E+00
      17   1.3891527559055117E+01       10   3.5585937500000003E-01   6.5068996099960454E+00
      17   1.3891527559055117E+01       11   3.9484374999999999E-01   5.2858434597424324E+00
      17   1.3891527559055117E+01       12   4.3382812500000001E-01   2.4578730393426795E+00
      17   1.3891527559055117E+01       13   4.7281250000000002E-01   3.3607482139326015E+00
      17   1.3891527559055117E+01       14   5.1179687500000004E-01   3.0188637674981451E+00
      17   1.3891527559055117E+01       15   5.5078125000000000E-01   3.8678810679781308E+00
      17   1.3891527559055117E+01       16   5.8976562500000007E-01   5.4025173740721488E+00
      17   1.3891527559055117E+01       17   6.2875000000000003E-01   5.5723720496457299E+00
      17   1.3891527559055117E+01       18   6.6773437499999999E-01   5.0043726974597496E+00
      17   1.3891527559055117E+01       19   7.0671875000000006E-01   2.9315931405870188E+00
      17   1.3891527559055117E+01       20   7.4570312500000002E-01   8.9356135558569916E-01
      17   1.3891527559055117E+01       21   7.8468749999999998E-01   3.6290446093184248E-01
      17   1.3891527559055117E+01       22   8.2367187500000005E-01   2.0045261845869475E-01
      17   1.3891527559055117E+01       23   8.6265625000000001E-01   1.9019063661480745E-01
      17   1.3891527559055117E+01       24   9.0164062500000008E-01   3.6636793216655578E-01
      17   1.3891527559055117E+01       25   9.4062500000000004E-01   4.5193651327734519E-01
      17   1.3891527559055117E+01       26   9.7960937500000000E-01   2.3903210255535426E-01
      17   1.3891527559055117E+01       27   1.0185937500000000E+00   8.8259102160331865E-02
      17   1.3891527559055117E+01       28   1.0575781250000000E+00   6.9781667204344644E-02
      17   1.3891527559055117E+01       29   1.0965625000000001E+00   6.6253797489504274E-02
      17   1.3891527559055117E+01       30   1.1355468750000000E+00   8.4896131126311683E-02
      17   1.3891527559055117E+01       31   1.1745312500000000E+00   5.0980906587137630E-02
      17   1.3891527559055117E+01       32   1.2135156250000001E+00   6.2243086259148116E-02
      17   1.3891527559055117E+01       33   1.2524999999999999E+00   7.2814233868048694E-02
      17   1.3891527559055117E+01       34   1.2914843750000000E+00   4.0060090773397838E-02
      17   1.3891527559055117E+01       35   1.3304687500000001E+00   4.6304814263482055E-02
      17   1.3891527559055117E+01       36   1.3694531250000002E+00   4.7734160685498468E-02
      17   1.3891527559055117E+01       37   1.4084375000000000E+00   1.2122847644465719E-02
      17   1.3891527559055117E+01       38   1.4474218750000001E+00   1.5141239373467600E-02
      17   1.3891527559055117E+01       39   1.4864062500000002E+00   9.6335825672940727E-03
      17   1.3891527559055117E+01       40   1.5253906250000000E+00   5.5920609052563059E-03
      17   1.3891527559055117E+01       41   1.5643750000000001E+00   6.6117782202578740E-03
      17   1.3891527559055117E+01       42   1.6033593750000001E+00   8.7433699506555169E-03
      17   1.3891527559055117E+01       43   1.6423437500000000E+00   4.8653517486209269E-03
      17   1.3891527559055117E+01       44   1.6813281250000001E+00   1.0570106661463978E-02
      17   1.3891527559055117E+01       45   1.7203125000000001E+00   4.3440393955219052E-03
      17   1.3891527559055117E+01       46   1.7592968750000000E+00   2.3710449420699014E-03
      17   1.3891527559055117E+01       47   1.7982812500000001E+00   3.8725465823938954E-03
      17   1.3891527559055117E+01       48   1.8372656250000001E+00   1.7786333453607742E-03
      17   1.3891527559055117E+01       49   1.8762500000000000E+00   3.3515172377946052E-03
      17   1.3891527559055117E+01       50   1.9152343750000000E+00   5.0372413231347607E-03
      17   1.3891527559055117E+01       51   1.9542187500000001E+00   3.9372110337520276E-03
      17   1.3891527559055117E+01       52   1.9932031250000002E+00   3.9781387866118676E-03
      17   1.3891527559055117E+01       53   2.0321875000000000E+00   3.8292344173510456E-03
      17   1.3891527559055117E+01       54   2.0711718750000001E+00   2.8429538801056998E-03
      17   1.3891527559055117E+01       55   2.1101562500000002E+00   4.6083674092236779E-03
      17   1.3891527559055117E+01       56   2.1491406250000002E+00   2.9235031539161485E-03
      17   1.3891527559055117E+01       57   2.1881249999999999E+00   3.9262983531958102E-03
      17   1.3891527559055117E+01       58   2.2271093749999999E+00   1.9498254797961992E-03
      17   1.3891527559055117E+01       59   2.2660937500000000E+00   3.3686791902544214E-03
      17   1.3891527559055117E+01       60   2.3050781250000001E+00   2.0750023693637061E-03
      17   1.3891527559055117E+01       61   2.3440625000000002E+00   6.3710265867173207E-03
      17   1.3891527559055117E+01       62   2.3830468750000002E+00   5.7782711365718734E-03
      17   1.3891527559055117E+01       63   2.4220312500000003E+00   3.2671294209875856E-03
      17   1.3891527559055117E+01       64   2.4610156249999999E+00   6.0622252787527354E-03
 
      18   1.4759748031496061E+01        1   5.0000000000000001E-03   7.0655483765888766E+02
      18   1.4759748031496061E+01        2   4.3984374999999999E-02   6.1707238755013570E+01
      18   1.4759748031496061E+01        3   8.2968750000000008E-02   2.2391808185154446E+01
      18   1.4759748031496061E+01        4   1.2195312500000001E-01   1.1524208791290572E+01
      18   1.4759748031496061E+01        5   1.6093750000000001E-01   1.2753506756667612E+01
      18   1.4759748031496061E+01        6   1.9992187500000000E-01   1.4147893628211380E+01
      18   1.4759748031496061E+01        7   2.3890625000000001E-01   1.1947929323040992E+01
      18   1.4759748031496061E+01        8   2.7789062500000000E-01   1.1450923379281399E+01
      18   1.4759748031496061E+01        9   3.1687500000000002E-01   9.3751602391454529E+00
      18   1.4759748031496061E+01       10   3.5585937500000003E-01   6.5602574240455196E+00
      18   1.4759748031496061E+01       11   3.9484374999999999E-01   5.1310962063401204E+00
      18   1.4759748031496061E+01       12   4.3382812500000001E-01   2.2367833336914109E+00
      18   1.4759748031496061E+01       13   4.7281250000000002E-01   3.1422862058358767E+00
      18   1.4759748031496061E+01       14   5.1179687500000004E-01   2.8121925639171708E+00
      18   1.4759748031496061E+01       15   5.5078125000000000E-01   3.7137054840320336E+00
      18   1.4759748031496061E+01       16   5.8976562500000007E-01   5.4009688539566270E+00
      18   1.4759748031496061E+01       17   6.2875000000000003E-01   5.7012669556739981E+00
      18   1.4759748031496061E+01       18   6.6773437499999999E-01   5.1640769107602020E+00
      18   1.4759748031496061E+01       19   7.0671875000000006E-01   3.0668109949089133E+00
      18   1.4759748031496061E+01       20   7.4570312500000002E-01   9.9067175680232211E-01
      18   1.4759748031496061E+01       21   7.8468749999999998E-01   3.9164567225013541E-01
      18   1.4759748031496061E+01       22   8.2367187500000005E-01   1.9815627375526362E-01
      18   1.4759748031496061E+01       23   8.6265625000000001E-01   1.7497718590495823E-01
      18   1.4759748031496061E+01       24   9.0164062500000008E-01   3.2636440272030004E-01
      18   1.4759748031496061E+01       25   9.4062500000000004E-01   3.8892743023740045E-01
      18   1.4759748031496061E+01       26   9.7960937500000000E-01   1.9453445852851697E-01
      18   1.4759748031496061E+01       27   1.0185937500000000E+00   7.5214226215711527E-02
      18   1.4759748031496061E+01       28   1.0575781250000000E+00   7.8804660444264818E-02
      18   1.4759748031496061E+01       29   1.0965625000000001E+00   7.5024784387978133E-02
      18   1.4759748031496061E+01       30   1.1355468750000000E+00   1.0322984372551047E-01
      18   1.4759748031496061E+01       31   1.1745312500000000E+00   6.1684391646060280E-02
      18   1.4759748031496061E+01       32   1.2135156250000001E+00   7.9073286175242286E-02
      18   1.4759748031496061E+01       33   1.2524999999999999E+00   8.4290668628425366E-02
      18   1.4759748031496061E+01       34   1.2914843750000000E+00   4.3223551871345710E-02
      18   1.4759748031496061E+01       35   1.3304687500000001E+00   4.1724710252023678E-02
      18   1.4759748031496061E+01       36   1.3694531250000002E+00   3.5026579715008582E-02
      18   1.4759748031496061E+01       37   1.4084375000000000E+00   9.5314967792245256E-03
      18   1.4759748031496061E+01       38   1.4474218750000001E+00   1.0065125528850470E-02
      18   1.4759748031496061E+01       39   1.4864062500000002E+00   1.1146369720390412E-02
      18   1.4759748031496061E+01       40   1.5253906250000000E+00   6.8425405670923716E-03
      18   1.4759748031496061E+01       41   1.5643750000000001E+00   9.6369714896883899E-03
      18   1.4759748031496061E+01       42   1.6033593750000001E+00   7.1069169562724809E-03
      18   1.4759748031496061E+01       43   1.6423437500000000E+00   6.3053906769064000E-03
      18   1.4759748031496061E+01       44   1.6813281250000001E+00   9.4162328691660344E-03
      18   1.4759748031496061E+01       45   1.7203125000000001E+00   4.1215397808417875E-03
      18   1.4759748031496061E+01       46   1.7592968750000000E+00   2.8103152693614267E-03
      18   1.4759748031496061E+01       47   1.7982812500000001E+00   3.2426076470792849E-03
      18   1.4759748031496061E+01       48   1.8372656250000001E+00   1.7902442463865065E-03
      18   1.4759748031496061E+01       49   1.8762500000000000E+00   3.1872041828332302E-03
      18   1.4759748031496061E+01       50   1.9152343750000000E+00   4.0747375066112600E-03
      18   1.4759748031496061E+01       51   1.9542187500000001E+00   4.1760955492138908E-03
      18   1.4759748031496061E+01       52   1.9932031250000002E+00   4.1151780939141201E-03
      18   1.4759748031496061E+01       53   2.0321875000000000E+00   3.7852051088345757E-03
      18   1.4759748031496061E+01       54   2.0711718750000001E+00   3.0387683714255946E-03
      18   1.4759748031496061E+01       55   2.1101562500000002E+00   4.3361988625859544E-03
      18   1.4759748031496061E+01       56   2.1491406250000002E+00   3.0638989158770992E-03
      18   1.4759748031496061E+01       57   2.1881249999999999E+00   3.8832945407852692E-03
      18   1.4759748031496061E+01       58   2.2271093749999999E+00   1.8802702697475436E-03
      18   1.4759748031496061E+01       59   2.2660937500000000E+00   3.0573795156661654E-03
      18   1.4759748031496061E+01       60   2.3050781250000001E+00   1.9658756734523184E-03
      18   1.4759748031496061E+01       61   2.3440625000000002E+00   6.5372047787591965E-03
      18   1.4759748031496061E+01       62   2.3830468750000002E+00   5.8357555965512309E-03
      18   1.4759748031496061E+01       63   2.4220312500000003E+00   3.2512666644945280E-03
      18   1.4759748031496061E+01       64   2.4610156249999999E+00   6.0039234851782261E-03
 
      19   1.5627968503937007E+01        1   5.0000000000000001E-03   7.0227274771770863E+02
      19   1.5627968503937007E+01        2   4.3984374999999999E-02   6.1712899914569974E+01
      19   1.5627968503937007E+01        3   8.2968750000000008E-02   2.2963428983159410E+01
      19   1.5627968503937007E+01        4   1.2195312500000001E-01   1.2804216722153802E+01
      19   1.5627968503937007E+01        5   1.6093750000000001E-01   1.4706895342757123E+01
      19   1.5627968503937007E+01        6   1.9992187500000000E-01   1.5689515358182231E+01
      19   1.5627968503937007E+01        7   2.3890625000000001E-01   1.2978921883122677E+01
      19   1.5627968503937007E+01        8   2.7789062500000000E-01   1.2282239528436779E+01
      19   1.5627968503937007E+01        9   3.1687500000000002E-01   9.9448699893052481E+00
      19   1.5627968503937007E+01       10   3.5585937500000003E-01   6.6399566695777157E+00
      19   1.5627968503937007E+01       11   3.9484374999999999E-01   4.9639054758827283E+00
      19   1.5627968503937007E+01       12   4.3382812500000001E-01   2.0644847377195115E+00
      19   1.5627968503937007E+01       13   4.7281250000000002E-01   2.9993019911716652E+00
      19   1.5627968503937007E+01       14   5.1179687500000004E-01   2.6381546063493468E+00
      19   1.5627968503937007E+01       15   5.5078125000000000E-01   3.5894533683767138E+00
      19   1.5627968503937007E+01       16   5.8976562500000007E-01   5.3431587939143101E+00
      19   1.5627968503937007E+01       17   6.2875000000000003E-01   5.8000983297528093E+00
      19   1.5627968503937007E+01       18   6.6773437499999999E-01   5.3140778981642702E+00
      19   1.5627968503937007E+01       19   7.0671875000000006E-01   3.1870585924513208E+00
      19   1.5627968503937007E+01       20   7.4570312500000002E-01   1.0639279408645419E+00
      19   1.5627968503937007E+01       21   7.8468749999999998E-01   4.2014840513380214E-01
      19   1.5627968503937007E+01       22   8.2367187500000005E-01   1.9052219150325828E-01
      19   1.5627968503937007E+01       23   8.6265625000000001E-01   1.6150429529240609E-01
      19   1.5627968503937007E+01       24   9.0164062500000008E-01   3.0088260800308408E-01
      19   1.5627968503937007E+01       25   9.4062500000000004E-01   3.5138652181099272E-01
      19   1.5627968503937007E+01       26   9.7960937500000000E-01   1.7042713106429155E-01
      19   1.5627968503937007E+01       27   1.0185937500000000E+00   6.7348297975867985E-02
      19   1.5627968503937007E+01       28   1.0575781250000000E+00   9.6913236332287822E-02
      19   1.5627968503937007E+01       29   1.0965625000000001E+00   9.5741006817262803E-02
      19   1.5627968503937007E+01       30   1.1355468750000000E+00   1.2625940548591585E-01
      19   1.5627968503937007E+01       31   1.1745312500000000E+00   7.3994138650051638E-02
      19   1.5627968503937007E+01       32   1.2135156250000001E+00   8.8597529036644460E-02
      19   1.5627968503937007E+01       33   1.2524999999999999E+00   8.2496026397374009E-02
      19   1.5627968503937007E+01       34   1.2914843750000000E+00   4.1457553546953949E-02
      19   1.5627968503937007E+01       35   1.3304687500000001E+00   3.2365968994921730E-02
      19   1.5627968503937007E+01       36   1.3694531250000002E+00   2.4114654780231420E-02
      19   1.5627968503937007E+01       37   1.4084375000000000E+00   8.5973062752642722E-03
      19   1.5627968503937007E+01       38   1.4474218750000001E+00   1.1611155805121775E-02
      19   1.5627968503937007E+01       39   1.4864062500000002E+00   1.5512058792434051E-02
      19   1.5627968503937007E+01       40   1.5253906250000000E+00   7.5091423507925147E-03
      19   1.5627968503937007E+01       41   1.5643750000000001E+00   1.2021944346881950E-02
      19   1.5627968503937007E+01       42   1.6033593750000001E+00   4.6246852438540723E-03
      19   1.5627968503937007E+01       43   1.6423437500000000E+00   7.8981089922316415E-03
      19   1.5627968503937007E+01       44   1.6813281250000001E+00   6.8307148008037843E-03
      19   1.5627968503937007E+01       45   1.7203125000000001E+00   5.4422020030969369E-03
      19   1.5627968503937007E+01       46   1.7592968750000000E+00   2.6478049498812883E-03
      19   1.5627968503937007E+01       47   1.7982812500000001E+00   3.2856890670852649E-03
      19   1.5627968503937007E+01       48   1.8372656250000001E+00   1.9728347465615050E-03
      19   1.5627968503937007E+01       49   1.8762500000000000E+00   3.0066707530827324E-03
      19   1.5627968503937007E+01       50   1.9152343750000000E+00   3.7580278513271843E-03
      19   1.5627968503937007E+01       51   1.9542187500000001E+00   4.7223062770629983E-03
      19   1.5627968503937007E+01       52   1.9932031250000002E+00   4.5043973531756730E-03
      19   1.5627968503937007E+01       53   2.0321875000000000E+00   3.4924868092557223E-03
      19   1.5627968503937007E+01       54   2.0711718750000001E+00   3.0952510501617400E-03
      19   1.5627968503937007E+01       55   2.1101562500000002E+00   3.8786467290868628E-03
      19   1.5627968503937007E+01       56   2.1491406250000002E+00   3.0872155257024359E-03
      19   1.5627968503937007E+01       57   2.1881249999999999E+00   3.7995599141555218E-03
      19   1.5627968503937007E+01       58   2.2271093749999999E+00   1.7893150606192723E-03
      19   1.5627968503937007E+01       59   2.2660937500000000E+00   2.8713441856963217E-03
      19   1.5627968503937007E+01       60   2.3050781250000001E+00   1.9547672561881224E-03
      19   1.5627968503937007E+01       61   2.3440625000000002E+00   6.6445346854941438E-03
      19   1.5627968503937007E+01       62   2.3830468750000002E+00   5.9252656651204204E-03
      19   1.5627968503937007E+01       63   2.4220312500000003E+00   3.1249781884282292E-03
      19   1.5627968503937007E+01       64   2.4610156249999999E+00   5.9943088176779326E-03
 
      20   1.6496188976377955E+01        1   5.0000000000000001E-03   6.7875010281106540E+02
      20   1.6496188976377955E+01        2   4.3984374999999999E-02   6.0192158803767455E+01
      20   1.6496188976377955E+01        3   8.2968750000000008E-02   2.3170638669045722E+01
      20   1.6496188976377955E+01        4   1.2195312500000001E-01   1.4053962333687815E+01
      20   1.6496188976377955E+01        5   1.6093750000000001E-01   1.6557048528552194E+01
      20   1.6496188976377955E+01        6   1.9992187500000000E-01   1.7156152955989079E+01
      20   1.6496188976377955E+01        7   2.3890625000000001E-01   1.4133969440744064E+01
      20   1.6496188976377955E+01        8   2.7789062500000000E-01   1.3083288935812968E+01
      20   1.6496188976377955E+01        9   3.1687500000000002E-01   1.0381800647388413E+01
      20   1.6496188976377955E+01       10   3.5585937500000003E-01   6.7590478065613109E+00
      20   1.6496188976377955E+01       11   3.9484374999999999E-01   4.8719207310821888E+00
      20   1.6496188976377955E+01       12   4.3382812500000001E-01   1.9765123907410564E+00
      20   1.6496188976377955E+01       13   4.7281250000000002E-01   2.9345534380067737E+00
      20   1.6496188976377955E+01       14   5.1179687500000004E-01   2.5102323301772400E+00
      20   1.6496188976377955E+01       15   5.5078125000000000E-01   3.4891156603036353E+00
      20   1.6496188976377955E+01       16   5.8976562500000007E-01   5.2195395250756871E+00
      20   1.6496188976377955E+01       17   6.2875000000000003E-01   5.8289393636868505E+00
      20   1.6496188976377955E+01       18   6.6773437499999999E-01   5.4395198754849448E+00
      20   1.6496188976377955E+01       19   7.0671875000000006E-01   3.3056426599770639E+00
      20   1.6496188976377955E+01       20   7.4570312500000002E-01   1.1094322234651104E+00
      20   1.6496188976377955E+01       21   7.8468749999999998E-01   4.3329958688280118E-01
      20   1.6496188976377955E+01       22   8.2367187500000005E-01   1.7401807916270237E-01
      20   1.6496188976377955E+01       23   8.6265625000000001E-01   1.5028612587699236E-01
      20   1.6496188976377955E+01       24   9.0164062500000008E-01   2.9816427316899741E-01
      20   1.6496188976377955E+01       25   9.4062500000000004E-01   3.4685535975014209E-01
      20   1.6496188976377955E+01       26   9.7960937500000000E-01   1.6832068609408737E-01
      20   1.6496188976377955E+01       27   1.0185937500000000E+00   6.7979751854230774E-02
      20   1.6496188976377955E+01       28   1.0575781250000000E+00   1.1955660139245072E-01
      20   1.6496188976377955E+01       29   1.0965625000000001E+00   1.2151898642147296E-01
      20   1.6496188976377955E+01       30   1.1355468750000000E+00   1.4734027027445737E-01
      20   1.6496188976377955E+01       31   1.1745312500000000E+00   8.4595202722030832E-02
      20   1.6496188976377955E+01       32   1.2135156250000001E+00   8.7482925668345035E-02
      20   1.6496188976377955E+01       33   1.2524999999999999E+00   6.8140165409826273E-02
      20   1.6496188976377955E+01       34   1.2914843750000000E+00   3.4719950307288798E-02
      20   1.6496188976377955E+01       35   1.3304687500000001E+00   2.3416624624911810E-02
      20   1.6496188976377955E+01       36   1.3694531250000002E+00   2.1327761047842442E-02
      20   1.6496188976377955E+01       37   1.4084375000000000E+00   9.5089286918426438E-03
      20   1.6496188976377955E+01       38   1.4474218750000001E+00   1.8499422445033619E-02
      20   1.6496188976377955E+01       39   1.4864062500000002E+00   1.9621240156655215E-02
      20   1.6496188976377955E+01       40   1.5253906250000000E+00   6.9585234427607130E-03
      20   1.6496188976377955E+01       41   1.5643750000000001E+00   1.1250226314615105E-02
      20   1.6496188976377955E+01       42   1.6033593750000001E+00   3.0280977669982440E-03
      20   1.6496188976377955E+01       43   1.6423437500000000E+00   8.2545264249495390E-03
      20   1.6496188976377955E+01       44   1.6813281250000001E+00   5.4167859869692463E-03
      20   1.6496188976377955E+01       45   1.7203125000000001E+00   6.9863877573640111E-03
      20   1.6496188976377955E+01       46   1.7592968750000000E+00   1.8485695889496575E-03
      20   1.6496188976377955E+01       47   1.7982812500000001E+00   3.6422178875965099E-03
      20   1.6496188976377955E+01       48   1.8372656250000001E+00   2.1951142401100089E-03
      20   1.6496188976377955E+01       49   1.8762500000000000E+00   2.9186467699294292E-03
      20   1.6496188976377955E+01       50   1.9152343750000000E+00   4.5855839902554452E-03
      20   1.6496188976377955E+01       51   1.9542187500000001E+00   4.8839130644393594E-03
      20   1.6496188976377955E+01       52   1.9932031250000002E+00   4.7136448707658131E-03
      20   1.6496188976377955E+01       53   2.0321875000000000E+00   3.2544285526405962E-03
      20   1.6496188976377955E+01       54   2.0711718750000001E+00   2.8381771489649405E-03
      20   1.6496188976377955E+01       55   2.1101562500000002E+00   3.7570936614957748E-03
      20   1.6496188976377955E+01       56   2.1491406250000002E+00   2.9930862325443309E-03
      20   1.6496188976377955E+01       57   2.1881249999999999E+00   3.8798699907513757E-03
      20   1.6496188976377955E+01       58   2.2271093749999999E+00   1.7582120266160803E-03
      20   1.6496188976377955E+01       59   2.2660937500000000E+00   2.9064019410758577E-03
      20   1.6496188976377955E+01       60   2.3050781250000001E+00   2.0137513904418957E-03
      20   1.6496188976377955E+01       61   2.3440625000000002E+00   6.8884950805189436E-03
      20   1.6496188976377955E+01       62   2.3830468750000002E+00   5.8693227306050710E-03
      20   1.6496188976377955E+01       63   2.4220312500000003E+00   2.9556206559869743E-03
      20   1.6496188976377955E+01       64   2.4610156249999999E+00   6.1129085368881366E-03
 
      21   1.7364409448818897E+01        1   5.0000000000000001E-03   6.4529014636128579E+02
      21   1.7364409448818897E+01        2   4.3984374999999999E-02   5.7741359593164248E+01
      21   1.7364409448818897E+01        3   8.2968750000000008E-02   2.3049134662103224E+01
      21   1.7364409448818897E+01        4   1.2195312500000001E-01   1.5037678335429760E+01
      21   1.7364409448818897E+01        5   1.6093750000000001E-01   1.7827572664045107E+01
      21   1.7364409448818897E+01        6   1.9992187500000000E-01   1.8210882780035163E+01
      21   1.7364409448818897E+01        7   2.3890625000000001E-01   1.5163539747838312E+01
      21   1.7364409448818897E+01        8   2.7789062500000000E-01   1.3753656616891821E+01
      21   1.7364409448818897E+01        9   3.1687500000000002E-01   1.0592085014842000E+01
      21   1.7364409448818897E+01       10   3.5585937500000003E-01   6.9541928963209703E+00
      21   1.7364409448818897E+01       11   3.9484374999999999E-01   4.9279834574886232E+00
      21   1.7364409448818897E+01       12   4.3382812500000001E-01   1.9728621361600929E+00
      21   1.7364409448818897E+01       13   4.7281250000000002E-01   2.9205676844936570E+00
      21   1.7364409448818897E+01       14   5.1179687500000004E-01   2.4396224766458516E+00
      21   1.7364409448818897E+01       15   5.5078125000000000E-01   3.4008163041557409E+00
      21   1.7364409448818897E+01       16   5.8976562500000007E-01   5.0692527043642510E+00
      21   1.7364409448818897E+01       17   6.2875000000000003E-01   5.7982401895363580E+00
      21   1.7364409448818897E+01       18   6.6773437499999999E-01   5.5301010835241984E+00
      21   1.7364409448818897E+01       19   7.0671875000000006E-01   3.4049077522390192E+00
      21   1.7364409448818897E+01       20   7.4570312500000002E-01   1.1203064589657052E+00
      21   1.7364409448818897E+01       21   7.8468749999999998E-01   4.1997874120715439E-01
      21   1.7364409448818897E+01       22   8.2367187500000005E-01   1.5950355867154262E-01
      21   1.7364409448818897E+01       23   8.6265625000000001E-01   1.5009675397336134E-01
      21   1.7364409448818897E+01       24   9.0164062500000008E-01   3.1882132764149351E-01
      21   1.7364409448818897E+01       25   9.4062500000000004E-01   3.6610675981408658E-01
      21   1.7364409448818897E+01       26   9.7960937500000000E-01   1.8411113009412342E-01
      21   1.7364409448818897E+01       27   1.0185937500000000E+00   7.7817591068889955E-02
      21   1.7364409448818897E+01       28   1.0575781250000000E+00   1.4171616917609151E-01
      21   1.7364409448818897E+01       29   1.0965625000000001E+00   1.4342732868983957E-01
      21   1.7364409448818897E+01       30   1.1355468750000000E+00   1.5901975577687133E-01
      21   1.7364409448818897E+01       31   1.1745312500000000E+00   8.8022854544166126E-02
      21   1.7364409448818897E+01       32   1.2135156250000001E+00   7.6677594670545884E-02
      21   1.7364409448818897E+01       33   1.2524999999999999E+00   4.8987770887510822E-02
      21   1.7364409448818897E+01       34   1.2914843750000000E+00   2.5486567929852291E-02
      21   1.7364409448818897E+01       35   1.3304687500000001E+00   1.8486889695415714E-02
      21   1.7364409448818897E+01       36   1.3694531250000002E+00   2.7858911424816109E-02
      21   1.7364409448818897E+01       37   1.4084375000000000E+00   1.1636300849194725E-02
      21   1.7364409448818897E+01       38   1.4474218750000001E+00   2.5501306123036575E-02
      21   1.7364409448818897E+01       39   1.4864062500000002E+00   2.0069112583316458E-02
      21   1.7364409448818897E+01       40   1.5253906250000000E+00   5.8247634956812740E-03
      21   1.7364409448818897E+01       41   1.5643750000000001E+00   8.1907527495803621E-03
      21   1.7364409448818897E+01       42   1.6033593750000001E+00   3.4948706427190700E-03
      21   1.7364409448818897E+01       43   1.6423437500000000E+00   6.8803459065215839E-03
      21   1.7364409448818897E+01       44   1.6813281250000001E+00   6.3747623653152832E-03
      21   1.7364409448818897E+01       45   1.7203125000000001E+00   7.3738558932519857E-03
      21   1.7364409448818897E+01       46   1.7592968750000000E+00   1.1770956432852781E-03
      21   1.7364409448818897E+01       47   1.7982812500000001E+00   3.4926603587648788E-03
      21   1.7364409448818897E+01       48   1.8372656250000001E+00   2.1934940211905825E-03
      21   1.7364409448818897E+01       49   1.8762500000000000E+00   3.0143344125783153E-03
      21   1.7364409448818897E+01       50   1.9152343750000000E+00   5.5270418480060958E-03
      21   1.7364409448818897E+01       51   1.9542187500000001E+00   4.4716145704282572E-03
      21   1.7364409448818897E+01       52   1.9932031250000002E+00   4.5565778466615837E-03
      21   1.7364409448818897E+01       53   2.0321875000000000E+00   3.2648046366651235E-03
      21   1.7364409448818897E+01       54   2.0711718750000001E+00   2.6210948085439133E-03
      21   1.7364409448818897E+01       55   2.1101562500000002E+00   4.0158766106904963E-03
      21   1.7364409448818897E+01       56   2.1491406250000002E+00   2.9204650937297164E-03
      21   1.7364409448818897E+01       57   2.1881249999999999E+00   3.9735668033383234E-03
      21   1.7364409448818897E+01       58   2.2271093749999999E+00   1.8185039262758025E-03
      21   1.7364409448818897E+01       59   2.2660937500000000E+00   3.0669090258606223E-03
      21   1.7364409448818897E+01       60   2.3050781250000001E+00   2.1094818484037594E-03
      21   1.7364409448818897E+01       61   2.3440625000000002E+00   7.1892007769060514E-03
      21   1.7364409448818897E+01       62   2.3830468750000002E+00   5.7508402868123769E-03
      21   1.7364409448818897E+01       63   2.4220312500000003E+00   2.7976137649009573E-03
      21   1.7364409448818897E+01       64   2.4610156249999999E+00   6.3579452723409903E-03
 
      22   1.8232629921259843E+01        1   5.0000000000000001E-03   6.1527400991651598E+02
      22   1.8232629921259843E+01        2   4.3984374999999999E-02   5.5352445925124897E+01
      22   1.8232629921259843E+01        3   8.2968750000000008E-02   2.2705013849479226E+01
      22   1.8232629921259843E+01        4   1.2195312500000001E-01   1.5523582753410148E+01
      22   1.8232629921259843E+01        5   1.6093750000000001E-01   1.8277732677767364E+01
      22   1.8232629921259843E+01        6   1.9992187500000000E-01   1.8683110515014260E+01
      22   1.8232629921259843E+01        7   2.3890625000000001E-01   1.5852820109868132E+01
      22   1.8232629921259843E+01        8   2.7789062500000000E-01   1.4236163301305780E+01
      22   1.8232629921259843E+01        9   3.1687500000000002E-01   1.0624650046161300E+01
      22   1.8232629921259843E+01       10   3.5585937500000003E-01   7.2559031606830020E+00
      22   1.8232629921259843E+01       11   3.9484374999999999E-01   5.1422138599586908E+00
      22   1.8232629921259843E+01       12   4.3382812500000001E-01   2.0381485176420986E+00
      22   1.8232629921259843E+01       13   4.7281250000000002E-01   2.9324239351384715E+00
      22   1.8232629921259843E+01       14   5.1179687500000004E-01   2.4369539950551560E+00
      22   1.8232629921259843E+01       15   5.5078125000000000E-01   3.3356453785775204E+00
      22   1.8232629921259843E+01       16   5.8976562500000007E-01   4.9639316034846281E+00
      22   1.8232629921259843E+01       17   6.2875000000000003E-01   5.7397781200390376E+00
      22   1.8232629921259843E+01       18   6.6773437499999999E-01   5.5790008039504624E+00
      22   1.8232629921259843E+01       19   7.0671875000000006E-01   3.4467282654928759E+00
      22   1.8232629921259843E+01       20   7.4570312500000002E-01   1.0896199158877318E+00
      22   1.8232629921259843E+01       21   7.8468749999999998E-01   3.8512550208576518E-01
      22   1.8232629921259843E+01       22   8.2367187500000005E-01   1.6115218928394456E-01
      22   1.8232629921259843E+01       23   8.6265625000000001E-01   1.6707879734047310E-01
      22   1.8232629921259843E+01       24   9.0164062500000008E-01   3.5418021974213171E-01
      22   1.8232629921259843E+01       25   9.4062500000000004E-01   3.9616372778160119E-01
      22   1.8232629921259843E+01       26   9.7960937500000000E-01   2.1196539266174402E-01
      22   1.8232629921259843E+01       27   1.0185937500000000E+00   9.3344770336350164E-02
      22   1.8232629921259843E+01       28   1.0575781250000000E+00   1.5619488088763697E-01
      22   1.8232629921259843E+01       29   1.0965625000000001E+00   1.5442319568828106E-01
      22   1.8232629921259843E+01       30   1.1355468750000000E+00   1.5750544306384703E-01
      22   1.8232629921259843E+01       31   1.1745312500000000E+00   8.0896598806185285E-02
      22   1.8232629921259843E+01       32   1.2135156250000001E+00   6.0596216207062702E-02
      22   1.8232629921259843E+01       33   1.2524999999999999E+00   3.4600882678643863E-02
      22   1.8232629921259843E+01       34   1.2914843750000000E+00   1.8697611840149900E-02
      22   1.8232629921259843E+01       35   1.3304687500000001E+00   1.8915510299430099E-02
      22   1.8232629921259843E+01       36   1.3694531250000002E+00   3.9551706580937616E-02
      22   1.8232629921259843E+01       37   1.4084375000000000E+00   1.4110094704460046E-02
      22   1.8232629921259843E+01       38   1.4474218750000001E+00   2.8194161903326943E-02
      22   1.8232629921259843E+01       39   1.4864062500000002E+00   1.6517990290229656E-02
      22   1.8232629921259843E+01       40   1.5253906250000000E+00   4.9842603894966545E-03
      22   1.8232629921259843E+01       41   1.5643750000000001E+00   5.7663877437352726E-03
      22   1.8232629921259843E+01       42   1.6033593750000001E+00   5.6651863967791538E-03
      22   1.8232629921259843E+01       43   1.6423437500000000E+00   4.9464432469608363E-03
      22   1.8232629921259843E+01       44   1.6813281250000001E+00   8.6346587254505121E-03
      22   1.8232629921259843E+01       45   1.7203125000000001E+00   6.2975521930140792E-03
      22   1.8232629921259843E+01       46   1.7592968750000000E+00   1.2948020149571359E-03
      22   1.8232629921259843E+01       47   1.7982812500000001E+00   2.7115648798724666E-03
      22   1.8232629921259843E+01       48   1.8372656250000001E+00   2.0516334488809135E-03
      22   1.8232629921259843E+01       49   1.8762500000000000E+00   3.2368904067869102E-03
      22   1.8232629921259843E+01       50   1.9152343750000000E+00   5.3060996496007966E-03
      22   1.8232629921259843E+01       51   1.9542187500000001E+00   3.9995129803379525E-03
      22   1.8232629921259843E+01       52   1.9932031250000002E+00   4.4525219927115840E-03
      22   1.8232629921259843E+01       53   2.0321875000000000E+00   3.5093314417074203E-03
      22   1.8232629921259843E+01       54   2.0711718750000001E+00   2.7957175230436254E-03
      22   1.8232629921259843E+01       55   2.1101562500000002E+00   4.3798581104080598E-03
      22   1.8232629921259843E+01       56   2.1491406250000002E+00   3.0089432540181134E-03
      22   1.8232629921259843E+01       57   2.1881249999999999E+00   3.8663151821652472E-03
      22   1.8232629921259843E+01       58   2.2271093749999999E+00   1.9572747166491039E-03
      22   1.8232629921259843E+01       59   2.2660937500000000E+00   3.2444133736442317E-03
      22   1.8232629921259843E+01       60   2.3050781250000001E+00   2.2665957787899090E-03
      22   1.8232629921259843E+01       61   2.3440625000000002E+00   7.4536628025568393E-03
      22   1.8232629921259843E+01       62   2.3830468750000002E+00   5.7124241043178346E-03
      22   1.8232629921259843E+01       63   2.4220312500000003E+00   2.7453980304087940E-03
      22   1.8232629921259843E+01       64   2.4610156249999999E+00   6.5609140333809379E-03
 
      23   1.9100850393700789E+01        1   5.0000000000000001E-03   5.9938638466623831E+02
      23   1.9100850393700789E+01        2   4.3984374999999999E-02   5.3868460404978983E+01
      23   1.9100850393700789E+01        3   8.2968750000000008E-02   2.2286130452417719E+01
      23   1.9100850393700789E+01        4   1.2195312500000001E-01   1.5425750104843091E+01
      23   1.9100850393700789E+01        5   1.6093750000000001E-01   1.7942623180079543E+01
      23   1.9100850393700789E+01        6   1.9992187500000000E-01   1.8549924724037343E+01
      23   1.9100850393700789E+01        7   2.3890625000000001E-01   1.6079070168269283E+01
      23   1.9100850393700789E+01        8   2.7789062500000000E-01   1.4520920692030549E+01
      23   1.9100850393700789E+01        9   3.1687500000000002E-01   1.0655853476117761E+01
      23   1.9100850393700789E+01       10   3.5585937500000003E-01   7.6403573357315606E+00
      23   1.9100850393700789E+01       11   3.9484374999999999E-01   5.4491329290926256E+00
      23   1.9100850393700789E+01       12   4.3382812500000001E-01   2.1557715677092375E+00
      23   1.9100850393700789E+01       13   4.7281250000000002E-01   2.9611858217034741E+00
      23   1.9100850393700789E+01       14   5.1179687500000004E-01   2.5124168618150184E+00
      23   1.9100850393700789E+01       15   5.5078125000000000E-01   3.3351137116439928E+00
      23   1.9100850393700789E+01       16   5.8976562500000007E-01   4.9574150527441345E+00
      23   1.9100850393700789E+01       17   6.2875000000000003E-01   5.6800680928984972E+00
      23   1.9100850393700789E+01       18   6.6773437499999999E-01   5.5783359108735846E+00
      23   1.9100850393700789E+01       19   7.0671875000000006E-01   3.4045017847447854E+00
      23   1.9100850393700789E+01       20   7.4570312500000002E-01   1.0275956572337399E+00
      23   1.9100850393700789E+01       21   7.8468749999999998E-01   3.4661664817166832E-01
      23   1.9100850393700789E+01       22   8.2367187500000005E-01   1.7895092932086692E-01
      23   1.9100850393700789E+01       23   8.6265625000000001E-01   1.9465555173326199E-01
      23   1.9100850393700789E+01       24   9.0164062500000008E-01   3.9303889133821834E-01
      23   1.9100850393700789E+01       25   9.4062500000000004E-01   4.3027367035938874E-01
      23   1.9100850393700789E+01       26   9.7960937500000000E-01   2.4415360318320245E-01
      23   1.9100850393700789E+01       27   1.0185937500000000E+00   1.0911325203857933E-01
      23   1.9100850393700789E+01       28   1.0575781250000000E+00   1.5479795342882716E-01
      23   1.9100850393700789E+01       29   1.0965625000000001E+00   1.5133048135964625E-01
      23   1.9100850393700789E+01       30   1.1355468750000000E+00   1.4456605328842131E-01
      23   1.9100850393700789E+01       31   1.1745312500000000E+00   6.6103143364327793E-02
      23   1.9100850393700789E+01       32   1.2135156250000001E+00   4.5414299548603404E-02
      23   1.9100850393700789E+01       33   1.2524999999999999E+00   3.1205881252383338E-02
      23   1.9100850393700789E+01       34   1.2914843750000000E+00   1.9032468681357193E-02
      23   1.9100850393700789E+01       35   1.3304687500000001E+00   2.4199065165502250E-02
      23   1.9100850393700789E+01       36   1.3694531250000002E+00   4.9490295011445820E-02
      23   1.9100850393700789E+01       37   1.4084375000000000E+00   1.5661223049536221E-02
      23   1.9100850393700789E+01       38   1.4474218750000001E+00   2.5613058402840637E-02
      23   1.9100850393700789E+01       39   1.4864062500000002E+00   1.1624248741862707E-02
      23   1.9100850393700789E+01       40   1.5253906250000000E+00   4.8521785258357712E-03
      23   1.9100850393700789E+01       41   1.5643750000000001E+00   5.8793916679958699E-03
      23   1.9100850393700789E+01       42   1.6033593750000001E+00   7.3300816211700516E-03
      23   1.9100850393700789E+01       43   1.6423437500000000E+00   4.1917417387762395E-03
      23   1.9100850393700789E+01       44   1.6813281250000001E+00   1.0229317884199658E-02
      23   1.9100850393700789E+01       45   1.7203125000000001E+00   4.7701826225119617E-03
      23   1.9100850393700789E+01       46   1.7592968750000000E+00   2.0315958708671663E-03
      23   1.9100850393700789E+01       47   1.7982812500000001E+00   1.9935076891785240E-03
      23   1.9100850393700789E+01       48   1.8372656250000001E+00   1.9888596033221574E-03
      23   1.9100850393700789E+01       49   1.8762500000000000E+00   3.4028277130270083E-03
      23   1.9100850393700789E+01       50   1.9152343750000000E+00   4.3168415488620713E-03
      23   1.9100850393700789E+01       51   1.9542187500000001E+00   3.9484946253504011E-03
      23   1.9100850393700789E+01       52   1.9932031250000002E+00   4.6186182629307185E-03
      23   1.9100850393700789E+01       53   2.0321875000000000E+00   3.9045730150794201E-03
      23   1.9100850393700789E+01       54   2.0711718750000001E+00   3.2373688700309592E-03
      23   1.9100850393700789E+01       55   2.1101562500000002E+00   4.6336609348907546E-03
      23   1.9100850393700789E+01       56   2.1491406250000002E+00   3.1517464448771694E-03
      23   1.9100850393700789E+01       57   2.1881249999999999E+00   3.6558110573897372E-03
      23   1.9100850393700789E+01       58   2.2271093749999999E+00   2.0784239675865502E-03
      23   1.9100850393700789E+01       59   2.2660937500000000E+00   3.3626195106506896E-03
      23   1.9100850393700789E+01       60   2.3050781250000001E+00   2.4636073163317685E-03
      23   1.9100850393700789E+01       61   2.3440625000000002E+00   7.6156444274416944E-03
      23   1.9100850393700789E+01       62   2.3830468750000002E+00   5.8356998409289512E-03
      23   1.9100850393700789E+01       63   2.4220312500000003E+00   2.7554201310772226E-03
      23   1.9100850393700789E+01       64   2.4610156249999999E+00   6.6206707914506051E-03
 
      24   1.9969070866141735E+01        1   5.0000000000000001E-03   6.0207592491582886E+02
      24   1.9969070866141735E+01        2   4.3984374999999999E-02   5.3700755458852065E+01
      24   1.9969070866141735E+01        3   8.2968750000000008E-02   2.1966146351422509E+01
      24   1.9969070866141735E+01        4   1.2195312500000001E-01   1.4867235285956415E+01
      24   1.9969070866141735E+01        5   1.6093750000000001E-01   1.7031953588253710E+01
      24   1.9969070866141735E+01        6   1.9992187500000000E-01   1.7876856472375334E+01
      24   1.9969070866141735E+01        7   2.3890625000000001E-01   1.5858490725875077E+01
      24   1.9969070866141735E+01        8   2.7789062500000000E-01   1.4645811246889618E+01
      24   1.9969070866141735E+01        9   3.1687500000000002E-01   1.0812283885446003E+01
      24   1.9969070866141735E+01       10   3.5585937500000003E-01   8.0046950989457635E+00
      24   1.9969070866141735E+01       11   3.9484374999999999E-01   5.7421435508832728E+00
      24   1.9969070866141735E+01       12   4.3382812500000001E-01   2.3054881578784538E+00
      24   1.9969070866141735E+01       13   4.7281250000000002E-01   3.0169275477641140E+00
      24   1.9969070866141735E+01       14   5.1179687500000004E-01   2.6789463728772445E+00
      24   1.9969070866141735E+01       15   5.5078125000000000E-01   3.4438375211837409E+00
      24   1.9969070866141735E+01       16   5.8976562500000007E-01   5.0510011852206276E+00
      24   1.9969070866141735E+01       17   6.2875000000000003E-01   5.6460143073621589E+00
      24   1.9969070866141735E+01       18   6.6773437499999999E-01   5.5207909594142990E+00
      24   1.9969070866141735E+01       19   7.0671875000000006E-01   3.2920743907821093E+00
      24   1.9969070866141735E+01       20   7.4570312500000002E-01   9.6222704383505764E-01
      24   1.9969070866141735E+01       21   7.8468749999999998E-01   3.1764084064920206E-01
      24   1.9969070866141735E+01       22   8.2367187500000005E-01   1.9656322011685173E-01
      24   1.9969070866141735E+01       23   8.6265625000000001E-01   2.1933679654786983E-01
      24   1.9969070866141735E+01       24   9.0164062500000008E-01   4.2901137369871556E-01
      24   1.9969070866141735E+01       25   9.4062500000000004E-01   4.6644144555586464E-01
      24   1.9969070866141735E+01       26   9.7960937500000000E-01   2.7084135812986204E-01
      24   1.9969070866141735E+01       27   1.0185937500000000E+00   1.2056927973804284E-01
      24   1.9969070866141735E+01       28   1.0575781250000000E+00   1.3587115556903259E-01
      24   1.9969070866141735E+01       29   1.0965625000000001E+00   1.3439191347125895E-01
      24   1.9969070866141735E+01       30   1.1355468750000000E+00   1.2405928726891204E-01
      24   1.9969070866141735E+01       31   1.1745312500000000E+00   5.0579385210284558E-02
      24   1.9969070866141735E+01       32   1.2135156250000001E+00   3.6974768142964271E-02
      24   1.9969070866141735E+01       33   1.2524999999999999E+00   3.9167918832696963E-02
      24   1.9969070866141735E+01       34   1.2914843750000000E+00   2.7181005641962463E-02
      24   1.9969070866141735E+01       35   1.3304687500000001E+00   3.2389532635055708E-02
      24   1.9969070866141735E+01       36   1.3694531250000002E+00   5.2030278127032016E-02
      24   1.9969070866141735E+01       37   1.4084375000000000E+00   1.5210618754622653E-02
      24   1.9969070866141735E+01       38   1.4474218750000001E+00   1.9733575306682925E-02
      24   1.9969070866141735E+01       39   1.4864062500000002E+00   8.8133911314187477E-03
      24   1.9969070866141735E+01       40   1.5253906250000000E+00   5.6674152363768498E-03
      24   1.9969070866141735E+01       41   1.5643750000000001E+00   8.2772727891405311E-03
      24   1.9969070866141735E+01       42   1.6033593750000001E+00   6.8384552800601689E-03
      24   1.9969070866141735E+01       43   1.6423437500000000E+00   5.0499507665159645E-03
      24   1.9969070866141735E+01       44   1.6813281250000001E+00   9.9952938294093300E-03
      24   1.9969070866141735E+01       45   1.7203125000000001E+00   4.3906960336677538E-03
      24   1.9969070866141735E+01       46   1.7592968750000000E+00   2.6227335539240355E-03
      24   1.9969070866141735E+01       47   1.7982812500000001E+00   2.1702328864767551E-03
      24   1.9969070866141735E+01       48   1.8372656250000001E+00   1.9744496210582943E-03
      24   1.9969070866141735E+01       49   1.8762500000000000E+00   3.4475254610715060E-03
      24   1.9969070866141735E+01       50   1.9152343750000000E+00   3.8993496623992954E-03
      24   1.9969070866141735E+01       51   1.9542187500000001E+00   4.2362139899944258E-03
      24   1.9969070866141735E+01       52   1.9932031250000002E+00   4.7712442984318044E-03
      24   1.9969070866141735E+01       53   2.0321875000000000E+00   4.3339250934593312E-03
      24   1.9969070866141735E+01       54   2.0711718750000001E+00   3.4860698363731032E-03
      24   1.9969070866141735E+01       55   2.1101562500000002E+00   4.7752060224862539E-03
      24   1.9969070866141735E+01       56   2.1491406250000002E+00   3.1980088102415284E-03
      24   1.9969070866141735E+01       57   2.1881249999999999E+00   3.5640855208415004E-03
      24   1.9969070866141735E+01       58   2.2271093749999999E+00   2.0885651847554576E-03
      24   1.9969070866141735E+01       59   2.2660937500000000E+00   3.4883703698755978E-03
      24   1.9969070866141735E+01       60   2.3050781250000001E+00   2.6448581385386241E-03
      24   1.9969070866141735E+01       61   2.3440625000000002E+00   7.6471519715729224E-03
      24   1.9969070866141735E+01       62   2.3830468750000002E+00   6.1877341067436090E-03
      24   1.9969070866141735E+01       63   2.4220312500000003E+00   2.7301598980106934E-03
      24   1.9969070866141735E+01       64   2.4610156249999999E+00   6.7261721648152820E-03
 
      25   2.0837291338582677E+01        1   5.0000000000000001E-03   6.2105462581787424E+02
      25   2.0837291338582677E+01        2   4.3984374999999999E-02   5.4784248716470856E+01
      25   2.0837291338582677E+01        3   8.2968750000000008E-02   2.1851629543077443E+01
      25   2.0837291338582677E+01        4   1.2195312500000001E-01   1.4074550361964596E+01
      25   2.0837291338582677E+01        5   1.6093750000000001E-01   1.5821495514514103E+01
      25   2.0837291338582677E+01        6   1.9992187500000000E-01   1.6824075070667305E+01
      25   2.0837291338582677E+01        7   2.3890625000000001E-01   1.5335571026055810E+01
      25   2.0837291338582677E+01        8   2.7789062500000000E-01   1.4637799619521298E+01
      25   2.0837291338582677E+01        9   3.1687500000000002E-01   1.1033473707926431E+01
      25   2.0837291338582677E+01       10   3.5585937500000003E-01   8.2246305891834481E+00
      25   2.0837291338582677E+01       11   3.9484374999999999E-01   5.9260206402355280E+00
      25   2.0837291338582677E+01       12   4.3382812500000001E-01   2.4646153406892664E+00
      25   2.0837291338582677E+01       13   4.7281250000000002E-01   3.1368886844418897E+00
      25   2.0837291338582677E+01       14   5.1179687500000004E-01   2.9421872835461471E+00
      25   2.0837291338582677E+01       15   5.5078125000000000E-01   3.6710889324506146E+00
      25   2.0837291338582677E+01       16   5.8976562500000007E-01   5.2163078458417331E+00
      25   2.0837291338582677E+01       17   6.2875000000000003E-01   5.6624606016983439E+00
      25   2.0837291338582677E+01       18   6.6773437499999999E-01   5.4174981633946926E+00
      25   2.0837291338582677E+01       19   7.0671875000000006E-01   3.1619511392682980E+00
      25   2.0837291338582677E+01       20   7.4570312500000002E-01   9.1372647136060126E-01
      25   2.0837291338582677E+01       21   7.8468749999999998E-01   2.9524563666437942E-01
      25   2.0837291338582677E+01       22   8.2367187500000005E-01   1.9825579956486478E-01
      25   2.0837291338582677E+01       23   8.6265625000000001E-01   2.3552382323786084E-01
      25   2.0837291338582677E+01       24   9.0164062500000008E-01   4.6105726454338469E-01
      25   2.0837291338582677E+01       25   9.4062500000000004E-01   5.0011057102814716E-01
      25   2.0837291338582677E+01       26   9.7960937500000000E-01   2.8529237374948457E-01
      25   2.0837291338582677E+01       27   1.0185937500000000E+00   1.2481280625448629E-01
      25   2.0837291338582677E+01       28   1.0575781250000000E+00   1.0956473005269057E-01
      25   2.0837291338582677E+01       29   1.0965625000000001E+00   1.0797703633803410E-01
      25   2.0837291338582677E+01       30   1.1355468750000000E+00   1.0147162794420599E-01
      25   2.0837291338582677E+01       31   1.1745312500000000E+00   4.0803939617069275E-02
      25   2.0837291338582677E+01       32   1.2135156250000001E+00   3.8481903632738443E-02
      25   2.0837291338582677E+01       33   1.2524999999999999E+00   5.3814953443456673E-02
      25   2.0837291338582677E+01       34   1.2914843750000000E+00   3.8926517228813892E-02
      25   2.0837291338582677E+01       35   1.3304687500000001E+00   3.9908603444255585E-02
      25   2.0837291338582677E+01       36   1.3694531250000002E+00   4.6282719525498422E-02
      25   2.0837291338582677E+01       37   1.4084375000000000E+00   1.2856777373361992E-02
      25   2.0837291338582677E+01       38   1.4474218750000001E+00   1.3710176772419765E-02
      25   2.0837291338582677E+01       39   1.4864062500000002E+00   9.9571666470995423E-03
      25   2.0837291338582677E+01       40   1.5253906250000000E+00   7.0052021698335416E-03
      25   2.0837291338582677E+01       41   1.5643750000000001E+00   1.0911517183425286E-02
      25   2.0837291338582677E+01       42   1.6033593750000001E+00   4.7333380978242818E-03
      25   2.0837291338582677E+01       43   1.6423437500000000E+00   6.4759990755471567E-03
      25   2.0837291338582677E+01       44   1.6813281250000001E+00   8.2715469516832698E-03
      25   2.0837291338582677E+01       45   1.7203125000000001E+00   5.5819998153373651E-03
      25   2.0837291338582677E+01       46   1.7592968750000000E+00   2.4818808896418776E-03
      25   2.0837291338582677E+01       47   1.7982812500000001E+00   3.1584462275315154E-03
      25   2.0837291338582677E+01       48   1.8372656250000001E+00   1.8157840321974485E-03
      25   2.0837291338582677E+01       49   1.8762500000000000E+00   3.4865242331091331E-03
      25   2.0837291338582677E+01       50   1.9152343750000000E+00   4.3424657422221190E-03
      25   2.0837291338582677E+01       51   1.9542187500000001E+00   4.2891376118314641E-03
      25   2.0837291338582677E+01       52   1.9932031250000002E+00   4.6797900324280738E-03
      25   2.0837291338582677E+01       53   2.0321875000000000E+00   4.5545412359473299E-03
      25   2.0837291338582677E+01       54   2.0711718750000001E+00   3.2736017130247587E-03
      25   2.0837291338582677E+01       55   2.1101562500000002E+00   4.6497484068079385E-03
      25   2.0837291338582677E+01       56   2.1491406250000002E+00   3.1324948454838817E-03
      25   2.0837291338582677E+01       57   2.1881249999999999E+00   3.6834520234429757E-03
      25   2.0837291338582677E+01       58   2.2271093749999999E+00   2.0232234283982815E-03
      25   2.0837291338582677E+01       59   2.2660937500000000E+00   3.5589984607769009E-03
      25   2.0837291338582677E+01       60   2.3050781250000001E+00   2.6958177374269837E-03
      25   2.0837291338582677E+01       61   2.3440625000000002E+00   7.5314020708197905E-03
      25   2.0837291338582677E+01       62   2.3830468750000002E+00   6.5699338628654987E-03
      25   2.0837291338582677E+01       63   2.4220312500000003E+00   2.6903245649800341E-03
      25   2.0837291338582677E+01       64   2.4610156249999999E+00   6.9704672901632495E-03
 
      26   2.1705511811023623E+01        1   5.0000000000000001E-03   6.4800728745541608E+02
      26   2.1705511811023623E+01        2   4.3984374999999999E-02   5.6627635475054845E+01
      26   2.1705511811023623E+01        3   8.2968750000000008E-02   2.1943718210347377E+01
      26   2.1705511811023623E+01        4   1.2195312500000001E-01   1.3270740005453639E+01
      26   2.1705511811023623E+01        5   1.6093750000000001E-01   1.4594703235966978E+01
      26   2.1705511811023623E+01        6   1.9992187500000000E-01   1.5670397666168235E+01
      26   2.1705511811023623E+01        7   2.3890625000000001E-01   1.4687936819381353E+01
      26   2.1705511811023623E+01        8   2.7789062500000000E-01   1.4460859404945486E+01
      26   2.1705511811023623E+01        9   3.1687500000000002E-01   1.1132989677875729E+01
      26   2.1705511811023623E+01       10   3.5585937500000003E-01   8.2306646411795281E+00
      26   2.1705511811023623E+01       11   3.9484374999999999E-01   5.9595950730323208E+00
      26   2.1705511811023623E+01       12   4.3382812500000001E-01   2.6242735331019089E+00
      26   2.1705511811023623E+01       13   4.7281250000000002E-01   3.3680446127383878E+00
      26   2.1705511811023623E+01       14   5.1179687500000004E-01   3.2770106584832637E+00
      26   2.1705511811023623E+01       15   5.5078125000000000E-01   3.9833319297999714E+00
      26   2.1705511811023623E+01       16   5.8976562500000007E-01   5.4327040681522876E+00
      26   2.1705511811023623E+01       17   6.2875000000000003E-01   5.7362714186038648E+00
      26   2.1705511811023623E+01       18   6.6773437499999999E-01   5.3158692745499119E+00
      26   2.1705511811023623E+01       19   7.0671875000000006E-01   3.0647082767725773E+00
      26   2.1705511811023623E+01       20   7.4570312500000002E-01   8.7670045089950666E-01
      26   2.1705511811023623E+01       21   7.8468749999999998E-01   2.6996266575813133E-01
      26   2.1705511811023623E+01       22   8.2367187500000005E-01   1.8775149000899546E-01
      26   2.1705511811023623E+01       23   8.6265625000000001E-01   2.4826780852239305E-01
      26   2.1705511811023623E+01       24   9.0164062500000008E-01   4.8508826853261222E-01
      26   2.1705511811023623E+01       25   9.4062500000000004E-01   5.2189248306121772E-01
      26   2.1705511811023623E+01       26   9.7960937500000000E-01   2.8771748198754032E-01
      26   2.1705511811023623E+01       27   1.0185937500000000E+00   1.2108684653960655E-01
      26   2.1705511811023623E+01       28   1.0575781250000000E+00   8.8881290444307523E-02
      26   2.1705511811023623E+01       29   1.0965625000000001E+00   8.2139189684116654E-02
      26   2.1705511811023623E+01       30   1.1355468750000000E+00   8.5913116360180689E-02
      26   2.1705511811023623E+01       31   1.1745312500000000E+00   4.1050980611020395E-02
      26   2.1705511811023623E+01       32   1.2135156250000001E+00   4.9127299981971170E-02
      26   2.1705511811023623E+01       33   1.2524999999999999E+00   6.8335188852523515E-02
      26   2.1705511811023623E+01       34   1.2914843750000000E+00   4.7781807839549571E-02
      26   2.1705511811023623E+01       35   1.3304687500000001E+00   4.2401211822073306E-02
      26   2.1705511811023623E+01       36   1.3694531250000002E+00   3.6078888062914788E-02
      26   2.1705511811023623E+01       37   1.4084375000000000E+00   9.8437024654846137E-03
      26   2.1705511811023623E+01       38   1.4474218750000001E+00   1.0604534652711882E-02
      26   2.1705511811023623E+01       39   1.4864062500000002E+00   1.4095910778658422E-02
      26   2.1705511811023623E+01       40   1.5253906250000000E+00   7.8785309418667945E-03
      26   2.1705511811023623E+01       41   1.5643750000000001E+00   1.1933964322500745E-02
      26   2.1705511811023623E+01       42   1.6033593750000001E+00   3.1092761586574138E-03
      26   2.1705511811023623E+01       43   1.6423437500000000E+00   7.1603462149462359E-03
      26   2.1705511811023623E+01       44   1.6813281250000001E+00   6.6800823969431142E-03
      26   2.1705511811023623E+01       45   1.7203125000000001E+00   7.0708989433543746E-03
      26   2.1705511811023623E+01       46   1.7592968750000000E+00   1.8741162073196338E-03
      26   2.1705511811023623E+01       47   1.7982812500000001E+00   4.1303577810335289E-03
      26   2.1705511811023623E+01       48   1.8372656250000001E+00   1.5569211547069406E-03
      26   2.1705511811023623E+01       49   1.8762500000000000E+00   3.7388417290854670E-03
      26   2.1705511811023623E+01       50   1.9152343750000000E+00   4.8991283363856953E-03
      26   2.1705511811023623E+01       51   1.9542187500000001E+00   4.0471542914462784E-03
      26   2.1705511811023623E+01       52   1.9932031250000002E+00   4.5344309408080390E-03
      26   2.1705511811023623E+01       53   2.0321875000000000E+00   4.3817749317714193E-03
      26   2.1705511811023623E+01       54   2.0711718750000001E+00   2.9878366446285088E-03
      26   2.1705511811023623E+01       55   2.1101562500000002E+00   4.1499224751736698E-03
      26   2.1705511811023623E+01       56   2.1491406250000002E+00   2.9855844037575568E-03
      26   2.1705511811023623E+01       57   2.1881249999999999E+00   4.0355437399247594E-03
      26   2.1705511811023623E+01       58   2.2271093749999999E+00   1.9828244321058708E-03
      26   2.1705511811023623E+01       59   2.2660937500000000E+00   3.4869297000021567E-03
      26   2.1705511811023623E+01       60   2.3050781250000001E+00   2.5888765851610485E-03
      26   2.1705511811023623E+01       61   2.3440625000000002E+00   7.2305897040987055E-03
      26   2.1705511811023623E+01       62   2.3830468750000002E+00   6.6464155057804654E-03
      26   2.1705511811023623E+01       63   2.4220312500000003E+00   2.7228330938961877E-03
      26   2.1705511811023623E+01       64   2.4610156249999999E+00   7.2785954876123365E-03
 
      27   2.2573732283464569E+01        1   5.0000000000000001E-03   6.7330088537347524E+02
      27   2.2573732283464569E+01        2   4.3984374999999999E-02   5.8604432020397105E+01
      27   2.2573732283464569E+01        3   8.2968750000000008E-02   2.2190801767820375E+01
      27   2.2573732283464569E+01        4   1.2195312500000001E-01   1.2633914885837907E+01
      27   2.2573732283464569E+01        5   1.6093750000000001E-01   1.3615864201061999E+01
      27   2.2573732283464569E+01        6   1.9992187500000000E-01   1.4747672917794045E+01
      27   2.2573732283464569E+01        7   2.3890625000000001E-01   1.4030502233327532E+01
      27   2.2573732283464569E+01        8   2.7789062500000000E-01   1.4046360838003094E+01
      27   2.2573732283464569E+01        9   3.1687500000000002E-01   1.0960504961387706E+01
      27   2.2573732283464569E+01       10   3.5585937500000003E-01   8.0263790756666111E+00
      27   2.2573732283464569E+01       11   3.9484374999999999E-01   5.8730224341557626E+00
      27   2.2573732283464569E+01       12   4.3382812500000001E-01   2.7934948380727316E+00
      27   2.2573732283464569E+01       13   4.7281250000000002E-01   3.7105927314179694E+00
      27   2.2573732283464569E+01       14   5.1179687500000004E-01   3.6223991224785301E+00
      27   2.2573732283464569E+01       15   5.5078125000000000E-01   4.3240691527414024E+00
      27   2.2573732283464569E+01       16   5.8976562500000007E-01   5.6919072703252329E+00
      27   2.2573732283464569E+01       17   6.2875000000000003E-01   5.8604132681940859E+00
      27   2.2573732283464569E+01       18   6.6773437499999999E-01   5.2782157319712990E+00
      27   2.2573732283464569E+01       19   7.0671875000000006E-01   3.0123388912563924E+00
      27   2.2573732283464569E+01       20   7.4570312500000002E-01   8.3427787367267625E-01
      27   2.2573732283464569E+01       21   7.8468749999999998E-01   2.4559091257855051E-01
      27   2.2573732283464569E+01       22   8.2367187500000005E-01   1.8539801913116005E-01
      27   2.2573732283464569E+01       23   8.6265625000000001E-01   2.6160079862420871E-01
      27   2.2573732283464569E+01       24   9.0164062500000008E-01   4.8940044813288808E-01
      27   2.2573732283464569E+01       25   9.4062500000000004E-01   5.2439660712998604E-01
      27   2.2573732283464569E+01       26   9.7960937500000000E-01   2.8052593524060065E-01
      27   2.2573732283464569E+01       27   1.0185937500000000E+00   1.1114827661376554E-01
      27   2.2573732283464569E+01       28   1.0575781250000000E+00   7.9380466110016604E-02
      27   2.2573732283464569E+01       29   1.0965625000000001E+00   6.8615152824972089E-02
      27   2.2573732283464569E+01       30   1.1355468750000000E+00   8.6494196908833976E-02
      27   2.2573732283464569E+01       31   1.1745312500000000E+00   5.1335780136847101E-02
      27   2.2573732283464569E+01       32   1.2135156250000001E+00   6.4408643170720217E-02
      27   2.2573732283464569E+01       33   1.2524999999999999E+00   7.6368505954475516E-02
      27   2.2573732283464569E+01       34   1.2914843750000000E+00   4.8601441905490733E-02
      27   2.2573732283464569E+01       35   1.3304687500000001E+00   3.7778480291733349E-02
      27   2.2573732283464569E+01       36   1.3694531250000002E+00   2.7349949774502613E-02
      27   2.2573732283464569E+01       37   1.4084375000000000E+00   7.9788575549042465E-03
      27   2.2573732283464569E+01       38   1.4474218750000001E+00   1.2088954012804649E-02
      27   2.2573732283464569E+01       39   1.4864062500000002E+00   1.8336366007901766E-02
      27   2.2573732283464569E+01       40   1.5253906250000000E+00   7.5709908708832541E-03
      27   2.2573732283464569E+01       41   1.5643750000000001E+00   1.0712445490794843E-02
      27   2.2573732283464569E+01       42   1.6033593750000001E+00   3.5896512054769381E-03
      27   2.2573732283464569E+01       43   1.6423437500000000E+00   6.3592191994321610E-03
      27   2.2573732283464569E+01       44   1.6813281250000001E+00   6.6044763543153416E-03
      27   2.2573732283464569E+01       45   1.7203125000000001E+00   7.2567291033496847E-03
      27   2.2573732283464569E+01       46   1.7592968750000000E+00   1.3726566145863723E-03
      27   2.2573732283464569E+01       47   1.7982812500000001E+00   4.2528468886582809E-03
      27   2.2573732283464569E+01       48   1.8372656250000001E+00   1.4654926949536685E-03
      27   2.2573732283464569E+01       49   1.8762500000000000E+00   4.1008039186772195E-03
      27   2.2573732283464569E+01       50   1.9152343750000000E+00   4.9385956837000007E-03
      27   2.2573732283464569E+01       51   1.9542187500000001E+00   3.9299428116045974E-03
      27   2.2573732283464569E+01       52   1.9932031250000002E+00   4.6889604201924293E-03
      27   2.2573732283464569E+01       53   2.0321875000000000E+00   4.0391198277991000E-03
      27   2.2573732283464569E+01       54   2.0711718750000001E+00   3.0548547292769722E-03
      27   2.2573732283464569E+01       55   2.1101562500000002E+00   3.7245309071509379E-03
      27   2.2573732283464569E+01       56   2.1491406250000002E+00   2.8554379824035471E-03
      27   2.2573732283464569E+01       57   2.1881249999999999E+00   4.4165195889863083E-03
      27   2.2573732283464569E+01       58   2.2271093749999999E+00   2.0206760707419790E-03
      27   2.2573732283464569E+01       59   2.2660937500000000E+00   3.3916226817325488E-03
      27   2.2573732283464569E+01       60   2.3050781250000001E+00   2.4626033718925535E-03
      27   2.2573732283464569E+01       61   2.3440625000000002E+00   6.8501391751134540E-03
      27   2.2573732283464569E+01       62   2.3830468750000002E+00   6.3564365282980893E-03
      27   2.2573732283464569E+01       63   2.4220312500000003E+00   2.9037248028831180E-03
      27   2.2573732283464569E+01       64   2.4610156249999999E+00   7.5301991343406016E-03
 
      28   2.3441952755905511E+01        1   5.0000000000000001E-03   6.9096097101972055E+02
      28   2.3441952755905511E+01        2   4.3984374999999999E-02   6.0253597486243599E+01
      28   2.3441952755905511E+01        3   8.2968750000000008E-02   2.2505745931979483E+01
      28   2.3441952755905511E+01        4   1.2195312500000001E-01   1.2266479019841533E+01
      28   2.3441952755905511E+01        5   1.6093750000000001E-01   1.3098673468611928E+01
      28   2.3441952755905511E+01        6   1.9992187500000000E-01   1.4296801090135663E+01
      28   2.3441952755905511E+01        7   2.3890625000000001E-01   1.3417036627226139E+01
      28   2.3441952755905511E+01        8   2.7789062500000000E-01   1.3371605848504313E+01
      28   2.3441952755905511E+01        9   3.1687500000000002E-01   1.0498004942261323E+01
      28   2.3441952755905511E+01       10   3.5585937500000003E-01   7.6749659197769748E+00
      28   2.3441952755905511E+01       11   3.9484374999999999E-01   5.7480345029240532E+00
      28   2.3441952755905511E+01       12   4.3382812500000001E-01   2.9737694996051784E+00
      28   2.3441952755905511E+01       13   4.7281250000000002E-01   4.0826208294522877E+00
      28   2.3441952755905511E+01       14   5.1179687500000004E-01   3.9089935135338352E+00
      28   2.3441952755905511E+01       15   5.5078125000000000E-01   4.6294702112260904E+00
      28   2.3441952755905511E+01       16   5.8976562500000007E-01   5.9809223377660530E+00
      28   2.3441952755905511E+01       17   6.2875000000000003E-01   6.0316895470046576E+00
      28   2.3441952755905511E+01       18   6.6773437499999999E-01   5.3298982465910072E+00
      28   2.3441952755905511E+01       19   7.0671875000000006E-01   2.9847834505678486E+00
      28   2.3441952755905511E+01       20   7.4570312500000002E-01   7.8753628429721756E-01
      28   2.3441952755905511E+01       21   7.8468749999999998E-01   2.4142737277287091E-01
      28   2.3441952755905511E+01       22   8.2367187500000005E-01   2.0254733857397267E-01
      28   2.3441952755905511E+01       23   8.6265625000000001E-01   2.6855439608793830E-01
      28   2.3441952755905511E+01       24   9.0164062500000008E-01   4.6403508333761684E-01
      28   2.3441952755905511E+01       25   9.4062500000000004E-01   5.0668640731142722E-01
      28   2.3441952755905511E+01       26   9.7960937500000000E-01   2.6233173882882671E-01
      28   2.3441952755905511E+01       27   1.0185937500000000E+00   9.8058476175709619E-02
      28   2.3441952755905511E+01       28   1.0575781250000000E+00   7.9638223421468729E-02
      28   2.3441952755905511E+01       29   1.0965625000000001E+00   7.2917765419590122E-02
      28   2.3441952755905511E+01       30   1.1355468750000000E+00   1.0333371597102041E-01
      28   2.3441952755905511E+01       31   1.1745312500000000E+00   6.5397297956727163E-02
      28   2.3441952755905511E+01       32   1.2135156250000001E+00   7.7550283485882721E-02
      28   2.3441952755905511E+01       33   1.2524999999999999E+00   7.4693226208039518E-02
      28   2.3441952755905511E+01       34   1.2914843750000000E+00   4.1049436200028107E-02
      28   2.3441952755905511E+01       35   1.3304687500000001E+00   2.8644768882193600E-02
      28   2.3441952755905511E+01       36   1.3694531250000002E+00   2.5000493531360125E-02
      28   2.3441952755905511E+01       37   1.4084375000000000E+00   8.7501114917024909E-03
      28   2.3441952755905511E+01       38   1.4474218750000001E+00   1.7392071863605186E-02
      28   2.3441952755905511E+01       39   1.4864062500000002E+00   1.9998777140957925E-02
      28   2.3441952755905511E+01       40   1.5253906250000000E+00   6.3548986016884685E-03
      28   2.3441952755905511E+01       41   1.5643750000000001E+00   8.1005992349321345E-03
      28   2.3441952755905511E+01       42   1.6033593750000001E+00   5.7950499279297279E-03
      28   2.3441952755905511E+01       43   1.6423437500000000E+00   4.8494222724830213E-03
      28   2.3441952755905511E+01       44   1.6813281250000001E+00   7.9062708892608143E-03
      28   2.3441952755905511E+01       45   1.7203125000000001E+00   6.0495399745992958E-03
      28   2.3441952755905511E+01       46   1.7592968750000000E+00   1.4681434552109628E-03
      28   2.3441952755905511E+01       47   1.7982812500000001E+00   3.5097787369757138E-03
      28   2.3441952755905511E+01       48   1.8372656250000001E+00   1.7906088063947188E-03
      28   2.3441952755905511E+01       49   1.8762500000000000E+00   3.9922235785109055E-03
      28   2.3441952755905511E+01       50   1.9152343750000000E+00   4.6656613749387977E-03
      28   2.3441952755905511E+01       51   1.9542187500000001E+00   4.0697254999374870E-03
      28   2.3441952755905511E+01       52   1.9932031250000002E+00   5.0821304941258182E-03
      28   2.3441952755905511E+01       53   2.0321875000000000E+00   3.7966091575873753E-03
      28   2.3441952755905511E+01       54   2.0711718750000001E+00   3.1504902157794708E-03
      28   2.3441952755905511E+01       55   2.1101562500000002E+00   3.8341190410965779E-03
      28   2.3441952755905511E+01       56   2.1491406250000002E+00   2.8210466312463076E-03
      28   2.3441952755905511E+01       57   2.1881249999999999E+00   4.4164413313021785E-03
      28   2.3441952755905511E+01       58   2.2271093749999999E+00   2.0859292560758869E-03
      28   2.3441952755905511E+01       59   2.2660937500000000E+00   3.3094431122168803E-03
      28   2.3441952755905511E+01       60   2.3050781250000001E+00   2.3896992881696794E-03
      28   2.3441952755905511E+01       61   2.3440625000000002E+00   6.5462593683115987E-03
      28   2.3441952755905511E+01       62   2.3830468750000002E+00   5.9869731844763843E-03
      28   2.3441952755905511E+01       63   2.4220312500000003E+00   3.1886803118801356E-03
      28   2.3441952755905511E+01       64   2.4610156249999999E+00   7.6737205468998043E-03
 
      29   2.4310173228346454E+01        1   5.0000000000000001E-03   6.9905401520303428E+02
      29   2.4310173228346454E+01        2   4.3984374999999999E-02   6.1340150216331956E+01
      29   2.4310173228346454E+01        3   8.2968750000000008E-02   2.2800428997621594E+01
      29   2.4310173228346454E+01        4   1.2195312500000001E-01   1.2199048395598808E+01
      29   2.4310173228346454E+01        5   1.6093750000000001E-01   1.3131310192751819E+01
      29   2.4310173228346454E+01        6   1.9992187500000000E-01   1.4340140785097219E+01
      29   2.4310173228346454E+01        7   2.3890625000000001E-01   1.2880603700729896E+01
      29   2.4310173228346454E+01        8   2.7789062500000000E-01   1.2522704330539323E+01
      29   2.4310173228346454E+01        9   3.1687500000000002E-01   9.8475516778737191E+00
      29   2.4310173228346454E+01       10   3.5585937500000003E-01   7.2682054988800413E+00
      29   2.4310173228346454E+01       11   3.9484374999999999E-01   5.6640168458974651E+00
      29   2.4310173228346454E+01       12   4.3382812500000001E-01   3.1322821764951314E+00
      29   2.4310173228346454E+01       13   4.7281250000000002E-01   4.3555938336868385E+00
      29   2.4310173228346454E+01       14   5.1179687500000004E-01   4.0894618536809304E+00
      29   2.4310173228346454E+01       15   5.5078125000000000E-01   4.8453513956793222E+00
      29   2.4310173228346454E+01       16   5.8976562500000007E-01   6.2672632266946557E+00
      29   2.4310173228346454E+01       17   6.2875000000000003E-01   6.2494019581587752E+00
      29   2.4310173228346454E+01       18   6.6773437499999999E-01   5.4388871184767229E+00
      29   2.4310173228346454E+01       19   7.0671875000000006E-01   2.9662596455520913E+00
      29   2.4310173228346454E+01       20   7.4570312500000002E-01   7.6119967667218091E-01
      29   2.4310173228346454E+01       21   7.8468749999999998E-01   2.7109817539765657E-01
      29   2.4310173228346454E+01       22   8.2367187500000005E-01   2.2528197513047116E-01
      29   2.4310173228346454E+01       23   8.6265625000000001E-01   2.5680342432731429E-01
      29   2.4310173228346454E+01       24   9.0164062500000008E-01   4.1359646271545136E-01
      29   2.4310173228346454E+01       25   9.4062500000000004E-01   4.7095177466642146E-01
      29   2.4310173228346454E+01       26   9.7960937500000000E-01   2.3202376440010158E-01
      29   2.4310173228346454E+01       27   1.0185937500000000E+00   8.4788436098127223E-02
      29   2.4310173228346454E+01       28   1.0575781250000000E+00   8.6804101143905521E-02
      29   2.4310173228346454E+01       29   1.0965625000000001E+00   9.1731870582634392E-02
      29   2.4310173228346454E+01       30   1.1355468750000000E+00   1.2646089247046807E-01
      29   2.4310173228346454E+01       31   1.1745312500000000E+00   7.5422749318744930E-02
      29   2.4310173228346454E+01       32   1.2135156250000001E+00   8.2157349286438530E-02
      29   2.4310173228346454E+01       33   1.2524999999999999E+00   6.4882023710949199E-02
      29   2.4310173228346454E+01       34   1.2914843750000000E+00   2.9824685775939809E-02
      29   2.4310173228346454E+01       35   1.3304687500000001E+00   2.0358306357627670E-02
      29   2.4310173228346454E+01       36   1.3694531250000002E+00   2.9595984860822374E-02
      29   2.4310173228346454E+01       37   1.4084375000000000E+00   1.1571359527552562E-02
      29   2.4310173228346454E+01       38   1.4474218750000001E+00   2.3427739353489550E-02
      29   2.4310173228346454E+01       39   1.4864062500000002E+00   1.7957703341475124E-02
      29   2.4310173228346454E+01       40   1.5253906250000000E+00   5.1099208610123972E-03
      29   2.4310173228346454E+01       41   1.5643750000000001E+00   6.1234297442901856E-03
      29   2.4310173228346454E+01       42   1.6033593750000001E+00   7.6489280952416029E-03
      29   2.4310173228346454E+01       43   1.6423437500000000E+00   4.2259096336380092E-03
      29   2.4310173228346454E+01       44   1.6813281250000001E+00   9.1312668805763209E-03
      29   2.4310173228346454E+01       45   1.7203125000000001E+00   4.7144186977324306E-03
      29   2.4310173228346454E+01       46   1.7592968750000000E+00   2.1742477323051703E-03
      29   2.4310173228346454E+01       47   1.7982812500000001E+00   2.7421905332835088E-03
      29   2.4310173228346454E+01       48   1.8372656250000001E+00   2.4114271626770674E-03
      29   2.4310173228346454E+01       49   1.8762500000000000E+00   3.1708760010775621E-03
      29   2.4310173228346454E+01       50   1.9152343750000000E+00   4.6506690100854729E-03
      29   2.4310173228346454E+01       51   1.9542187500000001E+00   4.2968254845397406E-03
      29   2.4310173228346454E+01       52   1.9932031250000002E+00   5.3187518646252967E-03
      29   2.4310173228346454E+01       53   2.0321875000000000E+00   3.6743516490558574E-03
      29   2.4310173228346454E+01       54   2.0711718750000001E+00   2.8632500665636208E-03
      29   2.4310173228346454E+01       55   2.1101562500000002E+00   4.3233165992308939E-03
      29   2.4310173228346454E+01       56   2.1491406250000002E+00   2.8422517281467274E-03
      29   2.4310173228346454E+01       57   2.1881249999999999E+00   4.1561817958629781E-03
      29   2.4310173228346454E+01       58   2.2271093749999999E+00   2.0943310748810255E-03
      29   2.4310173228346454E+01       59   2.2660937500000000E+00   3.2447459100296838E-03
      29   2.4310173228346454E+01       60   2.3050781250000001E+00   2.3347486230213522E-03
      29   2.4310173228346454E+01       61   2.3440625000000002E+00   6.3288093919172386E-03
      29   2.4310173228346454E+01       62   2.3830468750000002E+00   5.9642370292186057E-03
      29   2.4310173228346454E+01       63   2.4220312500000003E+00   3.4250153707642826E-03
      29   2.4310173228346454E+01       64   2.4610156249999999E+00   7.7936917331902934E-03
 
      30   2.5178393700787399E+01        1   5.0000000000000001E-03   6.9615551094274429E+02
      30   2.5178393700787399E+01        2   4.3984374999999999E-02   6.1633850926238722E+01
      30   2.5178393700787399E+01        3   8.2968750000000008E-02   2.2995434679857638E+01
      30   2.5178393700787399E+01        4   1.2195312500000001E-01   1.2387335164789471E+01
      30   2.5178393700787399E+01        5   1.6093750000000001E-01   1.3595469544234925E+01
      30   2.5178393700787399E+01        6   1.9992187500000000E-01   1.4683857987320298E+01
      30   2.5178393700787399E+01        7   2.3890625000000001E-01   1.2450457709240027E+01
      30   2.5178393700787399E+01        8   2.7789062500000000E-01   1.1679448361649595E+01
      30   2.5178393700787399E+01        9   3.1687500000000002E-01   9.1714344481599284E+00
      30   2.5178393700787399E+01       10   3.5585937500000003E-01   6.9013850073121539E+00
      30   2.5178393700787399E+01       11   3.9484374999999999E-01   5.6541046106410073E+00
      30   2.5178393700787399E+01       12   4.3382812500000001E-01   3.2091058569842987E+00
      30   2.5178393700787399E+01       13   4.7281250000000002E-01   4.4322521980048215E+00
      30   2.5178393700787399E+01       14   5.1179687500000004E-01   4.1495874182870489E+00
      30   2.5178393700787399E+01       15   5.5078125000000000E-01   4.9469050040302562E+00
      30   2.5178393700787399E+01       16   5.8976562500000007E-01   6.4997834834989723E+00
      30   2.5178393700787399E+01       17   6.2875000000000003E-01   6.4910976835169452E+00
      30   2.5178393700787399E+01       18   6.6773437499999999E-01   5.5471478812919539E+00
      30   2.5178393700787399E+01       19   7.0671875000000006E-01   2.9673153968877912E+00
      30   2.5178393700787399E+01       20   7.4570312500000002E-01   7.7911225982212751E-01
      30   2.5178393700787399E+01       21   7.8468749999999998E-01   3.2223717223770326E-01
      30   2.5178393700787399E+01       22   8.2367187500000005E-01   2.2926318826561734E-01
      30   2.5178393700787399E+01       23   8.6265625000000001E-01   2.2592616482067929E-01
      30   2.5178393700787399E+01       24   9.0164062500000008E-01   3.5657659749413484E-01
      30   2.5178393700787399E+01       25   9.4062500000000004E-01   4.2163922534540033E-01
      30   2.5178393700787399E+01       26   9.7960937500000000E-01   1.9795729124031114E-01
      30   2.5178393700787399E+01       27   1.0185937500000000E+00   7.4617925093895615E-02
      30   2.5178393700787399E+01       28   1.0575781250000000E+00   9.9851659769849471E-02
      30   2.5178393700787399E+01       29   1.0965625000000001E+00   1.1643297137150037E-01
      30   2.5178393700787399E+01       30   1.1355468750000000E+00   1.4587045689131789E-01
      30   2.5178393700787399E+01       31   1.1745312500000000E+00   7.8776864950809322E-02
      30   2.5178393700787399E+01       32   1.2135156250000001E+00   7.6269452211316216E-02
      30   2.5178393700787399E+01       33   1.2524999999999999E+00   5.2241756417399143E-02
      30   2.5178393700787399E+01       34   1.2914843750000000E+00   2.0936497907539806E-02
      30   2.5178393700787399E+01       35   1.3304687500000001E+00   1.7354699999739872E-02
      30   2.5178393700787399E+01       36   1.3694531250000002E+00   3.7439982333243249E-02
      30   2.5178393700787399E+01       37   1.4084375000000000E+00   1.4256058518803006E-02
      30   2.5178393700787399E+01       38   1.4474218750000001E+00   2.6510725852910724E-02
      30   2.5178393700787399E+01       39   1.4864062500000002E+00   1.3636235389917300E-02
      30   2.5178393700787399E+01       40   1.5253906250000000E+00   4.6559559070803213E-03
      30   2.5178393700787399E+01       41   1.5643750000000001E+00   6.4003689587703938E-03
      30   2.5178393700787399E+01       42   1.6033593750000001E+00   7.6607451746052869E-03
      30   2.5178393700787399E+01       43   1.6423437500000000E+00   5.1749589895432090E-03
      30   2.5178393700787399E+01       44   1.6813281250000001E+00   9.0517358122868177E-03
      30   2.5178393700787399E+01       45   1.7203125000000001E+00   4.5938118841275825E-03
      30   2.5178393700787399E+01       46   1.7592968750000000E+00   2.7920276143706562E-03
      30   2.5178393700787399E+01       47   1.7982812500000001E+00   2.7549100711951116E-03
      30   2.5178393700787399E+01       48   1.8372656250000001E+00   2.8095732919437852E-03
      30   2.5178393700787399E+01       49   1.8762500000000000E+00   2.3290683652537562E-03
      30   2.5178393700787399E+01       50   1.9152343750000000E+00   4.9417234122309632E-03
      30   2.5178393700787399E+01       51   1.9542187500000001E+00   4.3845681641797550E-03
      30   2.5178393700787399E+01       52   1.9932031250000002E+00   5.1393131934170224E-03
      30   2.5178393700787399E+01       53   2.0321875000000000E+00   3.6125221315434371E-03
      30   2.5178393700787399E+01       54   2.0711718750000001E+00   2.5936366110662331E-03
      30   2.5178393700787399E+01       55   2.1101562500000002E+00   4.5023413929496173E-03
      30   2.5178393700787399E+01       56   2.1491406250000002E+00   2.8368168086409205E-03
      30   2.5178393700787399E+01       57   2.1881249999999999E+00   4.0571829603872943E-03
      30   2.5178393700787399E+01       58   2.2271093749999999E+00   1.9742610845876868E-03
      30   2.5178393700787399E+01       59   2.2660937500000000E+00   3.2241524202516500E-03
      30   2.5178393700787399E+01       60   2.3050781250000001E+00   2.2553312069420075E-03
      30   2.5178393700787399E+01       61   2.3440625000000002E+00   6.1880975528689373E-03
      30   2.5178393700787399E+01       62   2.3830468750000002E+00   6.2326894254031116E-03
      30   2.5178393700787399E+01       63   2.4220312500000003E+00   3.4690759047171999E-03
      30   2.5178393700787399E+01       64   2.4610156249999999E+00   7.9357147303373843E-03
 
      31   2.6046614173228345E+01        1   5.0000000000000001E-03   6.7968311480403793E+02
      31   2.6046614173228345E+01        2   4.3984374999999999E-02   6.0755830923643565E+01
      31   2.6046614173228345E+01        3   8.2968750000000008E-02   2.2952392976606522E+01
      31   2.6046614173228345E+01        4   1.2195312500000001E-01   1.2680129911008319E+01
      31   2.6046614173228345E+01        5   1.6093750000000001E-01   1.4193869955993137E+01
      31   2.6046614173228345E+01        6   1.9992187500000000E-01   1.5057861243226517E+01
      31   2.6046614173228345E+01        7   2.3890625000000001E-01   1.2154801261992398E+01
      31   2.6046614173228345E+01        8   2.7789062500000000E-01   1.1029037280128939E+01
      31   2.6046614173228345E+01        9   3.1687500000000002E-01   8.6390451451860599E+00
      31   2.6046614173228345E+01       10   3.5585937500000003E-01   6.6649860643851850E+00
      31   2.6046614173228345E+01       11   3.9484374999999999E-01   5.6962650550392073E+00
      31   2.6046614173228345E+01       12   4.3382812500000001E-01   3.1555498106831448E+00
      31   2.6046614173228345E+01       13   4.7281250000000002E-01   4.3046735513775882E+00
      31   2.6046614173228345E+01       14   5.1179687500000004E-01   4.1000188790259386E+00
      31   2.6046614173228345E+01       15   5.5078125000000000E-01   4.9367434942465227E+00
      31   2.6046614173228345E+01       16   5.8976562500000007E-01   6.6201735577111505E+00
      31   2.6046614173228345E+01       17   6.2875000000000003E-01   6.6964827097198389E+00
      31   2.6046614173228345E+01       18   6.6773437499999999E-01   5.6165229783578896E+00
      31   2.6046614173228345E+01       19   7.0671875000000006E-01   3.0118611848343049E+00
      31   2.6046614173228345E+01       20   7.4570312500000002E-01   8.3810327220271730E-01
      31   2.6046614173228345E+01       21   7.8468749999999998E-01   3.6264961741517138E-01
      31   2.6046614173228345E+01       22   8.2367187500000005E-01   2.0811484290531077E-01
      31   2.6046614173228345E+01       23   8.6265625000000001E-01   1.9100824662544769E-01
      31   2.6046614173228345E+01       24   9.0164062500000008E-01   3.1122636606150322E-01
      31   2.6046614173228345E+01       25   9.4062500000000004E-01   3.7027099854652401E-01
      31   2.6046614173228345E+01       26   9.7960937500000000E-01   1.7592081085423725E-01
      31   2.6046614173228345E+01       27   1.0185937500000000E+00   7.1476020579803623E-02
      31   2.6046614173228345E+01       28   1.0575781250000000E+00   1.1631667095019482E-01
      31   2.6046614173228345E+01       29   1.0965625000000001E+00   1.3740635042623658E-01
      31   2.6046614173228345E+01       30   1.1355468750000000E+00   1.5644484209727852E-01
      31   2.6046614173228345E+01       31   1.1745312500000000E+00   7.6510047533997413E-02
      31   2.6046614173228345E+01       32   1.2135156250000001E+00   6.3143012013698693E-02
      31   2.6046614173228345E+01       33   1.2524999999999999E+00   4.2016182623689356E-02
      31   2.6046614173228345E+01       34   1.2914843750000000E+00   1.7949911793527937E-02
      31   2.6046614173228345E+01       35   1.3304687500000001E+00   2.1582964927637498E-02
      31   2.6046614173228345E+01       36   1.3694531250000002E+00   4.4008955424936519E-02
      31   2.6046614173228345E+01       37   1.4084375000000000E+00   1.5111700280022997E-02
      31   2.6046614173228345E+01       38   1.4474218750000001E+00   2.4367385767245373E-02
      31   2.6046614173228345E+01       39   1.4864062500000002E+00   9.8980993500143964E-03
      31   2.6046614173228345E+01       40   1.5253906250000000E+00   5.5643050409614593E-03
      31   2.6046614173228345E+01       41   1.5643750000000001E+00   8.7383218220346160E-03
      31   2.6046614173228345E+01       42   1.6033593750000001E+00   6.2339664913860946E-03
      31   2.6046614173228345E+01       43   1.6423437500000000E+00   7.0681270772253082E-03
      31   2.6046614173228345E+01       44   1.6813281250000001E+00   7.8799242222045863E-03
      31   2.6046614173228345E+01       45   1.7203125000000001E+00   5.8964400925940611E-03
      31   2.6046614173228345E+01       46   1.7592968750000000E+00   2.7228716709148835E-03
      31   2.6046614173228345E+01       47   1.7982812500000001E+00   3.4251979059507797E-03
      31   2.6046614173228345E+01       48   1.8372656250000001E+00   2.6333992050787268E-03
      31   2.6046614173228345E+01       49   1.8762500000000000E+00   2.2851652148899422E-03
      31   2.6046614173228345E+01       50   1.9152343750000000E+00   4.9932874447584635E-03
      31   2.6046614173228345E+01       51   1.9542187500000001E+00   4.3076344046139303E-03
      31   2.6046614173228345E+01       52   1.9932031250000002E+00   4.6422340386481267E-03
      31   2.6046614173228345E+01       53   2.0321875000000000E+00   3.6860555233999073E-03
      31   2.6046614173228345E+01       54   2.0711718750000001E+00   2.8886778183738297E-03
      31   2.6046614173228345E+01       55   2.1101562500000002E+00   4.2395407336509698E-03
      31   2.6046614173228345E+01       56   2.1491406250000002E+00   2.8304613745138182E-03
      31   2.6046614173228345E+01       57   2.1881249999999999E+00   4.1658873751559350E-03
      31   2.6046614173228345E+01       58   2.2271093749999999E+00   1.7921930311293119E-03
      31   2.6046614173228345E+01       59   2.2660937500000000E+00   3.1874809567085504E-03
      31   2.6046614173228345E+01       60   2.3050781250000001E+00   2.1902952658132114E-03
      31   2.6046614173228345E+01       61   2.3440625000000002E+00   6.2134956130088220E-03
      31   2.6046614173228345E+01       62   2.3830468750000002E+00   6.4417555481834469E-03
      31   2.6046614173228345E+01       63   2.4220312500000003E+00   3.2988691478356025E-03
      31   2.6046614173228345E+01       64   2.4610156249999999E+00   8.0321070106903203E-03
 
      32   2.6914834645669288E+01        1   5.0000000000000001E-03   6.5055811275485314E+02
      32   2.6914834645669288E+01        2   4.3984374999999999E-02   5.8547617398640519E+01
      32   2.6914834645669288E+01        3   8.2968750000000008E-02   2.2522054605547769E+01
      32   2.6914834645669288E+01        4   1.2195312500000001E-01   1.2879003171534549E+01
      32   2.6914834645669288E+01        5   1.6093750000000001E-01   1.4617953647320711E+01
      32   2.6914834645669288E+01        6   1.9992187500000000E-01   1.5257990619974576E+01
      32   2.6914834645669288E+01        7   2.3890625000000001E-01   1.2009315925309791E+01
      32   2.6914834645669288E+01        8   2.7789062500000000E-01   1.0704791927810042E+01
      32   2.6914834645669288E+01        9   3.1687500000000002E-01   8.3845620337450661E+00
      32   2.6914834645669288E+01       10   3.5585937500000003E-01   6.6132962050928183E+00
      32   2.6914834645669288E+01       11   3.9484374999999999E-01   5.7238400915470873E+00
      32   2.6914834645669288E+01       12   4.3382812500000001E-01   2.9731006743711013E+00
      32   2.6914834645669288E+01       13   4.7281250000000002E-01   4.0503533304345893E+00
      32   2.6914834645669288E+01       14   5.1179687500000004E-01   3.9555327586018358E+00
      32   2.6914834645669288E+01       15   5.5078125000000000E-01   4.8265750158902456E+00
      32   2.6914834645669288E+01       16   5.8976562500000007E-01   6.5823364612826341E+00
      32   2.6914834645669288E+01       17   6.2875000000000003E-01   6.7843842267024659E+00
      32   2.6914834645669288E+01       18   6.6773437499999999E-01   5.6527130818592175E+00
      32   2.6914834645669288E+01       19   7.0671875000000006E-01   3.1059718219039536E+00
      32   2.6914834645669288E+01       20   7.4570312500000002E-01   9.0636591754110130E-01
      32   2.6914834645669288E+01       21   7.8468749999999998E-01   3.7031283692553879E-01
      32   2.6914834645669288E+01       22   8.2367187500000005E-01   1.8013578119590240E-01
      32   2.6914834645669288E+01       23   8.6265625000000001E-01   1.6722939538390860E-01
      32   2.6914834645669288E+01       24   9.0164062500000008E-01   2.8721581086502496E-01
      32   2.6914834645669288E+01       25   9.4062500000000004E-01   3.3556967026110618E-01
      32   2.6914834645669288E+01       26   9.7960937500000000E-01   1.7557399404155030E-01
      32   2.6914834645669288E+01       27   1.0185937500000000E+00   7.7416955061310286E-02
      32   2.6914834645669288E+01       28   1.0575781250000000E+00   1.3086824059192087E-01
      32   2.6914834645669288E+01       29   1.0965625000000001E+00   1.4780805379261963E-01
      32   2.6914834645669288E+01       30   1.1355468750000000E+00   1.5508333349042530E-01
      32   2.6914834645669288E+01       31   1.1745312500000000E+00   6.8824192175566762E-02
      32   2.6914834645669288E+01       32   1.2135156250000001E+00   4.8880386223114594E-02
      32   2.6914834645669288E+01       33   1.2524999999999999E+00   3.6883420167287975E-02
      32   2.6914834645669288E+01       34   1.2914843750000000E+00   2.1188389922157217E-02
      32   2.6914834645669288E+01       35   1.3304687500000001E+00   3.1731988665728260E-02
      32   2.6914834645669288E+01       36   1.3694531250000002E+00   4.6494497359006293E-02
      32   2.6914834645669288E+01       37   1.4084375000000000E+00   1.3409427262874803E-02
      32   2.6914834645669288E+01       38   1.4474218750000001E+00   1.7898478577466036E-02
      32   2.6914834645669288E+01       39   1.4864062500000002E+00   8.5838106697348100E-03
      32   2.6914834645669288E+01       40   1.5253906250000000E+00   7.4315215977425247E-03
      32   2.6914834645669288E+01       41   1.5643750000000001E+00   1.1481006556364927E-02
      32   2.6914834645669288E+01       42   1.6033593750000001E+00   4.5511636979396197E-03
      32   2.6914834645669288E+01       43   1.6423437500000000E+00   8.4034237142566158E-03
      32   2.6914834645669288E+01       44   1.6813281250000001E+00   6.8820834435733488E-03
      32   2.6914834645669288E+01       45   1.7203125000000001E+00   7.2339843618091934E-03
      32   2.6914834645669288E+01       46   1.7592968750000000E+00   2.0927703004527949E-03
      32   2.6914834645669288E+01       47   1.7982812500000001E+00   3.7767715143612822E-03
      32   2.6914834645669288E+01       48   1.8372656250000001E+00   2.0148366340593422E-03
      32   2.6914834645669288E+01       49   1.8762500000000000E+00   3.1043829560896729E-03
      32   2.6914834645669288E+01       50   1.9152343750000000E+00   4.4295933381055270E-03
      32   2.6914834645669288E+01       51   1.9542187500000001E+00   4.2201088318231808E-03
      32   2.6914834645669288E+01       52   1.9932031250000002E+00   4.2378173144603766E-03
      32   2.6914834645669288E+01       53   2.0321875000000000E+00   3.8807935228624135E-03
      32   2.6914834645669288E+01       54   2.0711718750000001E+00   3.4578827079467063E-03
      32   2.6914834645669288E+01       55   2.1101562500000002E+00   4.1818569190693548E-03
      32   2.6914834645669288E+01       56   2.1491406250000002E+00   2.8978510591404476E-03
      32   2.6914834645669288E+01       57   2.1881249999999999E+00   4.2079431007196501E-03
      32   2.6914834645669288E+01       58   2.2271093749999999E+00   1.6960145511441956E-03
      32   2.6914834645669288E+01       59   2.2660937500000000E+00   3.0724361400353431E-03
      32   2.6914834645669288E+01       60   2.3050781250000001E+00   2.1623637815744684E-03
      32   2.6914834645669288E+01       61   2.3440625000000002E+00   6.3884780975571390E-03
      32   2.6914834645669288E+01       62   2.3830468750000002E+00   6.3495899257715732E-03
      32   2.6914834645669288E+01       63   2.4220312500000003E+00   3.0496086602232308E-03
      32   2.6914834645669288E+01       64   2.4610156249999999E+00   7.9904753887617974E-03
 
      33   2.7783055118110234E+01        1   5.0000000000000001E-03   6.1684313757072414E+02
      33   2.7783055118110234E+01        2   4.3984374999999999E-02   5.5491451134262263E+01
      33   2.7783055118110234E+01        3   8.2968750000000008E-02   2.1699942658649555E+01
      33   2.7783055118110234E+01        4   1.2195312500000001E-01   1.2865726647269231E+01
      33   2.7783055118110234E+01        5   1.6093750000000001E-01   1.4725710390720891E+01
      33   2.7783055118110234E+01        6   1.9992187500000000E-01   1.5226518942513586E+01
      33   2.7783055118110234E+01        7   2.3890625000000001E-01   1.2024598002002334E+01
      33   2.7783055118110234E+01        8   2.7789062500000000E-01   1.0779541677388799E+01
      33   2.7783055118110234E+01        9   3.1687500000000002E-01   8.4806663629326913E+00
      33   2.7783055118110234E+01       10   3.5585937500000003E-01   6.7329337618502478E+00
      33   2.7783055118110234E+01       11   3.9484374999999999E-01   5.6661623185550987E+00
      33   2.7783055118110234E+01       12   4.3382812500000001E-01   2.7220941042821560E+00
      33   2.7783055118110234E+01       13   4.7281250000000002E-01   3.7771459783207488E+00
      33   2.7783055118110234E+01       14   5.1179687500000004E-01   3.7249659400652768E+00
      33   2.7783055118110234E+01       15   5.5078125000000000E-01   4.6212742971409684E+00
      33   2.7783055118110234E+01       16   5.8976562500000007E-01   6.3768587389427198E+00
      33   2.7783055118110234E+01       17   6.2875000000000003E-01   6.6995076453771043E+00
      33   2.7783055118110234E+01       18   6.6773437499999999E-01   5.6811398015822681E+00
      33   2.7783055118110234E+01       19   7.0671875000000006E-01   3.2165243720997667E+00
      33   2.7783055118110234E+01       20   7.4570312500000002E-01   9.5010652681783747E-01
      33   2.7783055118110234E+01       21   7.8468749999999998E-01   3.5264102414807569E-01
      33   2.7783055118110234E+01       22   8.2367187500000005E-01   1.6674582816827682E-01
      33   2.7783055118110234E+01       23   8.6265625000000001E-01   1.5761034028136769E-01
      33   2.7783055118110234E+01       24   9.0164062500000008E-01   2.8745570100543161E-01
      33   2.7783055118110234E+01       25   9.4062500000000004E-01   3.3398031774198583E-01
      33   2.7783055118110234E+01       26   9.7960937500000000E-01   1.9289142591569874E-01
      33   2.7783055118110234E+01       27   1.0185937500000000E+00   8.9418015252862804E-02
      33   2.7783055118110234E+01       28   1.0575781250000000E+00   1.3963093904658627E-01
      33   2.7783055118110234E+01       29   1.0965625000000001E+00   1.4521180198029698E-01
      33   2.7783055118110234E+01       30   1.1355468750000000E+00   1.4097345727172350E-01
      33   2.7783055118110234E+01       31   1.1745312500000000E+00   5.6653605987589548E-02
      33   2.7783055118110234E+01       32   1.2135156250000001E+00   3.9556832875419175E-02
      33   2.7783055118110234E+01       33   1.2524999999999999E+00   3.8207454038003845E-02
      33   2.7783055118110234E+01       34   1.2914843750000000E+00   2.9036099389959907E-02
      33   2.7783055118110234E+01       35   1.3304687500000001E+00   4.2744329634498049E-02
      33   2.7783055118110234E+01       36   1.3694531250000002E+00   4.4276134196946010E-02
      33   2.7783055118110234E+01       37   1.4084375000000000E+00   1.0190325264182497E-02
      33   2.7783055118110234E+01       38   1.4474218750000001E+00   1.1717409676512580E-02
      33   2.7783055118110234E+01       39   1.4864062500000002E+00   1.0420087993600349E-02
      33   2.7783055118110234E+01       40   1.5253906250000000E+00   8.7884808602337293E-03
      33   2.7783055118110234E+01       41   1.5643750000000001E+00   1.2890948366086398E-02
      33   2.7783055118110234E+01       42   1.6033593750000001E+00   3.7643581324564696E-03
      33   2.7783055118110234E+01       43   1.6423437500000000E+00   8.0093348047091777E-03
      33   2.7783055118110234E+01       44   1.6813281250000001E+00   7.3752415671291338E-03
      33   2.7783055118110234E+01       45   1.7203125000000001E+00   7.3138388971690955E-03
      33   2.7783055118110234E+01       46   1.7592968750000000E+00   1.6467429418024753E-03
      33   2.7783055118110234E+01       47   1.7982812500000001E+00   3.3779938438445803E-03
      33   2.7783055118110234E+01       48   1.8372656250000001E+00   1.4826085724655403E-03
      33   2.7783055118110234E+01       49   1.8762500000000000E+00   4.0474214420791682E-03
      33   2.7783055118110234E+01       50   1.9152343750000000E+00   3.6733511275452969E-03
      33   2.7783055118110234E+01       51   1.9542187500000001E+00   4.2246073390960768E-03
      33   2.7783055118110234E+01       52   1.9932031250000002E+00   4.3972005046545226E-03
      33   2.7783055118110234E+01       53   2.0321875000000000E+00   4.0247179875570124E-03
      33   2.7783055118110234E+01       54   2.0711718750000001E+00   3.6112192997695418E-03
      33   2.7783055118110234E+01       55   2.1101562500000002E+00   4.4996564458981252E-03
      33   2.7783055118110234E+01       56   2.1491406250000002E+00   3.0261974247347040E-03
      33   2.7783055118110234E+01       57   2.1881249999999999E+00   3.9525543596498755E-03
      33   2.7783055118110234E+01       58   2.2271093749999999E+00   1.7414822160596879E-03
      33   2.7783055118110234E+01       59   2.2660937500000000E+00   2.9649282004693836E-03
      33   2.7783055118110234E+01       60   2.3050781250000001E+00   2.2346329563357977E-03
      33   2.7783055118110234E+01       61   2.3440625000000002E+00   6.7871418529782479E-03
      33   2.7783055118110234E+01       62   2.3830468750000002E+00   5.9212014847836482E-03
      33   2.7783055118110234E+01       63   2.4220312500000003E+00   2.8942003271689633E-03
      33   2.7783055118110234E+01       64   2.4610156249999999E+00   7.8243255041345033E-03
 
      34   2.8651275590551180E+01        1   5.0000000000000001E-03   5.9086401856558939E+02
      34   2.8651275590551180E+01        2   4.3984374999999999E-02   5.2633120777338334E+01
      34   2.8651275590551180E+01        3   8.2968750000000008E-02   2.0692229098217890E+01
      34   2.8651275590551180E+01        4   1.2195312500000001E-01   1.2645886162127100E+01
      34   2.8651275590551180E+01        5   1.6093750000000001E-01   1.4577436234404455E+01
      34   2.8651275590551180E+01        6   1.9992187500000000E-01   1.5070546950799471E+01
      34   2.8651275590551180E+01        7   2.3890625000000001E-01   1.2244234466422162E+01
      34   2.8651275590551180E+01        8   2.7789062500000000E-01   1.1254713987859004E+01
      34   2.8651275590551180E+01        9   3.1687500000000002E-01   8.9073880573570765E+00
      34   2.8651275590551180E+01       10   3.5585937500000003E-01   6.9463099408135713E+00
      34   2.8651275590551180E+01       11   3.9484374999999999E-01   5.5073409580705102E+00
      34   2.8651275590551180E+01       12   4.3382812500000001E-01   2.4856589123210813E+00
      34   2.8651275590551180E+01       13   4.7281250000000002E-01   3.5591288269361767E+00
      34   2.8651275590551180E+01       14   5.1179687500000004E-01   3.4236628056020528E+00
      34   2.8651275590551180E+01       15   5.5078125000000000E-01   4.3161096049814871E+00
      34   2.8651275590551180E+01       16   5.8976562500000007E-01   6.0337527349761046E+00
      34   2.8651275590551180E+01       17   6.2875000000000003E-01   6.4587854750684732E+00
      34   2.8651275590551180E+01       18   6.6773437499999999E-01   5.6909641857219846E+00
      34   2.8651275590551180E+01       19   7.0671875000000006E-01   3.2846237523691908E+00
      34   2.8651275590551180E+01       20   7.4570312500000002E-01   9.6175145358705061E-01
      34   2.8651275590551180E+01       21   7.8468749999999998E-01   3.3539107387924749E-01
      34   2.8651275590551180E+01       22   8.2367187500000005E-01   1.7103219328332281E-01
      34   2.8651275590551180E+01       23   8.6265625000000001E-01   1.5662250911285816E-01
      34   2.8651275590551180E+01       24   9.0164062500000008E-01   3.1193569773244284E-01
      34   2.8651275590551180E+01       25   9.4062500000000004E-01   3.6812501938953257E-01
      34   2.8651275590551180E+01       26   9.7960937500000000E-01   2.1789361813627095E-01
      34   2.8651275590551180E+01       27   1.0185937500000000E+00   1.0222824300492078E-01
      34   2.8651275590551180E+01       28   1.0575781250000000E+00   1.4141255161173777E-01
      34   2.8651275590551180E+01       29   1.0965625000000001E+00   1.3167204488120182E-01
      34   2.8651275590551180E+01       30   1.1355468750000000E+00   1.2006861393165477E-01
      34   2.8651275590551180E+01       31   1.1745312500000000E+00   4.5132359230718365E-02
      34   2.8651275590551180E+01       32   1.2135156250000001E+00   3.9066570312633039E-02
      34   2.8651275590551180E+01       33   1.2524999999999999E+00   4.6528192366334487E-02
      34   2.8651275590551180E+01       34   1.2914843750000000E+00   3.8744535914585786E-02
      34   2.8651275590551180E+01       35   1.3304687500000001E+00   4.8256591910113424E-02
      34   2.8651275590551180E+01       36   1.3694531250000002E+00   3.8086935955620127E-02
      34   2.8651275590551180E+01       37   1.4084375000000000E+00   7.9260208051193781E-03
      34   2.8651275590551180E+01       38   1.4474218750000001E+00   1.0394850944015873E-02
      34   2.8651275590551180E+01       39   1.4864062500000002E+00   1.4455513005080294E-02
      34   2.8651275590551180E+01       40   1.5253906250000000E+00   8.4248040501064582E-03
      34   2.8651275590551180E+01       41   1.5643750000000001E+00   1.1576340329791768E-02
      34   2.8651275590551180E+01       42   1.6033593750000001E+00   4.4522169857144052E-03
      34   2.8651275590551180E+01       43   1.6423437500000000E+00   6.0950586946157837E-03
      34   2.8651275590551180E+01       44   1.6813281250000001E+00   9.2049472078440178E-03
      34   2.8651275590551180E+01       45   1.7203125000000001E+00   6.1891083132629048E-03
      34   2.8651275590551180E+01       46   1.7592968750000000E+00   1.6890668457929569E-03
      34   2.8651275590551180E+01       47   1.7982812500000001E+00   2.6883413950222045E-03
      34   2.8651275590551180E+01       48   1.8372656250000001E+00   1.3589188476324898E-03
      34   2.8651275590551180E+01       49   1.8762500000000000E+00   4.2249406772662786E-03
      34   2.8651275590551180E+01       50   1.9152343750000000E+00   3.6059986016953650E-03
      34   2.8651275590551180E+01       51   1.9542187500000001E+00   4.2996174319286425E-03
      34   2.8651275590551180E+01       52   1.9932031250000002E+00   5.1824099671767638E-03
      34   2.8651275590551180E+01       53   2.0321875000000000E+00   4.0875410120583206E-03
      34   2.8651275590551180E+01       54   2.0711718750000001E+00   3.2691778974327859E-03
      34   2.8651275590551180E+01       55   2.1101562500000002E+00   4.6944985887817665E-03
      34   2.8651275590551180E+01       56   2.1491406250000002E+00   3.1467051131214012E-03
      34   2.8651275590551180E+01       57   2.1881249999999999E+00   3.5491813239082732E-03
      34   2.8651275590551180E+01       58   2.2271093749999999E+00   1.8761630268890940E-03
      34   2.8651275590551180E+01       59   2.2660937500000000E+00   3.0399158971384432E-03
      34   2.8651275590551180E+01       60   2.3050781250000001E+00   2.4382102374522941E-03
      34   2.8651275590551180E+01       61   2.3440625000000002E+00   7.3402571156530004E-03
      34   2.8651275590551180E+01       62   2.3830468750000002E+00   5.5194212124641782E-03
      34   2.8651275590551180E+01       63   2.4220312500000003E+00   2.9035933951421689E-03
      34   2.8651275590551180E+01       64   2.4610156249999999E+00   7.6013887606788347E-03
 
      35   2.9519496062992122E+01        1   5.0000000000000001E-03   5.8106254102170158E+02
      35   2.9519496062992122E+01        2   4.3984374999999999E-02   5.0913851738253413E+01
      35   2.9519496062992122E+01        3   8.2968750000000008E-02   1.9794724766086713E+01
      35   2.9519496062992122E+01        4   1.2195312500000001E-01   1.2305235096828577E+01
      35   2.9519496062992122E+01        5   1.6093750000000001E-01   1.4332023899640841E+01
      35   2.9519496062992122E+01        6   1.9992187500000000E-01   1.4975383774308728E+01
      35   2.9519496062992122E+01        7   2.3890625000000001E-01   1.2720395922218277E+01
      35   2.9519496062992122E+01        8   2.7789062500000000E-01   1.2035770352088221E+01
      35   2.9519496062992122E+01        9   3.1687500000000002E-01   9.5261722270366516E+00
      35   2.9519496062992122E+01       10   3.5585937500000003E-01   7.1490376764109884E+00
      35   2.9519496062992122E+01       11   3.9484374999999999E-01   5.3082836279290619E+00
      35   2.9519496062992122E+01       12   4.3382812500000001E-01   2.3226326245546605E+00
      35   2.9519496062992122E+01       13   4.7281250000000002E-01   3.4037108873101394E+00
      35   2.9519496062992122E+01       14   5.1179687500000004E-01   3.0883631312879585E+00
      35   2.9519496062992122E+01       15   5.5078125000000000E-01   3.9249975286857928E+00
      35   2.9519496062992122E+01       16   5.8976562500000007E-01   5.6092511806859635E+00
      35   2.9519496062992122E+01       17   6.2875000000000003E-01   6.1394176939474301E+00
      35   2.9519496062992122E+01       18   6.6773437499999999E-01   5.6228583164616550E+00
      35   2.9519496062992122E+01       19   7.0671875000000006E-01   3.2683077464736425E+00
      35   2.9519496062992122E+01       20   7.4570312500000002E-01   9.5790717893664878E-01
      35   2.9519496062992122E+01       21   7.8468749999999998E-01   3.3516881558626310E-01
      35   2.9519496062992122E+01       22   8.2367187500000005E-01   1.7808029230199887E-01
      35   2.9519496062992122E+01       23   8.6265625000000001E-01   1.6194931604104995E-01
      35   2.9519496062992122E+01       24   9.0164062500000008E-01   3.5806757221350555E-01
      35   2.9519496062992122E+01       25   9.4062500000000004E-01   4.2454742318929001E-01
      35   2.9519496062992122E+01       26   9.7960937500000000E-01   2.4685433117074432E-01
      35   2.9519496062992122E+01       27   1.0185937500000000E+00   1.1366969205362062E-01
      35   2.9519496062992122E+01       28   1.0575781250000000E+00   1.3501842791685018E-01
      35   2.9519496062992122E+01       29   1.0965625000000001E+00   1.1308864407600126E-01
      35   2.9519496062992122E+01       30   1.1355468750000000E+00   1.0233613149145644E-01
      35   2.9519496062992122E+01       31   1.1745312500000000E+00   4.0736341284806195E-02
      35   2.9519496062992122E+01       32   1.2135156250000001E+00   4.7986913567483795E-02
      35   2.9519496062992122E+01       33   1.2524999999999999E+00   5.9389053403778251E-02
      35   2.9519496062992122E+01       34   1.2914843750000000E+00   4.6451547347216376E-02
      35   2.9519496062992122E+01       35   1.3304687500000001E+00   4.5377108603006720E-02
      35   2.9519496062992122E+01       36   1.3694531250000002E+00   3.0259872660710833E-02
      35   2.9519496062992122E+01       37   1.4084375000000000E+00   8.0709880331391749E-03
      35   2.9519496062992122E+01       38   1.4474218750000001E+00   1.4571291608261277E-02
      35   2.9519496062992122E+01       39   1.4864062500000002E+00   1.7587959051340221E-02
      35   2.9519496062992122E+01       40   1.5253906250000000E+00   6.9882699796495716E-03
      35   2.9519496062992122E+01       41   1.5643750000000001E+00   8.1951272130569037E-03
      35   2.9519496062992122E+01       42   1.6033593750000001E+00   6.1802660904522839E-03
      35   2.9519496062992122E+01       43   1.6423437500000000E+00   4.4580595427534172E-03
      35   2.9519496062992122E+01       44   1.6813281250000001E+00   1.0289080012809048E-02
      35   2.9519496062992122E+01       45   1.7203125000000001E+00   4.9057105995357923E-03
      35   2.9519496062992122E+01       46   1.7592968750000000E+00   1.8307397912028340E-03
      35   2.9519496062992122E+01       47   1.7982812500000001E+00   2.4323149292739170E-03
      35   2.9519496062992122E+01       48   1.8372656250000001E+00   1.5256992066343129E-03
      35   2.9519496062992122E+01       49   1.8762500000000000E+00   3.8502528266305316E-03
      35   2.9519496062992122E+01       50   1.9152343750000000E+00   4.6769529389310985E-03
      35   2.9519496062992122E+01       51   1.9542187500000001E+00   4.3313683711374007E-03
      35   2.9519496062992122E+01       52   1.9932031250000002E+00   5.7306595134040865E-03
      35   2.9519496062992122E+01       53   2.0321875000000000E+00   4.1681980877402523E-03
      35   2.9519496062992122E+01       54   2.0711718750000001E+00   3.0647842738166652E-03
      35   2.9519496062992122E+01       55   2.1101562500000002E+00   4.4400046945189363E-03
      35   2.9519496062992122E+01       56   2.1491406250000002E+00   3.1701140976107562E-03
      35   2.9519496062992122E+01       57   2.1881249999999999E+00   3.3557558362576861E-03
      35   2.9519496062992122E+01       58   2.2271093749999999E+00   2.0063192060818472E-03
      35   2.9519496062992122E+01       59   2.2660937500000000E+00   3.3813354531346167E-03
      35   2.9519496062992122E+01       60   2.3050781250000001E+00   2.6162056840350373E-03
      35   2.9519496062992122E+01       61   2.3440625000000002E+00   7.7133681963665697E-03
      35   2.9519496062992122E+01       62   2.3830468750000002E+00   5.3885926338592457E-03
      35   2.9519496062992122E+01       63   2.4220312500000003E+00   2.9761624056039836E-03
      35   2.9519496062992122E+01       64   2.4610156249999999E+00   7.3677524764520852E-03
 
      36   3.0387716535433068E+01        1   5.0000000000000001E-03   5.8529182627367118E+02
      36   3.0387716535433068E+01        2   4.3984374999999999E-02   5.0491977548458983E+01
      36   3.0387716535433068E+01        3   8.2968750000000008E-02   1.9229465571961516E+01
      36   3.0387716535433068E+01        4   1.2195312500000001E-01   1.1982890508988763E+01
      36   3.0387716535433068E+01        5   1.6093750000000001E-01   1.4148789209309371E+01
      36   3.0387716535433068E+01        6   1.9992187500000000E-01   1.5092164590058308E+01
      36   3.0387716535433068E+01        7   2.3890625000000001E-01   1.3424979342357410E+01
      36   3.0387716535433068E+01        8   2.7789062500000000E-01   1.2938114911477712E+01
      36   3.0387716535433068E+01        9   3.1687500000000002E-01   1.0131345786972938E+01
      36   3.0387716535433068E+01       10   3.5585937500000003E-01   7.2758457692130349E+00
      36   3.0387716535433068E+01       11   3.9484374999999999E-01   5.1725132235287878E+00
      36   3.0387716535433068E+01       12   4.3382812500000001E-01   2.2514878620913401E+00
      36   3.0387716535433068E+01       13   4.7281250000000002E-01   3.2704407120520647E+00
      36   3.0387716535433068E+01       14   5.1179687500000004E-01   2.7683407869284036E+00
      36   3.0387716535433068E+01       15   5.5078125000000000E-01   3.5126056904412208E+00
      36   3.0387716535433068E+01       16   5.8976562500000007E-01   5.1764613261649206E+00
      36   3.0387716535433068E+01       17   6.2875000000000003E-01   5.8056591043191377E+00
      36   3.0387716535433068E+01       18   6.6773437499999999E-01   5.4216795044092798E+00
      36   3.0387716535433068E+01       19   7.0671875000000006E-01   3.1721534532705085E+00
      36   3.0387716535433068E+01       20   7.4570312500000002E-01   9.5213798972731101E-01
      36   3.0387716535433068E+01       21   7.8468749999999998E-01   3.4348964285190303E-01
      36   3.0387716535433068E+01       22   8.2367187500000005E-01   1.7436373629417204E-01
      36   3.0387716535433068E+01       23   8.6265625000000001E-01   1.7687354105142503E-01
      36   3.0387716535433068E+01       24   9.0164062500000008E-01   4.1588210901558403E-01
      36   3.0387716535433068E+01       25   9.4062500000000004E-01   4.8487984287798158E-01
      36   3.0387716535433068E+01       26   9.7960937500000000E-01   2.8063405173631167E-01
      36   3.0387716535433068E+01       27   1.0185937500000000E+00   1.2331000088380964E-01
      36   3.0387716535433068E+01       28   1.0575781250000000E+00   1.1958967692007115E-01
      36   3.0387716535433068E+01       29   1.0965625000000001E+00   9.5964068619439222E-02
      36   3.0387716535433068E+01       30   1.1355468750000000E+00   9.2377792209483695E-02
      36   3.0387716535433068E+01       31   1.1745312500000000E+00   4.5687275963217297E-02
      36   3.0387716535433068E+01       32   1.2135156250000001E+00   6.2191682856129228E-02
      36   3.0387716535433068E+01       33   1.2524999999999999E+00   7.1193690447137498E-02
      36   3.0387716535433068E+01       34   1.2914843750000000E+00   4.8130169690312641E-02
      36   3.0387716535433068E+01       35   1.3304687500000001E+00   3.6075797103749307E-02
      36   3.0387716535433068E+01       36   1.3694531250000002E+00   2.4979511585339054E-02
      36   3.0387716535433068E+01       37   1.4084375000000000E+00   9.9490210792324077E-03
      36   3.0387716535433068E+01       38   1.4474218750000001E+00   2.0919448466480344E-02
      36   3.0387716535433068E+01       39   1.4864062500000002E+00   1.7505410278538146E-02
      36   3.0387716535433068E+01       40   1.5253906250000000E+00   5.8188480927409015E-03
      36   3.0387716535433068E+01       41   1.5643750000000001E+00   6.0120547934711561E-03
      36   3.0387716535433068E+01       42   1.6033593750000001E+00   7.4940863403872050E-03
      36   3.0387716535433068E+01       43   1.6423437500000000E+00   4.4808069038252563E-03
      36   3.0387716535433068E+01       44   1.6813281250000001E+00   8.9215415462800263E-03
      36   3.0387716535433068E+01       45   1.7203125000000001E+00   4.5100026501991445E-03
      36   3.0387716535433068E+01       46   1.7592968750000000E+00   1.7516844194105869E-03
      36   3.0387716535433068E+01       47   1.7982812500000001E+00   2.9078390190497259E-03
      36   3.0387716535433068E+01       48   1.8372656250000001E+00   1.7092868348497240E-03
      36   3.0387716535433068E+01       49   1.8762500000000000E+00   3.8103527596441314E-03
      36   3.0387716535433068E+01       50   1.9152343750000000E+00   6.0338863472570075E-03
      36   3.0387716535433068E+01       51   1.9542187500000001E+00   4.3486701186885206E-03
      36   3.0387716535433068E+01       52   1.9932031250000002E+00   5.2849598776188852E-03
      36   3.0387716535433068E+01       53   2.0321875000000000E+00   4.2488882306244494E-03
      36   3.0387716535433068E+01       54   2.0711718750000001E+00   3.1628287577866589E-03
      36   3.0387716535433068E+01       55   2.1101562500000002E+00   4.0866058296526826E-03
      36   3.0387716535433068E+01       56   2.1491406250000002E+00   3.1271513897922895E-03
      36   3.0387716535433068E+01       57   2.1881249999999999E+00   3.5294106476096761E-03
      36   3.0387716535433068E+01       58   2.2271093749999999E+00   2.1323910341292896E-03
      36   3.0387716535433068E+01       59   2.2660937500000000E+00   3.8873680744983593E-03
      36   3.0387716535433068E+01       60   2.3050781250000001E+00   2.7143089439459664E-03
      36   3.0387716535433068E+01       61   2.3440625000000002E+00   7.9117597649936647E-03
      36   3.0387716535433068E+01       62   2.3830468750000002E+00   5.4534528537915237E-03
      36   3.0387716535433068E+01       63   2.4220312500000003E+00   2.9872150718697013E-03
      36   3.0387716535433068E+01       64   2.4610156249999999E+00   7.1232273899453549E-03
 
      37   3.1255937007874014E+01        1   5.0000000000000001E-03   5.9522353427995495E+02
      37   3.1255937007874014E+01        2   4.3984374999999999E-02   5.0955824787604705E+01
      37   3.1255937007874014E+01        3   8.2968750000000008E-02   1.9122268227907810E+01
      37   3.1255937007874014E+01        4   1.2195312500000001E-01   1.1846001902281817E+01
      37   3.1255937007874014E+01        5   1.6093750000000001E-01   1.4157416965000436E+01
      37   3.1255937007874014E+01        6   1.9992187500000000E-01   1.5482269269318254E+01
      37   3.1255937007874014E+01        7   2.3890625000000001E-01   1.4230050452372719E+01
      37   3.1255937007874014E+01        8   2.7789062500000000E-01   1.3743523001889510E+01
      37   3.1255937007874014E+01        9   3.1687500000000002E-01   1.0560436556511632E+01
      37   3.1255937007874014E+01       10   3.5585937500000003E-01   7.3431030312574812E+00
      37   3.1255937007874014E+01       11   3.9484374999999999E-01   5.1790461335280673E+00
      37   3.1255937007874014E+01       12   4.3382812500000001E-01   2.2558183190015484E+00
      37   3.1255937007874014E+01       13   4.7281250000000002E-01   3.1182551598138155E+00
      37   3.1255937007874014E+01       14   5.1179687500000004E-01   2.5022401291326450E+00
      37   3.1255937007874014E+01       15   5.5078125000000000E-01   3.1764778393320747E+00
      37   3.1255937007874014E+01       16   5.8976562500000007E-01   4.8065706354316973E+00
      37   3.1255937007874014E+01       17   6.2875000000000003E-01   5.4680787224079452E+00
      37   3.1255937007874014E+01       18   6.6773437499999999E-01   5.0986625205289240E+00
      37   3.1255937007874014E+01       19   7.0671875000000006E-01   3.0340313064915327E+00
      37   3.1255937007874014E+01       20   7.4570312500000002E-01   9.3767021926925642E-01
      37   3.1255937007874014E+01       21   7.8468749999999998E-01   3.3879637989835260E-01
      37   3.1255937007874014E+01       22   8.2367187500000005E-01   1.6407695118525367E-01
      37   3.1255937007874014E+01       23   8.6265625000000001E-01   2.0104213150111774E-01
      37   3.1255937007874014E+01       24   9.0164062500000008E-01   4.6685532442970756E-01
      37   3.1255937007874014E+01       25   9.4062500000000004E-01   5.3564159900039543E-01
      37   3.1255937007874014E+01       26   9.7960937500000000E-01   3.1242707324236824E-01
      37   3.1255937007874014E+01       27   1.0185937500000000E+00   1.2970624991728547E-01
      37   3.1255937007874014E+01       28   1.0575781250000000E+00   9.8733584123249202E-02
      37   3.1255937007874014E+01       29   1.0965625000000001E+00   8.3194241774428954E-02
      37   3.1255937007874014E+01       30   1.1355468750000000E+00   9.0123113863938065E-02
      37   3.1255937007874014E+01       31   1.1745312500000000E+00   5.6528729825837960E-02
      37   3.1255937007874014E+01       32   1.2135156250000001E+00   7.4597260296927634E-02
      37   3.1255937007874014E+01       33   1.2524999999999999E+00   7.6247910166517843E-02
      37   3.1255937007874014E+01       34   1.2914843750000000E+00   4.2843828880812306E-02
      37   3.1255937007874014E+01       35   1.3304687500000001E+00   2.5119869550564642E-02
      37   3.1255937007874014E+01       36   1.3694531250000002E+00   2.6169094166752949E-02
      37   3.1255937007874014E+01       37   1.4084375000000000E+00   1.2101962524656453E-02
      37   3.1255937007874014E+01       38   1.4474218750000001E+00   2.4783264399502715E-02
      37   3.1255937007874014E+01       39   1.4864062500000002E+00   1.4913503616552023E-02
      37   3.1255937007874014E+01       40   1.5253906250000000E+00   5.3298406806365078E-03
      37   3.1255937007874014E+01       41   1.5643750000000001E+00   7.1899493551219364E-03
      37   3.1255937007874014E+01       42   1.6033593750000001E+00   7.1256984043890637E-03
      37   3.1255937007874014E+01       43   1.6423437500000000E+00   5.6171382380094184E-03
      37   3.1255937007874014E+01       44   1.6813281250000001E+00   6.1811238931463921E-03
      37   3.1255937007874014E+01       45   1.7203125000000001E+00   5.1062544263914692E-03
      37   3.1255937007874014E+01       46   1.7592968750000000E+00   1.5376446786883199E-03
      37   3.1255937007874014E+01       47   1.7982812500000001E+00   3.4331892568586330E-03
      37   3.1255937007874014E+01       48   1.8372656250000001E+00   1.6694360779166695E-03
      37   3.1255937007874014E+01       49   1.8762500000000000E+00   4.3252353295585707E-03
      37   3.1255937007874014E+01       50   1.9152343750000000E+00   6.2757397507292208E-03
      37   3.1255937007874014E+01       51   1.9542187500000001E+00   4.5362122231049672E-03
      37   3.1255937007874014E+01       52   1.9932031250000002E+00   4.4706932205805733E-03
      37   3.1255937007874014E+01       53   2.0321875000000000E+00   4.2016360034031397E-03
      37   3.1255937007874014E+01       54   2.0711718750000001E+00   3.0451387498987414E-03
      37   3.1255937007874014E+01       55   2.1101562500000002E+00   4.0850076346764172E-03
      37   3.1255937007874014E+01       56   2.1491406250000002E+00   3.0931999350523776E-03
      37   3.1255937007874014E+01       57   2.1881249999999999E+00   3.8049174797321478E-03
      37   3.1255937007874014E+01       58   2.2271093749999999E+00   2.2762161020463902E-03
      37   3.1255937007874014E+01       59   2.2660937500000000E+00   4.1602420537675076E-03
      37   3.1255937007874014E+01       60   2.3050781250000001E+00   2.7236460983971894E-03
      37   3.1255937007874014E+01       61   2.3440625000000002E+00   7.9654490625206981E-03
      37   3.1255937007874014E+01       62   2.3830468750000002E+00   5.6127202545838651E-03
      37   3.1255937007874014E+01       63   2.4220312500000003E+00   2.8728437611666960E-03
      37   3.1255937007874014E+01       64   2.4610156249999999E+00   6.7774367499958740E-03
 
      38   3.2124157480314963E+01        1   5.0000000000000001E-03   6.0563468713316399E+02
      38   3.2124157480314963E+01        2   4.3984374999999999E-02   5.1997031329645282E+01
      38   3.2124157480314963E+01        3   8.2968750000000008E-02   1.9531528951987063E+01
      38   3.2124157480314963E+01        4   1.2195312500000001E-01   1.2021308588723336E+01
      38   3.2124157480314963E+01        5   1.6093750000000001E-01   1.4431497491293703E+01
      38   3.2124157480314963E+01        6   1.9992187500000000E-01   1.6095318663215576E+01
      38   3.2124157480314963E+01        7   2.3890625000000001E-01   1.4982854760357007E+01
      38   3.2124157480314963E+01        8   2.7789062500000000E-01   1.4285083361965238E+01
      38   3.2124157480314963E+01        9   3.1687500000000002E-01   1.0767536682801392E+01
      38   3.2124157480314963E+01       10   3.5585937500000003E-01   7.4260747318169598E+00
      38   3.2124157480314963E+01       11   3.9484374999999999E-01   5.3324852323828598E+00
      38   3.2124157480314963E+01       12   4.3382812500000001E-01   2.2946888685293265E+00
      38   3.2124157480314963E+01       13   4.7281250000000002E-01   2.9422311424810581E+00
      38   3.2124157480314963E+01       14   5.1179687500000004E-01   2.3153389256694492E+00
      38   3.2124157480314963E+01       15   5.5078125000000000E-01   2.9919732764845794E+00
      38   3.2124157480314963E+01       16   5.8976562500000007E-01   4.5421232452431903E+00
      38   3.2124157480314963E+01       17   6.2875000000000003E-01   5.1279341807110486E+00
      38   3.2124157480314963E+01       18   6.6773437499999999E-01   4.7478915039674785E+00
      38   3.2124157480314963E+01       19   7.0671875000000006E-01   2.8882443252594756E+00
      38   3.2124157480314963E+01       20   7.4570312500000002E-01   8.9827008653118934E-01
      38   3.2124157480314963E+01       21   7.8468749999999998E-01   3.1232990103097985E-01
      38   3.2124157480314963E+01       22   8.2367187500000005E-01   1.6217421559814055E-01
      38   3.2124157480314963E+01       23   8.6265625000000001E-01   2.2597304911893346E-01
      38   3.2124157480314963E+01       24   9.0164062500000008E-01   4.9361800921131227E-01
      38   3.2124157480314963E+01       25   9.4062500000000004E-01   5.6751794228074914E-01
      38   3.2124157480314963E+01       26   9.7960937500000000E-01   3.2634374033438890E-01
      38   3.2124157480314963E+01       27   1.0185937500000000E+00   1.2993384169853206E-01
      38   3.2124157480314963E+01       28   1.0575781250000000E+00   8.0354441391928683E-02
      38   3.2124157480314963E+01       29   1.0965625000000001E+00   7.5146485645949265E-02
      38   3.2124157480314963E+01       30   1.1355468750000000E+00   9.5905954992544729E-02
      38   3.2124157480314963E+01       31   1.1745312500000000E+00   6.7387177701466378E-02
      38   3.2124157480314963E+01       32   1.2135156250000001E+00   7.9664910437894795E-02
      38   3.2124157480314963E+01       33   1.2524999999999999E+00   7.1577941481112337E-02
      38   3.2124157480314963E+01       34   1.2914843750000000E+00   3.3734397677539378E-02
      38   3.2124157480314963E+01       35   1.3304687500000001E+00   1.7746173322385907E-02
      38   3.2124157480314963E+01       36   1.3694531250000002E+00   3.4407811264628343E-02
      38   3.2124157480314963E+01       37   1.4084375000000000E+00   1.3529664284521533E-02
      38   3.2124157480314963E+01       38   1.4474218750000001E+00   2.4070784952769247E-02
      38   3.2124157480314963E+01       39   1.4864062500000002E+00   1.2127402907945834E-02
      38   3.2124157480314963E+01       40   1.5253906250000000E+00   5.6423531050031044E-03
      38   3.2124157480314963E+01       41   1.5643750000000001E+00   1.0565419600739324E-02
      38   3.2124157480314963E+01       42   1.6033593750000001E+00   5.5651508407204989E-03
      38   3.2124157480314963E+01       43   1.6423437500000000E+00   6.7737326486029597E-03
      38   3.2124157480314963E+01       44   1.6813281250000001E+00   4.8694999028217707E-03
      38   3.2124157480314963E+01       45   1.7203125000000001E+00   5.9075570201225789E-03
      38   3.2124157480314963E+01       46   1.7592968750000000E+00   1.4201360323385709E-03
      38   3.2124157480314963E+01       47   1.7982812500000001E+00   3.3654352102033638E-03
      38   3.2124157480314963E+01       48   1.8372656250000001E+00   1.5140777765416786E-03
      38   3.2124157480314963E+01       49   1.8762500000000000E+00   4.8668376453760934E-03
      38   3.2124157480314963E+01       50   1.9152343750000000E+00   5.5654064324565412E-03
      38   3.2124157480314963E+01       51   1.9542187500000001E+00   4.7998357530931396E-03
      38   3.2124157480314963E+01       52   1.9932031250000002E+00   4.1328729931478271E-03
      38   3.2124157480314963E+01       53   2.0321875000000000E+00   4.0481578953947489E-03
      38   3.2124157480314963E+01       54   2.0711718750000001E+00   2.7052329121913083E-03
      38   3.2124157480314963E+01       55   2.1101562500000002E+00   4.3226461210719097E-03
      38   3.2124157480314963E+01       56   2.1491406250000002E+00   3.0427684419380057E-03
      38   3.2124157480314963E+01       57   2.1881249999999999E+00   3.8688778531757685E-03
      38   3.2124157480314963E+01       58   2.2271093749999999E+00   2.4113167791829635E-03
      38   3.2124157480314963E+01       59   2.2660937500000000E+00   3.9973607734260569E-03
      38   3.2124157480314963E+01       60   2.3050781250000001E+00   2.6200173139523408E-03
      38   3.2124157480314963E+01       61   2.3440625000000002E+00   7.8115652915496797E-03
      38   3.2124157480314963E+01       62   2.3830468750000002E+00   5.8201630853322089E-03
      38   3.2124157480314963E+01       63   2.4220312500000003E+00   2.7455224114166835E-03
      38   3.2124157480314963E+01       64   2.4610156249999999E+00   6.4262873227696176E-03
 
      39   3.2992377952755909E+01        1   5.0000000000000001E-03   6.1624058799902593E+02
      39   3.2992377952755909E+01        2   4.3984374999999999E-02   5.3572928707674464E+01
      39   3.2992377952755909E+01        3   8.2968750000000008E-02   2.0414651752179932E+01
      39   3.2992377952755909E+01        4   1.2195312500000001E-01   1.2518528807550627E+01
      39   3.2992377952755909E+01        5   1.6093750000000001E-01   1.4938034972229410E+01
      39   3.2992377952755909E+01        6   1.9992187500000000E-01   1.6802972216554057E+01
      39   3.2992377952755909E+01        7   2.3890625000000001E-01   1.5578786190471144E+01
      39   3.2992377952755909E+01        8   2.7789062500000000E-01   1.4506442922470075E+01
      39   3.2992377952755909E+01        9   3.1687500000000002E-01   1.0816090448766380E+01
      39   3.2992377952755909E+01       10   3.5585937500000003E-01   7.5986258921742609E+00
      39   3.2992377952755909E+01       11   3.9484374999999999E-01   5.5620275736911537E+00
      39   3.2992377952755909E+01       12   4.3382812500000001E-01   2.3218753089929818E+00
      39   3.2992377952755909E+01       13   4.7281250000000002E-01   2.7858172223610764E+00
      39   3.2992377952755909E+01       14   5.1179687500000004E-01   2.2338852734821137E+00
      39   3.2992377952755909E+01       15   5.5078125000000000E-01   2.9705294356672272E+00
      39   3.2992377952755909E+01       16   5.8976562500000007E-01   4.3897883986640762E+00
      39   3.2992377952755909E+01       17   6.2875000000000003E-01   4.8378811175339695E+00
      39   3.2992377952755909E+01       18   6.6773437499999999E-01   4.4909838571284313E+00
      39   3.2992377952755909E+01       19   7.0671875000000006E-01   2.7485296299084734E+00
      39   3.2992377952755909E+01       20   7.4570312500000002E-01   8.3143776009372772E-01
      39   3.2992377952755909E+01       21   7.8468749999999998E-01   2.7941859203124758E-01
      39   3.2992377952755909E+01       22   8.2367187500000005E-01   1.7482606150397975E-01
      39   3.2992377952755909E+01       23   8.6265625000000001E-01   2.4313279734929466E-01
      39   3.2992377952755909E+01       24   9.0164062500000008E-01   4.9310060092845104E-01
      39   3.2992377952755909E+01       25   9.4062500000000004E-01   5.7290664275010417E-01
      39   3.2992377952755909E+01       26   9.7960937500000000E-01   3.1158675087595133E-01
      39   3.2992377952755909E+01       27   1.0185937500000000E+00   1.2014909342722174E-01
      39   3.2992377952755909E+01       28   1.0575781250000000E+00   7.0867181837091578E-02
      39   3.2992377952755909E+01       29   1.0965625000000001E+00   7.3992963163430486E-02
      39   3.2992377952755909E+01       30   1.1355468750000000E+00   1.0916871556564493E-01
      39   3.2992377952755909E+01       31   1.1745312500000000E+00   7.4510131624465584E-02
      39   3.2992377952755909E+01       32   1.2135156250000001E+00   7.5880382725066475E-02
      39   3.2992377952755909E+01       33   1.2524999999999999E+00   5.8957621377808522E-02
      39   3.2992377952755909E+01       34   1.2914843750000000E+00   2.4940524589438552E-02
      39   3.2992377952755909E+01       35   1.3304687500000001E+00   1.7182273159584455E-02
      39   3.2992377952755909E+01       36   1.3694531250000002E+00   4.6100325445384366E-02
      39   3.2992377952755909E+01       37   1.4084375000000000E+00   1.3675559340036478E-02
      39   3.2992377952755909E+01       38   1.4474218750000001E+00   2.0210071381271656E-02
      39   3.2992377952755909E+01       39   1.4864062500000002E+00   1.0837466503158083E-02
      39   3.2992377952755909E+01       40   1.5253906250000000E+00   6.4178117668135795E-03
      39   3.2992377952755909E+01       41   1.5643750000000001E+00   1.3194143074210928E-02
      39   3.2992377952755909E+01       42   1.6033593750000001E+00   4.2077597692723213E-03
      39   3.2992377952755909E+01       43   1.6423437500000000E+00   7.2670552960442045E-03
      39   3.2992377952755909E+01       44   1.6813281250000001E+00   6.3963789521762106E-03
      39   3.2992377952755909E+01       45   1.7203125000000001E+00   5.8894443925428929E-03
      39   3.2992377952755909E+01       46   1.7592968750000000E+00   1.4307518747735330E-03
      39   3.2992377952755909E+01       47   1.7982812500000001E+00   2.9187987836109376E-03
      39   3.2992377952755909E+01       48   1.8372656250000001E+00   1.5729912656376253E-03
      39   3.2992377952755909E+01       49   1.8762500000000000E+00   4.7784455596997042E-03
      39   3.2992377952755909E+01       50   1.9152343750000000E+00   5.2171086430470026E-03
      39   3.2992377952755909E+01       51   1.9542187500000001E+00   4.7588049607171657E-03
      39   3.2992377952755909E+01       52   1.9932031250000002E+00   4.3135027120775127E-03
      39   3.2992377952755909E+01       53   2.0321875000000000E+00   3.9488658906504347E-03
      39   3.2992377952755909E+01       54   2.0711718750000001E+00   2.5508064515704274E-03
      39   3.2992377952755909E+01       55   2.1101562500000002E+00   4.4264656921038162E-03
      39   3.2992377952755909E+01       56   2.1491406250000002E+00   2.9660802070380051E-03
      39   3.2992377952755909E+01       57   2.1881249999999999E+00   3.8002173785407515E-03
      39   3.2992377952755909E+01       58   2.2271093749999999E+00   2.5030524962063646E-03
      39   3.2992377952755909E+01       59   2.2660937500000000E+00   3.6865128917869666E-03
      39   3.2992377952755909E+01       60   2.3050781250000001E+00   2.5018255789102288E-03
      39   3.2992377952755909E+01       61   2.3440625000000002E+00   7.4658003638723679E-03
      39   3.2992377952755909E+01       62   2.3830468750000002E+00   5.9767808509533773E-03
      39   3.2992377952755909E+01       63   2.4220312500000003E+00   2.7522335573340042E-03
      39   3.2992377952755909E+01       64   2.4610156249999999E+00   6.2726987142701701E-03
 
      40   3.3860598425196855E+01        1   5.0000000000000001E-03   6.2765102642067745E+02
      40   3.3860598425196855E+01        2   4.3984374999999999E-02   5.5600672308193303E+01
      40   3.3860598425196855E+01        3   8.2968750000000008E-02   2.1588302376542646E+01
      40   3.3860598425196855E+01        4   1.2195312500000001E-01   1.3194831297371518E+01
      40   3.3860598425196855E+01        5   1.6093750000000001E-01   1.5516875381878263E+01
      40   3.3860598425196855E+01        6   1.9992187500000000E-01   1.7443612419485952E+01
      40   3.3860598425196855E+01        7   2.3890625000000001E-01   1.5948007909736910E+01
      40   3.3860598425196855E+01        8   2.7789062500000000E-01   1.4447990538320541E+01
      40   3.3860598425196855E+01        9   3.1687500000000002E-01   1.0804263447491724E+01
      40   3.3860598425196855E+01       10   3.5585937500000003E-01   7.8636323441058336E+00
      40   3.3860598425196855E+01       11   3.9484374999999999E-01   5.7611762757460969E+00
      40   3.3860598425196855E+01       12   4.3382812500000001E-01   2.3137721457686498E+00
      40   3.3860598425196855E+01       13   4.7281250000000002E-01   2.7264405038917126E+00
      40   3.3860598425196855E+01       14   5.1179687500000004E-01   2.2830669194599293E+00
      40   3.3860598425196855E+01       15   5.5078125000000000E-01   3.0636550850368169E+00
      40   3.3860598425196855E+01       16   5.8976562500000007E-01   4.3457719481911354E+00
      40   3.3860598425196855E+01       17   6.2875000000000003E-01   4.6920438243942932E+00
      40   3.3860598425196855E+01       18   6.6773437499999999E-01   4.4016833504390718E+00
      40   3.3860598425196855E+01       19   7.0671875000000006E-01   2.6268581567946776E+00
      40   3.3860598425196855E+01       20   7.4570312500000002E-01   7.5876734950042579E-01
      40   3.3860598425196855E+01       21   7.8468749999999998E-01   2.6174635281761416E-01
      40   3.3860598425196855E+01       22   8.2367187500000005E-01   1.9247777409283451E-01
      40   3.3860598425196855E+01       23   8.6265625000000001E-01   2.5226801135141658E-01
      40   3.3860598425196855E+01       24   9.0164062500000008E-01   4.7691630062519585E-01
      40   3.3860598425196855E+01       25   9.4062500000000004E-01   5.4868979887057912E-01
      40   3.3860598425196855E+01       26   9.7960937500000000E-01   2.7459092837848614E-01
      40   3.3860598425196855E+01       27   1.0185937500000000E+00   1.0022021791625860E-01
      40   3.3860598425196855E+01       28   1.0575781250000000E+00   7.1678782708885239E-02
      40   3.3860598425196855E+01       29   1.0965625000000001E+00   8.3281738659874371E-02
      40   3.3860598425196855E+01       30   1.1355468750000000E+00   1.2607362139335204E-01
      40   3.3860598425196855E+01       31   1.1745312500000000E+00   7.7623957630905710E-02
      40   3.3860598425196855E+01       32   1.2135156250000001E+00   6.6082730878231216E-02
      40   3.3860598425196855E+01       33   1.2524999999999999E+00   4.5271055137318633E-02
      40   3.3860598425196855E+01       34   1.2914843750000000E+00   1.9752593943955964E-02
      40   3.3860598425196855E+01       35   1.3304687500000001E+00   2.3492921886986685E-02
      40   3.3860598425196855E+01       36   1.3694531250000002E+00   5.5143899161646241E-02
      40   3.3860598425196855E+01       37   1.4084375000000000E+00   1.2521369400875636E-02
      40   3.3860598425196855E+01       38   1.4474218750000001E+00   1.5894384258940252E-02
      40   3.3860598425196855E+01       39   1.4864062500000002E+00   1.1236808342357442E-02
      40   3.3860598425196855E+01       40   1.5253906250000000E+00   6.8931536199355985E-03
      40   3.3860598425196855E+01       41   1.5643750000000001E+00   1.3213456635207713E-02
      40   3.3860598425196855E+01       42   1.6033593750000001E+00   4.1282500040620328E-03
      40   3.3860598425196855E+01       43   1.6423437500000000E+00   7.1192615397856554E-03
      40   3.3860598425196855E+01       44   1.6813281250000001E+00   9.5541973231713598E-03
      40   3.3860598425196855E+01       45   1.7203125000000001E+00   4.8034488259420206E-03
      40   3.3860598425196855E+01       46   1.7592968750000000E+00   1.6400597814175393E-03
      40   3.3860598425196855E+01       47   1.7982812500000001E+00   2.6795978467781117E-03
      40   3.3860598425196855E+01       48   1.8372656250000001E+00   1.9353094172182706E-03
      40   3.3860598425196855E+01       49   1.8762500000000000E+00   4.0887131171824936E-03
      40   3.3860598425196855E+01       50   1.9152343750000000E+00   5.7402507907566161E-03
      40   3.3860598425196855E+01       51   1.9542187500000001E+00   4.4333990545013958E-03
      40   3.3860598425196855E+01       52   1.9932031250000002E+00   4.6733079556553645E-03
      40   3.3860598425196855E+01       53   2.0321875000000000E+00   4.0296732967005193E-03
      40   3.3860598425196855E+01       54   2.0711718750000001E+00   2.7522242299180635E-03
      40   3.3860598425196855E+01       55   2.1101562500000002E+00   4.3517710176961891E-03
      40   3.3860598425196855E+01       56   2.1491406250000002E+00   2.8456948039954208E-03
      40   3.3860598425196855E+01       57   2.1881249999999999E+00   3.7048029187401448E-03
      40   3.3860598425196855E+01       58   2.2271093749999999E+00   2.4702100196915024E-03
      40   3.3860598425196855E+01       59   2.2660937500000000E+00   3.4788370798017505E-03
      40   3.3860598425196855E+01       60   2.3050781250000001E+00   2.4041776753631365E-03
      40   3.3860598425196855E+01       61   2.3440625000000002E+00   6.8868149403602721E-03
      40   3.3860598425196855E+01       62   2.3830468750000002E+00   5.9761169261947503E-03
      40   3.3860598425196855E+01       63   2.4220312500000003E+00   2.8141030281414996E-03
      40   3.3860598425196855E+01       64   2.4610156249999999E+00   6.2139933237613885E-03
 
      41   3.4728818897637794E+01        1   5.0000000000000001E-03   6.3900253204262015E+02
      41   3.4728818897637794E+01        2   4.3984374999999999E-02   5.7771184518184889E+01
      41   3.4728818897637794E+01        3   8.2968750000000008E-02   2.2778519300115644E+01
      41   3.4728818897637794E+01        4   1.2195312500000001E-01   1.3823348119509516E+01
      41   3.4728818897637794E+01        5   1.6093750000000001E-01   1.5958139680288900E+01
      41   3.4728818897637794E+01        6   1.9992187500000000E-01   1.7837319386612421E+01
      41   3.4728818897637794E+01        7   2.3890625000000001E-01   1.5997329828078595E+01
      41   3.4728818897637794E+01        8   2.7789062500000000E-01   1.4199170771601363E+01
      41   3.4728818897637794E+01        9   3.1687500000000002E-01   1.0802317146494824E+01
      41   3.4728818897637794E+01       10   3.5585937500000003E-01   8.1194125241569086E+00
      41   3.4728818897637794E+01       11   3.9484374999999999E-01   5.8508486275375784E+00
      41   3.4728818897637794E+01       12   4.3382812500000001E-01   2.2915922103943860E+00
      41   3.4728818897637794E+01       13   4.7281250000000002E-01   2.8286628455508831E+00
      41   3.4728818897637794E+01       14   5.1179687500000004E-01   2.4601840019851009E+00
      41   3.4728818897637794E+01       15   5.5078125000000000E-01   3.2131429824698801E+00
      41   3.4728818897637794E+01       16   5.8976562500000007E-01   4.4208490736593173E+00
      41   3.4728818897637794E+01       17   6.2875000000000003E-01   4.7552805447248314E+00
      41   3.4728818897637794E+01       18   6.6773437499999999E-01   4.4801523248569808E+00
      41   3.4728818897637794E+01       19   7.0671875000000006E-01   2.5579485033225988E+00
      41   3.4728818897637794E+01       20   7.4570312500000002E-01   7.1242640799648149E-01
      41   3.4728818897637794E+01       21   7.8468749999999998E-01   2.6271189288150010E-01
      41   3.4728818897637794E+01       22   8.2367187500000005E-01   2.0325924403386714E-01
      41   3.4728818897637794E+01       23   8.6265625000000001E-01   2.5891393620185538E-01
      41   3.4728818897637794E+01       24   9.0164062500000008E-01   4.5580000404675702E-01
      41   3.4728818897637794E+01       25   9.4062500000000004E-01   5.0186331220062130E-01
      41   3.4728818897637794E+01       26   9.7960937500000000E-01   2.3241984093488760E-01
      41   3.4728818897637794E+01       27   1.0185937500000000E+00   7.7232691110467822E-02
      41   3.4728818897637794E+01       28   1.0575781250000000E+00   8.1581489938973767E-02
      41   3.4728818897637794E+01       29   1.0965625000000001E+00   1.0359734836537736E-01
      41   3.4728818897637794E+01       30   1.1355468750000000E+00   1.4089600992015591E-01
      41   3.4728818897637794E+01       31   1.1745312500000000E+00   7.7409745161704652E-02
      41   3.4728818897637794E+01       32   1.2135156250000001E+00   5.5069951477495827E-02
      41   3.4728818897637794E+01       33   1.2524999999999999E+00   3.7913681609583166E-02
      41   3.4728818897637794E+01       34   1.2914843750000000E+00   1.9911516156721473E-02
      41   3.4728818897637794E+01       35   1.3304687500000001E+00   3.3397356453454118E-02
      41   3.4728818897637794E+01       36   1.3694531250000002E+00   5.5805154168344931E-02
      41   3.4728818897637794E+01       37   1.4084375000000000E+00   1.0568403829005852E-02
      41   3.4728818897637794E+01       38   1.4474218750000001E+00   1.3313968070336073E-02
      41   3.4728818897637794E+01       39   1.4864062500000002E+00   1.2549091100298287E-02
      41   3.4728818897637794E+01       40   1.5253906250000000E+00   6.7155680265371769E-03
      41   3.4728818897637794E+01       41   1.5643750000000001E+00   1.1053781235360880E-02
      41   3.4728818897637794E+01       42   1.6033593750000001E+00   5.4032586559351311E-03
      41   3.4728818897637794E+01       43   1.6423437500000000E+00   6.9221664065436117E-03
      41   3.4728818897637794E+01       44   1.6813281250000001E+00   1.1604986580034253E-02
      41   3.4728818897637794E+01       45   1.7203125000000001E+00   3.7144048969514113E-03
      41   3.4728818897637794E+01       46   1.7592968750000000E+00   1.9893401896701603E-03
      41   3.4728818897637794E+01       47   1.7982812500000001E+00   2.8966336503037948E-03
      41   3.4728818897637794E+01       48   1.8372656250000001E+00   2.2593155278700342E-03
      41   3.4728818897637794E+01       49   1.8762500000000000E+00   3.4746556868341266E-03
      41   3.4728818897637794E+01       50   1.9152343750000000E+00   6.4346950350212305E-03
      41   3.4728818897637794E+01       51   1.9542187500000001E+00   4.2756233943850204E-03
      41   3.4728818897637794E+01       52   1.9932031250000002E+00   4.8965930164212189E-03
      41   3.4728818897637794E+01       53   2.0321875000000000E+00   4.2267038199869898E-03
      41   3.4728818897637794E+01       54   2.0711718750000001E+00   3.0335898745818555E-03
      41   3.4728818897637794E+01       55   2.1101562500000002E+00   4.3506858647546966E-03
      41   3.4728818897637794E+01       56   2.1491406250000002E+00   2.6813599367749930E-03
      41   3.4728818897637794E+01       57   2.1881249999999999E+00   3.6320526149122572E-03
      41   3.4728818897637794E+01       58   2.2271093749999999E+00   2.3390410455047727E-03
      41   3.4728818897637794E+01       59   2.2660937500000000E+00   3.4322337186578635E-03
      41   3.4728818897637794E+01       60   2.3050781250000001E+00   2.3249321474194530E-03
      41   3.4728818897637794E+01       61   2.3440625000000002E+00   6.3396056607123181E-03
      41   3.4728818897637794E+01       62   2.3830468750000002E+00   5.9439500581643812E-03
      41   3.4728818897637794E+01       63   2.4220312500000003E+00   2.8471654519033802E-03
      41   3.4728818897637794E+01       64   2.4610156249999999E+00   6.1228713833166061E-03
 
      42   3.5597039370078740E+01        1   5.0000000000000001E-03   6.4874543538969476E+02
      42   3.5597039370078740E+01        2   4.3984374999999999E-02   5.9650863431279696E+01
      42   3.5597039370078740E+01        3   8.2968750000000008E-02   2.3737554085547011E+01
      42   3.5597039370078740E+01        4   1.2195312500000001E-01   1.4235471537739858E+01
      42   3.5597039370078740E+01        5   1.6093750000000001E-01   1.6139564499029451E+01
      42   3.5597039370078740E+01        6   1.9992187500000000E-01   1.7843838589930190E+01
      42   3.5597039370078740E+01        7   2.3890625000000001E-01   1.5641019807114493E+01
      42   3.5597039370078740E+01        8   2.7789062500000000E-01   1.3864875010908031E+01
      42   3.5597039370078740E+01        9   3.1687500000000002E-01   1.0836807720947242E+01
      42   3.5597039370078740E+01       10   3.5585937500000003E-01   8.2179169451774747E+00
      42   3.5597039370078740E+01       11   3.9484374999999999E-01   5.8268750383715169E+00
      42   3.5597039370078740E+01       12   4.3382812500000001E-01   2.3089728137707031E+00
      42   3.5597039370078740E+01       13   4.7281250000000002E-01   3.0849683506149899E+00
      42   3.5597039370078740E+01       14   5.1179687500000004E-01   2.7202636976198113E+00
      42   3.5597039370078740E+01       15   5.5078125000000000E-01   3.3959769157089963E+00
      42   3.5597039370078740E+01       16   5.8976562500000007E-01   4.6352620950790895E+00
      42   3.5597039370078740E+01       17   6.2875000000000003E-01   5.0139457072791469E+00
      42   3.5597039370078740E+01       18   6.6773437499999999E-01   4.6741002326357242E+00
      42   3.5597039370078740E+01       19   7.0671875000000006E-01   2.5898545593993081E+00
      42   3.5597039370078740E+01       20   7.4570312500000002E-01   7.1110983566544228E-01
      42   3.5597039370078740E+01       21   7.8468749999999998E-01   2.6947346989996696E-01
      42   3.5597039370078740E+01       22   8.2367187500000005E-01   2.0714793913977539E-01
      42   3.5597039370078740E+01       23   8.6265625000000001E-01   2.6388694791602102E-01
      42   3.5597039370078740E+01       24   9.0164062500000008E-01   4.2848327710970474E-01
      42   3.5597039370078740E+01       25   9.4062500000000004E-01   4.4766055905194152E-01
      42   3.5597039370078740E+01       26   9.7960937500000000E-01   1.9732015839627262E-01
      42   3.5597039370078740E+01       27   1.0185937500000000E+00   6.1702105108878920E-02
      42   3.5597039370078740E+01       28   1.0575781250000000E+00   9.9422262158236241E-02
      42   3.5597039370078740E+01       29   1.0965625000000001E+00   1.2947060335255992E-01
      42   3.5597039370078740E+01       30   1.1355468750000000E+00   1.5029998389256469E-01
      42   3.5597039370078740E+01       31   1.1745312500000000E+00   7.3572053598842349E-02
      42   3.5597039370078740E+01       32   1.2135156250000001E+00   4.6032046534489550E-02
      42   3.5597039370078740E+01       33   1.2524999999999999E+00   3.9395970327576815E-02
      42   3.5597039370078740E+01       34   1.2914843750000000E+00   2.4718970516900578E-02
      42   3.5597039370078740E+01       35   1.3304687500000001E+00   4.1682776873454626E-02
      42   3.5597039370078740E+01       36   1.3694531250000002E+00   4.7051335124075229E-02
      42   3.5597039370078740E+01       37   1.4084375000000000E+00   8.7840102194590777E-03
      42   3.5597039370078740E+01       38   1.4474218750000001E+00   1.3772317514108359E-02
      42   3.5597039370078740E+01       39   1.4864062500000002E+00   1.3974928887717593E-02
      42   3.5597039370078740E+01       40   1.5253906250000000E+00   6.0517307055324232E-03
      42   3.5597039370078740E+01       41   1.5643750000000001E+00   8.5476521504503460E-03
      42   3.5597039370078740E+01       42   1.6033593750000001E+00   6.9981968937277185E-03
      42   3.5597039370078740E+01       43   1.6423437500000000E+00   7.2750011724316199E-03
      42   3.5597039370078740E+01       44   1.6813281250000001E+00   1.1054306810314118E-02
      42   3.5597039370078740E+01       45   1.7203125000000001E+00   3.9789990316837767E-03
      42   3.5597039370078740E+01       46   1.7592968750000000E+00   2.1262915324946467E-03
      42   3.5597039370078740E+01       47   1.7982812500000001E+00   3.2383923530431022E-03
      42   3.5597039370078740E+01       48   1.8372656250000001E+00   2.1996157199501249E-03
      42   3.5597039370078740E+01       49   1.8762500000000000E+00   3.4109388811958841E-03
      42   3.5597039370078740E+01       50   1.9152343750000000E+00   6.3929384721055334E-03
      42   3.5597039370078740E+01       51   1.9542187500000001E+00   4.5269813332143721E-03
      42   3.5597039370078740E+01       52   1.9932031250000002E+00   4.8348638042274910E-03
      42   3.5597039370078740E+01       53   2.0321875000000000E+00   4.2038754808231982E-03
      42   3.5597039370078740E+01       54   2.0711718750000001E+00   2.9337526598034206E-03
      42   3.5597039370078740E+01       55   2.1101562500000002E+00   4.3524394428812070E-03
      42   3.5597039370078740E+01       56   2.1491406250000002E+00   2.5156950691896571E-03
      42   3.5597039370078740E+01       57   2.1881249999999999E+00   3.6408930024860475E-03
      42   3.5597039370078740E+01       58   2.2271093749999999E+00   2.1744509892616575E-03
      42   3.5597039370078740E+01       59   2.2660937500000000E+00   3.4696018761990579E-03
      42   3.5597039370078740E+01       60   2.3050781250000001E+00   2.2519340697175119E-03
      42   3.5597039370078740E+01       61   2.3440625000000002E+00   6.0682964993919609E-03
      42   3.5597039370078740E+01       62   2.3830468750000002E+00   5.9592712859570371E-03
      42   3.5597039370078740E+01       63   2.4220312500000003E+00   2.9069593711213483E-03
      42   3.5597039370078740E+01       64   2.4610156249999999E+00   6.0638429202977658E-03
 
      43   3.6465259842519686E+01        1   5.0000000000000001E-03   6.5525643029559672E+02
      43   3.6465259842519686E+01        2   4.3984374999999999E-02   6.0825874143127251E+01
      43   3.6465259842519686E+01        3   8.2968750000000008E-02   2.4314874527351350E+01
      43   3.6465259842519686E+01        4   1.2195312500000001E-01   1.4395348484597207E+01
      43   3.6465259842519686E+01        5   1.6093750000000001E-01   1.6073535362369171E+01
      43   3.6465259842519686E+01        6   1.9992187500000000E-01   1.7425597852311739E+01
      43   3.6465259842519686E+01        7   2.3890625000000001E-01   1.4894759517106387E+01
      43   3.6465259842519686E+01        8   2.7789062500000000E-01   1.3521925079740031E+01
      43   3.6465259842519686E+01        9   3.1687500000000002E-01   1.0867365771710295E+01
      43   3.6465259842519686E+01       10   3.5585937500000003E-01   8.0671444530317871E+00
      43   3.6465259842519686E+01       11   3.9484374999999999E-01   5.7452831336740644E+00
      43   3.6465259842519686E+01       12   4.3382812500000001E-01   2.4011003699806821E+00
      43   3.6465259842519686E+01       13   4.7281250000000002E-01   3.4048733562378439E+00
      43   3.6465259842519686E+01       14   5.1179687500000004E-01   2.9972493883974560E+00
      43   3.6465259842519686E+01       15   5.5078125000000000E-01   3.6237132761473605E+00
      43   3.6465259842519686E+01       16   5.8976562500000007E-01   4.9953499765027178E+00
      43   3.6465259842519686E+01       17   6.2875000000000003E-01   5.3861654286870486E+00
      43   3.6465259842519686E+01       18   6.6773437499999999E-01   4.9267853688749303E+00
      43   3.6465259842519686E+01       19   7.0671875000000006E-01   2.7421157421756388E+00
      43   3.6465259842519686E+01       20   7.4570312500000002E-01   7.5158971140584319E-01
      43   3.6465259842519686E+01       21   7.8468749999999998E-01   2.7611240313907809E-01
      43   3.6465259842519686E+01       22   8.2367187500000005E-01   2.1115215303059728E-01
      43   3.6465259842519686E+01       23   8.6265625000000001E-01   2.5865079490208642E-01
      43   3.6465259842519686E+01       24   9.0164062500000008E-01   3.8987258900004607E-01
      43   3.6465259842519686E+01       25   9.4062500000000004E-01   3.9862602791767154E-01
      43   3.6465259842519686E+01       26   9.7960937500000000E-01   1.7319454859624470E-01
      43   3.6465259842519686E+01       27   1.0185937500000000E+00   6.0394526217732357E-02
      43   3.6465259842519686E+01       28   1.0575781250000000E+00   1.2157167977489196E-01
      43   3.6465259842519686E+01       29   1.0965625000000001E+00   1.5067276292766124E-01
      43   3.6465259842519686E+01       30   1.1355468750000000E+00   1.5203790257170313E-01
      43   3.6465259842519686E+01       31   1.1745312500000000E+00   6.5791563213663237E-02
      43   3.6465259842519686E+01       32   1.2135156250000001E+00   4.0276277980361437E-02
      43   3.6465259842519686E+01       33   1.2524999999999999E+00   4.6790716544886563E-02
      43   3.6465259842519686E+01       34   1.2914843750000000E+00   3.1190583548840363E-02
      43   3.6465259842519686E+01       35   1.3304687500000001E+00   4.4564692865988971E-02
      43   3.6465259842519686E+01       36   1.3694531250000002E+00   3.4242464448747366E-02
      43   3.6465259842519686E+01       37   1.4084375000000000E+00   8.4030853623693058E-03
      43   3.6465259842519686E+01       38   1.4474218750000001E+00   1.7208172454938345E-02
      43   3.6465259842519686E+01       39   1.4864062500000002E+00   1.4695881908059713E-02
      43   3.6465259842519686E+01       40   1.5253906250000000E+00   5.3556144365496262E-03
      43   3.6465259842519686E+01       41   1.5643750000000001E+00   7.3776318959716466E-03
      43   3.6465259842519686E+01       42   1.6033593750000001E+00   7.6866346209349722E-03
      43   3.6465259842519686E+01       43   1.6423437500000000E+00   8.0760718033939267E-03
      43   3.6465259842519686E+01       44   1.6813281250000001E+00   8.8034286944021056E-03
      43   3.6465259842519686E+01       45   1.7203125000000001E+00   5.4632333446024096E-03
      43   3.6465259842519686E+01       46   1.7592968750000000E+00   1.9235073809700167E-03
      43   3.6465259842519686E+01       47   1.7982812500000001E+00   3.1866703420121126E-03
      43   3.6465259842519686E+01       48   1.8372656250000001E+00   1.8655718880078141E-03
      43   3.6465259842519686E+01       49   1.8762500000000000E+00   3.8026007416457749E-03
      43   3.6465259842519686E+01       50   1.9152343750000000E+00   5.6372342828322451E-03
      43   3.6465259842519686E+01       51   1.9542187500000001E+00   4.9894603598036723E-03
      43   3.6465259842519686E+01       52   1.9932031250000002E+00   4.5430355128291550E-03
      43   3.6465259842519686E+01       53   2.0321875000000000E+00   3.8355097969214750E-03
      43   3.6465259842519686E+01       54   2.0711718750000001E+00   2.5878815417211994E-03
      43   3.6465259842519686E+01       55   2.1101562500000002E+00   4.1494304076923590E-03
      43   3.6465259842519686E+01       56   2.1491406250000002E+00   2.4774150507383000E-03
      43   3.6465259842519686E+01       57   2.1881249999999999E+00   3.6766760702239415E-03
      43   3.6465259842519686E+01       58   2.2271093749999999E+00   2.0079558793500035E-03
      43   3.6465259842519686E+01       59   2.2660937500000000E+00   3.4581887373012236E-03
      43   3.6465259842519686E+01       60   2.3050781250000001E+00   2.2024516828367891E-03
      43   3.6465259842519686E+01       61   2.3440625000000002E+00   6.0627784740112578E-03
      43   3.6465259842519686E+01       62   2.3830468750000002E+00   5.9534135377167716E-03
      43   3.6465259842519686E+01       63   2.4220312500000003E+00   3.0429123714377795E-03
      43   3.6465259842519686E+01       64   2.4610156249999999E+00   6.0952587450965670E-03
 
      44   3.7333480314960632E+01        1   5.0000000000000001E-03   6.5763158000812336E+02
      44   3.7333480314960632E+01        2   4.3984374999999999E-02   6.1066442024853842E+01
      44   3.7333480314960632E+01        3   8.2968750000000008E-02   2.4450090616331206E+01
      44   3.7333480314960632E+01        4   1.2195312500000001E-01   1.4351320665723790E+01
      44   3.7333480314960632E+01        5   1.6093750000000001E-01   1.5847588155024534E+01
      44   3.7333480314960632E+01        6   1.9992187500000000E-01   1.6673880050516821E+01
      44   3.7333480314960632E+01        7   2.3890625000000001E-01   1.3914705407089086E+01
      44   3.7333480314960632E+01        8   2.7789062500000000E-01   1.3193134055795158E+01
      44   3.7333480314960632E+01        9   3.1687500000000002E-01   1.0804582516293781E+01
      44   3.7333480314960632E+01       10   3.5585937500000003E-01   7.6969187953285418E+00
      44   3.7333480314960632E+01       11   3.9484374999999999E-01   5.6697538821654616E+00
      44   3.7333480314960632E+01       12   4.3382812500000001E-01   2.5534454318488677E+00
      44   3.7333480314960632E+01       13   4.7281250000000002E-01   3.6748342966857503E+00
      44   3.7333480314960632E+01       14   5.1179687500000004E-01   3.2396315880063762E+00
      44   3.7333480314960632E+01       15   5.5078125000000000E-01   3.9167549156722381E+00
      44   3.7333480314960632E+01       16   5.8976562500000007E-01   5.4608879699067128E+00
      44   3.7333480314960632E+01       17   6.2875000000000003E-01   5.7747314186126335E+00
      44   3.7333480314960632E+01       18   6.6773437499999999E-01   5.2170559854164864E+00
      44   3.7333480314960632E+01       19   7.0671875000000006E-01   2.9745556882116881E+00
      44   3.7333480314960632E+01       20   7.4570312500000002E-01   8.1985551883932906E-01
      44   3.7333480314960632E+01       21   7.8468749999999998E-01   2.9378093222283147E-01
      44   3.7333480314960632E+01       22   8.2367187500000005E-01   2.1486506649677697E-01
      44   3.7333480314960632E+01       23   8.6265625000000001E-01   2.3623425914405172E-01
      44   3.7333480314960632E+01       24   9.0164062500000008E-01   3.4395292175445452E-01
      44   3.7333480314960632E+01       25   9.4062500000000004E-01   3.5987268184709315E-01
      44   3.7333480314960632E+01       26   9.7960937500000000E-01   1.6236945988797349E-01
      44   3.7333480314960632E+01       27   1.0185937500000000E+00   7.1773523494776864E-02
      44   3.7333480314960632E+01       28   1.0575781250000000E+00   1.4030180491274763E-01
      44   3.7333480314960632E+01       29   1.0965625000000001E+00   1.5863255461662340E-01
      44   3.7333480314960632E+01       30   1.1355468750000000E+00   1.4267297700581105E-01
      44   3.7333480314960632E+01       31   1.1745312500000000E+00   5.5615673683756840E-02
      44   3.7333480314960632E+01       32   1.2135156250000001E+00   3.9379046624723593E-02
      44   3.7333480314960632E+01       33   1.2524999999999999E+00   5.5663774199820895E-02
      44   3.7333480314960632E+01       34   1.2914843750000000E+00   3.5827973260143219E-02
      44   3.7333480314960632E+01       35   1.3304687500000001E+00   4.1632465228985359E-02
      44   3.7333480314960632E+01       36   1.3694531250000002E+00   2.4946324247122290E-02
      44   3.7333480314960632E+01       37   1.4084375000000000E+00   9.9330554759815247E-03
      44   3.7333480314960632E+01       38   1.4474218750000001E+00   2.1883035452285569E-02
      44   3.7333480314960632E+01       39   1.4864062500000002E+00   1.3956706697168902E-02
      44   3.7333480314960632E+01       40   1.5253906250000000E+00   5.0052294067881361E-03
      44   3.7333480314960632E+01       41   1.5643750000000001E+00   7.7921986787011441E-03
      44   3.7333480314960632E+01       42   1.6033593750000001E+00   6.8446760063641324E-03
      44   3.7333480314960632E+01       43   1.6423437500000000E+00   8.3216719454325717E-03
      44   3.7333480314960632E+01       44   1.6813281250000001E+00   6.5972940009014569E-03
      44   3.7333480314960632E+01       45   1.7203125000000001E+00   6.7199307627047577E-03
      44   3.7333480314960632E+01       46   1.7592968750000000E+00   1.6456358015359931E-03
      44   3.7333480314960632E+01       47   1.7982812500000001E+00   2.6822332031983449E-03
      44   3.7333480314960632E+01       48   1.8372656250000001E+00   1.6138334719265307E-03
      44   3.7333480314960632E+01       49   1.8762500000000000E+00   4.2467769619439011E-03
      44   3.7333480314960632E+01       50   1.9152343750000000E+00   5.0490379952560114E-03
      44   3.7333480314960632E+01       51   1.9542187500000001E+00   5.2359194093220800E-03
      44   3.7333480314960632E+01       52   1.9932031250000002E+00   4.2584105782070784E-03
      44   3.7333480314960632E+01       53   2.0321875000000000E+00   3.4255743846495087E-03
      44   3.7333480314960632E+01       54   2.0711718750000001E+00   2.4661246682416414E-03
      44   3.7333480314960632E+01       55   2.1101562500000002E+00   3.9505607516447669E-03
      44   3.7333480314960632E+01       56   2.1491406250000002E+00   2.6325281060262089E-03
      44   3.7333480314960632E+01       57   2.1881249999999999E+00   3.6955873698079579E-03
      44   3.7333480314960632E+01       58   2.2271093749999999E+00   1.8936260640274837E-03
      44   3.7333480314960632E+01       59   2.2660937500000000E+00   3.3865640548650512E-03
      44   3.7333480314960632E+01       60   2.3050781250000001E+00   2.1717441088955872E-03
      44   3.7333480314960632E+01       61   2.3440625000000002E+00   6.2309385928658416E-03
      44   3.7333480314960632E+01       62   2.3830468750000002E+00   5.9462173175294179E-03
      44   3.7333480314960632E+01       63   2.4220312500000003E+00   3.1675640876963613E-03
      44   3.7333480314960632E+01       64   2.4610156249999999E+00   6.2445140131163800E-03
 
      45   3.8201700787401577E+01        1   5.0000000000000001E-03   6.5627849532471294E+02
      45   3.8201700787401577E+01        2   4.3984374999999999E-02   6.0402558016044480E+01
      45   3.8201700787401577E+01        3   8.2968750000000008E-02   2.4128946714129281E+01
      45   3.8201700787401577E+01        4   1.2195312500000001E-01   1.4148199871753460E+01
      45   3.8201700787401577E+01        5   1.6093750000000001E-01   1.5546663576714201E+01
      45   3.8201700787401577E+01        6   1.9992187500000000E-01   1.5790304229346042E+01
      45   3.8201700787401577E+01        7   2.3890625000000001E-01   1.2945639336400962E+01
      45   3.8201700787401577E+01        8   2.7789062500000000E-01   1.2870493498851104E+01
      45   3.8201700787401577E+01        9   3.1687500000000002E-01   1.0583857028234441E+01
      45   3.8201700787401577E+01       10   3.5585937500000003E-01   7.2442307182752748E+00
      45   3.8201700787401577E+01       11   3.9484374999999999E-01   5.6407210730060138E+00
      45   3.8201700787401577E+01       12   4.3382812500000001E-01   2.7160947300078160E+00
      45   3.8201700787401577E+01       13   4.7281250000000002E-01   3.8315281160905235E+00
      45   3.8201700787401577E+01       14   5.1179687500000004E-01   3.4388982344795025E+00
      45   3.8201700787401577E+01       15   5.5078125000000000E-01   4.2674810214103047E+00
      45   3.8201700787401577E+01       16   5.8976562500000007E-01   5.9304558629918240E+00
      45   3.8201700787401577E+01       17   6.2875000000000003E-01   6.1261812807487281E+00
      45   3.8201700787401577E+01       18   6.6773437499999999E-01   5.5397793717229487E+00
      45   3.8201700787401577E+01       19   7.0671875000000006E-01   3.2085027419563557E+00
      45   3.8201700787401577E+01       20   7.4570312500000002E-01   9.0309338036525899E-01
      45   3.8201700787401577E+01       21   7.8468749999999998E-01   3.3302230704966934E-01
      45   3.8201700787401577E+01       22   8.2367187500000005E-01   2.0920700119293911E-01
      45   3.8201700787401577E+01       23   8.6265625000000001E-01   2.0301099062644337E-01
      45   3.8201700787401577E+01       24   9.0164062500000008E-01   3.0385389445823568E-01
      45   3.8201700787401577E+01       25   9.4062500000000004E-01   3.3559841633342397E-01
      45   3.8201700787401577E+01       26   9.7960937500000000E-01   1.6906186859640987E-01
      45   3.8201700787401577E+01       27   1.0185937500000000E+00   8.8219406111887541E-02
      45   3.8201700787401577E+01       28   1.0575781250000000E+00   1.4883261220403032E-01
      45   3.8201700787401577E+01       29   1.0965625000000001E+00   1.5153220692267785E-01
      45   3.8201700787401577E+01       30   1.1355468750000000E+00   1.2363280725049546E-01
      45   3.8201700787401577E+01       31   1.1745312500000000E+00   4.6897168053539134E-02
      45   3.8201700787401577E+01       32   1.2135156250000001E+00   4.4546890652307235E-02
      45   3.8201700787401577E+01       33   1.2524999999999999E+00   6.3329615330219233E-02
      45   3.8201700787401577E+01       34   1.2914843750000000E+00   3.6930229006289027E-02
      45   3.8201700787401577E+01       35   1.3304687500000001E+00   3.5114122651459169E-02
      45   3.8201700787401577E+01       36   1.3694531250000002E+00   2.3346778481364419E-02
      45   3.8201700787401577E+01       37   1.4084375000000000E+00   1.2409995761470888E-02
      45   3.8201700787401577E+01       38   1.4474218750000001E+00   2.5332663186598221E-02
      45   3.8201700787401577E+01       39   1.4864062500000002E+00   1.1952767105694172E-02
      45   3.8201700787401577E+01       40   1.5253906250000000E+00   5.0718143163455513E-03
      45   3.8201700787401577E+01       41   1.5643750000000001E+00   8.9991129080748324E-03
      45   3.8201700787401577E+01       42   1.6033593750000001E+00   5.0492552815150820E-03
      45   3.8201700787401577E+01       43   1.6423437500000000E+00   7.4640865358519123E-03
      45   3.8201700787401577E+01       44   1.6813281250000001E+00   5.9332414766274577E-03
      45   3.8201700787401577E+01       45   1.7203125000000001E+00   6.7918413896380760E-03
      45   3.8201700787401577E+01       46   1.7592968750000000E+00   1.5515441875491888E-03
      45   3.8201700787401577E+01       47   1.7982812500000001E+00   2.2067108628132976E-03
      45   3.8201700787401577E+01       48   1.8372656250000001E+00   1.6376918671028862E-03
      45   3.8201700787401577E+01       49   1.8762500000000000E+00   4.4088444914261631E-03
      45   3.8201700787401577E+01       50   1.9152343750000000E+00   5.0539079945112657E-03
      45   3.8201700787401577E+01       51   1.9542187500000001E+00   5.1104682950778163E-03
      45   3.8201700787401577E+01       52   1.9932031250000002E+00   4.1975900717233366E-03
      45   3.8201700787401577E+01       53   2.0321875000000000E+00   3.2544220321319983E-03
      45   3.8201700787401577E+01       54   2.0711718750000001E+00   2.5777722854211124E-03
      45   3.8201700787401577E+01       55   2.1101562500000002E+00   3.9884920830714800E-03
      45   3.8201700787401577E+01       56   2.1491406250000002E+00   2.8040884820005113E-03
      45   3.8201700787401577E+01       57   2.1881249999999999E+00   3.7285101527744350E-03
      45   3.8201700787401577E+01       58   2.2271093749999999E+00   1.8416555348587790E-03
      45   3.8201700787401577E+01       59   2.2660937500000000E+00   3.3605838314909272E-03
      45   3.8201700787401577E+01       60   2.3050781250000001E+00   2.1582878210965935E-03
      45   3.8201700787401577E+01       61   2.3440625000000002E+00   6.4265726901972893E-03
      45   3.8201700787401577E+01       62   2.3830468750000002E+00   6.0121385299484317E-03
      45   3.8201700787401577E+01       63   2.4220312500000003E+00   3.1868414004366514E-03
      45   3.8201700787401577E+01       64   2.4610156249999999E+00   6.5122414426219914E-03
 
      46   3.9069921259842523E+01        1   5.0000000000000001E-03   6.5096693175266807E+02
      46   3.9069921259842523E+01        2   4.3984374999999999E-02   5.8949260934384824E+01
      46   3.9069921259842523E+01        3   8.2968750000000008E-02   2.3362837623290442E+01
      46   3.9069921259842523E+01        4   1.2195312500000001E-01   1.3791557769292286E+01
      46   3.9069921259842523E+01        5   1.6093750000000001E-01   1.5193012893681363E+01
      46   3.9069921259842523E+01        6   1.9992187500000000E-01   1.4987614603781877E+01
      46   3.9069921259842523E+01        7   2.3890625000000001E-01   1.2210345939046960E+01
      46   3.9069921259842523E+01        8   2.7789062500000000E-01   1.2559627226931811E+01
      46   3.9069921259842523E+01        9   3.1687500000000002E-01   1.0211826565012240E+01
      46   3.9069921259842523E+01       10   3.5585937500000003E-01   6.8753410295923914E+00
      46   3.9069921259842523E+01       11   3.9484374999999999E-01   5.6744057008745896E+00
      46   3.9069921259842523E+01       12   4.3382812500000001E-01   2.8323116269924413E+00
      46   3.9069921259842523E+01       13   4.7281250000000002E-01   3.8887348510530249E+00
      46   3.9069921259842523E+01       14   5.1179687500000004E-01   3.6200659220307685E+00
      46   3.9069921259842523E+01       15   5.5078125000000000E-01   4.6151497982830527E+00
      46   3.9069921259842523E+01       16   5.8976562500000007E-01   6.2887843797942082E+00
      46   3.9069921259842523E+01       17   6.2875000000000003E-01   6.4390043349424175E+00
      46   3.9069921259842523E+01       18   6.6773437499999999E-01   5.8592113157660082E+00
      46   3.9069921259842523E+01       19   7.0671875000000006E-01   3.3879711109894139E+00
      46   3.9069921259842523E+01       20   7.4570312500000002E-01   9.9146885551463049E-01
      46   3.9069921259842523E+01       21   7.8468749999999998E-01   3.8221883226529652E-01
      46   3.9069921259842523E+01       22   8.2367187500000005E-01   1.9110338536523094E-01
      46   3.9069921259842523E+01       23   8.6265625000000001E-01   1.7325840875916407E-01
      46   3.9069921259842523E+01       24   9.0164062500000008E-01   2.8349569731321489E-01
      46   3.9069921259842523E+01       25   9.4062500000000004E-01   3.3362388132174853E-01
      46   3.9069921259842523E+01       26   9.7960937500000000E-01   1.9525099360834258E-01
      46   3.9069921259842523E+01       27   1.0185937500000000E+00   1.0419648398679514E-01
      46   3.9069921259842523E+01       28   1.0575781250000000E+00   1.4586227082676770E-01
      46   3.9069921259842523E+01       29   1.0965625000000001E+00   1.3289900657515372E-01
      46   3.9069921259842523E+01       30   1.1355468750000000E+00   1.0422211142411367E-01
      46   3.9069921259842523E+01       31   1.1745312500000000E+00   4.3333752105402364E-02
      46   3.9069921259842523E+01       32   1.2135156250000001E+00   5.4287078871036780E-02
      46   3.9069921259842523E+01       33   1.2524999999999999E+00   6.7993308739752178E-02
      46   3.9069921259842523E+01       34   1.2914843750000000E+00   3.4966742229727267E-02
      46   3.9069921259842523E+01       35   1.3304687500000001E+00   2.7885760796227021E-02
      46   3.9069921259842523E+01       36   1.3694531250000002E+00   2.8589458234338970E-02
      46   3.9069921259842523E+01       37   1.4084375000000000E+00   1.4098694358335669E-02
      46   3.9069921259842523E+01       38   1.4474218750000001E+00   2.5603576755247243E-02
      46   3.9069921259842523E+01       39   1.4864062500000002E+00   1.0011582964868117E-02
      46   3.9069921259842523E+01       40   1.5253906250000000E+00   5.4363415163612271E-03
      46   3.9069921259842523E+01       41   1.5643750000000001E+00   1.0147410831263439E-02
      46   3.9069921259842523E+01       42   1.6033593750000001E+00   3.6115295070689138E-03
      46   3.9069921259842523E+01       43   1.6423437500000000E+00   5.8598450643263921E-03
      46   3.9069921259842523E+01       44   1.6813281250000001E+00   7.0674529139120833E-03
      46   3.9069921259842523E+01       45   1.7203125000000001E+00   5.6928906037105589E-03
      46   3.9069921259842523E+01       46   1.7592968750000000E+00   1.6650087950518524E-03
      46   3.9069921259842523E+01       47   1.7982812500000001E+00   2.2141178924860927E-03
      46   3.9069921259842523E+01       48   1.8372656250000001E+00   1.7676401026213324E-03
      46   3.9069921259842523E+01       49   1.8762500000000000E+00   4.3179751478080418E-03
      46   3.9069921259842523E+01       50   1.9152343750000000E+00   5.2185508872467489E-03
      46   3.9069921259842523E+01       51   1.9542187500000001E+00   4.7947787882401411E-03
      46   3.9069921259842523E+01       52   1.9932031250000002E+00   4.3334810585262222E-03
      46   3.9069921259842523E+01       53   2.0321875000000000E+00   3.3237368049853677E-03
      46   3.9069921259842523E+01       54   2.0711718750000001E+00   2.6426936471680550E-03
      46   3.9069921259842523E+01       55   2.1101562500000002E+00   4.1610782833661850E-03
      46   3.9069921259842523E+01       56   2.1491406250000002E+00   2.9045995567025433E-03
      46   3.9069921259842523E+01       57   2.1881249999999999E+00   3.7340510689895779E-03
      46   3.9069921259842523E+01       58   2.2271093749999999E+00   1.8290327701251984E-03
      46   3.9069921259842523E+01       59   2.2660937500000000E+00   3.4305612709119430E-03
      46   3.9069921259842523E+01       60   2.3050781250000001E+00   2.2137024447359166E-03
      46   3.9069921259842523E+01       61   2.3440625000000002E+00   6.6157940939241952E-03
      46   3.9069921259842523E+01       62   2.3830468750000002E+00   6.1626954317682654E-03
      46   3.9069921259842523E+01       63   2.4220312500000003E+00   3.1495762998370535E-03
      46   3.9069921259842523E+01       64   2.4610156249999999E+00   6.8165807242122822E-03
 
      47   3.9938141732283469E+01        1   5.0000000000000001E-03   6.4035239813521935E+02
      47   3.9938141732283469E+01        2   4.3984374999999999E-02   5.6829528137922992E+01
      47   3.9938141732283469E+01        3   8.2968750000000008E-02   2.2234418845135156E+01
      47   3.9938141732283469E+01        4   1.2195312500000001E-01   1.3286196973048744E+01
      47   3.9938141732283469E+01        5   1.6093750000000001E-01   1.4765493879759413E+01
      47   3.9938141732283469E+01        6   1.9992187500000000E-01   1.4405458347011303E+01
      47   3.9938141732283469E+01        7   2.3890625000000001E-01   1.1825103291005025E+01
      47   3.9938141732283469E+01        8   2.7789062500000000E-01   1.2318356765424603E+01
      47   3.9938141732283469E+01        9   3.1687500000000002E-01   9.7924817454761595E+00
      47   3.9938141732283469E+01       10   3.5585937500000003E-01   6.7155229691820804E+00
      47   3.9938141732283469E+01       11   3.9484374999999999E-01   5.7641358277632300E+00
      47   3.9938141732283469E+01       12   4.3382812500000001E-01   2.8756169542049896E+00
      47   3.9938141732283469E+01       13   4.7281250000000002E-01   3.9122664032597583E+00
      47   3.9938141732283469E+01       14   5.1179687500000004E-01   3.7988658224654785E+00
      47   3.9938141732283469E+01       15   5.5078125000000000E-01   4.8698650626349336E+00
      47   3.9938141732283469E+01       16   5.8976562500000007E-01   6.4817074942744695E+00
      47   3.9938141732283469E+01       17   6.2875000000000003E-01   6.7118090410022884E+00
      47   3.9938141732283469E+01       18   6.6773437499999999E-01   6.1028003351084648E+00
      47   3.9938141732283469E+01       19   7.0671875000000006E-01   3.5115518103886179E+00
      47   3.9938141732283469E+01       20   7.4570312500000002E-01   1.0732559575999572E+00
      47   3.9938141732283469E+01       21   7.8468749999999998E-01   4.1273515348567502E-01
      47   3.9938141732283469E+01       22   8.2367187500000005E-01   1.7158238207746176E-01
      47   3.9938141732283469E+01       23   8.6265625000000001E-01   1.5537426748836897E-01
      47   3.9938141732283469E+01       24   9.0164062500000008E-01   2.9047854417375135E-01
      47   3.9938141732283469E+01       25   9.4062500000000004E-01   3.5981894854852009E-01
      47   3.9938141732283469E+01       26   9.7960937500000000E-01   2.3498223490150894E-01
      47   3.9938141732283469E+01       27   1.0185937500000000E+00   1.1915434349642784E-01
      47   3.9938141732283469E+01       28   1.0575781250000000E+00   1.3402346762299375E-01
      47   3.9938141732283469E+01       29   1.0965625000000001E+00   1.0843566074421623E-01
      47   3.9938141732283469E+01       30   1.1355468750000000E+00   9.2206784583567472E-02
      47   3.9938141732283469E+01       31   1.1745312500000000E+00   4.6360399979812589E-02
      47   3.9938141732283469E+01       32   1.2135156250000001E+00   6.5190733044197424E-02
      47   3.9938141732283469E+01       33   1.2524999999999999E+00   6.7833535458506650E-02
      47   3.9938141732283469E+01       34   1.2914843750000000E+00   3.1204299418026743E-02
      47   3.9938141732283469E+01       35   1.3304687500000001E+00   2.2388530439438614E-02
      47   3.9938141732283469E+01       36   1.3694531250000002E+00   3.7385882996226888E-02
      47   3.9938141732283469E+01       37   1.4084375000000000E+00   1.4343267653903247E-02
      47   3.9938141732283469E+01       38   1.4474218750000001E+00   2.2324298897134425E-02
      47   3.9938141732283469E+01       39   1.4864062500000002E+00   9.6389125142416383E-03
      47   3.9938141732283469E+01       40   1.5253906250000000E+00   5.8985828691846733E-03
      47   3.9938141732283469E+01       41   1.5643750000000001E+00   1.0552677711474539E-02
      47   3.9938141732283469E+01       42   1.6033593750000001E+00   3.4634506393131296E-03
      47   3.9938141732283469E+01       43   1.6423437500000000E+00   4.3146903226687176E-03
      47   3.9938141732283469E+01       44   1.6813281250000001E+00   8.7154139232072398E-03
      47   3.9938141732283469E+01       45   1.7203125000000001E+00   4.4248522880556895E-03
      47   3.9938141732283469E+01       46   1.7592968750000000E+00   1.8091118139129841E-03
      47   3.9938141732283469E+01       47   1.7982812500000001E+00   2.8246632443875820E-03
      47   3.9938141732283469E+01       48   1.8372656250000001E+00   1.6985563866230517E-03
      47   3.9938141732283469E+01       49   1.8762500000000000E+00   4.2699155935755195E-03
      47   3.9938141732283469E+01       50   1.9152343750000000E+00   5.2539473935302988E-03
      47   3.9938141732283469E+01       51   1.9542187500000001E+00   4.4780711750825345E-03
      47   3.9938141732283469E+01       52   1.9932031250000002E+00   4.4318898793135131E-03
      47   3.9938141732283469E+01       53   2.0321875000000000E+00   3.5232938754080679E-03
      47   3.9938141732283469E+01       54   2.0711718750000001E+00   2.6093717522831473E-03
      47   3.9938141732283469E+01       55   2.1101562500000002E+00   4.2883582644042077E-03
      47   3.9938141732283469E+01       56   2.1491406250000002E+00   3.0725121060655113E-03
      47   3.9938141732283469E+01       57   2.1881249999999999E+00   3.6435798778254075E-03
      47   3.9938141732283469E+01       58   2.2271093749999999E+00   1.8458305387968313E-03
      47   3.9938141732283469E+01       59   2.2660937500000000E+00   3.5446860700249598E-03
      47   3.9938141732283469E+01       60   2.3050781250000001E+00   2.2989520238993278E-03
      47   3.9938141732283469E+01       61   2.3440625000000002E+00   6.8824434167476427E-03
      47   3.9938141732283469E+01       62   2.3830468750000002E+00   6.2872434571303567E-03
      47   3.9938141732283469E+01       63   2.4220312500000003E+00   3.0612761247419493E-03
      47   3.9938141732283469E+01       64   2.4610156249999999E+00   7.1486678850630004E-03
 
      48   4.0806362204724408E+01        1   5.0000000000000001E-03   6.2503508515779026E+02
      48   4.0806362204724408E+01        2   4.3984374999999999E-02   5.4350591222241540E+01
      48   4.0806362204724408E+01        3   8.2968750000000008E-02   2.0947221920210339E+01
      48   4.0806362204724408E+01        4   1.2195312500000001E-01   1.2685612443561187E+01
      48   4.0806362204724408E+01        5   1.6093750000000001E-01   1.4284093810906960E+01
      48   4.0806362204724408E+01        6   1.9992187500000000E-01   1.4104701721050191E+01
      48   4.0806362204724408E+01        7   2.3890625000000001E-01   1.1799184982293960E+01
      48   4.0806362204724408E+01        8   2.7789062500000000E-01   1.2240501173964164E+01
      48   4.0806362204724408E+01        9   3.1687500000000002E-01   9.4958622394966596E+00
      48   4.0806362204724408E+01       10   3.5585937500000003E-01   6.8084439014300697E+00
      48   4.0806362204724408E+01       11   3.9484374999999999E-01   5.8809157802211454E+00
      48   4.0806362204724408E+01       12   4.3382812500000001E-01   2.8644070905883172E+00
      48   4.0806362204724408E+01       13   4.7281250000000002E-01   3.9654888356849165E+00
      48   4.0806362204724408E+01       14   5.1179687500000004E-01   3.9538660593652946E+00
      48   4.0806362204724408E+01       15   5.5078125000000000E-01   4.9580923265385044E+00
      48   4.0806362204724408E+01       16   5.8976562500000007E-01   6.5372398065590183E+00
      48   4.0806362204724408E+01       17   6.2875000000000003E-01   6.9015030170355622E+00
      48   4.0806362204724408E+01       18   6.6773437499999999E-01   6.1979497717720671E+00
      48   4.0806362204724408E+01       19   7.0671875000000006E-01   3.5987546990131980E+00
      48   4.0806362204724408E+01       20   7.4570312500000002E-01   1.1299400905487873E+00
      48   4.0806362204724408E+01       21   7.8468749999999998E-01   4.0852802490649703E-01
      48   4.0806362204724408E+01       22   8.2367187500000005E-01   1.6401204970989583E-01
      48   4.0806362204724408E+01       23   8.6265625000000001E-01   1.4807771132723990E-01
      48   4.0806362204724408E+01       24   9.0164062500000008E-01   3.2418813990339107E-01
      48   4.0806362204724408E+01       25   9.4062500000000004E-01   4.1061086319466022E-01
      48   4.0806362204724408E+01       26   9.7960937500000000E-01   2.7678063933489844E-01
      48   4.0806362204724408E+01       27   1.0185937500000000E+00   1.3164466916040363E-01
      48   4.0806362204724408E+01       28   1.0575781250000000E+00   1.1547876779205354E-01
      48   4.0806362204724408E+01       29   1.0965625000000001E+00   8.4904361769510578E-02
      48   4.0806362204724408E+01       30   1.1355468750000000E+00   8.8139019994424250E-02
      48   4.0806362204724408E+01       31   1.1745312500000000E+00   5.5184629309593572E-02
      48   4.0806362204724408E+01       32   1.2135156250000001E+00   7.4022278972313060E-02
      48   4.0806362204724408E+01       33   1.2524999999999999E+00   6.2340397540479514E-02
      48   4.0806362204724408E+01       34   1.2914843750000000E+00   2.6902858051457961E-02
      48   4.0806362204724408E+01       35   1.3304687500000001E+00   2.0254013755388618E-02
      48   4.0806362204724408E+01       36   1.3694531250000002E+00   4.5718445344020489E-02
      48   4.0806362204724408E+01       37   1.4084375000000000E+00   1.3576143493815711E-02
      48   4.0806362204724408E+01       38   1.4474218750000001E+00   1.7145984519414549E-02
      48   4.0806362204724408E+01       39   1.4864062500000002E+00   1.1070001359305619E-02
      48   4.0806362204724408E+01       40   1.5253906250000000E+00   6.1372281851919744E-03
      48   4.0806362204724408E+01       41   1.5643750000000001E+00   9.8207124274026954E-03
      48   4.0806362204724408E+01       42   1.6033593750000001E+00   4.5405258105182152E-03
      48   4.0806362204724408E+01       43   1.6423437500000000E+00   3.9338086847868076E-03
      48   4.0806362204724408E+01       44   1.6813281250000001E+00   9.4374376974821553E-03
      48   4.0806362204724408E+01       45   1.7203125000000001E+00   4.2947574292405309E-03
      48   4.0806362204724408E+01       46   1.7592968750000000E+00   1.6130960790646377E-03
      48   4.0806362204724408E+01       47   1.7982812500000001E+00   3.4771569303889902E-03
      48   4.0806362204724408E+01       48   1.8372656250000001E+00   1.3773591223613297E-03
      48   4.0806362204724408E+01       49   1.8762500000000000E+00   4.2807273884328204E-03
      48   4.0806362204724408E+01       50   1.9152343750000000E+00   5.3480879596353890E-03
      48   4.0806362204724408E+01       51   1.9542187500000001E+00   4.1835595613484390E-03
      48   4.0806362204724408E+01       52   1.9932031250000002E+00   4.3089877436878234E-03
      48   4.0806362204724408E+01       53   2.0321875000000000E+00   3.8462212519593873E-03
      48   4.0806362204724408E+01       54   2.0711718750000001E+00   2.6247384849304206E-03
      48   4.0806362204724408E+01       55   2.1101562500000002E+00   4.4480200100084286E-03
      48   4.0806362204724408E+01       56   2.1491406250000002E+00   3.3302104314291174E-03
      48   4.0806362204724408E+01       57   2.1881249999999999E+00   3.5863852384690133E-03
      48   4.0806362204724408E+01       58   2.2271093749999999E+00   1.8931970280597773E-03
      48   4.0806362204724408E+01       59   2.2660937500000000E+00   3.6528592087597058E-03
      48   4.0806362204724408E+01       60   2.3050781250000001E+00   2.3583543674775935E-03
      48   4.0806362204724408E+01       61   2.3440625000000002E+00   7.2215349597657659E-03
      48   4.0806362204724408E+01       62   2.3830468750000002E+00   6.3275720689396058E-03
      48   4.0806362204724408E+01       63   2.4220312500000003E+00   2.9470674455479096E-03
      48   4.0806362204724408E+01       64   2.4610156249999999E+00   7.5234619731602385E-03
 
      49   4.1674582677165354E+01        1   5.0000000000000001E-03   6.0938167393710262E+02
      49   4.1674582677165354E+01        2   4.3984374999999999E-02   5.2074557676813257E+01
      49   4.1674582677165354E+01        3   8.2968750000000008E-02   1.9784871674356232E+01
      49   4.1674582677165354E+01        4   1.2195312500000001E-01   1.2095691320461075E+01
      49   4.1674582677165354E+01        5   1.6093750000000001E-01   1.3846619459688082E+01
      49   4.1674582677165354E+01        6   1.9992187500000000E-01   1.4085376880227022E+01
      49   4.1674582677165354E+01        7   2.3890625000000001E-01   1.2090004600206489E+01
      49   4.1674582677165354E+01        8   2.7789062500000000E-01   1.2386280937170925E+01
      49   4.1674582677165354E+01        9   3.1687500000000002E-01   9.4435788536913865E+00
      49   4.1674582677165354E+01       10   3.5585937500000003E-01   7.1110316980690627E+00
      49   4.1674582677165354E+01       11   3.9484374999999999E-01   5.9949040923388814E+00
      49   4.1674582677165354E+01       12   4.3382812500000001E-01   2.8394555292835895E+00
      49   4.1674582677165354E+01       13   4.7281250000000002E-01   4.0620717708280658E+00
      49   4.1674582677165354E+01       14   5.1179687500000004E-01   4.0315137544726714E+00
      49   4.1674582677165354E+01       15   5.5078125000000000E-01   4.8621459426480138E+00
      49   4.1674582677165354E+01       16   5.8976562500000007E-01   6.5156380814433978E+00
      49   4.1674582677165354E+01       17   6.2875000000000003E-01   6.9462384607075087E+00
      49   4.1674582677165354E+01       18   6.6773437499999999E-01   6.1266478401011000E+00
      49   4.1674582677165354E+01       19   7.0671875000000006E-01   3.6393079543546691E+00
      49   4.1674582677165354E+01       20   7.4570312500000002E-01   1.1408044865517326E+00
      49   4.1674582677165354E+01       21   7.8468749999999998E-01   3.8411560086513052E-01
      49   4.1674582677165354E+01       22   8.2367187500000005E-01   1.6725988641379988E-01
      49   4.1674582677165354E+01       23   8.6265625000000001E-01   1.4952427578595592E-01
      49   4.1674582677165354E+01       24   9.0164062500000008E-01   3.7621152142233960E-01
      49   4.1674582677165354E+01       25   9.4062500000000004E-01   4.7333726485335315E-01
      49   4.1674582677165354E+01       26   9.7960937500000000E-01   3.0966026207630687E-01
      49   4.1674582677165354E+01       27   1.0185937500000000E+00   1.3654692169118707E-01
      49   4.1674582677165354E+01       28   1.0575781250000000E+00   9.2632855845822343E-02
      49   4.1674582677165354E+01       29   1.0965625000000001E+00   6.8999162801638356E-02
      49   4.1674582677165354E+01       30   1.1355468750000000E+00   9.2865747587107861E-02
      49   4.1674582677165354E+01       31   1.1745312500000000E+00   6.6751904552461480E-02
      49   4.1674582677165354E+01       32   1.2135156250000001E+00   7.8466971805713465E-02
      49   4.1674582677165354E+01       33   1.2524999999999999E+00   5.3236402093843928E-02
      49   4.1674582677165354E+01       34   1.2914843750000000E+00   2.3387783279213887E-02
      49   4.1674582677165354E+01       35   1.3304687500000001E+00   2.2218891138688496E-02
      49   4.1674582677165354E+01       36   1.3694531250000002E+00   4.9773488857673756E-02
      49   4.1674582677165354E+01       37   1.4084375000000000E+00   1.2173940874291028E-02
      49   4.1674582677165354E+01       38   1.4474218750000001E+00   1.3160609004895437E-02
      49   4.1674582677165354E+01       39   1.4864062500000002E+00   1.3464945633304446E-02
      49   4.1674582677165354E+01       40   1.5253906250000000E+00   6.0247740408623691E-03
      49   4.1674582677165354E+01       41   1.5643750000000001E+00   8.3678383408204646E-03
      49   4.1674582677165354E+01       42   1.6033593750000001E+00   5.9241856511168109E-03
      49   4.1674582677165354E+01       43   1.6423437500000000E+00   5.2988345970182149E-03
      49   4.1674582677165354E+01       44   1.6813281250000001E+00   9.0169229888934603E-03
      49   4.1674582677165354E+01       45   1.7203125000000001E+00   5.4382031316581687E-03
      49   4.1674582677165354E+01       46   1.7592968750000000E+00   1.1602825799894331E-03
      49   4.1674582677165354E+01       47   1.7982812500000001E+00   3.4756896178022214E-03
      49   4.1674582677165354E+01       48   1.8372656250000001E+00   1.2195886235219309E-03
      49   4.1674582677165354E+01       49   1.8762500000000000E+00   4.1039780777625693E-03
      49   4.1674582677165354E+01       50   1.9152343750000000E+00   5.6737781405687355E-03
      49   4.1674582677165354E+01       51   1.9542187500000001E+00   3.9025393058609477E-03
      49   4.1674582677165354E+01       52   1.9932031250000002E+00   4.0653055921665475E-03
      49   4.1674582677165354E+01       53   2.0321875000000000E+00   4.2752951011145969E-03
      49   4.1674582677165354E+01       54   2.0711718750000001E+00   2.7044051516241390E-03
      49   4.1674582677165354E+01       55   2.1101562500000002E+00   4.7879652219285588E-03
      49   4.1674582677165354E+01       56   2.1491406250000002E+00   3.5368002033972631E-03
      49   4.1674582677165354E+01       57   2.1881249999999999E+00   3.6757583150134150E-03
      49   4.1674582677165354E+01       58   2.2271093749999999E+00   1.9952623824601359E-03
      49   4.1674582677165354E+01       59   2.2660937500000000E+00   3.6566267027338690E-03
      49   4.1674582677165354E+01       60   2.3050781250000001E+00   2.4104136427340922E-03
      49   4.1674582677165354E+01       61   2.3440625000000002E+00   7.6098119137297032E-03
      49   4.1674582677165354E+01       62   2.3830468750000002E+00   6.3359426481687641E-03
      49   4.1674582677165354E+01       63   2.4220312500000003E+00   2.8827183349943021E-03
      49   4.1674582677165354E+01       64   2.4610156249999999E+00   7.8749561868760778E-03
 
      50   4.2542803149606300E+01        1   5.0000000000000001E-03   5.9895426307893740E+02
      50   4.2542803149606300E+01        2   4.3984374999999999E-02   5.0545717367994285E+01
      50   4.2542803149606300E+01        3   8.2968750000000008E-02   1.8974097666872311E+01
      50   4.2542803149606300E+01        4   1.2195312500000001E-01   1.1641943568433195E+01
      50   4.2542803149606300E+01        5   1.6093750000000001E-01   1.3573770748977818E+01
      50   4.2542803149606300E+01        6   1.9992187500000000E-01   1.4314492376690133E+01
      50   4.2542803149606300E+01        7   2.3890625000000001E-01   1.2645357730316952E+01
      50   4.2542803149606300E+01        8   2.7789062500000000E-01   1.2739452314430098E+01
      50   4.2542803149606300E+01        9   3.1687500000000002E-01   9.6295905971418811E+00
      50   4.2542803149606300E+01       10   3.5585937500000003E-01   7.5272764220831121E+00
      50   4.2542803149606300E+01       11   3.9484374999999999E-01   6.1044420691038974E+00
      50   4.2542803149606300E+01       12   4.3382812500000001E-01   2.8423365967283556E+00
      50   4.2542803149606300E+01       13   4.7281250000000002E-01   4.1530680299341940E+00
      50   4.2542803149606300E+01       14   5.1179687500000004E-01   3.9747140413936899E+00
      50   4.2542803149606300E+01       15   5.5078125000000000E-01   4.6378305676532712E+00
      50   4.2542803149606300E+01       16   5.8976562500000007E-01   6.4391866891536154E+00
      50   4.2542803149606300E+01       17   6.2875000000000003E-01   6.8202824192435338E+00
      50   4.2542803149606300E+01       18   6.6773437499999999E-01   5.9440916241412731E+00
      50   4.2542803149606300E+01       19   7.0671875000000006E-01   3.5883034307303885E+00
      50   4.2542803149606300E+01       20   7.4570312500000002E-01   1.0968008636309026E+00
      50   4.2542803149606300E+01       21   7.8468749999999998E-01   3.6435618570825301E-01
      50   4.2542803149606300E+01       22   8.2367187500000005E-01   1.6773650714831173E-01
      50   4.2542803149606300E+01       23   8.6265625000000001E-01   1.6507158563105243E-01
      50   4.2542803149606300E+01       24   9.0164062500000008E-01   4.3183997655567791E-01
      50   4.2542803149606300E+01       25   9.4062500000000004E-01   5.3224316223098667E-01
      50   4.2542803149606300E+01       26   9.7960937500000000E-01   3.2484292527935749E-01
      50   4.2542803149606300E+01       27   1.0185937500000000E+00   1.2940498739308970E-01
      50   4.2542803149606300E+01       28   1.0575781250000000E+00   7.1982745021205580E-02
      50   4.2542803149606300E+01       29   1.0965625000000001E+00   6.6431533839104939E-02
      50   4.2542803149606300E+01       30   1.1355468750000000E+00   1.0965034694832877E-01
      50   4.2542803149606300E+01       31   1.1745312500000000E+00   7.6750147536519181E-02
      50   4.2542803149606300E+01       32   1.2135156250000001E+00   7.6515132951492773E-02
      50   4.2542803149606300E+01       33   1.2524999999999999E+00   4.3547252651939677E-02
      50   4.2542803149606300E+01       34   1.2914843750000000E+00   2.2137224206877148E-02
      50   4.2542803149606300E+01       35   1.3304687500000001E+00   2.7733383294502534E-02
      50   4.2542803149606300E+01       36   1.3694531250000002E+00   4.8250946155429977E-02
      50   4.2542803149606300E+01       37   1.4084375000000000E+00   1.0490661364691806E-02
      50   4.2542803149606300E+01       38   1.4474218750000001E+00   1.2852535770719663E-02
      50   4.2542803149606300E+01       39   1.4864062500000002E+00   1.6142871314084817E-02
      50   4.2542803149606300E+01       40   1.5253906250000000E+00   5.7626781656465705E-03
      50   4.2542803149606300E+01       41   1.5643750000000001E+00   7.4461263606823017E-03
      50   4.2542803149606300E+01       42   1.6033593750000001E+00   6.5681136396681401E-03
      50   4.2542803149606300E+01       43   1.6423437500000000E+00   7.6179113821267345E-03
      50   4.2542803149606300E+01       44   1.6813281250000001E+00   8.4017794012627451E-03
      50   4.2542803149606300E+01       45   1.7203125000000001E+00   6.7698306734964089E-03
      50   4.2542803149606300E+01       46   1.7592968750000000E+00   1.0687917194813275E-03
      50   4.2542803149606300E+01       47   1.7982812500000001E+00   3.0769746565311651E-03
      50   4.2542803149606300E+01       48   1.8372656250000001E+00   1.6287567066085278E-03
      50   4.2542803149606300E+01       49   1.8762500000000000E+00   3.6241901640295211E-03
      50   4.2542803149606300E+01       50   1.9152343750000000E+00   5.8351967513051561E-03
      50   4.2542803149606300E+01       51   1.9542187500000001E+00   3.7546156637386537E-03
      50   4.2542803149606300E+01       52   1.9932031250000002E+00   4.0243208940035947E-03
      50   4.2542803149606300E+01       53   2.0321875000000000E+00   4.6892553726878665E-03
      50   4.2542803149606300E+01       54   2.0711718750000001E+00   2.7479036967797198E-03
      50   4.2542803149606300E+01       55   2.1101562500000002E+00   5.0876483661930448E-03
      50   4.2542803149606300E+01       56   2.1491406250000002E+00   3.4976182028057289E-03
      50   4.2542803149606300E+01       57   2.1881249999999999E+00   3.8539204681571041E-03
      50   4.2542803149606300E+01       58   2.2271093749999999E+00   2.1558861971467599E-03
      50   4.2542803149606300E+01       59   2.2660937500000000E+00   3.5604555192850079E-03
      50   4.2542803149606300E+01       60   2.3050781250000001E+00   2.4540296252642288E-03
      50   4.2542803149606300E+01       61   2.3440625000000002E+00   7.9811763388722996E-03
      50   4.2542803149606300E+01       62   2.3830468750000002E+00   6.4150061098040001E-03
      50   4.2542803149606300E+01       63   2.4220312500000003E+00   2.8867797410830460E-03
      50   4.2542803149606300E+01       64   2.4610156249999999E+00   8.1453711574956331E-03
 
      51   4.3411023622047246E+01        1   5.0000000000000001E-03   5.9610308477238300E+02
      51   4.3411023622047246E+01        2   4.3984374999999999E-02   4.9952063844918371E+01
      51   4.3411023622047246E+01        3   8.2968750000000008E-02   1.8588821867085798E+01
      51   4.3411023622047246E+01        4   1.2195312500000001E-01   1.1416977686371101E+01
      51   4.3411023622047246E+01        5   1.6093750000000001E-01   1.3524653284141539E+01
      51   4.3411023622047246E+01        6   1.9992187500000000E-01   1.4759910133029404E+01
      51   4.3411023622047246E+01        7   2.3890625000000001E-01   1.3407104935659637E+01
      51   4.3411023622047246E+01        8   2.7789062500000000E-01   1.3207845403066104E+01
      51   4.3411023622047246E+01        9   3.1687500000000002E-01   9.9277960785578134E+00
      51   4.3411023622047246E+01       10   3.5585937500000003E-01   7.9534163617744289E+00
      51   4.3411023622047246E+01       11   3.9484374999999999E-01   6.2239045316833082E+00
      51   4.3411023622047246E+01       12   4.3382812500000001E-01   2.8905171375317842E+00
      51   4.3411023622047246E+01       13   4.7281250000000002E-01   4.1527886909356919E+00
      51   4.3411023622047246E+01       14   5.1179687500000004E-01   3.7594310189416738E+00
      51   4.3411023622047246E+01       15   5.5078125000000000E-01   4.3712052896952667E+00
      51   4.3411023622047246E+01       16   5.8976562500000007E-01   6.2741767854714823E+00
      51   4.3411023622047246E+01       17   6.2875000000000003E-01   6.5602730030003862E+00
      51   4.3411023622047246E+01       18   6.6773437499999999E-01   5.7261968039730524E+00
      51   4.3411023622047246E+01       19   7.0671875000000006E-01   3.4155172735225756E+00
      51   4.3411023622047246E+01       20   7.4570312500000002E-01   1.0092037803958167E+00
      51   4.3411023622047246E+01       21   7.8468749999999998E-01   3.5114589731345597E-01
      51   4.3411023622047246E+01       22   8.2367187500000005E-01   1.6087072589318069E-01
      51   4.3411023622047246E+01       23   8.6265625000000001E-01   2.0033474982439714E-01
      51   4.3411023622047246E+01       24   9.0164062500000008E-01   4.7792203022912721E-01
      51   4.3411023622047246E+01       25   9.4062500000000004E-01   5.7312624578697802E-01
      51   4.3411023622047246E+01       26   9.7960937500000000E-01   3.1676988389880933E-01
      51   4.3411023622047246E+01       27   1.0185937500000000E+00   1.1151820512521071E-01
      51   4.3411023622047246E+01       28   1.0575781250000000E+00   6.2032701346426175E-02
      51   4.3411023622047246E+01       29   1.0965625000000001E+00   7.9957109795104772E-02
      51   4.3411023622047246E+01       30   1.1355468750000000E+00   1.3624503874481422E-01
      51   4.3411023622047246E+01       31   1.1745312500000000E+00   8.2380526163184656E-02
      51   4.3411023622047246E+01       32   1.2135156250000001E+00   6.6782791483428930E-02
      51   4.3411023622047246E+01       33   1.2524999999999999E+00   3.6478239107845305E-02
      51   4.3411023622047246E+01       34   1.2914843750000000E+00   2.4111601462843243E-02
      51   4.3411023622047246E+01       35   1.3304687500000001E+00   3.4601904440892721E-02
      51   4.3411023622047246E+01       36   1.3694531250000002E+00   4.2832596767282231E-02
      51   4.3411023622047246E+01       37   1.4084375000000000E+00   9.1511991826569647E-03
      51   4.3411023622047246E+01       38   1.4474218750000001E+00   1.6273048248653617E-02
      51   4.3411023622047246E+01       39   1.4864062500000002E+00   1.8103748274901677E-02
      51   4.3411023622047246E+01       40   1.5253906250000000E+00   5.4897276816302867E-03
      51   4.3411023622047246E+01       41   1.5643750000000001E+00   8.1276527434232630E-03
      51   4.3411023622047246E+01       42   1.6033593750000001E+00   5.9225172215972470E-03
      51   4.3411023622047246E+01       43   1.6423437500000000E+00   9.3408692235932757E-03
      51   4.3411023622047246E+01       44   1.6813281250000001E+00   8.4970348532401180E-03
      51   4.3411023622047246E+01       45   1.7203125000000001E+00   7.0654595299564369E-03
      51   4.3411023622047246E+01       46   1.7592968750000000E+00   1.5578754526048896E-03
      51   4.3411023622047246E+01       47   1.7982812500000001E+00   3.0557834182717747E-03
      51   4.3411023622047246E+01       48   1.8372656250000001E+00   2.2844246225599365E-03
      51   4.3411023622047246E+01       49   1.8762500000000000E+00   3.0474911663457972E-03
      51   4.3411023622047246E+01       50   1.9152343750000000E+00   5.4493237184547166E-03
      51   4.3411023622047246E+01       51   1.9542187500000001E+00   3.8224756048543590E-03
      51   4.3411023622047246E+01       52   1.9932031250000002E+00   4.0892012207673989E-03
      51   4.3411023622047246E+01       53   2.0321875000000000E+00   4.9164090760418118E-03
      51   4.3411023622047246E+01       54   2.0711718750000001E+00   2.7194046704195319E-03
      51   4.3411023622047246E+01       55   2.1101562500000002E+00   5.0016817105768552E-03
      51   4.3411023622047246E+01       56   2.1491406250000002E+00   3.1931061235689531E-03
      51   4.3411023622047246E+01       57   2.1881249999999999E+00   3.9689970035745445E-03
      51   4.3411023622047246E+01       58   2.2271093749999999E+00   2.2526943449842122E-03
      51   4.3411023622047246E+01       59   2.2660937500000000E+00   3.4445184573173343E-03
      51   4.3411023622047246E+01       60   2.3050781250000001E+00   2.4784399369799028E-03
      51   4.3411023622047246E+01       61   2.3440625000000002E+00   8.0230845323596960E-03
      51   4.3411023622047246E+01       62   2.3830468750000002E+00   6.5414478837735168E-03
      51   4.3411023622047246E+01       63   2.4220312500000003E+00   3.0017980125497923E-03
      51   4.3411023622047246E+01       64   2.4610156249999999E+00   8.1988489659847938E-03
 
      52   4.4279244094488192E+01        1   5.0000000000000001E-03   6.0022584022465958E+02
      52   4.4279244094488192E+01        2   4.3984374999999999E-02   5.0257463301977566E+01
      52   4.4279244094488192E+01        3   8.2968750000000008E-02   1.8629971645836150E+01
      52   4.4279244094488192E+01        4   1.2195312500000001E-01   1.1460970634429987E+01
      52   4.4279244094488192E+01        5   1.6093750000000001E-01   1.3699059975898843E+01
      52   4.4279244094488192E+01        6   1.9992187500000000E-01   1.5385371553003349E+01
      52   4.4279244094488192E+01        7   2.3890625000000001E-01   1.4276827380585441E+01
      52   4.4279244094488192E+01        8   2.7789062500000000E-01   1.3653448629781812E+01
      52   4.4279244094488192E+01        9   3.1687500000000002E-01   1.0179137041472440E+01
      52   4.4279244094488192E+01       10   3.5585937500000003E-01   8.3027042855241984E+00
      52   4.4279244094488192E+01       11   3.9484374999999999E-01   6.3323377243292152E+00
      52   4.4279244094488192E+01       12   4.3382812500000001E-01   2.9561394118774720E+00
      52   4.4279244094488192E+01       13   4.7281250000000002E-01   3.9942157763025725E+00
      52   4.4279244094488192E+01       14   5.1179687500000004E-01   3.4208281696218896E+00
      52   4.4279244094488192E+01       15   5.5078125000000000E-01   4.1148481846726224E+00
      52   4.4279244094488192E+01       16   5.8976562500000007E-01   5.9830888310882298E+00
      52   4.4279244094488192E+01       17   6.2875000000000003E-01   6.2421757681519709E+00
      52   4.4279244094488192E+01       18   6.6773437499999999E-01   5.5057065715007489E+00
      52   4.4279244094488192E+01       19   7.0671875000000006E-01   3.1542241653147389E+00
      52   4.4279244094488192E+01       20   7.4570312500000002E-01   9.0438819538490123E-01
      52   4.4279244094488192E+01       21   7.8468749999999998E-01   3.2208082361870055E-01
      52   4.4279244094488192E+01       22   8.2367187500000005E-01   1.6162616835775492E-01
      52   4.4279244094488192E+01       23   8.6265625000000001E-01   2.4913568833056840E-01
      52   4.4279244094488192E+01       24   9.0164062500000008E-01   5.1011048031989925E-01
      52   4.4279244094488192E+01       25   9.4062500000000004E-01   5.8711741639519355E-01
      52   4.4279244094488192E+01       26   9.7960937500000000E-01   2.8724150328152892E-01
      52   4.4279244094488192E+01       27   1.0185937500000000E+00   8.9411465284003983E-02
      52   4.4279244094488192E+01       28   1.0575781250000000E+00   6.8108374289250748E-02
      52   4.4279244094488192E+01       29   1.0965625000000001E+00   1.0650414079896975E-01
      52   4.4279244094488192E+01       30   1.1355468750000000E+00   1.6192776758157734E-01
      52   4.4279244094488192E+01       31   1.1745312500000000E+00   8.2412901705354563E-02
      52   4.4279244094488192E+01       32   1.2135156250000001E+00   5.1640629169573113E-02
      52   4.4279244094488192E+01       33   1.2524999999999999E+00   3.5336184814618997E-02
      52   4.4279244094488192E+01       34   1.2914843750000000E+00   2.9200880265519466E-02
      52   4.4279244094488192E+01       35   1.3304687500000001E+00   3.9803833450934578E-02
      52   4.4279244094488192E+01       36   1.3694531250000002E+00   3.5980873697012430E-02
      52   4.4279244094488192E+01       37   1.4084375000000000E+00   9.0521118156038222E-03
      52   4.4279244094488192E+01       38   1.4474218750000001E+00   2.1585640326890344E-02
      52   4.4279244094488192E+01       39   1.4864062500000002E+00   1.7763680068685565E-02
      52   4.4279244094488192E+01       40   1.5253906250000000E+00   5.3518108642045224E-03
      52   4.4279244094488192E+01       41   1.5643750000000001E+00   1.0158096320238837E-02
      52   4.4279244094488192E+01       42   1.6033593750000001E+00   4.4972648976247965E-03
      52   4.4279244094488192E+01       43   1.6423437500000000E+00   9.4911816764426307E-03
      52   4.4279244094488192E+01       44   1.6813281250000001E+00   9.2933231401775371E-03
      52   4.4279244094488192E+01       45   1.7203125000000001E+00   6.0870824829752862E-03
      52   4.4279244094488192E+01       46   1.7592968750000000E+00   2.3436243864102253E-03
      52   4.4279244094488192E+01       47   1.7982812500000001E+00   3.8648786909896791E-03
      52   4.4279244094488192E+01       48   1.8372656250000001E+00   2.5636241586418727E-03
      52   4.4279244094488192E+01       49   1.8762500000000000E+00   2.9362038925947100E-03
      52   4.4279244094488192E+01       50   1.9152343750000000E+00   4.8852547034141346E-03
      52   4.4279244094488192E+01       51   1.9542187500000001E+00   3.9964633850260618E-03
      52   4.4279244094488192E+01       52   1.9932031250000002E+00   3.9205833834946649E-03
      52   4.4279244094488192E+01       53   2.0321875000000000E+00   4.8188652925663586E-03
      52   4.4279244094488192E+01       54   2.0711718750000001E+00   2.6480107747970123E-03
      52   4.4279244094488192E+01       55   2.1101562500000002E+00   4.6948781760528515E-03
      52   4.4279244094488192E+01       56   2.1491406250000002E+00   2.8379155430290804E-03
      52   4.4279244094488192E+01       57   2.1881249999999999E+00   3.8706451645897761E-03
      52   4.4279244094488192E+01       58   2.2271093749999999E+00   2.2036650682712975E-03
      52   4.4279244094488192E+01       59   2.2660937500000000E+00   3.2831630306698195E-03
      52   4.4279244094488192E+01       60   2.3050781250000001E+00   2.5231532990830706E-03
      52   4.4279244094488192E+01       61   2.3440625000000002E+00   7.6460973070471205E-03
      52   4.4279244094488192E+01       62   2.3830468750000002E+00   6.4993946181459237E-03
      52   4.4279244094488192E+01       63   2.4220312500000003E+00   3.2492046914160489E-03
      52   4.4279244094488192E+01       64   2.4610156249999999E+00   7.9839803300203356E-03
 
      53   4.5147464566929138E+01        1   5.0000000000000001E-03   6.1214073850675368E+02
      53   4.5147464566929138E+01        2   4.3984374999999999E-02   5.1614402548133945E+01
      53   4.5147464566929138E+01        3   8.2968750000000008E-02   1.9176700654267986E+01
      53   4.5147464566929138E+01        4   1.2195312500000001E-01   1.1805300016133874E+01
      53   4.5147464566929138E+01        5   1.6093750000000001E-01   1.4102246795797063E+01
      53   4.5147464566929138E+01        6   1.9992187500000000E-01   1.6106643490244952E+01
      53   4.5147464566929138E+01        7   2.3890625000000001E-01   1.5089227580655646E+01
      53   4.5147464566929138E+01        8   2.7789062500000000E-01   1.3971116103583700E+01
      53   4.5147464566929138E+01        9   3.1687500000000002E-01   1.0308545500568554E+01
      53   4.5147464566929138E+01       10   3.5585937500000003E-01   8.4911326897928845E+00
      53   4.5147464566929138E+01       11   3.9484374999999999E-01   6.3599450508891824E+00
      53   4.5147464566929138E+01       12   4.3382812500000001E-01   2.9808516620542655E+00
      53   4.5147464566929138E+01       13   4.7281250000000002E-01   3.6801103149534775E+00
      53   4.5147464566929138E+01       14   5.1179687500000004E-01   3.0462932070578232E+00
      53   4.5147464566929138E+01       15   5.5078125000000000E-01   3.8669374719793312E+00
      53   4.5147464566929138E+01       16   5.8976562500000007E-01   5.5787689748846825E+00
      53   4.5147464566929138E+01       17   6.2875000000000003E-01   5.9267545045906580E+00
      53   4.5147464566929138E+01       18   6.6773437499999999E-01   5.2616331511600443E+00
      53   4.5147464566929138E+01       19   7.0671875000000006E-01   2.8891525523458754E+00
      53   4.5147464566929138E+01       20   7.4570312500000002E-01   8.0631259030865043E-01
      53   4.5147464566929138E+01       21   7.8468749999999998E-01   2.6528598034909667E-01
      53   4.5147464566929138E+01       22   8.2367187500000005E-01   1.8613762532781269E-01
      53   4.5147464566929138E+01       23   8.6265625000000001E-01   2.9503491505729357E-01
      53   4.5147464566929138E+01       24   9.0164062500000008E-01   5.2876283660485146E-01
      53   4.5147464566929138E+01       25   9.4062500000000004E-01   5.7232829503349913E-01
      53   4.5147464566929138E+01       26   9.7960937500000000E-01   2.4690678667314578E-01
      53   4.5147464566929138E+01       27   1.0185937500000000E+00   6.9903757730267066E-02
      53   4.5147464566929138E+01       28   1.0575781250000000E+00   8.9336013434906811E-02
      53   4.5147464566929138E+01       29   1.0965625000000001E+00   1.3826780791888738E-01
      53   4.5147464566929138E+01       30   1.1355468750000000E+00   1.7469849047308544E-01
      53   4.5147464566929138E+01       31   1.1745312500000000E+00   7.5077704846289881E-02
      53   4.5147464566929138E+01       32   1.2135156250000001E+00   3.7814828159488841E-02
      53   4.5147464566929138E+01       33   1.2524999999999999E+00   4.2851902896822183E-02
      53   4.5147464566929138E+01       34   1.2914843750000000E+00   3.6423604423185686E-02
      53   4.5147464566929138E+01       35   1.3304687500000001E+00   4.0770779701290061E-02
      53   4.5147464566929138E+01       36   1.3694531250000002E+00   2.9243301494286528E-02
      53   4.5147464566929138E+01       37   1.4084375000000000E+00   1.0475794032452992E-02
      53   4.5147464566929138E+01       38   1.4474218750000001E+00   2.6184488576261482E-02
      53   4.5147464566929138E+01       39   1.4864062500000002E+00   1.4731159154045355E-02
      53   4.5147464566929138E+01       40   1.5253906250000000E+00   5.6790100737380486E-03
      53   4.5147464566929138E+01       41   1.5643750000000001E+00   1.2087378578958878E-02
      53   4.5147464566929138E+01       42   1.6033593750000001E+00   3.5744115739854880E-03
      53   4.5147464566929138E+01       43   1.6423437500000000E+00   8.0972190950925737E-03
      53   4.5147464566929138E+01       44   1.6813281250000001E+00   1.0098759472634895E-02
      53   4.5147464566929138E+01       45   1.7203125000000001E+00   4.8619931343245101E-03
      53   4.5147464566929138E+01       46   1.7592968750000000E+00   2.9525144880406464E-03
      53   4.5147464566929138E+01       47   1.7982812500000001E+00   5.0857207973442429E-03
      53   4.5147464566929138E+01       48   1.8372656250000001E+00   2.3528703828061830E-03
      53   4.5147464566929138E+01       49   1.8762500000000000E+00   3.4242054857928882E-03
      53   4.5147464566929138E+01       50   1.9152343750000000E+00   4.5182962190413794E-03
      53   4.5147464566929138E+01       51   1.9542187500000001E+00   4.1139309123678115E-03
      53   4.5147464566929138E+01       52   1.9932031250000002E+00   3.7257407219610794E-03
      53   4.5147464566929138E+01       53   2.0321875000000000E+00   4.5231683505363440E-03
      53   4.5147464566929138E+01       54   2.0711718750000001E+00   2.5529967434134038E-03
      53   4.5147464566929138E+01       55   2.1101562500000002E+00   4.6220267551107521E-03
      53   4.5147464566929138E+01       56   2.1491406250000002E+00   2.5226895808165154E-03
      53   4.5147464566929138E+01       57   2.1881249999999999E+00   3.6985586532184995E-03
      53   4.5147464566929138E+01       58   2.2271093749999999E+00   2.1605715189736323E-03
      53   4.5147464566929138E+01       59   2.2660937500000000E+00   3.1833177920263878E-03
      53   4.5147464566929138E+01       60   2.3050781250000001E+00   2.6116146673679157E-03
      53   4.5147464566929138E+01       61   2.3440625000000002E+00   7.1458778664454416E-03
      53   4.5147464566929138E+01       62   2.3830468750000002E+00   6.2391584855131452E-03
      53   4.5147464566929138E+01       63   2.4220312500000003E+00   3.5002632449881148E-03
      53   4.5147464566929138E+01       64   2.4610156249999999E+00   7.6789516723766976E-03
 
      54   4.6015685039370084E+01        1   5.0000000000000001E-03   6.3311685219977153E+02
      54   4.6015685039370084E+01        2   4.3984374999999999E-02   5.4200710843827217E+01
      54   4.6015685039370084E+01        3   8.2968750000000008E-02   2.0314575991185205E+01
      54   4.6015685039370084E+01        4   1.2195312500000001E-01   1.2444097547985772E+01
      54   4.6015685039370084E+01        5   1.6093750000000001E-01   1.4703119364186264E+01
      54   4.6015685039370084E+01        6   1.9992187500000000E-01   1.6762402681100173E+01
      54   4.6015685039370084E+01        7   2.3890625000000001E-01   1.5651865940789749E+01
      54   4.6015685039370084E+01        8   2.7789062500000000E-01   1.4132548350136023E+01
      54   4.6015685039370084E+01        9   3.1687500000000002E-01   1.0338834136075732E+01
      54   4.6015685039370084E+01       10   3.5585937500000003E-01   8.4433613411921478E+00
      54   4.6015685039370084E+01       11   3.9484374999999999E-01   6.2345113200012117E+00
      54   4.6015685039370084E+01       12   4.3382812500000001E-01   2.9055317429143894E+00
      54   4.6015685039370084E+01       13   4.7281250000000002E-01   3.2937651689466438E+00
      54   4.6015685039370084E+01       14   5.1179687500000004E-01   2.7268768764269566E+00
      54   4.6015685039370084E+01       15   5.5078125000000000E-01   3.5956435188962925E+00
      54   4.6015685039370084E+01       16   5.8976562500000007E-01   5.1349107102641760E+00
      54   4.6015685039370084E+01       17   6.2875000000000003E-01   5.6248359998197630E+00
      54   4.6015685039370084E+01       18   6.6773437499999999E-01   4.9687838270246392E+00
      54   4.6015685039370084E+01       19   7.0671875000000006E-01   2.6931850585435742E+00
      54   4.6015685039370084E+01       20   7.4570312500000002E-01   7.2392784687411749E-01
      54   4.6015685039370084E+01       21   7.8468749999999998E-01   2.0626161711722929E-01
      54   4.6015685039370084E+01       22   8.2367187500000005E-01   2.2670178363020224E-01
      54   4.6015685039370084E+01       23   8.6265625000000001E-01   3.2454168355499147E-01
      54   4.6015685039370084E+01       24   9.0164062500000008E-01   5.2862002561593013E-01
      54   4.6015685039370084E+01       25   9.4062500000000004E-01   5.3169159399598631E-01
      54   4.6015685039370084E+01       26   9.7960937500000000E-01   2.0715719193468538E-01
      54   4.6015685039370084E+01       27   1.0185937500000000E+00   5.7905798649626465E-02
      54   4.6015685039370084E+01       28   1.0575781250000000E+00   1.1874306323840877E-01
      54   4.6015685039370084E+01       29   1.0965625000000001E+00   1.6525062529368692E-01
      54   4.6015685039370084E+01       30   1.1355468750000000E+00   1.6986122282777993E-01
      54   4.6015685039370084E+01       31   1.1745312500000000E+00   6.1004362182270677E-02
      54   4.6015685039370084E+01       32   1.2135156250000001E+00   3.2095920895615596E-02
      54   4.6015685039370084E+01       33   1.2524999999999999E+00   5.8214826728166538E-02
      54   4.6015685039370084E+01       34   1.2914843750000000E+00   4.3523199949958423E-02
      54   4.6015685039370084E+01       35   1.3304687500000001E+00   3.6614527005603310E-02
      54   4.6015685039370084E+01       36   1.3694531250000002E+00   2.4306408951939897E-02
      54   4.6015685039370084E+01       37   1.4084375000000000E+00   1.2836161730254848E-02
      54   4.6015685039370084E+01       38   1.4474218750000001E+00   2.8111875193413707E-02
      54   4.6015685039370084E+01       39   1.4864062500000002E+00   1.0925282822352812E-02
      54   4.6015685039370084E+01       40   1.5253906250000000E+00   6.6516578005199126E-03
      54   4.6015685039370084E+01       41   1.5643750000000001E+00   1.2632142899943173E-02
      54   4.6015685039370084E+01       42   1.6033593750000001E+00   4.0644465714976541E-03
      54   4.6015685039370084E+01       43   1.6423437500000000E+00   6.2050777092712084E-03
      54   4.6015685039370084E+01       44   1.6813281250000001E+00   1.0342272169992776E-02
      54   4.6015685039370084E+01       45   1.7203125000000001E+00   4.6615733546474612E-03
      54   4.6015685039370084E+01       46   1.7592968750000000E+00   3.0922304421327437E-03
      54   4.6015685039370084E+01       47   1.7982812500000001E+00   5.6062633504346156E-03
      54   4.6015685039370084E+01       48   1.8372656250000001E+00   2.0790438705794653E-03
      54   4.6015685039370084E+01       49   1.8762500000000000E+00   3.9471836375621445E-03
      54   4.6015685039370084E+01       50   1.9152343750000000E+00   4.4396417855566634E-03
      54   4.6015685039370084E+01       51   1.9542187500000001E+00   4.2305448045151812E-03
      54   4.6015685039370084E+01       52   1.9932031250000002E+00   3.8555597564035493E-03
      54   4.6015685039370084E+01       53   2.0321875000000000E+00   4.2612148050994681E-03
      54   4.6015685039370084E+01       54   2.0711718750000001E+00   2.4700854429649186E-03
      54   4.6015685039370084E+01       55   2.1101562500000002E+00   4.8346116922827476E-03
      54   4.6015685039370084E+01       56   2.1491406250000002E+00   2.2970631038352748E-03
      54   4.6015685039370084E+01       57   2.1881249999999999E+00   3.7581971762818056E-03
      54   4.6015685039370084E+01       58   2.2271093749999999E+00   2.2299853451712833E-03
      54   4.6015685039370084E+01       59   2.2660937500000000E+00   3.2111432460978462E-03
      54   4.6015685039370084E+01       60   2.3050781250000001E+00   2.6070359576671719E-03
      54   4.6015685039370084E+01       61   2.3440625000000002E+00   6.6004497296239736E-03
      54   4.6015685039370084E+01       62   2.3830468750000002E+00   5.9705889113004862E-03
      54   4.6015685039370084E+01       63   2.4220312500000003E+00   3.6418969893345890E-03
      54   4.6015685039370084E+01       64   2.4610156249999999E+00   7.4285076969492396E-03
 
      55   4.6883905511811022E+01        1   5.0000000000000001E-03   6.5971112592441932E+02
      55   4.6883905511811022E+01        2   4.3984374999999999E-02   5.7661663330481190E+01
      55   4.6883905511811022E+01        3   8.2968750000000008E-02   2.1895439782772126E+01
      55   4.6883905511811022E+01        4   1.2195312500000001E-01   1.3246085447514973E+01
      55   4.6883905511811022E+01        5   1.6093750000000001E-01   1.5353635388766556E+01
      55   4.6883905511811022E+01        6   1.9992187500000000E-01   1.7171549257612789E+01
      55   4.6883905511811022E+01        7   2.3890625000000001E-01   1.5833898704968137E+01
      55   4.6883905511811022E+01        8   2.7789062500000000E-01   1.4149960659196323E+01
      55   4.6883905511811022E+01        9   3.1687500000000002E-01   1.0333155600955898E+01
      55   4.6883905511811022E+01       10   3.5585937500000003E-01   8.1661053465618583E+00
      55   4.6883905511811022E+01       11   3.9484374999999999E-01   5.9304829292672467E+00
      55   4.6883905511811022E+01       12   4.3382812500000001E-01   2.7040567407725993E+00
      55   4.6883905511811022E+01       13   4.7281250000000002E-01   2.9543708326508855E+00
      55   4.6883905511811022E+01       14   5.1179687500000004E-01   2.5066126696246491E+00
      55   4.6883905511811022E+01       15   5.5078125000000000E-01   3.2942926206654120E+00
      55   4.6883905511811022E+01       16   5.8976562500000007E-01   4.7443141896808996E+00
      55   4.6883905511811022E+01       17   6.2875000000000003E-01   5.3184482367709949E+00
      55   4.6883905511811022E+01       18   6.6773437499999999E-01   4.6568530244196173E+00
      55   4.6883905511811022E+01       19   7.0671875000000006E-01   2.5769236020376689E+00
      55   4.6883905511811022E+01       20   7.4570312500000002E-01   6.5865758203559188E-01
      55   4.6883905511811022E+01       21   7.8468749999999998E-01   1.8782396739223439E-01
      55   4.6883905511811022E+01       22   8.2367187500000005E-01   2.5536836095689008E-01
      55   4.6883905511811022E+01       23   8.6265625000000001E-01   3.3519921529091729E-01
      55   4.6883905511811022E+01       24   9.0164062500000008E-01   4.9723484362387183E-01
      55   4.6883905511811022E+01       25   9.4062500000000004E-01   4.7124223425432754E-01
      55   4.6883905511811022E+01       26   9.7960937500000000E-01   1.7266564262449549E-01
      55   4.6883905511811022E+01       27   1.0185937500000000E+00   5.6942183086260159E-02
      55   4.6883905511811022E+01       28   1.0575781250000000E+00   1.4590708630208871E-01
      55   4.6883905511811022E+01       29   1.0965625000000001E+00   1.7783104488287765E-01
      55   4.6883905511811022E+01       30   1.1355468750000000E+00   1.4979595741681115E-01
      55   4.6883905511811022E+01       31   1.1745312500000000E+00   4.6656520434325603E-02
      55   4.6883905511811022E+01       32   1.2135156250000001E+00   3.8122049516644864E-02
      55   4.6883905511811022E+01       33   1.2524999999999999E+00   7.5424394492898797E-02
      55   4.6883905511811022E+01       34   1.2914843750000000E+00   4.6574038228017131E-02
      55   4.6883905511811022E+01       35   1.3304687500000001E+00   2.8646872162928484E-02
      55   4.6883905511811022E+01       36   1.3694531250000002E+00   2.4033540652072628E-02
      55   4.6883905511811022E+01       37   1.4084375000000000E+00   1.5147718293396771E-02
      55   4.6883905511811022E+01       38   1.4474218750000001E+00   2.6724191715185985E-02
      55   4.6883905511811022E+01       39   1.4864062500000002E+00   8.6545337242027471E-03
      55   4.6883905511811022E+01       40   1.5253906250000000E+00   7.8106427088944028E-03
      55   4.6883905511811022E+01       41   1.5643750000000001E+00   1.1315747295929055E-02
      55   4.6883905511811022E+01       42   1.6033593750000001E+00   5.7661604894181781E-03
      55   4.6883905511811022E+01       43   1.6423437500000000E+00   5.1724447570641119E-03
      55   4.6883905511811022E+01       44   1.6813281250000001E+00   9.6601976422633368E-03
      55   4.6883905511811022E+01       45   1.7203125000000001E+00   5.6805093106477005E-03
      55   4.6883905511811022E+01       46   1.7592968750000000E+00   2.8080203662752645E-03
      55   4.6883905511811022E+01       47   1.7982812500000001E+00   4.8080586108284482E-03
      55   4.6883905511811022E+01       48   1.8372656250000001E+00   2.0794158142502430E-03
      55   4.6883905511811022E+01       49   1.8762500000000000E+00   4.1318907833272156E-03
      55   4.6883905511811022E+01       50   1.9152343750000000E+00   4.6946807409849372E-03
      55   4.6883905511811022E+01       51   1.9542187500000001E+00   4.5523269785258686E-03
      55   4.6883905511811022E+01       52   1.9932031250000002E+00   4.1170744422586491E-03
      55   4.6883905511811022E+01       53   2.0321875000000000E+00   4.1108709703765092E-03
      55   4.6883905511811022E+01       54   2.0711718750000001E+00   2.4972213454746224E-03
      55   4.6883905511811022E+01       55   2.1101562500000002E+00   4.9584035018555399E-03
      55   4.6883905511811022E+01       56   2.1491406250000002E+00   2.2825512035862410E-03
      55   4.6883905511811022E+01       57   2.1881249999999999E+00   4.1470683471280948E-03
      55   4.6883905511811022E+01       58   2.2271093749999999E+00   2.3884897156902433E-03
      55   4.6883905511811022E+01       59   2.2660937500000000E+00   3.3006446093861307E-03
      55   4.6883905511811022E+01       60   2.3050781250000001E+00   2.4618862909903463E-03
      55   4.6883905511811022E+01       61   2.3440625000000002E+00   5.9617676681911168E-03
      55   4.6883905511811022E+01       62   2.3830468750000002E+00   5.8808876073723976E-03
      55   4.6883905511811022E+01       63   2.4220312500000003E+00   3.7369902510726804E-03
      55   4.6883905511811022E+01       64   2.4610156249999999E+00   7.2813874098056827E-03
 
      56   4.7752125984251968E+01        1   5.0000000000000001E-03   6.8380103696814001E+02
      56   4.7752125984251968E+01        2   4.3984374999999999E-02   6.1087683480694437E+01
      56   4.7752125984251968E+01        3   8.2968750000000008E-02   2.3524996439471252E+01
      56   4.7752125984251968E+01        4   1.2195312500000001E-01   1.3991671169081583E+01
      56   4.7752125984251968E+01        5   1.6093750000000001E-01   1.5834316392706301E+01
      56   4.7752125984251968E+01        6   1.9992187500000000E-01   1.7237899077839675E+01
      56   4.7752125984251968E+01        7   2.3890625000000001E-01   1.5627948678867584E+01
      56   4.7752125984251968E+01        8   2.7789062500000000E-01   1.4038820550362543E+01
      56   4.7752125984251968E+01        9   3.1687500000000002E-01   1.0345069418734335E+01
      56   4.7752125984251968E+01       10   3.5585937500000003E-01   7.7649789719953004E+00
      56   4.7752125984251968E+01       11   3.9484374999999999E-01   5.4914596922443684E+00
      56   4.7752125984251968E+01       12   4.3382812500000001E-01   2.4126735185762698E+00
      56   4.7752125984251968E+01       13   4.7281250000000002E-01   2.7422644597018468E+00
      56   4.7752125984251968E+01       14   5.1179687500000004E-01   2.3802107043696954E+00
      56   4.7752125984251968E+01       15   5.5078125000000000E-01   3.0139680894930110E+00
      56   4.7752125984251968E+01       16   5.8976562500000007E-01   4.4491043921905957E+00
      56   4.7752125984251968E+01       17   6.2875000000000003E-01   5.0135127339819592E+00
      56   4.7752125984251968E+01       18   6.6773437499999999E-01   4.4000205208938583E+00
      56   4.7752125984251968E+01       19   7.0671875000000006E-01   2.5033864105017867E+00
      56   4.7752125984251968E+01       20   7.4570312500000002E-01   6.1582171944595343E-01
      56   4.7752125984251968E+01       21   7.8468749999999998E-01   2.2424659385684015E-01
      56   4.7752125984251968E+01       22   8.2367187500000005E-01   2.5598157283313294E-01
      56   4.7752125984251968E+01       23   8.6265625000000001E-01   3.2965629974702804E-01
      56   4.7752125984251968E+01       24   9.0164062500000008E-01   4.2971010603098009E-01
      56   4.7752125984251968E+01       25   9.4062500000000004E-01   3.9949699828852203E-01
      56   4.7752125984251968E+01       26   9.7960937500000000E-01   1.4570662784720173E-01
      56   4.7752125984251968E+01       27   1.0185937500000000E+00   6.7417245236713830E-02
      56   4.7752125984251968E+01       28   1.0575781250000000E+00   1.6239874917146038E-01
      56   4.7752125984251968E+01       29   1.0965625000000001E+00   1.7155237754731514E-01
      56   4.7752125984251968E+01       30   1.1355468750000000E+00   1.2120019777418177E-01
      56   4.7752125984251968E+01       31   1.1745312500000000E+00   3.9577390512408606E-02
      56   4.7752125984251968E+01       32   1.2135156250000001E+00   5.4951422446129196E-02
      56   4.7752125984251968E+01       33   1.2524999999999999E+00   8.6812349491719690E-02
      56   4.7752125984251968E+01       34   1.2914843750000000E+00   4.2784534738646865E-02
      56   4.7752125984251968E+01       35   1.3304687500000001E+00   2.0614557803291619E-02
      56   4.7752125984251968E+01       36   1.3694531250000002E+00   3.0121637683347288E-02
      56   4.7752125984251968E+01       37   1.4084375000000000E+00   1.6262038877033907E-02
      56   4.7752125984251968E+01       38   1.4474218750000001E+00   2.2350326362348634E-02
      56   4.7752125984251968E+01       39   1.4864062500000002E+00   9.1357926827185520E-03
      56   4.7752125984251968E+01       40   1.5253906250000000E+00   8.5964091296897669E-03
      56   4.7752125984251968E+01       41   1.5643750000000001E+00   8.7939803801367813E-03
      56   4.7752125984251968E+01       42   1.6033593750000001E+00   7.6354514352569430E-03
      56   4.7752125984251968E+01       43   1.6423437500000000E+00   5.6282784355888883E-03
      56   4.7752125984251968E+01       44   1.6813281250000001E+00   8.3053070915607725E-03
      56   4.7752125984251968E+01       45   1.7203125000000001E+00   7.0463021382191045E-03
      56   4.7752125984251968E+01       46   1.7592968750000000E+00   2.3542293255626092E-03
      56   4.7752125984251968E+01       47   1.7982812500000001E+00   3.4259627746341783E-03
      56   4.7752125984251968E+01       48   1.8372656250000001E+00   2.2660605541246354E-03
      56   4.7752125984251968E+01       49   1.8762500000000000E+00   4.1823611784921957E-03
      56   4.7752125984251968E+01       50   1.9152343750000000E+00   5.0900290509754064E-03
      56   4.7752125984251968E+01       51   1.9542187500000001E+00   5.1368640466125173E-03
      56   4.7752125984251968E+01       52   1.9932031250000002E+00   3.9775081089675245E-03
      56   4.7752125984251968E+01       53   2.0321875000000000E+00   4.0402736671539177E-03
      56   4.7752125984251968E+01       54   2.0711718750000001E+00   2.6567041343256142E-03
      56   4.7752125984251968E+01       55   2.1101562500000002E+00   4.7788267503331913E-03
      56   4.7752125984251968E+01       56   2.1491406250000002E+00   2.4910239982694560E-03
      56   4.7752125984251968E+01       57   2.1881249999999999E+00   4.5727861396970227E-03
      56   4.7752125984251968E+01       58   2.2271093749999999E+00   2.4659690706058360E-03
      56   4.7752125984251968E+01       59   2.2660937500000000E+00   3.3829436517076087E-03
      56   4.7752125984251968E+01       60   2.3050781250000001E+00   2.2816082638756961E-03
      56   4.7752125984251968E+01       61   2.3440625000000002E+00   5.3961683835340724E-03
      56   4.7752125984251968E+01       62   2.3830468750000002E+00   5.8506553928064572E-03
      56   4.7752125984251968E+01       63   2.4220312500000003E+00   3.8012727653952559E-03
      56   4.7752125984251968E+01       64   2.4610156249999999E+00   7.0753916390532672E-03
 
      57   4.8620346456692907E+01        1   5.0000000000000001E-03   6.9708880782055280E+02
      57   4.8620346456692907E+01        2   4.3984374999999999E-02   6.3489487117715370E+01
      57   4.8620346456692907E+01        3   8.2968750000000008E-02   2.4778324287404988E+01
      57   4.8620346456692907E+01        4   1.2195312500000001E-01   1.4474633025426030E+01
      57   4.8620346456692907E+01        5   1.6093750000000001E-01   1.5963908324613273E+01
      57   4.8620346456692907E+01        6   1.9992187500000000E-01   1.6978117816954835E+01
      57   4.8620346456692907E+01        7   2.3890625000000001E-01   1.5131045376012020E+01
      57   4.8620346456692907E+01        8   2.7789062500000000E-01   1.3797056000982414E+01
      57   4.8620346456692907E+01        9   3.1687500000000002E-01   1.0364768923171448E+01
      57   4.8620346456692907E+01       10   3.5585937500000003E-01   7.3622669518652728E+00
      57   4.8620346456692907E+01       11   3.9484374999999999E-01   5.0314816746316584E+00
      57   4.8620346456692907E+01       12   4.3382812500000001E-01   2.1185498185891474E+00
      57   4.8620346456692907E+01       13   4.7281250000000002E-01   2.6633023327655247E+00
      57   4.8620346456692907E+01       14   5.1179687500000004E-01   2.3315673844289480E+00
      57   4.8620346456692907E+01       15   5.5078125000000000E-01   2.8303893886525486E+00
      57   4.8620346456692907E+01       16   5.8976562500000007E-01   4.2375651025013550E+00
      57   4.8620346456692907E+01       17   6.2875000000000003E-01   4.7604673220939908E+00
      57   4.8620346456692907E+01       18   6.6773437499999999E-01   4.2543759623279263E+00
      57   4.8620346456692907E+01       19   7.0671875000000006E-01   2.4479863804653905E+00
      57   4.8620346456692907E+01       20   7.4570312500000002E-01   6.0597501333865300E-01
      57   4.8620346456692907E+01       21   7.8468749999999998E-01   2.8558993246497705E-01
      57   4.8620346456692907E+01       22   8.2367187500000005E-01   2.4252106674846757E-01
      57   4.8620346456692907E+01       23   8.6265625000000001E-01   3.0660581592631270E-01
      57   4.8620346456692907E+01       24   9.0164062500000008E-01   3.4271339237557780E-01
      57   4.8620346456692907E+01       25   9.4062500000000004E-01   3.2931661312121413E-01
      57   4.8620346456692907E+01       26   9.7960937500000000E-01   1.3432869868962594E-01
      57   4.8620346456692907E+01       27   1.0185937500000000E+00   8.5000188751984423E-02
      57   4.8620346456692907E+01       28   1.0575781250000000E+00   1.6590259439113719E-01
      57   4.8620346456692907E+01       29   1.0965625000000001E+00   1.5004194284004999E-01
      57   4.8620346456692907E+01       30   1.1355468750000000E+00   9.4293673954669519E-02
      57   4.8620346456692907E+01       31   1.1745312500000000E+00   4.1732632216035292E-02
      57   4.8620346456692907E+01       32   1.2135156250000001E+00   7.6215523018601364E-02
      57   4.8620346456692907E+01       33   1.2524999999999999E+00   8.7256004782968549E-02
      57   4.8620346456692907E+01       34   1.2914843750000000E+00   3.3211464974367860E-02
      57   4.8620346456692907E+01       35   1.3304687500000001E+00   1.7610950314824684E-02
      57   4.8620346456692907E+01       36   1.3694531250000002E+00   4.0017300570990386E-02
      57   4.8620346456692907E+01       37   1.4084375000000000E+00   1.5354213081883844E-02
      57   4.8620346456692907E+01       38   1.4474218750000001E+00   1.6673733366564334E-02
      57   4.8620346456692907E+01       39   1.4864062500000002E+00   1.2360772571655429E-02
      57   4.8620346456692907E+01       40   1.5253906250000000E+00   8.9542524044594774E-03
      57   4.8620346456692907E+01       41   1.5643750000000001E+00   6.8962849221795392E-03
      57   4.8620346456692907E+01       42   1.6033593750000001E+00   8.2798592878662990E-03
      57   4.8620346456692907E+01       43   1.6423437500000000E+00   7.1911534169034688E-03
      57   4.8620346456692907E+01       44   1.6813281250000001E+00   7.4356877529048529E-03
      57   4.8620346456692907E+01       45   1.7203125000000001E+00   7.6318917786827260E-03
      57   4.8620346456692907E+01       46   1.7592968750000000E+00   1.9542514423796266E-03
      57   4.8620346456692907E+01       47   1.7982812500000001E+00   2.6252685684135775E-03
      57   4.8620346456692907E+01       48   1.8372656250000001E+00   2.3187673523911404E-03
      57   4.8620346456692907E+01       49   1.8762500000000000E+00   4.4005988750647242E-03
      57   4.8620346456692907E+01       50   1.9152343750000000E+00   5.2402850554459160E-03
      57   4.8620346456692907E+01       51   1.9542187500000001E+00   5.6468603407922357E-03
      57   4.8620346456692907E+01       52   1.9932031250000002E+00   3.5005050649419434E-03
      57   4.8620346456692907E+01       53   2.0321875000000000E+00   4.0423728429143917E-03
      57   4.8620346456692907E+01       54   2.0711718750000001E+00   2.7558141165506225E-03
      57   4.8620346456692907E+01       55   2.1101562500000002E+00   4.5849042242119267E-03
      57   4.8620346456692907E+01       56   2.1491406250000002E+00   2.8764529602543884E-03
      57   4.8620346456692907E+01       57   2.1881249999999999E+00   4.6010844418066590E-03
      57   4.8620346456692907E+01       58   2.2271093749999999E+00   2.3097204165178648E-03
      57   4.8620346456692907E+01       59   2.2660937500000000E+00   3.4427153053424079E-03
      57   4.8620346456692907E+01       60   2.3050781250000001E+00   2.1591892222714705E-03
      57   4.8620346456692907E+01       61   2.3440625000000002E+00   5.1660421852354130E-03
      57   4.8620346456692907E+01       62   2.3830468750000002E+00   5.7472896487070907E-03
      57   4.8620346456692907E+01       63   2.4220312500000003E+00   3.7978127788495324E-03
      57   4.8620346456692907E+01       64   2.4610156249999999E+00   6.6335905531235209E-03
 
      58   4.9488566929133853E+01        1   5.0000000000000001E-03   6.9489832086535978E+02
      58   4.9488566929133853E+01        2   4.3984374999999999E-02   6.4220885953630727E+01
      58   4.9488566929133853E+01        3   8.2968750000000008E-02   2.5367287634003510E+01
      58   4.9488566929133853E+01        4   1.2195312500000001E-01   1.4570221987402615E+01
      58   4.9488566929133853E+01        5   1.6093750000000001E-01   1.5702679004672593E+01
      58   4.9488566929133853E+01        6   1.9992187500000000E-01   1.6494659109135849E+01
      58   4.9488566929133853E+01        7   2.3890625000000001E-01   1.4484931636070440E+01
      58   4.9488566929133853E+01        8   2.7789062500000000E-01   1.3421606838322356E+01
      58   4.9488566929133853E+01        9   3.1687500000000002E-01   1.0330268785778260E+01
      58   4.9488566929133853E+01       10   3.5585937500000003E-01   7.0410751049231823E+00
      58   4.9488566929133853E+01       11   3.9484374999999999E-01   4.7058110266119808E+00
      58   4.9488566929133853E+01       12   4.3382812500000001E-01   1.9156461598126027E+00
      58   4.9488566929133853E+01       13   4.7281250000000002E-01   2.6804769689762860E+00
      58   4.9488566929133853E+01       14   5.1179687500000004E-01   2.3567407517479850E+00
      58   4.9488566929133853E+01       15   5.5078125000000000E-01   2.7951589395926617E+00
      58   4.9488566929133853E+01       16   5.8976562500000007E-01   4.1140464744569876E+00
      58   4.9488566929133853E+01       17   6.2875000000000003E-01   4.6151086572029962E+00
      58   4.9488566929133853E+01       18   6.6773437499999999E-01   4.2287512877413898E+00
      58   4.9488566929133853E+01       19   7.0671875000000006E-01   2.4275662162991472E+00
      58   4.9488566929133853E+01       20   7.4570312500000002E-01   6.3904122636415084E-01
      58   4.9488566929133853E+01       21   7.8468749999999998E-01   3.3085112431016950E-01
      58   4.9488566929133853E+01       22   8.2367187500000005E-01   2.3883217524396580E-01
      58   4.9488566929133853E+01       23   8.6265625000000001E-01   2.6373216334976823E-01
      58   4.9488566929133853E+01       24   9.0164062500000008E-01   2.6649007300197364E-01
      58   4.9488566929133853E+01       25   9.4062500000000004E-01   2.7906854786923901E-01
      58   4.9488566929133853E+01       26   9.7960937500000000E-01   1.4816616464854898E-01
      58   4.9488566929133853E+01       27   1.0185937500000000E+00   1.0499688540925184E-01
      58   4.9488566929133853E+01       28   1.0575781250000000E+00   1.5840109426895937E-01
      58   4.9488566929133853E+01       29   1.0965625000000001E+00   1.2194333639929296E-01
      58   4.9488566929133853E+01       30   1.1355468750000000E+00   7.8226387632828090E-02
      58   4.9488566929133853E+01       31   1.1745312500000000E+00   5.0532041417867074E-02
      58   4.9488566929133853E+01       32   1.2135156250000001E+00   9.3229854765217696E-02
      58   4.9488566929133853E+01       33   1.2524999999999999E+00   7.6185852948186195E-02
      58   4.9488566929133853E+01       34   1.2914843750000000E+00   2.2223003550379407E-02
      58   4.9488566929133853E+01       35   1.3304687500000001E+00   2.1906418562138485E-02
      58   4.9488566929133853E+01       36   1.3694531250000002E+00   4.8097714895010128E-02
      58   4.9488566929133853E+01       37   1.4084375000000000E+00   1.2591198448675891E-02
      58   4.9488566929133853E+01       38   1.4474218750000001E+00   1.2357179768129280E-02
      58   4.9488566929133853E+01       39   1.4864062500000002E+00   1.6521320199360225E-02
      58   4.9488566929133853E+01       40   1.5253906250000000E+00   8.7175718071656142E-03
      58   4.9488566929133853E+01       41   1.5643750000000001E+00   7.1077263372190764E-03
      58   4.9488566929133853E+01       42   1.6033593750000001E+00   6.9403797809478081E-03
      58   4.9488566929133853E+01       43   1.6423437500000000E+00   8.5726122333795868E-03
      58   4.9488566929133853E+01       44   1.6813281250000001E+00   8.1092925309642679E-03
      58   4.9488566929133853E+01       45   1.7203125000000001E+00   7.0073935037372704E-03
      58   4.9488566929133853E+01       46   1.7592968750000000E+00   1.6406911500074356E-03
      58   4.9488566929133853E+01       47   1.7982812500000001E+00   2.6983880715268972E-03
      58   4.9488566929133853E+01       48   1.8372656250000001E+00   2.0315990605371047E-03
      58   4.9488566929133853E+01       49   1.8762500000000000E+00   4.7166010032200518E-03
      58   4.9488566929133853E+01       50   1.9152343750000000E+00   4.9308658964011152E-03
      58   4.9488566929133853E+01       51   1.9542187500000001E+00   5.5340569388200554E-03
      58   4.9488566929133853E+01       52   1.9932031250000002E+00   3.3870150473108494E-03
      58   4.9488566929133853E+01       53   2.0321875000000000E+00   4.1263578463378789E-03
      58   4.9488566929133853E+01       54   2.0711718750000001E+00   2.6841085867062215E-03
      58   4.9488566929133853E+01       55   2.1101562500000002E+00   4.5901366757807090E-03
      58   4.9488566929133853E+01       56   2.1491406250000002E+00   3.2172403905154443E-03
      58   4.9488566929133853E+01       57   2.1881249999999999E+00   4.2176385858095590E-03
      58   4.9488566929133853E+01       58   2.2271093749999999E+00   2.0349991974858502E-03
      58   4.9488566929133853E+01       59   2.2660937500000000E+00   3.4746467685917897E-03
      58   4.9488566929133853E+01       60   2.3050781250000001E+00   2.1136273883526416E-03
      58   4.9488566929133853E+01       61   2.3440625000000002E+00   5.2995678344916267E-03
      58   4.9488566929133853E+01       62   2.3830468750000002E+00   5.6369651947292456E-03
      58   4.9488566929133853E+01       63   2.4220312500000003E+00   3.6996227927203898E-03
      58   4.9488566929133853E+01       64   2.4610156249999999E+00   6.0831691853328474E-03
 
      59   5.0356787401574799E+01        1   5.0000000000000001E-03   6.7753750929709179E+02
      59   5.0356787401574799E+01        2   4.3984374999999999E-02   6.3121842744890145E+01
      59   5.0356787401574799E+01        3   8.2968750000000008E-02   2.5171868680550485E+01
      59   5.0356787401574799E+01        4   1.2195312500000001E-01   1.4274359833787960E+01
      59   5.0356787401574799E+01        5   1.6093750000000001E-01   1.5187865710202049E+01
      59   5.0356787401574799E+01        6   1.9992187500000000E-01   1.5937383350992471E+01
      59   5.0356787401574799E+01        7   2.3890625000000001E-01   1.3818660963222444E+01
      59   5.0356787401574799E+01        8   2.7789062500000000E-01   1.2959253253972186E+01
      59   5.0356787401574799E+01        9   3.1687500000000002E-01   1.0203173545131964E+01
      59   5.0356787401574799E+01       10   3.5585937500000003E-01   6.8379657139229000E+00
      59   5.0356787401574799E+01       11   3.9484374999999999E-01   4.6364228418279412E+00
      59   5.0356787401574799E+01       12   4.3382812500000001E-01   1.8626175651241939E+00
      59   5.0356787401574799E+01       13   4.7281250000000002E-01   2.7615506681724744E+00
      59   5.0356787401574799E+01       14   5.1179687500000004E-01   2.4517422545921490E+00
      59   5.0356787401574799E+01       15   5.5078125000000000E-01   2.9191038017469064E+00
      59   5.0356787401574799E+01       16   5.8976562500000007E-01   4.1302701035840235E+00
      59   5.0356787401574799E+01       17   6.2875000000000003E-01   4.6012659490826158E+00
      59   5.0356787401574799E+01       18   6.6773437499999999E-01   4.3023591416281981E+00
      59   5.0356787401574799E+01       19   7.0671875000000006E-01   2.4757267468124060E+00
      59   5.0356787401574799E+01       20   7.4570312500000002E-01   7.1148753399803810E-01
      59   5.0356787401574799E+01       21   7.8468749999999998E-01   3.5027914945467992E-01
      59   5.0356787401574799E+01       22   8.2367187500000005E-01   2.4714182489011854E-01
      59   5.0356787401574799E+01       23   8.6265625000000001E-01   2.0788602103858356E-01
      59   5.0356787401574799E+01       24   9.0164062500000008E-01   2.2398491185313937E-01
      59   5.0356787401574799E+01       25   9.4062500000000004E-01   2.6646907339228360E-01
      59   5.0356787401574799E+01       26   9.7960937500000000E-01   1.8542018755659156E-01
      59   5.0356787401574799E+01       27   1.0185937500000000E+00   1.2538401337324245E-01
      59   5.0356787401574799E+01       28   1.0575781250000000E+00   1.4199259756858787E-01
      59   5.0356787401574799E+01       29   1.0965625000000001E+00   9.5594855658876182E-02
      59   5.0356787401574799E+01       30   1.1355468750000000E+00   7.6296389889376606E-02
      59   5.0356787401574799E+01       31   1.1745312500000000E+00   6.3131319979116626E-02
      59   5.0356787401574799E+01       32   1.2135156250000001E+00   9.9453158296976318E-02
      59   5.0356787401574799E+01       33   1.2524999999999999E+00   5.7970106760127399E-02
      59   5.0356787401574799E+01       34   1.2914843750000000E+00   1.5536827373575257E-02
      59   5.0356787401574799E+01       35   1.3304687500000001E+00   3.0761644238473298E-02
      59   5.0356787401574799E+01       36   1.3694531250000002E+00   4.9934788853455814E-02
      59   5.0356787401574799E+01       37   1.4084375000000000E+00   9.5026466310391324E-03
      59   5.0356787401574799E+01       38   1.4474218750000001E+00   1.1430017187512161E-02
      59   5.0356787401574799E+01       39   1.4864062500000002E+00   1.9139434269434232E-02
      59   5.0356787401574799E+01       40   1.5253906250000000E+00   7.8410881907540302E-03
      59   5.0356787401574799E+01       41   1.5643750000000001E+00   9.4504042689729593E-03
      59   5.0356787401574799E+01       42   1.6033593750000001E+00   4.6638151171832622E-03
      59   5.0356787401574799E+01       43   1.6423437500000000E+00   8.5642568467596911E-03
      59   5.0356787401574799E+01       44   1.6813281250000001E+00   1.0277871771561812E-02
      59   5.0356787401574799E+01       45   1.7203125000000001E+00   6.0850299464826072E-03
      59   5.0356787401574799E+01       46   1.7592968750000000E+00   1.4110071151075662E-03
      59   5.0356787401574799E+01       47   1.7982812500000001E+00   3.2064313545396360E-03
      59   5.0356787401574799E+01       48   1.8372656250000001E+00   1.6647978732212915E-03
      59   5.0356787401574799E+01       49   1.8762500000000000E+00   4.8243266708213189E-03
      59   5.0356787401574799E+01       50   1.9152343750000000E+00   4.5341787705674413E-03
      59   5.0356787401574799E+01       51   1.9542187500000001E+00   4.7370111252485478E-03
      59   5.0356787401574799E+01       52   1.9932031250000002E+00   3.8188363935988301E-03
      59   5.0356787401574799E+01       53   2.0321875000000000E+00   4.2158762556157268E-03
      59   5.0356787401574799E+01       54   2.0711718750000001E+00   2.6406021351908005E-03
      59   5.0356787401574799E+01       55   2.1101562500000002E+00   4.6171100089280118E-03
      59   5.0356787401574799E+01       56   2.1491406250000002E+00   3.2823986458462217E-03
      59   5.0356787401574799E+01       57   2.1881249999999999E+00   3.7710121542726804E-03
      59   5.0356787401574799E+01       58   2.2271093749999999E+00   1.8150679761620805E-03
      59   5.0356787401574799E+01       59   2.2660937500000000E+00   3.4400316325048311E-03
      59   5.0356787401574799E+01       60   2.3050781250000001E+00   2.1751710159877728E-03
      59   5.0356787401574799E+01       61   2.3440625000000002E+00   5.7454930720207877E-03
      59   5.0356787401574799E+01       62   2.3830468750000002E+00   5.6054685591022642E-03
      59   5.0356787401574799E+01       63   2.4220312500000003E+00   3.4746040077603263E-03
      59   5.0356787401574799E+01       64   2.4610156249999999E+00   5.6347794092270267E-03
 
      60   5.1225007874015745E+01        1   5.0000000000000001E-03   6.5010299830819133E+02
      60   5.1225007874015745E+01        2   4.3984374999999999E-02   6.0518399080508615E+01
      60   5.1225007874015745E+01        3   8.2968750000000008E-02   2.4238303668792931E+01
      60   5.1225007874015745E+01        4   1.2195312500000001E-01   1.3692940238441089E+01
      60   5.1225007874015745E+01        5   1.6093750000000001E-01   1.4651244964709992E+01
      60   5.1225007874015745E+01        6   1.9992187500000000E-01   1.5459668936331690E+01
      60   5.1225007874015745E+01        7   2.3890625000000001E-01   1.3231029941068632E+01
      60   5.1225007874015745E+01        8   2.7789062500000000E-01   1.2518010684736122E+01
      60   5.1225007874015745E+01        9   3.1687500000000002E-01   1.0016744218762982E+01
      60   5.1225007874015745E+01       10   3.5585937500000003E-01   6.7613746131403598E+00
      60   5.1225007874015745E+01       11   3.9484374999999999E-01   4.8422777361949034E+00
      60   5.1225007874015745E+01       12   4.3382812500000001E-01   1.9625661535255223E+00
      60   5.1225007874015745E+01       13   4.7281250000000002E-01   2.9000852232189387E+00
      60   5.1225007874015745E+01       14   5.1179687500000004E-01   2.6001803755215716E+00
      60   5.1225007874015745E+01       15   5.5078125000000000E-01   3.1753956624846871E+00
      60   5.1225007874015745E+01       16   5.8976562500000007E-01   4.3440699775129739E+00
      60   5.1225007874015745E+01       17   6.2875000000000003E-01   4.7240444984607644E+00
      60   5.1225007874015745E+01       18   6.6773437499999999E-01   4.4580749746806321E+00
      60   5.1225007874015745E+01       19   7.0671875000000006E-01   2.6080102805856593E+00
      60   5.1225007874015745E+01       20   7.4570312500000002E-01   8.0345587004650809E-01
      60   5.1225007874015745E+01       21   7.8468749999999998E-01   3.6710418596623640E-01
      60   5.1225007874015745E+01       22   8.2367187500000005E-01   2.4609511244488225E-01
      60   5.1225007874015745E+01       23   8.6265625000000001E-01   1.5662451028564545E-01
      60   5.1225007874015745E+01       24   9.0164062500000008E-01   2.1995949242035423E-01
      60   5.1225007874015745E+01       25   9.4062500000000004E-01   2.9857258356214050E-01
      60   5.1225007874015745E+01       26   9.7960937500000000E-01   2.3318385803247990E-01
      60   5.1225007874015745E+01       27   1.0185937500000000E+00   1.4333296934692816E-01
      60   5.1225007874015745E+01       28   1.0575781250000000E+00   1.1866077881346643E-01
      60   5.1225007874015745E+01       29   1.0965625000000001E+00   7.5823009440720263E-02
      60   5.1225007874015745E+01       30   1.1355468750000000E+00   8.6924621025528032E-02
      60   5.1225007874015745E+01       31   1.1745312500000000E+00   7.5959668592997187E-02
      60   5.1225007874015745E+01       32   1.2135156250000001E+00   9.2733929601565263E-02
      60   5.1225007874015745E+01       33   1.2524999999999999E+00   3.9952193862134375E-02
      60   5.1225007874015745E+01       34   1.2914843750000000E+00   1.6928412663901427E-02
      60   5.1225007874015745E+01       35   1.3304687500000001E+00   3.8928955836275210E-02
      60   5.1225007874015745E+01       36   1.3694531250000002E+00   4.4417970922988229E-02
      60   5.1225007874015745E+01       37   1.4084375000000000E+00   7.9411376739154139E-03
      60   5.1225007874015745E+01       38   1.4474218750000001E+00   1.4091300912386976E-02
      60   5.1225007874015745E+01       39   1.4864062500000002E+00   1.8815602278616988E-02
      60   5.1225007874015745E+01       40   1.5253906250000000E+00   6.8417446034102283E-03
      60   5.1225007874015745E+01       41   1.5643750000000001E+00   1.2450365133964147E-02
      60   5.1225007874015745E+01       42   1.6033593750000001E+00   3.1821523679957638E-03
      60   5.1225007874015745E+01       43   1.6423437500000000E+00   7.3282233390955355E-03
      60   5.1225007874015745E+01       44   1.6813281250000001E+00   1.2199425563550963E-02
      60   5.1225007874015745E+01       45   1.7203125000000001E+00   5.9815135059490794E-03
      60   5.1225007874015745E+01       46   1.7592968750000000E+00   1.2125093156637003E-03
      60   5.1225007874015745E+01       47   1.7982812500000001E+00   3.5444337176414719E-03
      60   5.1225007874015745E+01       48   1.8372656250000001E+00   1.5805175125600541E-03
      60   5.1225007874015745E+01       49   1.8762500000000000E+00   4.4551951055041153E-03
      60   5.1225007874015745E+01       50   1.9152343750000000E+00   4.6153660505072764E-03
      60   5.1225007874015745E+01       51   1.9542187500000001E+00   3.7069927437022769E-03
      60   5.1225007874015745E+01       52   1.9932031250000002E+00   4.1247254684358293E-03
      60   5.1225007874015745E+01       53   2.0321875000000000E+00   4.1539536296471133E-03
      60   5.1225007874015745E+01       54   2.0711718750000001E+00   2.7843747468597234E-03
      60   5.1225007874015745E+01       55   2.1101562500000002E+00   4.5757138943352468E-03
      60   5.1225007874015745E+01       56   2.1491406250000002E+00   3.1925942177459380E-03
      60   5.1225007874015745E+01       57   2.1881249999999999E+00   3.5532917344015540E-03
      60   5.1225007874015745E+01       58   2.2271093749999999E+00   1.7301431889568020E-03
      60   5.1225007874015745E+01       59   2.2660937500000000E+00   3.4216183518241241E-03
      60   5.1225007874015745E+01       60   2.3050781250000001E+00   2.3164239916212874E-03
      60   5.1225007874015745E+01       61   2.3440625000000002E+00   6.3647674955432760E-03
      60   5.1225007874015745E+01       62   2.3830468750000002E+00   5.7794432208607650E-03
      60   5.1225007874015745E+01       63   2.4220312500000003E+00   3.2182558993398753E-03
      60   5.1225007874015745E+01       64   2.4610156249999999E+00   5.4181301435065636E-03
 
      61   5.2093228346456691E+01        1   5.0000000000000001E-03   6.2075321767358025E+02
      61   5.2093228346456691E+01        2   4.3984374999999999E-02   5.7139629601001388E+01
      61   5.2093228346456691E+01        3   8.2968750000000008E-02   2.2793409901946792E+01
      61   5.2093228346456691E+01        4   1.2195312500000001E-01   1.2993110385582968E+01
      61   5.2093228346456691E+01        5   1.6093750000000001E-01   1.4289056227658081E+01
      61   5.2093228346456691E+01        6   1.9992187500000000E-01   1.5181656542744548E+01
      61   5.2093228346456691E+01        7   2.3890625000000001E-01   1.2814081840751159E+01
      61   5.2093228346456691E+01        8   2.7789062500000000E-01   1.2228759545803898E+01
      61   5.2093228346456691E+01        9   3.1687500000000002E-01   9.8730964201971592E+00
      61   5.2093228346456691E+01       10   3.5585937500000003E-01   6.8271983152094142E+00
      61   5.2093228346456691E+01       11   3.9484374999999999E-01   5.2355708849891398E+00
      61   5.2093228346456691E+01       12   4.3382812500000001E-01   2.1690599730971920E+00
      61   5.2093228346456691E+01       13   4.7281250000000002E-01   3.1037841564202910E+00
      61   5.2093228346456691E+01       14   5.1179687500000004E-01   2.7806063531115148E+00
      61   5.2093228346456691E+01       15   5.5078125000000000E-01   3.5136770785099523E+00
      61   5.2093228346456691E+01       16   5.8976562500000007E-01   4.7502523734368243E+00
      61   5.2093228346456691E+01       17   6.2875000000000003E-01   4.9924254490729769E+00
      61   5.2093228346456691E+01       18   6.6773437499999999E-01   4.6993678230386751E+00
      61   5.2093228346456691E+01       19   7.0671875000000006E-01   2.8074360579070436E+00
      61   5.2093228346456691E+01       20   7.4570312500000002E-01   8.9492506395127669E-01
      61   5.2093228346456691E+01       21   7.8468749999999998E-01   3.9977267373542330E-01
      61   5.2093228346456691E+01       22   8.2367187500000005E-01   2.1996718563434897E-01
      61   5.2093228346456691E+01       23   8.6265625000000001E-01   1.2591784313863688E-01
      61   5.2093228346456691E+01       24   9.0164062500000008E-01   2.4687796465724635E-01
      61   5.2093228346456691E+01       25   9.4062500000000004E-01   3.6496784434702945E-01
      61   5.2093228346456691E+01       26   9.7960937500000000E-01   2.7878596388653248E-01
      61   5.2093228346456691E+01       27   1.0185937500000000E+00   1.5302167497891300E-01
      61   5.2093228346456691E+01       28   1.0575781250000000E+00   9.4002432777487155E-02
      61   5.2093228346456691E+01       29   1.0965625000000001E+00   6.5013958568919769E-02
      61   5.2093228346456691E+01       30   1.1355468750000000E+00   1.0560025724853339E-01
      61   5.2093228346456691E+01       31   1.1745312500000000E+00   8.4284563365491671E-02
      61   5.2093228346456691E+01       32   1.2135156250000001E+00   7.6546217740426331E-02
      61   5.2093228346456691E+01       33   1.2524999999999999E+00   2.9473552954753460E-02
      61   5.2093228346456691E+01       34   1.2914843750000000E+00   2.5820116387137798E-02
      61   5.2093228346456691E+01       35   1.3304687500000001E+00   4.2353142344163125E-02
      61   5.2093228346456691E+01       36   1.3694531250000002E+00   3.4423414933699853E-02
      61   5.2093228346456691E+01       37   1.4084375000000000E+00   8.9141474123311613E-03
      61   5.2093228346456691E+01       38   1.4474218750000001E+00   1.8550312073090280E-02
      61   5.2093228346456691E+01       39   1.4864062500000002E+00   1.5839113987341592E-02
      61   5.2093228346456691E+01       40   1.5253906250000000E+00   6.5107978292478670E-03
      61   5.2093228346456691E+01       41   1.5643750000000001E+00   1.4042225327614507E-02
      61   5.2093228346456691E+01       42   1.6033593750000001E+00   3.3622078780123407E-03
      61   5.2093228346456691E+01       43   1.6423437500000000E+00   6.2371953598078459E-03
      61   5.2093228346456691E+01       44   1.6813281250000001E+00   1.1845632764063807E-02
      61   5.2093228346456691E+01       45   1.7203125000000001E+00   6.8638656692120679E-03
      61   5.2093228346456691E+01       46   1.7592968750000000E+00   1.3245169158843154E-03
      61   5.2093228346456691E+01       47   1.7982812500000001E+00   3.5734908958167406E-03
      61   5.2093228346456691E+01       48   1.8372656250000001E+00   1.7548595129746266E-03
      61   5.2093228346456691E+01       49   1.8762500000000000E+00   3.7098909507480397E-03
      61   5.2093228346456691E+01       50   1.9152343750000000E+00   5.0965937850623085E-03
      61   5.2093228346456691E+01       51   1.9542187500000001E+00   3.0781825713885711E-03
      61   5.2093228346456691E+01       52   1.9932031250000002E+00   4.0197654298362419E-03
      61   5.2093228346456691E+01       53   2.0321875000000000E+00   4.0096922449936968E-03
      61   5.2093228346456691E+01       54   2.0711718750000001E+00   3.0017612799954443E-03
      61   5.2093228346456691E+01       55   2.1101562500000002E+00   4.6027051713255478E-03
      61   5.2093228346456691E+01       56   2.1491406250000002E+00   3.1182458167037250E-03
      61   5.2093228346456691E+01       57   2.1881249999999999E+00   3.5852525833400908E-03
      61   5.2093228346456691E+01       58   2.2271093749999999E+00   1.7335516322129229E-03
      61   5.2093228346456691E+01       59   2.2660937500000000E+00   3.4255038525559159E-03
      61   5.2093228346456691E+01       60   2.3050781250000001E+00   2.3676240805820085E-03
      61   5.2093228346456691E+01       61   2.3440625000000002E+00   6.8351277351196803E-03
      61   5.2093228346456691E+01       62   2.3830468750000002E+00   6.0862435007698768E-03
      61   5.2093228346456691E+01       63   2.4220312500000003E+00   3.0161828679965523E-03
      61   5.2093228346456691E+01       64   2.4610156249999999E+00   5.5225614134589733E-03
 
      62   5.2961448818897630E+01        1   5.0000000000000001E-03   5.9703157518163994E+02
      62   5.2961448818897630E+01        2   4.3984374999999999E-02   5.3856328273282287E+01
      62   5.2961448818897630E+01        3   8.2968750000000008E-02   2.1214357392837165E+01
      62   5.2961448818897630E+01        4   1.2195312500000001E-01   1.2357664373824658E+01
      62   5.2961448818897630E+01        5   1.6093750000000001E-01   1.4178354443544409E+01
      62   5.2961448818897630E+01        6   1.9992187500000000E-01   1.5143600927573255E+01
      62   5.2961448818897630E+01        7   2.3890625000000001E-01   1.2647230784904314E+01
      62   5.2961448818897630E+01        8   2.7789062500000000E-01   1.2193772115686590E+01
      62   5.2961448818897630E+01        9   3.1687500000000002E-01   9.8881062627865948E+00
      62   5.2961448818897630E+01       10   3.5585937500000003E-01   7.0510375283597941E+00
      62   5.2961448818897630E+01       11   3.9484374999999999E-01   5.6791204610817569E+00
      62   5.2961448818897630E+01       12   4.3382812500000001E-01   2.4141211286881834E+00
      62   5.2961448818897630E+01       13   4.7281250000000002E-01   3.3620029421136617E+00
      62   5.2961448818897630E+01       14   5.1179687500000004E-01   2.9806406032219490E+00
      62   5.2961448818897630E+01       15   5.5078125000000000E-01   3.8754045901037184E+00
      62   5.2961448818897630E+01       16   5.8976562500000007E-01   5.2530904663495814E+00
      62   5.2961448818897630E+01       17   6.2875000000000003E-01   5.4021245496040873E+00
      62   5.2961448818897630E+01       18   6.6773437499999999E-01   5.0305435447291131E+00
      62   5.2961448818897630E+01       19   7.0671875000000006E-01   3.0358448547165291E+00
      62   5.2961448818897630E+01       20   7.4570312500000002E-01   9.7845512462284656E-01
      62   5.2961448818897630E+01       21   7.8468749999999998E-01   4.3469621126738950E-01
      62   5.2961448818897630E+01       22   8.2367187500000005E-01   1.7982979518039532E-01
      62   5.2961448818897630E+01       23   8.6265625000000001E-01   1.1884518894111863E-01
      62   5.2961448818897630E+01       24   9.0164062500000008E-01   2.9612124983653082E-01
      62   5.2961448818897630E+01       25   9.4062500000000004E-01   4.4322298875107652E-01
      62   5.2961448818897630E+01       26   9.7960937500000000E-01   3.1476740216804044E-01
      62   5.2961448818897630E+01       27   1.0185937500000000E+00   1.4949131333161750E-01
      62   5.2961448818897630E+01       28   1.0575781250000000E+00   7.5509244992647329E-02
      62   5.2961448818897630E+01       29   1.0965625000000001E+00   6.6001044129072789E-02
      62   5.2961448818897630E+01       30   1.1355468750000000E+00   1.2609146738914292E-01
      62   5.2961448818897630E+01       31   1.1745312500000000E+00   8.4995220039201694E-02
      62   5.2961448818897630E+01       32   1.2135156250000001E+00   5.7556718855362281E-02
      62   5.2961448818897630E+01       33   1.2524999999999999E+00   3.0126081847342216E-02
      62   5.2961448818897630E+01       34   1.2914843750000000E+00   3.7716387615158893E-02
      62   5.2961448818897630E+01       35   1.3304687500000001E+00   4.0059723023564441E-02
      62   5.2961448818897630E+01       36   1.3694531250000002E+00   2.5986651790238593E-02
      62   5.2961448818897630E+01       37   1.4084375000000000E+00   1.1932295272662468E-02
      62   5.2961448818897630E+01       38   1.4474218750000001E+00   2.1882542151158372E-02
      62   5.2961448818897630E+01       39   1.4864062500000002E+00   1.2029658130484280E-02
      62   5.2961448818897630E+01       40   1.5253906250000000E+00   7.1743517693734667E-03
      62   5.2961448818897630E+01       41   1.5643750000000001E+00   1.3251609016327293E-02
      62   5.2961448818897630E+01       42   1.6033593750000001E+00   4.8933352827920098E-03
      62   5.2961448818897630E+01       43   1.6423437500000000E+00   6.2536672147982270E-03
      62   5.2961448818897630E+01       44   1.6813281250000001E+00   9.3177322672634445E-03
      62   5.2961448818897630E+01       45   1.7203125000000001E+00   7.6733917138926662E-03
      62   5.2961448818897630E+01       46   1.7592968750000000E+00   2.0678958838442245E-03
      62   5.2961448818897630E+01       47   1.7982812500000001E+00   3.8020291492937230E-03
      62   5.2961448818897630E+01       48   1.8372656250000001E+00   1.9174046629536745E-03
      62   5.2961448818897630E+01       49   1.8762500000000000E+00   3.0630943901300712E-03
      62   5.2961448818897630E+01       50   1.9152343750000000E+00   5.3680760144128340E-03
      62   5.2961448818897630E+01       51   1.9542187500000001E+00   3.2729937818060991E-03
      62   5.2961448818897630E+01       52   1.9932031250000002E+00   3.9031925895012098E-03
      62   5.2961448818897630E+01       53   2.0321875000000000E+00   4.1381438137656993E-03
      62   5.2961448818897630E+01       54   2.0711718750000001E+00   3.0786829532204411E-03
      62   5.2961448818897630E+01       55   2.1101562500000002E+00   4.7382525767584128E-03
      62   5.2961448818897630E+01       56   2.1491406250000002E+00   3.1315812658363135E-03
      62   5.2961448818897630E+01       57   2.1881249999999999E+00   3.7662653711758023E-03
      62   5.2961448818897630E+01       58   2.2271093749999999E+00   1.7997615787754763E-03
      62   5.2961448818897630E+01       59   2.2660937500000000E+00   3.3783353678225807E-03
      62   5.2961448818897630E+01       60   2.3050781250000001E+00   2.3281139866879164E-03
      62   5.2961448818897630E+01       61   2.3440625000000002E+00   7.1920928950197768E-03
      62   5.2961448818897630E+01       62   2.3830468750000002E+00   6.4211349921413276E-03
      62   5.2961448818897630E+01       63   2.4220312500000003E+00   2.8819357714342485E-03
      62   5.2961448818897630E+01       64   2.4610156249999999E+00   5.9373239783542010E-03
 
      63   5.3829669291338575E+01        1   5.0000000000000001E-03   5.8339479862179417E+02
      63   5.3829669291338575E+01        2   4.3984374999999999E-02   5.1431756368407228E+01
      63   5.3829669291338575E+01        3   8.2968750000000008E-02   1.9939328754066864E+01
      63   5.3829669291338575E+01        4   1.2195312500000001E-01   1.1956162672794580E+01
      63   5.3829669291338575E+01        5   1.6093750000000001E-01   1.4291061528012456E+01
      63   5.3829669291338575E+01        6   1.9992187500000000E-01   1.5292177206712219E+01
      63   5.3829669291338575E+01        7   2.3890625000000001E-01   1.2765105308204330E+01
      63   5.3829669291338575E+01        8   2.7789062500000000E-01   1.2456603627437534E+01
      63   5.3829669291338575E+01        9   3.1687500000000002E-01   1.0120664065271306E+01
      63   5.3829669291338575E+01       10   3.5585937500000003E-01   7.4074220475780077E+00
      63   5.3829669291338575E+01       11   3.9484374999999999E-01   6.0643086587613277E+00
      63   5.3829669291338575E+01       12   4.3382812500000001E-01   2.6421052362560484E+00
      63   5.3829669291338575E+01       13   4.7281250000000002E-01   3.6309920344440014E+00
      63   5.3829669291338575E+01       14   5.1179687500000004E-01   3.1943049732761994E+00
      63   5.3829669291338575E+01       15   5.5078125000000000E-01   4.2037652525366243E+00
      63   5.3829669291338575E+01       16   5.8976562500000007E-01   5.7224892160026748E+00
      63   5.3829669291338575E+01       17   6.2875000000000003E-01   5.8958268583992250E+00
      63   5.3829669291338575E+01       18   6.6773437499999999E-01   5.4234927804802266E+00
      63   5.3829669291338575E+01       19   7.0671875000000006E-01   3.2570175545698645E+00
      63   5.3829669291338575E+01       20   7.4570312500000002E-01   1.0550297945056928E+00
      63   5.3829669291338575E+01       21   7.8468749999999998E-01   4.4319549750887133E-01
      63   5.3829669291338575E+01       22   8.2367187500000005E-01   1.5047298071835757E-01
      63   5.3829669291338575E+01       23   8.6265625000000001E-01   1.2971838850224321E-01
      63   5.3829669291338575E+01       24   9.0164062500000008E-01   3.6057318810815814E-01
      63   5.3829669291338575E+01       25   9.4062500000000004E-01   5.1328994846493614E-01
      63   5.3829669291338575E+01       26   9.7960937500000000E-01   3.3491224260759933E-01
      63   5.3829669291338575E+01       27   1.0185937500000000E+00   1.3449147938693568E-01
      63   5.3829669291338575E+01       28   1.0575781250000000E+00   6.6849616950041518E-02
      63   5.3829669291338575E+01       29   1.0965625000000001E+00   7.9938998277581455E-02
      63   5.3829669291338575E+01       30   1.1355468750000000E+00   1.4349872137130851E-01
      63   5.3829669291338575E+01       31   1.1745312500000000E+00   7.8641146135152246E-02
      63   5.3829669291338575E+01       32   1.2135156250000001E+00   4.2337792868029064E-02
      63   5.3829669291338575E+01       33   1.2524999999999999E+00   4.0382343578102269E-02
      63   5.3829669291338575E+01       34   1.2914843750000000E+00   4.6879529157378336E-02
      63   5.3829669291338575E+01       35   1.3304687500000001E+00   3.3819261011261127E-02
      63   5.3829669291338575E+01       36   1.3694531250000002E+00   2.4348471018470930E-02
      63   5.3829669291338575E+01       37   1.4084375000000000E+00   1.5070125792708710E-02
      63   5.3829669291338575E+01       38   1.4474218750000001E+00   2.1825631998255116E-02
      63   5.3829669291338575E+01       39   1.4864062500000002E+00   9.5412737061367874E-03
      63   5.3829669291338575E+01       40   1.5253906250000000E+00   8.1229456897092701E-03
      63   5.3829669291338575E+01       41   1.5643750000000001E+00   1.0743096447811741E-02
      63   5.3829669291338575E+01       42   1.6033593750000001E+00   6.5008875683710736E-03
      63   5.3829669291338575E+01       43   1.6423437500000000E+00   7.0775792395677143E-03
      63   5.3829669291338575E+01       44   1.6813281250000001E+00   6.7777255406370994E-03
      63   5.3829669291338575E+01       45   1.7203125000000001E+00   7.0691979473913669E-03
      63   5.3829669291338575E+01       46   1.7592968750000000E+00   3.0788006237769013E-03
      63   5.3829669291338575E+01       47   1.7982812500000001E+00   4.4937039518767232E-03
      63   5.3829669291338575E+01       48   1.8372656250000001E+00   1.9381005913993829E-03
      63   5.3829669291338575E+01       49   1.8762500000000000E+00   2.8967470897509119E-03
      63   5.3829669291338575E+01       50   1.9152343750000000E+00   5.0920793556997399E-03
      63   5.3829669291338575E+01       51   1.9542187500000001E+00   4.0159862423356481E-03
      63   5.3829669291338575E+01       52   1.9932031250000002E+00   4.0529928748057531E-03
      63   5.3829669291338575E+01       53   2.0321875000000000E+00   4.5990818542693676E-03
      63   5.3829669291338575E+01       54   2.0711718750000001E+00   2.8926715182313271E-03
      63   5.3829669291338575E+01       55   2.1101562500000002E+00   4.7473923297889579E-03
      63   5.3829669291338575E+01       56   2.1491406250000002E+00   3.2086671705153953E-03
      63   5.3829669291338575E+01       57   2.1881249999999999E+00   3.9519249470419630E-03
      63   5.3829669291338575E+01       58   2.2271093749999999E+00   1.9164920796256523E-03
      63   5.3829669291338575E+01       59   2.2660937500000000E+00   3.3016110341633196E-03
      63   5.3829669291338575E+01       60   2.3050781250000001E+00   2.2570085267081689E-03
      63   5.3829669291338575E+01       61   2.3440625000000002E+00   7.4468832999632448E-03
      63   5.3829669291338575E+01       62   2.3830468750000002E+00   6.7036834966042345E-03
      63   5.3829669291338575E+01       63   2.4220312500000003E+00   2.7929371956436260E-03
      63   5.3829669291338575E+01       64   2.4610156249999999E+00   6.4828519325590816E-03
 
      64   5.4697889763779521E+01        1   5.0000000000000001E-03   5.8169714066575102E+02
      64   5.4697889763779521E+01        2   4.3984374999999999E-02   5.0385202362998847E+01
      64   5.4697889763779521E+01        3   8.2968750000000008E-02   1.9305954738711677E+01
      64   5.4697889763779521E+01        4   1.2195312500000001E-01   1.1900011180289370E+01
      64   5.4697889763779521E+01        5   1.6093750000000001E-01   1.4564299947833307E+01
      64   5.4697889763779521E+01        6   1.9992187500000000E-01   1.5536932139073611E+01
      64   5.4697889763779521E+01        7   2.3890625000000001E-01   1.3139774643132540E+01
      64   5.4697889763779521E+01        8   2.7789062500000000E-01   1.3001622376855064E+01
      64   5.4697889763779521E+01        9   3.1687500000000002E-01   1.0535304110284381E+01
      64   5.4697889763779521E+01       10   3.5585937500000003E-01   7.8144462196026518E+00
      64   5.4697889763779521E+01       11   3.9484374999999999E-01   6.3529272044270018E+00
      64   5.4697889763779521E+01       12   4.3382812500000001E-01   2.8291451506781202E+00
      64   5.4697889763779521E+01       13   4.7281250000000002E-01   3.8568535730394689E+00
      64   5.4697889763779521E+01       14   5.1179687500000004E-01   3.4052113678274831E+00
      64   5.4697889763779521E+01       15   5.5078125000000000E-01   4.4525029017000897E+00
      64   5.4697889763779521E+01       16   5.8976562500000007E-01   6.0669248858372899E+00
      64   5.4697889763779521E+01       17   6.2875000000000003E-01   6.3654849242329226E+00
      64   5.4697889763779521E+01       18   6.6773437499999999E-01   5.7993700280274290E+00
      64   5.4697889763779521E+01       19   7.0671875000000006E-01   3.4485165236188822E+00
      64   5.4697889763779521E+01       20   7.4570312500000002E-01   1.1173526210084357E+00
      64   5.4697889763779521E+01       21   7.8468749999999998E-01   4.1774669158840300E-01
      64   5.4697889763779521E+01       22   8.2367187500000005E-01   1.4352687569150246E-01
      64   5.4697889763779521E+01       23   8.6265625000000001E-01   1.5433809022008096E-01
      64   5.4697889763779521E+01       24   9.0164062500000008E-01   4.2882768203243277E-01
      64   5.4697889763779521E+01       25   9.4062500000000004E-01   5.6467769559144299E-01
      64   5.4697889763779521E+01       26   9.7960937500000000E-01   3.3139967494760714E-01
      64   5.4697889763779521E+01       27   1.0185937500000000E+00   1.1478877607113028E-01
      64   5.4697889763779521E+01       28   1.0575781250000000E+00   6.8159727834866402E-02
      64   5.4697889763779521E+01       29   1.0965625000000001E+00   1.0330814394058734E-01
      64   5.4697889763779521E+01       30   1.1355468750000000E+00   1.5502299964615196E-01
      64   5.4697889763779521E+01       31   1.1745312500000000E+00   6.7671813044238499E-02
      64   5.4697889763779521E+01       32   1.2135156250000001E+00   3.5751047543714450E-02
      64   5.4697889763779521E+01       33   1.2524999999999999E+00   5.5670831566380544E-02
      64   5.4697889763779521E+01       34   1.2914843750000000E+00   4.9026591282874857E-02
      64   5.4697889763779521E+01       35   1.3304687500000001E+00   2.6803569166370698E-02
      64   5.4697889763779521E+01       36   1.3694531250000002E+00   3.0120124347463834E-02
      64   5.4697889763779521E+01       37   1.4084375000000000E+00   1.6241916977677271E-02
      64   5.4697889763779521E+01       38   1.4474218750000001E+00   1.8810967534175858E-02
      64   5.4697889763779521E+01       39   1.4864062500000002E+00   9.6123177424447728E-03
      64   5.4697889763779521E+01       40   1.5253906250000000E+00   8.2707064708243579E-03
      64   5.4697889763779521E+01       41   1.5643750000000001E+00   8.0737372069121342E-03
      64   5.4697889763779521E+01       42   1.6033593750000001E+00   6.8980340265473320E-03
      64   5.4697889763779521E+01       43   1.6423437500000000E+00   7.5318908074866577E-03
      64   5.4697889763779521E+01       44   1.6813281250000001E+00   6.3069022317754795E-03
      64   5.4697889763779521E+01       45   1.7203125000000001E+00   5.1884301850675663E-03
      64   5.4697889763779521E+01       46   1.7592968750000000E+00   3.7308641233414872E-03
      64   5.4697889763779521E+01       47   1.7982812500000001E+00   5.1241433431643939E-03
      64   5.4697889763779521E+01       48   1.8372656250000001E+00   1.9928889389685539E-03
      64   5.4697889763779521E+01       49   1.8762500000000000E+00   3.1069675166119234E-03
      64   5.4697889763779521E+01       50   1.9152343750000000E+00   4.5639209228877419E-03
      64   5.4697889763779521E+01       51   1.9542187500000001E+00   4.7173671580673735E-03
      64   5.4697889763779521E+01       52   1.9932031250000002E+00   4.3841602675963763E-03
      64   5.4697889763779521E+01       53   2.0321875000000000E+00   5.0336461104607075E-03
      64   5.4697889763779521E+01       54   2.0711718750000001E+00   2.5236110840228341E-03
      64   5.4697889763779521E+01       55   2.1101562500000002E+00   4.6431744269083541E-03
      64   5.4697889763779521E+01       56   2.1491406250000002E+00   3.2401365765838464E-03
      64   5.4697889763779521E+01       57   2.1881249999999999E+00   4.0576801827477390E-03
      64   5.4697889763779521E+01       58   2.2271093749999999E+00   2.0211210623141897E-03
      64   5.4697889763779521E+01       59   2.2660937500000000E+00   3.2669630321434323E-03
      64   5.4697889763779521E+01       60   2.3050781250000001E+00   2.1430976805831468E-03
      64   5.4697889763779521E+01       61   2.3440625000000002E+00   7.4580703828817834E-03
      64   5.4697889763779521E+01       62   2.3830468750000002E+00   6.7814789783539817E-03
      64   5.4697889763779521E+01       63   2.4220312500000003E+00   2.7137189076322271E-03
      64   5.4697889763779521E+01       64   2.4610156249999999E+00   6.9061319303779893E-03
 
      65   5.5566110236220467E+01        1   5.0000000000000001E-03   5.9302331743328580E+02
      65   5.5566110236220467E+01        2   4.3984374999999999E-02   5.0957575047952432E+01
      65   5.5566110236220467E+01        3   8.2968750000000008E-02   1.9443528118870461E+01
      65   5.5566110236220467E+01        4   1.2195312500000001E-01   1.2213103812032323E+01
      65   5.5566110236220467E+01        5   1.6093750000000001E-01   1.4937600610593453E+01
      65   5.5566110236220467E+01        6   1.9992187500000000E-01   1.5808628299844058E+01
      65   5.5566110236220467E+01        7   2.3890625000000001E-01   1.3677210090725060E+01
      65   5.5566110236220467E+01        8   2.7789062500000000E-01   1.3745997966895571E+01
      65   5.5566110236220467E+01        9   3.1687500000000002E-01   1.0996409178466596E+01
      65   5.5566110236220467E+01       10   3.5585937500000003E-01   8.1569014242442552E+00
      65   5.5566110236220467E+01       11   3.9484374999999999E-01   6.5553480444252994E+00
      65   5.5566110236220467E+01       12   4.3382812500000001E-01   2.9743726801576691E+00
      65   5.5566110236220467E+01       13   4.7281250000000002E-01   4.0096789061450382E+00
      65   5.5566110236220467E+01       14   5.1179687500000004E-01   3.5825066965168570E+00
      65   5.5566110236220467E+01       15   5.5078125000000000E-01   4.5869628030814624E+00
      65   5.5566110236220467E+01       16   5.8976562500000007E-01   6.2603308356451013E+00
      65   5.5566110236220467E+01       17   6.2875000000000003E-01   6.7033394233620021E+00
      65   5.5566110236220467E+01       18   6.6773437499999999E-01   6.0551298024575972E+00
      65   5.5566110236220467E+01       19   7.0671875000000006E-01   3.5914672360049131E+00
      65   5.5566110236220467E+01       20   7.4570312500000002E-01   1.1439807192774525E+00
      65   5.5566110236220467E+01       21   7.8468749999999998E-01   3.7911487228725693E-01
      65   5.5566110236220467E+01       22   8.2367187500000005E-01   1.5133514921328087E-01
      65   5.5566110236220467E+01       23   8.6265625000000001E-01   1.9203242696715961E-01
      65   5.5566110236220467E+01       24   9.0164062500000008E-01   4.8403909747445700E-01
      65   5.5566110236220467E+01       25   9.4062500000000004E-01   5.9142260335335062E-01
      65   5.5566110236220467E+01       26   9.7960937500000000E-01   3.0245026072048159E-01
      65   5.5566110236220467E+01       27   1.0185937500000000E+00   9.4840951465447382E-02
      65   5.5566110236220467E+01       28   1.0575781250000000E+00   8.0209891226947438E-02
      65   5.5566110236220467E+01       29   1.0965625000000001E+00   1.2944731147481131E-01
      65   5.5566110236220467E+01       30   1.1355468750000000E+00   1.5752133160263701E-01
      65   5.5566110236220467E+01       31   1.1745312500000000E+00   5.4948860487068089E-02
      65   5.5566110236220467E+01       32   1.2135156250000001E+00   3.9260174753519166E-02
      65   5.5566110236220467E+01       33   1.2524999999999999E+00   6.9529143030366475E-02
      65   5.5566110236220467E+01       34   1.2914843750000000E+00   4.2956520701009172E-02
      65   5.5566110236220467E+01       35   1.3304687500000001E+00   2.2335894497601344E-02
      65   5.5566110236220467E+01       36   1.3694531250000002E+00   3.9001646564420768E-02
      65   5.5566110236220467E+01       37   1.4084375000000000E+00   1.4693409361389647E-02
      65   5.5566110236220467E+01       38   1.4474218750000001E+00   1.5996342702849560E-02
      65   5.5566110236220467E+01       39   1.4864062500000002E+00   1.1883967121835015E-02
      65   5.5566110236220467E+01       40   1.5253906250000000E+00   7.3459216743281524E-03
      65   5.5566110236220467E+01       41   1.5643750000000001E+00   6.9882520562609537E-03
      65   5.5566110236220467E+01       42   1.6033593750000001E+00   5.7548358270436487E-03
      65   5.5566110236220467E+01       43   1.6423437500000000E+00   6.7651765901696383E-03
      65   5.5566110236220467E+01       44   1.6813281250000001E+00   8.0677549576455860E-03
      65   5.5566110236220467E+01       45   1.7203125000000001E+00   3.6593263171112202E-03
      65   5.5566110236220467E+01       46   1.7592968750000000E+00   3.6141567385988105E-03
      65   5.5566110236220467E+01       47   1.7982812500000001E+00   5.0553667417663128E-03
      65   5.5566110236220467E+01       48   1.8372656250000001E+00   2.2499905029026335E-03
      65   5.5566110236220467E+01       49   1.8762500000000000E+00   3.2604791056087242E-03
      65   5.5566110236220467E+01       50   1.9152343750000000E+00   4.2223905523793744E-03
      65   5.5566110236220467E+01       51   1.9542187500000001E+00   4.9711550237491690E-03
      65   5.5566110236220467E+01       52   1.9932031250000002E+00   4.5764550242139946E-03
      65   5.5566110236220467E+01       53   2.0321875000000000E+00   5.0172189536491201E-03
      65   5.5566110236220467E+01       54   2.0711718750000001E+00   2.2643071033404179E-03
      65   5.5566110236220467E+01       55   2.1101562500000002E+00   4.7090927972129647E-03
      65   5.5566110236220467E+01       56   2.1491406250000002E+00   3.1341568082741103E-03
      65   5.5566110236220467E+01       57   2.1881249999999999E+00   4.0158387458479041E-03
      65   5.5566110236220467E+01       58   2.2271093749999999E+00   2.0880237747272902E-03
      65   5.5566110236220467E+01       59   2.2660937500000000E+00   3.3119279978863271E-03
      65   5.5566110236220467E+01       60   2.3050781250000001E+00   2.0699605289661457E-03
      65   5.5566110236220467E+01       61   2.3440625000000002E+00   7.3520336464409025E-03
      65   5.5566110236220467E+01       62   2.3830468750000002E+00   6.7249027865342167E-03
      65   5.5566110236220467E+01       63   2.4220312500000003E+00   2.6697466982721820E-03
      65   5.5566110236220467E+01       64   2.4610156249999999E+00   7.0859964086977586E-03
 
      66   5.6434330708661413E+01        1   5.0000000000000001E-03   6.1700263755280935E+02
      66   5.6434330708661413E+01        2   4.3984374999999999E-02   5.3038812854764785E+01
      66   5.6434330708661413E+01        3   8.2968750000000008E-02   2.0285951254299093E+01
      66   5.6434330708661413E+01        4   1.2195312500000001E-01   1.2842553378809185E+01
      66   5.6434330708661413E+01        5   1.6093750000000001E-01   1.5348684687626809E+01
      66   5.6434330708661413E+01        6   1.9992187500000000E-01   1.6074845719291869E+01
      66   5.6434330708661413E+01        7   2.3890625000000001E-01   1.4245145446895137E+01
      66   5.6434330708661413E+01        8   2.7789062500000000E-01   1.4520379534066736E+01
      66   5.6434330708661413E+01        9   3.1687500000000002E-01   1.1319935146754105E+01
      66   5.6434330708661413E+01       10   3.5585937500000003E-01   8.3567375791063068E+00
      66   5.6434330708661413E+01       11   3.9484374999999999E-01   6.6804517800664307E+00
      66   5.6434330708661413E+01       12   4.3382812500000001E-01   3.0783188043661647E+00
      66   5.6434330708661413E+01       13   4.7281250000000002E-01   4.0962218618247537E+00
      66   5.6434330708661413E+01       14   5.1179687500000004E-01   3.6927595220814755E+00
      66   5.6434330708661413E+01       15   5.5078125000000000E-01   4.5944638157649722E+00
      66   5.6434330708661413E+01       16   5.8976562500000007E-01   6.3279219062222465E+00
      66   5.6434330708661413E+01       17   6.2875000000000003E-01   6.8446786675024853E+00
      66   5.6434330708661413E+01       18   6.6773437499999999E-01   6.1316078563473990E+00
      66   5.6434330708661413E+01       19   7.0671875000000006E-01   3.6536726259859340E+00
      66   5.6434330708661413E+01       20   7.4570312500000002E-01   1.1199868162501354E+00
      66   5.6434330708661413E+01       21   7.8468749999999998E-01   3.4910042210979253E-01
      66   5.6434330708661413E+01       22   8.2367187500000005E-01   1.6368294056460833E-01
      66   5.6434330708661413E+01       23   8.6265625000000001E-01   2.3696143336995473E-01
      66   5.6434330708661413E+01       24   9.0164062500000008E-01   5.1277644526343358E-01
      66   5.6434330708661413E+01       25   9.4062500000000004E-01   5.8536697684840588E-01
      66   5.6434330708661413E+01       26   9.7960937500000000E-01   2.5839420792234530E-01
      66   5.6434330708661413E+01       27   1.0185937500000000E+00   7.6768175301427183E-02
      66   5.6434330708661413E+01       28   1.0575781250000000E+00   1.0314980893616421E-01
      66   5.6434330708661413E+01       29   1.0965625000000001E+00   1.5059439910082464E-01
      66   5.6434330708661413E+01       30   1.1355468750000000E+00   1.4667369135732505E-01
      66   5.6434330708661413E+01       31   1.1745312500000000E+00   4.4476139043054461E-02
      66   5.6434330708661413E+01       32   1.2135156250000001E+00   5.1168267820277342E-02
      66   5.6434330708661413E+01       33   1.2524999999999999E+00   7.5720336728302529E-02
      66   5.6434330708661413E+01       34   1.2914843750000000E+00   3.1734637436479592E-02
      66   5.6434330708661413E+01       35   1.3304687500000001E+00   2.2608989037574318E-02
      66   5.6434330708661413E+01       36   1.3694531250000002E+00   4.5336244420332808E-02
      66   5.6434330708661413E+01       37   1.4084375000000000E+00   1.1466170656308335E-02
      66   5.6434330708661413E+01       38   1.4474218750000001E+00   1.6334538176131400E-02
      66   5.6434330708661413E+01       39   1.4864062500000002E+00   1.4324711713478627E-02
      66   5.6434330708661413E+01       40   1.5253906250000000E+00   6.1138701204503394E-03
      66   5.6434330708661413E+01       41   1.5643750000000001E+00   8.2912894920572616E-03
      66   5.6434330708661413E+01       42   1.6033593750000001E+00   4.0174035491340231E-03
      66   5.6434330708661413E+01       43   1.6423437500000000E+00   5.3585151289043155E-03
      66   5.6434330708661413E+01       44   1.6813281250000001E+00   1.0294232623734143E-02
      66   5.6434330708661413E+01       45   1.7203125000000001E+00   4.2144311645131707E-03
      66   5.6434330708661413E+01       46   1.7592968750000000E+00   2.7826463515961976E-03
      66   5.6434330708661413E+01       47   1.7982812500000001E+00   4.3504713307106957E-03
      66   5.6434330708661413E+01       48   1.8372656250000001E+00   2.5024343958650439E-03
      66   5.6434330708661413E+01       49   1.8762500000000000E+00   3.3115830181347848E-03
      66   5.6434330708661413E+01       50   1.9152343750000000E+00   4.2512060789496424E-03
      66   5.6434330708661413E+01       51   1.9542187500000001E+00   4.7489691749672087E-03
      66   5.6434330708661413E+01       52   1.9932031250000002E+00   4.4579292210073914E-03
      66   5.6434330708661413E+01       53   2.0321875000000000E+00   4.4941739542856095E-03
      66   5.6434330708661413E+01       54   2.0711718750000001E+00   2.3773955184035684E-03
      66   5.6434330708661413E+01       55   2.1101562500000002E+00   4.9110880502481842E-03
      66   5.6434330708661413E+01       56   2.1491406250000002E+00   2.9257226688527262E-03
      66   5.6434330708661413E+01       57   2.1881249999999999E+00   3.8819208919603008E-03
      66   5.6434330708661413E+01       58   2.2271093749999999E+00   2.0714115182638437E-03
      66   5.6434330708661413E+01       59   2.2660937500000000E+00   3.3420715463752782E-03
      66   5.6434330708661413E+01       60   2.3050781250000001E+00   2.0616766249305948E-03
      66   5.6434330708661413E+01       61   2.3440625000000002E+00   7.1251086238103157E-03
      66   5.6434330708661413E+01       62   2.3830468750000002E+00   6.5877382024393909E-03
      66   5.6434330708661413E+01       63   2.4220312500000003E+00   2.7224556504489785E-03
      66   5.6434330708661413E+01       64   2.4610156249999999E+00   7.1650189024218391E-03
 
      67   5.7302551181102359E+01        1   5.0000000000000001E-03   6.4955371751210828E+02
      67   5.7302551181102359E+01        2   4.3984374999999999E-02   5.6108843746134006E+01
      67   5.7302551181102359E+01        3   8.2968750000000008E-02   2.1619679612718880E+01
      67   5.7302551181102359E+01        4   1.2195312500000001E-01   1.3667475081599070E+01
      67   5.7302551181102359E+01        5   1.6093750000000001E-01   1.5739616809246566E+01
      67   5.7302551181102359E+01        6   1.9992187500000000E-01   1.6330387487432120E+01
      67   5.7302551181102359E+01        7   2.3890625000000001E-01   1.4718531441828638E+01
      67   5.7302551181102359E+01        8   2.7789062500000000E-01   1.5089267371424404E+01
      67   5.7302551181102359E+01        9   3.1687500000000002E-01   1.1380303155623713E+01
      67   5.7302551181102359E+01       10   3.5585937500000003E-01   8.4214620900314845E+00
      67   5.7302551181102359E+01       11   3.9484374999999999E-01   6.7026349876573503E+00
      67   5.7302551181102359E+01       12   4.3382812500000001E-01   3.1346353507264033E+00
      67   5.7302551181102359E+01       13   4.7281250000000002E-01   4.1319634048573111E+00
      67   5.7302551181102359E+01       14   5.1179687500000004E-01   3.7158337034423918E+00
      67   5.7302551181102359E+01       15   5.5078125000000000E-01   4.4992665837299546E+00
      67   5.7302551181102359E+01       16   5.8976562500000007E-01   6.2985028531435550E+00
      67   5.7302551181102359E+01       17   6.2875000000000003E-01   6.7812266072967526E+00
      67   5.7302551181102359E+01       18   6.6773437499999999E-01   6.0436051098858217E+00
      67   5.7302551181102359E+01       19   7.0671875000000006E-01   3.5997869647484433E+00
      67   5.7302551181102359E+01       20   7.4570312500000002E-01   1.0539661666397033E+00
      67   5.7302551181102359E+01       21   7.8468749999999998E-01   3.2845883158079175E-01
      67   5.7302551181102359E+01       22   8.2367187500000005E-01   1.7976373469541765E-01
      67   5.7302551181102359E+01       23   8.6265625000000001E-01   2.7359736286989755E-01
      67   5.7302551181102359E+01       24   9.0164062500000008E-01   5.1073890764216823E-01
      67   5.7302551181102359E+01       25   9.4062500000000004E-01   5.4242972545034140E-01
      67   5.7302551181102359E+01       26   9.7960937500000000E-01   2.1319288923362578E-01
      67   5.7302551181102359E+01       27   1.0185937500000000E+00   6.5722236308309104E-02
      67   5.7302551181102359E+01       28   1.0575781250000000E+00   1.3084698513002893E-01
      67   5.7302551181102359E+01       29   1.0965625000000001E+00   1.5953688368766172E-01
      67   5.7302551181102359E+01       30   1.1355468750000000E+00   1.2252340263564433E-01
      67   5.7302551181102359E+01       31   1.1745312500000000E+00   4.0369485823033076E-02
      67   5.7302551181102359E+01       32   1.2135156250000001E+00   6.7281367848295498E-02
      67   5.7302551181102359E+01       33   1.2524999999999999E+00   7.1766472965300837E-02
      67   5.7302551181102359E+01       34   1.2914843750000000E+00   2.1244445048693991E-02
      67   5.7302551181102359E+01       35   1.3304687500000001E+00   2.7263339491095703E-02
      67   5.7302551181102359E+01       36   1.3694531250000002E+00   4.6013956654111114E-02
      67   5.7302551181102359E+01       37   1.4084375000000000E+00   8.5727346429277807E-03
      67   5.7302551181102359E+01       38   1.4474218750000001E+00   1.9712672231270670E-02
      67   5.7302551181102359E+01       39   1.4864062500000002E+00   1.4603230376771607E-02
      67   5.7302551181102359E+01       40   1.5253906250000000E+00   5.4038897921717989E-03
      67   5.7302551181102359E+01       41   1.5643750000000001E+00   1.0895392726829458E-02
      67   5.7302551181102359E+01       42   1.6033593750000001E+00   3.1200027179259953E-03
      67   5.7302551181102359E+01       43   1.6423437500000000E+00   4.5498886958497626E-03
      67   5.7302551181102359E+01       44   1.6813281250000001E+00   1.0909675884413220E-02
      67   5.7302551181102359E+01       45   1.7203125000000001E+00   6.7749378241826336E-03
      67   5.7302551181102359E+01       46   1.7592968750000000E+00   1.7774499418526601E-03
      67   5.7302551181102359E+01       47   1.7982812500000001E+00   3.6121132219235673E-03
      67   5.7302551181102359E+01       48   1.8372656250000001E+00   2.3618038096885037E-03
      67   5.7302551181102359E+01       49   1.8762500000000000E+00   3.5808554152911708E-03
      67   5.7302551181102359E+01       50   1.9152343750000000E+00   4.5925477600541704E-03
      67   5.7302551181102359E+01       51   1.9542187500000001E+00   4.3411623956977792E-03
      67   5.7302551181102359E+01       52   1.9932031250000002E+00   4.1459178077124506E-03
      67   5.7302551181102359E+01       53   2.0321875000000000E+00   3.9679561726687108E-03
      67   5.7302551181102359E+01       54   2.0711718750000001E+00   2.7286688902894043E-03
      67   5.7302551181102359E+01       55   2.1101562500000002E+00   4.9294042710857746E-03
      67   5.7302551181102359E+01       56   2.1491406250000002E+00   2.7370192207336183E-03
      67   5.7302551181102359E+01       57   2.1881249999999999E+00   3.9149436013087274E-03
      67   5.7302551181102359E+01       58   2.2271093749999999E+00   2.0493734883241998E-03
      67   5.7302551181102359E+01       59   2.2660937500000000E+00   3.3334467184904324E-03
      67   5.7302551181102359E+01       60   2.3050781250000001E+00   2.1064216206022508E-03
      67   5.7302551181102359E+01       61   2.3440625000000002E+00   6.7944470607472279E-03
      67   5.7302551181102359E+01       62   2.3830468750000002E+00   6.3322376254853355E-03
      67   5.7302551181102359E+01       63   2.4220312500000003E+00   2.9189831521669470E-03
      67   5.7302551181102359E+01       64   2.4610156249999999E+00   7.3712121769805850E-03
 
      68   5.8170771653543305E+01        1   5.0000000000000001E-03   6.8431496760840560E+02
      68   5.8170771653543305E+01        2   4.3984374999999999E-02   5.9466825002615785E+01
      68   5.8170771653543305E+01        3   8.2968750000000008E-02   2.3139257143670605E+01
      68   5.8170771653543305E+01        4   1.2195312500000001E-01   1.4495248286237054E+01
      68   5.8170771653543305E+01        5   1.6093750000000001E-01   1.6055211702236356E+01
      68   5.8170771653543305E+01        6   1.9992187500000000E-01   1.6555558573600248E+01
      68   5.8170771653543305E+01        7   2.3890625000000001E-01   1.5005057968593009E+01
      68   5.8170771653543305E+01        8   2.7789062500000000E-01   1.5243509677945948E+01
      68   5.8170771653543305E+01        9   3.1687500000000002E-01   1.1171060345044424E+01
      68   5.8170771653543305E+01       10   3.5585937500000003E-01   8.4020143879263909E+00
      68   5.8170771653543305E+01       11   3.9484374999999999E-01   6.5865428398700701E+00
      68   5.8170771653543305E+01       12   4.3382812500000001E-01   3.1311765688545834E+00
      68   5.8170771653543305E+01       13   4.7281250000000002E-01   4.1046399662066761E+00
      68   5.8170771653543305E+01       14   5.1179687500000004E-01   3.6567358176853322E+00
      68   5.8170771653543305E+01       15   5.5078125000000000E-01   4.3498469659146117E+00
      68   5.8170771653543305E+01       16   5.8976562500000007E-01   6.1746674794681606E+00
      68   5.8170771653543305E+01       17   6.2875000000000003E-01   6.5541372905080433E+00
      68   5.8170771653543305E+01       18   6.6773437499999999E-01   5.8426659402014378E+00
      68   5.8170771653543305E+01       19   7.0671875000000006E-01   3.4257795560844864E+00
      68   5.8170771653543305E+01       20   7.4570312500000002E-01   9.6893896598816687E-01
      68   5.8170771653543305E+01       21   7.8468749999999998E-01   3.0435049265006270E-01
      68   5.8170771653543305E+01       22   8.2367187500000005E-01   2.0090984771851789E-01
      68   5.8170771653543305E+01       23   8.6265625000000001E-01   2.8879373267389685E-01
      68   5.8170771653543305E+01       24   9.0164062500000008E-01   4.7902510667837650E-01
      68   5.8170771653543305E+01       25   9.4062500000000004E-01   4.7402353876412062E-01
      68   5.8170771653543305E+01       26   9.7960937500000000E-01   1.7598566942821361E-01
      68   5.8170771653543305E+01       27   1.0185937500000000E+00   6.7735076016311430E-02
      68   5.8170771653543305E+01       28   1.0575781250000000E+00   1.5190985319483749E-01
      68   5.8170771653543305E+01       29   1.0965625000000001E+00   1.5238230531740810E-01
      68   5.8170771653543305E+01       30   1.1355468750000000E+00   9.5094260029304781E-02
      68   5.8170771653543305E+01       31   1.1745312500000000E+00   4.4593952094322861E-02
      68   5.8170771653543305E+01       32   1.2135156250000001E+00   8.1414054655506274E-02
      68   5.8170771653543305E+01       33   1.2524999999999999E+00   5.9982307161295711E-02
      68   5.8170771653543305E+01       34   1.2914843750000000E+00   1.6870682796051136E-02
      68   5.8170771653543305E+01       35   1.3304687500000001E+00   3.3501097791669772E-02
      68   5.8170771653543305E+01       36   1.3694531250000002E+00   4.1979359503718186E-02
      68   5.8170771653543305E+01       37   1.4084375000000000E+00   8.0763125103977800E-03
      68   5.8170771653543305E+01       38   1.4474218750000001E+00   2.3365608872762466E-02
      68   5.8170771653543305E+01       39   1.4864062500000002E+00   1.2398037065190716E-02
      68   5.8170771653543305E+01       40   1.5253906250000000E+00   5.7021694240350328E-03
      68   5.8170771653543305E+01       41   1.5643750000000001E+00   1.2915088537933253E-02
      68   5.8170771653543305E+01       42   1.6033593750000001E+00   3.7984093299879718E-03
      68   5.8170771653543305E+01       43   1.6423437500000000E+00   5.2512187181252409E-03
      68   5.8170771653543305E+01       44   1.6813281250000001E+00   1.0018925580990176E-02
      68   5.8170771653543305E+01       45   1.7203125000000001E+00   9.4080037408382604E-03
      68   5.8170771653543305E+01       46   1.7592968750000000E+00   1.2965611080537091E-03
      68   5.8170771653543305E+01       47   1.7982812500000001E+00   3.4208594670958430E-03
      68   5.8170771653543305E+01       48   1.8372656250000001E+00   1.8726328074680800E-03
      68   5.8170771653543305E+01       49   1.8762500000000000E+00   4.0232019328641476E-03
      68   5.8170771653543305E+01       50   1.9152343750000000E+00   5.0120142910565586E-03
      68   5.8170771653543305E+01       51   1.9542187500000001E+00   4.0055453684518993E-03
      68   5.8170771653543305E+01       52   1.9932031250000002E+00   3.8979075211682404E-03
      68   5.8170771653543305E+01       53   2.0321875000000000E+00   3.8170318035076721E-03
      68   5.8170771653543305E+01       54   2.0711718750000001E+00   2.9426874436197341E-03
      68   5.8170771653543305E+01       55   2.1101562500000002E+00   4.7080217913027262E-03
      68   5.8170771653543305E+01       56   2.1491406250000002E+00   2.5662562948206595E-03
      68   5.8170771653543305E+01       57   2.1881249999999999E+00   4.1426429732704098E-03
      68   5.8170771653543305E+01       58   2.2271093749999999E+00   2.0592459924000128E-03
      68   5.8170771653543305E+01       59   2.2660937500000000E+00   3.3300075615476693E-03
      68   5.8170771653543305E+01       60   2.3050781250000001E+00   2.1944646503038569E-03
      68   5.8170771653543305E+01       61   2.3440625000000002E+00   6.5022486948995558E-03
      68   5.8170771653543305E+01       62   2.3830468750000002E+00   6.0757627296928619E-03
      68   5.8170771653543305E+01       63   2.4220312500000003E+00   3.2082368997079390E-03
      68   5.8170771653543305E+01       64   2.4610156249999999E+00   7.6679813284137961E-03
 
      69   5.9038992125984244E+01        1   5.0000000000000001E-03   7.1492470889640890E+02
      69   5.9038992125984244E+01        2   4.3984374999999999E-02   6.2447427578092494E+01
      69   5.9038992125984244E+01        3   8.2968750000000008E-02   2.4477565336661407E+01
      69   5.9038992125984244E+01        4   1.2195312500000001E-01   1.5090596087259243E+01
      69   5.9038992125984244E+01        5   1.6093750000000001E-01   1.6217887936760029E+01
      69   5.9038992125984244E+01        6   1.9992187500000000E-01   1.6676558095428870E+01
      69   5.9038992125984244E+01        7   2.3890625000000001E-01   1.5055824211787437E+01
      69   5.9038992125984244E+01        8   2.7789062500000000E-01   1.4924037586140804E+01
      69   5.9038992125984244E+01        9   3.1687500000000002E-01   1.0776645774469740E+01
      69   5.9038992125984244E+01       10   3.5585937500000003E-01   8.3297201252874995E+00
      69   5.9038992125984244E+01       11   3.9484374999999999E-01   6.3402693738933564E+00
      69   5.9038992125984244E+01       12   4.3382812500000001E-01   3.0572461581268313E+00
      69   5.9038992125984244E+01       13   4.7281250000000002E-01   3.9791886442627642E+00
      69   5.9038992125984244E+01       14   5.1179687500000004E-01   3.5377755334800112E+00
      69   5.9038992125984244E+01       15   5.5078125000000000E-01   4.1882867630949967E+00
      69   5.9038992125984244E+01       16   5.8976562500000007E-01   5.9524149298465909E+00
      69   5.9038992125984244E+01       17   6.2875000000000003E-01   6.2324527857572054E+00
      69   5.9038992125984244E+01       18   6.6773437499999999E-01   5.5670646892517643E+00
      69   5.9038992125984244E+01       19   7.0671875000000006E-01   3.1749142536659010E+00
      69   5.9038992125984244E+01       20   7.4570312500000002E-01   8.8165934893733811E-01
      69   5.9038992125984244E+01       21   7.8468749999999998E-01   2.7345553984619508E-01
      69   5.9038992125984244E+01       22   8.2367187500000005E-01   2.1958112415591727E-01
      69   5.9038992125984244E+01       23   8.6265625000000001E-01   2.8406981868863795E-01
      69   5.9038992125984244E+01       24   9.0164062500000008E-01   4.2313063027337550E-01
      69   5.9038992125984244E+01       25   9.4062500000000004E-01   4.0251857598223589E-01
      69   5.9038992125984244E+01       26   9.7960937500000000E-01   1.5390048772340739E-01
      69   5.9038992125984244E+01       27   1.0185937500000000E+00   8.3220306141627509E-02
      69   5.9038992125984244E+01       28   1.0575781250000000E+00   1.5853297468238073E-01
      69   5.9038992125984244E+01       29   1.0965625000000001E+00   1.3089456094719340E-01
      69   5.9038992125984244E+01       30   1.1355468750000000E+00   7.7673922412015692E-02
      69   5.9038992125984244E+01       31   1.1745312500000000E+00   5.6433709135878501E-02
      69   5.9038992125984244E+01       32   1.2135156250000001E+00   8.7761280646286841E-02
      69   5.9038992125984244E+01       33   1.2524999999999999E+00   4.5670607826220642E-02
      69   5.9038992125984244E+01       34   1.2914843750000000E+00   2.0777014934891255E-02
      69   5.9038992125984244E+01       35   1.3304687500000001E+00   3.7394863016647802E-02
      69   5.9038992125984244E+01       36   1.3694531250000002E+00   3.6151193605148242E-02
      69   5.9038992125984244E+01       37   1.4084375000000000E+00   1.0454986554831064E-02
      69   5.9038992125984244E+01       38   1.4474218750000001E+00   2.3986223920767453E-02
      69   5.9038992125984244E+01       39   1.4864062500000002E+00   9.5716797852344517E-03
      69   5.9038992125984244E+01       40   1.5253906250000000E+00   6.6624561332621225E-03
      69   5.9038992125984244E+01       41   1.5643750000000001E+00   1.2820108492437225E-02
      69   5.9038992125984244E+01       42   1.6033593750000001E+00   5.4045125243334900E-03
      69   5.9038992125984244E+01       43   1.6423437500000000E+00   7.1712070014898037E-03
      69   5.9038992125984244E+01       44   1.6813281250000001E+00   9.4313069313154488E-03
      69   5.9038992125984244E+01       45   1.7203125000000001E+00   9.9757749753704057E-03
      69   5.9038992125984244E+01       46   1.7592968750000000E+00   1.6059192496953314E-03
      69   5.9038992125984244E+01       47   1.7982812500000001E+00   3.8022791557567413E-03
      69   5.9038992125984244E+01       48   1.8372656250000001E+00   1.3752215866560664E-03
      69   5.9038992125984244E+01       49   1.8762500000000000E+00   4.0375638212499856E-03
      69   5.9038992125984244E+01       50   1.9152343750000000E+00   5.0765793867470176E-03
      69   5.9038992125984244E+01       51   1.9542187500000001E+00   3.9226773909300889E-03
      69   5.9038992125984244E+01       52   1.9932031250000002E+00   3.9099132234775950E-03
      69   5.9038992125984244E+01       53   2.0321875000000000E+00   4.0098649590231553E-03
      69   5.9038992125984244E+01       54   2.0711718750000001E+00   2.8736293428338507E-03
      69   5.9038992125984244E+01       55   2.1101562500000002E+00   4.5634384357051624E-03
      69   5.9038992125984244E+01       56   2.1491406250000002E+00   2.3928887716054533E-03
      69   5.9038992125984244E+01       57   2.1881249999999999E+00   4.3840482186995071E-03
      69   5.9038992125984244E+01       58   2.2271093749999999E+00   2.0968309233971461E-03
      69   5.9038992125984244E+01       59   2.2660937500000000E+00   3.3047427737528117E-03
      69   5.9038992125984244E+01       60   2.3050781250000001E+00   2.2876687183012133E-03
      69   5.9038992125984244E+01       61   2.3440625000000002E+00   6.2548244302882599E-03
      69   5.9038992125984244E+01       62   2.3830468750000002E+00   5.8818482365248148E-03
      69   5.9038992125984244E+01       63   2.4220312500000003E+00   3.5887887706069531E-03
      69   5.9038992125984244E+01       64   2.4610156249999999E+00   7.8423024304925520E-03
 
      70   5.9907212598425190E+01        1   5.0000000000000001E-03   7.3455059098136019E+02
      70   5.9907212598425190E+01        2   4.3984374999999999E-02   6.4399375236552558E+01
      70   5.9907212598425190E+01        3   8.2968750000000008E-02   2.5257997556745636E+01
      70   5.9907212598425190E+01        4   1.2195312500000001E-01   1.5255996438388063E+01
      70   5.9907212598425190E+01        5   1.6093750000000001E-01   1.6124795139382691E+01
      70   5.9907212598425190E+01        6   1.9992187500000000E-01   1.6579533174470143E+01
      70   5.9907212598425190E+01        7   2.3890625000000001E-01   1.4853090608312504E+01
      70   5.9907212598425190E+01        8   2.7789062500000000E-01   1.4261161866921569E+01
      70   5.9907212598425190E+01        9   3.1687500000000002E-01   1.0311099499747513E+01
      70   5.9907212598425190E+01       10   3.5585937500000003E-01   8.1926539712442157E+00
      70   5.9907212598425190E+01       11   3.9484374999999999E-01   6.0138654385881809E+00
      70   5.9907212598425190E+01       12   4.3382812500000001E-01   2.9158347722716504E+00
      70   5.9907212598425190E+01       13   4.7281250000000002E-01   3.7344175187789390E+00
      70   5.9907212598425190E+01       14   5.1179687500000004E-01   3.3790812943774564E+00
      70   5.9907212598425190E+01       15   5.5078125000000000E-01   4.0232853212375792E+00
      70   5.9907212598425190E+01       16   5.8976562500000007E-01   5.6499871819845691E+00
      70   5.9907212598425190E+01       17   6.2875000000000003E-01   5.8879819324215408E+00
      70   5.9907212598425190E+01       18   6.6773437499999999E-01   5.2315494530370525E+00
      70   5.9907212598425190E+01       19   7.0671875000000006E-01   2.9137715516776290E+00
      70   5.9907212598425190E+01       20   7.4570312500000002E-01   7.9398922511171321E-01
      70   5.9907212598425190E+01       21   7.8468749999999998E-01   2.4912237598209441E-01
      70   5.9907212598425190E+01       22   8.2367187500000005E-01   2.2421790290295934E-01
      70   5.9907212598425190E+01       23   8.6265625000000001E-01   2.7015257794003600E-01
      70   5.9907212598425190E+01       24   9.0164062500000008E-01   3.5642609659044150E-01
      70   5.9907212598425190E+01       25   9.4062500000000004E-01   3.4683985740735723E-01
      70   5.9907212598425190E+01       26   9.7960937500000000E-01   1.5396661941297590E-01
      70   5.9907212598425190E+01       27   1.0185937500000000E+00   1.0639902805306742E-01
      70   5.9907212598425190E+01       28   1.0575781250000000E+00   1.5072253673063599E-01
      70   5.9907212598425190E+01       29   1.0965625000000001E+00   1.0275119182984853E-01
      70   5.9907212598425190E+01       30   1.1355468750000000E+00   7.6207955939141786E-02
      70   5.9907212598425190E+01       31   1.1745312500000000E+00   7.2390087127276209E-02
      70   5.9907212598425190E+01       32   1.2135156250000001E+00   8.3914257260008576E-02
      70   5.9907212598425190E+01       33   1.2524999999999999E+00   3.4968465963115168E-02
      70   5.9907212598425190E+01       34   1.2914843750000000E+00   3.0513093081062249E-02
      70   5.9907212598425190E+01       35   1.3304687500000001E+00   3.6387479606969871E-02
      70   5.9907212598425190E+01       36   1.3694531250000002E+00   3.0739276122074062E-02
      70   5.9907212598425190E+01       37   1.4084375000000000E+00   1.4313822891028736E-02
      70   5.9907212598425190E+01       38   1.4474218750000001E+00   2.0733901563587006E-02
      70   5.9907212598425190E+01       39   1.4864062500000002E+00   8.7413165461985697E-03
      70   5.9907212598425190E+01       40   1.5253906250000000E+00   7.2101247225545961E-03
      70   5.9907212598425190E+01       41   1.5643750000000001E+00   1.0868839141315575E-02
      70   5.9907212598425190E+01       42   1.6033593750000001E+00   6.7735743758199247E-03
      70   5.9907212598425190E+01       43   1.6423437500000000E+00   8.5922777924437241E-03
      70   5.9907212598425190E+01       44   1.6813281250000001E+00   1.0006196597466637E-02
      70   5.9907212598425190E+01       45   1.7203125000000001E+00   8.0509987681264775E-03
      70   5.9907212598425190E+01       46   1.7592968750000000E+00   2.4638360933024002E-03
      70   5.9907212598425190E+01       47   1.7982812500000001E+00   4.2587308171678990E-03
      70   5.9907212598425190E+01       48   1.8372656250000001E+00   1.2127302890180120E-03
      70   5.9907212598425190E+01       49   1.8762500000000000E+00   3.4539455435341686E-03
      70   5.9907212598425190E+01       50   1.9152343750000000E+00   4.5953082466790359E-03
      70   5.9907212598425190E+01       51   1.9542187500000001E+00   4.0627316068705208E-03
      70   5.9907212598425190E+01       52   1.9932031250000002E+00   4.0973220416653027E-03
      70   5.9907212598425190E+01       53   2.0321875000000000E+00   4.2305594714900493E-03
      70   5.9907212598425190E+01       54   2.0711718750000001E+00   2.6939020246166670E-03
      70   5.9907212598425190E+01       55   2.1101562500000002E+00   4.5858012234636352E-03
      70   5.9907212598425190E+01       56   2.1491406250000002E+00   2.2150455564654507E-03
      70   5.9907212598425190E+01       57   2.1881249999999999E+00   4.4577457951389165E-03
      70   5.9907212598425190E+01       58   2.2271093749999999E+00   2.1555399849583746E-03
      70   5.9907212598425190E+01       59   2.2660937500000000E+00   3.2541375546490288E-03
      70   5.9907212598425190E+01       60   2.3050781250000001E+00   2.3371634814263013E-03
      70   5.9907212598425190E+01       61   2.3440625000000002E+00   6.0784146526362713E-03
      70   5.9907212598425190E+01       62   2.3830468750000002E+00   5.7175990118798203E-03
      70   5.9907212598425190E+01       63   2.4220312500000003E+00   3.9862991441464331E-03
      70   5.9907212598425190E+01       64   2.4610156249999999E+00   7.6859770546407720E-03
 
      71   6.0775433070866136E+01        1   5.0000000000000001E-03   7.3702960438652440E+02
      71   6.0775433070866136E+01        2   4.3984374999999999E-02   6.4824947706643883E+01
      71   6.0775433070866136E+01        3   8.2968750000000008E-02   2.5256984138558010E+01
      71   6.0775433070866136E+01        4   1.2195312500000001E-01   1.4908667474373305E+01
      71   6.0775433070866136E+01        5   1.6093750000000001E-01   1.5689738258584248E+01
      71   6.0775433070866136E+01        6   1.9992187500000000E-01   1.6176383206726467E+01
      71   6.0775433070866136E+01        7   2.3890625000000001E-01   1.4404106634327013E+01
      71   6.0775433070866136E+01        8   2.7789062500000000E-01   1.3480732518384121E+01
      71   6.0775433070866136E+01        9   3.1687500000000002E-01   9.8724022663419007E+00
      71   6.0775433070866136E+01       10   3.5585937500000003E-01   7.9584451334608062E+00
      71   6.0775433070866136E+01       11   3.9484374999999999E-01   5.6625928786081188E+00
      71   6.0775433070866136E+01       12   4.3382812500000001E-01   2.7262347617199145E+00
      71   6.0775433070866136E+01       13   4.7281250000000002E-01   3.4004106239756133E+00
      71   6.0775433070866136E+01       14   5.1179687500000004E-01   3.1942428315386215E+00
      71   6.0775433070866136E+01       15   5.5078125000000000E-01   3.8289758663544378E+00
      71   6.0775433070866136E+01       16   5.8976562500000007E-01   5.3189091006467279E+00
      71   6.0775433070866136E+01       17   6.2875000000000003E-01   5.5713217450780919E+00
      71   6.0775433070866136E+01       18   6.6773437499999999E-01   4.8673575150546702E+00
      71   6.0775433070866136E+01       19   7.0671875000000006E-01   2.6939225563146456E+00
      71   6.0775433070866136E+01       20   7.4570312500000002E-01   7.0786065903467743E-01
      71   6.0775433070866136E+01       21   7.8468749999999998E-01   2.4429728797875933E-01
      71   6.0775433070866136E+01       22   8.2367187500000005E-01   2.1540976871353390E-01
      71   6.0775433070866136E+01       23   8.6265625000000001E-01   2.5236765820252915E-01
      71   6.0775433070866136E+01       24   9.0164062500000008E-01   2.9863154659064900E-01
      71   6.0775433070866136E+01       25   9.4062500000000004E-01   3.1627323745619740E-01
      71   6.0775433070866136E+01       26   9.7960937500000000E-01   1.7752457981958744E-01
      71   6.0775433070866136E+01       27   1.0185937500000000E+00   1.3017721252353409E-01
      71   6.0775433070866136E+01       28   1.0575781250000000E+00   1.3189403416556347E-01
      71   6.0775433070866136E+01       29   1.0965625000000001E+00   7.7443185425425429E-02
      71   6.0775433070866136E+01       30   1.1355468750000000E+00   8.9797560705086529E-02
      71   6.0775433070866136E+01       31   1.1745312500000000E+00   8.5982863644073620E-02
      71   6.0775433070866136E+01       32   1.2135156250000001E+00   7.1659785253517336E-02
      71   6.0775433070866136E+01       33   1.2524999999999999E+00   3.2479599583905137E-02
      71   6.0775433070866136E+01       34   1.2914843750000000E+00   4.0111338680237044E-02
      71   6.0775433070866136E+01       35   1.3304687500000001E+00   3.1473407223711253E-02
      71   6.0775433070866136E+01       36   1.3694531250000002E+00   2.6614594205279420E-02
      71   6.0775433070866136E+01       37   1.4084375000000000E+00   1.7777761808933801E-02
      71   6.0775433070866136E+01       38   1.4474218750000001E+00   1.6123114474834419E-02
      71   6.0775433070866136E+01       39   1.4864062500000002E+00   1.0885963636290125E-02
      71   6.0775433070866136E+01       40   1.5253906250000000E+00   6.8495042703146259E-03
      71   6.0775433070866136E+01       41   1.5643750000000001E+00   9.3251069884233619E-03
      71   6.0775433070866136E+01       42   1.6033593750000001E+00   7.3196798570274620E-03
      71   6.0775433070866136E+01       43   1.6423437500000000E+00   8.1935900923375236E-03
      71   6.0775433070866136E+01       44   1.6813281250000001E+00   1.1047998830629596E-02
      71   6.0775433070866136E+01       45   1.7203125000000001E+00   5.6271217602463508E-03
      71   6.0775433070866136E+01       46   1.7592968750000000E+00   3.4581307446676442E-03
      71   6.0775433070866136E+01       47   1.7982812500000001E+00   4.3411522130964060E-03
      71   6.0775433070866136E+01       48   1.8372656250000001E+00   1.5831926485133853E-03
      71   6.0775433070866136E+01       49   1.8762500000000000E+00   3.0489596112806779E-03
      71   6.0775433070866136E+01       50   1.9152343750000000E+00   3.9706001288638600E-03
      71   6.0775433070866136E+01       51   1.9542187500000001E+00   4.1767554064929043E-03
      71   6.0775433070866136E+01       52   1.9932031250000002E+00   4.1655065260762635E-03
      71   6.0775433070866136E+01       53   2.0321875000000000E+00   4.1589967487178333E-03
      71   6.0775433070866136E+01       54   2.0711718750000001E+00   2.6538884801187799E-03
      71   6.0775433070866136E+01       55   2.1101562500000002E+00   4.6516984044305621E-03
      71   6.0775433070866136E+01       56   2.1491406250000002E+00   2.1825219029249551E-03
      71   6.0775433070866136E+01       57   2.1881249999999999E+00   4.2855033562095163E-03
      71   6.0775433070866136E+01       58   2.2271093749999999E+00   2.1726738345270386E-03
      71   6.0775433070866136E+01       59   2.2660937500000000E+00   3.2558397801087267E-03
      71   6.0775433070866136E+01       60   2.3050781250000001E+00   2.4047251510547272E-03
      71   6.0775433070866136E+01       61   2.3440625000000002E+00   6.1789392365223517E-03
      71   6.0775433070866136E+01       62   2.3830468750000002E+00   5.8296943356110787E-03
      71   6.0775433070866136E+01       63   2.4220312500000003E+00   4.2095621169788858E-03
      71   6.0775433070866136E+01       64   2.4610156249999999E+00   7.1557943109677611E-03
 
      72   6.1643653543307082E+01        1   5.0000000000000001E-03   7.2026951962195756E+02
      72   6.1643653543307082E+01        2   4.3984374999999999E-02   6.3638741295239427E+01
      72   6.1643653543307082E+01        3   8.2968750000000008E-02   2.4518986402737731E+01
      72   6.1643653543307082E+01        4   1.2195312500000001E-01   1.4104239715535241E+01
      72   6.1643653543307082E+01        5   1.6093750000000001E-01   1.4915082313775837E+01
      72   6.1643653543307082E+01        6   1.9992187500000000E-01   1.5488275587184464E+01
      72   6.1643653543307082E+01        7   2.3890625000000001E-01   1.3769401871382161E+01
      72   6.1643653543307082E+01        8   2.7789062500000000E-01   1.2771870048793653E+01
      72   6.1643653543307082E+01        9   3.1687500000000002E-01   9.5221859934281934E+00
      72   6.1643653543307082E+01       10   3.5585937500000003E-01   7.6213565292407877E+00
      72   6.1643653543307082E+01       11   3.9484374999999999E-01   5.3306628154362903E+00
      72   6.1643653543307082E+01       12   4.3382812500000001E-01   2.5143879744465023E+00
      72   6.1643653543307082E+01       13   4.7281250000000002E-01   3.0632780338570802E+00
      72   6.1643653543307082E+01       14   5.1179687500000004E-01   2.9966076398825017E+00
      72   6.1643653543307082E+01       15   5.5078125000000000E-01   3.5837026110502617E+00
      72   6.1643653543307082E+01       16   5.8976562500000007E-01   5.0189996516627646E+00
      72   6.1643653543307082E+01       17   6.2875000000000003E-01   5.3001847470786814E+00
      72   6.1643653543307082E+01       18   6.6773437499999999E-01   4.5478890351461185E+00
      72   6.1643653543307082E+01       19   7.0671875000000006E-01   2.5374602456687789E+00
      72   6.1643653543307082E+01       20   7.4570312500000002E-01   6.4118654323676638E-01
      72   6.1643653543307082E+01       21   7.8468749999999998E-01   2.5763254338342412E-01
      72   6.1643653543307082E+01       22   8.2367187500000005E-01   2.0838102821483773E-01
      72   6.1643653543307082E+01       23   8.6265625000000001E-01   2.2683003529696405E-01
      72   6.1643653543307082E+01       24   9.0164062500000008E-01   2.6457819382481818E-01
      72   6.1643653543307082E+01       25   9.4062500000000004E-01   3.1360875212403017E-01
      72   6.1643653543307082E+01       26   9.7960937500000000E-01   2.1642635553678227E-01
      72   6.1643653543307082E+01       27   1.0185937500000000E+00   1.4939228385680720E-01
      72   6.1643653543307082E+01       28   1.0575781250000000E+00   1.0643508435375974E-01
      72   6.1643653543307082E+01       29   1.0965625000000001E+00   6.2178386175344304E-02
      72   6.1643653543307082E+01       30   1.1355468750000000E+00   1.1467249377990146E-01
      72   6.1643653543307082E+01       31   1.1745312500000000E+00   9.0953801760955369E-02
      72   6.1643653543307082E+01       32   1.2135156250000001E+00   5.5931153783693753E-02
      72   6.1643653543307082E+01       33   1.2524999999999999E+00   3.9243805397060377E-02
      72   6.1643653543307082E+01       34   1.2914843750000000E+00   4.4292224705079861E-02
      72   6.1643653543307082E+01       35   1.3304687500000001E+00   2.6265793567476770E-02
      72   6.1643653543307082E+01       36   1.3694531250000002E+00   2.4303245840249618E-02
      72   6.1643653543307082E+01       37   1.4084375000000000E+00   1.9221624224373735E-02
      72   6.1643653543307082E+01       38   1.4474218750000001E+00   1.3138024056449286E-02
      72   6.1643653543307082E+01       39   1.4864062500000002E+00   1.4307795264662530E-02
      72   6.1643653543307082E+01       40   1.5253906250000000E+00   5.9162526568161443E-03
      72   6.1643653543307082E+01       41   1.5643750000000001E+00   9.4592848737812697E-03
      72   6.1643653543307082E+01       42   1.6033593750000001E+00   6.9544393074390375E-03
      72   6.1643653543307082E+01       43   1.6423437500000000E+00   6.3501924533516298E-03
      72   6.1643653543307082E+01       44   1.6813281250000001E+00   1.1109231816785060E-02
      72   6.1643653543307082E+01       45   1.7203125000000001E+00   4.6654085090691829E-03
      72   6.1643653543307082E+01       46   1.7592968750000000E+00   4.1051363752811912E-03
      72   6.1643653543307082E+01       47   1.7982812500000001E+00   4.0350319349007190E-03
      72   6.1643653543307082E+01       48   1.8372656250000001E+00   2.0540070889903650E-03
      72   6.1643653543307082E+01       49   1.8762500000000000E+00   3.3163318571698495E-03
      72   6.1643653543307082E+01       50   1.9152343750000000E+00   3.7048237144815168E-03
      72   6.1643653543307082E+01       51   1.9542187500000001E+00   4.0930265805810377E-03
      72   6.1643653543307082E+01       52   1.9932031250000002E+00   4.0052073930513165E-03
      72   6.1643653543307082E+01       53   2.0321875000000000E+00   3.7590180115209195E-03
      72   6.1643653543307082E+01       54   2.0711718750000001E+00   2.7241940596919659E-03
      72   6.1643653543307082E+01       55   2.1101562500000002E+00   4.7501683336606407E-03
      72   6.1643653543307082E+01       56   2.1491406250000002E+00   2.5103196754226974E-03
      72   6.1643653543307082E+01       57   2.1881249999999999E+00   4.0101625308773198E-03
      72   6.1643653543307082E+01       58   2.2271093749999999E+00   2.0697594945779962E-03
      72   6.1643653543307082E+01       59   2.2660937500000000E+00   3.2648892502002320E-03
      72   6.1643653543307082E+01       60   2.3050781250000001E+00   2.5544331989632856E-03
      72   6.1643653543307082E+01       61   2.3440625000000002E+00   6.4989203957965857E-03
      72   6.1643653543307082E+01       62   2.3830468750000002E+00   6.2543364824107096E-03
      72   6.1643653543307082E+01       63   2.4220312500000003E+00   4.1811695353392072E-03
      72   6.1643653543307082E+01       64   2.4610156249999999E+00   6.5613013408194511E-03
 
      73   6.2511874015748027E+01        1   5.0000000000000001E-03   6.8708705316690634E+02
      73   6.2511874015748027E+01        2   4.3984374999999999E-02   6.1126515410052555E+01
      73   6.2511874015748027E+01        3   8.2968750000000008E-02   2.3277544855601906E+01
      73   6.2511874015748027E+01        4   1.2195312500000001E-01   1.3017491002929503E+01
      73   6.2511874015748027E+01        5   1.6093750000000001E-01   1.3937932600534285E+01
      73   6.2511874015748027E+01        6   1.9992187500000000E-01   1.4672710435239841E+01
      73   6.2511874015748027E+01        7   2.3890625000000001E-01   1.3070686443283588E+01
      73   6.2511874015748027E+01        8   2.7789062500000000E-01   1.2222172066845507E+01
      73   6.2511874015748027E+01        9   3.1687500000000002E-01   9.2787116110960426E+00
      73   6.2511874015748027E+01       10   3.5585937500000003E-01   7.2206783520879467E+00
      73   6.2511874015748027E+01       11   3.9484374999999999E-01   5.0494031118799203E+00
      73   6.2511874015748027E+01       12   4.3382812500000001E-01   2.3058792172769214E+00
      73   6.2511874015748027E+01       13   4.7281250000000002E-01   2.8224389102060412E+00
      73   6.2511874015748027E+01       14   5.1179687500000004E-01   2.8031139523201141E+00
      73   6.2511874015748027E+01       15   5.5078125000000000E-01   3.3120035307459044E+00
      73   6.2511874015748027E+01       16   5.8976562500000007E-01   4.7792545787354159E+00
      73   6.2511874015748027E+01       17   6.2875000000000003E-01   5.0746868034819608E+00
      73   6.2511874015748027E+01       18   6.6773437499999999E-01   4.3533826213078850E+00
      73   6.2511874015748027E+01       19   7.0671875000000006E-01   2.4519414650334599E+00
      73   6.2511874015748027E+01       20   7.4570312500000002E-01   6.2095363187417485E-01
      73   6.2511874015748027E+01       21   7.8468749999999998E-01   2.8056036921982697E-01
      73   6.2511874015748027E+01       22   8.2367187500000005E-01   2.1444780288427864E-01
      73   6.2511874015748027E+01       23   8.6265625000000001E-01   1.9184689553111864E-01
      73   6.2511874015748027E+01       24   9.0164062500000008E-01   2.5378204933529191E-01
      73   6.2511874015748027E+01       25   9.4062500000000004E-01   3.3764574581178419E-01
      73   6.2511874015748027E+01       26   9.7960937500000000E-01   2.5778567827579441E-01
      73   6.2511874015748027E+01       27   1.0185937500000000E+00   1.5918728670379353E-01
      73   6.2511874015748027E+01       28   1.0575781250000000E+00   8.1234763271896326E-02
      73   6.2511874015748027E+01       29   1.0965625000000001E+00   6.1560531958331027E-02
      73   6.2511874015748027E+01       30   1.1355468750000000E+00   1.4316153429735540E-01
      73   6.2511874015748027E+01       31   1.1745312500000000E+00   8.6097274359052858E-02
      73   6.2511874015748027E+01       32   1.2135156250000001E+00   4.2386264558156743E-02
      73   6.2511874015748027E+01       33   1.2524999999999999E+00   5.2434989628577067E-02
      73   6.2511874015748027E+01       34   1.2914843750000000E+00   4.2071356432509602E-02
      73   6.2511874015748027E+01       35   1.3304687500000001E+00   2.4244511464814308E-02
      73   6.2511874015748027E+01       36   1.3694531250000002E+00   2.5540486354842847E-02
      73   6.2511874015748027E+01       37   1.4084375000000000E+00   1.8154133102101469E-02
      73   6.2511874015748027E+01       38   1.4474218750000001E+00   1.3299286442898964E-02
      73   6.2511874015748027E+01       39   1.4864062500000002E+00   1.6892056931793624E-02
      73   6.2511874015748027E+01       40   1.5253906250000000E+00   5.1416337935274144E-03
      73   6.2511874015748027E+01       41   1.5643750000000001E+00   1.0659571998039311E-02
      73   6.2511874015748027E+01       42   1.6033593750000001E+00   6.2455516425232813E-03
      73   6.2511874015748027E+01       43   1.6423437500000000E+00   4.7119884043551729E-03
      73   6.2511874015748027E+01       44   1.6813281250000001E+00   9.6498691690179179E-03
      73   6.2511874015748027E+01       45   1.7203125000000001E+00   5.3157266278177498E-03
      73   6.2511874015748027E+01       46   1.7592968750000000E+00   4.2139432747511606E-03
      73   6.2511874015748027E+01       47   1.7982812500000001E+00   3.9707071137992595E-03
      73   6.2511874015748027E+01       48   1.8372656250000001E+00   2.1528127039080517E-03
      73   6.2511874015748027E+01       49   1.8762500000000000E+00   3.8701463893935982E-03
      73   6.2511874015748027E+01       50   1.9152343750000000E+00   4.0841903930030118E-03
      73   6.2511874015748027E+01       51   1.9542187500000001E+00   3.9002232160935974E-03
      73   6.2511874015748027E+01       52   1.9932031250000002E+00   3.8460917079250101E-03
      73   6.2511874015748027E+01       53   2.0321875000000000E+00   3.3646089738972817E-03
      73   6.2511874015748027E+01       54   2.0711718750000001E+00   2.7784362612811361E-03
      73   6.2511874015748027E+01       55   2.1101562500000002E+00   4.7360870824334810E-03
      73   6.2511874015748027E+01       56   2.1491406250000002E+00   2.9950079441152292E-03
      73   6.2511874015748027E+01       57   2.1881249999999999E+00   3.8436912643147734E-03
      73   6.2511874015748027E+01       58   2.2271093749999999E+00   1.8653990158046722E-03
      73   6.2511874015748027E+01       59   2.2660937500000000E+00   3.2545250701674412E-03
      73   6.2511874015748027E+01       60   2.3050781250000001E+00   2.6996470565380012E-03
      73   6.2511874015748027E+01       61   2.3440625000000002E+00   6.6874113797634558E-03
      73   6.2511874015748027E+01       62   2.3830468750000002E+00   6.4388832898628736E-03
      73   6.2511874015748027E+01       63   2.4220312500000003E+00   3.9270998986975260E-03
      73   6.2511874015748027E+01       64   2.4610156249999999E+00   6.3152780043795095E-03
 
      74   6.3380094488188973E+01        1   5.0000000000000001E-03   6.4351094291778895E+02
      74   6.3380094488188973E+01        2   4.3984374999999999E-02   5.7741946923211785E+01
      74   6.3380094488188973E+01        3   8.2968750000000008E-02   2.1821932592405012E+01
      74   6.3380094488188973E+01        4   1.2195312500000001E-01   1.1908876096291658E+01
      74   6.3380094488188973E+01        5   1.6093750000000001E-01   1.3011955722615047E+01
      74   6.3380094488188973E+01        6   1.9992187500000000E-01   1.3975108885787501E+01
      74   6.3380094488188973E+01        7   2.3890625000000001E-01   1.2470229715785926E+01
      74   6.3380094488188973E+01        8   2.7789062500000000E-01   1.1839193460996134E+01
      74   6.3380094488188973E+01        9   3.1687500000000002E-01   9.1280743111494580E+00
      74   6.3380094488188973E+01       10   3.5585937500000003E-01   6.8306334598977436E+00
      74   6.3380094488188973E+01       11   3.9484374999999999E-01   4.8403337617579849E+00
      74   6.3380094488188973E+01       12   4.3382812500000001E-01   2.1281792369887964E+00
      74   6.3380094488188973E+01       13   4.7281250000000002E-01   2.7323641455597882E+00
      74   6.3380094488188973E+01       14   5.1179687500000004E-01   2.6334606241813510E+00
      74   6.3380094488188973E+01       15   5.5078125000000000E-01   3.0848621891216621E+00
      74   6.3380094488188973E+01       16   5.8976562500000007E-01   4.5975993539530151E+00
      74   6.3380094488188973E+01       17   6.2875000000000003E-01   4.9033001992288119E+00
      74   6.3380094488188973E+01       18   6.6773437499999999E-01   4.3169828975361817E+00
      74   6.3380094488188973E+01       19   7.0671875000000006E-01   2.4466699979672244E+00
      74   6.3380094488188973E+01       20   7.4570312500000002E-01   6.6224383151809874E-01
      74   6.3380094488188973E+01       21   7.8468749999999998E-01   3.1198822297697831E-01
      74   6.3380094488188973E+01       22   8.2367187500000005E-01   2.2555489747833182E-01
      74   6.3380094488188973E+01       23   8.6265625000000001E-01   1.5685733714134958E-01
      74   6.3380094488188973E+01       24   9.0164062500000008E-01   2.5731199643256630E-01
      74   6.3380094488188973E+01       25   9.4062500000000004E-01   3.8172650154271226E-01
      74   6.3380094488188973E+01       26   9.7960937500000000E-01   2.9258465285390123E-01
      74   6.3380094488188973E+01       27   1.0185937500000000E+00   1.5546533821944900E-01
      74   6.3380094488188973E+01       28   1.0575781250000000E+00   6.4517940812713795E-02
      74   6.3380094488188973E+01       29   1.0965625000000001E+00   7.6721823925421498E-02
      74   6.3380094488188973E+01       30   1.1355468750000000E+00   1.6439169029031214E-01
      74   6.3380094488188973E+01       31   1.1745312500000000E+00   7.5177053506039426E-02
      74   6.3380094488188973E+01       32   1.2135156250000001E+00   3.5564834703284864E-02
      74   6.3380094488188973E+01       33   1.2524999999999999E+00   6.6288225136357612E-02
      74   6.3380094488188973E+01       34   1.2914843750000000E+00   3.5679124605994657E-02
      74   6.3380094488188973E+01       35   1.3304687500000001E+00   2.6038745275228786E-02
      74   6.3380094488188973E+01       36   1.3694531250000002E+00   3.2137425656916921E-02
      74   6.3380094488188973E+01       37   1.4084375000000000E+00   1.4966110189603884E-02
      74   6.3380094488188973E+01       38   1.4474218750000001E+00   1.5944782004435575E-02
      74   6.3380094488188973E+01       39   1.4864062500000002E+00   1.6931081858599269E-02
      74   6.3380094488188973E+01       40   1.5253906250000000E+00   4.9018164853027830E-03
      74   6.3380094488188973E+01       41   1.5643750000000001E+00   1.1442757256345580E-02
      74   6.3380094488188973E+01       42   1.6033593750000001E+00   5.8261107654704047E-03
      74   6.3380094488188973E+01       43   1.6423437500000000E+00   4.6325235787820695E-03
      74   6.3380094488188973E+01       44   1.6813281250000001E+00   7.9705677113455307E-03
      74   6.3380094488188973E+01       45   1.7203125000000001E+00   6.4781858102625212E-03
      74   6.3380094488188973E+01       46   1.7592968750000000E+00   3.7456821792591511E-03
      74   6.3380094488188973E+01       47   1.7982812500000001E+00   4.5217892722249431E-03
      74   6.3380094488188973E+01       48   1.8372656250000001E+00   1.9830966882278499E-03
      74   6.3380094488188973E+01       49   1.8762500000000000E+00   3.9452130723134343E-03
      74   6.3380094488188973E+01       50   1.9152343750000000E+00   4.8976960840172185E-03
      74   6.3380094488188973E+01       51   1.9542187500000001E+00   3.7966439437264782E-03
      74   6.3380094488188973E+01       52   1.9932031250000002E+00   3.9986516008815223E-03
      74   6.3380094488188973E+01       53   2.0321875000000000E+00   3.5183946107218266E-03
      74   6.3380094488188973E+01       54   2.0711718750000001E+00   2.8596048421337095E-03
      74   6.3380094488188973E+01       55   2.1101562500000002E+00   4.5280287030042840E-03
      74   6.3380094488188973E+01       56   2.1491406250000002E+00   3.2494512913518970E-03
      74   6.3380094488188973E+01       57   2.1881249999999999E+00   3.8630865722889497E-03
      74   6.3380094488188973E+01       58   2.2271093749999999E+00   1.6888809638226905E-03
      74   6.3380094488188973E+01       59   2.2660937500000000E+00   3.4093112447375657E-03
      74   6.3380094488188973E+01       60   2.3050781250000001E+00   2.7777650063808522E-03
      74   6.3380094488188973E+01       61   2.3440625000000002E+00   6.6368220528162606E-03
      74   6.3380094488188973E+01       62   2.3830468750000002E+00   6.1438014177218744E-03
      74   6.3380094488188973E+01       63   2.4220312500000003E+00   3.6372173095173925E-03
      74   6.3380094488188973E+01       64   2.4610156249999999E+00   6.3987260109337144E-03
 
      75   6.4248314960629926E+01        1   5.0000000000000001E-03   5.9702027709645415E+02
      75   6.4248314960629926E+01        2   4.3984374999999999E-02   5.3984341459957939E+01
      75   6.4248314960629926E+01        3   8.2968750000000008E-02   2.0402690180162313E+01
      75   6.4248314960629926E+01        4   1.2195312500000001E-01   1.1040414720877232E+01
      75   6.4248314960629926E+01        5   1.6093750000000001E-01   1.2412737171889194E+01
      75   6.4248314960629926E+01        6   1.9992187500000000E-01   1.3638331766138736E+01
      75   6.4248314960629926E+01        7   2.3890625000000001E-01   1.2130532092504646E+01
      75   6.4248314960629926E+01        8   2.7789062500000000E-01   1.1604035524129923E+01
      75   6.4248314960629926E+01        9   3.1687500000000002E-01   9.0492564946805842E+00
      75   6.4248314960629926E+01       10   3.5585937500000003E-01   6.5363295597496887E+00
      75   6.4248314960629926E+01       11   3.9484374999999999E-01   4.7211095650627435E+00
      75   6.4248314960629926E+01       12   4.3382812500000001E-01   2.0109246023185623E+00
      75   6.4248314960629926E+01       13   4.7281250000000002E-01   2.7723912048044155E+00
      75   6.4248314960629926E+01       14   5.1179687500000004E-01   2.5042298467232462E+00
      75   6.4248314960629926E+01       15   5.5078125000000000E-01   2.9767814389721079E+00
      75   6.4248314960629926E+01       16   5.8976562500000007E-01   4.4688157887604980E+00
      75   6.4248314960629926E+01       17   6.2875000000000003E-01   4.8134704820552683E+00
      75   6.4248314960629926E+01       18   6.6773437499999999E-01   4.4064162414618346E+00
      75   6.4248314960629926E+01       19   7.0671875000000006E-01   2.5278942014842092E+00
      75   6.4248314960629926E+01       20   7.4570312500000002E-01   7.5449517891529327E-01
      75   6.4248314960629926E+01       21   7.8468749999999998E-01   3.5830984713488884E-01
      75   6.4248314960629926E+01       22   8.2367187500000005E-01   2.2306965972917225E-01
      75   6.4248314960629926E+01       23   8.6265625000000001E-01   1.3442629046171517E-01
      75   6.4248314960629926E+01       24   9.0164062500000008E-01   2.7247090360651577E-01
      75   6.4248314960629926E+01       25   9.4062500000000004E-01   4.3440220503209559E-01
      75   6.4248314960629926E+01       26   9.7960937500000000E-01   3.1753825613154985E-01
      75   6.4248314960629926E+01       27   1.0185937500000000E+00   1.3972579525334211E-01
      75   6.4248314960629926E+01       28   1.0575781250000000E+00   6.1206008093095156E-02
      75   6.4248314960629926E+01       29   1.0965625000000001E+00   1.0302492904640205E-01
      75   6.4248314960629926E+01       30   1.1355468750000000E+00   1.7094123461354824E-01
      75   6.4248314960629926E+01       31   1.1745312500000000E+00   6.2305487901534541E-02
      75   6.4248314960629926E+01       32   1.2135156250000001E+00   3.8442550508311336E-02
      75   6.4248314960629926E+01       33   1.2524999999999999E+00   7.4866881597982729E-02
      75   6.4248314960629926E+01       34   1.2914843750000000E+00   2.8373096115999537E-02
      75   6.4248314960629926E+01       35   1.3304687500000001E+00   2.9325629917822605E-02
      75   6.4248314960629926E+01       36   1.3694531250000002E+00   4.2669268508247177E-02
      75   6.4248314960629926E+01       37   1.4084375000000000E+00   1.1098886944170439E-02
      75   6.4248314960629926E+01       38   1.4474218750000001E+00   1.9425276686216363E-02
      75   6.4248314960629926E+01       39   1.4864062500000002E+00   1.4056146223318123E-02
      75   6.4248314960629926E+01       40   1.5253906250000000E+00   5.4261818762155927E-03
      75   6.4248314960629926E+01       41   1.5643750000000001E+00   1.0649107512203652E-02
      75   6.4248314960629926E+01       42   1.6033593750000001E+00   5.7282667719411717E-03
      75   6.4248314960629926E+01       43   1.6423437500000000E+00   6.0139239796855671E-03
      75   6.4248314960629926E+01       44   1.6813281250000001E+00   7.9583982284626171E-03
      75   6.4248314960629926E+01       45   1.7203125000000001E+00   7.1956655833909661E-03
      75   6.4248314960629926E+01       46   1.7592968750000000E+00   2.7158634276006960E-03
      75   6.4248314960629926E+01       47   1.7982812500000001E+00   5.2159002186872644E-03
      75   6.4248314960629926E+01       48   1.8372656250000001E+00   1.9493700429832291E-03
      75   6.4248314960629926E+01       49   1.8762500000000000E+00   3.3811989476802209E-03
      75   6.4248314960629926E+01       50   1.9152343750000000E+00   5.2917217841581907E-03
      75   6.4248314960629926E+01       51   1.9542187500000001E+00   3.8226554774186618E-03
      75   6.4248314960629926E+01       52   1.9932031250000002E+00   4.4770057208179861E-03
      75   6.4248314960629926E+01       53   2.0321875000000000E+00   4.3253744919784136E-03
      75   6.4248314960629926E+01       54   2.0711718750000001E+00   2.9470856811416560E-03
      75   6.4248314960629926E+01       55   2.1101562500000002E+00   4.3502906414726880E-03
      75   6.4248314960629926E+01       56   2.1491406250000002E+00   3.1450263074950212E-03
      75   6.4248314960629926E+01       57   2.1881249999999999E+00   3.9147360591438767E-03
      75   6.4248314960629926E+01       58   2.2271093749999999E+00   1.6233642202986062E-03
      75   6.4248314960629926E+01       59   2.2660937500000000E+00   3.6554875232649186E-03
      75   6.4248314960629926E+01       60   2.3050781250000001E+00   2.7165239126937866E-03
      75   6.4248314960629926E+01       61   2.3440625000000002E+00   6.3354814341388781E-03
      75   6.4248314960629926E+01       62   2.3830468750000002E+00   5.6293745415589482E-03
      75   6.4248314960629926E+01       63   2.4220312500000003E+00   3.4649650228985966E-03
      75   6.4248314960629926E+01       64   2.4610156249999999E+00   6.5729626971866616E-03
 
      76   6.5116535433070865E+01        1   5.0000000000000001E-03   5.5623148105598091E+02
      76   6.5116535433070865E+01        2   4.3984374999999999E-02   5.0445876603289356E+01
      76   6.5116535433070865E+01        3   8.2968750000000008E-02   1.9209078877016836E+01
      76   6.5116535433070865E+01        4   1.2195312500000001E-01   1.0562848936871893E+01
      76   6.5116535433070865E+01        5   1.6093750000000001E-01   1.2306252179637690E+01
      76   6.5116535433070865E+01        6   1.9992187500000000E-01   1.3796195333275314E+01
      76   6.5116535433070865E+01        7   2.3890625000000001E-01   1.2148312285647696E+01
      76   6.5116535433070865E+01        8   2.7789062500000000E-01   1.1509035832760400E+01
      76   6.5116535433070865E+01        9   3.1687500000000002E-01   9.0369240003300337E+00
      76   6.5116535433070865E+01       10   3.5585937500000003E-01   6.3972905738154200E+00
      76   6.5116535433070865E+01       11   3.9484374999999999E-01   4.7083453493356178E+00
      76   6.5116535433070865E+01       12   4.3382812500000001E-01   1.9771850945338452E+00
      76   6.5116535433070865E+01       13   4.7281250000000002E-01   2.8695784002620659E+00
      76   6.5116535433070865E+01       14   5.1179687500000004E-01   2.4285232505783876E+00
      76   6.5116535433070865E+01       15   5.5078125000000000E-01   3.0139526720292520E+00
      76   6.5116535433070865E+01       16   5.8976562500000007E-01   4.4067943846882160E+00
      76   6.5116535433070865E+01       17   6.2875000000000003E-01   4.8367638805064486E+00
      76   6.5116535433070865E+01       18   6.6773437499999999E-01   4.5592975844318628E+00
      76   6.5116535433070865E+01       19   7.0671875000000006E-01   2.6827422318991907E+00
      76   6.5116535433070865E+01       20   7.4570312500000002E-01   8.6870973437393539E-01
      76   6.5116535433070865E+01       21   7.8468749999999998E-01   4.1730246338277177E-01
      76   6.5116535433070865E+01       22   8.2367187500000005E-01   2.0096491326860208E-01
      76   6.5116535433070865E+01       23   8.6265625000000001E-01   1.2782505375166214E-01
      76   6.5116535433070865E+01       24   9.0164062500000008E-01   3.0481624150711795E-01
      76   6.5116535433070865E+01       25   9.4062500000000004E-01   4.8555045423306131E-01
      76   6.5116535433070865E+01       26   9.7960937500000000E-01   3.2998366621922109E-01
      76   6.5116535433070865E+01       27   1.0185937500000000E+00   1.1945707878416603E-01
      76   6.5116535433070865E+01       28   1.0575781250000000E+00   7.0293624160702409E-02
      76   6.5116535433070865E+01       29   1.0965625000000001E+00   1.3096438040426947E-01
      76   6.5116535433070865E+01       30   1.1355468750000000E+00   1.6291645397769405E-01
      76   6.5116535433070865E+01       31   1.1745312500000000E+00   4.9982475508147356E-02
      76   6.5116535433070865E+01       32   1.2135156250000001E+00   5.0836099700370160E-02
      76   6.5116535433070865E+01       33   1.2524999999999999E+00   7.4625909176501221E-02
      76   6.5116535433070865E+01       34   1.2914843750000000E+00   2.2889306171041436E-02
      76   6.5116535433070865E+01       35   1.3304687500000001E+00   3.1392537478375525E-02
      76   6.5116535433070865E+01       36   1.3694531250000002E+00   5.1035413928521192E-02
      76   6.5116535433070865E+01       37   1.4084375000000000E+00   8.5141436153193407E-03
      76   6.5116535433070865E+01       38   1.4474218750000001E+00   2.2466945844798313E-02
      76   6.5116535433070865E+01       39   1.4864062500000002E+00   1.0607442914714861E-02
      76   6.5116535433070865E+01       40   1.5253906250000000E+00   6.7397779317880302E-03
      76   6.5116535433070865E+01       41   1.5643750000000001E+00   8.7300721469446788E-03
      76   6.5116535433070865E+01       42   1.6033593750000001E+00   5.6442233570909127E-03
      76   6.5116535433070865E+01       43   1.6423437500000000E+00   7.4707839272040687E-03
      76   6.5116535433070865E+01       44   1.6813281250000001E+00   9.6649541726868717E-03
      76   6.5116535433070865E+01       45   1.7203125000000001E+00   7.3859514709929972E-03
      76   6.5116535433070865E+01       46   1.7592968750000000E+00   1.5508850415511637E-03
      76   6.5116535433070865E+01       47   1.7982812500000001E+00   5.4247010331361914E-03
      76   6.5116535433070865E+01       48   1.8372656250000001E+00   2.2840985989905044E-03
      76   6.5116535433070865E+01       49   1.8762500000000000E+00   2.8497556517273533E-03
      76   6.5116535433070865E+01       50   1.9152343750000000E+00   4.8388015744017538E-03
      76   6.5116535433070865E+01       51   1.9542187500000001E+00   3.9485377185727640E-03
      76   6.5116535433070865E+01       52   1.9932031250000002E+00   4.9023270353060408E-03
      76   6.5116535433070865E+01       53   2.0321875000000000E+00   5.2738113852051878E-03
      76   6.5116535433070865E+01       54   2.0711718750000001E+00   2.8519410517567987E-03
      76   6.5116535433070865E+01       55   2.1101562500000002E+00   4.4025153833557058E-03
      76   6.5116535433070865E+01       56   2.1491406250000002E+00   2.9195641932044003E-03
      76   6.5116535433070865E+01       57   2.1881249999999999E+00   3.9426965083373426E-03
      76   6.5116535433070865E+01       58   2.2271093749999999E+00   1.7459818995902428E-03
      76   6.5116535433070865E+01       59   2.2660937500000000E+00   3.8553054400632058E-03
      76   6.5116535433070865E+01       60   2.3050781250000001E+00   2.5269519192607890E-03
      76   6.5116535433070865E+01       61   2.3440625000000002E+00   5.9949672624740264E-03
      76   6.5116535433070865E+01       62   2.3830468750000002E+00   5.3652842284105844E-03
      76   6.5116535433070865E+01       63   2.4220312500000003E+00   3.4706099948586099E-03
      76   6.5116535433070865E+01       64   2.4610156249999999E+00   6.6955366583322162E-03
 
      77   6.5984755905511818E+01        1   5.0000000000000001E-03   5.3059930691974171E+02
      77   6.5984755905511818E+01        2   4.3984374999999999E-02   4.7879314092132397E+01
      77   6.5984755905511818E+01        3   8.2968750000000008E-02   1.8402926060967626E+01
      77   6.5984755905511818E+01        4   1.2195312500000001E-01   1.0484919074109772E+01
      77   6.5984755905511818E+01        5   1.6093750000000001E-01   1.2684803307125783E+01
      77   6.5984755905511818E+01        6   1.9992187500000000E-01   1.4401489807504390E+01
      77   6.5984755905511818E+01        7   2.3890625000000001E-01   1.2501376088151897E+01
      77   6.5984755905511818E+01        8   2.7789062500000000E-01   1.1574741777253251E+01
      77   6.5984755905511818E+01        9   3.1687500000000002E-01   9.1191957496805305E+00
      77   6.5984755905511818E+01       10   3.5585937500000003E-01   6.4272693828478955E+00
      77   6.5984755905511818E+01       11   3.9484374999999999E-01   4.8151579041047077E+00
      77   6.5984755905511818E+01       12   4.3382812500000001E-01   2.0307217722333308E+00
      77   6.5984755905511818E+01       13   4.7281250000000002E-01   2.9573440184057391E+00
      77   6.5984755905511818E+01       14   5.1179687500000004E-01   2.4198958699756346E+00
      77   6.5984755905511818E+01       15   5.5078125000000000E-01   3.1591993459520689E+00
      77   6.5984755905511818E+01       16   5.8976562500000007E-01   4.4435373675954466E+00
      77   6.5984755905511818E+01       17   6.2875000000000003E-01   4.9820142809866566E+00
      77   6.5984755905511818E+01       18   6.6773437499999999E-01   4.7378381355553341E+00
      77   6.5984755905511818E+01       19   7.0671875000000006E-01   2.8771424432061123E+00
      77   6.5984755905511818E+01       20   7.4570312500000002E-01   9.7776402791785633E-01
      77   6.5984755905511818E+01       21   7.8468749999999998E-01   4.6916519178320248E-01
      77   6.5984755905511818E+01       22   8.2367187500000005E-01   1.7435503161551874E-01
      77   6.5984755905511818E+01       23   8.6265625000000001E-01   1.3175819810001926E-01
      77   6.5984755905511818E+01       24   9.0164062500000008E-01   3.5688609293699797E-01
      77   6.5984755905511818E+01       25   9.4062500000000004E-01   5.3080304523256883E-01
      77   6.5984755905511818E+01       26   9.7960937500000000E-01   3.2606511582392611E-01
      77   6.5984755905511818E+01       27   1.0185937500000000E+00   1.0153608715566384E-01
      77   6.5984755905511818E+01       28   1.0575781250000000E+00   8.7422417327811267E-02
      77   6.5984755905511818E+01       29   1.0965625000000001E+00   1.5144154831766138E-01
      77   6.5984755905511818E+01       30   1.1355468750000000E+00   1.4491056118364687E-01
      77   6.5984755905511818E+01       31   1.1745312500000000E+00   4.1844204090579741E-02
      77   6.5984755905511818E+01       32   1.2135156250000001E+00   6.7938518799536593E-02
      77   6.5984755905511818E+01       33   1.2524999999999999E+00   6.5742877113734083E-02
      77   6.5984755905511818E+01       34   1.2914843750000000E+00   2.1076383098857898E-02
      77   6.5984755905511818E+01       35   1.3304687500000001E+00   3.1112381755447720E-02
      77   6.5984755905511818E+01       36   1.3694531250000002E+00   5.0888560775267079E-02
      77   6.5984755905511818E+01       37   1.4084375000000000E+00   8.1137335017999815E-03
      77   6.5984755905511818E+01       38   1.4474218750000001E+00   2.3649924510949778E-02
      77   6.5984755905511818E+01       39   1.4864062500000002E+00   9.2736749220076534E-03
      77   6.5984755905511818E+01       40   1.5253906250000000E+00   7.9056043646868260E-03
      77   6.5984755905511818E+01       41   1.5643750000000001E+00   7.4251298976850824E-03
      77   6.5984755905511818E+01       42   1.6033593750000001E+00   5.2442465053761378E-03
      77   6.5984755905511818E+01       43   1.6423437500000000E+00   7.5353164117460741E-03
      77   6.5984755905511818E+01       44   1.6813281250000001E+00   1.1222417359079190E-02
      77   6.5984755905511818E+01       45   1.7203125000000001E+00   7.4007595021417863E-03
      77   6.5984755905511818E+01       46   1.7592968750000000E+00   9.1584287309924995E-04
      77   6.5984755905511818E+01       47   1.7982812500000001E+00   4.8501927479316503E-03
      77   6.5984755905511818E+01       48   1.8372656250000001E+00   2.6263771486064766E-03
      77   6.5984755905511818E+01       49   1.8762500000000000E+00   2.8778650404626613E-03
      77   6.5984755905511818E+01       50   1.9152343750000000E+00   4.0946626520226804E-03
      77   6.5984755905511818E+01       51   1.9542187500000001E+00   4.1843937203368741E-03
      77   6.5984755905511818E+01       52   1.9932031250000002E+00   4.8540557122723205E-03
      77   6.5984755905511818E+01       53   2.0321875000000000E+00   5.7172300962165081E-03
      77   6.5984755905511818E+01       54   2.0711718750000001E+00   2.5079882185017810E-03
      77   6.5984755905511818E+01       55   2.1101562500000002E+00   4.6361109171900380E-03
      77   6.5984755905511818E+01       56   2.1491406250000002E+00   2.8509064112721503E-03
      77   6.5984755905511818E+01       57   2.1881249999999999E+00   3.9200655099816796E-03
      77   6.5984755905511818E+01       58   2.2271093749999999E+00   2.0068100114209774E-03
      77   6.5984755905511818E+01       59   2.2660937500000000E+00   3.9366293467667885E-03
      77   6.5984755905511818E+01       60   2.3050781250000001E+00   2.2616885971740207E-03
      77   6.5984755905511818E+01       61   2.3440625000000002E+00   6.0312077787308136E-03
      77   6.5984755905511818E+01       62   2.3830468750000002E+00   5.7077821405674559E-03
      77   6.5984755905511818E+01       63   2.4220312500000003E+00   3.5020592126710198E-03
      77   6.5984755905511818E+01       64   2.4610156249999999E+00   6.4570901510177569E-03
 
      78   6.6852976377952757E+01        1   5.0000000000000001E-03   5.2644363795680420E+02
      78   6.6852976377952757E+01        2   4.3984374999999999E-02   4.6927145376108172E+01
      78   6.6852976377952757E+01        3   8.2968750000000008E-02   1.8104826331378547E+01
      78   6.6852976377952757E+01        4   1.2195312500000001E-01   1.0740736859488820E+01
      78   6.6852976377952757E+01        5   1.6093750000000001E-01   1.3402353989512983E+01
      78   6.6852976377952757E+01        6   1.9992187500000000E-01   1.5241078016022458E+01
      78   6.6852976377952757E+01        7   2.3890625000000001E-01   1.3047154342639400E+01
      78   6.6852976377952757E+01        8   2.7789062500000000E-01   1.1840476682249923E+01
      78   6.6852976377952757E+01        9   3.1687500000000002E-01   9.3472759666523082E+00
      78   6.6852976377952757E+01       10   3.5585937500000003E-01   6.6013635713078180E+00
      78   6.6852976377952757E+01       11   3.9484374999999999E-01   5.0405453210400477E+00
      78   6.6852976377952757E+01       12   4.3382812500000001E-01   2.1496153031883938E+00
      78   6.6852976377952757E+01       13   4.7281250000000002E-01   3.0209128744362506E+00
      78   6.6852976377952757E+01       14   5.1179687500000004E-01   2.4866912920240485E+00
      78   6.6852976377952757E+01       15   5.5078125000000000E-01   3.3445117377866938E+00
      78   6.6852976377952757E+01       16   5.8976562500000007E-01   4.6023340092112948E+00
      78   6.6852976377952757E+01       17   6.2875000000000003E-01   5.2226895383118190E+00
      78   6.6852976377952757E+01       18   6.6773437499999999E-01   4.9439880049455036E+00
      78   6.6852976377952757E+01       19   7.0671875000000006E-01   3.0725480750627812E+00
      78   6.6852976377952757E+01       20   7.4570312500000002E-01   1.0680556419081917E+00
      78   6.6852976377952757E+01       21   7.8468749999999998E-01   4.9013392109130272E-01
      78   6.6852976377952757E+01       22   8.2367187500000005E-01   1.6291853746261037E-01
      78   6.6852976377952757E+01       23   8.6265625000000001E-01   1.4323619515421693E-01
      78   6.6852976377952757E+01       24   9.0164062500000008E-01   4.1844246397776530E-01
      78   6.6852976377952757E+01       25   9.4062500000000004E-01   5.6687239222145047E-01
      78   6.6852976377952757E+01       26   9.7960937500000000E-01   3.0495203860598946E-01
      78   6.6852976377952757E+01       27   1.0185937500000000E+00   8.7246011081910088E-02
      78   6.6852976377952757E+01       28   1.0575781250000000E+00   1.0786625882127573E-01
      78   6.6852976377952757E+01       29   1.0965625000000001E+00   1.5965751440858439E-01
      78   6.6852976377952757E+01       30   1.1355468750000000E+00   1.2179278771745214E-01
      78   6.6852976377952757E+01       31   1.1745312500000000E+00   4.2141854743679465E-02
      78   6.6852976377952757E+01       32   1.2135156250000001E+00   8.1829641699467243E-02
      78   6.6852976377952757E+01       33   1.2524999999999999E+00   5.1978425120288045E-02
      78   6.6852976377952757E+01       34   1.2914843750000000E+00   2.4219125217227546E-02
      78   6.6852976377952757E+01       35   1.3304687500000001E+00   2.9064720016219077E-02
      78   6.6852976377952757E+01       36   1.3694531250000002E+00   4.2201488220943953E-02
      78   6.6852976377952757E+01       37   1.4084375000000000E+00   9.9122945335952308E-03
      78   6.6852976377952757E+01       38   1.4474218750000001E+00   2.2414998982709693E-02
      78   6.6852976377952757E+01       39   1.4864062500000002E+00   1.0563964998788250E-02
      78   6.6852976377952757E+01       40   1.5253906250000000E+00   7.9339684279200167E-03
      78   6.6852976377952757E+01       41   1.5643750000000001E+00   7.9597746225387785E-03
      78   6.6852976377952757E+01       42   1.6033593750000001E+00   4.5893694895404900E-03
      78   6.6852976377952757E+01       43   1.6423437500000000E+00   6.2317971501439900E-03
      78   6.6852976377952757E+01       44   1.6813281250000001E+00   1.1098095111476299E-02
      78   6.6852976377952757E+01       45   1.7203125000000001E+00   7.3303151902340963E-03
      78   6.6852976377952757E+01       46   1.7592968750000000E+00   1.2079341499909328E-03
      78   6.6852976377952757E+01       47   1.7982812500000001E+00   3.8734543597997088E-03
      78   6.6852976377952757E+01       48   1.8372656250000001E+00   2.6279663460459421E-03
      78   6.6852976377952757E+01       49   1.8762500000000000E+00   3.4237431187634664E-03
      78   6.6852976377952757E+01       50   1.9152343750000000E+00   3.8265842877980281E-03
      78   6.6852976377952757E+01       51   1.9542187500000001E+00   4.5159000687200060E-03
      78   6.6852976377952757E+01       52   1.9932031250000002E+00   4.4163813979404970E-03
      78   6.6852976377952757E+01       53   2.0321875000000000E+00   5.5032394794582952E-03
      78   6.6852976377952757E+01       54   2.0711718750000001E+00   2.2658387717247384E-03
      78   6.6852976377952757E+01       55   2.1101562500000002E+00   5.0074316935996045E-03
      78   6.6852976377952757E+01       56   2.1491406250000002E+00   2.9553556748777355E-03
      78   6.6852976377952757E+01       57   2.1881249999999999E+00   3.7239608484238313E-03
      78   6.6852976377952757E+01       58   2.2271093749999999E+00   2.2139189907062458E-03
      78   6.6852976377952757E+01       59   2.2660937500000000E+00   3.8413991434743059E-03
      78   6.6852976377952757E+01       60   2.3050781250000001E+00   2.0038323072745882E-03
      78   6.6852976377952757E+01       61   2.3440625000000002E+00   6.4653690804991615E-03
      78   6.6852976377952757E+01       62   2.3830468750000002E+00   6.4778142429020814E-03
      78   6.6852976377952757E+01       63   2.4220312500000003E+00   3.3121974203808523E-03
      78   6.6852976377952757E+01       64   2.4610156249999999E+00   5.8289319522734596E-03
 
      79   6.7721196850393710E+01        1   5.0000000000000001E-03   5.4296579716871213E+02
      79   6.7721196850393710E+01        2   4.3984374999999999E-02   4.7765402831109867E+01
      79   6.7721196850393710E+01        3   8.2968750000000008E-02   1.8362506403537097E+01
      79   6.7721196850393710E+01        4   1.2195312500000001E-01   1.1252230701973316E+01
      79   6.7721196850393710E+01        5   1.6093750000000001E-01   1.4247897988068070E+01
      79   6.7721196850393710E+01        6   1.9992187500000000E-01   1.6041580780551453E+01
      79   6.7721196850393710E+01        7   2.3890625000000001E-01   1.3590108160249487E+01
      79   6.7721196850393710E+01        8   2.7789062500000000E-01   1.2316171393545979E+01
      79   6.7721196850393710E+01        9   3.1687500000000002E-01   9.7427966316899060E+00
      79   6.7721196850393710E+01       10   3.5585937500000003E-01   6.8774315965710642E+00
      79   6.7721196850393710E+01       11   3.9484374999999999E-01   5.3589768428716917E+00
      79   6.7721196850393710E+01       12   4.3382812500000001E-01   2.2959033458086959E+00
      79   6.7721196850393710E+01       13   4.7281250000000002E-01   3.0956763008341284E+00
      79   6.7721196850393710E+01       14   5.1179687500000004E-01   2.6221397158542250E+00
      79   6.7721196850393710E+01       15   5.5078125000000000E-01   3.5181049129039805E+00
      79   6.7721196850393710E+01       16   5.8976562500000007E-01   4.8715902868080638E+00
      79   6.7721196850393710E+01       17   6.2875000000000003E-01   5.5073490609471270E+00
      79   6.7721196850393710E+01       18   6.6773437499999999E-01   5.1882928810438456E+00
      79   6.7721196850393710E+01       19   7.0671875000000006E-01   3.2433198952633204E+00
      79   6.7721196850393710E+01       20   7.4570312500000002E-01   1.1345561815401339E+00
      79   6.7721196850393710E+01       21   7.8468749999999998E-01   4.7354537319014817E-01
      79   6.7721196850393710E+01       22   8.2367187500000005E-01   1.6971996914899626E-01
      79   6.7721196850393710E+01       23   8.6265625000000001E-01   1.6633026201058829E-01
      79   6.7721196850393710E+01       24   9.0164062500000008E-01   4.7082377572371725E-01
      79   6.7721196850393710E+01       25   9.4062500000000004E-01   5.8588111939481402E-01
      79   6.7721196850393710E+01       26   9.7960937500000000E-01   2.7212448537455775E-01
      79   6.7721196850393710E+01       27   1.0185937500000000E+00   7.5949181222027068E-02
      79   6.7721196850393710E+01       28   1.0575781250000000E+00   1.2677736153552183E-01
      79   6.7721196850393710E+01       29   1.0965625000000001E+00   1.5491227840486751E-01
      79   6.7721196850393710E+01       30   1.1355468750000000E+00   9.9561229441239449E-02
      79   6.7721196850393710E+01       31   1.1745312500000000E+00   5.0823835171265319E-02
      79   6.7721196850393710E+01       32   1.2135156250000001E+00   8.6023888092356796E-02
      79   6.7721196850393710E+01       33   1.2524999999999999E+00   3.9248845532553672E-02
      79   6.7721196850393710E+01       34   1.2914843750000000E+00   3.1436510711518269E-02
      79   6.7721196850393710E+01       35   1.3304687500000001E+00   2.6682699464625270E-02
      79   6.7721196850393710E+01       36   1.3694531250000002E+00   3.0859000193286860E-02
      79   6.7721196850393710E+01       37   1.4084375000000000E+00   1.2782309722563341E-02
      79   6.7721196850393710E+01       38   1.4474218750000001E+00   1.9628282488874747E-02
      79   6.7721196850393710E+01       39   1.4864062500000002E+00   1.2837090690341675E-02
      79   6.7721196850393710E+01       40   1.5253906250000000E+00   6.8170501956573044E-03
      79   6.7721196850393710E+01       41   1.5643750000000001E+00   9.6127733073875388E-03
      79   6.7721196850393710E+01       42   1.6033593750000001E+00   4.1806351951611210E-03
      79   6.7721196850393710E+01       43   1.6423437500000000E+00   5.0664162782981838E-03
      79   6.7721196850393710E+01       44   1.6813281250000001E+00   9.2353476218546057E-03
      79   6.7721196850393710E+01       45   1.7203125000000001E+00   6.7528485454007641E-03
      79   6.7721196850393710E+01       46   1.7592968750000000E+00   2.2773443147251797E-03
      79   6.7721196850393710E+01       47   1.7982812500000001E+00   3.2360696072762634E-03
      79   6.7721196850393710E+01       48   1.8372656250000001E+00   2.3548208125432576E-03
      79   6.7721196850393710E+01       49   1.8762500000000000E+00   4.1427152365998768E-03
      79   6.7721196850393710E+01       50   1.9152343750000000E+00   4.2102386084804082E-03
      79   6.7721196850393710E+01       51   1.9542187500000001E+00   4.7572718595070371E-03
      79   6.7721196850393710E+01       52   1.9932031250000002E+00   4.0509681561733549E-03
      79   6.7721196850393710E+01       53   2.0321875000000000E+00   4.9109744344347488E-03
      79   6.7721196850393710E+01       54   2.0711718750000001E+00   2.4193656629767938E-03
      79   6.7721196850393710E+01       55   2.1101562500000002E+00   5.4321784698217459E-03
      79   6.7721196850393710E+01       56   2.1491406250000002E+00   3.1531382548139904E-03
      79   6.7721196850393710E+01       57   2.1881249999999999E+00   3.6030650958513684E-03
      79   6.7721196850393710E+01       58   2.2271093749999999E+00   2.2564654000003484E-03
      79   6.7721196850393710E+01       59   2.2660937500000000E+00   3.6107378808057670E-03
      79   6.7721196850393710E+01       60   2.3050781250000001E+00   1.8968889142849236E-03
      79   6.7721196850393710E+01       61   2.3440625000000002E+00   6.9481955397486988E-03
      79   6.7721196850393710E+01       62   2.3830468750000002E+00   7.0610610855131820E-03
      79   6.7721196850393710E+01       63   2.4220312500000003E+00   2.9624386683259583E-03
      79   6.7721196850393710E+01       64   2.4610156249999999E+00   5.4097917696900415E-03
 
      80   6.8589417322834649E+01        1   5.0000000000000001E-03   5.7313969163390641E+02
      80   6.8589417322834649E+01        2   4.3984374999999999E-02   5.0038597049560543E+01
      80   6.8589417322834649E+01        3   8.2968750000000008E-02   1.9127672315588665E+01
      80   6.8589417322834649E+01        4   1.2195312500000001E-01   1.1931886004432291E+01
      80   6.8589417322834649E+01        5   1.6093750000000001E-01   1.5021023460008879E+01
      80   6.8589417322834649E+01        6   1.9992187500000000E-01   1.6586411828922117E+01
      80   6.8589417322834649E+01        7   2.3890625000000001E-01   1.3985168372588092E+01
      80   6.8589417322834649E+01        8   2.7789062500000000E-01   1.2943327830159836E+01
      80   6.8589417322834649E+01        9   3.1687500000000002E-01   1.0250107586544779E+01
      80   6.8589417322834649E+01       10   3.5585937500000003E-01   7.2171843102511248E+00
      80   6.8589417322834649E+01       11   3.9484374999999999E-01   5.7207569413945949E+00
      80   6.8589417322834649E+01       12   4.3382812500000001E-01   2.4352616349376386E+00
      80   6.8589417322834649E+01       13   4.7281250000000002E-01   3.2277273664496278E+00
      80   6.8589417322834649E+01       14   5.1179687500000004E-01   2.8035621307242233E+00
      80   6.8589417322834649E+01       15   5.5078125000000000E-01   3.6724618496530397E+00
      80   6.8589417322834649E+01       16   5.8976562500000007E-01   5.2001500912527181E+00
      80   6.8589417322834649E+01       17   6.2875000000000003E-01   5.7830145540214293E+00
      80   6.8589417322834649E+01       18   6.6773437499999999E-01   5.4534788981568960E+00
      80   6.8589417322834649E+01       19   7.0671875000000006E-01   3.3792482567587983E+00
      80   6.8589417322834649E+01       20   7.4570312500000002E-01   1.1711711944625953E+00
      80   6.8589417322834649E+01       21   7.8468749999999998E-01   4.3478824039228098E-01
      80   6.8589417322834649E+01       22   8.2367187500000005E-01   1.8019474948641095E-01
      80   6.8589417322834649E+01       23   8.6265625000000001E-01   2.0270608804554036E-01
      80   6.8589417322834649E+01       24   9.0164062500000008E-01   4.9967079133538678E-01
      80   6.8589417322834649E+01       25   9.4062500000000004E-01   5.7770177221457208E-01
      80   6.8589417322834649E+01       26   9.7960937500000000E-01   2.3648338398849086E-01
      80   6.8589417322834649E+01       27   1.0185937500000000E+00   7.0339798984548396E-02
      80   6.8589417322834649E+01       28   1.0575781250000000E+00   1.3892081210878715E-01
      80   6.8589417322834649E+01       29   1.0965625000000001E+00   1.3896543821191165E-01
      80   6.8589417322834649E+01       30   1.1355468750000000E+00   8.6409095802917363E-02
      80   6.8589417322834649E+01       31   1.1745312500000000E+00   6.2948109003287789E-02
      80   6.8589417322834649E+01       32   1.2135156250000001E+00   7.9555009120752904E-02
      80   6.8589417322834649E+01       33   1.2524999999999999E+00   3.3733820962065765E-02
      80   6.8589417322834649E+01       34   1.2914843750000000E+00   3.8838544566550913E-02
      80   6.8589417322834649E+01       35   1.3304687500000001E+00   2.5637988427491563E-02
      80   6.8589417322834649E+01       36   1.3694531250000002E+00   2.3872870867869215E-02
      80   6.8589417322834649E+01       37   1.4084375000000000E+00   1.4581291947875189E-02
      80   6.8589417322834649E+01       38   1.4474218750000001E+00   1.6856496791147930E-02
      80   6.8589417322834649E+01       39   1.4864062500000002E+00   1.4073293424419309E-02
      80   6.8589417322834649E+01       40   1.5253906250000000E+00   5.5192569625708218E-03
      80   6.8589417322834649E+01       41   1.5643750000000001E+00   1.0864361487194107E-02
      80   6.8589417322834649E+01       42   1.6033593750000001E+00   4.5947189497429269E-03
      80   6.8589417322834649E+01       43   1.6423437500000000E+00   5.5498388439488896E-03
      80   6.8589417322834649E+01       44   1.6813281250000001E+00   7.4796594208348978E-03
      80   6.8589417322834649E+01       45   1.7203125000000001E+00   5.7123240497044215E-03
      80   6.8589417322834649E+01       46   1.7592968750000000E+00   3.5055666692213362E-03
      80   6.8589417322834649E+01       47   1.7982812500000001E+00   3.2732400432273780E-03
      80   6.8589417322834649E+01       48   1.8372656250000001E+00   1.9860862458368372E-03
      80   6.8589417322834649E+01       49   1.8762500000000000E+00   4.5845922167396811E-03
      80   6.8589417322834649E+01       50   1.9152343750000000E+00   4.7865089886864956E-03
      80   6.8589417322834649E+01       51   1.9542187500000001E+00   4.6925669801380571E-03
      80   6.8589417322834649E+01       52   1.9932031250000002E+00   4.0343477242123435E-03
      80   6.8589417322834649E+01       53   2.0321875000000000E+00   4.2494656341588929E-03
      80   6.8589417322834649E+01       54   2.0711718750000001E+00   2.8207396397207148E-03
      80   6.8589417322834649E+01       55   2.1101562500000002E+00   5.3741984037579934E-03
      80   6.8589417322834649E+01       56   2.1491406250000002E+00   3.2159027640846177E-03
      80   6.8589417322834649E+01       57   2.1881249999999999E+00   3.7892508012345371E-03
      80   6.8589417322834649E+01       58   2.2271093749999999E+00   2.1511076293185163E-03
      80   6.8589417322834649E+01       59   2.2660937500000000E+00   3.3738622293123404E-03
      80   6.8589417322834649E+01       60   2.3050781250000001E+00   1.9511325274771056E-03
      80   6.8589417322834649E+01       61   2.3440625000000002E+00   7.1927723712584017E-03
      80   6.8589417322834649E+01       62   2.3830468750000002E+00   7.0553252076131822E-03
      80   6.8589417322834649E+01       63   2.4220312500000003E+00   2.6418689834028339E-03
      80   6.8589417322834649E+01       64   2.4610156249999999E+00   5.5554797504476262E-03
 
      81   6.9457637795275588E+01        1   5.0000000000000001E-03   6.0755645850484348E+02
      81   6.9457637795275588E+01        2   4.3984374999999999E-02   5.3044353510532815E+01
      81   6.9457637795275588E+01        3   8.2968750000000008E-02   2.0247400078484329E+01
      81   6.9457637795275588E+01        4   1.2195312500000001E-01   1.2679390792839662E+01
      81   6.9457637795275588E+01        5   1.6093750000000001E-01   1.5581841820452084E+01
      81   6.9457637795275588E+01        6   1.9992187500000000E-01   1.6775526140537050E+01
      81   6.9457637795275588E+01        7   2.3890625000000001E-01   1.4200034559734618E+01
      81   6.9457637795275588E+01        8   2.7789062500000000E-01   1.3608738157947350E+01
      81   6.9457637795275588E+01        9   3.1687500000000002E-01   1.0742206956850985E+01
      81   6.9457637795275588E+01       10   3.5585937500000003E-01   7.5852992981171727E+00
      81   6.9457637795275588E+01       11   3.9484374999999999E-01   6.0576194556420591E+00
      81   6.9457637795275588E+01       12   4.3382812500000001E-01   2.5516384778586159E+00
      81   6.9457637795275588E+01       13   4.7281250000000002E-01   3.4309540940527627E+00
      81   6.9457637795275588E+01       14   5.1179687500000004E-01   3.0008768725150561E+00
      81   6.9457637795275588E+01       15   5.5078125000000000E-01   3.8334128545636648E+00
      81   6.9457637795275588E+01       16   5.8976562500000007E-01   5.5179780600549941E+00
      81   6.9457637795275588E+01       17   6.2875000000000003E-01   6.0126311491103337E+00
      81   6.9457637795275588E+01       18   6.6773437499999999E-01   5.6863181715021360E+00
      81   6.9457637795275588E+01       19   7.0671875000000006E-01   3.4747254201878617E+00
      81   6.9457637795275588E+01       20   7.4570312500000002E-01   1.1688379924202310E+00
      81   6.9457637795275588E+01       21   7.8468749999999998E-01   3.9593490154612421E-01
      81   6.9457637795275588E+01       22   8.2367187500000005E-01   1.8141560370674112E-01
      81   6.9457637795275588E+01       23   8.6265625000000001E-01   2.4205472997302468E-01
      81   6.9457637795275588E+01       24   9.0164062500000008E-01   5.0186189230970224E-01
      81   6.9457637795275588E+01       25   9.4062500000000004E-01   5.3901037110369221E-01
      81   6.9457637795275588E+01       26   9.7960937500000000E-01   2.0487749589761331E-01
      81   6.9457637795275588E+01       27   1.0185937500000000E+00   7.4330829575984220E-02
      81   6.9457637795275588E+01       28   1.0575781250000000E+00   1.4122404803950975E-01
      81   6.9457637795275588E+01       29   1.0965625000000001E+00   1.1597237170691928E-01
      81   6.9457637795275588E+01       30   1.1355468750000000E+00   8.7316903543097638E-02
      81   6.9457637795275588E+01       31   1.1745312500000000E+00   7.3207789259578535E-02
      81   6.9457637795275588E+01       32   1.2135156250000001E+00   6.5948500914447095E-02
      81   6.9457637795275588E+01       33   1.2524999999999999E+00   3.8679687756284505E-02
      81   6.9457637795275588E+01       34   1.2914843750000000E+00   4.1477298700910360E-02
      81   6.9457637795275588E+01       35   1.3304687500000001E+00   2.6473919283691305E-02
      81   6.9457637795275588E+01       36   1.3694531250000002E+00   2.4772850420838079E-02
      81   6.9457637795275588E+01       37   1.4084375000000000E+00   1.3645356747649407E-02
      81   6.9457637795275588E+01       38   1.4474218750000001E+00   1.5831076151547028E-02
      81   6.9457637795275588E+01       39   1.4864062500000002E+00   1.3542611578530775E-02
      81   6.9457637795275588E+01       40   1.5253906250000000E+00   4.8859275932403535E-03
      81   6.9457637795275588E+01       41   1.5643750000000001E+00   1.0650571876400707E-02
      81   6.9457637795275588E+01       42   1.6033593750000001E+00   5.3370463432300449E-03
      81   6.9457637795275588E+01       43   1.6423437500000000E+00   7.4657534585977712E-03
      81   6.9457637795275588E+01       44   1.6813281250000001E+00   7.6619663800135311E-03
      81   6.9457637795275588E+01       45   1.7203125000000001E+00   5.0167613436082580E-03
      81   6.9457637795275588E+01       46   1.7592968750000000E+00   4.0009373820526391E-03
      81   6.9457637795275588E+01       47   1.7982812500000001E+00   3.9220336032704623E-03
      81   6.9457637795275588E+01       48   1.8372656250000001E+00   1.6897385808515510E-03
      81   6.9457637795275588E+01       49   1.8762500000000000E+00   4.4354212770561906E-03
      81   6.9457637795275588E+01       50   1.9152343750000000E+00   5.0807734995406547E-03
      81   6.9457637795275588E+01       51   1.9542187500000001E+00   4.3545851637215747E-03
      81   6.9457637795275588E+01       52   1.9932031250000002E+00   4.2405588681797652E-03
      81   6.9457637795275588E+01       53   2.0321875000000000E+00   3.9351449370288553E-03
      81   6.9457637795275588E+01       54   2.0711718750000001E+00   3.1674935017256263E-03
      81   6.9457637795275588E+01       55   2.1101562500000002E+00   4.8473577359863509E-03
      81   6.9457637795275588E+01       56   2.1491406250000002E+00   3.0638731073027057E-03
      81   6.9457637795275588E+01       57   2.1881249999999999E+00   4.1035168532844672E-03
      81   6.9457637795275588E+01       58   2.2271093749999999E+00   2.0001611006755524E-03
      81   6.9457637795275588E+01       59   2.2660937500000000E+00   3.3443887508828206E-03
      81   6.9457637795275588E+01       60   2.3050781250000001E+00   2.0800222565353606E-03
      81   6.9457637795275588E+01       61   2.3440625000000002E+00   7.1671900036542691E-03
      81   6.9457637795275588E+01       62   2.3830468750000002E+00   6.6958657252601025E-03
      81   6.9457637795275588E+01       63   2.4220312500000003E+00   2.5318342157987462E-03
      81   6.9457637795275588E+01       64   2.4610156249999999E+00   6.0353143883871089E-03
 
      82   7.0325858267716541E+01        1   5.0000000000000001E-03   6.3846876734302111E+02
      82   7.0325858267716541E+01        2   4.3984374999999999E-02   5.6067095613188592E+01
      82   7.0325858267716541E+01        3   8.2968750000000008E-02   2.1519656775703872E+01
      82   7.0325858267716541E+01        4   1.2195312500000001E-01   1.3399105597727875E+01
      82   7.0325858267716541E+01        5   1.6093750000000001E-01   1.5865106500653138E+01
      82   7.0325858267716541E+01        6   1.9992187500000000E-01   1.6646121461829200E+01
      82   7.0325858267716541E+01        7   2.3890625000000001E-01   1.4294190690359317E+01
      82   7.0325858267716541E+01        8   2.7789062500000000E-01   1.4181708855337209E+01
      82   7.0325858267716541E+01        9   3.1687500000000002E-01   1.1084623967211439E+01
      82   7.0325858267716541E+01       10   3.5585937500000003E-01   7.9351587287041143E+00
      82   7.0325858267716541E+01       11   3.9484374999999999E-01   6.2965235443297836E+00
      82   7.0325858267716541E+01       12   4.3382812500000001E-01   2.6493678579929494E+00
      82   7.0325858267716541E+01       13   4.7281250000000002E-01   3.6674367577903637E+00
      82   7.0325858267716541E+01       14   5.1179687500000004E-01   3.1875973044372290E+00
      82   7.0325858267716541E+01       15   5.5078125000000000E-01   4.0212527880948805E+00
      82   7.0325858267716541E+01       16   5.8976562500000007E-01   5.7705274193960028E+00
      82   7.0325858267716541E+01       17   6.2875000000000003E-01   6.1798771167837270E+00
      82   7.0325858267716541E+01       18   6.6773437499999999E-01   5.8246405909261973E+00
      82   7.0325858267716541E+01       19   7.0671875000000006E-01   3.5203717570386286E+00
      82   7.0325858267716541E+01       20   7.4570312500000002E-01   1.1234597455614146E+00
      82   7.0325858267716541E+01       21   7.8468749999999998E-01   3.6690482165400462E-01
      82   7.0325858267716541E+01       22   8.2367187500000005E-01   1.7676776940812935E-01
      82   7.0325858267716541E+01       23   8.6265625000000001E-01   2.6705961224249719E-01
      82   7.0325858267716541E+01       24   9.0164062500000008E-01   4.8183621020192102E-01
      82   7.0325858267716541E+01       25   9.4062500000000004E-01   4.7980683135653779E-01
      82   7.0325858267716541E+01       26   9.7960937500000000E-01   1.8083498467714013E-01
      82   7.0325858267716541E+01       27   1.0185937500000000E+00   8.6822534525957021E-02
      82   7.0325858267716541E+01       28   1.0575781250000000E+00   1.3452838403798395E-01
      82   7.0325858267716541E+01       29   1.0965625000000001E+00   9.2772190889583231E-02
      82   7.0325858267716541E+01       30   1.1355468750000000E+00   9.9456936744341168E-02
      82   7.0325858267716541E+01       31   1.1745312500000000E+00   7.8663700664806116E-02
      82   7.0325858267716541E+01       32   1.2135156250000001E+00   5.0801817120841065E-02
      82   7.0325858267716541E+01       33   1.2524999999999999E+00   5.1806675995425266E-02
      82   7.0325858267716541E+01       34   1.2914843750000000E+00   3.7404082330005702E-02
      82   7.0325858267716541E+01       35   1.3304687500000001E+00   2.8365356702087955E-02
      82   7.0325858267716541E+01       36   1.3694531250000002E+00   3.1728111018925038E-02
      82   7.0325858267716541E+01       37   1.4084375000000000E+00   1.0620573112785480E-02
      82   7.0325858267716541E+01       38   1.4474218750000001E+00   1.7106638046210005E-02
      82   7.0325858267716541E+01       39   1.4864062500000002E+00   1.2063289360113826E-02
      82   7.0325858267716541E+01       40   1.5253906250000000E+00   5.0506336670552224E-03
      82   7.0325858267716541E+01       41   1.5643750000000001E+00   9.1756022798708155E-03
      82   7.0325858267716541E+01       42   1.6033593750000001E+00   5.4290705814984365E-03
      82   7.0325858267716541E+01       43   1.6423437500000000E+00   9.1067729473106058E-03
      82   7.0325858267716541E+01       44   1.6813281250000001E+00   9.3309643594001023E-03
      82   7.0325858267716541E+01       45   1.7203125000000001E+00   5.4107696288504797E-03
      82   7.0325858267716541E+01       46   1.7592968750000000E+00   3.3880370963265379E-03
      82   7.0325858267716541E+01       47   1.7982812500000001E+00   4.8569277594526228E-03
      82   7.0325858267716541E+01       48   1.8372656250000001E+00   1.6835165913256492E-03
      82   7.0325858267716541E+01       49   1.8762500000000000E+00   3.8550999528136672E-03
      82   7.0325858267716541E+01       50   1.9152343750000000E+00   4.9615517410708503E-03
      82   7.0325858267716541E+01       51   1.9542187500000001E+00   4.0015657826264475E-03
      82   7.0325858267716541E+01       52   1.9932031250000002E+00   4.3249129709026866E-03
      82   7.0325858267716541E+01       53   2.0321875000000000E+00   4.0033150172307814E-03
      82   7.0325858267716541E+01       54   2.0711718750000001E+00   3.2447503454485038E-03
      82   7.0325858267716541E+01       55   2.1101562500000002E+00   4.4686362273209422E-03
      82   7.0325858267716541E+01       56   2.1491406250000002E+00   2.8323996481836263E-03
      82   7.0325858267716541E+01       57   2.1881249999999999E+00   4.2133293642286941E-03
      82   7.0325858267716541E+01       58   2.2271093749999999E+00   1.8736744441576584E-03
      82   7.0325858267716541E+01       59   2.2660937500000000E+00   3.4065944465433984E-03
      82   7.0325858267716541E+01       60   2.3050781250000001E+00   2.1778369259180387E-03
      82   7.0325858267716541E+01       61   2.3440625000000002E+00   7.0224243498782316E-03
      82   7.0325858267716541E+01       62   2.3830468750000002E+00   6.3376496875820277E-03
      82   7.0325858267716541E+01       63   2.4220312500000003E+00   2.7058571088779018E-03
      82   7.0325858267716541E+01       64   2.4610156249999999E+00   6.6017169713500270E-03
 
      83   7.1194078740157480E+01        1   5.0000000000000001E-03   6.6180371565950190E+02
      83   7.1194078740157480E+01        2   4.3984374999999999E-02   5.8615634645350717E+01
      83   7.1194078740157480E+01        3   8.2968750000000008E-02   2.2748575476611474E+01
      83   7.1194078740157480E+01        4   1.2195312500000001E-01   1.4011001506786167E+01
      83   7.1194078740157480E+01        5   1.6093750000000001E-01   1.5894501368309307E+01
      83   7.1194078740157480E+01        6   1.9992187500000000E-01   1.6351682965537041E+01
      83   7.1194078740157480E+01        7   2.3890625000000001E-01   1.4345586366614443E+01
      83   7.1194078740157480E+01        8   2.7789062500000000E-01   1.4551168177257569E+01
      83   7.1194078740157480E+01        9   3.1687500000000002E-01   1.1208361273952272E+01
      83   7.1194078740157480E+01       10   3.5585937500000003E-01   8.2111373905691494E+00
      83   7.1194078740157480E+01       11   3.9484374999999999E-01   6.3882463246467509E+00
      83   7.1194078740157480E+01       12   4.3382812500000001E-01   2.7405334681004434E+00
      83   7.1194078740157480E+01       13   4.7281250000000002E-01   3.8623971063618172E+00
      83   7.1194078740157480E+01       14   5.1179687500000004E-01   3.3436182217199515E+00
      83   7.1194078740157480E+01       15   5.5078125000000000E-01   4.2214799456007652E+00
      83   7.1194078740157480E+01       16   5.8976562500000007E-01   5.9333759977756078E+00
      83   7.1194078740157480E+01       17   6.2875000000000003E-01   6.2865184170199200E+00
      83   7.1194078740157480E+01       18   6.6773437499999999E-01   5.8356473374063045E+00
      83   7.1194078740157480E+01       19   7.0671875000000006E-01   3.5046398219595658E+00
      83   7.1194078740157480E+01       20   7.4570312500000002E-01   1.0458923715249766E+00
      83   7.1194078740157480E+01       21   7.8468749999999998E-01   3.4187108010075984E-01
      83   7.1194078740157480E+01       22   8.2367187500000005E-01   1.7908958493642990E-01
      83   7.1194078740157480E+01       23   8.6265625000000001E-01   2.6787202353668765E-01
      83   7.1194078740157480E+01       24   9.0164062500000008E-01   4.4426415228786748E-01
      83   7.1194078740157480E+01       25   9.4062500000000004E-01   4.1963449414554316E-01
      83   7.1194078740157480E+01       26   9.7960937500000000E-01   1.6920109625033877E-01
      83   7.1194078740157480E+01       27   1.0185937500000000E+00   1.0169989821030581E-01
      83   7.1194078740157480E+01       28   1.0575781250000000E+00   1.2160123143504191E-01
      83   7.1194078740157480E+01       29   1.0965625000000001E+00   7.6890387162727461E-02
      83   7.1194078740157480E+01       30   1.1355468750000000E+00   1.1613656218331418E-01
      83   7.1194078740157480E+01       31   1.1745312500000000E+00   7.7683421158473889E-02
      83   7.1194078740157480E+01       32   1.2135156250000001E+00   4.0428485901792259E-02
      83   7.1194078740157480E+01       33   1.2524999999999999E+00   6.5666069137724326E-02
      83   7.1194078740157480E+01       34   1.2914843750000000E+00   2.9468620499857563E-02
      83   7.1194078740157480E+01       35   1.3304687500000001E+00   3.0149004610680676E-02
      83   7.1194078740157480E+01       36   1.3694531250000002E+00   3.9667137858851065E-02
      83   7.1194078740157480E+01       37   1.4084375000000000E+00   8.0970043521848729E-03
      83   7.1194078740157480E+01       38   1.4474218750000001E+00   1.9307866958130589E-02
      83   7.1194078740157480E+01       39   1.4864062500000002E+00   1.1117574518219745E-02
      83   7.1194078740157480E+01       40   1.5253906250000000E+00   5.8132926526356108E-03
      83   7.1194078740157480E+01       41   1.5643750000000001E+00   8.0161350040652626E-03
      83   7.1194078740157480E+01       42   1.6033593750000001E+00   4.9151917797584386E-03
      83   7.1194078740157480E+01       43   1.6423437500000000E+00   9.0397189251744947E-03
      83   7.1194078740157480E+01       44   1.6813281250000001E+00   1.0608501344346238E-02
      83   7.1194078740157480E+01       45   1.7203125000000001E+00   6.6505600728207640E-03
      83   7.1194078740157480E+01       46   1.7592968750000000E+00   2.2260891253643375E-03
      83   7.1194078740157480E+01       47   1.7982812500000001E+00   5.3547616185479164E-03
      83   7.1194078740157480E+01       48   1.8372656250000001E+00   2.0467971637152752E-03
      83   7.1194078740157480E+01       49   1.8762500000000000E+00   3.3113469012687625E-03
      83   7.1194078740157480E+01       50   1.9152343750000000E+00   4.5915738468511862E-03
      83   7.1194078740157480E+01       51   1.9542187500000001E+00   3.8902438958524693E-03
      83   7.1194078740157480E+01       52   1.9932031250000002E+00   4.2555796908019380E-03
      83   7.1194078740157480E+01       53   2.0321875000000000E+00   4.0133976866752663E-03
      83   7.1194078740157480E+01       54   2.0711718750000001E+00   3.1072634762039876E-03
      83   7.1194078740157480E+01       55   2.1101562500000002E+00   4.3419412803589116E-03
      83   7.1194078740157480E+01       56   2.1491406250000002E+00   2.6477518168013048E-03
      83   7.1194078740157480E+01       57   2.1881249999999999E+00   4.1387143980468853E-03
      83   7.1194078740157480E+01       58   2.2271093749999999E+00   1.8473328545584625E-03
      83   7.1194078740157480E+01       59   2.2660937500000000E+00   3.3488097697002379E-03
      83   7.1194078740157480E+01       60   2.3050781250000001E+00   2.2301199658529818E-03
      83   7.1194078740157480E+01       61   2.3440625000000002E+00   7.0198050304944529E-03
      83   7.1194078740157480E+01       62   2.3830468750000002E+00   6.1925070440310504E-03
      83   7.1194078740157480E+01       63   2.4220312500000003E+00   3.0369234034419686E-03
      83   7.1194078740157480E+01       64   2.4610156249999999E+00   7.2063141868172632E-03
 
      84   7.2062299212598433E+01        1   5.0000000000000001E-03   6.7672197579494718E+02
      84   7.2062299212598433E+01        2   4.3984374999999999E-02   6.0431290585671526E+01
      84   7.2062299212598433E+01        3   8.2968750000000008E-02   2.3757293146216220E+01
      84   7.2062299212598433E+01        4   1.2195312500000001E-01   1.4455283273395125E+01
      84   7.2062299212598433E+01        5   1.6093750000000001E-01   1.5772896510511705E+01
      84   7.2062299212598433E+01        6   1.9992187500000000E-01   1.6073760545349057E+01
      84   7.2062299212598433E+01        7   2.3890625000000001E-01   1.4395664333449902E+01
      84   7.2062299212598433E+01        8   2.7789062500000000E-01   1.4661939559775321E+01
      84   7.2062299212598433E+01        9   3.1687500000000002E-01   1.1126893855488047E+01
      84   7.2062299212598433E+01       10   3.5585937500000003E-01   8.3679202987625363E+00
      84   7.2062299212598433E+01       11   3.9484374999999999E-01   6.3315821317329748E+00
      84   7.2062299212598433E+01       12   4.3382812500000001E-01   2.8274446521897207E+00
      84   7.2062299212598433E+01       13   4.7281250000000002E-01   3.9443722682958584E+00
      84   7.2062299212598433E+01       14   5.1179687500000004E-01   3.4526102239567398E+00
      84   7.2062299212598433E+01       15   5.5078125000000000E-01   4.3851597668406619E+00
      84   7.2062299212598433E+01       16   5.8976562500000007E-01   6.0020615611453403E+00
      84   7.2062299212598433E+01       17   6.2875000000000003E-01   6.3376720192116451E+00
      84   7.2062299212598433E+01       18   6.6773437499999999E-01   5.7351217996899262E+00
      84   7.2062299212598433E+01       19   7.0671875000000006E-01   3.4191797346281136E+00
      84   7.2062299212598433E+01       20   7.4570312500000002E-01   9.6141306878830801E-01
      84   7.2062299212598433E+01       21   7.8468749999999998E-01   3.1235510161502161E-01
      84   7.2062299212598433E+01       22   8.2367187500000005E-01   1.9319733926303950E-01
      84   7.2062299212598433E+01       23   8.6265625000000001E-01   2.5019192381447575E-01
      84   7.2062299212598433E+01       24   9.0164062500000008E-01   3.9290548077278276E-01
      84   7.2062299212598433E+01       25   9.4062500000000004E-01   3.7613630697943401E-01
      84   7.2062299212598433E+01       26   9.7960937500000000E-01   1.7724161878772884E-01
      84   7.2062299212598433E+01       27   1.0185937500000000E+00   1.1489146754446855E-01
      84   7.2062299212598433E+01       28   1.0575781250000000E+00   1.0522115111552503E-01
      84   7.2062299212598433E+01       29   1.0965625000000001E+00   7.3648718349535458E-02
      84   7.2062299212598433E+01       30   1.1355468750000000E+00   1.3286296621358162E-01
      84   7.2062299212598433E+01       31   1.1745312500000000E+00   7.0232445493392567E-02
      84   7.2062299212598433E+01       32   1.2135156250000001E+00   3.9477872514325454E-02
      84   7.2062299212598433E+01       33   1.2524999999999999E+00   7.2370537584767775E-02
      84   7.2062299212598433E+01       34   1.2914843750000000E+00   2.2759650870289413E-02
      84   7.2062299212598433E+01       35   1.3304687500000001E+00   3.0516394540972235E-02
      84   7.2062299212598433E+01       36   1.3694531250000002E+00   4.3320660911118414E-02
      84   7.2062299212598433E+01       37   1.4084375000000000E+00   7.6992546347059198E-03
      84   7.2062299212598433E+01       38   1.4474218750000001E+00   2.0523121267044860E-02
      84   7.2062299212598433E+01       39   1.4864062500000002E+00   1.1319306967151393E-02
      84   7.2062299212598433E+01       40   1.5253906250000000E+00   6.3783159079478843E-03
      84   7.2062299212598433E+01       41   1.5643750000000001E+00   7.9961115591325998E-03
      84   7.2062299212598433E+01       42   1.6033593750000001E+00   4.2177216975466999E-03
      84   7.2062299212598433E+01       43   1.6423437500000000E+00   7.0915824960054137E-03
      84   7.2062299212598433E+01       44   1.6813281250000001E+00   1.0087507579898822E-02
      84   7.2062299212598433E+01       45   1.7203125000000001E+00   7.2889849653673686E-03
      84   7.2062299212598433E+01       46   1.7592968750000000E+00   1.2513861045097344E-03
      84   7.2062299212598433E+01       47   1.7982812500000001E+00   4.6969863191571272E-03
      84   7.2062299212598433E+01       48   1.8372656250000001E+00   2.4654859376094600E-03
      84   7.2062299212598433E+01       49   1.8762500000000000E+00   3.0651637436264743E-03
      84   7.2062299212598433E+01       50   1.9152343750000000E+00   4.2725930002262364E-03
      84   7.2062299212598433E+01       51   1.9542187500000001E+00   4.0779056014682681E-03
      84   7.2062299212598433E+01       52   1.9932031250000002E+00   4.2867581649649036E-03
      84   7.2062299212598433E+01       53   2.0321875000000000E+00   3.9027300665300853E-03
      84   7.2062299212598433E+01       54   2.0711718750000001E+00   2.9911460681430629E-03
      84   7.2062299212598433E+01       55   2.1101562500000002E+00   4.2667389954280698E-03
      84   7.2062299212598433E+01       56   2.1491406250000002E+00   2.5639545070361104E-03
      84   7.2062299212598433E+01       57   2.1881249999999999E+00   4.1630548682943880E-03
      84   7.2062299212598433E+01       58   2.2271093749999999E+00   1.8953829392415332E-03
      84   7.2062299212598433E+01       59   2.2660937500000000E+00   3.1965339313674138E-03
      84   7.2062299212598433E+01       60   2.3050781250000001E+00   2.2886247306997077E-03
      84   7.2062299212598433E+01       61   2.3440625000000002E+00   7.1828133047527540E-03
      84   7.2062299212598433E+01       62   2.3830468750000002E+00   6.2801503690741792E-03
      84   7.2062299212598433E+01       63   2.4220312500000003E+00   3.3183226149502347E-03
      84   7.2062299212598433E+01       64   2.4610156249999999E+00   7.6149678265381177E-03
 
      85   7.2930519685039371E+01        1   5.0000000000000001E-03   6.8503401886933796E+02
      85   7.2930519685039371E+01        2   4.3984374999999999E-02   6.1468886901992803E+01
      85   7.2930519685039371E+01        3   8.2968750000000008E-02   2.4420319827076355E+01
      85   7.2930519685039371E+01        4   1.2195312500000001E-01   1.4704448218521417E+01
      85   7.2930519685039371E+01        5   1.6093750000000001E-01   1.5618325169280553E+01
      85   7.2930519685039371E+01        6   1.9992187500000000E-01   1.5922392097750896E+01
      85   7.2930519685039371E+01        7   2.3890625000000001E-01   1.4444421112687463E+01
      85   7.2930519685039371E+01        8   2.7789062500000000E-01   1.4532537177535618E+01
      85   7.2930519685039371E+01        9   3.1687500000000002E-01   1.0906717511477172E+01
      85   7.2930519685039371E+01       10   3.5585937500000003E-01   8.3887500865995630E+00
      85   7.2930519685039371E+01       11   3.9484374999999999E-01   6.1694998990612975E+00
      85   7.2930519685039371E+01       12   4.3382812500000001E-01   2.8981772990005212E+00
      85   7.2930519685039371E+01       13   4.7281250000000002E-01   3.8847763949981342E+00
      85   7.2930519685039371E+01       14   5.1179687500000004E-01   3.5075621828284445E+00
      85   7.2930519685039371E+01       15   5.5078125000000000E-01   4.4526184228553110E+00
      85   7.2930519685039371E+01       16   5.8976562500000007E-01   5.9842480390205823E+00
      85   7.2930519685039371E+01       17   6.2875000000000003E-01   6.3225021220506763E+00
      85   7.2930519685039371E+01       18   6.6773437499999999E-01   5.5762191196343185E+00
      85   7.2930519685039371E+01       19   7.0671875000000006E-01   3.2696849443513845E+00
      85   7.2930519685039371E+01       20   7.4570312500000002E-01   8.9520324372139048E-01
      85   7.2930519685039371E+01       21   7.8468749999999998E-01   2.8227374129190247E-01
      85   7.2930519685039371E+01       22   8.2367187500000005E-01   2.0880591722876038E-01
      85   7.2930519685039371E+01       23   8.6265625000000001E-01   2.2888838935764080E-01
      85   7.2930519685039371E+01       24   9.0164062500000008E-01   3.3699358573046406E-01
      85   7.2930519685039371E+01       25   9.4062500000000004E-01   3.5643083665374575E-01
      85   7.2930519685039371E+01       26   9.7960937500000000E-01   2.0638895255412887E-01
      85   7.2930519685039371E+01       27   1.0185937500000000E+00   1.2619422069625019E-01
      85   7.2930519685039371E+01       28   1.0575781250000000E+00   8.8350007449030821E-02
      85   7.2930519685039371E+01       29   1.0965625000000001E+00   8.3519749122570250E-02
      85   7.2930519685039371E+01       30   1.1355468750000000E+00   1.4580851180912061E-01
      85   7.2930519685039371E+01       31   1.1745312500000000E+00   5.9568501348214821E-02
      85   7.2930519685039371E+01       32   1.2135156250000001E+00   4.8081160706009478E-02
      85   7.2930519685039371E+01       33   1.2524999999999999E+00   6.8948478692807305E-02
      85   7.2930519685039371E+01       34   1.2914843750000000E+00   2.1344090346614018E-02
      85   7.2930519685039371E+01       35   1.3304687500000001E+00   2.9078021339786403E-02
      85   7.2930519685039371E+01       36   1.3694531250000002E+00   4.0720017738279685E-02
      85   7.2930519685039371E+01       37   1.4084375000000000E+00   9.3247936523315322E-03
      85   7.2930519685039371E+01       38   1.4474218750000001E+00   2.0063155921700996E-02
      85   7.2930519685039371E+01       39   1.4864062500000002E+00   1.2142840745171884E-02
      85   7.2930519685039371E+01       40   1.5253906250000000E+00   6.1953061406784960E-03
      85   7.2930519685039371E+01       41   1.5643750000000001E+00   8.7334565755183124E-03
      85   7.2930519685039371E+01       42   1.6033593750000001E+00   3.9088913196362023E-03
      85   7.2930519685039371E+01       43   1.6423437500000000E+00   4.8061693790348112E-03
      85   7.2930519685039371E+01       44   1.6813281250000001E+00   8.4151934319005254E-03
      85   7.2930519685039371E+01       45   1.7203125000000001E+00   6.5221481503318851E-03
      85   7.2930519685039371E+01       46   1.7592968750000000E+00   1.0664552342569799E-03
      85   7.2930519685039371E+01       47   1.7982812500000001E+00   3.3446526333699845E-03
      85   7.2930519685039371E+01       48   1.8372656250000001E+00   2.5790639095980648E-03
      85   7.2930519685039371E+01       49   1.8762500000000000E+00   3.1386449446166777E-03
      85   7.2930519685039371E+01       50   1.9152343750000000E+00   4.2102579710823675E-03
      85   7.2930519685039371E+01       51   1.9542187500000001E+00   4.3368149672350755E-03
      85   7.2930519685039371E+01       52   1.9932031250000002E+00   4.4107413369312469E-03
      85   7.2930519685039371E+01       53   2.0321875000000000E+00   3.9157301141515936E-03
      85   7.2930519685039371E+01       54   2.0711718750000001E+00   2.8331861045519362E-03
      85   7.2930519685039371E+01       55   2.1101562500000002E+00   4.2130172322647971E-03
      85   7.2930519685039371E+01       56   2.1491406250000002E+00   2.5729367130682269E-03
      85   7.2930519685039371E+01       57   2.1881249999999999E+00   4.2943616406873990E-03
      85   7.2930519685039371E+01       58   2.2271093749999999E+00   1.8632713017294029E-03
      85   7.2930519685039371E+01       59   2.2660937500000000E+00   3.0369222685323132E-03
      85   7.2930519685039371E+01       60   2.3050781250000001E+00   2.3861355748424030E-03
      85   7.2930519685039371E+01       61   2.3440625000000002E+00   7.2715717944172326E-03
      85   7.2930519685039371E+01       62   2.3830468750000002E+00   6.3347246257401558E-03
      85   7.2930519685039371E+01       63   2.4220312500000003E+00   3.4073350789108297E-03
      85   7.2930519685039371E+01       64   2.4610156249999999E+00   7.7076755388651337E-03
 
      86   7.3798740157480324E+01        1   5.0000000000000001E-03   6.9002054282591519E+02
      86   7.3798740157480324E+01        2   4.3984374999999999E-02   6.1876090381354452E+01
      86   7.3798740157480324E+01        3   8.2968750000000008E-02   2.4702059252252379E+01
      86   7.3798740157480324E+01        4   1.2195312500000001E-01   1.4766186424326737E+01
      86   7.3798740157480324E+01        5   1.6093750000000001E-01   1.5496740857573201E+01
      86   7.3798740157480324E+01        6   1.9992187500000000E-01   1.5902133049956580E+01
      86   7.3798740157480324E+01        7   2.3890625000000001E-01   1.4466628475931541E+01
      86   7.3798740157480324E+01        8   2.7789062500000000E-01   1.4231318060313164E+01
      86   7.3798740157480324E+01        9   3.1687500000000002E-01   1.0632054217360265E+01
      86   7.3798740157480324E+01       10   3.5585937500000003E-01   8.2851606872875063E+00
      86   7.3798740157480324E+01       11   3.9484374999999999E-01   5.9636830941423700E+00
      86   7.3798740157480324E+01       12   4.3382812500000001E-01   2.9335312956047970E+00
      86   7.3798740157480324E+01       13   4.7281250000000002E-01   3.7119766193066948E+00
      86   7.3798740157480324E+01       14   5.1179687500000004E-01   3.5130241353962068E+00
      86   7.3798740157480324E+01       15   5.5078125000000000E-01   4.3844011801463436E+00
      86   7.3798740157480324E+01       16   5.8976562500000007E-01   5.8955784340012238E+00
      86   7.3798740157480324E+01       17   6.2875000000000003E-01   6.2188781979877898E+00
      86   7.3798740157480324E+01       18   6.6773437499999999E-01   5.4126721833469009E+00
      86   7.3798740157480324E+01       19   7.0671875000000006E-01   3.0890686185201677E+00
      86   7.3798740157480324E+01       20   7.4570312500000002E-01   8.5663831942609947E-01
      86   7.3798740157480324E+01       21   7.8468749999999998E-01   2.6789750275652091E-01
      86   7.3798740157480324E+01       22   8.2367187500000005E-01   2.1072969576900130E-01
      86   7.3798740157480324E+01       23   8.6265625000000001E-01   2.1467411640742834E-01
      86   7.3798740157480324E+01       24   9.0164062500000008E-01   2.9510796696773367E-01
      86   7.3798740157480324E+01       25   9.4062500000000004E-01   3.6034595070025471E-01
      86   7.3798740157480324E+01       26   9.7960937500000000E-01   2.4677634618144140E-01
      86   7.3798740157480324E+01       27   1.0185937500000000E+00   1.3445363892759962E-01
      86   7.3798740157480324E+01       28   1.0575781250000000E+00   7.6184897821442735E-02
      86   7.3798740157480324E+01       29   1.0965625000000001E+00   1.0188807770908709E-01
      86   7.3798740157480324E+01       30   1.1355468750000000E+00   1.4911888631094511E-01
      86   7.3798740157480324E+01       31   1.1745312500000000E+00   5.0984624753387879E-02
      86   7.3798740157480324E+01       32   1.2135156250000001E+00   6.1501337281625518E-02
      86   7.3798740157480324E+01       33   1.2524999999999999E+00   5.7687520246525063E-02
      86   7.3798740157480324E+01       34   1.2914843750000000E+00   2.5323295524624600E-02
      86   7.3798740157480324E+01       35   1.3304687500000001E+00   2.7041572187203315E-02
      86   7.3798740157480324E+01       36   1.3694531250000002E+00   3.4307623504852440E-02
      86   7.3798740157480324E+01       37   1.4084375000000000E+00   1.1457884410875739E-02
      86   7.3798740157480324E+01       38   1.4474218750000001E+00   1.8390730786557327E-02
      86   7.3798740157480324E+01       39   1.4864062500000002E+00   1.2302407433872049E-02
      86   7.3798740157480324E+01       40   1.5253906250000000E+00   5.5211881755717921E-03
      86   7.3798740157480324E+01       41   1.5643750000000001E+00   9.4194255170281932E-03
      86   7.3798740157480324E+01       42   1.6033593750000001E+00   4.1103653580889955E-03
      86   7.3798740157480324E+01       43   1.6423437500000000E+00   4.0031293740339109E-03
      86   7.3798740157480324E+01       44   1.6813281250000001E+00   7.3029565240029177E-03
      86   7.3798740157480324E+01       45   1.7203125000000001E+00   5.0790714874644864E-03
      86   7.3798740157480324E+01       46   1.7592968750000000E+00   1.7137714831624124E-03
      86   7.3798740157480324E+01       47   1.7982812500000001E+00   2.6376563316717764E-03
      86   7.3798740157480324E+01       48   1.8372656250000001E+00   2.3164937021636195E-03
      86   7.3798740157480324E+01       49   1.8762500000000000E+00   3.5341948567879783E-03
      86   7.3798740157480324E+01       50   1.9152343750000000E+00   4.3658809735419657E-03
      86   7.3798740157480324E+01       51   1.9542187500000001E+00   4.3658693134446111E-03
      86   7.3798740157480324E+01       52   1.9932031250000002E+00   4.4558339245713910E-03
      86   7.3798740157480324E+01       53   2.0321875000000000E+00   4.1207076800772484E-03
      86   7.3798740157480324E+01       54   2.0711718750000001E+00   2.5624788131552168E-03
      86   7.3798740157480324E+01       55   2.1101562500000002E+00   4.3100298201157392E-03
      86   7.3798740157480324E+01       56   2.1491406250000002E+00   2.7312011504928386E-03
      86   7.3798740157480324E+01       57   2.1881249999999999E+00   4.3968988422055620E-03
      86   7.3798740157480324E+01       58   2.2271093749999999E+00   1.7364492326732870E-03
      86   7.3798740157480324E+01       59   2.2660937500000000E+00   3.0576990426521753E-03
      86   7.3798740157480324E+01       60   2.3050781250000001E+00   2.5203396419437168E-03
      86   7.3798740157480324E+01       61   2.3440625000000002E+00   7.1281728378305240E-03
      86   7.3798740157480324E+01       62   2.3830468750000002E+00   6.1917293097077507E-03
      86   7.3798740157480324E+01       63   2.4220312500000003E+00   3.3697899288421137E-03
      86   7.3798740157480324E+01       64   2.4610156249999999E+00   7.6142000936270660E-03
 
      87   7.4666960629921263E+01        1   5.0000000000000001E-03   6.9383491817540175E+02
      87   7.4666960629921263E+01        2   4.3984374999999999E-02   6.1857239927985461E+01
      87   7.4666960629921263E+01        3   8.2968750000000008E-02   2.4638650271819216E+01
      87   7.4666960629921263E+01        4   1.2195312500000001E-01   1.4651879682853828E+01
      87   7.4666960629921263E+01        5   1.6093750000000001E-01   1.5391564699726006E+01
      87   7.4666960629921263E+01        6   1.9992187500000000E-01   1.5940187799861523E+01
      87   7.4666960629921263E+01        7   2.3890625000000001E-01   1.4423580864764928E+01
      87   7.4666960629921263E+01        8   2.7789062500000000E-01   1.3830762988945294E+01
      87   7.4666960629921263E+01        9   3.1687500000000002E-01   1.0370587333519840E+01
      87   7.4666960629921263E+01       10   3.5585937500000003E-01   8.0825540986870053E+00
      87   7.4666960629921263E+01       11   3.9484374999999999E-01   5.7734789027301954E+00
      87   7.4666960629921263E+01       12   4.3382812500000001E-01   2.9156523633777267E+00
      87   7.4666960629921263E+01       13   4.7281250000000002E-01   3.4964096614256546E+00
      87   7.4666960629921263E+01       14   5.1179687500000004E-01   3.4743051787577302E+00
      87   7.4666960629921263E+01       15   5.5078125000000000E-01   4.1861904985790073E+00
      87   7.4666960629921263E+01       16   5.8976562500000007E-01   5.7490248006487628E+00
      87   7.4666960629921263E+01       17   6.2875000000000003E-01   6.0244171364819090E+00
      87   7.4666960629921263E+01       18   6.6773437499999999E-01   5.2672026160651209E+00
      87   7.4666960629921263E+01       19   7.0671875000000006E-01   2.9326403297329509E+00
      87   7.4666960629921263E+01       20   7.4570312500000002E-01   8.3906776074512734E-01
      87   7.4666960629921263E+01       21   7.8468749999999998E-01   2.8190927702594204E-01
      87   7.4666960629921263E+01       22   8.2367187500000005E-01   1.9439324760138355E-01
      87   7.4666960629921263E+01       23   8.6265625000000001E-01   2.0633433946761207E-01
      87   7.4666960629921263E+01       24   9.0164062500000008E-01   2.8546168847432146E-01
      87   7.4666960629921263E+01       25   9.4062500000000004E-01   3.8702609218632061E-01
      87   7.4666960629921263E+01       26   9.7960937500000000E-01   2.8220533655101643E-01
      87   7.4666960629921263E+01       27   1.0185937500000000E+00   1.3478166480855175E-01
      87   7.4666960629921263E+01       28   1.0575781250000000E+00   7.4819399933951994E-02
      87   7.4666960629921263E+01       29   1.0965625000000001E+00   1.2117466299931889E-01
      87   7.4666960629921263E+01       30   1.1355468750000000E+00   1.3946515990850131E-01
      87   7.4666960629921263E+01       31   1.1745312500000000E+00   4.7462596494418002E-02
      87   7.4666960629921263E+01       32   1.2135156250000001E+00   7.3183279492595218E-02
      87   7.4666960629921263E+01       33   1.2524999999999999E+00   4.4827136651993879E-02
      87   7.4666960629921263E+01       34   1.2914843750000000E+00   3.1570730841255293E-02
      87   7.4666960629921263E+01       35   1.3304687500000001E+00   2.6221843272059411E-02
      87   7.4666960629921263E+01       36   1.3694531250000002E+00   2.8881025216122746E-02
      87   7.4666960629921263E+01       37   1.4084375000000000E+00   1.1958715902662051E-02
      87   7.4666960629921263E+01       38   1.4474218750000001E+00   1.6733964436407612E-02
      87   7.4666960629921263E+01       39   1.4864062500000002E+00   1.1292259720923688E-02
      87   7.4666960629921263E+01       40   1.5253906250000000E+00   4.9016289565810738E-03
      87   7.4666960629921263E+01       41   1.5643750000000001E+00   9.3432151084649161E-03
      87   7.4666960629921263E+01       42   1.6033593750000001E+00   4.3070276234333307E-03
      87   7.4666960629921263E+01       43   1.6423437500000000E+00   5.1027721032232808E-03
      87   7.4666960629921263E+01       44   1.6813281250000001E+00   7.6580182850845462E-03
      87   7.4666960629921263E+01       45   1.7203125000000001E+00   4.3303677463004901E-03
      87   7.4666960629921263E+01       46   1.7592968750000000E+00   2.7342685394584430E-03
      87   7.4666960629921263E+01       47   1.7982812500000001E+00   3.2734497512966108E-03
      87   7.4666960629921263E+01       48   1.8372656250000001E+00   1.8872566863508665E-03
      87   7.4666960629921263E+01       49   1.8762500000000000E+00   4.0922416202823662E-03
      87   7.4666960629921263E+01       50   1.9152343750000000E+00   4.5154707709310878E-03
      87   7.4666960629921263E+01       51   1.9542187500000001E+00   4.1681533002630635E-03
      87   7.4666960629921263E+01       52   1.9932031250000002E+00   4.3930603649830662E-03
      87   7.4666960629921263E+01       53   2.0321875000000000E+00   4.3875170809187253E-03
      87   7.4666960629921263E+01       54   2.0711718750000001E+00   2.3806949902684233E-03
      87   7.4666960629921263E+01       55   2.1101562500000002E+00   4.5378683938918857E-03
      87   7.4666960629921263E+01       56   2.1491406250000002E+00   2.9556321507807851E-03
      87   7.4666960629921263E+01       57   2.1881249999999999E+00   4.2763735665202838E-03
      87   7.4666960629921263E+01       58   2.2271093749999999E+00   1.6204757231663509E-03
      87   7.4666960629921263E+01       59   2.2660937500000000E+00   3.2993602753962556E-03
      87   7.4666960629921263E+01       60   2.3050781250000001E+00   2.5741136571422116E-03
      87   7.4666960629921263E+01       61   2.3440625000000002E+00   6.7705612672380490E-03
      87   7.4666960629921263E+01       62   2.3830468750000002E+00   5.8751969598314592E-03
      87   7.4666960629921263E+01       63   2.4220312500000003E+00   3.2905195435690379E-03
      87   7.4666960629921263E+01       64   2.4610156249999999E+00   7.3865844552441383E-03
 
      88   7.5535181102362202E+01        1   5.0000000000000001E-03   6.9587951659777309E+02
      88   7.5535181102362202E+01        2   4.3984374999999999E-02   6.1524251160212259E+01
      88   7.5535181102362202E+01        3   8.2968750000000008E-02   2.4287031822109313E+01
      88   7.5535181102362202E+01        4   1.2195312500000001E-01   1.4353788540313756E+01
      88   7.5535181102362202E+01        5   1.6093750000000001E-01   1.5225618995238417E+01
      88   7.5535181102362202E+01        6   1.9992187500000000E-01   1.5933029453834020E+01
      88   7.5535181102362202E+01        7   2.3890625000000001E-01   1.4276009001567534E+01
      88   7.5535181102362202E+01        8   2.7789062500000000E-01   1.3392451061893443E+01
      88   7.5535181102362202E+01        9   3.1687500000000002E-01   1.0151337268932405E+01
      88   7.5535181102362202E+01       10   3.5585937500000003E-01   7.8114104887655218E+00
      88   7.5535181102362202E+01       11   3.9484374999999999E-01   5.6408684693478017E+00
      88   7.5535181102362202E+01       12   4.3382812500000001E-01   2.8352738186698980E+00
      88   7.5535181102362202E+01       13   4.7281250000000002E-01   3.3186021038400804E+00
      88   7.5535181102362202E+01       14   5.1179687500000004E-01   3.3899772085464499E+00
      88   7.5535181102362202E+01       15   5.5078125000000000E-01   3.9144018442035735E+00
      88   7.5535181102362202E+01       16   5.8976562500000007E-01   5.5491118810671294E+00
      88   7.5535181102362202E+01       17   6.2875000000000003E-01   5.7771122520557103E+00
      88   7.5535181102362202E+01       18   6.6773437499999999E-01   5.1354273111745830E+00
      88   7.5535181102362202E+01       19   7.0671875000000006E-01   2.8499662054904404E+00
      88   7.5535181102362202E+01       20   7.4570312500000002E-01   8.3457488840338756E-01
      88   7.5535181102362202E+01       21   7.8468749999999998E-01   3.1956054886619695E-01
      88   7.5535181102362202E+01       22   8.2367187500000005E-01   1.7104761417084283E-01
      88   7.5535181102362202E+01       23   8.6265625000000001E-01   1.9571145175988669E-01
      88   7.5535181102362202E+01       24   9.0164062500000008E-01   3.1097318180848293E-01
      88   7.5535181102362202E+01       25   9.4062500000000004E-01   4.3334975808123977E-01
      88   7.5535181102362202E+01       26   9.7960937500000000E-01   3.0014045648347742E-01
      88   7.5535181102362202E+01       27   1.0185937500000000E+00   1.2298359647657095E-01
      88   7.5535181102362202E+01       28   1.0575781250000000E+00   8.5929910969508597E-02
      88   7.5535181102362202E+01       29   1.0965625000000001E+00   1.3434345921390498E-01
      88   7.5535181102362202E+01       30   1.1355468750000000E+00   1.2199120026666392E-01
      88   7.5535181102362202E+01       31   1.1745312500000000E+00   4.8515895115926820E-02
      88   7.5535181102362202E+01       32   1.2135156250000001E+00   7.7832024134050742E-02
      88   7.5535181102362202E+01       33   1.2524999999999999E+00   3.7933850035187733E-02
      88   7.5535181102362202E+01       34   1.2914843750000000E+00   3.6336807857122379E-02
      88   7.5535181102362202E+01       35   1.3304687500000001E+00   2.7269517954471766E-02
      88   7.5535181102362202E+01       36   1.3694531250000002E+00   2.8346491377065346E-02
      88   7.5535181102362202E+01       37   1.4084375000000000E+00   1.0472556507411857E-02
      88   7.5535181102362202E+01       38   1.4474218750000001E+00   1.6522141208498698E-02
      88   7.5535181102362202E+01       39   1.4864062500000002E+00   1.0465726118514868E-02
      88   7.5535181102362202E+01       40   1.5253906250000000E+00   4.7645848643215428E-03
      88   7.5535181102362202E+01       41   1.5643750000000001E+00   8.7502418803661469E-03
      88   7.5535181102362202E+01       42   1.6033593750000001E+00   4.3270040525147119E-03
      88   7.5535181102362202E+01       43   1.6423437500000000E+00   7.0502423091844280E-03
      88   7.5535181102362202E+01       44   1.6813281250000001E+00   9.0925841523900909E-03
      88   7.5535181102362202E+01       45   1.7203125000000001E+00   4.8309033628019657E-03
      88   7.5535181102362202E+01       46   1.7592968750000000E+00   3.5627296282807310E-03
      88   7.5535181102362202E+01       47   1.7982812500000001E+00   4.5840513664110408E-03
      88   7.5535181102362202E+01       48   1.8372656250000001E+00   1.6001284097491202E-03
      88   7.5535181102362202E+01       49   1.8762500000000000E+00   4.3674476077067070E-03
      88   7.5535181102362202E+01       50   1.9152343750000000E+00   4.6638636633597099E-03
      88   7.5535181102362202E+01       51   1.9542187500000001E+00   4.0350453078289794E-03
      88   7.5535181102362202E+01       52   1.9932031250000002E+00   4.2022061419780933E-03
      88   7.5535181102362202E+01       53   2.0321875000000000E+00   4.4911725250557722E-03
      88   7.5535181102362202E+01       54   2.0711718750000001E+00   2.5035376733494783E-03
      88   7.5535181102362202E+01       55   2.1101562500000002E+00   4.8828542891672282E-03
      88   7.5535181102362202E+01       56   2.1491406250000002E+00   3.0627720934975474E-03
      88   7.5535181102362202E+01       57   2.1881249999999999E+00   3.8506744685632408E-03
      88   7.5535181102362202E+01       58   2.2271093749999999E+00   1.6397947028285195E-03
      88   7.5535181102362202E+01       59   2.2660937500000000E+00   3.6598637500539206E-03
      88   7.5535181102362202E+01       60   2.3050781250000001E+00   2.4981301878138629E-03
      88   7.5535181102362202E+01       61   2.3440625000000002E+00   6.4066165938350596E-03
      88   7.5535181102362202E+01       62   2.3830468750000002E+00   5.6343686252635881E-03
      88   7.5535181102362202E+01       63   2.4220312500000003E+00   3.2549513606983599E-03
      88   7.5535181102362202E+01       64   2.4610156249999999E+00   7.1121372574622956E-03
 
      89   7.6403401574803155E+01        1   5.0000000000000001E-03   6.9327997816768766E+02
      89   7.6403401574803155E+01        2   4.3984374999999999E-02   6.0839458334041133E+01
      89   7.6403401574803155E+01        3   8.2968750000000008E-02   2.3694336216229964E+01
      89   7.6403401574803155E+01        4   1.2195312500000001E-01   1.3870797742854370E+01
      89   7.6403401574803155E+01        5   1.6093750000000001E-01   1.4921696805044299E+01
      89   7.6403401574803155E+01        6   1.9992187500000000E-01   1.5791188276916460E+01
      89   7.6403401574803155E+01        7   2.3890625000000001E-01   1.4004134527011955E+01
      89   7.6403401574803155E+01        8   2.7789062500000000E-01   1.2977530664119271E+01
      89   7.6403401574803155E+01        9   3.1687500000000002E-01   9.9658454366846403E+00
      89   7.6403401574803155E+01       10   3.5585937500000003E-01   7.5102254679477527E+00
      89   7.6403401574803155E+01       11   3.9484374999999999E-01   5.5716784638679506E+00
      89   7.6403401574803155E+01       12   4.3382812500000001E-01   2.6973625717209186E+00
      89   7.6403401574803155E+01       13   4.7281250000000002E-01   3.2315048612324828E+00
      89   7.6403401574803155E+01       14   5.1179687500000004E-01   3.2576695727237088E+00
      89   7.6403401574803155E+01       15   5.5078125000000000E-01   3.6530190624644274E+00
      89   7.6403401574803155E+01       16   5.8976562500000007E-01   5.3049989752256046E+00
      89   7.6403401574803155E+01       17   6.2875000000000003E-01   5.5408952071107995E+00
      89   7.6403401574803155E+01       18   6.6773437499999999E-01   5.0148538995457326E+00
      89   7.6403401574803155E+01       19   7.0671875000000006E-01   2.8556781706959407E+00
      89   7.6403401574803155E+01       20   7.4570312500000002E-01   8.4507390923484882E-01
      89   7.6403401574803155E+01       21   7.8468749999999998E-01   3.6135913320850738E-01
      89   7.6403401574803155E+01       22   8.2367187500000005E-01   1.5840923126609832E-01
      89   7.6403401574803155E+01       23   8.6265625000000001E-01   1.8013076351756840E-01
      89   7.6403401574803155E+01       24   9.0164062500000008E-01   3.5663690501677392E-01
      89   7.6403401574803155E+01       25   9.4062500000000004E-01   4.8753301872283700E-01
      89   7.6403401574803155E+01       26   9.7960937500000000E-01   2.9735902079404031E-01
      89   7.6403401574803155E+01       27   1.0185937500000000E+00   1.0243261870543367E-01
      89   7.6403401574803155E+01       28   1.0575781250000000E+00   1.0400950413118808E-01
      89   7.6403401574803155E+01       29   1.0965625000000001E+00   1.3764815219341919E-01
      89   7.6403401574803155E+01       30   1.1355468750000000E+00   1.0713790394260815E-01
      89   7.6403401574803155E+01       31   1.1745312500000000E+00   5.3620523657377031E-02
      89   7.6403401574803155E+01       32   1.2135156250000001E+00   7.3130912154107178E-02
      89   7.6403401574803155E+01       33   1.2524999999999999E+00   4.0710272520620698E-02
      89   7.6403401574803155E+01       34   1.2914843750000000E+00   3.6510190966984227E-02
      89   7.6403401574803155E+01       35   1.3304687500000001E+00   2.8775241408069061E-02
      89   7.6403401574803155E+01       36   1.3694531250000002E+00   3.2468406070379839E-02
      89   7.6403401574803155E+01       37   1.4084375000000000E+00   8.5945195562766065E-03
      89   7.6403401574803155E+01       38   1.4474218750000001E+00   1.7874996335598543E-02
      89   7.6403401574803155E+01       39   1.4864062500000002E+00   1.0812760186544607E-02
      89   7.6403401574803155E+01       40   1.5253906250000000E+00   5.0385961725333160E-03
      89   7.6403401574803155E+01       41   1.5643750000000001E+00   8.3968253405211461E-03
      89   7.6403401574803155E+01       42   1.6033593750000001E+00   4.1608375222216545E-03
      89   7.6403401574803155E+01       43   1.6423437500000000E+00   7.8335899505483191E-03
      89   7.6403401574803155E+01       44   1.6813281250000001E+00   1.0004373452641855E-02
      89   7.6403401574803155E+01       45   1.7203125000000001E+00   5.4326309922995263E-03
      89   7.6403401574803155E+01       46   1.7592968750000000E+00   3.3596382546171280E-03
      89   7.6403401574803155E+01       47   1.7982812500000001E+00   5.2126717737002604E-03
      89   7.6403401574803155E+01       48   1.8372656250000001E+00   1.6351368924702638E-03
      89   7.6403401574803155E+01       49   1.8762500000000000E+00   4.0903946909370825E-03
      89   7.6403401574803155E+01       50   1.9152343750000000E+00   4.9797578740389901E-03
      89   7.6403401574803155E+01       51   1.9542187500000001E+00   4.1735709628362679E-03
      89   7.6403401574803155E+01       52   1.9932031250000002E+00   3.9561192395554112E-03
      89   7.6403401574803155E+01       53   2.0321875000000000E+00   4.2586320184316989E-03
      89   7.6403401574803155E+01       54   2.0711718750000001E+00   2.7923549260126103E-03
      89   7.6403401574803155E+01       55   2.1101562500000002E+00   5.2252139841445066E-03
      89   7.6403401574803155E+01       56   2.1491406250000002E+00   3.0154437899579637E-03
      89   7.6403401574803155E+01       57   2.1881249999999999E+00   3.4232725290332306E-03
      89   7.6403401574803155E+01       58   2.2271093749999999E+00   1.7924432496916388E-03
      89   7.6403401574803155E+01       59   2.2660937500000000E+00   3.9220360254366452E-03
      89   7.6403401574803155E+01       60   2.3050781250000001E+00   2.3301238867276539E-03
      89   7.6403401574803155E+01       61   2.3440625000000002E+00   6.2423452519132037E-03
      89   7.6403401574803155E+01       62   2.3830468750000002E+00   5.6871652025262762E-03
      89   7.6403401574803155E+01       63   2.4220312500000003E+00   3.3381725510556693E-03
      89   7.6403401574803155E+01       64   2.4610156249999999E+00   6.8768518653152992E-03
 
      90   7.7271622047244094E+01        1   5.0000000000000001E-03   6.8299121666019118E+02
      90   7.7271622047244094E+01        2   4.3984374999999999E-02   5.9709295469407174E+01
      90   7.7271622047244094E+01        3   8.2968750000000008E-02   2.2923105963820070E+01
      90   7.7271622047244094E+01        4   1.2195312500000001E-01   1.3249549826094917E+01
      90   7.7271622047244094E+01        5   1.6093750000000001E-01   1.4459517798679640E+01
      90   7.7271622047244094E+01        6   1.9992187500000000E-01   1.5482427996394840E+01
      90   7.7271622047244094E+01        7   2.3890625000000001E-01   1.3632796891104174E+01
      90   7.7271622047244094E+01        8   2.7789062500000000E-01   1.2632697518571357E+01
      90   7.7271622047244094E+01        9   3.1687500000000002E-01   9.7904536913321447E+00
      90   7.7271622047244094E+01       10   3.5585937500000003E-01   7.2327494881948100E+00
      90   7.7271622047244094E+01       11   3.9484374999999999E-01   5.5288897572771019E+00
      90   7.7271622047244094E+01       12   4.3382812500000001E-01   2.5262614088314823E+00
      90   7.7271622047244094E+01       13   4.7281250000000002E-01   3.2342981909533792E+00
      90   7.7271622047244094E+01       14   5.1179687500000004E-01   3.0873304729400148E+00
      90   7.7271622047244094E+01       15   5.5078125000000000E-01   3.4724800179614390E+00
      90   7.7271622047244094E+01       16   5.8976562500000007E-01   5.0545202399560498E+00
      90   7.7271622047244094E+01       17   6.2875000000000003E-01   5.3738212942289110E+00
      90   7.7271622047244094E+01       18   6.6773437499999999E-01   4.9268546909366222E+00
      90   7.7271622047244094E+01       19   7.0671875000000006E-01   2.9260269446815670E+00
      90   7.7271622047244094E+01       20   7.4570312500000002E-01   8.7720001797968705E-01
      90   7.7271622047244094E+01       21   7.8468749999999998E-01   3.8820779863050986E-01
      90   7.7271622047244094E+01       22   8.2367187500000005E-01   1.6551225149679699E-01
      90   7.7271622047244094E+01       23   8.6265625000000001E-01   1.6842071577610551E-01
      90   7.7271622047244094E+01       24   9.0164062500000008E-01   4.0082630331477348E-01
      90   7.7271622047244094E+01       25   9.4062500000000004E-01   5.2820555337674491E-01
      90   7.7271622047244094E+01       26   9.7960937500000000E-01   2.7672915038600215E-01
      90   7.7271622047244094E+01       27   1.0185937500000000E+00   8.3448716372285320E-02
      90   7.7271622047244094E+01       28   1.0575781250000000E+00   1.1926957867337383E-01
      90   7.7271622047244094E+01       29   1.0965625000000001E+00   1.2977003435541448E-01
      90   7.7271622047244094E+01       30   1.1355468750000000E+00   1.0050720770907687E-01
      90   7.7271622047244094E+01       31   1.1745312500000000E+00   6.2310438027527275E-02
      90   7.7271622047244094E+01       32   1.2135156250000001E+00   6.1034818737993865E-02
      90   7.7271622047244094E+01       33   1.2524999999999999E+00   5.0609392982054677E-02
      90   7.7271622047244094E+01       34   1.2914843750000000E+00   3.2243775742557171E-02
      90   7.7271622047244094E+01       35   1.3304687500000001E+00   2.9176060553604881E-02
      90   7.7271622047244094E+01       36   1.3694531250000002E+00   3.7148372506957891E-02
      90   7.7271622047244094E+01       37   1.4084375000000000E+00   7.9422044964035134E-03
      90   7.7271622047244094E+01       38   1.4474218750000001E+00   1.9377153757379858E-02
      90   7.7271622047244094E+01       39   1.4864062500000002E+00   1.1698295957273034E-02
      90   7.7271622047244094E+01       40   1.5253906250000000E+00   5.4115379759831338E-03
      90   7.7271622047244094E+01       41   1.5643750000000001E+00   8.5667512585633609E-03
      90   7.7271622047244094E+01       42   1.6033593750000001E+00   4.0885505016606807E-03
      90   7.7271622047244094E+01       43   1.6423437500000000E+00   6.8023321669488050E-03
      90   7.7271622047244094E+01       44   1.6813281250000001E+00   9.5370685410071775E-03
      90   7.7271622047244094E+01       45   1.7203125000000001E+00   5.3882639359724809E-03
      90   7.7271622047244094E+01       46   1.7592968750000000E+00   2.1572758554984734E-03
      90   7.7271622047244094E+01       47   1.7982812500000001E+00   4.6949873151341213E-03
      90   7.7271622047244094E+01       48   1.8372656250000001E+00   1.9139866329249443E-03
      90   7.7271622047244094E+01       49   1.8762500000000000E+00   3.4561195838252608E-03
      90   7.7271622047244094E+01       50   1.9152343750000000E+00   5.1739558553961541E-03
      90   7.7271622047244094E+01       51   1.9542187500000001E+00   4.5221614041273906E-03
      90   7.7271622047244094E+01       52   1.9932031250000002E+00   3.9041784191619225E-03
      90   7.7271622047244094E+01       53   2.0321875000000000E+00   3.8864170943166908E-03
      90   7.7271622047244094E+01       54   2.0711718750000001E+00   2.9511435865880982E-03
      90   7.7271622047244094E+01       55   2.1101562500000002E+00   5.1468881376024126E-03
      90   7.7271622047244094E+01       56   2.1491406250000002E+00   2.8896468191995685E-03
      90   7.7271622047244094E+01       57   2.1881249999999999E+00   3.3527755760586935E-03
      90   7.7271622047244094E+01       58   2.2271093749999999E+00   1.9882395132283658E-03
      90   7.7271622047244094E+01       59   2.2660937500000000E+00   3.8916563039222605E-03
      90   7.7271622047244094E+01       60   2.3050781250000001E+00   2.1416505499968494E-03
      90   7.7271622047244094E+01       61   2.3440625000000002E+00   6.3699104180966939E-03
      90   7.7271622047244094E+01       62   2.3830468750000002E+00   6.0200315637203954E-03
      90   7.7271622047244094E+01       63   2.4220312500000003E+00   3.4712193834587251E-03
      90   7.7271622047244094E+01       64   2.4610156249999999E+00   6.7013619837171072E-03
 
      91   7.8139842519685047E+01        1   5.0000000000000001E-03   6.6391762699803564E+02
      91   7.8139842519685047E+01        2   4.3984374999999999E-02   5.8143283202574878E+01
      91   7.8139842519685047E+01        3   8.2968750000000008E-02   2.2082754901317379E+01
      91   7.8139842519685047E+01        4   1.2195312500000001E-01   1.2577819089352010E+01
      91   7.8139842519685047E+01        5   1.6093750000000001E-01   1.3893610144707189E+01
      91   7.8139842519685047E+01        6   1.9992187500000000E-01   1.5064950250183447E+01
      91   7.8139842519685047E+01        7   2.3890625000000001E-01   1.3241843617515874E+01
      91   7.8139842519685047E+01        8   2.7789062500000000E-01   1.2354936342716460E+01
      91   7.8139842519685047E+01        9   3.1687500000000002E-01   9.6153733415492795E+00
      91   7.8139842519685047E+01       10   3.5585937500000003E-01   7.0349458720604394E+00
      91   7.8139842519685047E+01       11   3.9484374999999999E-01   5.4629351217649527E+00
      91   7.8139842519685047E+01       12   4.3382812500000001E-01   2.3631153315688915E+00
      91   7.8139842519685047E+01       13   4.7281250000000002E-01   3.2776090692667714E+00
      91   7.8139842519685047E+01       14   5.1179687500000004E-01   2.9059103833134374E+00
      91   7.8139842519685047E+01       15   5.5078125000000000E-01   3.3988228495281541E+00
      91   7.8139842519685047E+01       16   5.8976562500000007E-01   4.8637523750864915E+00
      91   7.8139842519685047E+01       17   6.2875000000000003E-01   5.3106764806506321E+00
      91   7.8139842519685047E+01       18   6.6773437499999999E-01   4.9091040627067368E+00
      91   7.8139842519685047E+01       19   7.0671875000000006E-01   3.0240892412465166E+00
      91   7.8139842519685047E+01       20   7.4570312500000002E-01   9.3025603669771451E-01
      91   7.8139842519685047E+01       21   7.8468749999999998E-01   3.9347891139641905E-01
      91   7.8139842519685047E+01       22   8.2367187500000005E-01   1.8499504003340056E-01
      91   7.8139842519685047E+01       23   8.6265625000000001E-01   1.7302685213683566E-01
      91   7.8139842519685047E+01       24   9.0164062500000008E-01   4.2861877166887491E-01
      91   7.8139842519685047E+01       25   9.4062500000000004E-01   5.3557450249033844E-01
      91   7.8139842519685047E+01       26   9.7960937500000000E-01   2.4396578138880046E-01
      91   7.8139842519685047E+01       27   1.0185937500000000E+00   7.6199244221182322E-02
      91   7.8139842519685047E+01       28   1.0575781250000000E+00   1.2496635381493598E-01
      91   7.8139842519685047E+01       29   1.0965625000000001E+00   1.1264262596666266E-01
      91   7.8139842519685047E+01       30   1.1355468750000000E+00   1.0148922625670194E-01
      91   7.8139842519685047E+01       31   1.1745312500000000E+00   7.1024808935556794E-02
      91   7.8139842519685047E+01       32   1.2135156250000001E+00   4.8314579711078491E-02
      91   7.8139842519685047E+01       33   1.2524999999999999E+00   6.0689599186467352E-02
      91   7.8139842519685047E+01       34   1.2914843750000000E+00   2.7370715584178196E-02
      91   7.8139842519685047E+01       35   1.3304687500000001E+00   2.8717596117230005E-02
      91   7.8139842519685047E+01       36   1.3694531250000002E+00   3.8012620020494506E-02
      91   7.8139842519685047E+01       37   1.4084375000000000E+00   8.6884040005271411E-03
      91   7.8139842519685047E+01       38   1.4474218750000001E+00   1.9556136757159035E-02
      91   7.8139842519685047E+01       39   1.4864062500000002E+00   1.2252971277241299E-02
      91   7.8139842519685047E+01       40   1.5253906250000000E+00   5.4921445073973941E-03
      91   7.8139842519685047E+01       41   1.5643750000000001E+00   8.8630299520783343E-03
      91   7.8139842519685047E+01       42   1.6033593750000001E+00   4.2464854287520481E-03
      91   7.8139842519685047E+01       43   1.6423437500000000E+00   5.5096443149484624E-03
      91   7.8139842519685047E+01       44   1.6813281250000001E+00   8.4357218640701732E-03
      91   7.8139842519685047E+01       45   1.7203125000000001E+00   5.2340534213822171E-03
      91   7.8139842519685047E+01       46   1.7592968750000000E+00   1.1194044204227347E-03
      91   7.8139842519685047E+01       47   1.7982812500000001E+00   3.6545938145249538E-03
      91   7.8139842519685047E+01       48   1.8372656250000001E+00   2.1208962046774418E-03
      91   7.8139842519685047E+01       49   1.8762500000000000E+00   2.9067200986527091E-03
      91   7.8139842519685047E+01       50   1.9152343750000000E+00   4.8965500674197256E-03
      91   7.8139842519685047E+01       51   1.9542187500000001E+00   4.8668701948095449E-03
      91   7.8139842519685047E+01       52   1.9932031250000002E+00   4.1659250179033359E-03
      91   7.8139842519685047E+01       53   2.0321875000000000E+00   3.9243610720137902E-03
      91   7.8139842519685047E+01       54   2.0711718750000001E+00   2.9912204192805540E-03
      91   7.8139842519685047E+01       55   2.1101562500000002E+00   4.6774327778759586E-03
      91   7.8139842519685047E+01       56   2.1491406250000002E+00   2.8164112809537997E-03
      91   7.8139842519685047E+01       57   2.1881249999999999E+00   3.6842372861585720E-03
      91   7.8139842519685047E+01       58   2.2271093749999999E+00   2.1554320105670820E-03
      91   7.8139842519685047E+01       59   2.2660937500000000E+00   3.6631213251396475E-03
      91   7.8139842519685047E+01       60   2.3050781250000001E+00   2.0455542907812938E-03
      91   7.8139842519685047E+01       61   2.3440625000000002E+00   6.7012132754237369E-03
      91   7.8139842519685047E+01       62   2.3830468750000002E+00   6.4974828459839319E-03
      91   7.8139842519685047E+01       63   2.4220312500000003E+00   3.5874281402116419E-03
      91   7.8139842519685047E+01       64   2.4610156249999999E+00   6.5752360761811603E-03
 
      92   7.9008062992125986E+01        1   5.0000000000000001E-03   6.3721254829234840E+02
      92   7.9008062992125986E+01        2   4.3984374999999999E-02   5.6248808839797427E+01
      92   7.9008062992125986E+01        3   8.2968750000000008E-02   2.1268307847801253E+01
      92   7.9008062992125986E+01        4   1.2195312500000001E-01   1.1922782622148230E+01
      92   7.9008062992125986E+01        5   1.6093750000000001E-01   1.3327875178904687E+01
      92   7.9008062992125986E+01        6   1.9992187500000000E-01   1.4679260715831852E+01
      92   7.9008062992125986E+01        7   2.3890625000000001E-01   1.2934640740924911E+01
      92   7.9008062992125986E+01        8   2.7789062500000000E-01   1.2108997267875720E+01
      92   7.9008062992125986E+01        9   3.1687500000000002E-01   9.4578736090841264E+00
      92   7.9008062992125986E+01       10   3.5585937500000003E-01   6.9407716923932146E+00
      92   7.9008062992125986E+01       11   3.9484374999999999E-01   5.3613815203843673E+00
      92   7.9008062992125986E+01       12   4.3382812500000001E-01   2.2493227342203466E+00
      92   7.9008062992125986E+01       13   4.7281250000000002E-01   3.3023978097878395E+00
      92   7.9008062992125986E+01       14   5.1179687500000004E-01   2.7476429946077681E+00
      92   7.9008062992125986E+01       15   5.5078125000000000E-01   3.4161239796043779E+00
      92   7.9008062992125986E+01       16   5.8976562500000007E-01   4.7889849527164294E+00
      92   7.9008062992125986E+01       17   6.2875000000000003E-01   5.3629138841508350E+00
      92   7.9008062992125986E+01       18   6.6773437499999999E-01   4.9882632870198398E+00
      92   7.9008062992125986E+01       19   7.0671875000000006E-01   3.1232412925411923E+00
      92   7.9008062992125986E+01       20   7.4570312500000002E-01   9.9268484308142069E-01
      92   7.9008062992125986E+01       21   7.8468749999999998E-01   3.8304124055900562E-01
      92   7.9008062992125986E+01       22   8.2367187500000005E-01   1.9969871043011217E-01
      92   7.9008062992125986E+01       23   8.6265625000000001E-01   1.9608526354378131E-01
      92   7.9008062992125986E+01       24   9.0164062500000008E-01   4.3598364315810462E-01
      92   7.9008062992125986E+01       25   9.4062500000000004E-01   5.0575120116013828E-01
      92   7.9008062992125986E+01       26   9.7960937500000000E-01   2.0953267586206653E-01
      92   7.9008062992125986E+01       27   1.0185937500000000E+00   8.4099692460897393E-02
      92   7.9008062992125986E+01       28   1.0575781250000000E+00   1.2080934445914758E-01
      92   7.9008062992125986E+01       29   1.0965625000000001E+00   9.3604421319301717E-02
      92   7.9008062992125986E+01       30   1.1355468750000000E+00   1.0960804727935734E-01
      92   7.9008062992125986E+01       31   1.1745312500000000E+00   7.2948279862612875E-02
      92   7.9008062992125986E+01       32   1.2135156250000001E+00   4.3498365799900331E-02
      92   7.9008062992125986E+01       33   1.2524999999999999E+00   6.3713436502925075E-02
      92   7.9008062992125986E+01       34   1.2914843750000000E+00   2.5404853891857863E-02
      92   7.9008062992125986E+01       35   1.3304687500000001E+00   2.8397137104666265E-02
      92   7.9008062992125986E+01       36   1.3694531250000002E+00   3.4622150473388187E-02
      92   7.9008062992125986E+01       37   1.4084375000000000E+00   9.7537006834918800E-03
      92   7.9008062992125986E+01       38   1.4474218750000001E+00   1.8402270894568865E-02
      92   7.9008062992125986E+01       39   1.4864062500000002E+00   1.2163286368273756E-02
      92   7.9008062992125986E+01       40   1.5253906250000000E+00   5.1769458795014687E-03
      92   7.9008062992125986E+01       41   1.5643750000000001E+00   8.7971134057392431E-03
      92   7.9008062992125986E+01       42   1.6033593750000001E+00   4.3397749824763618E-03
      92   7.9008062992125986E+01       43   1.6423437500000000E+00   5.3828146034296696E-03
      92   7.9008062992125986E+01       44   1.6813281250000001E+00   7.8213278032116650E-03
      92   7.9008062992125986E+01       45   1.7203125000000001E+00   5.2432367025638587E-03
      92   7.9008062992125986E+01       46   1.7592968750000000E+00   1.0620228386894240E-03
      92   7.9008062992125986E+01       47   1.7982812500000001E+00   2.9079592986388288E-03
      92   7.9008062992125986E+01       48   1.8372656250000001E+00   2.0340791416701780E-03
      92   7.9008062992125986E+01       49   1.8762500000000000E+00   2.8549595017750870E-03
      92   7.9008062992125986E+01       50   1.9152343750000000E+00   4.3550140167964877E-03
      92   7.9008062992125986E+01       51   1.9542187500000001E+00   4.8702058874938309E-03
      92   7.9008062992125986E+01       52   1.9932031250000002E+00   4.5107090473513788E-03
      92   7.9008062992125986E+01       53   2.0321875000000000E+00   4.2812881877129011E-03
      92   7.9008062992125986E+01       54   2.0711718750000001E+00   2.9619967641021285E-03
      92   7.9008062992125986E+01       55   2.1101562500000002E+00   4.3163252950181898E-03
      92   7.9008062992125986E+01       56   2.1491406250000002E+00   2.8275812850115972E-03
      92   7.9008062992125986E+01       57   2.1881249999999999E+00   4.1262790854723671E-03
      92   7.9008062992125986E+01       58   2.2271093749999999E+00   2.1846284622654196E-03
      92   7.9008062992125986E+01       59   2.2660937500000000E+00   3.3374885484159385E-03
      92   7.9008062992125986E+01       60   2.3050781250000001E+00   2.0714328315202743E-03
      92   7.9008062992125986E+01       61   2.3440625000000002E+00   7.0341922672152637E-03
      92   7.9008062992125986E+01       62   2.3830468750000002E+00   6.8026129832432338E-03
      92   7.9008062992125986E+01       63   2.4220312500000003E+00   3.5979187262753032E-03
      92   7.9008062992125986E+01       64   2.4610156249999999E+00   6.4907476594889416E-03
 
      93   7.9876283464566939E+01        1   5.0000000000000001E-03   6.0601356003178796E+02
      93   7.9876283464566939E+01        2   4.3984374999999999E-02   5.4148592043296702E+01
      93   7.9876283464566939E+01        3   8.2968750000000008E-02   2.0484907498078105E+01
      93   7.9876283464566939E+01        4   1.2195312500000001E-01   1.1309238614983895E+01
      93   7.9876283464566939E+01        5   1.6093750000000001E-01   1.2884134781006791E+01
      93   7.9876283464566939E+01        6   1.9992187500000000E-01   1.4481047964306093E+01
      93   7.9876283464566939E+01        7   2.3890625000000001E-01   1.2790162071944660E+01
      93   7.9876283464566939E+01        8   2.7789062500000000E-01   1.1903604836374338E+01
      93   7.9876283464566939E+01        9   3.1687500000000002E-01   9.3562374582152668E+00
      93   7.9876283464566939E+01       10   3.5585937500000003E-01   6.9319152319586577E+00
      93   7.9876283464566939E+01       11   3.9484374999999999E-01   5.2566045327612017E+00
      93   7.9876283464566939E+01       12   4.3382812500000001E-01   2.2090761222350412E+00
      93   7.9876283464566939E+01       13   4.7281250000000002E-01   3.2813287736616048E+00
      93   7.9876283464566939E+01       14   5.1179687500000004E-01   2.6463521785711528E+00
      93   7.9876283464566939E+01       15   5.5078125000000000E-01   3.4898714975442648E+00
      93   7.9876283464566939E+01       16   5.8976562500000007E-01   4.8468852129686919E+00
      93   7.9876283464566939E+01       17   6.2875000000000003E-01   5.5141801895959226E+00
      93   7.9876283464566939E+01       18   6.6773437499999999E-01   5.1596769792912625E+00
      93   7.9876283464566939E+01       19   7.0671875000000006E-01   3.2083361469208680E+00
      93   7.9876283464566939E+01       20   7.4570312500000002E-01   1.0455135201880201E+00
      93   7.9876283464566939E+01       21   7.8468749999999998E-01   3.6755158172119451E-01
      93   7.9876283464566939E+01       22   8.2367187500000005E-01   1.9756354859807845E-01
      93   7.9876283464566939E+01       23   8.6265625000000001E-01   2.2553529756207419E-01
      93   7.9876283464566939E+01       24   9.0164062500000008E-01   4.2566017044476234E-01
      93   7.9876283464566939E+01       25   9.4062500000000004E-01   4.5336051734175092E-01
      93   7.9876283464566939E+01       26   9.7960937500000000E-01   1.8809312749084844E-01
      93   7.9876283464566939E+01       27   1.0185937500000000E+00   1.0193105862416926E-01
      93   7.9876283464566939E+01       28   1.0575781250000000E+00   1.0965912562574782E-01
      93   7.9876283464566939E+01       29   1.0965625000000001E+00   8.3303485296747665E-02
      93   7.9876283464566939E+01       30   1.1355468750000000E+00   1.2441620467184020E-01
      93   7.9876283464566939E+01       31   1.1745312500000000E+00   6.3954697910661051E-02
      93   7.9876283464566939E+01       32   1.2135156250000001E+00   5.0607872798410149E-02
      93   7.9876283464566939E+01       33   1.2524999999999999E+00   5.7365668815103514E-02
      93   7.9876283464566939E+01       34   1.2914843750000000E+00   2.6847130706178880E-02
      93   7.9876283464566939E+01       35   1.3304687500000001E+00   2.8208958218420455E-02
      93   7.9876283464566939E+01       36   1.3694531250000002E+00   3.1009183697455655E-02
      93   7.9876283464566939E+01       37   1.4084375000000000E+00   1.0126986085085955E-02
      93   7.9876283464566939E+01       38   1.4474218750000001E+00   1.7219582882854488E-02
      93   7.9876283464566939E+01       39   1.4864062500000002E+00   1.1491645936753232E-02
      93   7.9876283464566939E+01       40   1.5253906250000000E+00   4.9102015387718209E-03
      93   7.9876283464566939E+01       41   1.5643750000000001E+00   8.4535307715752593E-03
      93   7.9876283464566939E+01       42   1.6033593750000001E+00   4.2531293787446654E-03
      93   7.9876283464566939E+01       43   1.6423437500000000E+00   6.1951123958836505E-03
      93   7.9876283464566939E+01       44   1.6813281250000001E+00   8.0726593581063009E-03
      93   7.9876283464566939E+01       45   1.7203125000000001E+00   5.2158499054040667E-03
      93   7.9876283464566939E+01       46   1.7592968750000000E+00   1.7774894606584022E-03
      93   7.9876283464566939E+01       47   1.7982812500000001E+00   2.9937751214168563E-03
      93   7.9876283464566939E+01       48   1.8372656250000001E+00   1.7323785893677516E-03
      93   7.9876283464566939E+01       49   1.8762500000000000E+00   3.3296738927662073E-03
      93   7.9876283464566939E+01       50   1.9152343750000000E+00   3.9947781960070214E-03
      93   7.9876283464566939E+01       51   1.9542187500000001E+00   4.4796291276616431E-03
      93   7.9876283464566939E+01       52   1.9932031250000002E+00   4.7114276356753663E-03
      93   7.9876283464566939E+01       53   2.0321875000000000E+00   4.4172254700632551E-03
      93   7.9876283464566939E+01       54   2.0711718750000001E+00   2.9093317349665336E-03
      93   7.9876283464566939E+01       55   2.1101562500000002E+00   4.3508275173637628E-03
      93   7.9876283464566939E+01       56   2.1491406250000002E+00   2.8522452873424552E-03
      93   7.9876283464566939E+01       57   2.1881249999999999E+00   4.3739372131281033E-03
      93   7.9876283464566939E+01       58   2.2271093749999999E+00   2.0814863035754903E-03
      93   7.9876283464566939E+01       59   2.2660937500000000E+00   3.1152220270175145E-03
      93   7.9876283464566939E+01       60   2.3050781250000001E+00   2.2203580066180372E-03
      93   7.9876283464566939E+01       61   2.3440625000000002E+00   7.2548464080359606E-03
      93   7.9876283464566939E+01       62   2.3830468750000002E+00   6.7666942326495665E-03
      93   7.9876283464566939E+01       63   2.4220312500000003E+00   3.4390744921823061E-03
      93   7.9876283464566939E+01       64   2.4610156249999999E+00   6.5124395917726128E-03
 
      94   8.0744503937007877E+01        1   5.0000000000000001E-03   5.7511243757273394E+02
      94   8.0744503937007877E+01        2   4.3984374999999999E-02   5.2005027279057721E+01
      94   8.0744503937007877E+01        3   8.2968750000000008E-02   1.9705851020660337E+01
      94   8.0744503937007877E+01        4   1.2195312500000001E-01   1.0781096910817286E+01
      94   8.0744503937007877E+01        5   1.6093750000000001E-01   1.2676278721171940E+01
      94   8.0744503937007877E+01        6   1.9992187500000000E-01   1.4561967195230924E+01
      94   8.0744503937007877E+01        7   2.3890625000000001E-01   1.2839877948305435E+01
      94   8.0744503937007877E+01        8   2.7789062500000000E-01   1.1808734513560941E+01
      94   8.0744503937007877E+01        9   3.1687500000000002E-01   9.3591576599278810E+00
      94   8.0744503937007877E+01       10   3.5585937500000003E-01   6.9748287812956429E+00
      94   8.0744503937007877E+01       11   3.9484374999999999E-01   5.1908745724387479E+00
      94   8.0744503937007877E+01       12   4.3382812500000001E-01   2.2435989656377946E+00
      94   8.0744503937007877E+01       13   4.7281250000000002E-01   3.2275004372214267E+00
      94   8.0744503937007877E+01       14   5.1179687500000004E-01   2.6322028077266171E+00
      94   8.0744503937007877E+01       15   5.5078125000000000E-01   3.5886190930951392E+00
      94   8.0744503937007877E+01       16   5.8976562500000007E-01   5.0210258939276056E+00
      94   8.0744503937007877E+01       17   6.2875000000000003E-01   5.7191271776442978E+00
      94   8.0744503937007877E+01       18   6.6773437499999999E-01   5.3810181599023625E+00
      94   8.0744503937007877E+01       19   7.0671875000000006E-01   3.2701123083662527E+00
      94   8.0744503937007877E+01       20   7.4570312500000002E-01   1.0673996910747829E+00
      94   8.0744503937007877E+01       21   7.8468749999999998E-01   3.5448986577268382E-01
      94   8.0744503937007877E+01       22   8.2367187500000005E-01   1.8102601811340480E-01
      94   8.0744503937007877E+01       23   8.6265625000000001E-01   2.4456457513237631E-01
      94   8.0744503937007877E+01       24   9.0164062500000008E-01   4.0232022818115287E-01
      94   8.0744503937007877E+01       25   9.4062500000000004E-01   4.0230006191454859E-01
      94   8.0744503937007877E+01       26   9.7960937500000000E-01   1.9135016422522277E-01
      94   8.0744503937007877E+01       27   1.0185937500000000E+00   1.1929412610893898E-01
      94   8.0744503937007877E+01       28   1.0575781250000000E+00   9.4897651273623360E-02
      94   8.0744503937007877E+01       29   1.0965625000000001E+00   8.9494502354754035E-02
      94   8.0744503937007877E+01       30   1.1355468750000000E+00   1.3963657268877477E-01
      94   8.0744503937007877E+01       31   1.1745312500000000E+00   4.9680260050413740E-02
      94   8.0744503937007877E+01       32   1.2135156250000001E+00   6.4830144591970715E-02
      94   8.0744503937007877E+01       33   1.2524999999999999E+00   4.6780361696843832E-02
      94   8.0744503937007877E+01       34   1.2914843750000000E+00   3.0039469050453044E-02
      94   8.0744503937007877E+01       35   1.3304687500000001E+00   2.7944000497789057E-02
      94   8.0744503937007877E+01       36   1.3694531250000002E+00   3.1111448681132258E-02
      94   8.0744503937007877E+01       37   1.4084375000000000E+00   9.6675265135316782E-03
      94   8.0744503937007877E+01       38   1.4474218750000001E+00   1.7255405459772721E-02
      94   8.0744503937007877E+01       39   1.4864062500000002E+00   1.0744553739187767E-02
      94   8.0744503937007877E+01       40   1.5253906250000000E+00   4.9664039070068666E-03
      94   8.0744503937007877E+01       41   1.5643750000000001E+00   8.2435673808431368E-03
      94   8.0744503937007877E+01       42   1.6033593750000001E+00   3.9054743187735262E-03
      94   8.0744503937007877E+01       43   1.6423437500000000E+00   6.7144313137293618E-03
      94   8.0744503937007877E+01       44   1.6813281250000001E+00   8.5540474683142680E-03
      94   8.0744503937007877E+01       45   1.7203125000000001E+00   5.1614637742738020E-03
      94   8.0744503937007877E+01       46   1.7592968750000000E+00   2.4978055558770433E-03
      94   8.0744503937007877E+01       47   1.7982812500000001E+00   3.7982381448582866E-03
      94   8.0744503937007877E+01       48   1.8372656250000001E+00   1.4989032903225976E-03
      94   8.0744503937007877E+01       49   1.8762500000000000E+00   3.8757853417000047E-03
      94   8.0744503937007877E+01       50   1.9152343750000000E+00   4.0971297943683972E-03
      94   8.0744503937007877E+01       51   1.9542187500000001E+00   4.2024782749624390E-03
      94   8.0744503937007877E+01       52   1.9932031250000002E+00   4.7101543841008668E-03
      94   8.0744503937007877E+01       53   2.0321875000000000E+00   4.3093089849993672E-03
      94   8.0744503937007877E+01       54   2.0711718750000001E+00   2.9584747348063954E-03
      94   8.0744503937007877E+01       55   2.1101562500000002E+00   4.6115470902116269E-03
      94   8.0744503937007877E+01       56   2.1491406250000002E+00   2.7892622510237875E-03
      94   8.0744503937007877E+01       57   2.1881249999999999E+00   4.2755418853557964E-03
      94   8.0744503937007877E+01       58   2.2271093749999999E+00   1.9151209453992682E-03
      94   8.0744503937007877E+01       59   2.2660937500000000E+00   3.1604039375499426E-03
      94   8.0744503937007877E+01       60   2.3050781250000001E+00   2.4220081997395862E-03
      94   8.0744503937007877E+01       61   2.3440625000000002E+00   7.2564019718436611E-03
      94   8.0744503937007877E+01       62   2.3830468750000002E+00   6.4154352978767247E-03
      94   8.0744503937007877E+01       63   2.4220312500000003E+00   3.1484592676549383E-03
      94   8.0744503937007877E+01       64   2.4610156249999999E+00   6.5819256822933353E-03
 
      95   8.1612724409448816E+01        1   5.0000000000000001E-03   5.4932886454207733E+02
      95   8.1612724409448816E+01        2   4.3984374999999999E-02   5.0047811198798037E+01
      95   8.1612724409448816E+01        3   8.2968750000000008E-02   1.8987257397845269E+01
      95   8.1612724409448816E+01        4   1.2195312500000001E-01   1.0442270812675567E+01
      95   8.1612724409448816E+01        5   1.6093750000000001E-01   1.2777459971931517E+01
      95   8.1612724409448816E+01        6   1.9992187500000000E-01   1.4917172074709828E+01
      95   8.1612724409448816E+01        7   2.3890625000000001E-01   1.3060256013959064E+01
      95   8.1612724409448816E+01        8   2.7789062500000000E-01   1.1886671839768036E+01
      95   8.1612724409448816E+01        9   3.1687500000000002E-01   9.5124207935985599E+00
      95   8.1612724409448816E+01       10   3.5585937500000003E-01   7.0504238501994241E+00
      95   8.1612724409448816E+01       11   3.9484374999999999E-01   5.1993053850027504E+00
      95   8.1612724409448816E+01       12   4.3382812500000001E-01   2.3328447151525888E+00
      95   8.1612724409448816E+01       13   4.7281250000000002E-01   3.1759365330260616E+00
      95   8.1612724409448816E+01       14   5.1179687500000004E-01   2.7176884001608617E+00
      95   8.1612724409448816E+01       15   5.5078125000000000E-01   3.6989698485358091E+00
      95   8.1612724409448816E+01       16   5.8976562500000007E-01   5.2741851573929699E+00
      95   8.1612724409448816E+01       17   6.2875000000000003E-01   5.9252486017380885E+00
      95   8.1612724409448816E+01       18   6.6773437499999999E-01   5.5826653134729449E+00
      95   8.1612724409448816E+01       19   7.0671875000000006E-01   3.3032715004839561E+00
      95   8.1612724409448816E+01       20   7.4570312500000002E-01   1.0451911666606231E+00
      95   8.1612724409448816E+01       21   7.8468749999999998E-01   3.4425633375963316E-01
      95   8.1612724409448816E+01       22   8.2367187500000005E-01   1.6394696777803094E-01
      95   8.1612724409448816E+01       23   8.6265625000000001E-01   2.4304514422803133E-01
      95   8.1612724409448816E+01       24   9.0164062500000008E-01   3.7065128930896257E-01
      95   8.1612724409448816E+01       25   9.4062500000000004E-01   3.7379808141517162E-01
      95   8.1612724409448816E+01       26   9.7960937500000000E-01   2.2045322753757679E-01
      95   8.1612724409448816E+01       27   1.0185937500000000E+00   1.2756848892376346E-01
      95   8.1612724409448816E+01       28   1.0575781250000000E+00   8.1950073933412859E-02
      95   8.1612724409448816E+01       29   1.0965625000000001E+00   1.1049059761891027E-01
      95   8.1612724409448816E+01       30   1.1355468750000000E+00   1.4325453379495717E-01
      95   8.1612724409448816E+01       31   1.1745312500000000E+00   4.3143155503637787E-02
      95   8.1612724409448816E+01       32   1.2135156250000001E+00   7.4749645660723146E-02
      95   8.1612724409448816E+01       33   1.2524999999999999E+00   4.0754791364298826E-02
      95   8.1612724409448816E+01       34   1.2914843750000000E+00   3.2530101286149339E-02
      95   8.1612724409448816E+01       35   1.3304687500000001E+00   2.7687104653917237E-02
      95   8.1612724409448816E+01       36   1.3694531250000002E+00   3.4325305577890895E-02
      95   8.1612724409448816E+01       37   1.4084375000000000E+00   8.9508472336870034E-03
      95   8.1612724409448816E+01       38   1.4474218750000001E+00   1.8579604658383986E-02
      95   8.1612724409448816E+01       39   1.4864062500000002E+00   1.0620625751614250E-02
      95   8.1612724409448816E+01       40   1.5253906250000000E+00   5.2590075736229595E-03
      95   8.1612724409448816E+01       41   1.5643750000000001E+00   8.3743008328262987E-03
      95   8.1612724409448816E+01       42   1.6033593750000001E+00   3.7164337761473325E-03
      95   8.1612724409448816E+01       43   1.6423437500000000E+00   6.4210797356548371E-03
      95   8.1612724409448816E+01       44   1.6813281250000001E+00   8.7354108628712093E-03
      95   8.1612724409448816E+01       45   1.7203125000000001E+00   5.3097660658004159E-03
      95   8.1612724409448816E+01       46   1.7592968750000000E+00   2.6003395768911773E-03
      95   8.1612724409448816E+01       47   1.7982812500000001E+00   4.4996218386255706E-03
      95   8.1612724409448816E+01       48   1.8372656250000001E+00   1.5876884935786054E-03
      95   8.1612724409448816E+01       49   1.8762500000000000E+00   3.9594159302353774E-03
      95   8.1612724409448816E+01       50   1.9152343750000000E+00   4.5573487728528357E-03
      95   8.1612724409448816E+01       51   1.9542187500000001E+00   4.2005221155712530E-03
      95   8.1612724409448816E+01       52   1.9932031250000002E+00   4.4077880303289886E-03
      95   8.1612724409448816E+01       53   2.0321875000000000E+00   4.2233308132798514E-03
      95   8.1612724409448816E+01       54   2.0711718750000001E+00   3.0543799461281041E-03
      95   8.1612724409448816E+01       55   2.1101562500000002E+00   4.7833462162685664E-03
      95   8.1612724409448816E+01       56   2.1491406250000002E+00   2.6352899511934702E-03
      95   8.1612724409448816E+01       57   2.1881249999999999E+00   3.9200313832962862E-03
      95   8.1612724409448816E+01       58   2.2271093749999999E+00   1.7609602145089965E-03
      95   8.1612724409448816E+01       59   2.2660937500000000E+00   3.3496037654619413E-03
      95   8.1612724409448816E+01       60   2.3050781250000001E+00   2.5731060322811638E-03
      95   8.1612724409448816E+01       61   2.3440625000000002E+00   7.1262606688203747E-03
      95   8.1612724409448816E+01       62   2.3830468750000002E+00   5.9022521512508306E-03
      95   8.1612724409448816E+01       63   2.4220312500000003E+00   2.8347041812868986E-03
      95   8.1612724409448816E+01       64   2.4610156249999999E+00   6.7149488514863338E-03
 
      96   8.2480944881889769E+01        1   5.0000000000000001E-03   5.3235307100522618E+02
      96   8.2480944881889769E+01        2   4.3984374999999999E-02   4.8560249987116109E+01
      96   8.2480944881889769E+01        3   8.2968750000000008E-02   1.8476568472769003E+01
      96   8.2480944881889769E+01        4   1.2195312500000001E-01   1.0405702213855534E+01
      96   8.2480944881889769E+01        5   1.6093750000000001E-01   1.3200784062647598E+01
      96   8.2480944881889769E+01        6   1.9992187500000000E-01   1.5465324164151754E+01
      96   8.2480944881889769E+01        7   2.3890625000000001E-01   1.3380247217438553E+01
      96   8.2480944881889769E+01        8   2.7789062500000000E-01   1.2143149308156634E+01
      96   8.2480944881889769E+01        9   3.1687500000000002E-01   9.8318261771621742E+00
      96   8.2480944881889769E+01       10   3.5585937500000003E-01   7.1607275339204275E+00
      96   8.2480944881889769E+01       11   3.9484374999999999E-01   5.3102245920449658E+00
      96   8.2480944881889769E+01       12   4.3382812500000001E-01   2.4443919922445274E+00
      96   8.2480944881889769E+01       13   4.7281250000000002E-01   3.1641669842528444E+00
      96   8.2480944881889769E+01       14   5.1179687500000004E-01   2.8829545763894493E+00
      96   8.2480944881889769E+01       15   5.5078125000000000E-01   3.8223756727829690E+00
      96   8.2480944881889769E+01       16   5.8976562500000007E-01   5.5505376615731450E+00
      96   8.2480944881889769E+01       17   6.2875000000000003E-01   6.0945036885817876E+00
      96   8.2480944881889769E+01       18   6.6773437499999999E-01   5.6982416825656719E+00
      96   8.2480944881889769E+01       19   7.0671875000000006E-01   3.3039739331997087E+00
      96   8.2480944881889769E+01       20   7.4570312500000002E-01   9.8465001879084457E-01
      96   8.2480944881889769E+01       21   7.8468749999999998E-01   3.3274071108726938E-01
      96   8.2480944881889769E+01       22   8.2367187500000005E-01   1.6046490442315869E-01
      96   8.2480944881889769E+01       23   8.6265625000000001E-01   2.2302964763998845E-01
      96   8.2480944881889769E+01       24   9.0164062500000008E-01   3.3685569161128442E-01
      96   8.2480944881889769E+01       25   9.4062500000000004E-01   3.7786780385347091E-01
      96   8.2480944881889769E+01       26   9.7960937500000000E-01   2.6350866394767408E-01
      96   8.2480944881889769E+01       27   1.0185937500000000E+00   1.2487289802229623E-01
      96   8.2480944881889769E+01       28   1.0575781250000000E+00   7.8570234975654685E-02
      96   8.2480944881889769E+01       29   1.0965625000000001E+00   1.3400975198531137E-01
      96   8.2480944881889769E+01       30   1.1355468750000000E+00   1.2754157734520929E-01
      96   8.2480944881889769E+01       31   1.1745312500000000E+00   5.1995366361666538E-02
      96   8.2480944881889769E+01       32   1.2135156250000001E+00   7.1627581509568591E-02
      96   8.2480944881889769E+01       33   1.2524999999999999E+00   4.4384083789646270E-02
      96   8.2480944881889769E+01       34   1.2914843750000000E+00   3.2545703122693295E-02
      96   8.2480944881889769E+01       35   1.3304687500000001E+00   2.7510947423637303E-02
      96   8.2480944881889769E+01       36   1.3694531250000002E+00   3.6831787004167504E-02
      96   8.2480944881889769E+01       37   1.4084375000000000E+00   8.8320694886009164E-03
      96   8.2480944881889769E+01       38   1.4474218750000001E+00   1.9836811837710605E-02
      96   8.2480944881889769E+01       39   1.4864062500000002E+00   1.1301327676401358E-02
      96   8.2480944881889769E+01       40   1.5253906250000000E+00   5.3755977517553769E-03
      96   8.2480944881889769E+01       41   1.5643750000000001E+00   8.6309554323339213E-03
      96   8.2480944881889769E+01       42   1.6033593750000001E+00   4.1362039627180335E-03
      96   8.2480944881889769E+01       43   1.6423437500000000E+00   5.7330138491467186E-03
      96   8.2480944881889769E+01       44   1.6813281250000001E+00   8.4073901907472937E-03
      96   8.2480944881889769E+01       45   1.7203125000000001E+00   5.4540957398662541E-03
      96   8.2480944881889769E+01       46   1.7592968750000000E+00   2.0460288696531642E-03
      96   8.2480944881889769E+01       47   1.7982812500000001E+00   4.4717595595194191E-03
      96   8.2480944881889769E+01       48   1.8372656250000001E+00   1.9126576796828850E-03
      96   8.2480944881889769E+01       49   1.8762500000000000E+00   3.6803539063715251E-03
      96   8.2480944881889769E+01       50   1.9152343750000000E+00   4.9280559320623767E-03
      96   8.2480944881889769E+01       51   1.9542187500000001E+00   4.2172221113826527E-03
      96   8.2480944881889769E+01       52   1.9932031250000002E+00   4.0658842503950394E-03
      96   8.2480944881889769E+01       53   2.0321875000000000E+00   4.3871459961961085E-03
      96   8.2480944881889769E+01       54   2.0711718750000001E+00   2.9969522008784751E-03
      96   8.2480944881889769E+01       55   2.1101562500000002E+00   4.7347360534918288E-03
      96   8.2480944881889769E+01       56   2.1491406250000002E+00   2.5477598758728223E-03
      96   8.2480944881889769E+01       57   2.1881249999999999E+00   3.6664951770888736E-03
      96   8.2480944881889769E+01       58   2.2271093749999999E+00   1.7299506787380368E-03
      96   8.2480944881889769E+01       59   2.2660937500000000E+00   3.5677084181224717E-03
      96   8.2480944881889769E+01       60   2.3050781250000001E+00   2.6326145210502938E-03
      96   8.2480944881889769E+01       61   2.3440625000000002E+00   7.0113432848350633E-03
      96   8.2480944881889769E+01       62   2.3830468750000002E+00   5.5606876368676419E-03
      96   8.2480944881889769E+01       63   2.4220312500000003E+00   2.6699786172277922E-03
      96   8.2480944881889769E+01       64   2.4610156249999999E+00   6.9646225844838235E-03
 
      97   8.3349165354330708E+01        1   5.0000000000000001E-03   5.2703940139125291E+02
      97   8.3349165354330708E+01        2   4.3984374999999999E-02   4.7847147859374871E+01
      97   8.3349165354330708E+01        3   8.2968750000000008E-02   1.8314816788357984E+01
      97   8.3349165354330708E+01        4   1.2195312500000001E-01   1.0711825149088824E+01
      97   8.3349165354330708E+01        5   1.6093750000000001E-01   1.3895333354236433E+01
      97   8.3349165354330708E+01        6   1.9992187500000000E-01   1.6092204345631899E+01
      97   8.3349165354330708E+01        7   2.3890625000000001E-01   1.3716765569679469E+01
      97   8.3349165354330708E+01        8   2.7789062500000000E-01   1.2538631264823223E+01
      97   8.3349165354330708E+01        9   3.1687500000000002E-01   1.0274749743456304E+01
      97   8.3349165354330708E+01       10   3.5585937500000003E-01   7.3112202173960847E+00
      97   8.3349165354330708E+01       11   3.9484374999999999E-01   5.5320799895613035E+00
      97   8.3349165354330708E+01       12   4.3382812500000001E-01   2.5499242160139159E+00
      97   8.3349165354330708E+01       13   4.7281250000000002E-01   3.2208985675818873E+00
      97   8.3349165354330708E+01       14   5.1179687500000004E-01   3.0827382359792810E+00
      97   8.3349165354330708E+01       15   5.5078125000000000E-01   3.9551472717922986E+00
      97   8.3349165354330708E+01       16   5.8976562500000007E-01   5.7823442151675017E+00
      97   8.3349165354330708E+01       17   6.2875000000000003E-01   6.2021662122714201E+00
      97   8.3349165354330708E+01       18   6.6773437499999999E-01   5.6948857216152309E+00
      97   8.3349165354330708E+01       19   7.0671875000000006E-01   3.2702580722155612E+00
      97   8.3349165354330708E+01       20   7.4570312500000002E-01   9.1006529034687511E-01
      97   8.3349165354330708E+01       21   7.8468749999999998E-01   3.1809796312609862E-01
      97   8.3349165354330708E+01       22   8.2367187500000005E-01   1.7483309073004599E-01
      97   8.3349165354330708E+01       23   8.6265625000000001E-01   1.9712761742236001E-01
      97   8.3349165354330708E+01       24   9.0164062500000008E-01   3.1144372425058003E-01
      97   8.3349165354330708E+01       25   9.4062500000000004E-01   4.1094429194667964E-01
      97   8.3349165354330708E+01       26   9.7960937500000000E-01   2.9951451420240366E-01
      97   8.3349165354330708E+01       27   1.0185937500000000E+00   1.1439327072032952E-01
      97   8.3349165354330708E+01       28   1.0575781250000000E+00   8.9619041174151343E-02
      97   8.3349165354330708E+01       29   1.0965625000000001E+00   1.4473952821162392E-01
      97   8.3349165354330708E+01       30   1.1355468750000000E+00   1.0026255791684877E-01
      97   8.3349165354330708E+01       31   1.1745312500000000E+00   6.9317332600845646E-02
      97   8.3349165354330708E+01       32   1.2135156250000001E+00   5.8047834629075680E-02
      97   8.3349165354330708E+01       33   1.2524999999999999E+00   5.4457740567320341E-02
      97   8.3349165354330708E+01       34   1.2914843750000000E+00   3.0147844219817827E-02
      97   8.3349165354330708E+01       35   1.3304687500000001E+00   2.7492967553197502E-02
      97   8.3349165354330708E+01       36   1.3694531250000002E+00   3.6472657970687106E-02
      97   8.3349165354330708E+01       37   1.4084375000000000E+00   9.5010975824295820E-03
      97   8.3349165354330708E+01       38   1.4474218750000001E+00   1.9570529879232884E-02
      97   8.3349165354330708E+01       39   1.4864062500000002E+00   1.2133410982585021E-02
      97   8.3349165354330708E+01       40   1.5253906250000000E+00   5.0614825890801700E-03
      97   8.3349165354330708E+01       41   1.5643750000000001E+00   8.7291998963307284E-03
      97   8.3349165354330708E+01       42   1.6033593750000001E+00   4.6309164871929280E-03
      97   8.3349165354330708E+01       43   1.6423437500000000E+00   5.2038832992017990E-03
      97   8.3349165354330708E+01       44   1.6813281250000001E+00   7.7553587214667947E-03
      97   8.3349165354330708E+01       45   1.7203125000000001E+00   5.1933911315899407E-03
      97   8.3349165354330708E+01       46   1.7592968750000000E+00   1.4121379023633140E-03
      97   8.3349165354330708E+01       47   1.7982812500000001E+00   3.9884343221386976E-03
      97   8.3349165354330708E+01       48   1.8372656250000001E+00   2.0500160228198098E-03
      97   8.3349165354330708E+01       49   1.8762500000000000E+00   3.5580638625923632E-03
      97   8.3349165354330708E+01       50   1.9152343750000000E+00   4.7745992284244929E-03
      97   8.3349165354330708E+01       51   1.9542187500000001E+00   4.1749060923775682E-03
      97   8.3349165354330708E+01       52   1.9932031250000002E+00   4.1394254155281843E-03
      97   8.3349165354330708E+01       53   2.0321875000000000E+00   4.7288401342287468E-03
      97   8.3349165354330708E+01       54   2.0711718750000001E+00   2.7531051889694005E-03
      97   8.3349165354330708E+01       55   2.1101562500000002E+00   4.5179623296099074E-03
      97   8.3349165354330708E+01       56   2.1491406250000002E+00   2.5923652802927167E-03
      97   8.3349165354330708E+01       57   2.1881249999999999E+00   3.7220394024157473E-03
      97   8.3349165354330708E+01       58   2.2271093749999999E+00   1.7898108961427552E-03
      97   8.3349165354330708E+01       59   2.2660937500000000E+00   3.6779300790926442E-03
      97   8.3349165354330708E+01       60   2.3050781250000001E+00   2.5703086672519393E-03
      97   8.3349165354330708E+01       61   2.3440625000000002E+00   6.9032332377834422E-03
      97   8.3349165354330708E+01       62   2.3830468750000002E+00   5.5323548580489459E-03
      97   8.3349165354330708E+01       63   2.4220312500000003E+00   2.7540472221191424E-03
      97   8.3349165354330708E+01       64   2.4610156249999999E+00   7.2310268126452122E-03
 
      98   8.4217385826771661E+01        1   5.0000000000000001E-03   5.3480769195135963E+02
      98   8.4217385826771661E+01        2   4.3984374999999999E-02   4.8098721524238641E+01
      98   8.4217385826771661E+01        3   8.2968750000000008E-02   1.8541043690629412E+01
      98   8.4217385826771661E+01        4   1.2195312500000001E-01   1.1300080566628848E+01
      98   8.4217385826771661E+01        5   1.6093750000000001E-01   1.4741016586570112E+01
      98   8.4217385826771661E+01        6   1.9992187500000000E-01   1.6677255401093227E+01
      98   8.4217385826771661E+01        7   2.3890625000000001E-01   1.4004322050457596E+01
      98   8.4217385826771661E+01        8   2.7789062500000000E-01   1.3016592884472262E+01
      98   8.4217385826771661E+01        9   3.1687500000000002E-01   1.0744656620829744E+01
      98   8.4217385826771661E+01       10   3.5585937500000003E-01   7.4886841555915478E+00
      98   8.4217385826771661E+01       11   3.9484374999999999E-01   5.8369645907109877E+00
      98   8.4217385826771661E+01       12   4.3382812500000001E-01   2.6333420106733207E+00
      98   8.4217385826771661E+01       13   4.7281250000000002E-01   3.3567702782189670E+00
      98   8.4217385826771661E+01       14   5.1179687500000004E-01   3.2672883398427230E+00
      98   8.4217385826771661E+01       15   5.5078125000000000E-01   4.0786546908642300E+00
      98   8.4217385826771661E+01       16   5.8976562500000007E-01   5.9055744166750443E+00
      98   8.4217385826771661E+01       17   6.2875000000000003E-01   6.2289264091318950E+00
      98   8.4217385826771661E+01       18   6.6773437499999999E-01   5.5810977592691122E+00
      98   8.4217385826771661E+01       19   7.0671875000000006E-01   3.2054378091213285E+00
      98   8.4217385826771661E+01       20   7.4570312500000002E-01   8.5224605565224765E-01
      98   8.4217385826771661E+01       21   7.8468749999999998E-01   3.0437684456364256E-01
      98   8.4217385826771661E+01       22   8.2367187500000005E-01   1.9886035465138013E-01
      98   8.4217385826771661E+01       23   8.6265625000000001E-01   1.8030356159730518E-01
      98   8.4217385826771661E+01       24   9.0164062500000008E-01   3.0734900427853473E-01
      98   8.4217385826771661E+01       25   9.4062500000000004E-01   4.5880534046526095E-01
      98   8.4217385826771661E+01       26   9.7960937500000000E-01   3.0862387854598899E-01
      98   8.4217385826771661E+01       27   1.0185937500000000E+00   1.0066750856123112E-01
      98   8.4217385826771661E+01       28   1.0575781250000000E+00   1.1153500980054527E-01
      98   8.4217385826771661E+01       29   1.0965625000000001E+00   1.3570224282259616E-01
      98   8.4217385826771661E+01       30   1.1355468750000000E+00   8.3160437024927633E-02
      98   8.4217385826771661E+01       31   1.1745312500000000E+00   7.9576064643012367E-02
      98   8.4217385826771661E+01       32   1.2135156250000001E+00   4.6130959462264066E-02
      98   8.4217385826771661E+01       33   1.2524999999999999E+00   6.1967718568540178E-02
      98   8.4217385826771661E+01       34   1.2914843750000000E+00   2.6742995173640264E-02
      98   8.4217385826771661E+01       35   1.3304687500000001E+00   2.7470105536405026E-02
      98   8.4217385826771661E+01       36   1.3694531250000002E+00   3.3856036460014984E-02
      98   8.4217385826771661E+01       37   1.4084375000000000E+00   9.9196409340839790E-03
      98   8.4217385826771661E+01       38   1.4474218750000001E+00   1.7926673582983887E-02
      98   8.4217385826771661E+01       39   1.4864062500000002E+00   1.2133255604075128E-02
      98   8.4217385826771661E+01       40   1.5253906250000000E+00   4.8964057939349884E-03
      98   8.4217385826771661E+01       41   1.5643750000000001E+00   8.6682270662061037E-03
      98   8.4217385826771661E+01       42   1.6033593750000001E+00   4.5264212121951643E-03
      98   8.4217385826771661E+01       43   1.6423437500000000E+00   5.2434491414470987E-03
      98   8.4217385826771661E+01       44   1.6813281250000001E+00   7.6571179579447493E-03
      98   8.4217385826771661E+01       45   1.7203125000000001E+00   4.6881183980035743E-03
      98   8.4217385826771661E+01       46   1.7592968750000000E+00   1.2493520401562089E-03
      98   8.4217385826771661E+01       47   1.7982812500000001E+00   3.5789876024238431E-03
      98   8.4217385826771661E+01       48   1.8372656250000001E+00   1.7776617256922375E-03
      98   8.4217385826771661E+01       49   1.8762500000000000E+00   3.6472669659720078E-03
      98   8.4217385826771661E+01       50   1.9152343750000000E+00   4.3789922967371227E-03
      98   8.4217385826771661E+01       51   1.9542187500000001E+00   4.0965673043937677E-03
      98   8.4217385826771661E+01       52   1.9932031250000002E+00   4.4852913299768876E-03
      98   8.4217385826771661E+01       53   2.0321875000000000E+00   4.9349054815656631E-03
      98   8.4217385826771661E+01       54   2.0711718750000001E+00   2.5123155841803458E-03
      98   8.4217385826771661E+01       55   2.1101562500000002E+00   4.3957296852340398E-03
      98   8.4217385826771661E+01       56   2.1491406250000002E+00   2.7909594275068498E-03
      98   8.4217385826771661E+01       57   2.1881249999999999E+00   4.0038947896592304E-03
      98   8.4217385826771661E+01       58   2.2271093749999999E+00   1.8505705063336492E-03
      98   8.4217385826771661E+01       59   2.2660937500000000E+00   3.6138586780975488E-03
      98   8.4217385826771661E+01       60   2.3050781250000001E+00   2.4432978775714054E-03
      98   8.4217385826771661E+01       61   2.3440625000000002E+00   6.8424195842168092E-03
      98   8.4217385826771661E+01       62   2.3830468750000002E+00   5.7717351140294543E-03
      98   8.4217385826771661E+01       63   2.4220312500000003E+00   3.0588172802317611E-03
      98   8.4217385826771661E+01       64   2.4610156249999999E+00   7.4678968705991812E-03
 
      99   8.5085606299212600E+01        1   5.0000000000000001E-03   5.5428259486136494E+02
      99   8.5085606299212600E+01        2   4.3984374999999999E-02   4.9262254386641651E+01
      99   8.5085606299212600E+01        3   8.2968750000000008E-02   1.9092950594413576E+01
      99   8.5085606299212600E+01        4   1.2195312500000001E-01   1.2053189799933978E+01
      99   8.5085606299212600E+01        5   1.6093750000000001E-01   1.5569896743030625E+01
      99   8.5085606299212600E+01        6   1.9992187500000000E-01   1.7100862827742450E+01
      99   8.5085606299212600E+01        7   2.3890625000000001E-01   1.4197736694672640E+01
      99   8.5085606299212600E+01        8   2.7789062500000000E-01   1.3517684683002727E+01
      99   8.5085606299212600E+01        9   3.1687500000000002E-01   1.1133111425492151E+01
      99   8.5085606299212600E+01       10   3.5585937500000003E-01   7.6619205186624759E+00
      99   8.5085606299212600E+01       11   3.9484374999999999E-01   6.1604594360732854E+00
      99   8.5085606299212600E+01       12   4.3382812500000001E-01   2.6858228169306710E+00
      99   8.5085606299212600E+01       13   4.7281250000000002E-01   3.5544431394792753E+00
      99   8.5085606299212600E+01       14   5.1179687500000004E-01   3.3977138553559190E+00
      99   8.5085606299212600E+01       15   5.5078125000000000E-01   4.1671079910151398E+00
      99   8.5085606299212600E+01       16   5.8976562500000007E-01   5.8830799429364307E+00
      99   8.5085606299212600E+01       17   6.2875000000000003E-01   6.1651135814373177E+00
      99   8.5085606299212600E+01       18   6.6773437499999999E-01   5.3980362060225842E+00
      99   8.5085606299212600E+01       19   7.0671875000000006E-01   3.1208472365063802E+00
      99   8.5085606299212600E+01       20   7.4570312500000002E-01   8.3334533721977699E-01
      99   8.5085606299212600E+01       21   7.8468749999999998E-01   2.9943677578281097E-01
      99   8.5085606299212600E+01       22   8.2367187500000005E-01   2.1806068379331145E-01
      99   8.5085606299212600E+01       23   8.6265625000000001E-01   1.8074692403859857E-01
      99   8.5085606299212600E+01       24   9.0164062500000008E-01   3.3140223030859228E-01
      99   8.5085606299212600E+01       25   9.4062500000000004E-01   5.0189473113865590E-01
      99   8.5085606299212600E+01       26   9.7960937500000000E-01   2.8428386518195059E-01
      99   8.5085606299212600E+01       27   1.0185937500000000E+00   8.8602485070386955E-02
      99   8.5085606299212600E+01       28   1.0575781250000000E+00   1.3251134177838619E-01
      99   8.5085606299212600E+01       29   1.0965625000000001E+00   1.1315703159984293E-01
      99   8.5085606299212600E+01       30   1.1355468750000000E+00   9.3328006633734140E-02
      99   8.5085606299212600E+01       31   1.1745312500000000E+00   7.3568274568903955E-02
      99   8.5085606299212600E+01       32   1.2135156250000001E+00   4.6306317330738506E-02
      99   8.5085606299212600E+01       33   1.2524999999999999E+00   6.0749267741353218E-02
      99   8.5085606299212600E+01       34   1.2914843750000000E+00   2.4596520463476265E-02
      99   8.5085606299212600E+01       35   1.3304687500000001E+00   2.7593876865245916E-02
      99   8.5085606299212600E+01       36   1.3694531250000002E+00   3.0937278274441343E-02
      99   8.5085606299212600E+01       37   1.4084375000000000E+00   9.6139918569618302E-03
      99   8.5085606299212600E+01       38   1.4474218750000001E+00   1.6805932061607725E-02
      99   8.5085606299212600E+01       39   1.4864062500000002E+00   1.1416096206112385E-02
      99   8.5085606299212600E+01       40   1.5253906250000000E+00   5.1545726320090003E-03
      99   8.5085606299212600E+01       41   1.5643750000000001E+00   8.5326524523346488E-03
      99   8.5085606299212600E+01       42   1.6033593750000001E+00   4.0066535940792604E-03
      99   8.5085606299212600E+01       43   1.6423437500000000E+00   5.7464253475999092E-03
      99   8.5085606299212600E+01       44   1.6813281250000001E+00   8.5469269348150793E-03
      99   8.5085606299212600E+01       45   1.7203125000000001E+00   4.5235609028237179E-03
      99   8.5085606299212600E+01       46   1.7592968750000000E+00   1.6126806982174370E-03
      99   8.5085606299212600E+01       47   1.7982812500000001E+00   3.4931977168388877E-03
      99   8.5085606299212600E+01       48   1.8372656250000001E+00   1.4377204053054738E-03
      99   8.5085606299212600E+01       49   1.8762500000000000E+00   3.7308334162852691E-03
      99   8.5085606299212600E+01       50   1.9152343750000000E+00   4.4824052754560062E-03
      99   8.5085606299212600E+01       51   1.9542187500000001E+00   4.0403839129720363E-03
      99   8.5085606299212600E+01       52   1.9932031250000002E+00   4.5834500175525672E-03
      99   8.5085606299212600E+01       53   2.0321875000000000E+00   4.8185448445598909E-03
      99   8.5085606299212600E+01       54   2.0711718750000001E+00   2.4755880462641162E-03
      99   8.5085606299212600E+01       55   2.1101562500000002E+00   4.5625223941914610E-03
      99   8.5085606299212600E+01       56   2.1491406250000002E+00   3.1044863979426216E-03
      99   8.5085606299212600E+01       57   2.1881249999999999E+00   4.2744976755045979E-03
      99   8.5085606299212600E+01       58   2.2271093749999999E+00   1.8609219602421369E-03
      99   8.5085606299212600E+01       59   2.2660937500000000E+00   3.4507290713999242E-03
      99   8.5085606299212600E+01       60   2.3050781250000001E+00   2.3314656651685795E-03
      99   8.5085606299212600E+01       61   2.3440625000000002E+00   6.8009801532548141E-03
      99   8.5085606299212600E+01       62   2.3830468750000002E+00   6.0857114771580480E-03
      99   8.5085606299212600E+01       63   2.4220312500000003E+00   3.4365142129328761E-03
      99   8.5085606299212600E+01       64   2.4610156249999999E+00   7.6028410972295464E-03
 
     100   8.5953826771653553E+01        1   5.0000000000000001E-03   5.8154448278553355E+02
     100   8.5953826771653553E+01        2   4.3984374999999999E-02   5.1101430289423590E+01
     100   8.5953826771653553E+01        3   8.2968750000000008E-02   1.9878606827912151E+01
     100   8.5953826771653553E+01        4   1.2195312500000001E-01   1.2853438542701555E+01
     100   8.5953826771653553E+01        5   1.6093750000000001E-01   1.6221827919855464E+01
     100   8.5953826771653553E+01        6   1.9992187500000000E-01   1.7266563509584600E+01
     100   8.5953826771653553E+01        7   2.3890625000000001E-01   1.4269647883294294E+01
     100   8.5953826771653553E+01        8   2.7789062500000000E-01   1.3975422105709859E+01
     100   8.5953826771653553E+01        9   3.1687500000000002E-01   1.1359125415499854E+01
     100   8.5953826771653553E+01       10   3.5585937500000003E-01   7.8015936140425390E+00
     100   8.5953826771653553E+01       11   3.9484374999999999E-01   6.4225567504465264E+00
     100   8.5953826771653553E+01       12   4.3382812500000001E-01   2.7022785881155977E+00
     100   8.5953826771653553E+01       13   4.7281250000000002E-01   3.7659461536889389E+00
     100   8.5953826771653553E+01       14   5.1179687500000004E-01   3.4504588132994436E+00
     100   8.5953826771653553E+01       15   5.5078125000000000E-01   4.1977916512066304E+00
     100   8.5953826771653553E+01       16   5.8976562500000007E-01   5.7243021748034302E+00
     100   8.5953826771653553E+01       17   6.2875000000000003E-01   6.0234478081698013E+00
     100   8.5953826771653553E+01       18   6.6773437499999999E-01   5.2069616383244837E+00
     100   8.5953826771653553E+01       19   7.0671875000000006E-01   3.0374637712799428E+00
     100   8.5953826771653553E+01       20   7.4570312500000002E-01   8.5779636144716165E-01
     100   8.5953826771653553E+01       21   7.8468749999999998E-01   3.0989631471387780E-01
     100   8.5953826771653553E+01       22   8.2367187500000005E-01   2.2143534390863268E-01
     100   8.5953826771653553E+01       23   8.6265625000000001E-01   1.9629915156734770E-01
     100   8.5953826771653553E+01       24   9.0164062500000008E-01   3.7621497425959144E-01
     100   8.5953826771653553E+01       25   9.4062500000000004E-01   5.2233364832331075E-01
     100   8.5953826771653553E+01       26   9.7960937500000000E-01   2.3960521492663486E-01
     100   8.5953826771653553E+01       27   1.0185937500000000E+00   8.3313739800778192E-02
     100   8.5953826771653553E+01       28   1.0575781250000000E+00   1.3971044715910144E-01
     100   8.5953826771653553E+01       29   1.0965625000000001E+00   9.2539743399461971E-02
     100   8.5953826771653553E+01       30   1.1355468750000000E+00   1.2571839796315779E-01
     100   8.5953826771653553E+01       31   1.1745312500000000E+00   5.7706033834359946E-02
     100   8.5953826771653553E+01       32   1.2135156250000001E+00   5.8051228129506291E-02
     100   8.5953826771653553E+01       33   1.2524999999999999E+00   5.3526330447958084E-02
     100   8.5953826771653553E+01       34   1.2914843750000000E+00   2.5891661351676021E-02
     100   8.5953826771653553E+01       35   1.3304687500000001E+00   2.8308045593703476E-02
     100   8.5953826771653553E+01       36   1.3694531250000002E+00   3.0129537761487576E-02
     100   8.5953826771653553E+01       37   1.4084375000000000E+00   9.1321292913637345E-03
     100   8.5953826771653553E+01       38   1.4474218750000001E+00   1.7678628870714159E-02
     100   8.5953826771653553E+01       39   1.4864062500000002E+00   1.1017375467504765E-02
     100   8.5953826771653553E+01       40   1.5253906250000000E+00   5.3636124187265407E-03
     100   8.5953826771653553E+01       41   1.5643750000000001E+00   8.4829549389754764E-03
     100   8.5953826771653553E+01       42   1.6033593750000001E+00   3.8484008767733762E-03
     100   8.5953826771653553E+01       43   1.6423437500000000E+00   6.2907936784104912E-03
     100   8.5953826771653553E+01       44   1.6813281250000001E+00   9.3241223286932139E-03
     100   8.5953826771653553E+01       45   1.7203125000000001E+00   5.0923098402560468E-03
     100   8.5953826771653553E+01       46   1.7592968750000000E+00   2.0411269719875849E-03
     100   8.5953826771653553E+01       47   1.7982812500000001E+00   3.5993938110146051E-03
     100   8.5953826771653553E+01       48   1.8372656250000001E+00   1.3345846653803582E-03
     100   8.5953826771653553E+01       49   1.8762500000000000E+00   3.6241159024628217E-03
     100   8.5953826771653553E+01       50   1.9152343750000000E+00   4.9420922396825042E-03
     100   8.5953826771653553E+01       51   1.9542187500000001E+00   4.1070204525456610E-03
     100   8.5953826771653553E+01       52   1.9932031250000002E+00   4.2945710152942585E-03
     100   8.5953826771653553E+01       53   2.0321875000000000E+00   4.3736897929783939E-03
     100   8.5953826771653553E+01       54   2.0711718750000001E+00   2.6950471798605972E-03
     100   8.5953826771653553E+01       55   2.1101562500000002E+00   4.8975827305425892E-03
     100   8.5953826771653553E+01       56   2.1491406250000002E+00   3.2978259837605217E-03
     100   8.5953826771653553E+01       57   2.1881249999999999E+00   4.2790849912072784E-03
     100   8.5953826771653553E+01       58   2.2271093749999999E+00   1.8064732788286133E-03
     100   8.5953826771653553E+01       59   2.2660937500000000E+00   3.2779779915544987E-03
     100   8.5953826771653553E+01       60   2.3050781250000001E+00   2.2925534463378791E-03
     100   8.5953826771653553E+01       61   2.3440625000000002E+00   6.7950886694701984E-03
     100   8.5953826771653553E+01       62   2.3830468750000002E+00   6.2799730353011356E-03
     100   8.5953826771653553E+01       63   2.4220312500000003E+00   3.7123000952478456E-03
     100   8.5953826771653553E+01       64   2.4610156249999999E+00   7.5587644826159263E-03
 
     101   8.6822047244094492E+01        1   5.0000000000000001E-03   6.1179751871183464E+02
     101   8.6822047244094492E+01        2   4.3984374999999999E-02   5.3325074552223086E+01
     101   8.6822047244094492E+01        3   8.2968750000000008E-02   2.0804410081296325E+01
     101   8.6822047244094492E+01        4   1.2195312500000001E-01   1.3592361940193149E+01
     101   8.6822047244094492E+01        5   1.6093750000000001E-01   1.6587894561520773E+01
     101   8.6822047244094492E+01        6   1.9992187500000000E-01   1.7133571572097114E+01
     101   8.6822047244094492E+01        7   2.3890625000000001E-01   1.4214948856175182E+01
     101   8.6822047244094492E+01        8   2.7789062500000000E-01   1.4315630593480666E+01
     101   8.6822047244094492E+01        9   3.1687500000000002E-01   1.1377993343006292E+01
     101   8.6822047244094492E+01       10   3.5585937500000003E-01   7.8918755907607743E+00
     101   8.6822047244094492E+01       11   3.9484374999999999E-01   6.5570730724492199E+00
     101   8.6822047244094492E+01       12   4.3382812500000001E-01   2.6838003249101101E+00
     101   8.6822047244094492E+01       13   4.7281250000000002E-01   3.9272197413401422E+00
     101   8.6822047244094492E+01       14   5.1179687500000004E-01   3.4167253381532641E+00
     101   8.6822047244094492E+01       15   5.5078125000000000E-01   4.1569067000429900E+00
     101   8.6822047244094492E+01       16   5.8976562500000007E-01   5.4835250718941966E+00
     101   8.6822047244094492E+01       17   6.2875000000000003E-01   5.8436502838756397E+00
     101   8.6822047244094492E+01       18   6.6773437499999999E-01   5.0725937992623731E+00
     101   8.6822047244094492E+01       19   7.0671875000000006E-01   2.9819478261115973E+00
     101   8.6822047244094492E+01       20   7.4570312500000002E-01   9.1230237158848315E-01
     101   8.6822047244094492E+01       21   7.8468749999999998E-01   3.3546886442417068E-01
     101   8.6822047244094492E+01       22   8.2367187500000005E-01   2.0723727036625961E-01
     101   8.6822047244094492E+01       23   8.6265625000000001E-01   2.1646578808382885E-01
     101   8.6822047244094492E+01       24   9.0164062500000008E-01   4.2073514885872043E-01
     101   8.6822047244094492E+01       25   9.4062500000000004E-01   5.1172235508314845E-01
     101   8.6822047244094492E+01       26   9.7960937500000000E-01   2.0095231084845133E-01
     101   8.6822047244094492E+01       27   1.0185937500000000E+00   8.7566451454985872E-02
     101   8.6822047244094492E+01       28   1.0575781250000000E+00   1.2824386352168915E-01
     101   8.6822047244094492E+01       29   1.0965625000000001E+00   8.7571756620156732E-02
     101   8.6822047244094492E+01       30   1.1355468750000000E+00   1.5561797634716615E-01
     101   8.6822047244094492E+01       31   1.1745312500000000E+00   4.7325810712729822E-02
     101   8.6822047244094492E+01       32   1.2135156250000001E+00   7.0210658947647803E-02
     101   8.6822047244094492E+01       33   1.2524999999999999E+00   4.7806313100696690E-02
     101   8.6822047244094492E+01       34   1.2914843750000000E+00   3.0496213953876566E-02
     101   8.6822047244094492E+01       35   1.3304687500000001E+00   2.9662134299322698E-02
     101   8.6822047244094492E+01       36   1.3694531250000002E+00   3.2703576951207833E-02
     101   8.6822047244094492E+01       37   1.4084375000000000E+00   9.1704961329369377E-03
     101   8.6822047244094492E+01       38   1.4474218750000001E+00   1.9557815353718908E-02
     101   8.6822047244094492E+01       39   1.4864062500000002E+00   1.1390997518749751E-02
     101   8.6822047244094492E+01       40   1.5253906250000000E+00   5.2772727756060719E-03
     101   8.6822047244094492E+01       41   1.5643750000000001E+00   8.6251142571464965E-03
     101   8.6822047244094492E+01       42   1.6033593750000001E+00   4.0409877745328825E-03
     101   8.6822047244094492E+01       43   1.6423437500000000E+00   6.7064320652722225E-03
     101   8.6822047244094492E+01       44   1.6813281250000001E+00   8.8369846498627357E-03
     101   8.6822047244094492E+01       45   1.7203125000000001E+00   6.0277398844849938E-03
     101   8.6822047244094492E+01       46   1.7592968750000000E+00   2.0926476634163982E-03
     101   8.6822047244094492E+01       47   1.7982812500000001E+00   3.4667535454081621E-03
     101   8.6822047244094492E+01       48   1.8372656250000001E+00   1.4979877279671650E-03
     101   8.6822047244094492E+01       49   1.8762500000000000E+00   3.2894258183476539E-03
     101   8.6822047244094492E+01       50   1.9152343750000000E+00   5.0819561244739471E-03
     101   8.6822047244094492E+01       51   1.9542187500000001E+00   4.3374489636031398E-03
     101   8.6822047244094492E+01       52   1.9932031250000002E+00   3.8962270657481456E-03
     101   8.6822047244094492E+01       53   2.0321875000000000E+00   3.8977380995643355E-03
     101   8.6822047244094492E+01       54   2.0711718750000001E+00   3.0128968276308507E-03
     101   8.6822047244094492E+01       55   2.1101562500000002E+00   5.1721041832665385E-03
     101   8.6822047244094492E+01       56   2.1491406250000002E+00   3.2501561316210467E-03
     101   8.6822047244094492E+01       57   2.1881249999999999E+00   4.0060495996043907E-03
     101   8.6822047244094492E+01       58   2.2271093749999999E+00   1.7251093135532522E-03
     101   8.6822047244094492E+01       59   2.2660937500000000E+00   3.2072724780085288E-03
     101   8.6822047244094492E+01       60   2.3050781250000001E+00   2.3522962777576782E-03
     101   8.6822047244094492E+01       61   2.3440625000000002E+00   6.8667789207559893E-03
     101   8.6822047244094492E+01       62   2.3830468750000002E+00   6.3528799938631754E-03
     101   8.6822047244094492E+01       63   2.4220312500000003E+00   3.8199970084176835E-03
     101   8.6822047244094492E+01       64   2.4610156249999999E+00   7.3670985646676138E-03
 
     102   8.7690267716535431E+01        1   5.0000000000000001E-03   6.4070984570326777E+02
     102   8.7690267716535431E+01        2   4.3984374999999999E-02   5.5635306041729834E+01
     102   8.7690267716535431E+01        3   8.2968750000000008E-02   2.1754111185284724E+01
     102   8.7690267716535431E+01        4   1.2195312500000001E-01   1.4167097875098198E+01
     102   8.7690267716535431E+01        5   1.6093750000000001E-01   1.6622798113373101E+01
     102   8.7690267716535431E+01        6   1.9992187500000000E-01   1.6732414758473450E+01
     102   8.7690267716535431E+01        7   2.3890625000000001E-01   1.4058813663702296E+01
     102   8.7690267716535431E+01        8   2.7789062500000000E-01   1.4478440906695319E+01
     102   8.7690267716535431E+01        9   3.1687500000000002E-01   1.1180068489596584E+01
     102   8.7690267716535431E+01       10   3.5585937500000003E-01   7.9269282900638549E+00
     102   8.7690267716535431E+01       11   3.9484374999999999E-01   6.5312009900839287E+00
     102   8.7690267716535431E+01       12   4.3382812500000001E-01   2.6401209102035672E+00
     102   8.7690267716535431E+01       13   4.7281250000000002E-01   3.9854079948864323E+00
     102   8.7690267716535431E+01       14   5.1179687500000004E-01   3.3054953423922258E+00
     102   8.7690267716535431E+01       15   5.5078125000000000E-01   4.0455443751122511E+00
     102   8.7690267716535431E+01       16   5.8976562500000007E-01   5.2397817952043075E+00
     102   8.7690267716535431E+01       17   6.2875000000000003E-01   5.6818310471304301E+00
     102   8.7690267716535431E+01       18   6.6773437499999999E-01   5.0415849540565478E+00
     102   8.7690267716535431E+01       19   7.0671875000000006E-01   2.9757104705395618E+00
     102   8.7690267716535431E+01       20   7.4570312500000002E-01   9.7239622744624576E-01
     102   8.7690267716535431E+01       21   7.8468749999999998E-01   3.6720361319042133E-01
     102   8.7690267716535431E+01       22   8.2367187500000005E-01   1.8301864406809018E-01
     102   8.7690267716535431E+01       23   8.6265625000000001E-01   2.2873633588999903E-01
     102   8.7690267716535431E+01       24   9.0164062500000008E-01   4.4199643871883615E-01
     102   8.7690267716535431E+01       25   9.4062500000000004E-01   4.7763240064644003E-01
     102   8.7690267716535431E+01       26   9.7960937500000000E-01   1.9152700188449209E-01
     102   8.7690267716535431E+01       27   1.0185937500000000E+00   9.9192463791885607E-02
     102   8.7690267716535431E+01       28   1.0575781250000000E+00   1.0552561147686779E-01
     102   8.7690267716535431E+01       29   1.0965625000000001E+00   9.9799897884436189E-02
     102   8.7690267716535431E+01       30   1.1355468750000000E+00   1.5976657000700525E-01
     102   8.7690267716535431E+01       31   1.1745312500000000E+00   5.1792012334793455E-02
     102   8.7690267716535431E+01       32   1.2135156250000001E+00   7.2026983531256694E-02
     102   8.7690267716535431E+01       33   1.2524999999999999E+00   4.7906459854182661E-02
     102   8.7690267716535431E+01       34   1.2914843750000000E+00   3.4834407203391392E-02
     102   8.7690267716535431E+01       35   1.3304687500000001E+00   3.0716954399463006E-02
     102   8.7690267716535431E+01       36   1.3694531250000002E+00   3.6564240004815236E-02
     102   8.7690267716535431E+01       37   1.4084375000000000E+00   9.9108547934594147E-03
     102   8.7690267716535431E+01       38   1.4474218750000001E+00   1.9801546882899403E-02
     102   8.7690267716535431E+01       39   1.4864062500000002E+00   1.1922604578490802E-02
     102   8.7690267716535431E+01       40   1.5253906250000000E+00   5.1329857947478574E-03
     102   8.7690267716535431E+01       41   1.5643750000000001E+00   8.7655555642181526E-03
     102   8.7690267716535431E+01       42   1.6033593750000001E+00   4.0254595808307215E-03
     102   8.7690267716535431E+01       43   1.6423437500000000E+00   6.6916366871386948E-03
     102   8.7690267716535431E+01       44   1.6813281250000001E+00   7.8925163833934563E-03
     102   8.7690267716535431E+01       45   1.7203125000000001E+00   6.2556174650742324E-03
     102   8.7690267716535431E+01       46   1.7592968750000000E+00   1.8904124751128828E-03
     102   8.7690267716535431E+01       47   1.7982812500000001E+00   3.1465407348009074E-03
     102   8.7690267716535431E+01       48   1.8372656250000001E+00   1.8306198976380905E-03
     102   8.7690267716535431E+01       49   1.8762500000000000E+00   3.0049016331261075E-03
     102   8.7690267716535431E+01       50   1.9152343750000000E+00   4.7681199796033779E-03
     102   8.7690267716535431E+01       51   1.9542187500000001E+00   4.5693986399576595E-03
     102   8.7690267716535431E+01       52   1.9932031250000002E+00   3.7110445993545683E-03
     102   8.7690267716535431E+01       53   2.0321875000000000E+00   3.7915446289788486E-03
     102   8.7690267716535431E+01       54   2.0711718750000001E+00   3.1824174992478916E-03
     102   8.7690267716535431E+01       55   2.1101562500000002E+00   5.1940092299300987E-03
     102   8.7690267716535431E+01       56   2.1491406250000002E+00   3.0146288006730215E-03
     102   8.7690267716535431E+01       57   2.1881249999999999E+00   3.6421196139471684E-03
     102   8.7690267716535431E+01       58   2.2271093749999999E+00   1.6618016845543636E-03
     102   8.7690267716535431E+01       59   2.2660937500000000E+00   3.2544465514636098E-03
     102   8.7690267716535431E+01       60   2.3050781250000001E+00   2.4590509454699744E-03
     102   8.7690267716535431E+01       61   2.3440625000000002E+00   6.9526313545872995E-03
     102   8.7690267716535431E+01       62   2.3830468750000002E+00   6.2672142823402806E-03
     102   8.7690267716535431E+01       63   2.4220312500000003E+00   3.7142621177658807E-03
     102   8.7690267716535431E+01       64   2.4610156249999999E+00   7.0945378153144580E-03
 
     103   8.8558488188976384E+01        1   5.0000000000000001E-03   6.6466163720867928E+02
     103   8.8558488188976384E+01        2   4.3984374999999999E-02   5.7722692677036690E+01
     103   8.8558488188976384E+01        3   8.2968750000000008E-02   2.2590963556684983E+01
     103   8.8558488188976384E+01        4   1.2195312500000001E-01   1.4497968722032708E+01
     103   8.8558488188976384E+01        5   1.6093750000000001E-01   1.6339239415021126E+01
     103   8.8558488188976384E+01        6   1.9992187500000000E-01   1.6152808015370663E+01
     103   8.8558488188976384E+01        7   2.3890625000000001E-01   1.3852580799474874E+01
     103   8.8558488188976384E+01        8   2.7789062500000000E-01   1.4441092879427664E+01
     103   8.8558488188976384E+01        9   3.1687500000000002E-01   1.0796938143063596E+01
     103   8.8558488188976384E+01       10   3.5585937500000003E-01   7.9056395274867182E+00
     103   8.8558488188976384E+01       11   3.9484374999999999E-01   6.3497503915480946E+00
     103   8.8558488188976384E+01       12   4.3382812500000001E-01   2.5865396963011489E+00
     103   8.8558488188976384E+01       13   4.7281250000000002E-01   3.9194202207607209E+00
     103   8.8558488188976384E+01       14   5.1179687500000004E-01   3.1464655626308407E+00
     103   8.8558488188976384E+01       15   5.5078125000000000E-01   3.8860350512703739E+00
     103   8.8558488188976384E+01       16   5.8976562500000007E-01   5.0714874490450566E+00
     103   8.8558488188976384E+01       17   6.2875000000000003E-01   5.5908064321881685E+00
     103   8.8558488188976384E+01       18   6.6773437499999999E-01   5.1228128426338078E+00
     103   8.8558488188976384E+01       19   7.0671875000000006E-01   3.0219729412198966E+00
     103   8.8558488188976384E+01       20   7.4570312500000002E-01   1.0116133255054309E+00
     103   8.8558488188976384E+01       21   7.8468749999999998E-01   3.9151619813425864E-01
     103   8.8558488188976384E+01       22   8.2367187500000005E-01   1.6122310271963028E-01
     103   8.8558488188976384E+01       23   8.6265625000000001E-01   2.2566608369014365E-01
     103   8.8558488188976384E+01       24   9.0164062500000008E-01   4.2986285193385798E-01
     103   8.8558488188976384E+01       25   9.4062500000000004E-01   4.4181519985767553E-01
     103   8.8558488188976384E+01       26   9.7960937500000000E-01   2.1595188555088193E-01
     103   8.8558488188976384E+01       27   1.0185937500000000E+00   1.1164224425762716E-01
     103   8.8558488188976384E+01       28   1.0575781250000000E+00   8.6828909976292903E-02
     103   8.8558488188976384E+01       29   1.0965625000000001E+00   1.1792949825956510E-01
     103   8.8558488188976384E+01       30   1.1355468750000000E+00   1.3620380473334470E-01
     103   8.8558488188976384E+01       31   1.1745312500000000E+00   6.6324736103412996E-02
     103   8.8558488188976384E+01       32   1.2135156250000001E+00   6.3838624929114990E-02
     103   8.8558488188976384E+01       33   1.2524999999999999E+00   5.2313738551077293E-02
     103   8.8558488188976384E+01       34   1.2914843750000000E+00   3.5012486787667670E-02
     103   8.8558488188976384E+01       35   1.3304687500000001E+00   3.0209151109478184E-02
     103   8.8558488188976384E+01       36   1.3694531250000002E+00   3.7978041291382908E-02
     103   8.8558488188976384E+01       37   1.4084375000000000E+00   1.0463712177105991E-02
     103   8.8558488188976384E+01       38   1.4474218750000001E+00   1.8105345528623012E-02
     103   8.8558488188976384E+01       39   1.4864062500000002E+00   1.1823393771724004E-02
     103   8.8558488188976384E+01       40   1.5253906250000000E+00   5.1795409720422035E-03
     103   8.8558488188976384E+01       41   1.5643750000000001E+00   8.7116002599626104E-03
     103   8.8558488188976384E+01       42   1.6033593750000001E+00   3.8583840804182435E-03
     103   8.8558488188976384E+01       43   1.6423437500000000E+00   5.9440553750163758E-03
     103   8.8558488188976384E+01       44   1.6813281250000001E+00   7.7576725341166721E-03
     103   8.8558488188976384E+01       45   1.7203125000000001E+00   5.3520150889261389E-03
     103   8.8558488188976384E+01       46   1.7592968750000000E+00   1.6804862059672313E-03
     103   8.8558488188976384E+01       47   1.7982812500000001E+00   3.2482631575973301E-03
     103   8.8558488188976384E+01       48   1.8372656250000001E+00   1.9888041833285787E-03
     103   8.8558488188976384E+01       49   1.8762500000000000E+00   3.1373533769044394E-03
     103   8.8558488188976384E+01       50   1.9152343750000000E+00   4.1910860506112931E-03
     103   8.8558488188976384E+01       51   1.9542187500000001E+00   4.5607425174903245E-03
     103   8.8558488188976384E+01       52   1.9932031250000002E+00   3.9663411991509483E-03
     103   8.8558488188976384E+01       53   2.0321875000000000E+00   4.0623672530301237E-03
     103   8.8558488188976384E+01       54   2.0711718750000001E+00   3.0817800402929197E-03
     103   8.8558488188976384E+01       55   2.1101562500000002E+00   4.9557249202782719E-03
     103   8.8558488188976384E+01       56   2.1491406250000002E+00   2.7033217101707888E-03
     103   8.8558488188976384E+01       57   2.1881249999999999E+00   3.4174603095280870E-03
     103   8.8558488188976384E+01       58   2.2271093749999999E+00   1.6712420591449399E-03
     103   8.8558488188976384E+01       59   2.2660937500000000E+00   3.4229018879457598E-03
     103   8.8558488188976384E+01       60   2.3050781250000001E+00   2.5972059108508062E-03
     103   8.8558488188976384E+01       61   2.3440625000000002E+00   7.0993001867381798E-03
     103   8.8558488188976384E+01       62   2.3830468750000002E+00   6.0880316371158269E-03
     103   8.8558488188976384E+01       63   2.4220312500000003E+00   3.4520885534716286E-03
     103   8.8558488188976384E+01       64   2.4610156249999999E+00   6.8529071184619686E-03
 
     104   8.9426708661417322E+01        1   5.0000000000000001E-03   6.8078017566415315E+02
     104   8.9426708661417322E+01        2   4.3984374999999999E-02   5.9299302766733291E+01
     104   8.9426708661417322E+01        3   8.2968750000000008E-02   2.3193571948756059E+01
     104   8.9426708661417322E+01        4   1.2195312500000001E-01   1.4548532091790182E+01
     104   8.9426708661417322E+01        5   1.6093750000000001E-01   1.5798406556418396E+01
     104   8.9426708661417322E+01        6   1.9992187500000000E-01   1.5512034882909820E+01
     104   8.9426708661417322E+01        7   2.3890625000000001E-01   1.3654017238109464E+01
     104   8.9426708661417322E+01        8   2.7789062500000000E-01   1.4221947945428818E+01
     104   8.9426708661417322E+01        9   3.1687500000000002E-01   1.0301308333215234E+01
     104   8.9426708661417322E+01       10   3.5585937500000003E-01   7.8359501846214519E+00
     104   8.9426708661417322E+01       11   3.9484374999999999E-01   6.0508372803704304E+00
     104   8.9426708661417322E+01       12   4.3382812500000001E-01   2.5381250634764840E+00
     104   8.9426708661417322E+01       13   4.7281250000000002E-01   3.7443183137040359E+00
     104   8.9426708661417322E+01       14   5.1179687500000004E-01   2.9841967012934529E+00
     104   8.9426708661417322E+01       15   5.5078125000000000E-01   3.7210950450956561E+00
     104   8.9426708661417322E+01       16   5.8976562500000007E-01   5.0331368993992367E+00
     104   8.9426708661417322E+01       17   6.2875000000000003E-01   5.6001114562801417E+00
     104   8.9426708661417322E+01       18   6.6773437499999999E-01   5.2813822298313662E+00
     104   8.9426708661417322E+01       19   7.0671875000000006E-01   3.0995515861716245E+00
     104   8.9426708661417322E+01       20   7.4570312500000002E-01   1.0113963243996793E+00
     104   8.9426708661417322E+01       21   7.8468749999999998E-01   3.9749327363494757E-01
     104   8.9426708661417322E+01       22   8.2367187500000005E-01   1.5241663879380374E-01
     104   8.9426708661417322E+01       23   8.6265625000000001E-01   2.0822627670499216E-01
     104   8.9426708661417322E+01       24   9.0164062500000008E-01   3.9325885903906049E-01
     104   8.9426708661417322E+01       25   9.4062500000000004E-01   4.2619301816562893E-01
     104   8.9426708661417322E+01       26   9.7960937500000000E-01   2.5616151038757179E-01
     104   8.9426708661417322E+01       27   1.0185937500000000E+00   1.1782314514382156E-01
     104   8.9426708661417322E+01       28   1.0575781250000000E+00   8.3447298786204674E-02
     104   8.9426708661417322E+01       29   1.0965625000000001E+00   1.2739152794035630E-01
     104   8.9426708661417322E+01       30   1.1355468750000000E+00   1.0438608428712817E-01
     104   8.9426708661417322E+01       31   1.1745312500000000E+00   7.6299825561915488E-02
     104   8.9426708661417322E+01       32   1.2135156250000001E+00   5.4565777012586504E-02
     104   8.9426708661417322E+01       33   1.2524999999999999E+00   5.6131489724539588E-02
     104   8.9426708661417322E+01       34   1.2914843750000000E+00   3.1336301569956364E-02
     104   8.9426708661417322E+01       35   1.3304687500000001E+00   2.8654147608765158E-02
     104   8.9426708661417322E+01       36   1.3694531250000002E+00   3.6425877141955436E-02
     104   8.9426708661417322E+01       37   1.4084375000000000E+00   1.0332327356330970E-02
     104   8.9426708661417322E+01       38   1.4474218750000001E+00   1.7596093961181995E-02
     104   8.9426708661417322E+01       39   1.4864062500000002E+00   1.1475257303239743E-02
     104   8.9426708661417322E+01       40   1.5253906250000000E+00   5.3382397631845501E-03
     104   8.9426708661417322E+01       41   1.5643750000000001E+00   8.5442638009363796E-03
     104   8.9426708661417322E+01       42   1.6033593750000001E+00   3.9683303741573578E-03
     104   8.9426708661417322E+01       43   1.6423437500000000E+00   5.0724403894373618E-03
     104   8.9426708661417322E+01       44   1.6813281250000001E+00   8.3037404410552986E-03
     104   8.9426708661417322E+01       45   1.7203125000000001E+00   4.4443315345947219E-03
     104   8.9426708661417322E+01       46   1.7592968750000000E+00   1.6650769332889029E-03
     104   8.9426708661417322E+01       47   1.7982812500000001E+00   3.8806572002003719E-03
     104   8.9426708661417322E+01       48   1.8372656250000001E+00   1.7887400413132701E-03
     104   8.9426708661417322E+01       49   1.8762500000000000E+00   3.7204610552420817E-03
     104   8.9426708661417322E+01       50   1.9152343750000000E+00   3.6696922102661261E-03
     104   8.9426708661417322E+01       51   1.9542187500000001E+00   4.3061516867800844E-03
     104   8.9426708661417322E+01       52   1.9932031250000002E+00   4.5426749982365325E-03
     104   8.9426708661417322E+01       53   2.0321875000000000E+00   4.4319572588828581E-03
     104   8.9426708661417322E+01       54   2.0711718750000001E+00   2.7657938794171896E-03
     104   8.9426708661417322E+01       55   2.1101562500000002E+00   4.6039496569057377E-03
     104   8.9426708661417322E+01       56   2.1491406250000002E+00   2.5303546121676168E-03
     104   8.9426708661417322E+01       57   2.1881249999999999E+00   3.4512385309452866E-03
     104   8.9426708661417322E+01       58   2.2271093749999999E+00   1.7443913243811006E-03
     104   8.9426708661417322E+01       59   2.2660937500000000E+00   3.6659154445525355E-03
     104   8.9426708661417322E+01       60   2.3050781250000001E+00   2.7201878619170557E-03
     104   8.9426708661417322E+01       61   2.3440625000000002E+00   7.2593602619444664E-03
     104   8.9426708661417322E+01       62   2.3830468750000002E+00   5.9272742760458838E-03
     104   8.9426708661417322E+01       63   2.4220312500000003E+00   3.1760715704928374E-03
     104   8.9426708661417322E+01       64   2.4610156249999999E+00   6.7144841544093210E-03
 
     105   9.0294929133858275E+01        1   5.0000000000000001E-03   6.8758843871564568E+02
     105   9.0294929133858275E+01        2   4.3984374999999999E-02   6.0185426722453222E+01
     105   9.0294929133858275E+01        3   8.2968750000000008E-02   2.3493894864049935E+01
     105   9.0294929133858275E+01        4   1.2195312500000001E-01   1.4334249176978370E+01
     105   9.0294929133858275E+01        5   1.6093750000000001E-01   1.5103637044124458E+01
     105   9.0294929133858275E+01        6   1.9992187500000000E-01   1.4928574470792665E+01
     105   9.0294929133858275E+01        7   2.3890625000000001E-01   1.3513990225154549E+01
     105   9.0294929133858275E+01        8   2.7789062500000000E-01   1.3872989561666047E+01
     105   9.0294929133858275E+01        9   3.1687500000000002E-01   9.7910083170064350E+00
     105   9.0294929133858275E+01       10   3.5585937500000003E-01   7.7416385860701347E+00
     105   9.0294929133858275E+01       11   3.9484374999999999E-01   5.6990581589536875E+00
     105   9.0294929133858275E+01       12   4.3382812500000001E-01   2.5077136489816776E+00
     105   9.0294929133858275E+01       13   4.7281250000000002E-01   3.5047939362678613E+00
     105   9.0294929133858275E+01       14   5.1179687500000004E-01   2.8653210448860746E+00
     105   9.0294929133858275E+01       15   5.5078125000000000E-01   3.6007638420589503E+00
     105   9.0294929133858275E+01       16   5.8976562500000007E-01   5.1384180410140896E+00
     105   9.0294929133858275E+01       17   6.2875000000000003E-01   5.7028392939636312E+00
     105   9.0294929133858275E+01       18   6.6773437499999999E-01   5.4513797516784592E+00
     105   9.0294929133858275E+01       19   7.0671875000000006E-01   3.1713918938369474E+00
     105   9.0294929133858275E+01       20   7.4570312500000002E-01   9.7004808944605414E-01
     105   9.0294929133858275E+01       21   7.8468749999999998E-01   3.8348223691718120E-01
     105   9.0294929133858275E+01       22   8.2367187500000005E-01   1.6054728341659799E-01
     105   9.0294929133858275E+01       23   8.6265625000000001E-01   1.8534128646200648E-01
     105   9.0294929133858275E+01       24   9.0164062500000008E-01   3.5484713333266305E-01
     105   9.0294929133858275E+01       25   9.4062500000000004E-01   4.3758893273927801E-01
     105   9.0294929133858275E+01       26   9.7960937500000000E-01   2.8421627675443634E-01
     105   9.0294929133858275E+01       27   1.0185937500000000E+00   1.1612722374558572E-01
     105   9.0294929133858275E+01       28   1.0575781250000000E+00   9.4887855024150092E-02
     105   9.0294929133858275E+01       29   1.0965625000000001E+00   1.2308849748144454E-01
     105   9.0294929133858275E+01       30   1.1355468750000000E+00   8.8774568775117219E-02
     105   9.0294929133858275E+01       31   1.1745312500000000E+00   7.2122042172455728E-02
     105   9.0294929133858275E+01       32   1.2135156250000001E+00   5.2433997386884278E-02
     105   9.0294929133858275E+01       33   1.2524999999999999E+00   5.5907621379404381E-02
     105   9.0294929133858275E+01       34   1.2914843750000000E+00   2.7568725285408841E-02
     105   9.0294929133858275E+01       35   1.3304687500000001E+00   2.7508329036738707E-02
     105   9.0294929133858275E+01       36   1.3694531250000002E+00   3.4044271952346078E-02
     105   9.0294929133858275E+01       37   1.4084375000000000E+00   9.7464795464278862E-03
     105   9.0294929133858275E+01       38   1.4474218750000001E+00   1.9218440683600308E-02
     105   9.0294929133858275E+01       39   1.4864062500000002E+00   1.1393340817773814E-02
     105   9.0294929133858275E+01       40   1.5253906250000000E+00   5.2390135090100267E-03
     105   9.0294929133858275E+01       41   1.5643750000000001E+00   8.3164730299853575E-03
     105   9.0294929133858275E+01       42   1.6033593750000001E+00   4.3072717968616839E-03
     105   9.0294929133858275E+01       43   1.6423437500000000E+00   5.1075895782337300E-03
     105   9.0294929133858275E+01       44   1.6813281250000001E+00   8.6299914105663015E-03
     105   9.0294929133858275E+01       45   1.7203125000000001E+00   4.4968365920217022E-03
     105   9.0294929133858275E+01       46   1.7592968750000000E+00   1.8374033601648667E-03
     105   9.0294929133858275E+01       47   1.7982812500000001E+00   4.2688530912759846E-03
     105   9.0294929133858275E+01       48   1.8372656250000001E+00   1.4599562923427050E-03
     105   9.0294929133858275E+01       49   1.8762500000000000E+00   4.2198149154779371E-03
     105   9.0294929133858275E+01       50   1.9152343750000000E+00   3.6745918338403584E-03
     105   9.0294929133858275E+01       51   1.9542187500000001E+00   4.0234493622946475E-03
     105   9.0294929133858275E+01       52   1.9932031250000002E+00   4.9484990281833726E-03
     105   9.0294929133858275E+01       53   2.0321875000000000E+00   4.6938605654362813E-03
     105   9.0294929133858275E+01       54   2.0711718750000001E+00   2.4486548569419044E-03
     105   9.0294929133858275E+01       55   2.1101562500000002E+00   4.3159661631721885E-03
     105   9.0294929133858275E+01       56   2.1491406250000002E+00   2.5896209970331864E-03
     105   9.0294929133858275E+01       57   2.1881249999999999E+00   3.6768885298273189E-03
     105   9.0294929133858275E+01       58   2.2271093749999999E+00   1.8501440611850648E-03
     105   9.0294929133858275E+01       59   2.2660937500000000E+00   3.8551895278640968E-03
     105   9.0294929133858275E+01       60   2.3050781250000001E+00   2.7583940116041577E-03
     105   9.0294929133858275E+01       61   2.3440625000000002E+00   7.3237612070620609E-03
     105   9.0294929133858275E+01       62   2.3830468750000002E+00   5.7772665974075779E-03
     105   9.0294929133858275E+01       63   2.4220312500000003E+00   2.9511828600777860E-03
     105   9.0294929133858275E+01       64   2.4610156249999999E+00   6.7037583779681860E-03
 
     106   9.1163149606299214E+01        1   5.0000000000000001E-03   6.8527253840923663E+02
     106   9.1163149606299214E+01        2   4.3984374999999999E-02   6.0342627868590426E+01
     106   9.1163149606299214E+01        3   8.2968750000000008E-02   2.3483369427477811E+01
     106   9.1163149606299214E+01        4   1.2195312500000001E-01   1.3912438807347018E+01
     106   9.1163149606299214E+01        5   1.6093750000000001E-01   1.4380767580761342E+01
     106   9.1163149606299214E+01        6   1.9992187500000000E-01   1.4504416306913265E+01
     106   9.1163149606299214E+01        7   2.3890625000000001E-01   1.3471104143825784E+01
     106   9.1163149606299214E+01        8   2.7789062500000000E-01   1.3465765776248118E+01
     106   9.1163149606299214E+01        9   3.1687500000000002E-01   9.3643206135774086E+00
     106   9.1163149606299214E+01       10   3.5585937500000003E-01   7.6562026847827749E+00
     106   9.1163149606299214E+01       11   3.9484374999999999E-01   5.3722386759418690E+00
     106   9.1163149606299214E+01       12   4.3382812500000001E-01   2.5050905635504939E+00
     106   9.1163149606299214E+01       13   4.7281250000000002E-01   3.2611106665069305E+00
     106   9.1163149606299214E+01       14   5.1179687500000004E-01   2.8244659392780855E+00
     106   9.1163149606299214E+01       15   5.5078125000000000E-01   3.5618640778253186E+00
     106   9.1163149606299214E+01       16   5.8976562500000007E-01   5.3520879961287955E+00
     106   9.1163149606299214E+01       17   6.2875000000000003E-01   5.8540486959274398E+00
     106   9.1163149606299214E+01       18   6.6773437499999999E-01   5.5601953775879851E+00
     106   9.1163149606299214E+01       19   7.0671875000000006E-01   3.2034725706454847E+00
     106   9.1163149606299214E+01       20   7.4570312500000002E-01   9.0489637652257127E-01
     106   9.1163149606299214E+01       21   7.8468749999999998E-01   3.5741501469553549E-01
     106   9.1163149606299214E+01       22   8.2367187500000005E-01   1.8138165729219050E-01
     106   9.1163149606299214E+01       23   8.6265625000000001E-01   1.6923114833025468E-01
     106   9.1163149606299214E+01       24   9.0164062500000008E-01   3.3631253740355643E-01
     106   9.1163149606299214E+01       25   9.4062500000000004E-01   4.6274239916789200E-01
     106   9.1163149606299214E+01       26   9.7960937500000000E-01   2.8223571082724147E-01
     106   9.1163149606299214E+01       27   1.0185937500000000E+00   1.1089796498537273E-01
     106   9.1163149606299214E+01       28   1.0575781250000000E+00   1.1038053967283547E-01
     106   9.1163149606299214E+01       29   1.0965625000000001E+00   1.1199532631609457E-01
     106   9.1163149606299214E+01       30   1.1355468750000000E+00   9.8664951990241459E-02
     106   9.1163149606299214E+01       31   1.1745312500000000E+00   5.8094209076458424E-02
     106   9.1163149606299214E+01       32   1.2135156250000001E+00   5.8242257673503543E-02
     106   9.1163149606299214E+01       33   1.2524999999999999E+00   5.2903059869925266E-02
     106   9.1163149606299214E+01       34   1.2914843750000000E+00   2.6846191765926210E-02
     106   9.1163149606299214E+01       35   1.3304687500000001E+00   2.7459135592543329E-02
     106   9.1163149606299214E+01       36   1.3694531250000002E+00   3.2254789108578659E-02
     106   9.1163149606299214E+01       37   1.4084375000000000E+00   9.3310158228484506E-03
     106   9.1163149606299214E+01       38   1.4474218750000001E+00   2.0040437808334519E-02
     106   9.1163149606299214E+01       39   1.4864062500000002E+00   1.1660739008252921E-02
     106   9.1163149606299214E+01       40   1.5253906250000000E+00   4.9783232431364318E-03
     106   9.1163149606299214E+01       41   1.5643750000000001E+00   8.4136030085775419E-03
     106   9.1163149606299214E+01       42   1.6033593750000001E+00   4.4007980742677370E-03
     106   9.1163149606299214E+01       43   1.6423437500000000E+00   6.1977079979339449E-03
     106   9.1163149606299214E+01       44   1.6813281250000001E+00   8.2221322440276402E-03
     106   9.1163149606299214E+01       45   1.7203125000000001E+00   5.1057362003915996E-03
     106   9.1163149606299214E+01       46   1.7592968750000000E+00   1.8539949301606508E-03
     106   9.1163149606299214E+01       47   1.7982812500000001E+00   4.0577009878355547E-03
     106   9.1163149606299214E+01       48   1.8372656250000001E+00   1.4402386735370926E-03
     106   9.1163149606299214E+01       49   1.8762500000000000E+00   4.1624459671954885E-03
     106   9.1163149606299214E+01       50   1.9152343750000000E+00   4.3383746886127752E-03
     106   9.1163149606299214E+01       51   1.9542187500000001E+00   3.9580898830648805E-03
     106   9.1163149606299214E+01       52   1.9932031250000002E+00   4.8695530413765068E-03
     106   9.1163149606299214E+01       53   2.0321875000000000E+00   4.6820276545305470E-03
     106   9.1163149606299214E+01       54   2.0711718750000001E+00   2.3398181602182952E-03
     106   9.1163149606299214E+01       55   2.1101562500000002E+00   4.2655920420746670E-03
     106   9.1163149606299214E+01       56   2.1491406250000002E+00   2.7269977209122037E-03
     106   9.1163149606299214E+01       57   2.1881249999999999E+00   3.9760223765364930E-03
     106   9.1163149606299214E+01       58   2.2271093749999999E+00   1.9633976997843424E-03
     106   9.1163149606299214E+01       59   2.2660937500000000E+00   3.9274543624738751E-03
     106   9.1163149606299214E+01       60   2.3050781250000001E+00   2.7151702893607006E-03
     106   9.1163149606299214E+01       61   2.3440625000000002E+00   7.3094041087807850E-03
     106   9.1163149606299214E+01       62   2.3830468750000002E+00   5.7082734225540974E-03
     106   9.1163149606299214E+01       63   2.4220312500000003E+00   2.8645161869457758E-03
     106   9.1163149606299214E+01       64   2.4610156249999999E+00   6.8242480671288144E-03
 
     107   9.2031370078740167E+01        1   5.0000000000000001E-03   6.7525835980192596E+02
     107   9.2031370078740167E+01        2   4.3984374999999999E-02   5.9846578814205174E+01
     107   9.2031370078740167E+01        3   8.2968750000000008E-02   2.3203144277817582E+01
     107   9.2031370078740167E+01        4   1.2195312500000001E-01   1.3366105013596126E+01
     107   9.2031370078740167E+01        5   1.6093750000000001E-01   1.3747551456375245E+01
     107   9.2031370078740167E+01        6   1.9992187500000000E-01   1.4306864080830644E+01
     107   9.2031370078740167E+01        7   2.3890625000000001E-01   1.3543065394539500E+01
     107   9.2031370078740167E+01        8   2.7789062500000000E-01   1.3075559766637554E+01
     107   9.2031370078740167E+01        9   3.1687500000000002E-01   9.0987134000554590E+00
     107   9.2031370078740167E+01       10   3.5585937500000003E-01   7.6090982438158852E+00
     107   9.2031370078740167E+01       11   3.9484374999999999E-01   5.1404923283747515E+00
     107   9.2031370078740167E+01       12   4.3382812500000001E-01   2.5344600095761871E+00
     107   9.2031370078740167E+01       13   4.7281250000000002E-01   3.0717348376312059E+00
     107   9.2031370078740167E+01       14   5.1179687500000004E-01   2.8735119546140746E+00
     107   9.2031370078740167E+01       15   5.5078125000000000E-01   3.6117527580852000E+00
     107   9.2031370078740167E+01       16   5.8976562500000007E-01   5.5968820640697112E+00
     107   9.2031370078740167E+01       17   6.2875000000000003E-01   5.9852810885895718E+00
     107   9.2031370078740167E+01       18   6.6773437499999999E-01   5.5572313247629532E+00
     107   9.2031370078740167E+01       19   7.0671875000000006E-01   3.1829496639058261E+00
     107   9.2031370078740167E+01       20   7.4570312500000002E-01   8.4544657083926045E-01
     107   9.2031370078740167E+01       21   7.8468749999999998E-01   3.3155728981306537E-01
     107   9.2031370078740167E+01       22   8.2367187500000005E-01   2.0498328867049204E-01
     107   9.2031370078740167E+01       23   8.6265625000000001E-01   1.6906964277374245E-01
     107   9.2031370078740167E+01       24   9.0164062500000008E-01   3.4430320735310810E-01
     107   9.2031370078740167E+01       25   9.4062500000000004E-01   4.7854314535213927E-01
     107   9.2031370078740167E+01       26   9.7960937500000000E-01   2.5463428206016625E-01
     107   9.2031370078740167E+01       27   1.0185937500000000E+00   1.0705308874648679E-01
     107   9.2031370078740167E+01       28   1.0575781250000000E+00   1.1862999208640596E-01
     107   9.2031370078740167E+01       29   1.0965625000000001E+00   1.0491203259765919E-01
     107   9.2031370078740167E+01       30   1.1355468750000000E+00   1.2242748007296116E-01
     107   9.2031370078740167E+01       31   1.1745312500000000E+00   4.6760415229910285E-02
     107   9.2031370078740167E+01       32   1.2135156250000001E+00   6.5390161035530484E-02
     107   9.2031370078740167E+01       33   1.2524999999999999E+00   5.1186631662345182E-02
     107   9.2031370078740167E+01       34   1.2914843750000000E+00   2.9322561680586397E-02
     107   9.2031370078740167E+01       35   1.3304687500000001E+00   2.8753913683009676E-02
     107   9.2031370078740167E+01       36   1.3694531250000002E+00   3.2060355503489048E-02
     107   9.2031370078740167E+01       37   1.4084375000000000E+00   9.7011355275272992E-03
     107   9.2031370078740167E+01       38   1.4474218750000001E+00   1.8680785029114758E-02
     107   9.2031370078740167E+01       39   1.4864062500000002E+00   1.2084167362441891E-02
     107   9.2031370078740167E+01       40   1.5253906250000000E+00   5.1768854452101795E-03
     107   9.2031370078740167E+01       41   1.5643750000000001E+00   9.0002519558556489E-03
     107   9.2031370078740167E+01       42   1.6033593750000001E+00   4.1366161178889842E-03
     107   9.2031370078740167E+01       43   1.6423437500000000E+00   7.0407247163324239E-03
     107   9.2031370078740167E+01       44   1.6813281250000001E+00   7.6343296501189895E-03
     107   9.2031370078740167E+01       45   1.7203125000000001E+00   5.4860619608874004E-03
     107   9.2031370078740167E+01       46   1.7592968750000000E+00   1.6625318870808520E-03
     107   9.2031370078740167E+01       47   1.7982812500000001E+00   3.6261402739470156E-03
     107   9.2031370078740167E+01       48   1.8372656250000001E+00   1.8056646277212038E-03
     107   9.2031370078740167E+01       49   1.8762500000000000E+00   3.6619496251185102E-03
     107   9.2031370078740167E+01       50   1.9152343750000000E+00   5.1158077311081610E-03
     107   9.2031370078740167E+01       51   1.9542187500000001E+00   4.1786639239926012E-03
     107   9.2031370078740167E+01       52   1.9932031250000002E+00   4.4234831654283288E-03
     107   9.2031370078740167E+01       53   2.0321875000000000E+00   4.3357778225976912E-03
     107   9.2031370078740167E+01       54   2.0711718750000001E+00   2.4760035161671403E-03
     107   9.2031370078740167E+01       55   2.1101562500000002E+00   4.4494004298865275E-03
     107   9.2031370078740167E+01       56   2.1491406250000002E+00   2.8253681978632718E-03
     107   9.2031370078740167E+01       57   2.1881249999999999E+00   4.2303330192822296E-03
     107   9.2031370078740167E+01       58   2.2271093749999999E+00   1.9974217147330862E-03
     107   9.2031370078740167E+01       59   2.2660937500000000E+00   3.7919820305317132E-03
     107   9.2031370078740167E+01       60   2.3050781250000001E+00   2.5661092020321796E-03
     107   9.2031370078740167E+01       61   2.3440625000000002E+00   7.1677635571930328E-03
     107   9.2031370078740167E+01       62   2.3830468750000002E+00   5.7546949856919763E-03
     107   9.2031370078740167E+01       63   2.4220312500000003E+00   2.9407799333135008E-03
     107   9.2031370078740167E+01       64   2.4610156249999999E+00   6.9936631931707691E-03
 
     108   9.2899590551181106E+01        1   5.0000000000000001E-03   6.5990271338637717E+02
     108   9.2899590551181106E+01        2   4.3984374999999999E-02   5.8870737472007896E+01
     108   9.2899590551181106E+01        3   8.2968750000000008E-02   2.2741402587885624E+01
     108   9.2899590551181106E+01        4   1.2195312500000001E-01   1.2795992364926429E+01
     108   9.2899590551181106E+01        5   1.6093750000000001E-01   1.3296550737709955E+01
     108   9.2899590551181106E+01        6   1.9992187500000000E-01   1.4358240559651509E+01
     108   9.2899590551181106E+01        7   2.3890625000000001E-01   1.3719535472579068E+01
     108   9.2899590551181106E+01        8   2.7789062500000000E-01   1.2766941062456237E+01
     108   9.2899590551181106E+01        9   3.1687500000000002E-01   9.0381002465164642E+00
     108   9.2899590551181106E+01       10   3.5585937500000003E-01   7.6160321045546793E+00
     108   9.2899590551181106E+01       11   3.9484374999999999E-01   5.0468463337362914E+00
     108   9.2899590551181106E+01       12   4.3382812500000001E-01   2.5914175234707137E+00
     108   9.2899590551181106E+01       13   4.7281250000000002E-01   2.9777154378334605E+00
     108   9.2899590551181106E+01       14   5.1179687500000004E-01   2.9965640394412039E+00
     108   9.2899590551181106E+01       15   5.5078125000000000E-01   3.7237862739933796E+00
     108   9.2899590551181106E+01       16   5.8976562500000007E-01   5.7783838870502855E+00
     108   9.2899590551181106E+01       17   6.2875000000000003E-01   6.0337474225493937E+00
     108   9.2899590551181106E+01       18   6.6773437499999999E-01   5.4376330516270457E+00
     108   9.2899590551181106E+01       19   7.0671875000000006E-01   3.1258057427326191E+00
     108   9.2899590551181106E+01       20   7.4570312500000002E-01   8.2012122415003197E-01
     108   9.2899590551181106E+01       21   7.8468749999999998E-01   3.1551676224210112E-01
     108   9.2899590551181106E+01       22   8.2367187500000005E-01   2.2085070473795854E-01
     108   9.2899590551181106E+01       23   8.6265625000000001E-01   1.8622613654502634E-01
     108   9.2899590551181106E+01       24   9.0164062500000008E-01   3.6764617659377685E-01
     108   9.2899590551181106E+01       25   9.4062500000000004E-01   4.7118063955301381E-01
     108   9.2899590551181106E+01       26   9.7960937500000000E-01   2.2391394816399143E-01
     108   9.2899590551181106E+01       27   1.0185937500000000E+00   1.0557581740587961E-01
     108   9.2899590551181106E+01       28   1.0575781250000000E+00   1.1724677063777657E-01
     108   9.2899590551181106E+01       29   1.0965625000000001E+00   1.0692017473405278E-01
     108   9.2899590551181106E+01       30   1.1355468750000000E+00   1.4108700648282532E-01
     108   9.2899590551181106E+01       31   1.1745312500000000E+00   4.7757165010895664E-02
     108   9.2899590551181106E+01       32   1.2135156250000001E+00   6.6930589765091086E-02
     108   9.2899590551181106E+01       33   1.2524999999999999E+00   5.2797908676334784E-02
     108   9.2899590551181106E+01       34   1.2914843750000000E+00   3.2172973377381044E-02
     108   9.2899590551181106E+01       35   1.3304687500000001E+00   3.1149501148681827E-02
     108   9.2899590551181106E+01       36   1.3694531250000002E+00   3.4200578891166816E-02
     108   9.2899590551181106E+01       37   1.4084375000000000E+00   1.0432556126306787E-02
     108   9.2899590551181106E+01       38   1.4474218750000001E+00   1.7379779687941257E-02
     108   9.2899590551181106E+01       39   1.4864062500000002E+00   1.1919598840521137E-02
     108   9.2899590551181106E+01       40   1.5253906250000000E+00   5.6366230430706194E-03
     108   9.2899590551181106E+01       41   1.5643750000000001E+00   9.1645284003441206E-03
     108   9.2899590551181106E+01       42   1.6033593750000001E+00   3.8626483702951125E-03
     108   9.2899590551181106E+01       43   1.6423437500000000E+00   6.4222780659888134E-03
     108   9.2899590551181106E+01       44   1.6813281250000001E+00   7.9111320917562653E-03
     108   9.2899590551181106E+01       45   1.7203125000000001E+00   5.3488827984050731E-03
     108   9.2899590551181106E+01       46   1.7592968750000000E+00   1.5818500971893114E-03
     108   9.2899590551181106E+01       47   1.7982812500000001E+00   3.2318493741622292E-03
     108   9.2899590551181106E+01       48   1.8372656250000001E+00   2.0802426166358461E-03
     108   9.2899590551181106E+01       49   1.8762500000000000E+00   3.1718870406537173E-03
     108   9.2899590551181106E+01       50   1.9152343750000000E+00   5.3293312453954007E-03
     108   9.2899590551181106E+01       51   1.9542187500000001E+00   4.4812669984969408E-03
     108   9.2899590551181106E+01       52   1.9932031250000002E+00   3.9146036699683057E-03
     108   9.2899590551181106E+01       53   2.0321875000000000E+00   3.9584773209487183E-03
     108   9.2899590551181106E+01       54   2.0711718750000001E+00   2.7837825345286456E-03
     108   9.2899590551181106E+01       55   2.1101562500000002E+00   4.7707606436128572E-03
     108   9.2899590551181106E+01       56   2.1491406250000002E+00   2.8670275666996185E-03
     108   9.2899590551181106E+01       57   2.1881249999999999E+00   4.3518391911289882E-03
     108   9.2899590551181106E+01       58   2.2271093749999999E+00   1.9538201452361861E-03
     108   9.2899590551181106E+01       59   2.2660937500000000E+00   3.4845455555637343E-03
     108   9.2899590551181106E+01       60   2.3050781250000001E+00   2.3468978251077227E-03
     108   9.2899590551181106E+01       61   2.3440625000000002E+00   6.9091991987859491E-03
     108   9.2899590551181106E+01       62   2.3830468750000002E+00   5.8969669639134135E-03
     108   9.2899590551181106E+01       63   2.4220312500000003E+00   3.1127066370013894E-03
     108   9.2899590551181106E+01       64   2.4610156249999999E+00   7.0788286693061466E-03
 
     109   9.3767811023622045E+01        1   5.0000000000000001E-03   6.4205400112416601E+02
     109   9.3767811023622045E+01        2   4.3984374999999999E-02   5.7647844035189294E+01
     109   9.3767811023622045E+01        3   8.2968750000000008E-02   2.2213999115810982E+01
     109   9.3767811023622045E+01        4   1.2195312500000001E-01   1.2303983209967612E+01
     109   9.3767811023622045E+01        5   1.6093750000000001E-01   1.3086620201989156E+01
     109   9.3767811023622045E+01        6   1.9992187500000000E-01   1.4636724477192372E+01
     109   9.3767811023622045E+01        7   2.3890625000000001E-01   1.3961541787465906E+01
     109   9.3767811023622045E+01        8   2.7789062500000000E-01   1.2577967911985832E+01
     109   9.3767811023622045E+01        9   3.1687500000000002E-01   9.1856672212806725E+00
     109   9.3767811023622045E+01       10   3.5585937500000003E-01   7.6728059280938927E+00
     109   9.3767811023622045E+01       11   3.9484374999999999E-01   5.0972678560919338E+00
     109   9.3767811023622045E+01       12   4.3382812500000001E-01   2.6616797376511641E+00
     109   9.3767811023622045E+01       13   4.7281250000000002E-01   2.9915220185842264E+00
     109   9.3767811023622045E+01       14   5.1179687500000004E-01   3.1523045486168622E+00
     109   9.3767811023622045E+01       15   5.5078125000000000E-01   3.8465971791015376E+00
     109   9.3767811023622045E+01       16   5.8976562500000007E-01   5.8206021772989454E+00
     109   9.3767811023622045E+01       17   6.2875000000000003E-01   5.9741629090117279E+00
     109   9.3767811023622045E+01       18   6.6773437499999999E-01   5.2484535649277682E+00
     109   9.3767811023622045E+01       19   7.0671875000000006E-01   3.0684634908459043E+00
     109   9.3767811023622045E+01       20   7.4570312500000002E-01   8.4196792046777391E-01
     109   9.3767811023622045E+01       21   7.8468749999999998E-01   3.1104190455073905E-01
     109   9.3767811023622045E+01       22   8.2367187500000005E-01   2.2207023663185177E-01
     109   9.3767811023622045E+01       23   8.6265625000000001E-01   2.1262211577589157E-01
     109   9.3767811023622045E+01       24   9.0164062500000008E-01   3.8706935583177027E-01
     109   9.3767811023622045E+01       25   9.4062500000000004E-01   4.4758673592221210E-01
     109   9.3767811023622045E+01       26   9.7960937500000000E-01   2.1159591825816154E-01
     109   9.3767811023622045E+01       27   1.0185937500000000E+00   1.0284544713429665E-01
     109   9.3767811023622045E+01       28   1.0575781250000000E+00   1.1105894315399273E-01
     109   9.3767811023622045E+01       29   1.0965625000000001E+00   1.1300001090158569E-01
     109   9.3767811023622045E+01       30   1.1355468750000000E+00   1.4327218504401174E-01
     109   9.3767811023622045E+01       31   1.1745312500000000E+00   5.9760382073130648E-02
     109   9.3767811023622045E+01       32   1.2135156250000001E+00   6.2050894428937395E-02
     109   9.3767811023622045E+01       33   1.2524999999999999E+00   5.5556082200539071E-02
     109   9.3767811023622045E+01       34   1.2914843750000000E+00   3.2323899632722287E-02
     109   9.3767811023622045E+01       35   1.3304687500000001E+00   3.2719995773091252E-02
     109   9.3767811023622045E+01       36   1.3694531250000002E+00   3.7374191164921716E-02
     109   9.3767811023622045E+01       37   1.4084375000000000E+00   1.0652255691634211E-02
     109   9.3767811023622045E+01       38   1.4474218750000001E+00   1.8219051475610263E-02
     109   9.3767811023622045E+01       39   1.4864062500000002E+00   1.1309494916531816E-02
     109   9.3767811023622045E+01       40   1.5253906250000000E+00   5.6994689456753003E-03
     109   9.3767811023622045E+01       41   1.5643750000000001E+00   8.6732790033621516E-03
     109   9.3767811023622045E+01       42   1.6033593750000001E+00   4.0673796498840497E-03
     109   9.3767811023622045E+01       43   1.6423437500000000E+00   5.3798394205188532E-03
     109   9.3767811023622045E+01       44   1.6813281250000001E+00   9.0381534179105553E-03
     109   9.3767811023622045E+01       45   1.7203125000000001E+00   4.9079801257045598E-03
     109   9.3767811023622045E+01       46   1.7592968750000000E+00   1.7789131751184777E-03
     109   9.3767811023622045E+01       47   1.7982812500000001E+00   3.2289706825482131E-03
     109   9.3767811023622045E+01       48   1.8372656250000001E+00   2.0103100101529288E-03
     109   9.3767811023622045E+01       49   1.8762500000000000E+00   3.1695264529977511E-03
     109   9.3767811023622045E+01       50   1.9152343750000000E+00   4.8521338643072237E-03
     109   9.3767811023622045E+01       51   1.9542187500000001E+00   4.6213384915025166E-03
     109   9.3767811023622045E+01       52   1.9932031250000002E+00   3.6431858910912504E-03
     109   9.3767811023622045E+01       53   2.0321875000000000E+00   3.8625884891838611E-03
     109   9.3767811023622045E+01       54   2.0711718750000001E+00   3.1015233857222589E-03
     109   9.3767811023622045E+01       55   2.1101562500000002E+00   5.1144769104812570E-03
     109   9.3767811023622045E+01       56   2.1491406250000002E+00   2.7951912249020924E-03
     109   9.3767811023622045E+01       57   2.1881249999999999E+00   4.2604542668776947E-03
     109   9.3767811023622045E+01       58   2.2271093749999999E+00   1.8670327217395362E-03
     109   9.3767811023622045E+01       59   2.2660937500000000E+00   3.1689467742073915E-03
     109   9.3767811023622045E+01       60   2.3050781250000001E+00   2.1785162533242723E-03
     109   9.3767811023622045E+01       61   2.3440625000000002E+00   6.6608805769417002E-03
     109   9.3767811023622045E+01       62   2.3830468750000002E+00   6.1046446424699802E-03
     109   9.3767811023622045E+01       63   2.4220312500000003E+00   3.3421636222051433E-03
     109   9.3767811023622045E+01       64   2.4610156249999999E+00   6.9786435975472075E-03
 
     110   9.4636031496062998E+01        1   5.0000000000000001E-03   6.2442611413937925E+02
     110   9.4636031496062998E+01        2   4.3984374999999999E-02   5.6408106653051505E+01
     110   9.4636031496062998E+01        3   8.2968750000000008E-02   2.1731277616318614E+01
     110   9.4636031496062998E+01        4   1.2195312500000001E-01   1.1968648680259120E+01
     110   9.4636031496062998E+01        5   1.6093750000000001E-01   1.3133418049478994E+01
     110   9.4636031496062998E+01        6   1.9992187500000000E-01   1.5081399657113236E+01
     110   9.4636031496062998E+01        7   2.3890625000000001E-01   1.4209114077581823E+01
     110   9.4636031496062998E+01        8   2.7789062500000000E-01   1.2511888622263411E+01
     110   9.4636031496062998E+01        9   3.1687500000000002E-01   9.5022514853686104E+00
     110   9.4636031496062998E+01       10   3.5585937500000003E-01   7.7545175134566495E+00
     110   9.4636031496062998E+01       11   3.9484374999999999E-01   5.2618210339867915E+00
     110   9.4636031496062998E+01       12   4.3382812500000001E-01   2.7241518756240426E+00
     110   9.4636031496062998E+01       13   4.7281250000000002E-01   3.0950190847571779E+00
     110   9.4636031496062998E+01       14   5.1179687500000004E-01   3.2859953937183906E+00
     110   9.4636031496062998E+01       15   5.5078125000000000E-01   3.9265202843375384E+00
     110   9.4636031496062998E+01       16   5.8976562500000007E-01   5.6993664449501340E+00
     110   9.4636031496062998E+01       17   6.2875000000000003E-01   5.8355889380491934E+00
     110   9.4636031496062998E+01       18   6.6773437499999999E-01   5.0718139739746668E+00
     110   9.4636031496062998E+01       19   7.0671875000000006E-01   3.0467657438038320E+00
     110   9.4636031496062998E+01       20   7.4570312500000002E-01   9.0132414303627395E-01
     110   9.4636031496062998E+01       21   7.8468749999999998E-01   3.1343040734330807E-01
     110   9.4636031496062998E+01       22   8.2367187500000005E-01   2.0811998489357833E-01
     110   9.4636031496062998E+01       23   8.6265625000000001E-01   2.3483176422340726E-01
     110   9.4636031496062998E+01       24   9.0164062500000008E-01   3.9148877271568305E-01
     110   9.4636031496062998E+01       25   9.4062500000000004E-01   4.3026905080217370E-01
     110   9.4636031496062998E+01       26   9.7960937500000000E-01   2.2189500952029731E-01
     110   9.4636031496062998E+01       27   1.0185937500000000E+00   9.6613869425817359E-02
     110   9.4636031496062998E+01       28   1.0575781250000000E+00   1.0540379576843409E-01
     110   9.4636031496062998E+01       29   1.0965625000000001E+00   1.1532148124113499E-01
     110   9.4636031496062998E+01       30   1.1355468750000000E+00   1.3085534814636643E-01
     110   9.4636031496062998E+01       31   1.1745312500000000E+00   7.2594610843472906E-02
     110   9.4636031496062998E+01       32   1.2135156250000001E+00   5.6412702525832865E-02
     110   9.4636031496062998E+01       33   1.2524999999999999E+00   5.6075037269907015E-02
     110   9.4636031496062998E+01       34   1.2914843750000000E+00   3.0131472718174426E-02
     110   9.4636031496062998E+01       35   1.3304687500000001E+00   3.1041774795059693E-02
     110   9.4636031496062998E+01       36   1.3694531250000002E+00   3.8311856164512402E-02
     110   9.4636031496062998E+01       37   1.4084375000000000E+00   1.0004982933362707E-02
     110   9.4636031496062998E+01       38   1.4474218750000001E+00   1.9754486213928547E-02
     110   9.4636031496062998E+01       39   1.4864062500000002E+00   1.1027948873454613E-02
     110   9.4636031496062998E+01       40   1.5253906250000000E+00   5.2123444215630595E-03
     110   9.4636031496062998E+01       41   1.5643750000000001E+00   8.1019503909796273E-03
     110   9.4636031496062998E+01       42   1.6033593750000001E+00   4.3748940462883593E-03
     110   9.4636031496062998E+01       43   1.6423437500000000E+00   5.4578549463880442E-03
     110   9.4636031496062998E+01       44   1.6813281250000001E+00   9.5309662555781369E-03
     110   9.4636031496062998E+01       45   1.7203125000000001E+00   4.5849466926464440E-03
     110   9.4636031496062998E+01       46   1.7592968750000000E+00   1.9889578346037147E-03
     110   9.4636031496062998E+01       47   1.7982812500000001E+00   3.7521013344402553E-03
     110   9.4636031496062998E+01       48   1.8372656250000001E+00   1.6887021076852195E-03
     110   9.4636031496062998E+01       49   1.8762500000000000E+00   3.6260068717006372E-03
     110   9.4636031496062998E+01       50   1.9152343750000000E+00   4.0830728747393488E-03
     110   9.4636031496062998E+01       51   1.9542187500000001E+00   4.4825357240525976E-03
     110   9.4636031496062998E+01       52   1.9932031250000002E+00   3.7689685185318626E-03
     110   9.4636031496062998E+01       53   2.0321875000000000E+00   4.0194649026013118E-03
     110   9.4636031496062998E+01       54   2.0711718750000001E+00   3.2208553705354616E-03
     110   9.4636031496062998E+01       55   2.1101562500000002E+00   5.2852154735613345E-03
     110   9.4636031496062998E+01       56   2.1491406250000002E+00   2.6645089367681681E-03
     110   9.4636031496062998E+01       57   2.1881249999999999E+00   3.9387829648320875E-03
     110   9.4636031496062998E+01       58   2.2271093749999999E+00   1.7200848178517210E-03
     110   9.4636031496062998E+01       59   2.2660937500000000E+00   2.9331626754343018E-03
     110   9.4636031496062998E+01       60   2.3050781250000001E+00   2.1280837324994654E-03
     110   9.4636031496062998E+01       61   2.3440625000000002E+00   6.5093549813551596E-03
     110   9.4636031496062998E+01       62   2.3830468750000002E+00   6.2654885915445699E-03
     110   9.4636031496062998E+01       63   2.4220312500000003E+00   3.5341648012898316E-03
     110   9.4636031496062998E+01       64   2.4610156249999999E+00   6.7447631284788178E-03
 
     111   9.5504251968503937E+01        1   5.0000000000000001E-03   6.0925171738694826E+02
     111   9.5504251968503937E+01        2   4.3984374999999999E-02   5.5333871626194643E+01
     111   9.5504251968503937E+01        3   8.2968750000000008E-02   2.1370967996277574E+01
     111   9.5504251968503937E+01        4   1.2195312500000001E-01   1.1828475824635053E+01
     111   9.5504251968503937E+01        5   1.6093750000000001E-01   1.3405954757042538E+01
     111   9.5504251968503937E+01        6   1.9992187500000000E-01   1.5601446096750639E+01
     111   9.5504251968503937E+01        7   2.3890625000000001E-01   1.4396771043001776E+01
     111   9.5504251968503937E+01        8   2.7789062500000000E-01   1.2544181118435587E+01
     111   9.5504251968503937E+01        9   3.1687500000000002E-01   9.9135850628230688E+00
     111   9.5504251968503937E+01       10   3.5585937500000003E-01   7.8222263895434798E+00
     111   9.5504251968503937E+01       11   3.9484374999999999E-01   5.4862573081361461E+00
     111   9.5504251968503937E+01       12   4.3382812500000001E-01   2.7566012075711610E+00
     111   9.5504251968503937E+01       13   4.7281250000000002E-01   3.2485611640269787E+00
     111   9.5504251968503937E+01       14   5.1179687500000004E-01   3.3484658468132795E+00
     111   9.5504251968503937E+01       15   5.5078125000000000E-01   3.9335987864565771E+00
     111   9.5504251968503937E+01       16   5.8976562500000007E-01   5.4572350609422635E+00
     111   9.5504251968503937E+01       17   6.2875000000000003E-01   5.6902497319106615E+00
     111   9.5504251968503937E+01       18   6.6773437499999999E-01   4.9880999230280558E+00
     111   9.5504251968503937E+01       19   7.0671875000000006E-01   3.0727501594597397E+00
     111   9.5504251968503937E+01       20   7.4570312500000002E-01   9.6921721504232283E-01
     111   9.5504251968503937E+01       21   7.8468749999999998E-01   3.1723497861493982E-01
     111   9.5504251968503937E+01       22   8.2367187500000005E-01   1.8416244278005253E-01
     111   9.5504251968503937E+01       23   8.6265625000000001E-01   2.4094287608093951E-01
     111   9.5504251968503937E+01       24   9.0164062500000008E-01   3.8574234344718666E-01
     111   9.5504251968503937E+01       25   9.4062500000000004E-01   4.3762098712609254E-01
     111   9.5504251968503937E+01       26   9.7960937500000000E-01   2.4101987722043017E-01
     111   9.5504251968503937E+01       27   1.0185937500000000E+00   9.0491205876917197E-02
     111   9.5504251968503937E+01       28   1.0575781250000000E+00   1.0127604987702667E-01
     111   9.5504251968503937E+01       29   1.0965625000000001E+00   1.1253169417066380E-01
     111   9.5504251968503937E+01       30   1.1355468750000000E+00   1.1381580603360049E-01
     111   9.5504251968503937E+01       31   1.1745312500000000E+00   7.6179711351372956E-02
     111   9.5504251968503937E+01       32   1.2135156250000001E+00   5.5623612805648530E-02
     111   9.5504251968503937E+01       33   1.2524999999999999E+00   5.3351456953256909E-02
     111   9.5504251968503937E+01       34   1.2914843750000000E+00   2.8678786373147358E-02
     111   9.5504251968503937E+01       35   1.3304687500000001E+00   2.7151482514672129E-02
     111   9.5504251968503937E+01       36   1.3694531250000002E+00   3.5398544648155540E-02
     111   9.5504251968503937E+01       37   1.4084375000000000E+00   9.3569710861124526E-03
     111   9.5504251968503937E+01       38   1.4474218750000001E+00   1.9634733716340103E-02
     111   9.5504251968503937E+01       39   1.4864062500000002E+00   1.1691906494930479E-02
     111   9.5504251968503937E+01       40   1.5253906250000000E+00   4.8879349852623821E-03
     111   9.5504251968503937E+01       41   1.5643750000000001E+00   8.0209530406437878E-03
     111   9.5504251968503937E+01       42   1.6033593750000001E+00   4.1461944433072813E-03
     111   9.5504251968503937E+01       43   1.6423437500000000E+00   6.3335495461475265E-03
     111   9.5504251968503937E+01       44   1.6813281250000001E+00   8.7112219950023443E-03
     111   9.5504251968503937E+01       45   1.7203125000000001E+00   4.8717106511819239E-03
     111   9.5504251968503937E+01       46   1.7592968750000000E+00   1.9520923759728231E-03
     111   9.5504251968503937E+01       47   1.7982812500000001E+00   4.1284405832678790E-03
     111   9.5504251968503937E+01       48   1.8372656250000001E+00   1.3680344260340841E-03
     111   9.5504251968503937E+01       49   1.8762500000000000E+00   4.0493678279720094E-03
     111   9.5504251968503937E+01       50   1.9152343750000000E+00   3.6323471425260927E-03
     111   9.5504251968503937E+01       51   1.9542187500000001E+00   4.0995838840585551E-03
     111   9.5504251968503937E+01       52   1.9932031250000002E+00   4.2032780103188824E-03
     111   9.5504251968503937E+01       53   2.0321875000000000E+00   4.3516376254597068E-03
     111   9.5504251968503937E+01       54   2.0711718750000001E+00   3.0820690249426914E-03
     111   9.5504251968503937E+01       55   2.1101562500000002E+00   5.1785935847472268E-03
     111   9.5504251968503937E+01       56   2.1491406250000002E+00   2.6041939157330071E-03
     111   9.5504251968503937E+01       57   2.1881249999999999E+00   3.5373557804399000E-03
     111   9.5504251968503937E+01       58   2.2271093749999999E+00   1.5980881421071601E-03
     111   9.5504251968503937E+01       59   2.2660937500000000E+00   2.9057066864493649E-03
     111   9.5504251968503937E+01       60   2.3050781250000001E+00   2.2075724177390444E-03
     111   9.5504251968503937E+01       61   2.3440625000000002E+00   6.4743570846389807E-03
     111   9.5504251968503937E+01       62   2.3830468750000002E+00   6.3112834936534142E-03
     111   9.5504251968503937E+01       63   2.4220312500000003E+00   3.5711071635858762E-03
     111   9.5504251968503937E+01       64   2.4610156249999999E+00   6.4859837583006045E-03
 
     112   9.6372472440944890E+01        1   5.0000000000000001E-03   5.9805288250682770E+02
     112   9.6372472440944890E+01        2   4.3984374999999999E-02   5.4526993606794584E+01
     112   9.6372472440944890E+01        3   8.2968750000000008E-02   2.1159992123104633E+01
     112   9.6372472440944890E+01        4   1.2195312500000001E-01   1.1874839116532632E+01
     112   9.6372472440944890E+01        5   1.6093750000000001E-01   1.3833311611875256E+01
     112   9.6372472440944890E+01        6   1.9992187500000000E-01   1.6094189302643983E+01
     112   9.6372472440944890E+01        7   2.3890625000000001E-01   1.4471246962948896E+01
     112   9.6372472440944890E+01        8   2.7789062500000000E-01   1.2636550834411565E+01
     112   9.6372472440944890E+01        9   3.1687500000000002E-01   1.0328176072679623E+01
     112   9.6372472440944890E+01       10   3.5585937500000003E-01   7.8352716284888277E+00
     112   9.6372472440944890E+01       11   3.9484374999999999E-01   5.7104307943902768E+00
     112   9.6372472440944890E+01       12   4.3382812500000001E-01   2.7427007714911920E+00
     112   9.6372472440944890E+01       13   4.7281250000000002E-01   3.4071155759205607E+00
     112   9.6372472440944890E+01       14   5.1179687500000004E-01   3.3159598141457369E+00
     112   9.6372472440944890E+01       15   5.5078125000000000E-01   3.8769825934457063E+00
     112   9.6372472440944890E+01       16   5.8976562500000007E-01   5.1904937692098025E+00
     112   9.6372472440944890E+01       17   6.2875000000000003E-01   5.6187371956127468E+00
     112   9.6372472440944890E+01       18   6.6773437499999999E-01   5.0350737029796848E+00
     112   9.6372472440944890E+01       19   7.0671875000000006E-01   3.1246147125768857E+00
     112   9.6372472440944890E+01       20   7.4570312500000002E-01   1.0118087677812890E+00
     112   9.6372472440944890E+01       21   7.8468749999999998E-01   3.2154461211157798E-01
     112   9.6372472440944890E+01       22   8.2367187500000005E-01   1.5846536909967993E-01
     112   9.6372472440944890E+01       23   8.6265625000000001E-01   2.2735658764617872E-01
     112   9.6372472440944890E+01       24   9.0164062500000008E-01   3.8309161657209323E-01
     112   9.6372472440944890E+01       25   9.4062500000000004E-01   4.6627271907937312E-01
     112   9.6372472440944890E+01       26   9.7960937500000000E-01   2.5190431650010359E-01
     112   9.6372472440944890E+01       27   1.0185937500000000E+00   9.1108020323151601E-02
     112   9.6372472440944890E+01       28   1.0575781250000000E+00   9.6679335931044913E-02
     112   9.6372472440944890E+01       29   1.0965625000000001E+00   1.0960834777415794E-01
     112   9.6372472440944890E+01       30   1.1355468750000000E+00   1.0143808693050065E-01
     112   9.6372472440944890E+01       31   1.1745312500000000E+00   6.8316703922856908E-02
     112   9.6372472440944890E+01       32   1.2135156250000001E+00   5.9536473007215263E-02
     112   9.6372472440944890E+01       33   1.2524999999999999E+00   4.9690264069859248E-02
     112   9.6372472440944890E+01       34   1.2914843750000000E+00   2.9450675824289643E-02
     112   9.6372472440944890E+01       35   1.3304687500000001E+00   2.5628888119359854E-02
     112   9.6372472440944890E+01       36   1.3694531250000002E+00   3.1524598989769545E-02
     112   9.6372472440944890E+01       37   1.4084375000000000E+00   9.7257495238821969E-03
     112   9.6372472440944890E+01       38   1.4474218750000001E+00   1.8469584911018615E-02
     112   9.6372472440944890E+01       39   1.4864062500000002E+00   1.3062676307776683E-02
     112   9.6372472440944890E+01       40   1.5253906250000000E+00   5.3840160716346645E-03
     112   9.6372472440944890E+01       41   1.5643750000000001E+00   8.7446653251007801E-03
     112   9.6372472440944890E+01       42   1.6033593750000001E+00   3.7420955066166904E-03
     112   9.6372472440944890E+01       43   1.6423437500000000E+00   6.6513500985118301E-03
     112   9.6372472440944890E+01       44   1.6813281250000001E+00   7.7212025438438536E-03
     112   9.6372472440944890E+01       45   1.7203125000000001E+00   5.6527848112459742E-03
     112   9.6372472440944890E+01       46   1.7592968750000000E+00   1.7694570130613713E-03
     112   9.6372472440944890E+01       47   1.7982812500000001E+00   3.8053805966594976E-03
     112   9.6372472440944890E+01       48   1.8372656250000001E+00   1.3627679703729048E-03
     112   9.6372472440944890E+01       49   1.8762500000000000E+00   4.0672273740357855E-03
     112   9.6372472440944890E+01       50   1.9152343750000000E+00   3.8563681209700389E-03
     112   9.6372472440944890E+01       51   1.9542187500000001E+00   3.7023455778356050E-03
     112   9.6372472440944890E+01       52   1.9932031250000002E+00   4.6856970593834096E-03
     112   9.6372472440944890E+01       53   2.0321875000000000E+00   4.7180096013178623E-03
     112   9.6372472440944890E+01       54   2.0711718750000001E+00   2.7799620424108556E-03
     112   9.6372472440944890E+01       55   2.1101562500000002E+00   4.8203072723924439E-03
     112   9.6372472440944890E+01       56   2.1491406250000002E+00   2.5757814952680402E-03
     112   9.6372472440944890E+01       57   2.1881249999999999E+00   3.2504947604133677E-03
     112   9.6372472440944890E+01       58   2.2271093749999999E+00   1.5839642323266165E-03
     112   9.6372472440944890E+01       59   2.2660937500000000E+00   3.1426814429691419E-03
     112   9.6372472440944890E+01       60   2.3050781250000001E+00   2.3572138424125190E-03
     112   9.6372472440944890E+01       61   2.3440625000000002E+00   6.5091515590842003E-03
     112   9.6372472440944890E+01       62   2.3830468750000002E+00   6.2461992878099218E-03
     112   9.6372472440944890E+01       63   2.4220312500000003E+00   3.4630404079134683E-03
     112   9.6372472440944890E+01       64   2.4610156249999999E+00   6.2761044576337020E-03
 
     113   9.7240692913385814E+01        1   5.0000000000000001E-03   5.9147950440326963E+02
     113   9.7240692913385814E+01        2   4.3984374999999999E-02   5.4000150861449811E+01
     113   9.7240692913385814E+01        3   8.2968750000000008E-02   2.1073653624880517E+01
     113   9.7240692913385814E+01        4   1.2195312500000001E-01   1.2057119759655723E+01
     113   9.7240692913385814E+01        5   1.6093750000000001E-01   1.4320091277375818E+01
     113   9.7240692913385814E+01        6   1.9992187500000000E-01   1.6468086300548531E+01
     113   9.7240692913385814E+01        7   2.3890625000000001E-01   1.4404696205576434E+01
     113   9.7240692913385814E+01        8   2.7789062500000000E-01   1.2749313287452056E+01
     113   9.7240692913385814E+01        9   3.1687500000000002E-01   1.0661283157905396E+01
     113   9.7240692913385814E+01       10   3.5585937500000003E-01   7.7677371979848120E+00
     113   9.7240692913385814E+01       11   3.9484374999999999E-01   5.8859325640882858E+00
     113   9.7240692913385814E+01       12   4.3382812500000001E-01   2.6796971197359603E+00
     113   9.7240692913385814E+01       13   4.7281250000000002E-01   3.5361007086331844E+00
     113   9.7240692913385814E+01       14   5.1179687500000004E-01   3.2018865804306307E+00
     113   9.7240692913385814E+01       15   5.5078125000000000E-01   3.8006358201524941E+00
     113   9.7240692913385814E+01       16   5.8976562500000007E-01   5.0106605047535817E+00
     113   9.7240692913385814E+01       17   6.2875000000000003E-01   5.6680204460606296E+00
     113   9.7240692913385814E+01       18   6.6773437499999999E-01   5.1865735148519887E+00
     113   9.7240692913385814E+01       19   7.0671875000000006E-01   3.1590122410261783E+00
     113   9.7240692913385814E+01       20   7.4570312500000002E-01   1.0091334754202386E+00
     113   9.7240692913385814E+01       21   7.8468749999999998E-01   3.3104008758591469E-01
     113   9.7240692913385814E+01       22   8.2367187500000005E-01   1.4022976502604489E-01
     113   9.7240692913385814E+01       23   8.6265625000000001E-01   2.0171270154692766E-01
     113   9.7240692913385814E+01       24   9.0164062500000008E-01   3.9074245195860702E-01
     113   9.7240692913385814E+01       25   9.4062500000000004E-01   4.9276628032408659E-01
     113   9.7240692913385814E+01       26   9.7960937500000000E-01   2.5045210801349133E-01
     113   9.7240692913385814E+01       27   1.0185937500000000E+00   1.0177926675594962E-01
     113   9.7240692913385814E+01       28   1.0575781250000000E+00   9.2944269766495849E-02
     113   9.7240692913385814E+01       29   1.0965625000000001E+00   1.1121687995356684E-01
     113   9.7240692913385814E+01       30   1.1355468750000000E+00   9.8850719400761469E-02
     113   9.7240692913385814E+01       31   1.1745312500000000E+00   5.5844998404612718E-02
     113   9.7240692913385814E+01       32   1.2135156250000001E+00   6.3870284205208197E-02
     113   9.7240692913385814E+01       33   1.2524999999999999E+00   4.8871546476256640E-02
     113   9.7240692913385814E+01       34   1.2914843750000000E+00   3.1072078857707217E-02
     113   9.7240692913385814E+01       35   1.3304687500000001E+00   2.8905902142504977E-02
     113   9.7240692913385814E+01       36   1.3694531250000002E+00   3.0949159257586921E-02
     113   9.7240692913385814E+01       37   1.4084375000000000E+00   1.0751301784105710E-02
     113   9.7240692913385814E+01       38   1.4474218750000001E+00   1.8307669678110681E-02
     113   9.7240692913385814E+01       39   1.4864062500000002E+00   1.3381491065041107E-02
     113   9.7240692913385814E+01       40   1.5253906250000000E+00   5.9866702719212931E-03
     113   9.7240692913385814E+01       41   1.5643750000000001E+00   9.4744652037010921E-03
     113   9.7240692913385814E+01       42   1.6033593750000001E+00   3.7076543896667371E-03
     113   9.7240692913385814E+01       43   1.6423437500000000E+00   5.8693135910590829E-03
     113   9.7240692913385814E+01       44   1.6813281250000001E+00   7.5160799150142277E-03
     113   9.7240692913385814E+01       45   1.7203125000000001E+00   5.9630300114453432E-03
     113   9.7240692913385814E+01       46   1.7592968750000000E+00   1.6298600165181667E-03
     113   9.7240692913385814E+01       47   1.7982812500000001E+00   3.1618574917384669E-03
     113   9.7240692913385814E+01       48   1.8372656250000001E+00   1.6263252817285655E-03
     113   9.7240692913385814E+01       49   1.8762500000000000E+00   3.5991109454436838E-03
     113   9.7240692913385814E+01       50   1.9152343750000000E+00   4.5554602594763353E-03
     113   9.7240692913385814E+01       51   1.9542187500000001E+00   3.5922784406865311E-03
     113   9.7240692913385814E+01       52   1.9932031250000002E+00   4.9577725488877157E-03
     113   9.7240692913385814E+01       53   2.0321875000000000E+00   4.8237943869093754E-03
     113   9.7240692913385814E+01       54   2.0711718750000001E+00   2.4631867161355628E-03
     113   9.7240692913385814E+01       55   2.1101562500000002E+00   4.3630720329852820E-03
     113   9.7240692913385814E+01       56   2.1491406250000002E+00   2.5612073229342833E-03
     113   9.7240692913385814E+01       57   2.1881249999999999E+00   3.2533737440662330E-03
     113   9.7240692913385814E+01       58   2.2271093749999999E+00   1.6927834660961539E-03
     113   9.7240692913385814E+01       59   2.2660937500000000E+00   3.5455333803896495E-03
     113   9.7240692913385814E+01       60   2.3050781250000001E+00   2.4713018936581531E-03
     113   9.7240692913385814E+01       61   2.3440625000000002E+00   6.4704234325972500E-03
     113   9.7240692913385814E+01       62   2.3830468750000002E+00   6.0702296123650605E-03
     113   9.7240692913385814E+01       63   2.4220312500000003E+00   3.2626818931133033E-03
     113   9.7240692913385814E+01       64   2.4610156249999999E+00   6.1488229373105443E-03
 
     114   9.8108913385826767E+01        1   5.0000000000000001E-03   5.8944377608686625E+02
     114   9.8108913385826767E+01        2   4.3984374999999999E-02   5.3701406951863973E+01
     114   9.8108913385826767E+01        3   8.2968750000000008E-02   2.1052538021597769E+01
     114   9.8108913385826767E+01        4   1.2195312500000001E-01   1.2300421122961311E+01
     114   9.8108913385826767E+01        5   1.6093750000000001E-01   1.4769268316702714E+01
     114   9.8108913385826767E+01        6   1.9992187500000000E-01   1.6663211101513880E+01
     114   9.8108913385826767E+01        7   2.3890625000000001E-01   1.4202399231296171E+01
     114   9.8108913385826767E+01        8   2.7789062500000000E-01   1.2853665518060808E+01
     114   9.8108913385826767E+01        9   3.1687500000000002E-01   1.0857476808152155E+01
     114   9.8108913385826767E+01       10   3.5585937500000003E-01   7.6230638295238826E+00
     114   9.8108913385826767E+01       11   3.9484374999999999E-01   5.9884680927543146E+00
     114   9.8108913385826767E+01       12   4.3382812500000001E-01   2.5822587202454308E+00
     114   9.8108913385826767E+01       13   4.7281250000000002E-01   3.6213494494450944E+00
     114   9.8108913385826767E+01       14   5.1179687500000004E-01   3.0523455833462396E+00
     114   9.8108913385826767E+01       15   5.5078125000000000E-01   3.7608211900862436E+00
     114   9.8108913385826767E+01       16   5.8976562500000007E-01   4.9939335278543986E+00
     114   9.8108913385826767E+01       17   6.2875000000000003E-01   5.8217299661382418E+00
     114   9.8108913385826767E+01       18   6.6773437499999999E-01   5.3648832822047208E+00
     114   9.8108913385826767E+01       19   7.0671875000000006E-01   3.1397175237826733E+00
     114   9.8108913385826767E+01       20   7.4570312500000002E-01   9.6608131066727965E-01
     114   9.8108913385826767E+01       21   7.8468749999999998E-01   3.5055953397863171E-01
     114   9.8108913385826767E+01       22   8.2367187500000005E-01   1.3606817879457317E-01
     114   9.8108913385826767E+01       23   8.6265625000000001E-01   1.7730214726096963E-01
     114   9.8108913385826767E+01       24   9.0164062500000008E-01   4.0086900934893205E-01
     114   9.8108913385826767E+01       25   9.4062500000000004E-01   4.9326848488606218E-01
     114   9.8108913385826767E+01       26   9.7960937500000000E-01   2.4589585127615468E-01
     114   9.8108913385826767E+01       27   1.0185937500000000E+00   1.1710921689015094E-01
     114   9.8108913385826767E+01       28   1.0575781250000000E+00   9.4763615180747982E-02
     114   9.8108913385826767E+01       29   1.0965625000000001E+00   1.1563722880397496E-01
     114   9.8108913385826767E+01       30   1.1355468750000000E+00   1.0679204951369503E-01
     114   9.8108913385826767E+01       31   1.1745312500000000E+00   4.7489657133980560E-02
     114   9.8108913385826767E+01       32   1.2135156250000001E+00   6.4642387184482869E-02
     114   9.8108913385826767E+01       33   1.2524999999999999E+00   5.1940183614284652E-02
     114   9.8108913385826767E+01       34   1.2914843750000000E+00   3.1793781656079108E-02
     114   9.8108913385826767E+01       35   1.3304687500000001E+00   3.3620830603276218E-02
     114   9.8108913385826767E+01       36   1.3694531250000002E+00   3.4264859820793248E-02
     114   9.8108913385826767E+01       37   1.4084375000000000E+00   1.1318930402064777E-02
     114   9.8108913385826767E+01       38   1.4474218750000001E+00   1.9331303958830440E-02
     114   9.8108913385826767E+01       39   1.4864062500000002E+00   1.1977692273668390E-02
     114   9.8108913385826767E+01       40   1.5253906250000000E+00   5.9637425000059092E-03
     114   9.8108913385826767E+01       41   1.5643750000000001E+00   9.3836971312518027E-03
     114   9.8108913385826767E+01       42   1.6033593750000001E+00   4.1911054027071295E-03
     114   9.8108913385826767E+01       43   1.6423437500000000E+00   5.0972396680900112E-03
     114   9.8108913385826767E+01       44   1.6813281250000001E+00   8.1153731863511675E-03
     114   9.8108913385826767E+01       45   1.7203125000000001E+00   5.3510994760960018E-03
     114   9.8108913385826767E+01       46   1.7592968750000000E+00   1.6983417630287336E-03
     114   9.8108913385826767E+01       47   1.7982812500000001E+00   2.9128019731498181E-03
     114   9.8108913385826767E+01       48   1.8372656250000001E+00   1.8719515236003117E-03
     114   9.8108913385826767E+01       49   1.8762500000000000E+00   3.0102984446104689E-03
     114   9.8108913385826767E+01       50   1.9152343750000000E+00   5.2209878951832347E-03
     114   9.8108913385826767E+01       51   1.9542187500000001E+00   3.8506544701930262E-03
     114   9.8108913385826767E+01       52   1.9932031250000002E+00   4.8734230530843052E-03
     114   9.8108913385826767E+01       53   2.0321875000000000E+00   4.5697074987427330E-03
     114   9.8108913385826767E+01       54   2.0711718750000001E+00   2.2611297000035865E-03
     114   9.8108913385826767E+01       55   2.1101562500000002E+00   4.0383096576872869E-03
     114   9.8108913385826767E+01       56   2.1491406250000002E+00   2.6240290157299364E-03
     114   9.8108913385826767E+01       57   2.1881249999999999E+00   3.5842896543965344E-03
     114   9.8108913385826767E+01       58   2.2271093749999999E+00   1.8948936128258737E-03
     114   9.8108913385826767E+01       59   2.2660937500000000E+00   3.9263347248404820E-03
     114   9.8108913385826767E+01       60   2.3050781250000001E+00   2.4660930841637740E-03
     114   9.8108913385826767E+01       61   2.3440625000000002E+00   6.2217857137542489E-03
     114   9.8108913385826767E+01       62   2.3830468750000002E+00   5.7508660852079521E-03
     114   9.8108913385826767E+01       63   2.4220312500000003E+00   3.0112757537971227E-03
     114   9.8108913385826767E+01       64   2.4610156249999999E+00   6.0816198658257391E-03
 
     115   9.8977133858267706E+01        1   5.0000000000000001E-03   5.9138179750109055E+02
     115   9.8977133858267706E+01        2   4.3984374999999999E-02   5.3552602921149010E+01
     115   9.8977133858267706E+01        3   8.2968750000000008E-02   2.1027811022566102E+01
     115   9.8977133858267706E+01        4   1.2195312500000001E-01   1.2528330600313364E+01
     115   9.8977133858267706E+01        5   1.6093750000000001E-01   1.5105445165871179E+01
     115   9.8977133858267706E+01        6   1.9992187500000000E-01   1.6664264055980976E+01
     115   9.8977133858267706E+01        7   2.3890625000000001E-01   1.3906068727206183E+01
     115   9.8977133858267706E+01        8   2.7789062500000000E-01   1.2942506146485783E+01
     115   9.8977133858267706E+01        9   3.1687500000000002E-01   1.0904524056859403E+01
     115   9.8977133858267706E+01       10   3.5585937500000003E-01   7.4378763146927032E+00
     115   9.8977133858267706E+01       11   3.9484374999999999E-01   6.0227818303227414E+00
     115   9.8977133858267706E+01       12   4.3382812500000001E-01   2.4795689537963321E+00
     115   9.8977133858267706E+01       13   4.7281250000000002E-01   3.6695763126364644E+00
     115   9.8977133858267706E+01       14   5.1179687500000004E-01   2.9271304081277290E+00
     115   9.8977133858267706E+01       15   5.5078125000000000E-01   3.7960645303064586E+00
     115   9.8977133858267706E+01       16   5.8976562500000007E-01   5.1432086100121044E+00
     115   9.8977133858267706E+01       17   6.2875000000000003E-01   6.0018526071112097E+00
     115   9.8977133858267706E+01       18   6.6773437499999999E-01   5.4822948265403744E+00
     115   9.8977133858267706E+01       19   7.0671875000000006E-01   3.0662699410096899E+00
     115   9.8977133858267706E+01       20   7.4570312500000002E-01   9.0953382323562637E-01
     115   9.8977133858267706E+01       21   7.8468749999999998E-01   3.7847608879263672E-01
     115   9.8977133858267706E+01       22   8.2367187500000005E-01   1.4804666689901613E-01
     115   9.8977133858267706E+01       23   8.6265625000000001E-01   1.6484261590815216E-01
     115   9.8977133858267706E+01       24   9.0164062500000008E-01   3.9800363101369463E-01
     115   9.8977133858267706E+01       25   9.4062500000000004E-01   4.6614262177433041E-01
     115   9.8977133858267706E+01       26   9.7960937500000000E-01   2.4828530906321858E-01
     115   9.8977133858267706E+01       27   1.0185937500000000E+00   1.2654099781040504E-01
     115   9.8977133858267706E+01       28   1.0575781250000000E+00   1.0451299034757892E-01
     115   9.8977133858267706E+01       29   1.0965625000000001E+00   1.1746321217425970E-01
     115   9.8977133858267706E+01       30   1.1355468750000000E+00   1.2239499397386976E-01
     115   9.8977133858267706E+01       31   1.1745312500000000E+00   4.7764934612457052E-02
     115   9.8977133858267706E+01       32   1.2135156250000001E+00   6.1611543664516148E-02
     115   9.8977133858267706E+01       33   1.2524999999999999E+00   5.6008521764402915E-02
     115   9.8977133858267706E+01       34   1.2914843750000000E+00   3.1814872782216494E-02
     115   9.8977133858267706E+01       35   1.3304687500000001E+00   3.4788113475379086E-02
     115   9.8977133858267706E+01       36   1.3694531250000002E+00   3.8210342350169943E-02
     115   9.8977133858267706E+01       37   1.4084375000000000E+00   1.0717906973547525E-02
     115   9.8977133858267706E+01       38   1.4474218750000001E+00   1.9678448715515846E-02
     115   9.8977133858267706E+01       39   1.4864062500000002E+00   1.0409530441894417E-02
     115   9.8977133858267706E+01       40   1.5253906250000000E+00   5.3355587927267998E-03
     115   9.8977133858267706E+01       41   1.5643750000000001E+00   8.5468443488907232E-03
     115   9.8977133858267706E+01       42   1.6033593750000001E+00   4.6108227319019953E-03
     115   9.8977133858267706E+01       43   1.6423437500000000E+00   5.4289540041550137E-03
     115   9.8977133858267706E+01       44   1.6813281250000001E+00   9.0249440034590681E-03
     115   9.8977133858267706E+01       45   1.7203125000000001E+00   4.4472329731475900E-03
     115   9.8977133858267706E+01       46   1.7592968750000000E+00   1.9057556604553591E-03
     115   9.8977133858267706E+01       47   1.7982812500000001E+00   3.1954573773884339E-03
     115   9.8977133858267706E+01       48   1.8372656250000001E+00   1.9443183504245297E-03
     115   9.8977133858267706E+01       49   1.8762500000000000E+00   2.8046296722106972E-03
     115   9.8977133858267706E+01       50   1.9152343750000000E+00   5.3594195022103937E-03
     115   9.8977133858267706E+01       51   1.9542187500000001E+00   4.2183982180268448E-03
     115   9.8977133858267706E+01       52   1.9932031250000002E+00   4.4557904976934778E-03
     115   9.8977133858267706E+01       53   2.0321875000000000E+00   4.0850123071683635E-03
     115   9.8977133858267706E+01       54   2.0711718750000001E+00   2.2529332038380956E-03
     115   9.8977133858267706E+01       55   2.1101562500000002E+00   3.9848133839242069E-03
     115   9.8977133858267706E+01       56   2.1491406250000002E+00   2.7392602557474478E-03
     115   9.8977133858267706E+01       57   2.1881249999999999E+00   4.0332866146624161E-03
     115   9.8977133858267706E+01       58   2.2271093749999999E+00   2.0624067994501672E-03
     115   9.8977133858267706E+01       59   2.2660937500000000E+00   4.0596447278210008E-03
     115   9.8977133858267706E+01       60   2.3050781250000001E+00   2.3433594301838796E-03
     115   9.8977133858267706E+01       61   2.3440625000000002E+00   5.8707689330275894E-03
     115   9.8977133858267706E+01       62   2.3830468750000002E+00   5.3666022576663161E-03
     115   9.8977133858267706E+01       63   2.4220312500000003E+00   2.7893604181017150E-03
     115   9.8977133858267706E+01       64   2.4610156249999999E+00   6.1155642664025116E-03
 
     116   9.9845354330708645E+01        1   5.0000000000000001E-03   5.9647621268252146E+02
     116   9.9845354330708645E+01        2   4.3984374999999999E-02   5.3489656129310255E+01
     116   9.9845354330708645E+01        3   8.2968750000000008E-02   2.0949188870683383E+01
     116   9.9845354330708645E+01        4   1.2195312500000001E-01   1.2683093698516124E+01
     116   9.9845354330708645E+01        5   1.6093750000000001E-01   1.5288008899063341E+01
     116   9.9845354330708645E+01        6   1.9992187500000000E-01   1.6499925992197056E+01
     116   9.9845354330708645E+01        7   2.3890625000000001E-01   1.3587151730779516E+01
     116   9.9845354330708645E+01        8   2.7789062500000000E-01   1.3031373569535313E+01
     116   9.9845354330708645E+01        9   3.1687500000000002E-01   1.0831170020569022E+01
     116   9.9845354330708645E+01       10   3.5585937500000003E-01   7.2715926120176420E+00
     116   9.9845354330708645E+01       11   3.9484374999999999E-01   6.0158007306943064E+00
     116   9.9845354330708645E+01       12   4.3382812500000001E-01   2.4057422432739926E+00
     116   9.9845354330708645E+01       13   4.7281250000000002E-01   3.6978815090286918E+00
     116   9.9845354330708645E+01       14   5.1179687500000004E-01   2.8745051525509000E+00
     116   9.9845354330708645E+01       15   5.5078125000000000E-01   3.9035350295462390E+00
     116   9.9845354330708645E+01       16   5.8976562500000007E-01   5.3844391314840356E+00
     116   9.9845354330708645E+01       17   6.2875000000000003E-01   6.1064053521729544E+00
     116   9.9845354330708645E+01       18   6.6773437499999999E-01   5.4895153413783131E+00
     116   9.9845354330708645E+01       19   7.0671875000000006E-01   2.9807030243651149E+00
     116   9.9845354330708645E+01       20   7.4570312500000002E-01   8.7120518843987094E-01
     116   9.9845354330708645E+01       21   7.8468749999999998E-01   4.0405476853223271E-01
     116   9.9845354330708645E+01       22   8.2367187500000005E-01   1.7314411928953827E-01
     116   9.9845354330708645E+01       23   8.6265625000000001E-01   1.6679095251997486E-01
     116   9.9845354330708645E+01       24   9.0164062500000008E-01   3.7523859100034745E-01
     116   9.9845354330708645E+01       25   9.4062500000000004E-01   4.3400396122191914E-01
     116   9.9845354330708645E+01       26   9.7960937500000000E-01   2.5600988370863714E-01
     116   9.9845354330708645E+01       27   1.0185937500000000E+00   1.2322723449050865E-01
     116   9.9845354330708645E+01       28   1.0575781250000000E+00   1.1746967979281936E-01
     116   9.9845354330708645E+01       29   1.0965625000000001E+00   1.1453896304520124E-01
     116   9.9845354330708645E+01       30   1.1355468750000000E+00   1.3867315591187340E-01
     116   9.9845354330708645E+01       31   1.1745312500000000E+00   5.5892600516709773E-02
     116   9.9845354330708645E+01       32   1.2135156250000001E+00   5.7779925976624992E-02
     116   9.9845354330708645E+01       33   1.2524999999999999E+00   5.7488493759765842E-02
     116   9.9845354330708645E+01       34   1.2914843750000000E+00   3.2185555039544823E-02
     116   9.9845354330708645E+01       35   1.3304687500000001E+00   3.1798773517574194E-02
     116   9.9845354330708645E+01       36   1.3694531250000002E+00   3.9568335432088028E-02
     116   9.9845354330708645E+01       37   1.4084375000000000E+00   9.8270852718588472E-03
     116   9.9845354330708645E+01       38   1.4474218750000001E+00   1.8955146554972550E-02
     116   9.9845354330708645E+01       39   1.4864062500000002E+00   1.0715282131679211E-02
     116   9.9845354330708645E+01       40   1.5253906250000000E+00   4.9307317697761654E-03
     116   9.9845354330708645E+01       41   1.5643750000000001E+00   8.0858309196990344E-03
     116   9.9845354330708645E+01       42   1.6033593750000001E+00   4.5079561448206681E-03
     116   9.9845354330708645E+01       43   1.6423437500000000E+00   6.3298295638004945E-03
     116   9.9845354330708645E+01       44   1.6813281250000001E+00   9.3344719675555292E-03
     116   9.9845354330708645E+01       45   1.7203125000000001E+00   4.0406341736287845E-03
     116   9.9845354330708645E+01       46   1.7592968750000000E+00   1.9943419590576603E-03
     116   9.9845354330708645E+01       47   1.7982812500000001E+00   3.6741028513099854E-03
     116   9.9845354330708645E+01       48   1.8372656250000001E+00   1.8905832289260903E-03
     116   9.9845354330708645E+01       49   1.8762500000000000E+00   3.0948589855356950E-03
     116   9.9845354330708645E+01       50   1.9152343750000000E+00   4.9098208671335365E-03
     116   9.9845354330708645E+01       51   1.9542187500000001E+00   4.4490522748817686E-03
     116   9.9845354330708645E+01       52   1.9932031250000002E+00   3.9763739721323200E-03
     116   9.9845354330708645E+01       53   2.0321875000000000E+00   3.5579112524905228E-03
     116   9.9845354330708645E+01       54   2.0711718750000001E+00   2.4611417859713887E-03
     116   9.9845354330708645E+01       55   2.1101562500000002E+00   4.2803460358967716E-03
     116   9.9845354330708645E+01       56   2.1491406250000002E+00   2.9272087768520642E-03
     116   9.9845354330708645E+01       57   2.1881249999999999E+00   4.4209696132939550E-03
     116   9.9845354330708645E+01       58   2.2271093749999999E+00   2.1020456752617947E-03
     116   9.9845354330708645E+01       59   2.2660937500000000E+00   3.8963238923733715E-03
     116   9.9845354330708645E+01       60   2.3050781250000001E+00   2.1781903164452806E-03
     116   9.9845354330708645E+01       61   2.3440625000000002E+00   5.6160681511795629E-03
     116   9.9845354330708645E+01       62   2.3830468750000002E+00   5.0914120409654255E-03
     116   9.9845354330708645E+01       63   2.4220312500000003E+00   2.6405458103025427E-03
     116   9.9845354330708645E+01       64   2.4610156249999999E+00   6.2474243883078760E-03
 
     117   1.0071357480314960E+02        1   5.0000000000000001E-03   6.0390741516286232E+02
     117   1.0071357480314960E+02        2   4.3984374999999999E-02   5.3496007368518249E+01
     117   1.0071357480314960E+02        3   8.2968750000000008E-02   2.0807389645186518E+01
     117   1.0071357480314960E+02        4   1.2195312500000001E-01   1.2740628240702454E+01
     117   1.0071357480314960E+02        5   1.6093750000000001E-01   1.5315196549622160E+01
     117   1.0071357480314960E+02        6   1.9992187500000000E-01   1.6231345213330201E+01
     117   1.0071357480314960E+02        7   2.3890625000000001E-01   1.3328020270548526E+01
     117   1.0071357480314960E+02        8   2.7789062500000000E-01   1.3147871636571576E+01
     117   1.0071357480314960E+02        9   3.1687500000000002E-01   1.0691166661940384E+01
     117   1.0071357480314960E+02       10   3.5585937500000003E-01   7.1857985956983930E+00
     117   1.0071357480314960E+02       11   3.9484374999999999E-01   6.0008284918949180E+00
     117   1.0071357480314960E+02       12   4.3382812500000001E-01   2.3864396415219300E+00
     117   1.0071357480314960E+02       13   4.7281250000000002E-01   3.7192726526032636E+00
     117   1.0071357480314960E+02       14   5.1179687500000004E-01   2.9100882147466618E+00
     117   1.0071357480314960E+02       15   5.5078125000000000E-01   4.0359447541024105E+00
     117   1.0071357480314960E+02       16   5.8976562500000007E-01   5.6023090042466031E+00
     117   1.0071357480314960E+02       17   6.2875000000000003E-01   6.0664575996074195E+00
     117   1.0071357480314960E+02       18   6.6773437499999999E-01   5.4039051300701404E+00
     117   1.0071357480314960E+02       19   7.0671875000000006E-01   2.9433650833837315E+00
     117   1.0071357480314960E+02       20   7.4570312500000002E-01   8.6667417208715158E-01
     117   1.0071357480314960E+02       21   7.8468749999999998E-01   4.1245870902529691E-01
     117   1.0071357480314960E+02       22   8.2367187500000005E-01   2.0360794461473769E-01
     117   1.0071357480314960E+02       23   8.6265625000000001E-01   1.7769920149405624E-01
     117   1.0071357480314960E+02       24   9.0164062500000008E-01   3.4380837194112546E-01
     117   1.0071357480314960E+02       25   9.4062500000000004E-01   4.2212471490757025E-01
     117   1.0071357480314960E+02       26   9.7960937500000000E-01   2.5693062059121990E-01
     117   1.0071357480314960E+02       27   1.0185937500000000E+00   1.0959567336958835E-01
     117   1.0071357480314960E+02       28   1.0575781250000000E+00   1.2426079664160236E-01
     117   1.0071357480314960E+02       29   1.0965625000000001E+00   1.1038840408318371E-01
     117   1.0071357480314960E+02       30   1.1355468750000000E+00   1.4597988117973679E-01
     117   1.0071357480314960E+02       31   1.1745312500000000E+00   6.7186538410455673E-02
     117   1.0071357480314960E+02       32   1.2135156250000001E+00   5.5995358017763619E-02
     117   1.0071357480314960E+02       33   1.2524999999999999E+00   5.5552393387895097E-02
     117   1.0071357480314960E+02       34   1.2914843750000000E+00   3.2392052449281339E-02
     117   1.0071357480314960E+02       35   1.3304687500000001E+00   2.7971364428437666E-02
     117   1.0071357480314960E+02       36   1.3694531250000002E+00   3.7594062589228490E-02
     117   1.0071357480314960E+02       37   1.4084375000000000E+00   9.9357392391890478E-03
     117   1.0071357480314960E+02       38   1.4474218750000001E+00   1.8814828866584535E-02
     117   1.0071357480314960E+02       39   1.4864062500000002E+00   1.2914041192135690E-02
     117   1.0071357480314960E+02       40   1.5253906250000000E+00   5.4907517663171654E-03
     117   1.0071357480314960E+02       41   1.5643750000000001E+00   8.9238285580944959E-03
     117   1.0071357480314960E+02       42   1.6033593750000001E+00   4.2504966199030849E-03
     117   1.0071357480314960E+02       43   1.6423437500000000E+00   6.5446445456174736E-03
     117   1.0071357480314960E+02       44   1.6813281250000001E+00   8.5480022078152987E-03
     117   1.0071357480314960E+02       45   1.7203125000000001E+00   4.4784671781335416E-03
     117   1.0071357480314960E+02       46   1.7592968750000000E+00   1.8838847551103095E-03
     117   1.0071357480314960E+02       47   1.7982812500000001E+00   4.0781292663709225E-03
     117   1.0071357480314960E+02       48   1.8372656250000001E+00   1.7324495965997356E-03
     117   1.0071357480314960E+02       49   1.8762500000000000E+00   3.5919021368306320E-03
     117   1.0071357480314960E+02       50   1.9152343750000000E+00   4.2686831684582887E-03
     117   1.0071357480314960E+02       51   1.9542187500000001E+00   4.4756212189981095E-03
     117   1.0071357480314960E+02       52   1.9932031250000002E+00   3.7226111652512118E-03
     117   1.0071357480314960E+02       53   2.0321875000000000E+00   3.2677098349410865E-03
     117   1.0071357480314960E+02       54   2.0711718750000001E+00   2.8092271594951450E-03
     117   1.0071357480314960E+02       55   2.1101562500000002E+00   4.8273915727341608E-03
     117   1.0071357480314960E+02       56   2.1491406250000002E+00   3.1277918354634922E-03
     117   1.0071357480314960E+02       57   2.1881249999999999E+00   4.6327642782361955E-03
     117   1.0071357480314960E+02       58   2.2271093749999999E+00   2.0169960792047761E-03
     117   1.0071357480314960E+02       59   2.2660937500000000E+00   3.5628042526960127E-03
     117   1.0071357480314960E+02       60   2.3050781250000001E+00   2.0594288750497227E-03
     117   1.0071357480314960E+02       61   2.3440625000000002E+00   5.6078451784772922E-03
     117   1.0071357480314960E+02       62   2.3830468750000002E+00   5.0262765194700760E-03
     117   1.0071357480314960E+02       63   2.4220312500000003E+00   2.5543128156137337E-03
     117   1.0071357480314960E+02       64   2.4610156249999999E+00   6.3553887458216805E-03
 
     118   1.0158179527559054E+02        1   5.0000000000000001E-03   6.1295793003300810E+02
     118   1.0158179527559054E+02        2   4.3984374999999999E-02   5.3609080931009778E+01
     118   1.0158179527559054E+02        3   8.2968750000000008E-02   2.0641315667165749E+01
     118   1.0158179527559054E+02        4   1.2195312500000001E-01   1.2716314825636418E+01
     118   1.0158179527559054E+02        5   1.6093750000000001E-01   1.5220803832627482E+01
     118   1.0158179527559054E+02        6   1.9992187500000000E-01   1.5935057243186268E+01
     118   1.0158179527559054E+02        7   2.3890625000000001E-01   1.3197411705703891E+01
     118   1.0158179527559054E+02        8   2.7789062500000000E-01   1.3313960990091449E+01
     118   1.0158179527559054E+02        9   3.1687500000000002E-01   1.0541541694690544E+01
     118   1.0158179527559054E+02       10   3.5585937500000003E-01   7.2199326468063916E+00
     118   1.0158179527559054E+02       11   3.9484374999999999E-01   6.0006455839680610E+00
     118   1.0158179527559054E+02       12   4.3382812500000001E-01   2.4277303066942730E+00
     118   1.0158179527559054E+02       13   4.7281250000000002E-01   3.7327163625175848E+00
     118   1.0158179527559054E+02       14   5.1179687500000004E-01   3.0102217567214837E+00
     118   1.0158179527559054E+02       15   5.5078125000000000E-01   4.1230586621515117E+00
     118   1.0158179527559054E+02       16   5.8976562500000007E-01   5.6989797475866180E+00
     118   1.0158179527559054E+02       17   6.2875000000000003E-01   5.8899206885840654E+00
     118   1.0158179527559054E+02       18   6.6773437499999999E-01   5.2979249951226297E+00
     118   1.0158179527559054E+02       19   7.0671875000000006E-01   2.9925236279385330E+00
     118   1.0158179527559054E+02       20   7.4570312500000002E-01   8.8651533162072593E-01
     118   1.0158179527559054E+02       21   7.8468749999999998E-01   3.9510833126440398E-01
     118   1.0158179527559054E+02       22   8.2367187500000005E-01   2.2963110633805134E-01
     118   1.0158179527559054E+02       23   8.6265625000000001E-01   1.9109175205733017E-01
     118   1.0158179527559054E+02       24   9.0164062500000008E-01   3.2733012166355357E-01
     118   1.0158179527559054E+02       25   9.4062500000000004E-01   4.3589058522904583E-01
     118   1.0158179527559054E+02       26   9.7960937500000000E-01   2.4335912815611127E-01
     118   1.0158179527559054E+02       27   1.0185937500000000E+00   9.5495042128264984E-02
     118   1.0158179527559054E+02       28   1.0575781250000000E+00   1.1986313739972876E-01
     118   1.0158179527559054E+02       29   1.0965625000000001E+00   1.1012471083791346E-01
     118   1.0158179527559054E+02       30   1.1355468750000000E+00   1.3889723716998964E-01
     118   1.0158179527559054E+02       31   1.1745312500000000E+00   7.5658921309553012E-02
     118   1.0158179527559054E+02       32   1.2135156250000001E+00   5.7223956757219266E-02
     118   1.0158179527559054E+02       33   1.2524999999999999E+00   5.2475378234926838E-02
     118   1.0158179527559054E+02       34   1.2914843750000000E+00   3.1571441731544581E-02
     118   1.0158179527559054E+02       35   1.3304687500000001E+00   2.6215164103490705E-02
     118   1.0158179527559054E+02       36   1.3694531250000002E+00   3.3600433515907698E-02
     118   1.0158179527559054E+02       37   1.4084375000000000E+00   1.0750688222292141E-02
     118   1.0158179527559054E+02       38   1.4474218750000001E+00   1.9737019251918422E-02
     118   1.0158179527559054E+02       39   1.4864062500000002E+00   1.4593265378247367E-02
     118   1.0158179527559054E+02       40   1.5253906250000000E+00   6.2585084259392581E-03
     118   1.0158179527559054E+02       41   1.5643750000000001E+00   9.8496720282842069E-03
     118   1.0158179527559054E+02       42   1.6033593750000001E+00   4.0447768252644730E-03
     118   1.0158179527559054E+02       43   1.6423437500000000E+00   5.9981717832883570E-03
     118   1.0158179527559054E+02       44   1.6813281250000001E+00   7.4831930030786918E-03
     118   1.0158179527559054E+02       45   1.7203125000000001E+00   5.4373588898555076E-03
     118   1.0158179527559054E+02       46   1.7592968750000000E+00   1.6151913076967101E-03
     118   1.0158179527559054E+02       47   1.7982812500000001E+00   4.2409842317061332E-03
     118   1.0158179527559054E+02       48   1.8372656250000001E+00   1.4444188252802105E-03
     118   1.0158179527559054E+02       49   1.8762500000000000E+00   3.9218869306762039E-03
     118   1.0158179527559054E+02       50   1.9152343750000000E+00   3.7812892753794855E-03
     118   1.0158179527559054E+02       51   1.9542187500000001E+00   4.2411325826107876E-03
     118   1.0158179527559054E+02       52   1.9932031250000002E+00   3.7528798048334206E-03
     118   1.0158179527559054E+02       53   2.0321875000000000E+00   3.4922299480139385E-03
     118   1.0158179527559054E+02       54   2.0711718750000001E+00   3.1713142862362102E-03
     118   1.0158179527559054E+02       55   2.1101562500000002E+00   5.3282736312554070E-03
     118   1.0158179527559054E+02       56   2.1491406250000002E+00   3.1355702025901914E-03
     118   1.0158179527559054E+02       57   2.1881249999999999E+00   4.5880263693234133E-03
     118   1.0158179527559054E+02       58   2.2271093749999999E+00   1.8370406049076438E-03
     118   1.0158179527559054E+02       59   2.2660937500000000E+00   3.2137241292007866E-03
     118   1.0158179527559054E+02       60   2.3050781250000001E+00   2.0344775172338129E-03
     118   1.0158179527559054E+02       61   2.3440625000000002E+00   5.9026737801923298E-03
     118   1.0158179527559054E+02       62   2.3830468750000002E+00   5.2473623594091997E-03
     118   1.0158179527559054E+02       63   2.4220312500000003E+00   2.5776011571330380E-03
     118   1.0158179527559054E+02       64   2.4610156249999999E+00   6.3982798482006224E-03
 
     119   1.0245001574803149E+02        1   5.0000000000000001E-03   6.2281454885810842E+02
     119   1.0245001574803149E+02        2   4.3984374999999999E-02   5.3889543243847896E+01
     119   1.0245001574803149E+02        3   8.2968750000000008E-02   2.0523312749383628E+01
     119   1.0245001574803149E+02        4   1.2195312500000001E-01   1.2654887448423612E+01
     119   1.0245001574803149E+02        5   1.6093750000000001E-01   1.5058501477270701E+01
     119   1.0245001574803149E+02        6   1.9992187500000000E-01   1.5678977238074753E+01
     119   1.0245001574803149E+02        7   2.3890625000000001E-01   1.3227028970466629E+01
     119   1.0245001574803149E+02        8   2.7789062500000000E-01   1.3527399867129811E+01
     119   1.0245001574803149E+02        9   3.1687500000000002E-01   1.0420313754534616E+01
     119   1.0245001574803149E+02       10   3.5585937500000003E-01   7.3722549651375600E+00
     119   1.0245001574803149E+02       11   3.9484374999999999E-01   6.0149490444831795E+00
     119   1.0245001574803149E+02       12   4.3382812500000001E-01   2.5131564790105454E+00
     119   1.0245001574803149E+02       13   4.7281250000000002E-01   3.7215411471570992E+00
     119   1.0245001574803149E+02       14   5.1179687500000004E-01   3.1241188195443064E+00
     119   1.0245001574803149E+02       15   5.5078125000000000E-01   4.1071739084785959E+00
     119   1.0245001574803149E+02       16   5.8976562500000007E-01   5.6446391902448072E+00
     119   1.0245001574803149E+02       17   6.2875000000000003E-01   5.6627610672353930E+00
     119   1.0245001574803149E+02       18   6.6773437499999999E-01   5.2505334879053400E+00
     119   1.0245001574803149E+02       19   7.0671875000000006E-01   3.1145629391374836E+00
     119   1.0245001574803149E+02       20   7.4570312500000002E-01   9.0540740702127420E-01
     119   1.0245001574803149E+02       21   7.8468749999999998E-01   3.5606139985206064E-01
     119   1.0245001574803149E+02       22   8.2367187500000005E-01   2.4235099671558208E-01
     119   1.0245001574803149E+02       23   8.6265625000000001E-01   2.0468618062602686E-01
     119   1.0245001574803149E+02       24   9.0164062500000008E-01   3.4164024503718482E-01
     119   1.0245001574803149E+02       25   9.4062500000000004E-01   4.5755053009747365E-01
     119   1.0245001574803149E+02       26   9.7960937500000000E-01   2.2236325276922714E-01
     119   1.0245001574803149E+02       27   1.0185937500000000E+00   8.8682214466624359E-02
     119   1.0245001574803149E+02       28   1.0575781250000000E+00   1.0788363668058100E-01
     119   1.0245001574803149E+02       29   1.0965625000000001E+00   1.1334183457186423E-01
     119   1.0245001574803149E+02       30   1.1355468750000000E+00   1.2113276405169288E-01
     119   1.0245001574803149E+02       31   1.1745312500000000E+00   7.6164742268026886E-02
     119   1.0245001574803149E+02       32   1.2135156250000001E+00   6.0498514090908610E-02
     119   1.0245001574803149E+02       33   1.2524999999999999E+00   5.0543107678864788E-02
     119   1.0245001574803149E+02       34   1.2914843750000000E+00   3.0556889992507334E-02
     119   1.0245001574803149E+02       35   1.3304687500000001E+00   2.7222111319021997E-02
     119   1.0245001574803149E+02       36   1.3694531250000002E+00   3.0294267651662172E-02
     119   1.0245001574803149E+02       37   1.4084375000000000E+00   1.1325733272457155E-02
     119   1.0245001574803149E+02       38   1.4474218750000001E+00   2.0456893295896103E-02
     119   1.0245001574803149E+02       39   1.4864062500000002E+00   1.4073488286885545E-02
     119   1.0245001574803149E+02       40   1.5253906250000000E+00   6.3898690911156249E-03
     119   1.0245001574803149E+02       41   1.5643750000000001E+00   9.5462361298263593E-03
     119   1.0245001574803149E+02       42   1.6033593750000001E+00   4.0092332487924511E-03
     119   1.0245001574803149E+02       43   1.6423437500000000E+00   5.8159713517168775E-03
     119   1.0245001574803149E+02       44   1.6813281250000001E+00   7.3473888864122854E-03
     119   1.0245001574803149E+02       45   1.7203125000000001E+00   6.0191986868354452E-03
     119   1.0245001574803149E+02       46   1.7592968750000000E+00   1.4281173429913168E-03
     119   1.0245001574803149E+02       47   1.7982812500000001E+00   4.0850361978786798E-03
     119   1.0245001574803149E+02       48   1.8372656250000001E+00   1.3167838369680584E-03
     119   1.0245001574803149E+02       49   1.8762500000000000E+00   3.9855427443290410E-03
     119   1.0245001574803149E+02       50   1.9152343750000000E+00   3.6506658498928739E-03
     119   1.0245001574803149E+02       51   1.9542187500000001E+00   3.8666848306353617E-03
     119   1.0245001574803149E+02       52   1.9932031250000002E+00   4.0242299976719119E-03
     119   1.0245001574803149E+02       53   2.0321875000000000E+00   4.1465746261743807E-03
     119   1.0245001574803149E+02       54   2.0711718750000001E+00   3.3884410120441329E-03
     119   1.0245001574803149E+02       55   2.1101562500000002E+00   5.5583108561866280E-03
     119   1.0245001574803149E+02       56   2.1491406250000002E+00   2.9293321535538656E-03
     119   1.0245001574803149E+02       57   2.1881249999999999E+00   4.3748865004385531E-03
     119   1.0245001574803149E+02       58   2.2271093749999999E+00   1.6299841557409643E-03
     119   1.0245001574803149E+02       59   2.2660937500000000E+00   2.9641362088454414E-03
     119   1.0245001574803149E+02       60   2.3050781250000001E+00   2.0645224244493022E-03
     119   1.0245001574803149E+02       61   2.3440625000000002E+00   6.2666603850136116E-03
     119   1.0245001574803149E+02       62   2.3830468750000002E+00   5.6490598154663903E-03
     119   1.0245001574803149E+02       63   2.4220312500000003E+00   2.7267450161143100E-03
     119   1.0245001574803149E+02       64   2.4610156249999999E+00   6.3815832567595560E-03
 
     120   1.0331823622047243E+02        1   5.0000000000000001E-03   6.3238647211013824E+02
     120   1.0331823622047243E+02        2   4.3984374999999999E-02   5.4374166889513575E+01
     120   1.0331823622047243E+02        3   8.2968750000000008E-02   2.0526509801432056E+01
     120   1.0331823622047243E+02        4   1.2195312500000001E-01   1.2607536341471153E+01
     120   1.0331823622047243E+02        5   1.6093750000000001E-01   1.4879834944744029E+01
     120   1.0331823622047243E+02        6   1.9992187500000000E-01   1.5500068504000515E+01
     120   1.0331823622047243E+02        7   2.3890625000000001E-01   1.3398831549018418E+01
     120   1.0331823622047243E+02        8   2.7789062500000000E-01   1.3754019520351626E+01
     120   1.0331823622047243E+02        9   3.1687500000000002E-01   1.0333649216395230E+01
     120   1.0331823622047243E+02       10   3.5585937500000003E-01   7.5964119207219420E+00
     120   1.0331823622047243E+02       11   3.9484374999999999E-01   6.0192168550341716E+00
     120   1.0331823622047243E+02       12   4.3382812500000001E-01   2.6106995365517012E+00
     120   1.0331823622047243E+02       13   4.7281250000000002E-01   3.6628720885636969E+00
     120   1.0331823622047243E+02       14   5.1179687500000004E-01   3.1987574279499489E+00
     120   1.0331823622047243E+02       15   5.5078125000000000E-01   3.9757683481875477E+00
     120   1.0331823622047243E+02       16   5.8976562500000007E-01   5.4919536515481724E+00
     120   1.0331823622047243E+02       17   6.2875000000000003E-01   5.5051254115385309E+00
     120   1.0331823622047243E+02       18   6.6773437499999999E-01   5.2938989959958969E+00
     120   1.0331823622047243E+02       19   7.0671875000000006E-01   3.2468397680724959E+00
     120   1.0331823622047243E+02       20   7.4570312500000002E-01   9.0339728553335086E-01
     120   1.0331823622047243E+02       21   7.8468749999999998E-01   3.1125623120649676E-01
     120   1.0331823622047243E+02       22   8.2367187500000005E-01   2.3766934894842695E-01
     120   1.0331823622047243E+02       23   8.6265625000000001E-01   2.2026880304778526E-01
     120   1.0331823622047243E+02       24   9.0164062500000008E-01   3.7926770332290943E-01
     120   1.0331823622047243E+02       25   9.4062500000000004E-01   4.6602543551362569E-01
     120   1.0331823622047243E+02       26   9.7960937500000000E-01   2.1148944101836289E-01
     120   1.0331823622047243E+02       27   1.0185937500000000E+00   8.9462346685509245E-02
     120   1.0331823622047243E+02       28   1.0575781250000000E+00   9.7254364168345084E-02
     120   1.0331823622047243E+02       29   1.0965625000000001E+00   1.1494077374504587E-01
     120   1.0331823622047243E+02       30   1.1355468750000000E+00   1.0378788480990023E-01
     120   1.0331823622047243E+02       31   1.1745312500000000E+00   6.7646101911636114E-02
     120   1.0331823622047243E+02       32   1.2135156250000001E+00   6.3989910319150883E-02
     120   1.0331823622047243E+02       33   1.2524999999999999E+00   5.0536122600229716E-02
     120   1.0331823622047243E+02       34   1.2914843750000000E+00   3.0870032543485800E-02
     120   1.0331823622047243E+02       35   1.3304687500000001E+00   3.0510868657055368E-02
     120   1.0331823622047243E+02       36   1.3694531250000002E+00   3.0656834283412333E-02
     120   1.0331823622047243E+02       37   1.4084375000000000E+00   1.1122584259535878E-02
     120   1.0331823622047243E+02       38   1.4474218750000001E+00   1.9530900461912491E-02
     120   1.0331823622047243E+02       39   1.4864062500000002E+00   1.1800249672858431E-02
     120   1.0331823622047243E+02       40   1.5253906250000000E+00   5.8208435621851431E-03
     120   1.0331823622047243E+02       41   1.5643750000000001E+00   8.4891859796980881E-03
     120   1.0331823622047243E+02       42   1.6033593750000001E+00   4.2069728950860702E-03
     120   1.0331823622047243E+02       43   1.6423437500000000E+00   6.2847354812907751E-03
     120   1.0331823622047243E+02       44   1.6813281250000001E+00   8.2277723119527323E-03
     120   1.0331823622047243E+02       45   1.7203125000000001E+00   5.6549902285411733E-03
     120   1.0331823622047243E+02       46   1.7592968750000000E+00   1.5444917101517888E-03
     120   1.0331823622047243E+02       47   1.7982812500000001E+00   3.5418962721741223E-03
     120   1.0331823622047243E+02       48   1.8372656250000001E+00   1.5368951609868058E-03
     120   1.0331823622047243E+02       49   1.8762500000000000E+00   3.7508007692057667E-03
     120   1.0331823622047243E+02       50   1.9152343750000000E+00   3.9141476854574102E-03
     120   1.0331823622047243E+02       51   1.9542187500000001E+00   3.6528415452766441E-03
     120   1.0331823622047243E+02       52   1.9932031250000002E+00   4.4226787260131491E-03
     120   1.0331823622047243E+02       53   2.0321875000000000E+00   4.7542805513947663E-03
     120   1.0331823622047243E+02       54   2.0711718750000001E+00   3.3085190215648625E-03
     120   1.0331823622047243E+02       55   2.1101562500000002E+00   5.4480163639490462E-03
     120   1.0331823622047243E+02       56   2.1491406250000002E+00   2.6493375335601820E-03
     120   1.0331823622047243E+02       57   2.1881249999999999E+00   4.0615479560671347E-03
     120   1.0331823622047243E+02       58   2.2271093749999999E+00   1.4853047269044396E-03
     120   1.0331823622047243E+02       59   2.2660937500000000E+00   2.8556148856155698E-03
     120   1.0331823622047243E+02       60   2.3050781250000001E+00   2.1063277705191206E-03
     120   1.0331823622047243E+02       61   2.3440625000000002E+00   6.4954215670777931E-03
     120   1.0331823622047243E+02       62   2.3830468750000002E+00   5.9978150380653582E-03
     120   1.0331823622047243E+02       63   2.4220312500000003E+00   2.9536667052411938E-03
     120   1.0331823622047243E+02       64   2.4610156249999999E+00   6.3302823329781177E-03
 
     121   1.0418645669291338E+02        1   5.0000000000000001E-03   6.4037223212913977E+02
     121   1.0418645669291338E+02        2   4.3984374999999999E-02   5.5041059831667866E+01
     121   1.0418645669291338E+02        3   8.2968750000000008E-02   2.0691146456767445E+01
     121   1.0418645669291338E+02        4   1.2195312500000001E-01   1.2607821457171795E+01
     121   1.0418645669291338E+02        5   1.6093750000000001E-01   1.4716094836694321E+01
     121   1.0418645669291338E+02        6   1.9992187500000000E-01   1.5396516122273223E+01
     121   1.0418645669291338E+02        7   2.3890625000000001E-01   1.3650386284962206E+01
     121   1.0418645669291338E+02        8   2.7789062500000000E-01   1.3935328278582672E+01
     121   1.0418645669291338E+02        9   3.1687500000000002E-01   1.0259049595197679E+01
     121   1.0418645669291338E+02       10   3.5585937500000003E-01   7.8169620421561739E+00
     121   1.0418645669291338E+02       11   3.9484374999999999E-01   5.9783798622267081E+00
     121   1.0418645669291338E+02       12   4.3382812500000001E-01   2.6857477375105421E+00
     121   1.0418645669291338E+02       13   4.7281250000000002E-01   3.5440568555619292E+00
     121   1.0418645669291338E+02       14   5.1179687500000004E-01   3.2042579220273093E+00
     121   1.0418645669291338E+02       15   5.5078125000000000E-01   3.7730910576787133E+00
     121   1.0418645669291338E+02       16   5.8976562500000007E-01   5.3442452081585197E+00
     121   1.0418645669291338E+02       17   6.2875000000000003E-01   5.5044116289580476E+00
     121   1.0418645669291338E+02       18   6.6773437499999999E-01   5.3907966908899674E+00
     121   1.0418645669291338E+02       19   7.0671875000000006E-01   3.3138602937162331E+00
     121   1.0418645669291338E+02       20   7.4570312500000002E-01   8.8218300557325380E-01
     121   1.0418645669291338E+02       21   7.8468749999999998E-01   2.7997561526544029E-01
     121   1.0418645669291338E+02       22   8.2367187500000005E-01   2.1797896748512324E-01
     121   1.0418645669291338E+02       23   8.6265625000000001E-01   2.3811272996691432E-01
     121   1.0418645669291338E+02       24   9.0164062500000008E-01   4.1424109431512202E-01
     121   1.0418645669291338E+02       25   9.4062500000000004E-01   4.5815359004397349E-01
     121   1.0418645669291338E+02       26   9.7960937500000000E-01   2.2216875176321987E-01
     121   1.0418645669291338E+02       27   1.0185937500000000E+00   9.3709762734871666E-02
     121   1.0418645669291338E+02       28   1.0575781250000000E+00   9.3901056120925877E-02
     121   1.0418645669291338E+02       29   1.0965625000000001E+00   1.1238227345536728E-01
     121   1.0418645669291338E+02       30   1.1355468750000000E+00   9.6915662145730511E-02
     121   1.0418645669291338E+02       31   1.1745312500000000E+00   5.4653128394528641E-02
     121   1.0418645669291338E+02       32   1.2135156250000001E+00   6.5508605849730089E-02
     121   1.0418645669291338E+02       33   1.2524999999999999E+00   5.2473461046635507E-02
     121   1.0418645669291338E+02       34   1.2914843750000000E+00   3.2403621197725448E-02
     121   1.0418645669291338E+02       35   1.3304687500000001E+00   3.4691098256910871E-02
     121   1.0418645669291338E+02       36   1.3694531250000002E+00   3.5348817407666766E-02
     121   1.0418645669291338E+02       37   1.4084375000000000E+00   1.0645901522629238E-02
     121   1.0418645669291338E+02       38   1.4474218750000001E+00   1.8075759546159111E-02
     121   1.0418645669291338E+02       39   1.4864062500000002E+00   1.0037901570882064E-02
     121   1.0418645669291338E+02       40   1.5253906250000000E+00   5.1686735511137791E-03
     121   1.0418645669291338E+02       41   1.5643750000000001E+00   7.9293833666977277E-03
     121   1.0418645669291338E+02       42   1.6033593750000001E+00   4.3795710907726954E-03
     121   1.0418645669291338E+02       43   1.6423437500000000E+00   6.6701985484149389E-03
     121   1.0418645669291338E+02       44   1.6813281250000001E+00   9.4236570620034148E-03
     121   1.0418645669291338E+02       45   1.7203125000000001E+00   4.8799001694527916E-03
     121   1.0418645669291338E+02       46   1.7592968750000000E+00   1.8523525678889848E-03
     121   1.0418645669291338E+02       47   1.7982812500000001E+00   3.0025812179009827E-03
     121   1.0418645669291338E+02       48   1.8372656250000001E+00   1.9097419724376716E-03
     121   1.0418645669291338E+02       49   1.8762500000000000E+00   3.2464712686055639E-03
     121   1.0418645669291338E+02       50   1.9152343750000000E+00   4.4390955373814350E-03
     121   1.0418645669291338E+02       51   1.9542187500000001E+00   3.7586307783266165E-03
     121   1.0418645669291338E+02       52   1.9932031250000002E+00   4.7698173941066735E-03
     121   1.0418645669291338E+02       53   2.0321875000000000E+00   5.0221730229317316E-03
     121   1.0418645669291338E+02       54   2.0711718750000001E+00   3.0042120435809895E-03
     121   1.0418645669291338E+02       55   2.1101562500000002E+00   5.0910699293588288E-03
     121   1.0418645669291338E+02       56   2.1491406250000002E+00   2.3954691949133531E-03
     121   1.0418645669291338E+02       57   2.1881249999999999E+00   3.6647816897278393E-03
     121   1.0418645669291338E+02       58   2.2271093749999999E+00   1.4488100751230549E-03
     121   1.0418645669291338E+02       59   2.2660937500000000E+00   2.8897759289397635E-03
     121   1.0418645669291338E+02       60   2.3050781250000001E+00   2.1622182123589117E-03
     121   1.0418645669291338E+02       61   2.3440625000000002E+00   6.6595879958771236E-03
     121   1.0418645669291338E+02       62   2.3830468750000002E+00   6.2707590626396668E-03
     121   1.0418645669291338E+02       63   2.4220312500000003E+00   3.2333672014313191E-03
     121   1.0418645669291338E+02       64   2.4610156249999999E+00   6.3464621960242123E-03
 
     122   1.0505467716535432E+02        1   5.0000000000000001E-03   6.4546758193547350E+02
     122   1.0505467716535432E+02        2   4.3984374999999999E-02   5.5798882164172554E+01
     122   1.0505467716535432E+02        3   8.2968750000000008E-02   2.1005797040786891E+01
     122   1.0505467716535432E+02        4   1.2195312500000001E-01   1.2657836089243206E+01
     122   1.0505467716535432E+02        5   1.6093750000000001E-01   1.4569507253476916E+01
     122   1.0505467716535432E+02        6   1.9992187500000000E-01   1.5335118569148634E+01
     122   1.0505467716535432E+02        7   2.3890625000000001E-01   1.3894506679288359E+01
     122   1.0505467716535432E+02        8   2.7789062500000000E-01   1.4005206247806314E+01
     122   1.0505467716535432E+02        9   3.1687500000000002E-01   1.0159599475677933E+01
     122   1.0505467716535432E+02       10   3.5585937500000003E-01   7.9581382756690289E+00
     122   1.0505467716535432E+02       11   3.9484374999999999E-01   5.8683861776311845E+00
     122   1.0505467716535432E+02       12   4.3382812500000001E-01   2.7146593024533252E+00
     122   1.0505467716535432E+02       13   4.7281250000000002E-01   3.3758730822580723E+00
     122   1.0505467716535432E+02       14   5.1179687500000004E-01   3.1482217223595326E+00
     122   1.0505467716535432E+02       15   5.5078125000000000E-01   3.5813666309159493E+00
     122   1.0505467716535432E+02       16   5.8976562500000007E-01   5.2947534097202462E+00
     122   1.0505467716535432E+02       17   6.2875000000000003E-01   5.6625399978141431E+00
     122   1.0505467716535432E+02       18   6.6773437499999999E-01   5.4577542263211196E+00
     122   1.0505467716535432E+02       19   7.0671875000000006E-01   3.2759253481786903E+00
     122   1.0505467716535432E+02       20   7.4570312500000002E-01   8.6380961427007930E-01
     122   1.0505467716535432E+02       21   7.8468749999999998E-01   2.7302038570103526E-01
     122   1.0505467716535432E+02       22   8.2367187500000005E-01   1.9036367749370281E-01
     122   1.0505467716535432E+02       23   8.6265625000000001E-01   2.5176634245015378E-01
     122   1.0505467716535432E+02       24   9.0164062500000008E-01   4.2395989522920707E-01
     122   1.0505467716535432E+02       25   9.4062500000000004E-01   4.4994368647412319E-01
     122   1.0505467716535432E+02       26   9.7960937500000000E-01   2.4700849391953481E-01
     122   1.0505467716535432E+02       27   1.0185937500000000E+00   9.8907228920088394E-02
     122   1.0505467716535432E+02       28   1.0575781250000000E+00   9.6076248983643753E-02
     122   1.0505467716535432E+02       29   1.0965625000000001E+00   1.0936354053822760E-01
     122   1.0505467716535432E+02       30   1.1355468750000000E+00   1.0237483187291954E-01
     122   1.0505467716535432E+02       31   1.1745312500000000E+00   4.4931541780988273E-02
     122   1.0505467716535432E+02       32   1.2135156250000001E+00   6.3567751445429699E-02
     122   1.0505467716535432E+02       33   1.2524999999999999E+00   5.5607900072388250E-02
     122   1.0505467716535432E+02       34   1.2914843750000000E+00   3.3311553224141435E-02
     122   1.0505467716535432E+02       35   1.3304687500000001E+00   3.6657752405990437E-02
     122   1.0505467716535432E+02       36   1.3694531250000002E+00   4.0587241340548107E-02
     122   1.0505467716535432E+02       37   1.4084375000000000E+00   1.0715734154263939E-02
     122   1.0505467716535432E+02       38   1.4474218750000001E+00   1.8740898333608143E-02
     122   1.0505467716535432E+02       39   1.4864062500000002E+00   1.0889762364418423E-02
     122   1.0505467716535432E+02       40   1.5253906250000000E+00   5.2274329942100959E-03
     122   1.0505467716535432E+02       41   1.5643750000000001E+00   8.4636775888153239E-03
     122   1.0505467716535432E+02       42   1.6033593750000001E+00   4.3348104481605492E-03
     122   1.0505467716535432E+02       43   1.6423437500000000E+00   6.5306799798263947E-03
     122   1.0505467716535432E+02       44   1.6813281250000001E+00   9.9104846885835519E-03
     122   1.0505467716535432E+02       45   1.7203125000000001E+00   4.4508437298998666E-03
     122   1.0505467716535432E+02       46   1.7592968750000000E+00   2.0659646053644734E-03
     122   1.0505467716535432E+02       47   1.7982812500000001E+00   3.1190900718818123E-03
     122   1.0505467716535432E+02       48   1.8372656250000001E+00   2.1603158995565602E-03
     122   1.0505467716535432E+02       49   1.8762500000000000E+00   2.8544818488704816E-03
     122   1.0505467716535432E+02       50   1.9152343750000000E+00   4.9628879612600950E-03
     122   1.0505467716535432E+02       51   1.9542187500000001E+00   4.0800370976397746E-03
     122   1.0505467716535432E+02       52   1.9932031250000002E+00   4.9183562378630708E-03
     122   1.0505467716535432E+02       53   2.0321875000000000E+00   4.9702345508241064E-03
     122   1.0505467716535432E+02       54   2.0711718750000001E+00   2.6557841393438182E-03
     122   1.0505467716535432E+02       55   2.1101562500000002E+00   4.6630894893518338E-03
     122   1.0505467716535432E+02       56   2.1491406250000002E+00   2.2569262349245852E-03
     122   1.0505467716535432E+02       57   2.1881249999999999E+00   3.2984679703358783E-03
     122   1.0505467716535432E+02       58   2.2271093749999999E+00   1.4819118621023002E-03
     122   1.0505467716535432E+02       59   2.2660937500000000E+00   2.9960979777412669E-03
     122   1.0505467716535432E+02       60   2.3050781250000001E+00   2.2222310775526400E-03
     122   1.0505467716535432E+02       61   2.3440625000000002E+00   6.8132850688849287E-03
     122   1.0505467716535432E+02       62   2.3830468750000002E+00   6.4805515476912684E-03
     122   1.0505467716535432E+02       63   2.4220312500000003E+00   3.4797464130280147E-03
     122   1.0505467716535432E+02       64   2.4610156249999999E+00   6.4287488391553127E-03
 
     123   1.0592289763779526E+02        1   5.0000000000000001E-03   6.4656351684500191E+02
     123   1.0592289763779526E+02        2   4.3984374999999999E-02   5.6494284019160261E+01
     123   1.0592289763779526E+02        3   8.2968750000000008E-02   2.1406239287421695E+01
     123   1.0592289763779526E+02        4   1.2195312500000001E-01   1.2730782688864569E+01
     123   1.0592289763779526E+02        5   1.6093750000000001E-01   1.4421696848092743E+01
     123   1.0592289763779526E+02        6   1.9992187500000000E-01   1.5272270887159236E+01
     123   1.0592289763779526E+02        7   2.3890625000000001E-01   1.4047660702497330E+01
     123   1.0592289763779526E+02        8   2.7789062500000000E-01   1.3912774002535809E+01
     123   1.0592289763779526E+02        9   3.1687500000000002E-01   1.0005230079134348E+01
     123   1.0592289763779526E+02       10   3.5585937500000003E-01   7.9740103837620415E+00
     123   1.0592289763779526E+02       11   3.9484374999999999E-01   5.6945248698316613E+00
     123   1.0592289763779526E+02       12   4.3382812500000001E-01   2.6939911862757024E+00
     123   1.0592289763779526E+02       13   4.7281250000000002E-01   3.1952912646822584E+00
     123   1.0592289763779526E+02       14   5.1179687500000004E-01   3.0707747615022365E+00
     123   1.0592289763779526E+02       15   5.5078125000000000E-01   3.4808631798417009E+00
     123   1.0592289763779526E+02       16   5.8976562500000007E-01   5.3724369273041166E+00
     123   1.0592289763779526E+02       17   6.2875000000000003E-01   5.8920672223724520E+00
     123   1.0592289763779526E+02       18   6.6773437499999999E-01   5.4212451154403549E+00
     123   1.0592289763779526E+02       19   7.0671875000000006E-01   3.1572919712778122E+00
     123   1.0592289763779526E+02       20   7.4570312500000002E-01   8.7368177966810923E-01
     123   1.0592289763779526E+02       21   7.8468749999999998E-01   2.8741330208410820E-01
     123   1.0592289763779526E+02       22   8.2367187500000005E-01   1.6378272921850839E-01
     123   1.0592289763779526E+02       23   8.6265625000000001E-01   2.5074791300747801E-01
     123   1.0592289763779526E+02       24   9.0164062500000008E-01   4.0815763328189586E-01
     123   1.0592289763779526E+02       25   9.4062500000000004E-01   4.5847314248130061E-01
     123   1.0592289763779526E+02       26   9.7960937500000000E-01   2.6659879976331791E-01
     123   1.0592289763779526E+02       27   1.0185937500000000E+00   1.0679535867064827E-01
     123   1.0592289763779526E+02       28   1.0575781250000000E+00   9.9387692581532155E-02
     123   1.0592289763779526E+02       29   1.0965625000000001E+00   1.1147592080330747E-01
     123   1.0592289763779526E+02       30   1.1355468750000000E+00   1.1541216978836050E-01
     123   1.0592289763779526E+02       31   1.1745312500000000E+00   4.4831728217452890E-02
     123   1.0592289763779526E+02       32   1.2135156250000001E+00   5.9642370931734669E-02
     123   1.0592289763779526E+02       33   1.2524999999999999E+00   5.8221878371398819E-02
     123   1.0592289763779526E+02       34   1.2914843750000000E+00   3.2755376854105046E-02
     123   1.0592289763779526E+02       35   1.3304687500000001E+00   3.3934057452731710E-02
     123   1.0592289763779526E+02       36   1.3694531250000002E+00   4.0965934146285937E-02
     123   1.0592289763779526E+02       37   1.4084375000000000E+00   1.0912467897436951E-02
     123   1.0592289763779526E+02       38   1.4474218750000001E+00   2.0805439434942535E-02
     123   1.0592289763779526E+02       39   1.4864062500000002E+00   1.3285086545874141E-02
     123   1.0592289763779526E+02       40   1.5253906250000000E+00   5.7383313648293258E-03
     123   1.0592289763779526E+02       41   1.5643750000000001E+00   9.5219540395325170E-03
     123   1.0592289763779526E+02       42   1.6033593750000001E+00   4.1559767840603596E-03
     123   1.0592289763779526E+02       43   1.6423437500000000E+00   6.0140157523578767E-03
     123   1.0592289763779526E+02       44   1.6813281250000001E+00   8.9403986372807824E-03
     123   1.0592289763779526E+02       45   1.7203125000000001E+00   4.5102322914015976E-03
     123   1.0592289763779526E+02       46   1.7592968750000000E+00   1.9567711520958393E-03
     123   1.0592289763779526E+02       47   1.7982812500000001E+00   3.6735554609989584E-03
     123   1.0592289763779526E+02       48   1.8372656250000001E+00   2.1121375351714510E-03
     123   1.0592289763779526E+02       49   1.8762500000000000E+00   2.9719955966393116E-03
     123   1.0592289763779526E+02       50   1.9152343750000000E+00   5.0947265061623802E-03
     123   1.0592289763779526E+02       51   1.9542187500000001E+00   4.4770819008695091E-03
     123   1.0592289763779526E+02       52   1.9932031250000002E+00   4.7991437056858280E-03
     123   1.0592289763779526E+02       53   2.0321875000000000E+00   4.6395258624991435E-03
     123   1.0592289763779526E+02       54   2.0711718750000001E+00   2.3304681343819318E-03
     123   1.0592289763779526E+02       55   2.1101562500000002E+00   4.2599330382246583E-03
     123   1.0592289763779526E+02       56   2.1491406250000002E+00   2.2950041523993195E-03
     123   1.0592289763779526E+02       57   2.1881249999999999E+00   3.0520551461294849E-03
     123   1.0592289763779526E+02       58   2.2271093749999999E+00   1.5367396120821784E-03
     123   1.0592289763779526E+02       59   2.2660937500000000E+00   3.0917969261702611E-03
     123   1.0592289763779526E+02       60   2.3050781250000001E+00   2.3236134438907379E-03
     123   1.0592289763779526E+02       61   2.3440625000000002E+00   7.0060075086352865E-03
     123   1.0592289763779526E+02       62   2.3830468750000002E+00   6.6196472918760045E-03
     123   1.0592289763779526E+02       63   2.4220312500000003E+00   3.6289961168054692E-03
     123   1.0592289763779526E+02       64   2.4610156249999999E+00   6.5368844860387836E-03
 
     124   1.0679111811023621E+02        1   5.0000000000000001E-03   6.4283353877115678E+02
     124   1.0679111811023621E+02        2   4.3984374999999999E-02   5.6931056641957369E+01
     124   1.0679111811023621E+02        3   8.2968750000000008E-02   2.1786480572536657E+01
     124   1.0679111811023621E+02        4   1.2195312500000001E-01   1.2782634907309575E+01
     124   1.0679111811023621E+02        5   1.6093750000000001E-01   1.4253214968621428E+01
     124   1.0679111811023621E+02        6   1.9992187500000000E-01   1.5179862652414140E+01
     124   1.0679111811023621E+02        7   2.3890625000000001E-01   1.4060616210211894E+01
     124   1.0679111811023621E+02        8   2.7789062500000000E-01   1.3647345003907137E+01
     124   1.0679111811023621E+02        9   3.1687500000000002E-01   9.7962922184715069E+00
     124   1.0679111811023621E+02       10   3.5585937500000003E-01   7.8671059890981203E+00
     124   1.0679111811023621E+02       11   3.9484374999999999E-01   5.4959599088795308E+00
     124   1.0679111811023621E+02       12   4.3382812500000001E-01   2.6410563968140730E+00
     124   1.0679111811023621E+02       13   4.7281250000000002E-01   3.0544578726492690E+00
     124   1.0679111811023621E+02       14   5.1179687500000004E-01   3.0212306140003196E+00
     124   1.0679111811023621E+02       15   5.5078125000000000E-01   3.5098401794341698E+00
     124   1.0679111811023621E+02       16   5.8976562500000007E-01   5.5248066178586868E+00
     124   1.0679111811023621E+02       17   6.2875000000000003E-01   6.0663473292000818E+00
     124   1.0679111811023621E+02       18   6.6773437499999999E-01   5.2714107744792376E+00
     124   1.0679111811023621E+02       19   7.0671875000000006E-01   3.0303194435525893E+00
     124   1.0679111811023621E+02       20   7.4570312500000002E-01   9.1870307521891292E-01
     124   1.0679111811023621E+02       21   7.8468749999999998E-01   3.1071861375536103E-01
     124   1.0679111811023621E+02       22   8.2367187500000005E-01   1.4494930421935950E-01
     124   1.0679111811023621E+02       23   8.6265625000000001E-01   2.2885749724526608E-01
     124   1.0679111811023621E+02       24   9.0164062500000008E-01   3.8584263605299840E-01
     124   1.0679111811023621E+02       25   9.4062500000000004E-01   4.8120821505369338E-01
     124   1.0679111811023621E+02       26   9.7960937500000000E-01   2.6743352536427967E-01
     124   1.0679111811023621E+02       27   1.0185937500000000E+00   1.1807917020803171E-01
     124   1.0679111811023621E+02       28   1.0575781250000000E+00   1.0265557312715902E-01
     124   1.0679111811023621E+02       29   1.0965625000000001E+00   1.1769702918537554E-01
     124   1.0679111811023621E+02       30   1.1355468750000000E+00   1.2967029860127149E-01
     124   1.0679111811023621E+02       31   1.1745312500000000E+00   5.4206565353921307E-02
     124   1.0679111811023621E+02       32   1.2135156250000001E+00   5.7045485759962350E-02
     124   1.0679111811023621E+02       33   1.2524999999999999E+00   5.8257930209469060E-02
     124   1.0679111811023621E+02       34   1.2914843750000000E+00   3.1858498923762253E-02
     124   1.0679111811023621E+02       35   1.3304687500000001E+00   2.8323225148147835E-02
     124   1.0679111811023621E+02       36   1.3694531250000002E+00   3.5590219799853287E-02
     124   1.0679111811023621E+02       37   1.4084375000000000E+00   1.0687107662240222E-02
     124   1.0679111811023621E+02       38   1.4474218750000001E+00   2.1289303694326078E-02
     124   1.0679111811023621E+02       39   1.4864062500000002E+00   1.4559342973354429E-02
     124   1.0679111811023621E+02       40   1.5253906250000000E+00   6.0475852850966176E-03
     124   1.0679111811023621E+02       41   1.5643750000000001E+00   1.0114378894509071E-02
     124   1.0679111811023621E+02       42   1.6033593750000001E+00   4.0813035863411619E-03
     124   1.0679111811023621E+02       43   1.6423437500000000E+00   5.7602424506448049E-03
     124   1.0679111811023621E+02       44   1.6813281250000001E+00   7.4523542778263049E-03
     124   1.0679111811023621E+02       45   1.7203125000000001E+00   5.0657815274425047E-03
     124   1.0679111811023621E+02       46   1.7592968750000000E+00   1.7287850281948254E-03
     124   1.0679111811023621E+02       47   1.7982812500000001E+00   4.1021534367669836E-03
     124   1.0679111811023621E+02       48   1.8372656250000001E+00   1.9904814948839096E-03
     124   1.0679111811023621E+02       49   1.8762500000000000E+00   3.5576572594009947E-03
     124   1.0679111811023621E+02       50   1.9152343750000000E+00   4.7706881856093434E-03
     124   1.0679111811023621E+02       51   1.9542187500000001E+00   4.8912504725232928E-03
     124   1.0679111811023621E+02       52   1.9932031250000002E+00   4.4542942560257068E-03
     124   1.0679111811023621E+02       53   2.0321875000000000E+00   4.1550323012253922E-03
     124   1.0679111811023621E+02       54   2.0711718750000001E+00   2.1145536152913798E-03
     124   1.0679111811023621E+02       55   2.1101562500000002E+00   3.9455997706287207E-03
     124   1.0679111811023621E+02       56   2.1491406250000002E+00   2.4330777655538803E-03
     124   1.0679111811023621E+02       57   2.1881249999999999E+00   2.9633401106144409E-03
     124   1.0679111811023621E+02       58   2.2271093749999999E+00   1.6104314404196006E-03
     124   1.0679111811023621E+02       59   2.2660937500000000E+00   3.2001970640177057E-03
     124   1.0679111811023621E+02       60   2.3050781250000001E+00   2.5040023678588354E-03
     124   1.0679111811023621E+02       61   2.3440625000000002E+00   7.2512601339533361E-03
     124   1.0679111811023621E+02       62   2.3830468750000002E+00   6.7528567545431049E-03
     124   1.0679111811023621E+02       63   2.4220312500000003E+00   3.7230196365400587E-03
     124   1.0679111811023621E+02       64   2.4610156249999999E+00   6.6484478265529910E-03
 
     125   1.0765933858267715E+02        1   5.0000000000000001E-03   6.3395171112430148E+02
     125   1.0765933858267715E+02        2   4.3984374999999999E-02   5.6919428682274770E+01
     125   1.0765933858267715E+02        3   8.2968750000000008E-02   2.2023604894767931E+01
     125   1.0765933858267715E+02        4   1.2195312500000001E-01   1.2764458032373490E+01
     125   1.0765933858267715E+02        5   1.6093750000000001E-01   1.4056574191362211E+01
     125   1.0765933858267715E+02        6   1.9992187500000000E-01   1.5058754543658885E+01
     125   1.0765933858267715E+02        7   2.3890625000000001E-01   1.3938253067120852E+01
     125   1.0765933858267715E+02        8   2.7789062500000000E-01   1.3253463258440192E+01
     125   1.0765933858267715E+02        9   3.1687500000000002E-01   9.5739647670838277E+00
     125   1.0765933858267715E+02       10   3.5585937500000003E-01   7.6873418859380660E+00
     125   1.0765933858267715E+02       11   3.9484374999999999E-01   5.3325523337135454E+00
     125   1.0765933858267715E+02       12   4.3382812500000001E-01   2.5850972856925338E+00
     125   1.0765933858267715E+02       13   4.7281250000000002E-01   2.9993603924151215E+00
     125   1.0765933858267715E+02       14   5.1179687500000004E-01   3.0302197171330523E+00
     125   1.0765933858267715E+02       15   5.5078125000000000E-01   3.6458207668617915E+00
     125   1.0765933858267715E+02       16   5.8976562500000007E-01   5.6489500491384659E+00
     125   1.0765933858267715E+02       17   6.2875000000000003E-01   6.0945067112490605E+00
     125   1.0765933858267715E+02       18   6.6773437499999999E-01   5.0776095771324030E+00
     125   1.0765933858267715E+02       19   7.0671875000000006E-01   2.9673016405251285E+00
     125   1.0765933858267715E+02       20   7.4570312500000002E-01   9.7814181007917689E-01
     125   1.0765933858267715E+02       21   7.8468749999999998E-01   3.3177361057826427E-01
     125   1.0765933858267715E+02       22   8.2367187500000005E-01   1.3656422687214137E-01
     125   1.0765933858267715E+02       23   8.6265625000000001E-01   1.9253479142511579E-01
     125   1.0765933858267715E+02       24   9.0164062500000008E-01   3.7637958677340960E-01
     125   1.0765933858267715E+02       25   9.4062500000000004E-01   4.9650330951736549E-01
     125   1.0765933858267715E+02       26   9.7960937500000000E-01   2.5414875297530176E-01
     125   1.0765933858267715E+02       27   1.0185937500000000E+00   1.2800963716974065E-01
     125   1.0765933858267715E+02       28   1.0575781250000000E+00   1.0842044975498834E-01
     125   1.0765933858267715E+02       29   1.0965625000000001E+00   1.2083943767883430E-01
     125   1.0765933858267715E+02       30   1.1355468750000000E+00   1.4060248527058725E-01
     125   1.0765933858267715E+02       31   1.1745312500000000E+00   6.6867794579852285E-02
     125   1.0765933858267715E+02       32   1.2135156250000001E+00   5.7682038064609538E-02
     125   1.0765933858267715E+02       33   1.2524999999999999E+00   5.5528128231282448E-02
     125   1.0765933858267715E+02       34   1.2914843750000000E+00   3.1663440704675028E-02
     125   1.0765933858267715E+02       35   1.3304687500000001E+00   2.4832409469265862E-02
     125   1.0765933858267715E+02       36   1.3694531250000002E+00   2.9458044472072821E-02
     125   1.0765933858267715E+02       37   1.4084375000000000E+00   1.0247488137303720E-02
     125   1.0765933858267715E+02       38   1.4474218750000001E+00   1.9298721890381794E-02
     125   1.0765933858267715E+02       39   1.4864062500000002E+00   1.3405117653584837E-02
     125   1.0765933858267715E+02       40   1.5253906250000000E+00   5.8059536864340658E-03
     125   1.0765933858267715E+02       41   1.5643750000000001E+00   9.5414549472248797E-03
     125   1.0765933858267715E+02       42   1.6033593750000001E+00   4.0354482343974265E-03
     125   1.0765933858267715E+02       43   1.6423437500000000E+00   6.1499944702424047E-03
     125   1.0765933858267715E+02       44   1.6813281250000001E+00   6.9629470566072568E-03
     125   1.0765933858267715E+02       45   1.7203125000000001E+00   5.6878937273780530E-03
     125   1.0765933858267715E+02       46   1.7592968750000000E+00   1.6454565446482536E-03
     125   1.0765933858267715E+02       47   1.7982812500000001E+00   4.1287169485712790E-03
     125   1.0765933858267715E+02       48   1.8372656250000001E+00   1.8659080377681841E-03
     125   1.0765933858267715E+02       49   1.8762500000000000E+00   4.0816474991487066E-03
     125   1.0765933858267715E+02       50   1.9152343750000000E+00   4.2694866793794948E-03
     125   1.0765933858267715E+02       51   1.9542187500000001E+00   5.0426917693033712E-03
     125   1.0765933858267715E+02       52   1.9932031250000002E+00   4.0345481546523671E-03
     125   1.0765933858267715E+02       53   2.0321875000000000E+00   3.7513114020227274E-03
     125   1.0765933858267715E+02       54   2.0711718750000001E+00   2.1249248301161766E-03
     125   1.0765933858267715E+02       55   2.1101562500000002E+00   3.8149060036726363E-03
     125   1.0765933858267715E+02       56   2.1491406250000002E+00   2.5590408264939942E-03
     125   1.0765933858267715E+02       57   2.1881249999999999E+00   3.1148930609123269E-03
     125   1.0765933858267715E+02       58   2.2271093749999999E+00   1.7207220347220005E-03
     125   1.0765933858267715E+02       59   2.2660937500000000E+00   3.3624865551385281E-03
     125   1.0765933858267715E+02       60   2.3050781250000001E+00   2.7056954874014453E-03
     125   1.0765933858267715E+02       61   2.3440625000000002E+00   7.4442868088829854E-03
     125   1.0765933858267715E+02       62   2.3830468750000002E+00   6.8213932712626992E-03
     125   1.0765933858267715E+02       63   2.4220312500000003E+00   3.7535510290795052E-03
     125   1.0765933858267715E+02       64   2.4610156249999999E+00   6.6807614689403392E-03
 
     126   1.0852755905511810E+02        1   5.0000000000000001E-03   6.2062400638467898E+02
     126   1.0852755905511810E+02        2   4.3984374999999999E-02   5.6360311372729655E+01
     126   1.0852755905511810E+02        3   8.2968750000000008E-02   2.2019593629580772E+01
     126   1.0852755905511810E+02        4   1.2195312500000001E-01   1.2640529611992294E+01
     126   1.0852755905511810E+02        5   1.6093750000000001E-01   1.3843802364791600E+01
     126   1.0852755905511810E+02        6   1.9992187500000000E-01   1.4939149176521282E+01
     126   1.0852755905511810E+02        7   2.3890625000000001E-01   1.3738982083731072E+01
     126   1.0852755905511810E+02        8   2.7789062500000000E-01   1.2825719284444268E+01
     126   1.0852755905511810E+02        9   3.1687500000000002E-01   9.4088274033614248E+00
     126   1.0852755905511810E+02       10   3.5585937500000003E-01   7.5116502517526804E+00
     126   1.0852755905511810E+02       11   3.9484374999999999E-01   5.2611055503473549E+00
     126   1.0852755905511810E+02       12   4.3382812500000001E-01   2.5527689916666416E+00
     126   1.0852755905511810E+02       13   4.7281250000000002E-01   3.0498105020503066E+00
     126   1.0852755905511810E+02       14   5.1179687500000004E-01   3.0929156957678638E+00
     126   1.0852755905511810E+02       15   5.5078125000000000E-01   3.8188867658053809E+00
     126   1.0852755905511810E+02       16   5.8976562500000007E-01   5.6533853874668232E+00
     126   1.0852755905511810E+02       17   6.2875000000000003E-01   5.9742764710355631E+00
     126   1.0852755905511810E+02       18   6.6773437499999999E-01   4.9505362727138191E+00
     126   1.0852755905511810E+02       19   7.0671875000000006E-01   2.9939074260923895E+00
     126   1.0852755905511810E+02       20   7.4570312500000002E-01   1.0156881832902920E+00
     126   1.0852755905511810E+02       21   7.8468749999999998E-01   3.4782293397980923E-01
     126   1.0852755905511810E+02       22   8.2367187500000005E-01   1.3844099256266545E-01
     126   1.0852755905511810E+02       23   8.6265625000000001E-01   1.5963372467271314E-01
     126   1.0852755905511810E+02       24   9.0164062500000008E-01   3.8171753693210786E-01
     126   1.0852755905511810E+02       25   9.4062500000000004E-01   4.8495971201531768E-01
     126   1.0852755905511810E+02       26   9.7960937500000000E-01   2.4275961582704780E-01
     126   1.0852755905511810E+02       27   1.0185937500000000E+00   1.2849146673343176E-01
     126   1.0852755905511810E+02       28   1.0575781250000000E+00   1.1705334581594332E-01
     126   1.0852755905511810E+02       29   1.0965625000000001E+00   1.1603825483364281E-01
     126   1.0852755905511810E+02       30   1.1355468750000000E+00   1.4424678601772245E-01
     126   1.0852755905511810E+02       31   1.1745312500000000E+00   7.5593470899351950E-02
     126   1.0852755905511810E+02       32   1.2135156250000001E+00   6.0115954094129308E-02
     126   1.0852755905511810E+02       33   1.2524999999999999E+00   5.2338409132384758E-02
     126   1.0852755905511810E+02       34   1.2914843750000000E+00   3.1954957040626959E-02
     126   1.0852755905511810E+02       35   1.3304687500000001E+00   2.6670918649416925E-02
     126   1.0852755905511810E+02       36   1.3694531250000002E+00   2.8508064041056307E-02
     126   1.0852755905511810E+02       37   1.4084375000000000E+00   1.0201425335749959E-02
     126   1.0852755905511810E+02       38   1.4474218750000001E+00   1.7041416679829009E-02
     126   1.0852755905511810E+02       39   1.4864062500000002E+00   1.1063715197259877E-02
     126   1.0852755905511810E+02       40   1.5253906250000000E+00   5.2026719006497153E-03
     126   1.0852755905511810E+02       41   1.5643750000000001E+00   8.4106145928344728E-03
     126   1.0852755905511810E+02       42   1.6033593750000001E+00   4.0654167346818671E-03
     126   1.0852755905511810E+02       43   1.6423437500000000E+00   6.6802220507921218E-03
     126   1.0852755905511810E+02       44   1.6813281250000001E+00   7.6849163582012108E-03
     126   1.0852755905511810E+02       45   1.7203125000000001E+00   5.7821503745050760E-03
     126   1.0852755905511810E+02       46   1.7592968750000000E+00   1.6869898720251967E-03
     126   1.0852755905511810E+02       47   1.7982812500000001E+00   3.7675527103494351E-03
     126   1.0852755905511810E+02       48   1.8372656250000001E+00   1.5908388478737341E-03
     126   1.0852755905511810E+02       49   1.8762500000000000E+00   4.2542525042771392E-03
     126   1.0852755905511810E+02       50   1.9152343750000000E+00   3.8254274433979613E-03
     126   1.0852755905511810E+02       51   1.9542187500000001E+00   4.7250956854777478E-03
     126   1.0852755905511810E+02       52   1.9932031250000002E+00   3.7633085779298523E-03
     126   1.0852755905511810E+02       53   2.0321875000000000E+00   3.5573164309306163E-03
     126   1.0852755905511810E+02       54   2.0711718750000001E+00   2.3485046867314382E-03
     126   1.0852755905511810E+02       55   2.1101562500000002E+00   3.9268674925582005E-03
     126   1.0852755905511810E+02       56   2.1491406250000002E+00   2.6786764566840665E-03
     126   1.0852755905511810E+02       57   2.1881249999999999E+00   3.5105935465328600E-03
     126   1.0852755905511810E+02       58   2.2271093749999999E+00   1.8916122418275692E-03
     126   1.0852755905511810E+02       59   2.2660937500000000E+00   3.5789765354221703E-03
     126   1.0852755905511810E+02       60   2.3050781250000001E+00   2.8741293978561287E-03
     126   1.0852755905511810E+02       61   2.3440625000000002E+00   7.5744162192709569E-03
     126   1.0852755905511810E+02       62   2.3830468750000002E+00   6.7811617939623559E-03
     126   1.0852755905511810E+02       63   2.4220312500000003E+00   3.6774061050909882E-03
     126   1.0852755905511810E+02       64   2.4610156249999999E+00   6.5781974937970510E-03
 
     127   1.0939577952755904E+02        1   5.0000000000000001E-03   6.0484647672380902E+02
     127   1.0939577952755904E+02        2   4.3984374999999999E-02   5.5305939989724401E+01
     127   1.0939577952755904E+02        3   8.2968750000000008E-02   2.1741823752317863E+01
     127   1.0939577952755904E+02        4   1.2195312500000001E-01   1.2409534133212796E+01
     127   1.0939577952755904E+02        5   1.6093750000000001E-01   1.3651491777183072E+01
     127   1.0939577952755904E+02        6   1.9992187500000000E-01   1.4873993464292695E+01
     127   1.0939577952755904E+02        7   2.3890625000000001E-01   1.3553210369072419E+01
     127   1.0939577952755904E+02        8   2.7789062500000000E-01   1.2480764852911106E+01
     127   1.0939577952755904E+02        9   3.1687500000000002E-01   9.3741186932442098E+00
     127   1.0939577952755904E+02       10   3.5585937500000003E-01   7.4129773121963867E+00
     127   1.0939577952755904E+02       11   3.9484374999999999E-01   5.3122297987942844E+00
     127   1.0939577952755904E+02       12   4.3382812500000001E-01   2.5550695030390398E+00
     127   1.0939577952755904E+02       13   4.7281250000000002E-01   3.1905886182668040E+00
     127   1.0939577952755904E+02       14   5.1179687500000004E-01   3.1717559687065453E+00
     127   1.0939577952755904E+02       15   5.5078125000000000E-01   3.9496184114278696E+00
     127   1.0939577952755904E+02       16   5.8976562500000007E-01   5.5138846851013197E+00
     127   1.0939577952755904E+02       17   6.2875000000000003E-01   5.7898721556068198E+00
     127   1.0939577952755904E+02       18   6.6773437499999999E-01   4.9726427311967090E+00
     127   1.0939577952755904E+02       19   7.0671875000000006E-01   3.0747916593513591E+00
     127   1.0939577952755904E+02       20   7.4570312500000002E-01   1.0047252858348201E+00
     127   1.0939577952755904E+02       21   7.8468749999999998E-01   3.6264155638923312E-01
     127   1.0939577952755904E+02       22   8.2367187500000005E-01   1.4939364344648365E-01
     127   1.0939577952755904E+02       23   8.6265625000000001E-01   1.4770947639109314E-01
     127   1.0939577952755904E+02       24   9.0164062500000008E-01   3.8612575116285486E-01
     127   1.0939577952755904E+02       25   9.4062500000000004E-01   4.5004185421579052E-01
     127   1.0939577952755904E+02       26   9.7960937500000000E-01   2.4222876945834707E-01
     127   1.0939577952755904E+02       27   1.0185937500000000E+00   1.1570684715361719E-01
     127   1.0939577952755904E+02       28   1.0575781250000000E+00   1.2268843584313170E-01
     127   1.0939577952755904E+02       29   1.0965625000000001E+00   1.0682308896000761E-01
     127   1.0939577952755904E+02       30   1.1355468750000000E+00   1.3662568037399986E-01
     127   1.0939577952755904E+02       31   1.1745312500000000E+00   7.6372398951024642E-02
     127   1.0939577952755904E+02       32   1.2135156250000001E+00   6.1460409377546668E-02
     127   1.0939577952755904E+02       33   1.2524999999999999E+00   5.0896394525875854E-02
     127   1.0939577952755904E+02       34   1.2914843750000000E+00   3.2053093605571299E-02
     127   1.0939577952755904E+02       35   1.3304687500000001E+00   3.1678195106573319E-02
     127   1.0939577952755904E+02       36   1.3694531250000002E+00   3.3224719110853347E-02
     127   1.0939577952755904E+02       37   1.4084375000000000E+00   1.0782313413645928E-02
     127   1.0939577952755904E+02       38   1.4474218750000001E+00   1.7184150279346062E-02
     127   1.0939577952755904E+02       39   1.4864062500000002E+00   1.0206216539932800E-02
     127   1.0939577952755904E+02       40   1.5253906250000000E+00   5.0272070351492469E-03
     127   1.0939577952755904E+02       41   1.5643750000000001E+00   8.1839540989347235E-03
     127   1.0939577952755904E+02       42   1.6033593750000001E+00   4.3140873132005387E-03
     127   1.0939577952755904E+02       43   1.6423437500000000E+00   6.5127554802120614E-03
     127   1.0939577952755904E+02       44   1.6813281250000001E+00   8.7485464674079208E-03
     127   1.0939577952755904E+02       45   1.7203125000000001E+00   5.4231783811637280E-03
     127   1.0939577952755904E+02       46   1.7592968750000000E+00   1.7610337923758428E-03
     127   1.0939577952755904E+02       47   1.7982812500000001E+00   3.3591673525699322E-03
     127   1.0939577952755904E+02       48   1.8372656250000001E+00   1.4507609849083779E-03
     127   1.0939577952755904E+02       49   1.8762500000000000E+00   4.2237868435898033E-03
     127   1.0939577952755904E+02       50   1.9152343750000000E+00   3.6181498575029981E-03
     127   1.0939577952755904E+02       51   1.9542187500000001E+00   4.2429024436817266E-03
     127   1.0939577952755904E+02       52   1.9932031250000002E+00   3.7614061134716207E-03
     127   1.0939577952755904E+02       53   2.0321875000000000E+00   3.5316164299683574E-03
     127   1.0939577952755904E+02       54   2.0711718750000001E+00   2.6655911169546839E-03
     127   1.0939577952755904E+02       55   2.1101562500000002E+00   4.2563952783242444E-03
     127   1.0939577952755904E+02       56   2.1491406250000002E+00   2.8137257940494213E-03
     127   1.0939577952755904E+02       57   2.1881249999999999E+00   3.9989303962963694E-03
     127   1.0939577952755904E+02       58   2.2271093749999999E+00   2.0757444927355056E-03
     127   1.0939577952755904E+02       59   2.2660937500000000E+00   3.7872230892359825E-03
     127   1.0939577952755904E+02       60   2.3050781250000001E+00   2.9514798731615278E-03
     127   1.0939577952755904E+02       61   2.3440625000000002E+00   7.5963056574502299E-03
     127   1.0939577952755904E+02       62   2.3830468750000002E+00   6.6963259881684199E-03
     127   1.0939577952755904E+02       63   2.4220312500000003E+00   3.5020877620129251E-03
     127   1.0939577952755904E+02       64   2.4610156249999999E+00   6.3462178482946502E-03
 
     128   1.1026400000000000E+02        1   5.0000000000000001E-03   5.8953837723669938E+02
     128   1.1026400000000000E+02        2   4.3984374999999999E-02   5.3959278824688525E+01
     128   1.1026400000000000E+02        3   8.2968750000000008E-02   2.1242005783924959E+01
     128   1.1026400000000000E+02        4   1.2195312500000001E-01   1.2115064326296361E+01
     128   1.1026400000000000E+02        5   1.6093750000000001E-01   1.3534944864098581E+01
     128   1.1026400000000000E+02        6   1.9992187500000000E-01   1.4920976136984478E+01
     128   1.1026400000000000E+02        7   2.3890625000000001E-01   1.3467665037869214E+01
     128   1.1026400000000000E+02        8   2.7789062500000000E-01   1.2316298621745526E+01
     128   1.1026400000000000E+02        9   3.1687500000000002E-01   9.5141269720415895E+00
     128   1.1026400000000000E+02       10   3.5585937500000003E-01   7.4313468734481800E+00
     128   1.1026400000000000E+02       11   3.9484374999999999E-01   5.4765520666406999E+00
     128   1.1026400000000000E+02       12   4.3382812500000001E-01   2.5830547659346439E+00
     128   1.1026400000000000E+02       13   4.7281250000000002E-01   3.3765299456533007E+00
     128   1.1026400000000000E+02       14   5.1179687500000004E-01   3.2175736609753987E+00
     128   1.1026400000000000E+02       15   5.5078125000000000E-01   3.9892045824995344E+00
     128   1.1026400000000000E+02       16   5.8976562500000007E-01   5.2901968511594273E+00
     128   1.1026400000000000E+02       17   6.2875000000000003E-01   5.6585811181910142E+00
     128   1.1026400000000000E+02       18   6.6773437499999999E-01   5.1447630546329997E+00
     128   1.1026400000000000E+02       19   7.0671875000000006E-01   3.1407092485783106E+00
     128   1.1026400000000000E+02       20   7.4570312500000002E-01   9.4847812389434427E-01
     128   1.1026400000000000E+02       21   7.8468749999999998E-01   3.7959846092559013E-01
     128   1.1026400000000000E+02       22   8.2367187500000005E-01   1.6851622829570098E-01
     128   1.1026400000000000E+02       23   8.6265625000000001E-01   1.6243530400772715E-01
     128   1.1026400000000000E+02       24   9.0164062500000008E-01   3.7482572995762864E-01
     128   1.1026400000000000E+02       25   9.4062500000000004E-01   4.1835545808360575E-01
     128   1.1026400000000000E+02       26   9.7960937500000000E-01   2.4639796484733528E-01
     128   1.1026400000000000E+02       27   1.0185937500000000E+00   9.6439017190759341E-02
     128   1.1026400000000000E+02       28   1.0575781250000000E+00   1.1860532987691763E-01
     128   1.1026400000000000E+02       29   1.0965625000000001E+00   1.0260695818656863E-01
     128   1.1026400000000000E+02       30   1.1355468750000000E+00   1.1910853576231220E-01
     128   1.1026400000000000E+02       31   1.1745312500000000E+00   6.9728579239397917E-02
     128   1.1026400000000000E+02       32   1.2135156250000001E+00   6.1421017516042647E-02
     128   1.1026400000000000E+02       33   1.2524999999999999E+00   5.1541890671263114E-02
     128   1.1026400000000000E+02       34   1.2914843750000000E+00   3.1920951651748262E-02
     128   1.1026400000000000E+02       35   1.3304687500000001E+00   3.4965177892952851E-02
     128   1.1026400000000000E+02       36   1.3694531250000002E+00   3.8314667612444869E-02
     128   1.1026400000000000E+02       37   1.4084375000000000E+00   1.1210987923810043E-02
     128   1.1026400000000000E+02       38   1.4474218750000001E+00   1.9410776657182958E-02
     128   1.1026400000000000E+02       39   1.4864062500000002E+00   1.1527877253597885E-02
     128   1.1026400000000000E+02       40   1.5253906250000000E+00   5.3765886824486625E-03
     128   1.1026400000000000E+02       41   1.5643750000000001E+00   8.8572245239783003E-03
     128   1.1026400000000000E+02       42   1.6033593750000001E+00   4.3489377877329333E-03
     128   1.1026400000000000E+02       43   1.6423437500000000E+00   5.7131706992679821E-03
     128   1.1026400000000000E+02       44   1.6813281250000001E+00   9.0566300296444739E-03
     128   1.1026400000000000E+02       45   1.7203125000000001E+00   4.7663024327188018E-03
     128   1.1026400000000000E+02       46   1.7592968750000000E+00   1.7461937736600684E-03
     128   1.1026400000000000E+02       47   1.7982812500000001E+00   3.0055936594336886E-03
     128   1.1026400000000000E+02       48   1.8372656250000001E+00   1.6022604594644046E-03
     128   1.1026400000000000E+02       49   1.8762500000000000E+00   3.9600406632940835E-03
     128   1.1026400000000000E+02       50   1.9152343750000000E+00   3.7665752914233662E-03
     128   1.1026400000000000E+02       51   1.9542187500000001E+00   3.9800682487326315E-03
     128   1.1026400000000000E+02       52   1.9932031250000002E+00   4.0234456028604036E-03
     128   1.1026400000000000E+02       53   2.0321875000000000E+00   3.7450268469797409E-03
     128   1.1026400000000000E+02       54   2.0711718750000001E+00   3.0163876237917944E-03
     128   1.1026400000000000E+02       55   2.1101562500000002E+00   4.7646015685694322E-03
     128   1.1026400000000000E+02       56   2.1491406250000002E+00   2.9677347291668299E-03
     128   1.1026400000000000E+02       57   2.1881249999999999E+00   4.4188958371818672E-03
     128   1.1026400000000000E+02       58   2.2271093749999999E+00   2.1840530973326069E-03
     128   1.1026400000000000E+02       59   2.2660937500000000E+00   3.8975775189444110E-03
     128   1.1026400000000000E+02       60   2.3050781250000001E+00   2.8767078031057157E-03
     128   1.1026400000000000E+02       61   2.3440625000000002E+00   7.3499564482276221E-03
     128   1.1026400000000000E+02       62   2.3830468750000002E+00   6.5468202543323304E-03
     128   1.1026400000000000E+02       63   2.4220312500000003E+00   3.2500021090588059E-03
     128   1.1026400000000000E+02       64   2.4610156249999999E+00   6.0006097760342009E-03
 
