# itau tau ik k probability_sum_theta_phi
       1   0.0000000000000000E+00        1   5.0000000000000001E-03   0.0000000000000000E+00
       1   0.0000000000000000E+00        2   4.3984374999999999E-02   0.0000000000000000E+00
       1   0.0000000000000000E+00        3   8.2968750000000008E-02   0.0000000000000000E+00
       1   0.0000000000000000E+00        4   1.2195312500000001E-01   0.0000000000000000E+00
       1   0.0000000000000000E+00        5   1.6093750000000001E-01   0.0000000000000000E+00
       1   0.0000000000000000E+00        6   1.9992187500000000E-01   0.0000000000000000E+00
       1   0.0000000000000000E+00        7   2.3890625000000001E-01   0.0000000000000000E+00
       1   0.0000000000000000E+00        8   2.7789062500000000E-01   0.0000000000000000E+00
       1   0.0000000000000000E+00        9   3.1687500000000002E-01   0.0000000000000000E+00
       1   0.0000000000000000E+00       10   3.5585937500000003E-01   0.0000000000000000E+00
       1   0.0000000000000000E+00       11   3.9484374999999999E-01   0.0000000000000000E+00
       1   0.0000000000000000E+00       12   4.3382812500000001E-01   0.0000000000000000E+00
       1   0.0000000000000000E+00       13   4.7281250000000002E-01   0.0000000000000000E+00
       1   0.0000000000000000E+00       14   5.1179687500000004E-01   0.0000000000000000E+00
       1   0.0000000000000000E+00       15   5.5078125000000000E-01   0.0000000000000000E+00
       1   0.0000000000000000E+00       16   5.8976562500000007E-01   0.0000000000000000E+00
       1   0.0000000000000000E+00       17   6.2875000000000003E-01   0.0000000000000000E+00
       1   0.0000000000000000E+00       18   6.6773437499999999E-01   0.0000000000000000E+00
       1   0.0000000000000000E+00       19   7.0671875000000006E-01   0.0000000000000000E+00
       1   0.0000000000000000E+00       20   7.4570312500000002E-01   0.0000000000000000E+00
       1   0.0000000000000000E+00       21   7.8468749999999998E-01   0.0000000000000000E+00
       1   0.0000000000000000E+00       22   8.2367187500000005E-01   0.0000000000000000E+00
       1   0.0000000000000000E+00       23   8.6265625000000001E-01   0.0000000000000000E+00
       1   0.0000000000000000E+00       24   9.0164062500000008E-01   0.0000000000000000E+00
       1   0.0000000000000000E+00       25   9.4062500000000004E-01   0.0000000000000000E+00
       1   0.0000000000000000E+00       26   9.7960937500000000E-01   0.0000000000000000E+00
       1   0.0000000000000000E+00       27   1.0185937500000000E+00   0.0000000000000000E+00
       1   0.0000000000000000E+00       28   1.0575781250000000E+00   0.0000000000000000E+00
       1   0.0000000000000000E+00       29   1.0965625000000001E+00   0.0000000000000000E+00
       1   0.0000000000000000E+00       30   1.1355468750000000E+00   0.0000000000000000E+00
       1   0.0000000000000000E+00       31   1.1745312500000000E+00   0.0000000000000000E+00
       1   0.0000000000000000E+00       32   1.2135156250000001E+00   0.0000000000000000E+00
       1   0.0000000000000000E+00       33   1.2524999999999999E+00   0.0000000000000000E+00
       1   0.0000000000000000E+00       34   1.2914843750000000E+00   0.0000000000000000E+00
       1   0.0000000000000000E+00       35   1.3304687500000001E+00   0.0000000000000000E+00
       1   0.0000000000000000E+00       36   1.3694531250000002E+00   0.0000000000000000E+00
       1   0.0000000000000000E+00       37   1.4084375000000000E+00   0.0000000000000000E+00
       1   0.0000000000000000E+00       38   1.4474218750000001E+00   0.0000000000000000E+00
       1   0.0000000000000000E+00       39   1.4864062500000002E+00   0.0000000000000000E+00
       1   0.0000000000000000E+00       40   1.5253906250000000E+00   0.0000000000000000E+00
       1   0.0000000000000000E+00       41   1.5643750000000001E+00   0.0000000000000000E+00
       1   0.0000000000000000E+00       42   1.6033593750000001E+00   0.0000000000000000E+00
       1   0.0000000000000000E+00       43   1.6423437500000000E+00   0.0000000000000000E+00
       1   0.0000000000000000E+00       44   1.6813281250000001E+00   0.0000000000000000E+00
       1   0.0000000000000000E+00       45   1.7203125000000001E+00   0.0000000000000000E+00
       1   0.0000000000000000E+00       46   1.7592968750000000E+00   0.0000000000000000E+00
       1   0.0000000000000000E+00       47   1.7982812500000001E+00   0.0000000000000000E+00
       1   0.0000000000000000E+00       48   1.8372656250000001E+00   0.0000000000000000E+00
       1   0.0000000000000000E+00       49   1.8762500000000000E+00   0.0000000000000000E+00
       1   0.0000000000000000E+00       50   1.9152343750000000E+00   0.0000000000000000E+00
       1   0.0000000000000000E+00       51   1.9542187500000001E+00   0.0000000000000000E+00
       1   0.0000000000000000E+00       52   1.9932031250000002E+00   0.0000000000000000E+00
       1   0.0000000000000000E+00       53   2.0321875000000000E+00   0.0000000000000000E+00
       1   0.0000000000000000E+00       54   2.0711718750000001E+00   0.0000000000000000E+00
       1   0.0000000000000000E+00       55   2.1101562500000002E+00   0.0000000000000000E+00
       1   0.0000000000000000E+00       56   2.1491406250000002E+00   0.0000000000000000E+00
       1   0.0000000000000000E+00       57   2.1881249999999999E+00   0.0000000000000000E+00
       1   0.0000000000000000E+00       58   2.2271093749999999E+00   0.0000000000000000E+00
       1   0.0000000000000000E+00       59   2.2660937500000000E+00   0.0000000000000000E+00
       1   0.0000000000000000E+00       60   2.3050781250000001E+00   0.0000000000000000E+00
       1   0.0000000000000000E+00       61   2.3440625000000002E+00   0.0000000000000000E+00
       1   0.0000000000000000E+00       62   2.3830468750000002E+00   0.0000000000000000E+00
       1   0.0000000000000000E+00       63   2.4220312500000003E+00   0.0000000000000000E+00
       1   0.0000000000000000E+00       64   2.4610156249999999E+00   0.0000000000000000E+00
 
       2   8.6822047244094480E-01        1   5.0000000000000001E-03   0.0000000000000000E+00
       2   8.6822047244094480E-01        2   4.3984374999999999E-02   0.0000000000000000E+00
       2   8.6822047244094480E-01        3   8.2968750000000008E-02   0.0000000000000000E+00
       2   8.6822047244094480E-01        4   1.2195312500000001E-01   0.0000000000000000E+00
       2   8.6822047244094480E-01        5   1.6093750000000001E-01   0.0000000000000000E+00
       2   8.6822047244094480E-01        6   1.9992187500000000E-01   0.0000000000000000E+00
       2   8.6822047244094480E-01        7   2.3890625000000001E-01   0.0000000000000000E+00
       2   8.6822047244094480E-01        8   2.7789062500000000E-01   0.0000000000000000E+00
       2   8.6822047244094480E-01        9   3.1687500000000002E-01   0.0000000000000000E+00
       2   8.6822047244094480E-01       10   3.5585937500000003E-01   0.0000000000000000E+00
       2   8.6822047244094480E-01       11   3.9484374999999999E-01   0.0000000000000000E+00
       2   8.6822047244094480E-01       12   4.3382812500000001E-01   0.0000000000000000E+00
       2   8.6822047244094480E-01       13   4.7281250000000002E-01   0.0000000000000000E+00
       2   8.6822047244094480E-01       14   5.1179687500000004E-01   0.0000000000000000E+00
       2   8.6822047244094480E-01       15   5.5078125000000000E-01   0.0000000000000000E+00
       2   8.6822047244094480E-01       16   5.8976562500000007E-01   0.0000000000000000E+00
       2   8.6822047244094480E-01       17   6.2875000000000003E-01   0.0000000000000000E+00
       2   8.6822047244094480E-01       18   6.6773437499999999E-01   0.0000000000000000E+00
       2   8.6822047244094480E-01       19   7.0671875000000006E-01   0.0000000000000000E+00
       2   8.6822047244094480E-01       20   7.4570312500000002E-01   0.0000000000000000E+00
       2   8.6822047244094480E-01       21   7.8468749999999998E-01   0.0000000000000000E+00
       2   8.6822047244094480E-01       22   8.2367187500000005E-01   0.0000000000000000E+00
       2   8.6822047244094480E-01       23   8.6265625000000001E-01   0.0000000000000000E+00
       2   8.6822047244094480E-01       24   9.0164062500000008E-01   0.0000000000000000E+00
       2   8.6822047244094480E-01       25   9.4062500000000004E-01   0.0000000000000000E+00
       2   8.6822047244094480E-01       26   9.7960937500000000E-01   0.0000000000000000E+00
       2   8.6822047244094480E-01       27   1.0185937500000000E+00   0.0000000000000000E+00
       2   8.6822047244094480E-01       28   1.0575781250000000E+00   0.0000000000000000E+00
       2   8.6822047244094480E-01       29   1.0965625000000001E+00   0.0000000000000000E+00
       2   8.6822047244094480E-01       30   1.1355468750000000E+00   0.0000000000000000E+00
       2   8.6822047244094480E-01       31   1.1745312500000000E+00   0.0000000000000000E+00
       2   8.6822047244094480E-01       32   1.2135156250000001E+00   0.0000000000000000E+00
       2   8.6822047244094480E-01       33   1.2524999999999999E+00   0.0000000000000000E+00
       2   8.6822047244094480E-01       34   1.2914843750000000E+00   0.0000000000000000E+00
       2   8.6822047244094480E-01       35   1.3304687500000001E+00   0.0000000000000000E+00
       2   8.6822047244094480E-01       36   1.3694531250000002E+00   0.0000000000000000E+00
       2   8.6822047244094480E-01       37   1.4084375000000000E+00   0.0000000000000000E+00
       2   8.6822047244094480E-01       38   1.4474218750000001E+00   0.0000000000000000E+00
       2   8.6822047244094480E-01       39   1.4864062500000002E+00   0.0000000000000000E+00
       2   8.6822047244094480E-01       40   1.5253906250000000E+00   0.0000000000000000E+00
       2   8.6822047244094480E-01       41   1.5643750000000001E+00   0.0000000000000000E+00
       2   8.6822047244094480E-01       42   1.6033593750000001E+00   0.0000000000000000E+00
       2   8.6822047244094480E-01       43   1.6423437500000000E+00   0.0000000000000000E+00
       2   8.6822047244094480E-01       44   1.6813281250000001E+00   0.0000000000000000E+00
       2   8.6822047244094480E-01       45   1.7203125000000001E+00   0.0000000000000000E+00
       2   8.6822047244094480E-01       46   1.7592968750000000E+00   0.0000000000000000E+00
       2   8.6822047244094480E-01       47   1.7982812500000001E+00   0.0000000000000000E+00
       2   8.6822047244094480E-01       48   1.8372656250000001E+00   0.0000000000000000E+00
       2   8.6822047244094480E-01       49   1.8762500000000000E+00   0.0000000000000000E+00
       2   8.6822047244094480E-01       50   1.9152343750000000E+00   0.0000000000000000E+00
       2   8.6822047244094480E-01       51   1.9542187500000001E+00   0.0000000000000000E+00
       2   8.6822047244094480E-01       52   1.9932031250000002E+00   0.0000000000000000E+00
       2   8.6822047244094480E-01       53   2.0321875000000000E+00   0.0000000000000000E+00
       2   8.6822047244094480E-01       54   2.0711718750000001E+00   0.0000000000000000E+00
       2   8.6822047244094480E-01       55   2.1101562500000002E+00   0.0000000000000000E+00
       2   8.6822047244094480E-01       56   2.1491406250000002E+00   0.0000000000000000E+00
       2   8.6822047244094480E-01       57   2.1881249999999999E+00   0.0000000000000000E+00
       2   8.6822047244094480E-01       58   2.2271093749999999E+00   0.0000000000000000E+00
       2   8.6822047244094480E-01       59   2.2660937500000000E+00   0.0000000000000000E+00
       2   8.6822047244094480E-01       60   2.3050781250000001E+00   0.0000000000000000E+00
       2   8.6822047244094480E-01       61   2.3440625000000002E+00   0.0000000000000000E+00
       2   8.6822047244094480E-01       62   2.3830468750000002E+00   0.0000000000000000E+00
       2   8.6822047244094480E-01       63   2.4220312500000003E+00   0.0000000000000000E+00
       2   8.6822047244094480E-01       64   2.4610156249999999E+00   0.0000000000000000E+00
 
       3   1.7364409448818896E+00        1   5.0000000000000001E-03   0.0000000000000000E+00
       3   1.7364409448818896E+00        2   4.3984374999999999E-02   0.0000000000000000E+00
       3   1.7364409448818896E+00        3   8.2968750000000008E-02   0.0000000000000000E+00
       3   1.7364409448818896E+00        4   1.2195312500000001E-01   0.0000000000000000E+00
       3   1.7364409448818896E+00        5   1.6093750000000001E-01   0.0000000000000000E+00
       3   1.7364409448818896E+00        6   1.9992187500000000E-01   0.0000000000000000E+00
       3   1.7364409448818896E+00        7   2.3890625000000001E-01   0.0000000000000000E+00
       3   1.7364409448818896E+00        8   2.7789062500000000E-01   0.0000000000000000E+00
       3   1.7364409448818896E+00        9   3.1687500000000002E-01   0.0000000000000000E+00
       3   1.7364409448818896E+00       10   3.5585937500000003E-01   0.0000000000000000E+00
       3   1.7364409448818896E+00       11   3.9484374999999999E-01   0.0000000000000000E+00
       3   1.7364409448818896E+00       12   4.3382812500000001E-01   0.0000000000000000E+00
       3   1.7364409448818896E+00       13   4.7281250000000002E-01   0.0000000000000000E+00
       3   1.7364409448818896E+00       14   5.1179687500000004E-01   0.0000000000000000E+00
       3   1.7364409448818896E+00       15   5.5078125000000000E-01   0.0000000000000000E+00
       3   1.7364409448818896E+00       16   5.8976562500000007E-01   0.0000000000000000E+00
       3   1.7364409448818896E+00       17   6.2875000000000003E-01   0.0000000000000000E+00
       3   1.7364409448818896E+00       18   6.6773437499999999E-01   0.0000000000000000E+00
       3   1.7364409448818896E+00       19   7.0671875000000006E-01   0.0000000000000000E+00
       3   1.7364409448818896E+00       20   7.4570312500000002E-01   0.0000000000000000E+00
       3   1.7364409448818896E+00       21   7.8468749999999998E-01   0.0000000000000000E+00
       3   1.7364409448818896E+00       22   8.2367187500000005E-01   0.0000000000000000E+00
       3   1.7364409448818896E+00       23   8.6265625000000001E-01   0.0000000000000000E+00
       3   1.7364409448818896E+00       24   9.0164062500000008E-01   0.0000000000000000E+00
       3   1.7364409448818896E+00       25   9.4062500000000004E-01   0.0000000000000000E+00
       3   1.7364409448818896E+00       26   9.7960937500000000E-01   0.0000000000000000E+00
       3   1.7364409448818896E+00       27   1.0185937500000000E+00   0.0000000000000000E+00
       3   1.7364409448818896E+00       28   1.0575781250000000E+00   0.0000000000000000E+00
       3   1.7364409448818896E+00       29   1.0965625000000001E+00   0.0000000000000000E+00
       3   1.7364409448818896E+00       30   1.1355468750000000E+00   0.0000000000000000E+00
       3   1.7364409448818896E+00       31   1.1745312500000000E+00   0.0000000000000000E+00
       3   1.7364409448818896E+00       32   1.2135156250000001E+00   0.0000000000000000E+00
       3   1.7364409448818896E+00       33   1.2524999999999999E+00   0.0000000000000000E+00
       3   1.7364409448818896E+00       34   1.2914843750000000E+00   0.0000000000000000E+00
       3   1.7364409448818896E+00       35   1.3304687500000001E+00   0.0000000000000000E+00
       3   1.7364409448818896E+00       36   1.3694531250000002E+00   0.0000000000000000E+00
       3   1.7364409448818896E+00       37   1.4084375000000000E+00   0.0000000000000000E+00
       3   1.7364409448818896E+00       38   1.4474218750000001E+00   0.0000000000000000E+00
       3   1.7364409448818896E+00       39   1.4864062500000002E+00   0.0000000000000000E+00
       3   1.7364409448818896E+00       40   1.5253906250000000E+00   0.0000000000000000E+00
       3   1.7364409448818896E+00       41   1.5643750000000001E+00   0.0000000000000000E+00
       3   1.7364409448818896E+00       42   1.6033593750000001E+00   0.0000000000000000E+00
       3   1.7364409448818896E+00       43   1.6423437500000000E+00   0.0000000000000000E+00
       3   1.7364409448818896E+00       44   1.6813281250000001E+00   0.0000000000000000E+00
       3   1.7364409448818896E+00       45   1.7203125000000001E+00   0.0000000000000000E+00
       3   1.7364409448818896E+00       46   1.7592968750000000E+00   0.0000000000000000E+00
       3   1.7364409448818896E+00       47   1.7982812500000001E+00   0.0000000000000000E+00
       3   1.7364409448818896E+00       48   1.8372656250000001E+00   0.0000000000000000E+00
       3   1.7364409448818896E+00       49   1.8762500000000000E+00   0.0000000000000000E+00
       3   1.7364409448818896E+00       50   1.9152343750000000E+00   0.0000000000000000E+00
       3   1.7364409448818896E+00       51   1.9542187500000001E+00   0.0000000000000000E+00
       3   1.7364409448818896E+00       52   1.9932031250000002E+00   0.0000000000000000E+00
       3   1.7364409448818896E+00       53   2.0321875000000000E+00   0.0000000000000000E+00
       3   1.7364409448818896E+00       54   2.0711718750000001E+00   0.0000000000000000E+00
       3   1.7364409448818896E+00       55   2.1101562500000002E+00   0.0000000000000000E+00
       3   1.7364409448818896E+00       56   2.1491406250000002E+00   0.0000000000000000E+00
       3   1.7364409448818896E+00       57   2.1881249999999999E+00   0.0000000000000000E+00
       3   1.7364409448818896E+00       58   2.2271093749999999E+00   0.0000000000000000E+00
       3   1.7364409448818896E+00       59   2.2660937500000000E+00   0.0000000000000000E+00
       3   1.7364409448818896E+00       60   2.3050781250000001E+00   0.0000000000000000E+00
       3   1.7364409448818896E+00       61   2.3440625000000002E+00   0.0000000000000000E+00
       3   1.7364409448818896E+00       62   2.3830468750000002E+00   0.0000000000000000E+00
       3   1.7364409448818896E+00       63   2.4220312500000003E+00   0.0000000000000000E+00
       3   1.7364409448818896E+00       64   2.4610156249999999E+00   0.0000000000000000E+00
 
       4   2.6046614173228346E+00        1   5.0000000000000001E-03   0.0000000000000000E+00
       4   2.6046614173228346E+00        2   4.3984374999999999E-02   0.0000000000000000E+00
       4   2.6046614173228346E+00        3   8.2968750000000008E-02   0.0000000000000000E+00
       4   2.6046614173228346E+00        4   1.2195312500000001E-01   0.0000000000000000E+00
       4   2.6046614173228346E+00        5   1.6093750000000001E-01   0.0000000000000000E+00
       4   2.6046614173228346E+00        6   1.9992187500000000E-01   0.0000000000000000E+00
       4   2.6046614173228346E+00        7   2.3890625000000001E-01   0.0000000000000000E+00
       4   2.6046614173228346E+00        8   2.7789062500000000E-01   0.0000000000000000E+00
       4   2.6046614173228346E+00        9   3.1687500000000002E-01   0.0000000000000000E+00
       4   2.6046614173228346E+00       10   3.5585937500000003E-01   0.0000000000000000E+00
       4   2.6046614173228346E+00       11   3.9484374999999999E-01   0.0000000000000000E+00
       4   2.6046614173228346E+00       12   4.3382812500000001E-01   0.0000000000000000E+00
       4   2.6046614173228346E+00       13   4.7281250000000002E-01   0.0000000000000000E+00
       4   2.6046614173228346E+00       14   5.1179687500000004E-01   0.0000000000000000E+00
       4   2.6046614173228346E+00       15   5.5078125000000000E-01   0.0000000000000000E+00
       4   2.6046614173228346E+00       16   5.8976562500000007E-01   0.0000000000000000E+00
       4   2.6046614173228346E+00       17   6.2875000000000003E-01   0.0000000000000000E+00
       4   2.6046614173228346E+00       18   6.6773437499999999E-01   0.0000000000000000E+00
       4   2.6046614173228346E+00       19   7.0671875000000006E-01   0.0000000000000000E+00
       4   2.6046614173228346E+00       20   7.4570312500000002E-01   0.0000000000000000E+00
       4   2.6046614173228346E+00       21   7.8468749999999998E-01   0.0000000000000000E+00
       4   2.6046614173228346E+00       22   8.2367187500000005E-01   0.0000000000000000E+00
       4   2.6046614173228346E+00       23   8.6265625000000001E-01   0.0000000000000000E+00
       4   2.6046614173228346E+00       24   9.0164062500000008E-01   0.0000000000000000E+00
       4   2.6046614173228346E+00       25   9.4062500000000004E-01   0.0000000000000000E+00
       4   2.6046614173228346E+00       26   9.7960937500000000E-01   0.0000000000000000E+00
       4   2.6046614173228346E+00       27   1.0185937500000000E+00   0.0000000000000000E+00
       4   2.6046614173228346E+00       28   1.0575781250000000E+00   0.0000000000000000E+00
       4   2.6046614173228346E+00       29   1.0965625000000001E+00   0.0000000000000000E+00
       4   2.6046614173228346E+00       30   1.1355468750000000E+00   0.0000000000000000E+00
       4   2.6046614173228346E+00       31   1.1745312500000000E+00   0.0000000000000000E+00
       4   2.6046614173228346E+00       32   1.2135156250000001E+00   0.0000000000000000E+00
       4   2.6046614173228346E+00       33   1.2524999999999999E+00   0.0000000000000000E+00
       4   2.6046614173228346E+00       34   1.2914843750000000E+00   0.0000000000000000E+00
       4   2.6046614173228346E+00       35   1.3304687500000001E+00   0.0000000000000000E+00
       4   2.6046614173228346E+00       36   1.3694531250000002E+00   0.0000000000000000E+00
       4   2.6046614173228346E+00       37   1.4084375000000000E+00   0.0000000000000000E+00
       4   2.6046614173228346E+00       38   1.4474218750000001E+00   0.0000000000000000E+00
       4   2.6046614173228346E+00       39   1.4864062500000002E+00   0.0000000000000000E+00
       4   2.6046614173228346E+00       40   1.5253906250000000E+00   0.0000000000000000E+00
       4   2.6046614173228346E+00       41   1.5643750000000001E+00   0.0000000000000000E+00
       4   2.6046614173228346E+00       42   1.6033593750000001E+00   0.0000000000000000E+00
       4   2.6046614173228346E+00       43   1.6423437500000000E+00   0.0000000000000000E+00
       4   2.6046614173228346E+00       44   1.6813281250000001E+00   0.0000000000000000E+00
       4   2.6046614173228346E+00       45   1.7203125000000001E+00   0.0000000000000000E+00
       4   2.6046614173228346E+00       46   1.7592968750000000E+00   0.0000000000000000E+00
       4   2.6046614173228346E+00       47   1.7982812500000001E+00   0.0000000000000000E+00
       4   2.6046614173228346E+00       48   1.8372656250000001E+00   0.0000000000000000E+00
       4   2.6046614173228346E+00       49   1.8762500000000000E+00   0.0000000000000000E+00
       4   2.6046614173228346E+00       50   1.9152343750000000E+00   0.0000000000000000E+00
       4   2.6046614173228346E+00       51   1.9542187500000001E+00   0.0000000000000000E+00
       4   2.6046614173228346E+00       52   1.9932031250000002E+00   0.0000000000000000E+00
       4   2.6046614173228346E+00       53   2.0321875000000000E+00   0.0000000000000000E+00
       4   2.6046614173228346E+00       54   2.0711718750000001E+00   0.0000000000000000E+00
       4   2.6046614173228346E+00       55   2.1101562500000002E+00   0.0000000000000000E+00
       4   2.6046614173228346E+00       56   2.1491406250000002E+00   0.0000000000000000E+00
       4   2.6046614173228346E+00       57   2.1881249999999999E+00   0.0000000000000000E+00
       4   2.6046614173228346E+00       58   2.2271093749999999E+00   0.0000000000000000E+00
       4   2.6046614173228346E+00       59   2.2660937500000000E+00   0.0000000000000000E+00
       4   2.6046614173228346E+00       60   2.3050781250000001E+00   0.0000000000000000E+00
       4   2.6046614173228346E+00       61   2.3440625000000002E+00   0.0000000000000000E+00
       4   2.6046614173228346E+00       62   2.3830468750000002E+00   0.0000000000000000E+00
       4   2.6046614173228346E+00       63   2.4220312500000003E+00   0.0000000000000000E+00
       4   2.6046614173228346E+00       64   2.4610156249999999E+00   0.0000000000000000E+00
 
       5   3.4728818897637792E+00        1   5.0000000000000001E-03   0.0000000000000000E+00
       5   3.4728818897637792E+00        2   4.3984374999999999E-02   0.0000000000000000E+00
       5   3.4728818897637792E+00        3   8.2968750000000008E-02   0.0000000000000000E+00
       5   3.4728818897637792E+00        4   1.2195312500000001E-01   0.0000000000000000E+00
       5   3.4728818897637792E+00        5   1.6093750000000001E-01   0.0000000000000000E+00
       5   3.4728818897637792E+00        6   1.9992187500000000E-01   0.0000000000000000E+00
       5   3.4728818897637792E+00        7   2.3890625000000001E-01   0.0000000000000000E+00
       5   3.4728818897637792E+00        8   2.7789062500000000E-01   0.0000000000000000E+00
       5   3.4728818897637792E+00        9   3.1687500000000002E-01   0.0000000000000000E+00
       5   3.4728818897637792E+00       10   3.5585937500000003E-01   0.0000000000000000E+00
       5   3.4728818897637792E+00       11   3.9484374999999999E-01   0.0000000000000000E+00
       5   3.4728818897637792E+00       12   4.3382812500000001E-01   0.0000000000000000E+00
       5   3.4728818897637792E+00       13   4.7281250000000002E-01   0.0000000000000000E+00
       5   3.4728818897637792E+00       14   5.1179687500000004E-01   0.0000000000000000E+00
       5   3.4728818897637792E+00       15   5.5078125000000000E-01   0.0000000000000000E+00
       5   3.4728818897637792E+00       16   5.8976562500000007E-01   0.0000000000000000E+00
       5   3.4728818897637792E+00       17   6.2875000000000003E-01   0.0000000000000000E+00
       5   3.4728818897637792E+00       18   6.6773437499999999E-01   0.0000000000000000E+00
       5   3.4728818897637792E+00       19   7.0671875000000006E-01   0.0000000000000000E+00
       5   3.4728818897637792E+00       20   7.4570312500000002E-01   0.0000000000000000E+00
       5   3.4728818897637792E+00       21   7.8468749999999998E-01   0.0000000000000000E+00
       5   3.4728818897637792E+00       22   8.2367187500000005E-01   0.0000000000000000E+00
       5   3.4728818897637792E+00       23   8.6265625000000001E-01   0.0000000000000000E+00
       5   3.4728818897637792E+00       24   9.0164062500000008E-01   0.0000000000000000E+00
       5   3.4728818897637792E+00       25   9.4062500000000004E-01   0.0000000000000000E+00
       5   3.4728818897637792E+00       26   9.7960937500000000E-01   0.0000000000000000E+00
       5   3.4728818897637792E+00       27   1.0185937500000000E+00   0.0000000000000000E+00
       5   3.4728818897637792E+00       28   1.0575781250000000E+00   0.0000000000000000E+00
       5   3.4728818897637792E+00       29   1.0965625000000001E+00   0.0000000000000000E+00
       5   3.4728818897637792E+00       30   1.1355468750000000E+00   0.0000000000000000E+00
       5   3.4728818897637792E+00       31   1.1745312500000000E+00   0.0000000000000000E+00
       5   3.4728818897637792E+00       32   1.2135156250000001E+00   0.0000000000000000E+00
       5   3.4728818897637792E+00       33   1.2524999999999999E+00   0.0000000000000000E+00
       5   3.4728818897637792E+00       34   1.2914843750000000E+00   0.0000000000000000E+00
       5   3.4728818897637792E+00       35   1.3304687500000001E+00   0.0000000000000000E+00
       5   3.4728818897637792E+00       36   1.3694531250000002E+00   0.0000000000000000E+00
       5   3.4728818897637792E+00       37   1.4084375000000000E+00   0.0000000000000000E+00
       5   3.4728818897637792E+00       38   1.4474218750000001E+00   0.0000000000000000E+00
       5   3.4728818897637792E+00       39   1.4864062500000002E+00   0.0000000000000000E+00
       5   3.4728818897637792E+00       40   1.5253906250000000E+00   0.0000000000000000E+00
       5   3.4728818897637792E+00       41   1.5643750000000001E+00   0.0000000000000000E+00
       5   3.4728818897637792E+00       42   1.6033593750000001E+00   0.0000000000000000E+00
       5   3.4728818897637792E+00       43   1.6423437500000000E+00   0.0000000000000000E+00
       5   3.4728818897637792E+00       44   1.6813281250000001E+00   0.0000000000000000E+00
       5   3.4728818897637792E+00       45   1.7203125000000001E+00   0.0000000000000000E+00
       5   3.4728818897637792E+00       46   1.7592968750000000E+00   0.0000000000000000E+00
       5   3.4728818897637792E+00       47   1.7982812500000001E+00   0.0000000000000000E+00
       5   3.4728818897637792E+00       48   1.8372656250000001E+00   0.0000000000000000E+00
       5   3.4728818897637792E+00       49   1.8762500000000000E+00   0.0000000000000000E+00
       5   3.4728818897637792E+00       50   1.9152343750000000E+00   0.0000000000000000E+00
       5   3.4728818897637792E+00       51   1.9542187500000001E+00   0.0000000000000000E+00
       5   3.4728818897637792E+00       52   1.9932031250000002E+00   0.0000000000000000E+00
       5   3.4728818897637792E+00       53   2.0321875000000000E+00   0.0000000000000000E+00
       5   3.4728818897637792E+00       54   2.0711718750000001E+00   0.0000000000000000E+00
       5   3.4728818897637792E+00       55   2.1101562500000002E+00   0.0000000000000000E+00
       5   3.4728818897637792E+00       56   2.1491406250000002E+00   0.0000000000000000E+00
       5   3.4728818897637792E+00       57   2.1881249999999999E+00   0.0000000000000000E+00
       5   3.4728818897637792E+00       58   2.2271093749999999E+00   0.0000000000000000E+00
       5   3.4728818897637792E+00       59   2.2660937500000000E+00   0.0000000000000000E+00
       5   3.4728818897637792E+00       60   2.3050781250000001E+00   0.0000000000000000E+00
       5   3.4728818897637792E+00       61   2.3440625000000002E+00   0.0000000000000000E+00
       5   3.4728818897637792E+00       62   2.3830468750000002E+00   0.0000000000000000E+00
       5   3.4728818897637792E+00       63   2.4220312500000003E+00   0.0000000000000000E+00
       5   3.4728818897637792E+00       64   2.4610156249999999E+00   0.0000000000000000E+00
 
       6   4.3411023622047242E+00        1   5.0000000000000001E-03   0.0000000000000000E+00
       6   4.3411023622047242E+00        2   4.3984374999999999E-02   0.0000000000000000E+00
       6   4.3411023622047242E+00        3   8.2968750000000008E-02   0.0000000000000000E+00
       6   4.3411023622047242E+00        4   1.2195312500000001E-01   0.0000000000000000E+00
       6   4.3411023622047242E+00        5   1.6093750000000001E-01   0.0000000000000000E+00
       6   4.3411023622047242E+00        6   1.9992187500000000E-01   0.0000000000000000E+00
       6   4.3411023622047242E+00        7   2.3890625000000001E-01   0.0000000000000000E+00
       6   4.3411023622047242E+00        8   2.7789062500000000E-01   0.0000000000000000E+00
       6   4.3411023622047242E+00        9   3.1687500000000002E-01   0.0000000000000000E+00
       6   4.3411023622047242E+00       10   3.5585937500000003E-01   0.0000000000000000E+00
       6   4.3411023622047242E+00       11   3.9484374999999999E-01   0.0000000000000000E+00
       6   4.3411023622047242E+00       12   4.3382812500000001E-01   0.0000000000000000E+00
       6   4.3411023622047242E+00       13   4.7281250000000002E-01   0.0000000000000000E+00
       6   4.3411023622047242E+00       14   5.1179687500000004E-01   0.0000000000000000E+00
       6   4.3411023622047242E+00       15   5.5078125000000000E-01   0.0000000000000000E+00
       6   4.3411023622047242E+00       16   5.8976562500000007E-01   0.0000000000000000E+00
       6   4.3411023622047242E+00       17   6.2875000000000003E-01   0.0000000000000000E+00
       6   4.3411023622047242E+00       18   6.6773437499999999E-01   0.0000000000000000E+00
       6   4.3411023622047242E+00       19   7.0671875000000006E-01   0.0000000000000000E+00
       6   4.3411023622047242E+00       20   7.4570312500000002E-01   0.0000000000000000E+00
       6   4.3411023622047242E+00       21   7.8468749999999998E-01   0.0000000000000000E+00
       6   4.3411023622047242E+00       22   8.2367187500000005E-01   0.0000000000000000E+00
       6   4.3411023622047242E+00       23   8.6265625000000001E-01   0.0000000000000000E+00
       6   4.3411023622047242E+00       24   9.0164062500000008E-01   0.0000000000000000E+00
       6   4.3411023622047242E+00       25   9.4062500000000004E-01   0.0000000000000000E+00
       6   4.3411023622047242E+00       26   9.7960937500000000E-01   0.0000000000000000E+00
       6   4.3411023622047242E+00       27   1.0185937500000000E+00   0.0000000000000000E+00
       6   4.3411023622047242E+00       28   1.0575781250000000E+00   0.0000000000000000E+00
       6   4.3411023622047242E+00       29   1.0965625000000001E+00   0.0000000000000000E+00
       6   4.3411023622047242E+00       30   1.1355468750000000E+00   0.0000000000000000E+00
       6   4.3411023622047242E+00       31   1.1745312500000000E+00   0.0000000000000000E+00
       6   4.3411023622047242E+00       32   1.2135156250000001E+00   0.0000000000000000E+00
       6   4.3411023622047242E+00       33   1.2524999999999999E+00   0.0000000000000000E+00
       6   4.3411023622047242E+00       34   1.2914843750000000E+00   0.0000000000000000E+00
       6   4.3411023622047242E+00       35   1.3304687500000001E+00   0.0000000000000000E+00
       6   4.3411023622047242E+00       36   1.3694531250000002E+00   0.0000000000000000E+00
       6   4.3411023622047242E+00       37   1.4084375000000000E+00   0.0000000000000000E+00
       6   4.3411023622047242E+00       38   1.4474218750000001E+00   0.0000000000000000E+00
       6   4.3411023622047242E+00       39   1.4864062500000002E+00   0.0000000000000000E+00
       6   4.3411023622047242E+00       40   1.5253906250000000E+00   0.0000000000000000E+00
       6   4.3411023622047242E+00       41   1.5643750000000001E+00   0.0000000000000000E+00
       6   4.3411023622047242E+00       42   1.6033593750000001E+00   0.0000000000000000E+00
       6   4.3411023622047242E+00       43   1.6423437500000000E+00   0.0000000000000000E+00
       6   4.3411023622047242E+00       44   1.6813281250000001E+00   0.0000000000000000E+00
       6   4.3411023622047242E+00       45   1.7203125000000001E+00   0.0000000000000000E+00
       6   4.3411023622047242E+00       46   1.7592968750000000E+00   0.0000000000000000E+00
       6   4.3411023622047242E+00       47   1.7982812500000001E+00   0.0000000000000000E+00
       6   4.3411023622047242E+00       48   1.8372656250000001E+00   0.0000000000000000E+00
       6   4.3411023622047242E+00       49   1.8762500000000000E+00   0.0000000000000000E+00
       6   4.3411023622047242E+00       50   1.9152343750000000E+00   0.0000000000000000E+00
       6   4.3411023622047242E+00       51   1.9542187500000001E+00   0.0000000000000000E+00
       6   4.3411023622047242E+00       52   1.9932031250000002E+00   0.0000000000000000E+00
       6   4.3411023622047242E+00       53   2.0321875000000000E+00   0.0000000000000000E+00
       6   4.3411023622047242E+00       54   2.0711718750000001E+00   0.0000000000000000E+00
       6   4.3411023622047242E+00       55   2.1101562500000002E+00   0.0000000000000000E+00
       6   4.3411023622047242E+00       56   2.1491406250000002E+00   0.0000000000000000E+00
       6   4.3411023622047242E+00       57   2.1881249999999999E+00   0.0000000000000000E+00
       6   4.3411023622047242E+00       58   2.2271093749999999E+00   0.0000000000000000E+00
       6   4.3411023622047242E+00       59   2.2660937500000000E+00   0.0000000000000000E+00
       6   4.3411023622047242E+00       60   2.3050781250000001E+00   0.0000000000000000E+00
       6   4.3411023622047242E+00       61   2.3440625000000002E+00   0.0000000000000000E+00
       6   4.3411023622047242E+00       62   2.3830468750000002E+00   0.0000000000000000E+00
       6   4.3411023622047242E+00       63   2.4220312500000003E+00   0.0000000000000000E+00
       6   4.3411023622047242E+00       64   2.4610156249999999E+00   0.0000000000000000E+00
 
       7   5.2093228346456693E+00        1   5.0000000000000001E-03   0.0000000000000000E+00
       7   5.2093228346456693E+00        2   4.3984374999999999E-02   0.0000000000000000E+00
       7   5.2093228346456693E+00        3   8.2968750000000008E-02   0.0000000000000000E+00
       7   5.2093228346456693E+00        4   1.2195312500000001E-01   0.0000000000000000E+00
       7   5.2093228346456693E+00        5   1.6093750000000001E-01   0.0000000000000000E+00
       7   5.2093228346456693E+00        6   1.9992187500000000E-01   0.0000000000000000E+00
       7   5.2093228346456693E+00        7   2.3890625000000001E-01   0.0000000000000000E+00
       7   5.2093228346456693E+00        8   2.7789062500000000E-01   0.0000000000000000E+00
       7   5.2093228346456693E+00        9   3.1687500000000002E-01   0.0000000000000000E+00
       7   5.2093228346456693E+00       10   3.5585937500000003E-01   0.0000000000000000E+00
       7   5.2093228346456693E+00       11   3.9484374999999999E-01   0.0000000000000000E+00
       7   5.2093228346456693E+00       12   4.3382812500000001E-01   0.0000000000000000E+00
       7   5.2093228346456693E+00       13   4.7281250000000002E-01   0.0000000000000000E+00
       7   5.2093228346456693E+00       14   5.1179687500000004E-01   0.0000000000000000E+00
       7   5.2093228346456693E+00       15   5.5078125000000000E-01   0.0000000000000000E+00
       7   5.2093228346456693E+00       16   5.8976562500000007E-01   0.0000000000000000E+00
       7   5.2093228346456693E+00       17   6.2875000000000003E-01   0.0000000000000000E+00
       7   5.2093228346456693E+00       18   6.6773437499999999E-01   0.0000000000000000E+00
       7   5.2093228346456693E+00       19   7.0671875000000006E-01   0.0000000000000000E+00
       7   5.2093228346456693E+00       20   7.4570312500000002E-01   0.0000000000000000E+00
       7   5.2093228346456693E+00       21   7.8468749999999998E-01   0.0000000000000000E+00
       7   5.2093228346456693E+00       22   8.2367187500000005E-01   0.0000000000000000E+00
       7   5.2093228346456693E+00       23   8.6265625000000001E-01   0.0000000000000000E+00
       7   5.2093228346456693E+00       24   9.0164062500000008E-01   0.0000000000000000E+00
       7   5.2093228346456693E+00       25   9.4062500000000004E-01   0.0000000000000000E+00
       7   5.2093228346456693E+00       26   9.7960937500000000E-01   0.0000000000000000E+00
       7   5.2093228346456693E+00       27   1.0185937500000000E+00   0.0000000000000000E+00
       7   5.2093228346456693E+00       28   1.0575781250000000E+00   0.0000000000000000E+00
       7   5.2093228346456693E+00       29   1.0965625000000001E+00   0.0000000000000000E+00
       7   5.2093228346456693E+00       30   1.1355468750000000E+00   0.0000000000000000E+00
       7   5.2093228346456693E+00       31   1.1745312500000000E+00   0.0000000000000000E+00
       7   5.2093228346456693E+00       32   1.2135156250000001E+00   0.0000000000000000E+00
       7   5.2093228346456693E+00       33   1.2524999999999999E+00   0.0000000000000000E+00
       7   5.2093228346456693E+00       34   1.2914843750000000E+00   0.0000000000000000E+00
       7   5.2093228346456693E+00       35   1.3304687500000001E+00   0.0000000000000000E+00
       7   5.2093228346456693E+00       36   1.3694531250000002E+00   0.0000000000000000E+00
       7   5.2093228346456693E+00       37   1.4084375000000000E+00   0.0000000000000000E+00
       7   5.2093228346456693E+00       38   1.4474218750000001E+00   0.0000000000000000E+00
       7   5.2093228346456693E+00       39   1.4864062500000002E+00   0.0000000000000000E+00
       7   5.2093228346456693E+00       40   1.5253906250000000E+00   0.0000000000000000E+00
       7   5.2093228346456693E+00       41   1.5643750000000001E+00   0.0000000000000000E+00
       7   5.2093228346456693E+00       42   1.6033593750000001E+00   0.0000000000000000E+00
       7   5.2093228346456693E+00       43   1.6423437500000000E+00   0.0000000000000000E+00
       7   5.2093228346456693E+00       44   1.6813281250000001E+00   0.0000000000000000E+00
       7   5.2093228346456693E+00       45   1.7203125000000001E+00   0.0000000000000000E+00
       7   5.2093228346456693E+00       46   1.7592968750000000E+00   0.0000000000000000E+00
       7   5.2093228346456693E+00       47   1.7982812500000001E+00   0.0000000000000000E+00
       7   5.2093228346456693E+00       48   1.8372656250000001E+00   0.0000000000000000E+00
       7   5.2093228346456693E+00       49   1.8762500000000000E+00   0.0000000000000000E+00
       7   5.2093228346456693E+00       50   1.9152343750000000E+00   0.0000000000000000E+00
       7   5.2093228346456693E+00       51   1.9542187500000001E+00   0.0000000000000000E+00
       7   5.2093228346456693E+00       52   1.9932031250000002E+00   0.0000000000000000E+00
       7   5.2093228346456693E+00       53   2.0321875000000000E+00   0.0000000000000000E+00
       7   5.2093228346456693E+00       54   2.0711718750000001E+00   0.0000000000000000E+00
       7   5.2093228346456693E+00       55   2.1101562500000002E+00   0.0000000000000000E+00
       7   5.2093228346456693E+00       56   2.1491406250000002E+00   0.0000000000000000E+00
       7   5.2093228346456693E+00       57   2.1881249999999999E+00   0.0000000000000000E+00
       7   5.2093228346456693E+00       58   2.2271093749999999E+00   0.0000000000000000E+00
       7   5.2093228346456693E+00       59   2.2660937500000000E+00   0.0000000000000000E+00
       7   5.2093228346456693E+00       60   2.3050781250000001E+00   0.0000000000000000E+00
       7   5.2093228346456693E+00       61   2.3440625000000002E+00   0.0000000000000000E+00
       7   5.2093228346456693E+00       62   2.3830468750000002E+00   0.0000000000000000E+00
       7   5.2093228346456693E+00       63   2.4220312500000003E+00   0.0000000000000000E+00
       7   5.2093228346456693E+00       64   2.4610156249999999E+00   0.0000000000000000E+00
 
       8   6.0775433070866134E+00        1   5.0000000000000001E-03   0.0000000000000000E+00
       8   6.0775433070866134E+00        2   4.3984374999999999E-02   0.0000000000000000E+00
       8   6.0775433070866134E+00        3   8.2968750000000008E-02   0.0000000000000000E+00
       8   6.0775433070866134E+00        4   1.2195312500000001E-01   0.0000000000000000E+00
       8   6.0775433070866134E+00        5   1.6093750000000001E-01   0.0000000000000000E+00
       8   6.0775433070866134E+00        6   1.9992187500000000E-01   0.0000000000000000E+00
       8   6.0775433070866134E+00        7   2.3890625000000001E-01   0.0000000000000000E+00
       8   6.0775433070866134E+00        8   2.7789062500000000E-01   0.0000000000000000E+00
       8   6.0775433070866134E+00        9   3.1687500000000002E-01   0.0000000000000000E+00
       8   6.0775433070866134E+00       10   3.5585937500000003E-01   0.0000000000000000E+00
       8   6.0775433070866134E+00       11   3.9484374999999999E-01   0.0000000000000000E+00
       8   6.0775433070866134E+00       12   4.3382812500000001E-01   0.0000000000000000E+00
       8   6.0775433070866134E+00       13   4.7281250000000002E-01   0.0000000000000000E+00
       8   6.0775433070866134E+00       14   5.1179687500000004E-01   0.0000000000000000E+00
       8   6.0775433070866134E+00       15   5.5078125000000000E-01   0.0000000000000000E+00
       8   6.0775433070866134E+00       16   5.8976562500000007E-01   0.0000000000000000E+00
       8   6.0775433070866134E+00       17   6.2875000000000003E-01   0.0000000000000000E+00
       8   6.0775433070866134E+00       18   6.6773437499999999E-01   0.0000000000000000E+00
       8   6.0775433070866134E+00       19   7.0671875000000006E-01   0.0000000000000000E+00
       8   6.0775433070866134E+00       20   7.4570312500000002E-01   0.0000000000000000E+00
       8   6.0775433070866134E+00       21   7.8468749999999998E-01   0.0000000000000000E+00
       8   6.0775433070866134E+00       22   8.2367187500000005E-01   0.0000000000000000E+00
       8   6.0775433070866134E+00       23   8.6265625000000001E-01   0.0000000000000000E+00
       8   6.0775433070866134E+00       24   9.0164062500000008E-01   0.0000000000000000E+00
       8   6.0775433070866134E+00       25   9.4062500000000004E-01   0.0000000000000000E+00
       8   6.0775433070866134E+00       26   9.7960937500000000E-01   0.0000000000000000E+00
       8   6.0775433070866134E+00       27   1.0185937500000000E+00   0.0000000000000000E+00
       8   6.0775433070866134E+00       28   1.0575781250000000E+00   0.0000000000000000E+00
       8   6.0775433070866134E+00       29   1.0965625000000001E+00   0.0000000000000000E+00
       8   6.0775433070866134E+00       30   1.1355468750000000E+00   0.0000000000000000E+00
       8   6.0775433070866134E+00       31   1.1745312500000000E+00   0.0000000000000000E+00
       8   6.0775433070866134E+00       32   1.2135156250000001E+00   0.0000000000000000E+00
       8   6.0775433070866134E+00       33   1.2524999999999999E+00   0.0000000000000000E+00
       8   6.0775433070866134E+00       34   1.2914843750000000E+00   0.0000000000000000E+00
       8   6.0775433070866134E+00       35   1.3304687500000001E+00   0.0000000000000000E+00
       8   6.0775433070866134E+00       36   1.3694531250000002E+00   0.0000000000000000E+00
       8   6.0775433070866134E+00       37   1.4084375000000000E+00   0.0000000000000000E+00
       8   6.0775433070866134E+00       38   1.4474218750000001E+00   0.0000000000000000E+00
       8   6.0775433070866134E+00       39   1.4864062500000002E+00   0.0000000000000000E+00
       8   6.0775433070866134E+00       40   1.5253906250000000E+00   0.0000000000000000E+00
       8   6.0775433070866134E+00       41   1.5643750000000001E+00   0.0000000000000000E+00
       8   6.0775433070866134E+00       42   1.6033593750000001E+00   0.0000000000000000E+00
       8   6.0775433070866134E+00       43   1.6423437500000000E+00   0.0000000000000000E+00
       8   6.0775433070866134E+00       44   1.6813281250000001E+00   0.0000000000000000E+00
       8   6.0775433070866134E+00       45   1.7203125000000001E+00   0.0000000000000000E+00
       8   6.0775433070866134E+00       46   1.7592968750000000E+00   0.0000000000000000E+00
       8   6.0775433070866134E+00       47   1.7982812500000001E+00   0.0000000000000000E+00
       8   6.0775433070866134E+00       48   1.8372656250000001E+00   0.0000000000000000E+00
       8   6.0775433070866134E+00       49   1.8762500000000000E+00   0.0000000000000000E+00
       8   6.0775433070866134E+00       50   1.9152343750000000E+00   0.0000000000000000E+00
       8   6.0775433070866134E+00       51   1.9542187500000001E+00   0.0000000000000000E+00
       8   6.0775433070866134E+00       52   1.9932031250000002E+00   0.0000000000000000E+00
       8   6.0775433070866134E+00       53   2.0321875000000000E+00   0.0000000000000000E+00
       8   6.0775433070866134E+00       54   2.0711718750000001E+00   0.0000000000000000E+00
       8   6.0775433070866134E+00       55   2.1101562500000002E+00   0.0000000000000000E+00
       8   6.0775433070866134E+00       56   2.1491406250000002E+00   0.0000000000000000E+00
       8   6.0775433070866134E+00       57   2.1881249999999999E+00   0.0000000000000000E+00
       8   6.0775433070866134E+00       58   2.2271093749999999E+00   0.0000000000000000E+00
       8   6.0775433070866134E+00       59   2.2660937500000000E+00   0.0000000000000000E+00
       8   6.0775433070866134E+00       60   2.3050781250000001E+00   0.0000000000000000E+00
       8   6.0775433070866134E+00       61   2.3440625000000002E+00   0.0000000000000000E+00
       8   6.0775433070866134E+00       62   2.3830468750000002E+00   0.0000000000000000E+00
       8   6.0775433070866134E+00       63   2.4220312500000003E+00   0.0000000000000000E+00
       8   6.0775433070866134E+00       64   2.4610156249999999E+00   0.0000000000000000E+00
 
       9   6.9457637795275584E+00        1   5.0000000000000001E-03   0.0000000000000000E+00
       9   6.9457637795275584E+00        2   4.3984374999999999E-02   0.0000000000000000E+00
       9   6.9457637795275584E+00        3   8.2968750000000008E-02   0.0000000000000000E+00
       9   6.9457637795275584E+00        4   1.2195312500000001E-01   0.0000000000000000E+00
       9   6.9457637795275584E+00        5   1.6093750000000001E-01   0.0000000000000000E+00
       9   6.9457637795275584E+00        6   1.9992187500000000E-01   0.0000000000000000E+00
       9   6.9457637795275584E+00        7   2.3890625000000001E-01   0.0000000000000000E+00
       9   6.9457637795275584E+00        8   2.7789062500000000E-01   0.0000000000000000E+00
       9   6.9457637795275584E+00        9   3.1687500000000002E-01   0.0000000000000000E+00
       9   6.9457637795275584E+00       10   3.5585937500000003E-01   0.0000000000000000E+00
       9   6.9457637795275584E+00       11   3.9484374999999999E-01   0.0000000000000000E+00
       9   6.9457637795275584E+00       12   4.3382812500000001E-01   0.0000000000000000E+00
       9   6.9457637795275584E+00       13   4.7281250000000002E-01   0.0000000000000000E+00
       9   6.9457637795275584E+00       14   5.1179687500000004E-01   0.0000000000000000E+00
       9   6.9457637795275584E+00       15   5.5078125000000000E-01   0.0000000000000000E+00
       9   6.9457637795275584E+00       16   5.8976562500000007E-01   0.0000000000000000E+00
       9   6.9457637795275584E+00       17   6.2875000000000003E-01   0.0000000000000000E+00
       9   6.9457637795275584E+00       18   6.6773437499999999E-01   0.0000000000000000E+00
       9   6.9457637795275584E+00       19   7.0671875000000006E-01   0.0000000000000000E+00
       9   6.9457637795275584E+00       20   7.4570312500000002E-01   0.0000000000000000E+00
       9   6.9457637795275584E+00       21   7.8468749999999998E-01   0.0000000000000000E+00
       9   6.9457637795275584E+00       22   8.2367187500000005E-01   0.0000000000000000E+00
       9   6.9457637795275584E+00       23   8.6265625000000001E-01   0.0000000000000000E+00
       9   6.9457637795275584E+00       24   9.0164062500000008E-01   0.0000000000000000E+00
       9   6.9457637795275584E+00       25   9.4062500000000004E-01   0.0000000000000000E+00
       9   6.9457637795275584E+00       26   9.7960937500000000E-01   0.0000000000000000E+00
       9   6.9457637795275584E+00       27   1.0185937500000000E+00   0.0000000000000000E+00
       9   6.9457637795275584E+00       28   1.0575781250000000E+00   0.0000000000000000E+00
       9   6.9457637795275584E+00       29   1.0965625000000001E+00   0.0000000000000000E+00
       9   6.9457637795275584E+00       30   1.1355468750000000E+00   0.0000000000000000E+00
       9   6.9457637795275584E+00       31   1.1745312500000000E+00   0.0000000000000000E+00
       9   6.9457637795275584E+00       32   1.2135156250000001E+00   0.0000000000000000E+00
       9   6.9457637795275584E+00       33   1.2524999999999999E+00   0.0000000000000000E+00
       9   6.9457637795275584E+00       34   1.2914843750000000E+00   0.0000000000000000E+00
       9   6.9457637795275584E+00       35   1.3304687500000001E+00   0.0000000000000000E+00
       9   6.9457637795275584E+00       36   1.3694531250000002E+00   0.0000000000000000E+00
       9   6.9457637795275584E+00       37   1.4084375000000000E+00   0.0000000000000000E+00
       9   6.9457637795275584E+00       38   1.4474218750000001E+00   0.0000000000000000E+00
       9   6.9457637795275584E+00       39   1.4864062500000002E+00   0.0000000000000000E+00
       9   6.9457637795275584E+00       40   1.5253906250000000E+00   0.0000000000000000E+00
       9   6.9457637795275584E+00       41   1.5643750000000001E+00   0.0000000000000000E+00
       9   6.9457637795275584E+00       42   1.6033593750000001E+00   0.0000000000000000E+00
       9   6.9457637795275584E+00       43   1.6423437500000000E+00   0.0000000000000000E+00
       9   6.9457637795275584E+00       44   1.6813281250000001E+00   0.0000000000000000E+00
       9   6.9457637795275584E+00       45   1.7203125000000001E+00   0.0000000000000000E+00
       9   6.9457637795275584E+00       46   1.7592968750000000E+00   0.0000000000000000E+00
       9   6.9457637795275584E+00       47   1.7982812500000001E+00   0.0000000000000000E+00
       9   6.9457637795275584E+00       48   1.8372656250000001E+00   0.0000000000000000E+00
       9   6.9457637795275584E+00       49   1.8762500000000000E+00   0.0000000000000000E+00
       9   6.9457637795275584E+00       50   1.9152343750000000E+00   0.0000000000000000E+00
       9   6.9457637795275584E+00       51   1.9542187500000001E+00   0.0000000000000000E+00
       9   6.9457637795275584E+00       52   1.9932031250000002E+00   0.0000000000000000E+00
       9   6.9457637795275584E+00       53   2.0321875000000000E+00   0.0000000000000000E+00
       9   6.9457637795275584E+00       54   2.0711718750000001E+00   0.0000000000000000E+00
       9   6.9457637795275584E+00       55   2.1101562500000002E+00   0.0000000000000000E+00
       9   6.9457637795275584E+00       56   2.1491406250000002E+00   0.0000000000000000E+00
       9   6.9457637795275584E+00       57   2.1881249999999999E+00   0.0000000000000000E+00
       9   6.9457637795275584E+00       58   2.2271093749999999E+00   0.0000000000000000E+00
       9   6.9457637795275584E+00       59   2.2660937500000000E+00   0.0000000000000000E+00
       9   6.9457637795275584E+00       60   2.3050781250000001E+00   0.0000000000000000E+00
       9   6.9457637795275584E+00       61   2.3440625000000002E+00   0.0000000000000000E+00
       9   6.9457637795275584E+00       62   2.3830468750000002E+00   0.0000000000000000E+00
       9   6.9457637795275584E+00       63   2.4220312500000003E+00   0.0000000000000000E+00
       9   6.9457637795275584E+00       64   2.4610156249999999E+00   0.0000000000000000E+00
 
      10   7.8139842519685034E+00        1   5.0000000000000001E-03   0.0000000000000000E+00
      10   7.8139842519685034E+00        2   4.3984374999999999E-02   0.0000000000000000E+00
      10   7.8139842519685034E+00        3   8.2968750000000008E-02   0.0000000000000000E+00
      10   7.8139842519685034E+00        4   1.2195312500000001E-01   0.0000000000000000E+00
      10   7.8139842519685034E+00        5   1.6093750000000001E-01   0.0000000000000000E+00
      10   7.8139842519685034E+00        6   1.9992187500000000E-01   0.0000000000000000E+00
      10   7.8139842519685034E+00        7   2.3890625000000001E-01   0.0000000000000000E+00
      10   7.8139842519685034E+00        8   2.7789062500000000E-01   0.0000000000000000E+00
      10   7.8139842519685034E+00        9   3.1687500000000002E-01   0.0000000000000000E+00
      10   7.8139842519685034E+00       10   3.5585937500000003E-01   0.0000000000000000E+00
      10   7.8139842519685034E+00       11   3.9484374999999999E-01   0.0000000000000000E+00
      10   7.8139842519685034E+00       12   4.3382812500000001E-01   0.0000000000000000E+00
      10   7.8139842519685034E+00       13   4.7281250000000002E-01   0.0000000000000000E+00
      10   7.8139842519685034E+00       14   5.1179687500000004E-01   0.0000000000000000E+00
      10   7.8139842519685034E+00       15   5.5078125000000000E-01   0.0000000000000000E+00
      10   7.8139842519685034E+00       16   5.8976562500000007E-01   0.0000000000000000E+00
      10   7.8139842519685034E+00       17   6.2875000000000003E-01   0.0000000000000000E+00
      10   7.8139842519685034E+00       18   6.6773437499999999E-01   0.0000000000000000E+00
      10   7.8139842519685034E+00       19   7.0671875000000006E-01   0.0000000000000000E+00
      10   7.8139842519685034E+00       20   7.4570312500000002E-01   0.0000000000000000E+00
      10   7.8139842519685034E+00       21   7.8468749999999998E-01   0.0000000000000000E+00
      10   7.8139842519685034E+00       22   8.2367187500000005E-01   0.0000000000000000E+00
      10   7.8139842519685034E+00       23   8.6265625000000001E-01   0.0000000000000000E+00
      10   7.8139842519685034E+00       24   9.0164062500000008E-01   0.0000000000000000E+00
      10   7.8139842519685034E+00       25   9.4062500000000004E-01   0.0000000000000000E+00
      10   7.8139842519685034E+00       26   9.7960937500000000E-01   0.0000000000000000E+00
      10   7.8139842519685034E+00       27   1.0185937500000000E+00   0.0000000000000000E+00
      10   7.8139842519685034E+00       28   1.0575781250000000E+00   0.0000000000000000E+00
      10   7.8139842519685034E+00       29   1.0965625000000001E+00   0.0000000000000000E+00
      10   7.8139842519685034E+00       30   1.1355468750000000E+00   0.0000000000000000E+00
      10   7.8139842519685034E+00       31   1.1745312500000000E+00   0.0000000000000000E+00
      10   7.8139842519685034E+00       32   1.2135156250000001E+00   0.0000000000000000E+00
      10   7.8139842519685034E+00       33   1.2524999999999999E+00   0.0000000000000000E+00
      10   7.8139842519685034E+00       34   1.2914843750000000E+00   0.0000000000000000E+00
      10   7.8139842519685034E+00       35   1.3304687500000001E+00   0.0000000000000000E+00
      10   7.8139842519685034E+00       36   1.3694531250000002E+00   0.0000000000000000E+00
      10   7.8139842519685034E+00       37   1.4084375000000000E+00   0.0000000000000000E+00
      10   7.8139842519685034E+00       38   1.4474218750000001E+00   0.0000000000000000E+00
      10   7.8139842519685034E+00       39   1.4864062500000002E+00   0.0000000000000000E+00
      10   7.8139842519685034E+00       40   1.5253906250000000E+00   0.0000000000000000E+00
      10   7.8139842519685034E+00       41   1.5643750000000001E+00   0.0000000000000000E+00
      10   7.8139842519685034E+00       42   1.6033593750000001E+00   0.0000000000000000E+00
      10   7.8139842519685034E+00       43   1.6423437500000000E+00   0.0000000000000000E+00
      10   7.8139842519685034E+00       44   1.6813281250000001E+00   0.0000000000000000E+00
      10   7.8139842519685034E+00       45   1.7203125000000001E+00   0.0000000000000000E+00
      10   7.8139842519685034E+00       46   1.7592968750000000E+00   0.0000000000000000E+00
      10   7.8139842519685034E+00       47   1.7982812500000001E+00   0.0000000000000000E+00
      10   7.8139842519685034E+00       48   1.8372656250000001E+00   0.0000000000000000E+00
      10   7.8139842519685034E+00       49   1.8762500000000000E+00   0.0000000000000000E+00
      10   7.8139842519685034E+00       50   1.9152343750000000E+00   0.0000000000000000E+00
      10   7.8139842519685034E+00       51   1.9542187500000001E+00   0.0000000000000000E+00
      10   7.8139842519685034E+00       52   1.9932031250000002E+00   0.0000000000000000E+00
      10   7.8139842519685034E+00       53   2.0321875000000000E+00   0.0000000000000000E+00
      10   7.8139842519685034E+00       54   2.0711718750000001E+00   0.0000000000000000E+00
      10   7.8139842519685034E+00       55   2.1101562500000002E+00   0.0000000000000000E+00
      10   7.8139842519685034E+00       56   2.1491406250000002E+00   0.0000000000000000E+00
      10   7.8139842519685034E+00       57   2.1881249999999999E+00   0.0000000000000000E+00
      10   7.8139842519685034E+00       58   2.2271093749999999E+00   0.0000000000000000E+00
      10   7.8139842519685034E+00       59   2.2660937500000000E+00   0.0000000000000000E+00
      10   7.8139842519685034E+00       60   2.3050781250000001E+00   0.0000000000000000E+00
      10   7.8139842519685034E+00       61   2.3440625000000002E+00   0.0000000000000000E+00
      10   7.8139842519685034E+00       62   2.3830468750000002E+00   0.0000000000000000E+00
      10   7.8139842519685034E+00       63   2.4220312500000003E+00   0.0000000000000000E+00
      10   7.8139842519685034E+00       64   2.4610156249999999E+00   0.0000000000000000E+00
 
      11   8.6822047244094485E+00        1   5.0000000000000001E-03   0.0000000000000000E+00
      11   8.6822047244094485E+00        2   4.3984374999999999E-02   0.0000000000000000E+00
      11   8.6822047244094485E+00        3   8.2968750000000008E-02   0.0000000000000000E+00
      11   8.6822047244094485E+00        4   1.2195312500000001E-01   0.0000000000000000E+00
      11   8.6822047244094485E+00        5   1.6093750000000001E-01   0.0000000000000000E+00
      11   8.6822047244094485E+00        6   1.9992187500000000E-01   0.0000000000000000E+00
      11   8.6822047244094485E+00        7   2.3890625000000001E-01   0.0000000000000000E+00
      11   8.6822047244094485E+00        8   2.7789062500000000E-01   0.0000000000000000E+00
      11   8.6822047244094485E+00        9   3.1687500000000002E-01   0.0000000000000000E+00
      11   8.6822047244094485E+00       10   3.5585937500000003E-01   0.0000000000000000E+00
      11   8.6822047244094485E+00       11   3.9484374999999999E-01   0.0000000000000000E+00
      11   8.6822047244094485E+00       12   4.3382812500000001E-01   0.0000000000000000E+00
      11   8.6822047244094485E+00       13   4.7281250000000002E-01   0.0000000000000000E+00
      11   8.6822047244094485E+00       14   5.1179687500000004E-01   0.0000000000000000E+00
      11   8.6822047244094485E+00       15   5.5078125000000000E-01   0.0000000000000000E+00
      11   8.6822047244094485E+00       16   5.8976562500000007E-01   0.0000000000000000E+00
      11   8.6822047244094485E+00       17   6.2875000000000003E-01   0.0000000000000000E+00
      11   8.6822047244094485E+00       18   6.6773437499999999E-01   0.0000000000000000E+00
      11   8.6822047244094485E+00       19   7.0671875000000006E-01   0.0000000000000000E+00
      11   8.6822047244094485E+00       20   7.4570312500000002E-01   0.0000000000000000E+00
      11   8.6822047244094485E+00       21   7.8468749999999998E-01   0.0000000000000000E+00
      11   8.6822047244094485E+00       22   8.2367187500000005E-01   0.0000000000000000E+00
      11   8.6822047244094485E+00       23   8.6265625000000001E-01   0.0000000000000000E+00
      11   8.6822047244094485E+00       24   9.0164062500000008E-01   0.0000000000000000E+00
      11   8.6822047244094485E+00       25   9.4062500000000004E-01   0.0000000000000000E+00
      11   8.6822047244094485E+00       26   9.7960937500000000E-01   0.0000000000000000E+00
      11   8.6822047244094485E+00       27   1.0185937500000000E+00   0.0000000000000000E+00
      11   8.6822047244094485E+00       28   1.0575781250000000E+00   0.0000000000000000E+00
      11   8.6822047244094485E+00       29   1.0965625000000001E+00   0.0000000000000000E+00
      11   8.6822047244094485E+00       30   1.1355468750000000E+00   0.0000000000000000E+00
      11   8.6822047244094485E+00       31   1.1745312500000000E+00   0.0000000000000000E+00
      11   8.6822047244094485E+00       32   1.2135156250000001E+00   0.0000000000000000E+00
      11   8.6822047244094485E+00       33   1.2524999999999999E+00   0.0000000000000000E+00
      11   8.6822047244094485E+00       34   1.2914843750000000E+00   0.0000000000000000E+00
      11   8.6822047244094485E+00       35   1.3304687500000001E+00   0.0000000000000000E+00
      11   8.6822047244094485E+00       36   1.3694531250000002E+00   0.0000000000000000E+00
      11   8.6822047244094485E+00       37   1.4084375000000000E+00   0.0000000000000000E+00
      11   8.6822047244094485E+00       38   1.4474218750000001E+00   0.0000000000000000E+00
      11   8.6822047244094485E+00       39   1.4864062500000002E+00   0.0000000000000000E+00
      11   8.6822047244094485E+00       40   1.5253906250000000E+00   0.0000000000000000E+00
      11   8.6822047244094485E+00       41   1.5643750000000001E+00   0.0000000000000000E+00
      11   8.6822047244094485E+00       42   1.6033593750000001E+00   0.0000000000000000E+00
      11   8.6822047244094485E+00       43   1.6423437500000000E+00   0.0000000000000000E+00
      11   8.6822047244094485E+00       44   1.6813281250000001E+00   0.0000000000000000E+00
      11   8.6822047244094485E+00       45   1.7203125000000001E+00   0.0000000000000000E+00
      11   8.6822047244094485E+00       46   1.7592968750000000E+00   0.0000000000000000E+00
      11   8.6822047244094485E+00       47   1.7982812500000001E+00   0.0000000000000000E+00
      11   8.6822047244094485E+00       48   1.8372656250000001E+00   0.0000000000000000E+00
      11   8.6822047244094485E+00       49   1.8762500000000000E+00   0.0000000000000000E+00
      11   8.6822047244094485E+00       50   1.9152343750000000E+00   0.0000000000000000E+00
      11   8.6822047244094485E+00       51   1.9542187500000001E+00   0.0000000000000000E+00
      11   8.6822047244094485E+00       52   1.9932031250000002E+00   0.0000000000000000E+00
      11   8.6822047244094485E+00       53   2.0321875000000000E+00   0.0000000000000000E+00
      11   8.6822047244094485E+00       54   2.0711718750000001E+00   0.0000000000000000E+00
      11   8.6822047244094485E+00       55   2.1101562500000002E+00   0.0000000000000000E+00
      11   8.6822047244094485E+00       56   2.1491406250000002E+00   0.0000000000000000E+00
      11   8.6822047244094485E+00       57   2.1881249999999999E+00   0.0000000000000000E+00
      11   8.6822047244094485E+00       58   2.2271093749999999E+00   0.0000000000000000E+00
      11   8.6822047244094485E+00       59   2.2660937500000000E+00   0.0000000000000000E+00
      11   8.6822047244094485E+00       60   2.3050781250000001E+00   0.0000000000000000E+00
      11   8.6822047244094485E+00       61   2.3440625000000002E+00   0.0000000000000000E+00
      11   8.6822047244094485E+00       62   2.3830468750000002E+00   0.0000000000000000E+00
      11   8.6822047244094485E+00       63   2.4220312500000003E+00   0.0000000000000000E+00
      11   8.6822047244094485E+00       64   2.4610156249999999E+00   0.0000000000000000E+00
 
      12   9.5504251968503944E+00        1   5.0000000000000001E-03   0.0000000000000000E+00
      12   9.5504251968503944E+00        2   4.3984374999999999E-02   0.0000000000000000E+00
      12   9.5504251968503944E+00        3   8.2968750000000008E-02   0.0000000000000000E+00
      12   9.5504251968503944E+00        4   1.2195312500000001E-01   0.0000000000000000E+00
      12   9.5504251968503944E+00        5   1.6093750000000001E-01   0.0000000000000000E+00
      12   9.5504251968503944E+00        6   1.9992187500000000E-01   0.0000000000000000E+00
      12   9.5504251968503944E+00        7   2.3890625000000001E-01   0.0000000000000000E+00
      12   9.5504251968503944E+00        8   2.7789062500000000E-01   0.0000000000000000E+00
      12   9.5504251968503944E+00        9   3.1687500000000002E-01   0.0000000000000000E+00
      12   9.5504251968503944E+00       10   3.5585937500000003E-01   0.0000000000000000E+00
      12   9.5504251968503944E+00       11   3.9484374999999999E-01   0.0000000000000000E+00
      12   9.5504251968503944E+00       12   4.3382812500000001E-01   0.0000000000000000E+00
      12   9.5504251968503944E+00       13   4.7281250000000002E-01   0.0000000000000000E+00
      12   9.5504251968503944E+00       14   5.1179687500000004E-01   0.0000000000000000E+00
      12   9.5504251968503944E+00       15   5.5078125000000000E-01   0.0000000000000000E+00
      12   9.5504251968503944E+00       16   5.8976562500000007E-01   0.0000000000000000E+00
      12   9.5504251968503944E+00       17   6.2875000000000003E-01   0.0000000000000000E+00
      12   9.5504251968503944E+00       18   6.6773437499999999E-01   0.0000000000000000E+00
      12   9.5504251968503944E+00       19   7.0671875000000006E-01   0.0000000000000000E+00
      12   9.5504251968503944E+00       20   7.4570312500000002E-01   0.0000000000000000E+00
      12   9.5504251968503944E+00       21   7.8468749999999998E-01   0.0000000000000000E+00
      12   9.5504251968503944E+00       22   8.2367187500000005E-01   0.0000000000000000E+00
      12   9.5504251968503944E+00       23   8.6265625000000001E-01   0.0000000000000000E+00
      12   9.5504251968503944E+00       24   9.0164062500000008E-01   0.0000000000000000E+00
      12   9.5504251968503944E+00       25   9.4062500000000004E-01   0.0000000000000000E+00
      12   9.5504251968503944E+00       26   9.7960937500000000E-01   0.0000000000000000E+00
      12   9.5504251968503944E+00       27   1.0185937500000000E+00   0.0000000000000000E+00
      12   9.5504251968503944E+00       28   1.0575781250000000E+00   0.0000000000000000E+00
      12   9.5504251968503944E+00       29   1.0965625000000001E+00   0.0000000000000000E+00
      12   9.5504251968503944E+00       30   1.1355468750000000E+00   0.0000000000000000E+00
      12   9.5504251968503944E+00       31   1.1745312500000000E+00   0.0000000000000000E+00
      12   9.5504251968503944E+00       32   1.2135156250000001E+00   0.0000000000000000E+00
      12   9.5504251968503944E+00       33   1.2524999999999999E+00   0.0000000000000000E+00
      12   9.5504251968503944E+00       34   1.2914843750000000E+00   0.0000000000000000E+00
      12   9.5504251968503944E+00       35   1.3304687500000001E+00   0.0000000000000000E+00
      12   9.5504251968503944E+00       36   1.3694531250000002E+00   0.0000000000000000E+00
      12   9.5504251968503944E+00       37   1.4084375000000000E+00   0.0000000000000000E+00
      12   9.5504251968503944E+00       38   1.4474218750000001E+00   0.0000000000000000E+00
      12   9.5504251968503944E+00       39   1.4864062500000002E+00   0.0000000000000000E+00
      12   9.5504251968503944E+00       40   1.5253906250000000E+00   0.0000000000000000E+00
      12   9.5504251968503944E+00       41   1.5643750000000001E+00   0.0000000000000000E+00
      12   9.5504251968503944E+00       42   1.6033593750000001E+00   0.0000000000000000E+00
      12   9.5504251968503944E+00       43   1.6423437500000000E+00   0.0000000000000000E+00
      12   9.5504251968503944E+00       44   1.6813281250000001E+00   0.0000000000000000E+00
      12   9.5504251968503944E+00       45   1.7203125000000001E+00   0.0000000000000000E+00
      12   9.5504251968503944E+00       46   1.7592968750000000E+00   0.0000000000000000E+00
      12   9.5504251968503944E+00       47   1.7982812500000001E+00   0.0000000000000000E+00
      12   9.5504251968503944E+00       48   1.8372656250000001E+00   0.0000000000000000E+00
      12   9.5504251968503944E+00       49   1.8762500000000000E+00   0.0000000000000000E+00
      12   9.5504251968503944E+00       50   1.9152343750000000E+00   0.0000000000000000E+00
      12   9.5504251968503944E+00       51   1.9542187500000001E+00   0.0000000000000000E+00
      12   9.5504251968503944E+00       52   1.9932031250000002E+00   0.0000000000000000E+00
      12   9.5504251968503944E+00       53   2.0321875000000000E+00   0.0000000000000000E+00
      12   9.5504251968503944E+00       54   2.0711718750000001E+00   0.0000000000000000E+00
      12   9.5504251968503944E+00       55   2.1101562500000002E+00   0.0000000000000000E+00
      12   9.5504251968503944E+00       56   2.1491406250000002E+00   0.0000000000000000E+00
      12   9.5504251968503944E+00       57   2.1881249999999999E+00   0.0000000000000000E+00
      12   9.5504251968503944E+00       58   2.2271093749999999E+00   0.0000000000000000E+00
      12   9.5504251968503944E+00       59   2.2660937500000000E+00   0.0000000000000000E+00
      12   9.5504251968503944E+00       60   2.3050781250000001E+00   0.0000000000000000E+00
      12   9.5504251968503944E+00       61   2.3440625000000002E+00   0.0000000000000000E+00
      12   9.5504251968503944E+00       62   2.3830468750000002E+00   0.0000000000000000E+00
      12   9.5504251968503944E+00       63   2.4220312500000003E+00   0.0000000000000000E+00
      12   9.5504251968503944E+00       64   2.4610156249999999E+00   0.0000000000000000E+00
 
      13   1.0418645669291339E+01        1   5.0000000000000001E-03   0.0000000000000000E+00
      13   1.0418645669291339E+01        2   4.3984374999999999E-02   0.0000000000000000E+00
      13   1.0418645669291339E+01        3   8.2968750000000008E-02   0.0000000000000000E+00
      13   1.0418645669291339E+01        4   1.2195312500000001E-01   0.0000000000000000E+00
      13   1.0418645669291339E+01        5   1.6093750000000001E-01   0.0000000000000000E+00
      13   1.0418645669291339E+01        6   1.9992187500000000E-01   0.0000000000000000E+00
      13   1.0418645669291339E+01        7   2.3890625000000001E-01   0.0000000000000000E+00
      13   1.0418645669291339E+01        8   2.7789062500000000E-01   0.0000000000000000E+00
      13   1.0418645669291339E+01        9   3.1687500000000002E-01   0.0000000000000000E+00
      13   1.0418645669291339E+01       10   3.5585937500000003E-01   0.0000000000000000E+00
      13   1.0418645669291339E+01       11   3.9484374999999999E-01   0.0000000000000000E+00
      13   1.0418645669291339E+01       12   4.3382812500000001E-01   0.0000000000000000E+00
      13   1.0418645669291339E+01       13   4.7281250000000002E-01   0.0000000000000000E+00
      13   1.0418645669291339E+01       14   5.1179687500000004E-01   0.0000000000000000E+00
      13   1.0418645669291339E+01       15   5.5078125000000000E-01   0.0000000000000000E+00
      13   1.0418645669291339E+01       16   5.8976562500000007E-01   0.0000000000000000E+00
      13   1.0418645669291339E+01       17   6.2875000000000003E-01   0.0000000000000000E+00
      13   1.0418645669291339E+01       18   6.6773437499999999E-01   0.0000000000000000E+00
      13   1.0418645669291339E+01       19   7.0671875000000006E-01   0.0000000000000000E+00
      13   1.0418645669291339E+01       20   7.4570312500000002E-01   0.0000000000000000E+00
      13   1.0418645669291339E+01       21   7.8468749999999998E-01   0.0000000000000000E+00
      13   1.0418645669291339E+01       22   8.2367187500000005E-01   0.0000000000000000E+00
      13   1.0418645669291339E+01       23   8.6265625000000001E-01   0.0000000000000000E+00
      13   1.0418645669291339E+01       24   9.0164062500000008E-01   0.0000000000000000E+00
      13   1.0418645669291339E+01       25   9.4062500000000004E-01   0.0000000000000000E+00
      13   1.0418645669291339E+01       26   9.7960937500000000E-01   0.0000000000000000E+00
      13   1.0418645669291339E+01       27   1.0185937500000000E+00   0.0000000000000000E+00
      13   1.0418645669291339E+01       28   1.0575781250000000E+00   0.0000000000000000E+00
      13   1.0418645669291339E+01       29   1.0965625000000001E+00   0.0000000000000000E+00
      13   1.0418645669291339E+01       30   1.1355468750000000E+00   0.0000000000000000E+00
      13   1.0418645669291339E+01       31   1.1745312500000000E+00   0.0000000000000000E+00
      13   1.0418645669291339E+01       32   1.2135156250000001E+00   0.0000000000000000E+00
      13   1.0418645669291339E+01       33   1.2524999999999999E+00   0.0000000000000000E+00
      13   1.0418645669291339E+01       34   1.2914843750000000E+00   0.0000000000000000E+00
      13   1.0418645669291339E+01       35   1.3304687500000001E+00   0.0000000000000000E+00
      13   1.0418645669291339E+01       36   1.3694531250000002E+00   0.0000000000000000E+00
      13   1.0418645669291339E+01       37   1.4084375000000000E+00   0.0000000000000000E+00
      13   1.0418645669291339E+01       38   1.4474218750000001E+00   0.0000000000000000E+00
      13   1.0418645669291339E+01       39   1.4864062500000002E+00   0.0000000000000000E+00
      13   1.0418645669291339E+01       40   1.5253906250000000E+00   0.0000000000000000E+00
      13   1.0418645669291339E+01       41   1.5643750000000001E+00   0.0000000000000000E+00
      13   1.0418645669291339E+01       42   1.6033593750000001E+00   0.0000000000000000E+00
      13   1.0418645669291339E+01       43   1.6423437500000000E+00   0.0000000000000000E+00
      13   1.0418645669291339E+01       44   1.6813281250000001E+00   0.0000000000000000E+00
      13   1.0418645669291339E+01       45   1.7203125000000001E+00   0.0000000000000000E+00
      13   1.0418645669291339E+01       46   1.7592968750000000E+00   0.0000000000000000E+00
      13   1.0418645669291339E+01       47   1.7982812500000001E+00   0.0000000000000000E+00
      13   1.0418645669291339E+01       48   1.8372656250000001E+00   0.0000000000000000E+00
      13   1.0418645669291339E+01       49   1.8762500000000000E+00   0.0000000000000000E+00
      13   1.0418645669291339E+01       50   1.9152343750000000E+00   0.0000000000000000E+00
      13   1.0418645669291339E+01       51   1.9542187500000001E+00   0.0000000000000000E+00
      13   1.0418645669291339E+01       52   1.9932031250000002E+00   0.0000000000000000E+00
      13   1.0418645669291339E+01       53   2.0321875000000000E+00   0.0000000000000000E+00
      13   1.0418645669291339E+01       54   2.0711718750000001E+00   0.0000000000000000E+00
      13   1.0418645669291339E+01       55   2.1101562500000002E+00   0.0000000000000000E+00
      13   1.0418645669291339E+01       56   2.1491406250000002E+00   0.0000000000000000E+00
      13   1.0418645669291339E+01       57   2.1881249999999999E+00   0.0000000000000000E+00
      13   1.0418645669291339E+01       58   2.2271093749999999E+00   0.0000000000000000E+00
      13   1.0418645669291339E+01       59   2.2660937500000000E+00   0.0000000000000000E+00
      13   1.0418645669291339E+01       60   2.3050781250000001E+00   0.0000000000000000E+00
      13   1.0418645669291339E+01       61   2.3440625000000002E+00   0.0000000000000000E+00
      13   1.0418645669291339E+01       62   2.3830468750000002E+00   0.0000000000000000E+00
      13   1.0418645669291339E+01       63   2.4220312500000003E+00   0.0000000000000000E+00
      13   1.0418645669291339E+01       64   2.4610156249999999E+00   0.0000000000000000E+00
 
      14   1.1286866141732284E+01        1   5.0000000000000001E-03   0.0000000000000000E+00
      14   1.1286866141732284E+01        2   4.3984374999999999E-02   0.0000000000000000E+00
      14   1.1286866141732284E+01        3   8.2968750000000008E-02   0.0000000000000000E+00
      14   1.1286866141732284E+01        4   1.2195312500000001E-01   0.0000000000000000E+00
      14   1.1286866141732284E+01        5   1.6093750000000001E-01   0.0000000000000000E+00
      14   1.1286866141732284E+01        6   1.9992187500000000E-01   0.0000000000000000E+00
      14   1.1286866141732284E+01        7   2.3890625000000001E-01   0.0000000000000000E+00
      14   1.1286866141732284E+01        8   2.7789062500000000E-01   0.0000000000000000E+00
      14   1.1286866141732284E+01        9   3.1687500000000002E-01   0.0000000000000000E+00
      14   1.1286866141732284E+01       10   3.5585937500000003E-01   0.0000000000000000E+00
      14   1.1286866141732284E+01       11   3.9484374999999999E-01   0.0000000000000000E+00
      14   1.1286866141732284E+01       12   4.3382812500000001E-01   0.0000000000000000E+00
      14   1.1286866141732284E+01       13   4.7281250000000002E-01   0.0000000000000000E+00
      14   1.1286866141732284E+01       14   5.1179687500000004E-01   0.0000000000000000E+00
      14   1.1286866141732284E+01       15   5.5078125000000000E-01   0.0000000000000000E+00
      14   1.1286866141732284E+01       16   5.8976562500000007E-01   0.0000000000000000E+00
      14   1.1286866141732284E+01       17   6.2875000000000003E-01   0.0000000000000000E+00
      14   1.1286866141732284E+01       18   6.6773437499999999E-01   0.0000000000000000E+00
      14   1.1286866141732284E+01       19   7.0671875000000006E-01   0.0000000000000000E+00
      14   1.1286866141732284E+01       20   7.4570312500000002E-01   0.0000000000000000E+00
      14   1.1286866141732284E+01       21   7.8468749999999998E-01   0.0000000000000000E+00
      14   1.1286866141732284E+01       22   8.2367187500000005E-01   0.0000000000000000E+00
      14   1.1286866141732284E+01       23   8.6265625000000001E-01   0.0000000000000000E+00
      14   1.1286866141732284E+01       24   9.0164062500000008E-01   0.0000000000000000E+00
      14   1.1286866141732284E+01       25   9.4062500000000004E-01   0.0000000000000000E+00
      14   1.1286866141732284E+01       26   9.7960937500000000E-01   0.0000000000000000E+00
      14   1.1286866141732284E+01       27   1.0185937500000000E+00   0.0000000000000000E+00
      14   1.1286866141732284E+01       28   1.0575781250000000E+00   0.0000000000000000E+00
      14   1.1286866141732284E+01       29   1.0965625000000001E+00   0.0000000000000000E+00
      14   1.1286866141732284E+01       30   1.1355468750000000E+00   0.0000000000000000E+00
      14   1.1286866141732284E+01       31   1.1745312500000000E+00   0.0000000000000000E+00
      14   1.1286866141732284E+01       32   1.2135156250000001E+00   0.0000000000000000E+00
      14   1.1286866141732284E+01       33   1.2524999999999999E+00   0.0000000000000000E+00
      14   1.1286866141732284E+01       34   1.2914843750000000E+00   0.0000000000000000E+00
      14   1.1286866141732284E+01       35   1.3304687500000001E+00   0.0000000000000000E+00
      14   1.1286866141732284E+01       36   1.3694531250000002E+00   0.0000000000000000E+00
      14   1.1286866141732284E+01       37   1.4084375000000000E+00   0.0000000000000000E+00
      14   1.1286866141732284E+01       38   1.4474218750000001E+00   0.0000000000000000E+00
      14   1.1286866141732284E+01       39   1.4864062500000002E+00   0.0000000000000000E+00
      14   1.1286866141732284E+01       40   1.5253906250000000E+00   0.0000000000000000E+00
      14   1.1286866141732284E+01       41   1.5643750000000001E+00   0.0000000000000000E+00
      14   1.1286866141732284E+01       42   1.6033593750000001E+00   0.0000000000000000E+00
      14   1.1286866141732284E+01       43   1.6423437500000000E+00   0.0000000000000000E+00
      14   1.1286866141732284E+01       44   1.6813281250000001E+00   0.0000000000000000E+00
      14   1.1286866141732284E+01       45   1.7203125000000001E+00   0.0000000000000000E+00
      14   1.1286866141732284E+01       46   1.7592968750000000E+00   0.0000000000000000E+00
      14   1.1286866141732284E+01       47   1.7982812500000001E+00   0.0000000000000000E+00
      14   1.1286866141732284E+01       48   1.8372656250000001E+00   0.0000000000000000E+00
      14   1.1286866141732284E+01       49   1.8762500000000000E+00   0.0000000000000000E+00
      14   1.1286866141732284E+01       50   1.9152343750000000E+00   0.0000000000000000E+00
      14   1.1286866141732284E+01       51   1.9542187500000001E+00   0.0000000000000000E+00
      14   1.1286866141732284E+01       52   1.9932031250000002E+00   0.0000000000000000E+00
      14   1.1286866141732284E+01       53   2.0321875000000000E+00   0.0000000000000000E+00
      14   1.1286866141732284E+01       54   2.0711718750000001E+00   0.0000000000000000E+00
      14   1.1286866141732284E+01       55   2.1101562500000002E+00   0.0000000000000000E+00
      14   1.1286866141732284E+01       56   2.1491406250000002E+00   0.0000000000000000E+00
      14   1.1286866141732284E+01       57   2.1881249999999999E+00   0.0000000000000000E+00
      14   1.1286866141732284E+01       58   2.2271093749999999E+00   0.0000000000000000E+00
      14   1.1286866141732284E+01       59   2.2660937500000000E+00   0.0000000000000000E+00
      14   1.1286866141732284E+01       60   2.3050781250000001E+00   0.0000000000000000E+00
      14   1.1286866141732284E+01       61   2.3440625000000002E+00   0.0000000000000000E+00
      14   1.1286866141732284E+01       62   2.3830468750000002E+00   0.0000000000000000E+00
      14   1.1286866141732284E+01       63   2.4220312500000003E+00   0.0000000000000000E+00
      14   1.1286866141732284E+01       64   2.4610156249999999E+00   0.0000000000000000E+00
 
      15   1.2155086614173227E+01        1   5.0000000000000001E-03   0.0000000000000000E+00
      15   1.2155086614173227E+01        2   4.3984374999999999E-02   0.0000000000000000E+00
      15   1.2155086614173227E+01        3   8.2968750000000008E-02   0.0000000000000000E+00
      15   1.2155086614173227E+01        4   1.2195312500000001E-01   0.0000000000000000E+00
      15   1.2155086614173227E+01        5   1.6093750000000001E-01   0.0000000000000000E+00
      15   1.2155086614173227E+01        6   1.9992187500000000E-01   0.0000000000000000E+00
      15   1.2155086614173227E+01        7   2.3890625000000001E-01   0.0000000000000000E+00
      15   1.2155086614173227E+01        8   2.7789062500000000E-01   0.0000000000000000E+00
      15   1.2155086614173227E+01        9   3.1687500000000002E-01   0.0000000000000000E+00
      15   1.2155086614173227E+01       10   3.5585937500000003E-01   0.0000000000000000E+00
      15   1.2155086614173227E+01       11   3.9484374999999999E-01   0.0000000000000000E+00
      15   1.2155086614173227E+01       12   4.3382812500000001E-01   0.0000000000000000E+00
      15   1.2155086614173227E+01       13   4.7281250000000002E-01   0.0000000000000000E+00
      15   1.2155086614173227E+01       14   5.1179687500000004E-01   0.0000000000000000E+00
      15   1.2155086614173227E+01       15   5.5078125000000000E-01   0.0000000000000000E+00
      15   1.2155086614173227E+01       16   5.8976562500000007E-01   0.0000000000000000E+00
      15   1.2155086614173227E+01       17   6.2875000000000003E-01   0.0000000000000000E+00
      15   1.2155086614173227E+01       18   6.6773437499999999E-01   0.0000000000000000E+00
      15   1.2155086614173227E+01       19   7.0671875000000006E-01   0.0000000000000000E+00
      15   1.2155086614173227E+01       20   7.4570312500000002E-01   0.0000000000000000E+00
      15   1.2155086614173227E+01       21   7.8468749999999998E-01   0.0000000000000000E+00
      15   1.2155086614173227E+01       22   8.2367187500000005E-01   0.0000000000000000E+00
      15   1.2155086614173227E+01       23   8.6265625000000001E-01   0.0000000000000000E+00
      15   1.2155086614173227E+01       24   9.0164062500000008E-01   0.0000000000000000E+00
      15   1.2155086614173227E+01       25   9.4062500000000004E-01   0.0000000000000000E+00
      15   1.2155086614173227E+01       26   9.7960937500000000E-01   0.0000000000000000E+00
      15   1.2155086614173227E+01       27   1.0185937500000000E+00   0.0000000000000000E+00
      15   1.2155086614173227E+01       28   1.0575781250000000E+00   0.0000000000000000E+00
      15   1.2155086614173227E+01       29   1.0965625000000001E+00   0.0000000000000000E+00
      15   1.2155086614173227E+01       30   1.1355468750000000E+00   0.0000000000000000E+00
      15   1.2155086614173227E+01       31   1.1745312500000000E+00   0.0000000000000000E+00
      15   1.2155086614173227E+01       32   1.2135156250000001E+00   0.0000000000000000E+00
      15   1.2155086614173227E+01       33   1.2524999999999999E+00   0.0000000000000000E+00
      15   1.2155086614173227E+01       34   1.2914843750000000E+00   0.0000000000000000E+00
      15   1.2155086614173227E+01       35   1.3304687500000001E+00   0.0000000000000000E+00
      15   1.2155086614173227E+01       36   1.3694531250000002E+00   0.0000000000000000E+00
      15   1.2155086614173227E+01       37   1.4084375000000000E+00   0.0000000000000000E+00
      15   1.2155086614173227E+01       38   1.4474218750000001E+00   0.0000000000000000E+00
      15   1.2155086614173227E+01       39   1.4864062500000002E+00   0.0000000000000000E+00
      15   1.2155086614173227E+01       40   1.5253906250000000E+00   0.0000000000000000E+00
      15   1.2155086614173227E+01       41   1.5643750000000001E+00   0.0000000000000000E+00
      15   1.2155086614173227E+01       42   1.6033593750000001E+00   0.0000000000000000E+00
      15   1.2155086614173227E+01       43   1.6423437500000000E+00   0.0000000000000000E+00
      15   1.2155086614173227E+01       44   1.6813281250000001E+00   0.0000000000000000E+00
      15   1.2155086614173227E+01       45   1.7203125000000001E+00   0.0000000000000000E+00
      15   1.2155086614173227E+01       46   1.7592968750000000E+00   0.0000000000000000E+00
      15   1.2155086614173227E+01       47   1.7982812500000001E+00   0.0000000000000000E+00
      15   1.2155086614173227E+01       48   1.8372656250000001E+00   0.0000000000000000E+00
      15   1.2155086614173227E+01       49   1.8762500000000000E+00   0.0000000000000000E+00
      15   1.2155086614173227E+01       50   1.9152343750000000E+00   0.0000000000000000E+00
      15   1.2155086614173227E+01       51   1.9542187500000001E+00   0.0000000000000000E+00
      15   1.2155086614173227E+01       52   1.9932031250000002E+00   0.0000000000000000E+00
      15   1.2155086614173227E+01       53   2.0321875000000000E+00   0.0000000000000000E+00
      15   1.2155086614173227E+01       54   2.0711718750000001E+00   0.0000000000000000E+00
      15   1.2155086614173227E+01       55   2.1101562500000002E+00   0.0000000000000000E+00
      15   1.2155086614173227E+01       56   2.1491406250000002E+00   0.0000000000000000E+00
      15   1.2155086614173227E+01       57   2.1881249999999999E+00   0.0000000000000000E+00
      15   1.2155086614173227E+01       58   2.2271093749999999E+00   0.0000000000000000E+00
      15   1.2155086614173227E+01       59   2.2660937500000000E+00   0.0000000000000000E+00
      15   1.2155086614173227E+01       60   2.3050781250000001E+00   0.0000000000000000E+00
      15   1.2155086614173227E+01       61   2.3440625000000002E+00   0.0000000000000000E+00
      15   1.2155086614173227E+01       62   2.3830468750000002E+00   0.0000000000000000E+00
      15   1.2155086614173227E+01       63   2.4220312500000003E+00   0.0000000000000000E+00
      15   1.2155086614173227E+01       64   2.4610156249999999E+00   0.0000000000000000E+00
 
      16   1.3023307086614173E+01        1   5.0000000000000001E-03   0.0000000000000000E+00
      16   1.3023307086614173E+01        2   4.3984374999999999E-02   0.0000000000000000E+00
      16   1.3023307086614173E+01        3   8.2968750000000008E-02   0.0000000000000000E+00
      16   1.3023307086614173E+01        4   1.2195312500000001E-01   0.0000000000000000E+00
      16   1.3023307086614173E+01        5   1.6093750000000001E-01   0.0000000000000000E+00
      16   1.3023307086614173E+01        6   1.9992187500000000E-01   0.0000000000000000E+00
      16   1.3023307086614173E+01        7   2.3890625000000001E-01   0.0000000000000000E+00
      16   1.3023307086614173E+01        8   2.7789062500000000E-01   0.0000000000000000E+00
      16   1.3023307086614173E+01        9   3.1687500000000002E-01   0.0000000000000000E+00
      16   1.3023307086614173E+01       10   3.5585937500000003E-01   0.0000000000000000E+00
      16   1.3023307086614173E+01       11   3.9484374999999999E-01   0.0000000000000000E+00
      16   1.3023307086614173E+01       12   4.3382812500000001E-01   0.0000000000000000E+00
      16   1.3023307086614173E+01       13   4.7281250000000002E-01   0.0000000000000000E+00
      16   1.3023307086614173E+01       14   5.1179687500000004E-01   0.0000000000000000E+00
      16   1.3023307086614173E+01       15   5.5078125000000000E-01   0.0000000000000000E+00
      16   1.3023307086614173E+01       16   5.8976562500000007E-01   0.0000000000000000E+00
      16   1.3023307086614173E+01       17   6.2875000000000003E-01   0.0000000000000000E+00
      16   1.3023307086614173E+01       18   6.6773437499999999E-01   0.0000000000000000E+00
      16   1.3023307086614173E+01       19   7.0671875000000006E-01   0.0000000000000000E+00
      16   1.3023307086614173E+01       20   7.4570312500000002E-01   0.0000000000000000E+00
      16   1.3023307086614173E+01       21   7.8468749999999998E-01   0.0000000000000000E+00
      16   1.3023307086614173E+01       22   8.2367187500000005E-01   0.0000000000000000E+00
      16   1.3023307086614173E+01       23   8.6265625000000001E-01   0.0000000000000000E+00
      16   1.3023307086614173E+01       24   9.0164062500000008E-01   0.0000000000000000E+00
      16   1.3023307086614173E+01       25   9.4062500000000004E-01   0.0000000000000000E+00
      16   1.3023307086614173E+01       26   9.7960937500000000E-01   0.0000000000000000E+00
      16   1.3023307086614173E+01       27   1.0185937500000000E+00   0.0000000000000000E+00
      16   1.3023307086614173E+01       28   1.0575781250000000E+00   0.0000000000000000E+00
      16   1.3023307086614173E+01       29   1.0965625000000001E+00   0.0000000000000000E+00
      16   1.3023307086614173E+01       30   1.1355468750000000E+00   0.0000000000000000E+00
      16   1.3023307086614173E+01       31   1.1745312500000000E+00   0.0000000000000000E+00
      16   1.3023307086614173E+01       32   1.2135156250000001E+00   0.0000000000000000E+00
      16   1.3023307086614173E+01       33   1.2524999999999999E+00   0.0000000000000000E+00
      16   1.3023307086614173E+01       34   1.2914843750000000E+00   0.0000000000000000E+00
      16   1.3023307086614173E+01       35   1.3304687500000001E+00   0.0000000000000000E+00
      16   1.3023307086614173E+01       36   1.3694531250000002E+00   0.0000000000000000E+00
      16   1.3023307086614173E+01       37   1.4084375000000000E+00   0.0000000000000000E+00
      16   1.3023307086614173E+01       38   1.4474218750000001E+00   0.0000000000000000E+00
      16   1.3023307086614173E+01       39   1.4864062500000002E+00   0.0000000000000000E+00
      16   1.3023307086614173E+01       40   1.5253906250000000E+00   0.0000000000000000E+00
      16   1.3023307086614173E+01       41   1.5643750000000001E+00   0.0000000000000000E+00
      16   1.3023307086614173E+01       42   1.6033593750000001E+00   0.0000000000000000E+00
      16   1.3023307086614173E+01       43   1.6423437500000000E+00   0.0000000000000000E+00
      16   1.3023307086614173E+01       44   1.6813281250000001E+00   0.0000000000000000E+00
      16   1.3023307086614173E+01       45   1.7203125000000001E+00   0.0000000000000000E+00
      16   1.3023307086614173E+01       46   1.7592968750000000E+00   0.0000000000000000E+00
      16   1.3023307086614173E+01       47   1.7982812500000001E+00   0.0000000000000000E+00
      16   1.3023307086614173E+01       48   1.8372656250000001E+00   0.0000000000000000E+00
      16   1.3023307086614173E+01       49   1.8762500000000000E+00   0.0000000000000000E+00
      16   1.3023307086614173E+01       50   1.9152343750000000E+00   0.0000000000000000E+00
      16   1.3023307086614173E+01       51   1.9542187500000001E+00   0.0000000000000000E+00
      16   1.3023307086614173E+01       52   1.9932031250000002E+00   0.0000000000000000E+00
      16   1.3023307086614173E+01       53   2.0321875000000000E+00   0.0000000000000000E+00
      16   1.3023307086614173E+01       54   2.0711718750000001E+00   0.0000000000000000E+00
      16   1.3023307086614173E+01       55   2.1101562500000002E+00   0.0000000000000000E+00
      16   1.3023307086614173E+01       56   2.1491406250000002E+00   0.0000000000000000E+00
      16   1.3023307086614173E+01       57   2.1881249999999999E+00   0.0000000000000000E+00
      16   1.3023307086614173E+01       58   2.2271093749999999E+00   0.0000000000000000E+00
      16   1.3023307086614173E+01       59   2.2660937500000000E+00   0.0000000000000000E+00
      16   1.3023307086614173E+01       60   2.3050781250000001E+00   0.0000000000000000E+00
      16   1.3023307086614173E+01       61   2.3440625000000002E+00   0.0000000000000000E+00
      16   1.3023307086614173E+01       62   2.3830468750000002E+00   0.0000000000000000E+00
      16   1.3023307086614173E+01       63   2.4220312500000003E+00   0.0000000000000000E+00
      16   1.3023307086614173E+01       64   2.4610156249999999E+00   0.0000000000000000E+00
 
      17   1.3891527559055117E+01        1   5.0000000000000001E-03   0.0000000000000000E+00
      17   1.3891527559055117E+01        2   4.3984374999999999E-02   0.0000000000000000E+00
      17   1.3891527559055117E+01        3   8.2968750000000008E-02   0.0000000000000000E+00
      17   1.3891527559055117E+01        4   1.2195312500000001E-01   0.0000000000000000E+00
      17   1.3891527559055117E+01        5   1.6093750000000001E-01   0.0000000000000000E+00
      17   1.3891527559055117E+01        6   1.9992187500000000E-01   0.0000000000000000E+00
      17   1.3891527559055117E+01        7   2.3890625000000001E-01   0.0000000000000000E+00
      17   1.3891527559055117E+01        8   2.7789062500000000E-01   0.0000000000000000E+00
      17   1.3891527559055117E+01        9   3.1687500000000002E-01   0.0000000000000000E+00
      17   1.3891527559055117E+01       10   3.5585937500000003E-01   0.0000000000000000E+00
      17   1.3891527559055117E+01       11   3.9484374999999999E-01   0.0000000000000000E+00
      17   1.3891527559055117E+01       12   4.3382812500000001E-01   0.0000000000000000E+00
      17   1.3891527559055117E+01       13   4.7281250000000002E-01   0.0000000000000000E+00
      17   1.3891527559055117E+01       14   5.1179687500000004E-01   0.0000000000000000E+00
      17   1.3891527559055117E+01       15   5.5078125000000000E-01   0.0000000000000000E+00
      17   1.3891527559055117E+01       16   5.8976562500000007E-01   0.0000000000000000E+00
      17   1.3891527559055117E+01       17   6.2875000000000003E-01   0.0000000000000000E+00
      17   1.3891527559055117E+01       18   6.6773437499999999E-01   0.0000000000000000E+00
      17   1.3891527559055117E+01       19   7.0671875000000006E-01   0.0000000000000000E+00
      17   1.3891527559055117E+01       20   7.4570312500000002E-01   0.0000000000000000E+00
      17   1.3891527559055117E+01       21   7.8468749999999998E-01   0.0000000000000000E+00
      17   1.3891527559055117E+01       22   8.2367187500000005E-01   0.0000000000000000E+00
      17   1.3891527559055117E+01       23   8.6265625000000001E-01   0.0000000000000000E+00
      17   1.3891527559055117E+01       24   9.0164062500000008E-01   0.0000000000000000E+00
      17   1.3891527559055117E+01       25   9.4062500000000004E-01   0.0000000000000000E+00
      17   1.3891527559055117E+01       26   9.7960937500000000E-01   0.0000000000000000E+00
      17   1.3891527559055117E+01       27   1.0185937500000000E+00   0.0000000000000000E+00
      17   1.3891527559055117E+01       28   1.0575781250000000E+00   0.0000000000000000E+00
      17   1.3891527559055117E+01       29   1.0965625000000001E+00   0.0000000000000000E+00
      17   1.3891527559055117E+01       30   1.1355468750000000E+00   0.0000000000000000E+00
      17   1.3891527559055117E+01       31   1.1745312500000000E+00   0.0000000000000000E+00
      17   1.3891527559055117E+01       32   1.2135156250000001E+00   0.0000000000000000E+00
      17   1.3891527559055117E+01       33   1.2524999999999999E+00   0.0000000000000000E+00
      17   1.3891527559055117E+01       34   1.2914843750000000E+00   0.0000000000000000E+00
      17   1.3891527559055117E+01       35   1.3304687500000001E+00   0.0000000000000000E+00
      17   1.3891527559055117E+01       36   1.3694531250000002E+00   0.0000000000000000E+00
      17   1.3891527559055117E+01       37   1.4084375000000000E+00   0.0000000000000000E+00
      17   1.3891527559055117E+01       38   1.4474218750000001E+00   0.0000000000000000E+00
      17   1.3891527559055117E+01       39   1.4864062500000002E+00   0.0000000000000000E+00
      17   1.3891527559055117E+01       40   1.5253906250000000E+00   0.0000000000000000E+00
      17   1.3891527559055117E+01       41   1.5643750000000001E+00   0.0000000000000000E+00
      17   1.3891527559055117E+01       42   1.6033593750000001E+00   0.0000000000000000E+00
      17   1.3891527559055117E+01       43   1.6423437500000000E+00   0.0000000000000000E+00
      17   1.3891527559055117E+01       44   1.6813281250000001E+00   0.0000000000000000E+00
      17   1.3891527559055117E+01       45   1.7203125000000001E+00   0.0000000000000000E+00
      17   1.3891527559055117E+01       46   1.7592968750000000E+00   0.0000000000000000E+00
      17   1.3891527559055117E+01       47   1.7982812500000001E+00   0.0000000000000000E+00
      17   1.3891527559055117E+01       48   1.8372656250000001E+00   0.0000000000000000E+00
      17   1.3891527559055117E+01       49   1.8762500000000000E+00   0.0000000000000000E+00
      17   1.3891527559055117E+01       50   1.9152343750000000E+00   0.0000000000000000E+00
      17   1.3891527559055117E+01       51   1.9542187500000001E+00   0.0000000000000000E+00
      17   1.3891527559055117E+01       52   1.9932031250000002E+00   0.0000000000000000E+00
      17   1.3891527559055117E+01       53   2.0321875000000000E+00   0.0000000000000000E+00
      17   1.3891527559055117E+01       54   2.0711718750000001E+00   0.0000000000000000E+00
      17   1.3891527559055117E+01       55   2.1101562500000002E+00   0.0000000000000000E+00
      17   1.3891527559055117E+01       56   2.1491406250000002E+00   0.0000000000000000E+00
      17   1.3891527559055117E+01       57   2.1881249999999999E+00   0.0000000000000000E+00
      17   1.3891527559055117E+01       58   2.2271093749999999E+00   0.0000000000000000E+00
      17   1.3891527559055117E+01       59   2.2660937500000000E+00   0.0000000000000000E+00
      17   1.3891527559055117E+01       60   2.3050781250000001E+00   0.0000000000000000E+00
      17   1.3891527559055117E+01       61   2.3440625000000002E+00   0.0000000000000000E+00
      17   1.3891527559055117E+01       62   2.3830468750000002E+00   0.0000000000000000E+00
      17   1.3891527559055117E+01       63   2.4220312500000003E+00   0.0000000000000000E+00
      17   1.3891527559055117E+01       64   2.4610156249999999E+00   0.0000000000000000E+00
 
      18   1.4759748031496061E+01        1   5.0000000000000001E-03   0.0000000000000000E+00
      18   1.4759748031496061E+01        2   4.3984374999999999E-02   0.0000000000000000E+00
      18   1.4759748031496061E+01        3   8.2968750000000008E-02   0.0000000000000000E+00
      18   1.4759748031496061E+01        4   1.2195312500000001E-01   0.0000000000000000E+00
      18   1.4759748031496061E+01        5   1.6093750000000001E-01   0.0000000000000000E+00
      18   1.4759748031496061E+01        6   1.9992187500000000E-01   0.0000000000000000E+00
      18   1.4759748031496061E+01        7   2.3890625000000001E-01   0.0000000000000000E+00
      18   1.4759748031496061E+01        8   2.7789062500000000E-01   0.0000000000000000E+00
      18   1.4759748031496061E+01        9   3.1687500000000002E-01   0.0000000000000000E+00
      18   1.4759748031496061E+01       10   3.5585937500000003E-01   0.0000000000000000E+00
      18   1.4759748031496061E+01       11   3.9484374999999999E-01   0.0000000000000000E+00
      18   1.4759748031496061E+01       12   4.3382812500000001E-01   0.0000000000000000E+00
      18   1.4759748031496061E+01       13   4.7281250000000002E-01   0.0000000000000000E+00
      18   1.4759748031496061E+01       14   5.1179687500000004E-01   0.0000000000000000E+00
      18   1.4759748031496061E+01       15   5.5078125000000000E-01   0.0000000000000000E+00
      18   1.4759748031496061E+01       16   5.8976562500000007E-01   0.0000000000000000E+00
      18   1.4759748031496061E+01       17   6.2875000000000003E-01   0.0000000000000000E+00
      18   1.4759748031496061E+01       18   6.6773437499999999E-01   0.0000000000000000E+00
      18   1.4759748031496061E+01       19   7.0671875000000006E-01   0.0000000000000000E+00
      18   1.4759748031496061E+01       20   7.4570312500000002E-01   0.0000000000000000E+00
      18   1.4759748031496061E+01       21   7.8468749999999998E-01   0.0000000000000000E+00
      18   1.4759748031496061E+01       22   8.2367187500000005E-01   0.0000000000000000E+00
      18   1.4759748031496061E+01       23   8.6265625000000001E-01   0.0000000000000000E+00
      18   1.4759748031496061E+01       24   9.0164062500000008E-01   0.0000000000000000E+00
      18   1.4759748031496061E+01       25   9.4062500000000004E-01   0.0000000000000000E+00
      18   1.4759748031496061E+01       26   9.7960937500000000E-01   0.0000000000000000E+00
      18   1.4759748031496061E+01       27   1.0185937500000000E+00   0.0000000000000000E+00
      18   1.4759748031496061E+01       28   1.0575781250000000E+00   0.0000000000000000E+00
      18   1.4759748031496061E+01       29   1.0965625000000001E+00   0.0000000000000000E+00
      18   1.4759748031496061E+01       30   1.1355468750000000E+00   0.0000000000000000E+00
      18   1.4759748031496061E+01       31   1.1745312500000000E+00   0.0000000000000000E+00
      18   1.4759748031496061E+01       32   1.2135156250000001E+00   0.0000000000000000E+00
      18   1.4759748031496061E+01       33   1.2524999999999999E+00   0.0000000000000000E+00
      18   1.4759748031496061E+01       34   1.2914843750000000E+00   0.0000000000000000E+00
      18   1.4759748031496061E+01       35   1.3304687500000001E+00   0.0000000000000000E+00
      18   1.4759748031496061E+01       36   1.3694531250000002E+00   0.0000000000000000E+00
      18   1.4759748031496061E+01       37   1.4084375000000000E+00   0.0000000000000000E+00
      18   1.4759748031496061E+01       38   1.4474218750000001E+00   0.0000000000000000E+00
      18   1.4759748031496061E+01       39   1.4864062500000002E+00   0.0000000000000000E+00
      18   1.4759748031496061E+01       40   1.5253906250000000E+00   0.0000000000000000E+00
      18   1.4759748031496061E+01       41   1.5643750000000001E+00   0.0000000000000000E+00
      18   1.4759748031496061E+01       42   1.6033593750000001E+00   0.0000000000000000E+00
      18   1.4759748031496061E+01       43   1.6423437500000000E+00   0.0000000000000000E+00
      18   1.4759748031496061E+01       44   1.6813281250000001E+00   0.0000000000000000E+00
      18   1.4759748031496061E+01       45   1.7203125000000001E+00   0.0000000000000000E+00
      18   1.4759748031496061E+01       46   1.7592968750000000E+00   0.0000000000000000E+00
      18   1.4759748031496061E+01       47   1.7982812500000001E+00   0.0000000000000000E+00
      18   1.4759748031496061E+01       48   1.8372656250000001E+00   0.0000000000000000E+00
      18   1.4759748031496061E+01       49   1.8762500000000000E+00   0.0000000000000000E+00
      18   1.4759748031496061E+01       50   1.9152343750000000E+00   0.0000000000000000E+00
      18   1.4759748031496061E+01       51   1.9542187500000001E+00   0.0000000000000000E+00
      18   1.4759748031496061E+01       52   1.9932031250000002E+00   0.0000000000000000E+00
      18   1.4759748031496061E+01       53   2.0321875000000000E+00   0.0000000000000000E+00
      18   1.4759748031496061E+01       54   2.0711718750000001E+00   0.0000000000000000E+00
      18   1.4759748031496061E+01       55   2.1101562500000002E+00   0.0000000000000000E+00
      18   1.4759748031496061E+01       56   2.1491406250000002E+00   0.0000000000000000E+00
      18   1.4759748031496061E+01       57   2.1881249999999999E+00   0.0000000000000000E+00
      18   1.4759748031496061E+01       58   2.2271093749999999E+00   0.0000000000000000E+00
      18   1.4759748031496061E+01       59   2.2660937500000000E+00   0.0000000000000000E+00
      18   1.4759748031496061E+01       60   2.3050781250000001E+00   0.0000000000000000E+00
      18   1.4759748031496061E+01       61   2.3440625000000002E+00   0.0000000000000000E+00
      18   1.4759748031496061E+01       62   2.3830468750000002E+00   0.0000000000000000E+00
      18   1.4759748031496061E+01       63   2.4220312500000003E+00   0.0000000000000000E+00
      18   1.4759748031496061E+01       64   2.4610156249999999E+00   0.0000000000000000E+00
 
      19   1.5627968503937007E+01        1   5.0000000000000001E-03   0.0000000000000000E+00
      19   1.5627968503937007E+01        2   4.3984374999999999E-02   0.0000000000000000E+00
      19   1.5627968503937007E+01        3   8.2968750000000008E-02   0.0000000000000000E+00
      19   1.5627968503937007E+01        4   1.2195312500000001E-01   0.0000000000000000E+00
      19   1.5627968503937007E+01        5   1.6093750000000001E-01   0.0000000000000000E+00
      19   1.5627968503937007E+01        6   1.9992187500000000E-01   0.0000000000000000E+00
      19   1.5627968503937007E+01        7   2.3890625000000001E-01   0.0000000000000000E+00
      19   1.5627968503937007E+01        8   2.7789062500000000E-01   0.0000000000000000E+00
      19   1.5627968503937007E+01        9   3.1687500000000002E-01   0.0000000000000000E+00
      19   1.5627968503937007E+01       10   3.5585937500000003E-01   0.0000000000000000E+00
      19   1.5627968503937007E+01       11   3.9484374999999999E-01   0.0000000000000000E+00
      19   1.5627968503937007E+01       12   4.3382812500000001E-01   0.0000000000000000E+00
      19   1.5627968503937007E+01       13   4.7281250000000002E-01   0.0000000000000000E+00
      19   1.5627968503937007E+01       14   5.1179687500000004E-01   0.0000000000000000E+00
      19   1.5627968503937007E+01       15   5.5078125000000000E-01   0.0000000000000000E+00
      19   1.5627968503937007E+01       16   5.8976562500000007E-01   0.0000000000000000E+00
      19   1.5627968503937007E+01       17   6.2875000000000003E-01   0.0000000000000000E+00
      19   1.5627968503937007E+01       18   6.6773437499999999E-01   0.0000000000000000E+00
      19   1.5627968503937007E+01       19   7.0671875000000006E-01   0.0000000000000000E+00
      19   1.5627968503937007E+01       20   7.4570312500000002E-01   0.0000000000000000E+00
      19   1.5627968503937007E+01       21   7.8468749999999998E-01   0.0000000000000000E+00
      19   1.5627968503937007E+01       22   8.2367187500000005E-01   0.0000000000000000E+00
      19   1.5627968503937007E+01       23   8.6265625000000001E-01   0.0000000000000000E+00
      19   1.5627968503937007E+01       24   9.0164062500000008E-01   0.0000000000000000E+00
      19   1.5627968503937007E+01       25   9.4062500000000004E-01   0.0000000000000000E+00
      19   1.5627968503937007E+01       26   9.7960937500000000E-01   0.0000000000000000E+00
      19   1.5627968503937007E+01       27   1.0185937500000000E+00   0.0000000000000000E+00
      19   1.5627968503937007E+01       28   1.0575781250000000E+00   0.0000000000000000E+00
      19   1.5627968503937007E+01       29   1.0965625000000001E+00   0.0000000000000000E+00
      19   1.5627968503937007E+01       30   1.1355468750000000E+00   0.0000000000000000E+00
      19   1.5627968503937007E+01       31   1.1745312500000000E+00   0.0000000000000000E+00
      19   1.5627968503937007E+01       32   1.2135156250000001E+00   0.0000000000000000E+00
      19   1.5627968503937007E+01       33   1.2524999999999999E+00   0.0000000000000000E+00
      19   1.5627968503937007E+01       34   1.2914843750000000E+00   0.0000000000000000E+00
      19   1.5627968503937007E+01       35   1.3304687500000001E+00   0.0000000000000000E+00
      19   1.5627968503937007E+01       36   1.3694531250000002E+00   0.0000000000000000E+00
      19   1.5627968503937007E+01       37   1.4084375000000000E+00   0.0000000000000000E+00
      19   1.5627968503937007E+01       38   1.4474218750000001E+00   0.0000000000000000E+00
      19   1.5627968503937007E+01       39   1.4864062500000002E+00   0.0000000000000000E+00
      19   1.5627968503937007E+01       40   1.5253906250000000E+00   0.0000000000000000E+00
      19   1.5627968503937007E+01       41   1.5643750000000001E+00   0.0000000000000000E+00
      19   1.5627968503937007E+01       42   1.6033593750000001E+00   0.0000000000000000E+00
      19   1.5627968503937007E+01       43   1.6423437500000000E+00   0.0000000000000000E+00
      19   1.5627968503937007E+01       44   1.6813281250000001E+00   0.0000000000000000E+00
      19   1.5627968503937007E+01       45   1.7203125000000001E+00   0.0000000000000000E+00
      19   1.5627968503937007E+01       46   1.7592968750000000E+00   0.0000000000000000E+00
      19   1.5627968503937007E+01       47   1.7982812500000001E+00   0.0000000000000000E+00
      19   1.5627968503937007E+01       48   1.8372656250000001E+00   0.0000000000000000E+00
      19   1.5627968503937007E+01       49   1.8762500000000000E+00   0.0000000000000000E+00
      19   1.5627968503937007E+01       50   1.9152343750000000E+00   0.0000000000000000E+00
      19   1.5627968503937007E+01       51   1.9542187500000001E+00   0.0000000000000000E+00
      19   1.5627968503937007E+01       52   1.9932031250000002E+00   0.0000000000000000E+00
      19   1.5627968503937007E+01       53   2.0321875000000000E+00   0.0000000000000000E+00
      19   1.5627968503937007E+01       54   2.0711718750000001E+00   0.0000000000000000E+00
      19   1.5627968503937007E+01       55   2.1101562500000002E+00   0.0000000000000000E+00
      19   1.5627968503937007E+01       56   2.1491406250000002E+00   0.0000000000000000E+00
      19   1.5627968503937007E+01       57   2.1881249999999999E+00   0.0000000000000000E+00
      19   1.5627968503937007E+01       58   2.2271093749999999E+00   0.0000000000000000E+00
      19   1.5627968503937007E+01       59   2.2660937500000000E+00   0.0000000000000000E+00
      19   1.5627968503937007E+01       60   2.3050781250000001E+00   0.0000000000000000E+00
      19   1.5627968503937007E+01       61   2.3440625000000002E+00   0.0000000000000000E+00
      19   1.5627968503937007E+01       62   2.3830468750000002E+00   0.0000000000000000E+00
      19   1.5627968503937007E+01       63   2.4220312500000003E+00   0.0000000000000000E+00
      19   1.5627968503937007E+01       64   2.4610156249999999E+00   0.0000000000000000E+00
 
      20   1.6496188976377955E+01        1   5.0000000000000001E-03   0.0000000000000000E+00
      20   1.6496188976377955E+01        2   4.3984374999999999E-02   0.0000000000000000E+00
      20   1.6496188976377955E+01        3   8.2968750000000008E-02   0.0000000000000000E+00
      20   1.6496188976377955E+01        4   1.2195312500000001E-01   0.0000000000000000E+00
      20   1.6496188976377955E+01        5   1.6093750000000001E-01   0.0000000000000000E+00
      20   1.6496188976377955E+01        6   1.9992187500000000E-01   0.0000000000000000E+00
      20   1.6496188976377955E+01        7   2.3890625000000001E-01   0.0000000000000000E+00
      20   1.6496188976377955E+01        8   2.7789062500000000E-01   0.0000000000000000E+00
      20   1.6496188976377955E+01        9   3.1687500000000002E-01   0.0000000000000000E+00
      20   1.6496188976377955E+01       10   3.5585937500000003E-01   0.0000000000000000E+00
      20   1.6496188976377955E+01       11   3.9484374999999999E-01   0.0000000000000000E+00
      20   1.6496188976377955E+01       12   4.3382812500000001E-01   0.0000000000000000E+00
      20   1.6496188976377955E+01       13   4.7281250000000002E-01   0.0000000000000000E+00
      20   1.6496188976377955E+01       14   5.1179687500000004E-01   0.0000000000000000E+00
      20   1.6496188976377955E+01       15   5.5078125000000000E-01   0.0000000000000000E+00
      20   1.6496188976377955E+01       16   5.8976562500000007E-01   0.0000000000000000E+00
      20   1.6496188976377955E+01       17   6.2875000000000003E-01   0.0000000000000000E+00
      20   1.6496188976377955E+01       18   6.6773437499999999E-01   0.0000000000000000E+00
      20   1.6496188976377955E+01       19   7.0671875000000006E-01   0.0000000000000000E+00
      20   1.6496188976377955E+01       20   7.4570312500000002E-01   0.0000000000000000E+00
      20   1.6496188976377955E+01       21   7.8468749999999998E-01   0.0000000000000000E+00
      20   1.6496188976377955E+01       22   8.2367187500000005E-01   0.0000000000000000E+00
      20   1.6496188976377955E+01       23   8.6265625000000001E-01   0.0000000000000000E+00
      20   1.6496188976377955E+01       24   9.0164062500000008E-01   0.0000000000000000E+00
      20   1.6496188976377955E+01       25   9.4062500000000004E-01   0.0000000000000000E+00
      20   1.6496188976377955E+01       26   9.7960937500000000E-01   0.0000000000000000E+00
      20   1.6496188976377955E+01       27   1.0185937500000000E+00   0.0000000000000000E+00
      20   1.6496188976377955E+01       28   1.0575781250000000E+00   0.0000000000000000E+00
      20   1.6496188976377955E+01       29   1.0965625000000001E+00   0.0000000000000000E+00
      20   1.6496188976377955E+01       30   1.1355468750000000E+00   0.0000000000000000E+00
      20   1.6496188976377955E+01       31   1.1745312500000000E+00   0.0000000000000000E+00
      20   1.6496188976377955E+01       32   1.2135156250000001E+00   0.0000000000000000E+00
      20   1.6496188976377955E+01       33   1.2524999999999999E+00   0.0000000000000000E+00
      20   1.6496188976377955E+01       34   1.2914843750000000E+00   0.0000000000000000E+00
      20   1.6496188976377955E+01       35   1.3304687500000001E+00   0.0000000000000000E+00
      20   1.6496188976377955E+01       36   1.3694531250000002E+00   0.0000000000000000E+00
      20   1.6496188976377955E+01       37   1.4084375000000000E+00   0.0000000000000000E+00
      20   1.6496188976377955E+01       38   1.4474218750000001E+00   0.0000000000000000E+00
      20   1.6496188976377955E+01       39   1.4864062500000002E+00   0.0000000000000000E+00
      20   1.6496188976377955E+01       40   1.5253906250000000E+00   0.0000000000000000E+00
      20   1.6496188976377955E+01       41   1.5643750000000001E+00   0.0000000000000000E+00
      20   1.6496188976377955E+01       42   1.6033593750000001E+00   0.0000000000000000E+00
      20   1.6496188976377955E+01       43   1.6423437500000000E+00   0.0000000000000000E+00
      20   1.6496188976377955E+01       44   1.6813281250000001E+00   0.0000000000000000E+00
      20   1.6496188976377955E+01       45   1.7203125000000001E+00   0.0000000000000000E+00
      20   1.6496188976377955E+01       46   1.7592968750000000E+00   0.0000000000000000E+00
      20   1.6496188976377955E+01       47   1.7982812500000001E+00   0.0000000000000000E+00
      20   1.6496188976377955E+01       48   1.8372656250000001E+00   0.0000000000000000E+00
      20   1.6496188976377955E+01       49   1.8762500000000000E+00   0.0000000000000000E+00
      20   1.6496188976377955E+01       50   1.9152343750000000E+00   0.0000000000000000E+00
      20   1.6496188976377955E+01       51   1.9542187500000001E+00   0.0000000000000000E+00
      20   1.6496188976377955E+01       52   1.9932031250000002E+00   0.0000000000000000E+00
      20   1.6496188976377955E+01       53   2.0321875000000000E+00   0.0000000000000000E+00
      20   1.6496188976377955E+01       54   2.0711718750000001E+00   0.0000000000000000E+00
      20   1.6496188976377955E+01       55   2.1101562500000002E+00   0.0000000000000000E+00
      20   1.6496188976377955E+01       56   2.1491406250000002E+00   0.0000000000000000E+00
      20   1.6496188976377955E+01       57   2.1881249999999999E+00   0.0000000000000000E+00
      20   1.6496188976377955E+01       58   2.2271093749999999E+00   0.0000000000000000E+00
      20   1.6496188976377955E+01       59   2.2660937500000000E+00   0.0000000000000000E+00
      20   1.6496188976377955E+01       60   2.3050781250000001E+00   0.0000000000000000E+00
      20   1.6496188976377955E+01       61   2.3440625000000002E+00   0.0000000000000000E+00
      20   1.6496188976377955E+01       62   2.3830468750000002E+00   0.0000000000000000E+00
      20   1.6496188976377955E+01       63   2.4220312500000003E+00   0.0000000000000000E+00
      20   1.6496188976377955E+01       64   2.4610156249999999E+00   0.0000000000000000E+00
 
      21   1.7364409448818897E+01        1   5.0000000000000001E-03   0.0000000000000000E+00
      21   1.7364409448818897E+01        2   4.3984374999999999E-02   0.0000000000000000E+00
      21   1.7364409448818897E+01        3   8.2968750000000008E-02   0.0000000000000000E+00
      21   1.7364409448818897E+01        4   1.2195312500000001E-01   0.0000000000000000E+00
      21   1.7364409448818897E+01        5   1.6093750000000001E-01   0.0000000000000000E+00
      21   1.7364409448818897E+01        6   1.9992187500000000E-01   0.0000000000000000E+00
      21   1.7364409448818897E+01        7   2.3890625000000001E-01   0.0000000000000000E+00
      21   1.7364409448818897E+01        8   2.7789062500000000E-01   0.0000000000000000E+00
      21   1.7364409448818897E+01        9   3.1687500000000002E-01   0.0000000000000000E+00
      21   1.7364409448818897E+01       10   3.5585937500000003E-01   0.0000000000000000E+00
      21   1.7364409448818897E+01       11   3.9484374999999999E-01   0.0000000000000000E+00
      21   1.7364409448818897E+01       12   4.3382812500000001E-01   0.0000000000000000E+00
      21   1.7364409448818897E+01       13   4.7281250000000002E-01   0.0000000000000000E+00
      21   1.7364409448818897E+01       14   5.1179687500000004E-01   0.0000000000000000E+00
      21   1.7364409448818897E+01       15   5.5078125000000000E-01   0.0000000000000000E+00
      21   1.7364409448818897E+01       16   5.8976562500000007E-01   0.0000000000000000E+00
      21   1.7364409448818897E+01       17   6.2875000000000003E-01   0.0000000000000000E+00
      21   1.7364409448818897E+01       18   6.6773437499999999E-01   0.0000000000000000E+00
      21   1.7364409448818897E+01       19   7.0671875000000006E-01   0.0000000000000000E+00
      21   1.7364409448818897E+01       20   7.4570312500000002E-01   0.0000000000000000E+00
      21   1.7364409448818897E+01       21   7.8468749999999998E-01   0.0000000000000000E+00
      21   1.7364409448818897E+01       22   8.2367187500000005E-01   0.0000000000000000E+00
      21   1.7364409448818897E+01       23   8.6265625000000001E-01   0.0000000000000000E+00
      21   1.7364409448818897E+01       24   9.0164062500000008E-01   0.0000000000000000E+00
      21   1.7364409448818897E+01       25   9.4062500000000004E-01   0.0000000000000000E+00
      21   1.7364409448818897E+01       26   9.7960937500000000E-01   0.0000000000000000E+00
      21   1.7364409448818897E+01       27   1.0185937500000000E+00   0.0000000000000000E+00
      21   1.7364409448818897E+01       28   1.0575781250000000E+00   0.0000000000000000E+00
      21   1.7364409448818897E+01       29   1.0965625000000001E+00   0.0000000000000000E+00
      21   1.7364409448818897E+01       30   1.1355468750000000E+00   0.0000000000000000E+00
      21   1.7364409448818897E+01       31   1.1745312500000000E+00   0.0000000000000000E+00
      21   1.7364409448818897E+01       32   1.2135156250000001E+00   0.0000000000000000E+00
      21   1.7364409448818897E+01       33   1.2524999999999999E+00   0.0000000000000000E+00
      21   1.7364409448818897E+01       34   1.2914843750000000E+00   0.0000000000000000E+00
      21   1.7364409448818897E+01       35   1.3304687500000001E+00   0.0000000000000000E+00
      21   1.7364409448818897E+01       36   1.3694531250000002E+00   0.0000000000000000E+00
      21   1.7364409448818897E+01       37   1.4084375000000000E+00   0.0000000000000000E+00
      21   1.7364409448818897E+01       38   1.4474218750000001E+00   0.0000000000000000E+00
      21   1.7364409448818897E+01       39   1.4864062500000002E+00   0.0000000000000000E+00
      21   1.7364409448818897E+01       40   1.5253906250000000E+00   0.0000000000000000E+00
      21   1.7364409448818897E+01       41   1.5643750000000001E+00   0.0000000000000000E+00
      21   1.7364409448818897E+01       42   1.6033593750000001E+00   0.0000000000000000E+00
      21   1.7364409448818897E+01       43   1.6423437500000000E+00   0.0000000000000000E+00
      21   1.7364409448818897E+01       44   1.6813281250000001E+00   0.0000000000000000E+00
      21   1.7364409448818897E+01       45   1.7203125000000001E+00   0.0000000000000000E+00
      21   1.7364409448818897E+01       46   1.7592968750000000E+00   0.0000000000000000E+00
      21   1.7364409448818897E+01       47   1.7982812500000001E+00   0.0000000000000000E+00
      21   1.7364409448818897E+01       48   1.8372656250000001E+00   0.0000000000000000E+00
      21   1.7364409448818897E+01       49   1.8762500000000000E+00   0.0000000000000000E+00
      21   1.7364409448818897E+01       50   1.9152343750000000E+00   0.0000000000000000E+00
      21   1.7364409448818897E+01       51   1.9542187500000001E+00   0.0000000000000000E+00
      21   1.7364409448818897E+01       52   1.9932031250000002E+00   0.0000000000000000E+00
      21   1.7364409448818897E+01       53   2.0321875000000000E+00   0.0000000000000000E+00
      21   1.7364409448818897E+01       54   2.0711718750000001E+00   0.0000000000000000E+00
      21   1.7364409448818897E+01       55   2.1101562500000002E+00   0.0000000000000000E+00
      21   1.7364409448818897E+01       56   2.1491406250000002E+00   0.0000000000000000E+00
      21   1.7364409448818897E+01       57   2.1881249999999999E+00   0.0000000000000000E+00
      21   1.7364409448818897E+01       58   2.2271093749999999E+00   0.0000000000000000E+00
      21   1.7364409448818897E+01       59   2.2660937500000000E+00   0.0000000000000000E+00
      21   1.7364409448818897E+01       60   2.3050781250000001E+00   0.0000000000000000E+00
      21   1.7364409448818897E+01       61   2.3440625000000002E+00   0.0000000000000000E+00
      21   1.7364409448818897E+01       62   2.3830468750000002E+00   0.0000000000000000E+00
      21   1.7364409448818897E+01       63   2.4220312500000003E+00   0.0000000000000000E+00
      21   1.7364409448818897E+01       64   2.4610156249999999E+00   0.0000000000000000E+00
 
      22   1.8232629921259843E+01        1   5.0000000000000001E-03   0.0000000000000000E+00
      22   1.8232629921259843E+01        2   4.3984374999999999E-02   0.0000000000000000E+00
      22   1.8232629921259843E+01        3   8.2968750000000008E-02   0.0000000000000000E+00
      22   1.8232629921259843E+01        4   1.2195312500000001E-01   0.0000000000000000E+00
      22   1.8232629921259843E+01        5   1.6093750000000001E-01   0.0000000000000000E+00
      22   1.8232629921259843E+01        6   1.9992187500000000E-01   0.0000000000000000E+00
      22   1.8232629921259843E+01        7   2.3890625000000001E-01   0.0000000000000000E+00
      22   1.8232629921259843E+01        8   2.7789062500000000E-01   0.0000000000000000E+00
      22   1.8232629921259843E+01        9   3.1687500000000002E-01   0.0000000000000000E+00
      22   1.8232629921259843E+01       10   3.5585937500000003E-01   0.0000000000000000E+00
      22   1.8232629921259843E+01       11   3.9484374999999999E-01   0.0000000000000000E+00
      22   1.8232629921259843E+01       12   4.3382812500000001E-01   0.0000000000000000E+00
      22   1.8232629921259843E+01       13   4.7281250000000002E-01   0.0000000000000000E+00
      22   1.8232629921259843E+01       14   5.1179687500000004E-01   0.0000000000000000E+00
      22   1.8232629921259843E+01       15   5.5078125000000000E-01   0.0000000000000000E+00
      22   1.8232629921259843E+01       16   5.8976562500000007E-01   0.0000000000000000E+00
      22   1.8232629921259843E+01       17   6.2875000000000003E-01   0.0000000000000000E+00
      22   1.8232629921259843E+01       18   6.6773437499999999E-01   0.0000000000000000E+00
      22   1.8232629921259843E+01       19   7.0671875000000006E-01   0.0000000000000000E+00
      22   1.8232629921259843E+01       20   7.4570312500000002E-01   0.0000000000000000E+00
      22   1.8232629921259843E+01       21   7.8468749999999998E-01   0.0000000000000000E+00
      22   1.8232629921259843E+01       22   8.2367187500000005E-01   0.0000000000000000E+00
      22   1.8232629921259843E+01       23   8.6265625000000001E-01   0.0000000000000000E+00
      22   1.8232629921259843E+01       24   9.0164062500000008E-01   0.0000000000000000E+00
      22   1.8232629921259843E+01       25   9.4062500000000004E-01   0.0000000000000000E+00
      22   1.8232629921259843E+01       26   9.7960937500000000E-01   0.0000000000000000E+00
      22   1.8232629921259843E+01       27   1.0185937500000000E+00   0.0000000000000000E+00
      22   1.8232629921259843E+01       28   1.0575781250000000E+00   0.0000000000000000E+00
      22   1.8232629921259843E+01       29   1.0965625000000001E+00   0.0000000000000000E+00
      22   1.8232629921259843E+01       30   1.1355468750000000E+00   0.0000000000000000E+00
      22   1.8232629921259843E+01       31   1.1745312500000000E+00   0.0000000000000000E+00
      22   1.8232629921259843E+01       32   1.2135156250000001E+00   0.0000000000000000E+00
      22   1.8232629921259843E+01       33   1.2524999999999999E+00   0.0000000000000000E+00
      22   1.8232629921259843E+01       34   1.2914843750000000E+00   0.0000000000000000E+00
      22   1.8232629921259843E+01       35   1.3304687500000001E+00   0.0000000000000000E+00
      22   1.8232629921259843E+01       36   1.3694531250000002E+00   0.0000000000000000E+00
      22   1.8232629921259843E+01       37   1.4084375000000000E+00   0.0000000000000000E+00
      22   1.8232629921259843E+01       38   1.4474218750000001E+00   0.0000000000000000E+00
      22   1.8232629921259843E+01       39   1.4864062500000002E+00   0.0000000000000000E+00
      22   1.8232629921259843E+01       40   1.5253906250000000E+00   0.0000000000000000E+00
      22   1.8232629921259843E+01       41   1.5643750000000001E+00   0.0000000000000000E+00
      22   1.8232629921259843E+01       42   1.6033593750000001E+00   0.0000000000000000E+00
      22   1.8232629921259843E+01       43   1.6423437500000000E+00   0.0000000000000000E+00
      22   1.8232629921259843E+01       44   1.6813281250000001E+00   0.0000000000000000E+00
      22   1.8232629921259843E+01       45   1.7203125000000001E+00   0.0000000000000000E+00
      22   1.8232629921259843E+01       46   1.7592968750000000E+00   0.0000000000000000E+00
      22   1.8232629921259843E+01       47   1.7982812500000001E+00   0.0000000000000000E+00
      22   1.8232629921259843E+01       48   1.8372656250000001E+00   0.0000000000000000E+00
      22   1.8232629921259843E+01       49   1.8762500000000000E+00   0.0000000000000000E+00
      22   1.8232629921259843E+01       50   1.9152343750000000E+00   0.0000000000000000E+00
      22   1.8232629921259843E+01       51   1.9542187500000001E+00   0.0000000000000000E+00
      22   1.8232629921259843E+01       52   1.9932031250000002E+00   0.0000000000000000E+00
      22   1.8232629921259843E+01       53   2.0321875000000000E+00   0.0000000000000000E+00
      22   1.8232629921259843E+01       54   2.0711718750000001E+00   0.0000000000000000E+00
      22   1.8232629921259843E+01       55   2.1101562500000002E+00   0.0000000000000000E+00
      22   1.8232629921259843E+01       56   2.1491406250000002E+00   0.0000000000000000E+00
      22   1.8232629921259843E+01       57   2.1881249999999999E+00   0.0000000000000000E+00
      22   1.8232629921259843E+01       58   2.2271093749999999E+00   0.0000000000000000E+00
      22   1.8232629921259843E+01       59   2.2660937500000000E+00   0.0000000000000000E+00
      22   1.8232629921259843E+01       60   2.3050781250000001E+00   0.0000000000000000E+00
      22   1.8232629921259843E+01       61   2.3440625000000002E+00   0.0000000000000000E+00
      22   1.8232629921259843E+01       62   2.3830468750000002E+00   0.0000000000000000E+00
      22   1.8232629921259843E+01       63   2.4220312500000003E+00   0.0000000000000000E+00
      22   1.8232629921259843E+01       64   2.4610156249999999E+00   0.0000000000000000E+00
 
      23   1.9100850393700789E+01        1   5.0000000000000001E-03   0.0000000000000000E+00
      23   1.9100850393700789E+01        2   4.3984374999999999E-02   0.0000000000000000E+00
      23   1.9100850393700789E+01        3   8.2968750000000008E-02   0.0000000000000000E+00
      23   1.9100850393700789E+01        4   1.2195312500000001E-01   0.0000000000000000E+00
      23   1.9100850393700789E+01        5   1.6093750000000001E-01   0.0000000000000000E+00
      23   1.9100850393700789E+01        6   1.9992187500000000E-01   0.0000000000000000E+00
      23   1.9100850393700789E+01        7   2.3890625000000001E-01   0.0000000000000000E+00
      23   1.9100850393700789E+01        8   2.7789062500000000E-01   0.0000000000000000E+00
      23   1.9100850393700789E+01        9   3.1687500000000002E-01   0.0000000000000000E+00
      23   1.9100850393700789E+01       10   3.5585937500000003E-01   0.0000000000000000E+00
      23   1.9100850393700789E+01       11   3.9484374999999999E-01   0.0000000000000000E+00
      23   1.9100850393700789E+01       12   4.3382812500000001E-01   0.0000000000000000E+00
      23   1.9100850393700789E+01       13   4.7281250000000002E-01   0.0000000000000000E+00
      23   1.9100850393700789E+01       14   5.1179687500000004E-01   0.0000000000000000E+00
      23   1.9100850393700789E+01       15   5.5078125000000000E-01   0.0000000000000000E+00
      23   1.9100850393700789E+01       16   5.8976562500000007E-01   0.0000000000000000E+00
      23   1.9100850393700789E+01       17   6.2875000000000003E-01   0.0000000000000000E+00
      23   1.9100850393700789E+01       18   6.6773437499999999E-01   0.0000000000000000E+00
      23   1.9100850393700789E+01       19   7.0671875000000006E-01   0.0000000000000000E+00
      23   1.9100850393700789E+01       20   7.4570312500000002E-01   0.0000000000000000E+00
      23   1.9100850393700789E+01       21   7.8468749999999998E-01   0.0000000000000000E+00
      23   1.9100850393700789E+01       22   8.2367187500000005E-01   0.0000000000000000E+00
      23   1.9100850393700789E+01       23   8.6265625000000001E-01   0.0000000000000000E+00
      23   1.9100850393700789E+01       24   9.0164062500000008E-01   0.0000000000000000E+00
      23   1.9100850393700789E+01       25   9.4062500000000004E-01   0.0000000000000000E+00
      23   1.9100850393700789E+01       26   9.7960937500000000E-01   0.0000000000000000E+00
      23   1.9100850393700789E+01       27   1.0185937500000000E+00   0.0000000000000000E+00
      23   1.9100850393700789E+01       28   1.0575781250000000E+00   0.0000000000000000E+00
      23   1.9100850393700789E+01       29   1.0965625000000001E+00   0.0000000000000000E+00
      23   1.9100850393700789E+01       30   1.1355468750000000E+00   0.0000000000000000E+00
      23   1.9100850393700789E+01       31   1.1745312500000000E+00   0.0000000000000000E+00
      23   1.9100850393700789E+01       32   1.2135156250000001E+00   0.0000000000000000E+00
      23   1.9100850393700789E+01       33   1.2524999999999999E+00   0.0000000000000000E+00
      23   1.9100850393700789E+01       34   1.2914843750000000E+00   0.0000000000000000E+00
      23   1.9100850393700789E+01       35   1.3304687500000001E+00   0.0000000000000000E+00
      23   1.9100850393700789E+01       36   1.3694531250000002E+00   0.0000000000000000E+00
      23   1.9100850393700789E+01       37   1.4084375000000000E+00   0.0000000000000000E+00
      23   1.9100850393700789E+01       38   1.4474218750000001E+00   0.0000000000000000E+00
      23   1.9100850393700789E+01       39   1.4864062500000002E+00   0.0000000000000000E+00
      23   1.9100850393700789E+01       40   1.5253906250000000E+00   0.0000000000000000E+00
      23   1.9100850393700789E+01       41   1.5643750000000001E+00   0.0000000000000000E+00
      23   1.9100850393700789E+01       42   1.6033593750000001E+00   0.0000000000000000E+00
      23   1.9100850393700789E+01       43   1.6423437500000000E+00   0.0000000000000000E+00
      23   1.9100850393700789E+01       44   1.6813281250000001E+00   0.0000000000000000E+00
      23   1.9100850393700789E+01       45   1.7203125000000001E+00   0.0000000000000000E+00
      23   1.9100850393700789E+01       46   1.7592968750000000E+00   0.0000000000000000E+00
      23   1.9100850393700789E+01       47   1.7982812500000001E+00   0.0000000000000000E+00
      23   1.9100850393700789E+01       48   1.8372656250000001E+00   0.0000000000000000E+00
      23   1.9100850393700789E+01       49   1.8762500000000000E+00   0.0000000000000000E+00
      23   1.9100850393700789E+01       50   1.9152343750000000E+00   0.0000000000000000E+00
      23   1.9100850393700789E+01       51   1.9542187500000001E+00   0.0000000000000000E+00
      23   1.9100850393700789E+01       52   1.9932031250000002E+00   0.0000000000000000E+00
      23   1.9100850393700789E+01       53   2.0321875000000000E+00   0.0000000000000000E+00
      23   1.9100850393700789E+01       54   2.0711718750000001E+00   0.0000000000000000E+00
      23   1.9100850393700789E+01       55   2.1101562500000002E+00   0.0000000000000000E+00
      23   1.9100850393700789E+01       56   2.1491406250000002E+00   0.0000000000000000E+00
      23   1.9100850393700789E+01       57   2.1881249999999999E+00   0.0000000000000000E+00
      23   1.9100850393700789E+01       58   2.2271093749999999E+00   0.0000000000000000E+00
      23   1.9100850393700789E+01       59   2.2660937500000000E+00   0.0000000000000000E+00
      23   1.9100850393700789E+01       60   2.3050781250000001E+00   0.0000000000000000E+00
      23   1.9100850393700789E+01       61   2.3440625000000002E+00   0.0000000000000000E+00
      23   1.9100850393700789E+01       62   2.3830468750000002E+00   0.0000000000000000E+00
      23   1.9100850393700789E+01       63   2.4220312500000003E+00   0.0000000000000000E+00
      23   1.9100850393700789E+01       64   2.4610156249999999E+00   0.0000000000000000E+00
 
      24   1.9969070866141735E+01        1   5.0000000000000001E-03   0.0000000000000000E+00
      24   1.9969070866141735E+01        2   4.3984374999999999E-02   0.0000000000000000E+00
      24   1.9969070866141735E+01        3   8.2968750000000008E-02   0.0000000000000000E+00
      24   1.9969070866141735E+01        4   1.2195312500000001E-01   0.0000000000000000E+00
      24   1.9969070866141735E+01        5   1.6093750000000001E-01   0.0000000000000000E+00
      24   1.9969070866141735E+01        6   1.9992187500000000E-01   0.0000000000000000E+00
      24   1.9969070866141735E+01        7   2.3890625000000001E-01   0.0000000000000000E+00
      24   1.9969070866141735E+01        8   2.7789062500000000E-01   0.0000000000000000E+00
      24   1.9969070866141735E+01        9   3.1687500000000002E-01   0.0000000000000000E+00
      24   1.9969070866141735E+01       10   3.5585937500000003E-01   0.0000000000000000E+00
      24   1.9969070866141735E+01       11   3.9484374999999999E-01   0.0000000000000000E+00
      24   1.9969070866141735E+01       12   4.3382812500000001E-01   0.0000000000000000E+00
      24   1.9969070866141735E+01       13   4.7281250000000002E-01   0.0000000000000000E+00
      24   1.9969070866141735E+01       14   5.1179687500000004E-01   0.0000000000000000E+00
      24   1.9969070866141735E+01       15   5.5078125000000000E-01   0.0000000000000000E+00
      24   1.9969070866141735E+01       16   5.8976562500000007E-01   0.0000000000000000E+00
      24   1.9969070866141735E+01       17   6.2875000000000003E-01   0.0000000000000000E+00
      24   1.9969070866141735E+01       18   6.6773437499999999E-01   0.0000000000000000E+00
      24   1.9969070866141735E+01       19   7.0671875000000006E-01   0.0000000000000000E+00
      24   1.9969070866141735E+01       20   7.4570312500000002E-01   0.0000000000000000E+00
      24   1.9969070866141735E+01       21   7.8468749999999998E-01   0.0000000000000000E+00
      24   1.9969070866141735E+01       22   8.2367187500000005E-01   0.0000000000000000E+00
      24   1.9969070866141735E+01       23   8.6265625000000001E-01   0.0000000000000000E+00
      24   1.9969070866141735E+01       24   9.0164062500000008E-01   0.0000000000000000E+00
      24   1.9969070866141735E+01       25   9.4062500000000004E-01   0.0000000000000000E+00
      24   1.9969070866141735E+01       26   9.7960937500000000E-01   0.0000000000000000E+00
      24   1.9969070866141735E+01       27   1.0185937500000000E+00   0.0000000000000000E+00
      24   1.9969070866141735E+01       28   1.0575781250000000E+00   0.0000000000000000E+00
      24   1.9969070866141735E+01       29   1.0965625000000001E+00   0.0000000000000000E+00
      24   1.9969070866141735E+01       30   1.1355468750000000E+00   0.0000000000000000E+00
      24   1.9969070866141735E+01       31   1.1745312500000000E+00   0.0000000000000000E+00
      24   1.9969070866141735E+01       32   1.2135156250000001E+00   0.0000000000000000E+00
      24   1.9969070866141735E+01       33   1.2524999999999999E+00   0.0000000000000000E+00
      24   1.9969070866141735E+01       34   1.2914843750000000E+00   0.0000000000000000E+00
      24   1.9969070866141735E+01       35   1.3304687500000001E+00   0.0000000000000000E+00
      24   1.9969070866141735E+01       36   1.3694531250000002E+00   0.0000000000000000E+00
      24   1.9969070866141735E+01       37   1.4084375000000000E+00   0.0000000000000000E+00
      24   1.9969070866141735E+01       38   1.4474218750000001E+00   0.0000000000000000E+00
      24   1.9969070866141735E+01       39   1.4864062500000002E+00   0.0000000000000000E+00
      24   1.9969070866141735E+01       40   1.5253906250000000E+00   0.0000000000000000E+00
      24   1.9969070866141735E+01       41   1.5643750000000001E+00   0.0000000000000000E+00
      24   1.9969070866141735E+01       42   1.6033593750000001E+00   0.0000000000000000E+00
      24   1.9969070866141735E+01       43   1.6423437500000000E+00   0.0000000000000000E+00
      24   1.9969070866141735E+01       44   1.6813281250000001E+00   0.0000000000000000E+00
      24   1.9969070866141735E+01       45   1.7203125000000001E+00   0.0000000000000000E+00
      24   1.9969070866141735E+01       46   1.7592968750000000E+00   0.0000000000000000E+00
      24   1.9969070866141735E+01       47   1.7982812500000001E+00   0.0000000000000000E+00
      24   1.9969070866141735E+01       48   1.8372656250000001E+00   0.0000000000000000E+00
      24   1.9969070866141735E+01       49   1.8762500000000000E+00   0.0000000000000000E+00
      24   1.9969070866141735E+01       50   1.9152343750000000E+00   0.0000000000000000E+00
      24   1.9969070866141735E+01       51   1.9542187500000001E+00   0.0000000000000000E+00
      24   1.9969070866141735E+01       52   1.9932031250000002E+00   0.0000000000000000E+00
      24   1.9969070866141735E+01       53   2.0321875000000000E+00   0.0000000000000000E+00
      24   1.9969070866141735E+01       54   2.0711718750000001E+00   0.0000000000000000E+00
      24   1.9969070866141735E+01       55   2.1101562500000002E+00   0.0000000000000000E+00
      24   1.9969070866141735E+01       56   2.1491406250000002E+00   0.0000000000000000E+00
      24   1.9969070866141735E+01       57   2.1881249999999999E+00   0.0000000000000000E+00
      24   1.9969070866141735E+01       58   2.2271093749999999E+00   0.0000000000000000E+00
      24   1.9969070866141735E+01       59   2.2660937500000000E+00   0.0000000000000000E+00
      24   1.9969070866141735E+01       60   2.3050781250000001E+00   0.0000000000000000E+00
      24   1.9969070866141735E+01       61   2.3440625000000002E+00   0.0000000000000000E+00
      24   1.9969070866141735E+01       62   2.3830468750000002E+00   0.0000000000000000E+00
      24   1.9969070866141735E+01       63   2.4220312500000003E+00   0.0000000000000000E+00
      24   1.9969070866141735E+01       64   2.4610156249999999E+00   0.0000000000000000E+00
 
      25   2.0837291338582677E+01        1   5.0000000000000001E-03   0.0000000000000000E+00
      25   2.0837291338582677E+01        2   4.3984374999999999E-02   0.0000000000000000E+00
      25   2.0837291338582677E+01        3   8.2968750000000008E-02   0.0000000000000000E+00
      25   2.0837291338582677E+01        4   1.2195312500000001E-01   0.0000000000000000E+00
      25   2.0837291338582677E+01        5   1.6093750000000001E-01   0.0000000000000000E+00
      25   2.0837291338582677E+01        6   1.9992187500000000E-01   0.0000000000000000E+00
      25   2.0837291338582677E+01        7   2.3890625000000001E-01   0.0000000000000000E+00
      25   2.0837291338582677E+01        8   2.7789062500000000E-01   0.0000000000000000E+00
      25   2.0837291338582677E+01        9   3.1687500000000002E-01   0.0000000000000000E+00
      25   2.0837291338582677E+01       10   3.5585937500000003E-01   0.0000000000000000E+00
      25   2.0837291338582677E+01       11   3.9484374999999999E-01   0.0000000000000000E+00
      25   2.0837291338582677E+01       12   4.3382812500000001E-01   0.0000000000000000E+00
      25   2.0837291338582677E+01       13   4.7281250000000002E-01   0.0000000000000000E+00
      25   2.0837291338582677E+01       14   5.1179687500000004E-01   0.0000000000000000E+00
      25   2.0837291338582677E+01       15   5.5078125000000000E-01   0.0000000000000000E+00
      25   2.0837291338582677E+01       16   5.8976562500000007E-01   0.0000000000000000E+00
      25   2.0837291338582677E+01       17   6.2875000000000003E-01   0.0000000000000000E+00
      25   2.0837291338582677E+01       18   6.6773437499999999E-01   0.0000000000000000E+00
      25   2.0837291338582677E+01       19   7.0671875000000006E-01   0.0000000000000000E+00
      25   2.0837291338582677E+01       20   7.4570312500000002E-01   0.0000000000000000E+00
      25   2.0837291338582677E+01       21   7.8468749999999998E-01   0.0000000000000000E+00
      25   2.0837291338582677E+01       22   8.2367187500000005E-01   0.0000000000000000E+00
      25   2.0837291338582677E+01       23   8.6265625000000001E-01   0.0000000000000000E+00
      25   2.0837291338582677E+01       24   9.0164062500000008E-01   0.0000000000000000E+00
      25   2.0837291338582677E+01       25   9.4062500000000004E-01   0.0000000000000000E+00
      25   2.0837291338582677E+01       26   9.7960937500000000E-01   0.0000000000000000E+00
      25   2.0837291338582677E+01       27   1.0185937500000000E+00   0.0000000000000000E+00
      25   2.0837291338582677E+01       28   1.0575781250000000E+00   0.0000000000000000E+00
      25   2.0837291338582677E+01       29   1.0965625000000001E+00   0.0000000000000000E+00
      25   2.0837291338582677E+01       30   1.1355468750000000E+00   0.0000000000000000E+00
      25   2.0837291338582677E+01       31   1.1745312500000000E+00   0.0000000000000000E+00
      25   2.0837291338582677E+01       32   1.2135156250000001E+00   0.0000000000000000E+00
      25   2.0837291338582677E+01       33   1.2524999999999999E+00   0.0000000000000000E+00
      25   2.0837291338582677E+01       34   1.2914843750000000E+00   0.0000000000000000E+00
      25   2.0837291338582677E+01       35   1.3304687500000001E+00   0.0000000000000000E+00
      25   2.0837291338582677E+01       36   1.3694531250000002E+00   0.0000000000000000E+00
      25   2.0837291338582677E+01       37   1.4084375000000000E+00   0.0000000000000000E+00
      25   2.0837291338582677E+01       38   1.4474218750000001E+00   0.0000000000000000E+00
      25   2.0837291338582677E+01       39   1.4864062500000002E+00   0.0000000000000000E+00
      25   2.0837291338582677E+01       40   1.5253906250000000E+00   0.0000000000000000E+00
      25   2.0837291338582677E+01       41   1.5643750000000001E+00   0.0000000000000000E+00
      25   2.0837291338582677E+01       42   1.6033593750000001E+00   0.0000000000000000E+00
      25   2.0837291338582677E+01       43   1.6423437500000000E+00   0.0000000000000000E+00
      25   2.0837291338582677E+01       44   1.6813281250000001E+00   0.0000000000000000E+00
      25   2.0837291338582677E+01       45   1.7203125000000001E+00   0.0000000000000000E+00
      25   2.0837291338582677E+01       46   1.7592968750000000E+00   0.0000000000000000E+00
      25   2.0837291338582677E+01       47   1.7982812500000001E+00   0.0000000000000000E+00
      25   2.0837291338582677E+01       48   1.8372656250000001E+00   0.0000000000000000E+00
      25   2.0837291338582677E+01       49   1.8762500000000000E+00   0.0000000000000000E+00
      25   2.0837291338582677E+01       50   1.9152343750000000E+00   0.0000000000000000E+00
      25   2.0837291338582677E+01       51   1.9542187500000001E+00   0.0000000000000000E+00
      25   2.0837291338582677E+01       52   1.9932031250000002E+00   0.0000000000000000E+00
      25   2.0837291338582677E+01       53   2.0321875000000000E+00   0.0000000000000000E+00
      25   2.0837291338582677E+01       54   2.0711718750000001E+00   0.0000000000000000E+00
      25   2.0837291338582677E+01       55   2.1101562500000002E+00   0.0000000000000000E+00
      25   2.0837291338582677E+01       56   2.1491406250000002E+00   0.0000000000000000E+00
      25   2.0837291338582677E+01       57   2.1881249999999999E+00   0.0000000000000000E+00
      25   2.0837291338582677E+01       58   2.2271093749999999E+00   0.0000000000000000E+00
      25   2.0837291338582677E+01       59   2.2660937500000000E+00   0.0000000000000000E+00
      25   2.0837291338582677E+01       60   2.3050781250000001E+00   0.0000000000000000E+00
      25   2.0837291338582677E+01       61   2.3440625000000002E+00   0.0000000000000000E+00
      25   2.0837291338582677E+01       62   2.3830468750000002E+00   0.0000000000000000E+00
      25   2.0837291338582677E+01       63   2.4220312500000003E+00   0.0000000000000000E+00
      25   2.0837291338582677E+01       64   2.4610156249999999E+00   0.0000000000000000E+00
 
      26   2.1705511811023623E+01        1   5.0000000000000001E-03   0.0000000000000000E+00
      26   2.1705511811023623E+01        2   4.3984374999999999E-02   0.0000000000000000E+00
      26   2.1705511811023623E+01        3   8.2968750000000008E-02   0.0000000000000000E+00
      26   2.1705511811023623E+01        4   1.2195312500000001E-01   0.0000000000000000E+00
      26   2.1705511811023623E+01        5   1.6093750000000001E-01   0.0000000000000000E+00
      26   2.1705511811023623E+01        6   1.9992187500000000E-01   0.0000000000000000E+00
      26   2.1705511811023623E+01        7   2.3890625000000001E-01   0.0000000000000000E+00
      26   2.1705511811023623E+01        8   2.7789062500000000E-01   0.0000000000000000E+00
      26   2.1705511811023623E+01        9   3.1687500000000002E-01   0.0000000000000000E+00
      26   2.1705511811023623E+01       10   3.5585937500000003E-01   0.0000000000000000E+00
      26   2.1705511811023623E+01       11   3.9484374999999999E-01   0.0000000000000000E+00
      26   2.1705511811023623E+01       12   4.3382812500000001E-01   0.0000000000000000E+00
      26   2.1705511811023623E+01       13   4.7281250000000002E-01   0.0000000000000000E+00
      26   2.1705511811023623E+01       14   5.1179687500000004E-01   0.0000000000000000E+00
      26   2.1705511811023623E+01       15   5.5078125000000000E-01   0.0000000000000000E+00
      26   2.1705511811023623E+01       16   5.8976562500000007E-01   0.0000000000000000E+00
      26   2.1705511811023623E+01       17   6.2875000000000003E-01   0.0000000000000000E+00
      26   2.1705511811023623E+01       18   6.6773437499999999E-01   0.0000000000000000E+00
      26   2.1705511811023623E+01       19   7.0671875000000006E-01   0.0000000000000000E+00
      26   2.1705511811023623E+01       20   7.4570312500000002E-01   0.0000000000000000E+00
      26   2.1705511811023623E+01       21   7.8468749999999998E-01   0.0000000000000000E+00
      26   2.1705511811023623E+01       22   8.2367187500000005E-01   0.0000000000000000E+00
      26   2.1705511811023623E+01       23   8.6265625000000001E-01   0.0000000000000000E+00
      26   2.1705511811023623E+01       24   9.0164062500000008E-01   0.0000000000000000E+00
      26   2.1705511811023623E+01       25   9.4062500000000004E-01   0.0000000000000000E+00
      26   2.1705511811023623E+01       26   9.7960937500000000E-01   0.0000000000000000E+00
      26   2.1705511811023623E+01       27   1.0185937500000000E+00   0.0000000000000000E+00
      26   2.1705511811023623E+01       28   1.0575781250000000E+00   0.0000000000000000E+00
      26   2.1705511811023623E+01       29   1.0965625000000001E+00   0.0000000000000000E+00
      26   2.1705511811023623E+01       30   1.1355468750000000E+00   0.0000000000000000E+00
      26   2.1705511811023623E+01       31   1.1745312500000000E+00   0.0000000000000000E+00
      26   2.1705511811023623E+01       32   1.2135156250000001E+00   0.0000000000000000E+00
      26   2.1705511811023623E+01       33   1.2524999999999999E+00   0.0000000000000000E+00
      26   2.1705511811023623E+01       34   1.2914843750000000E+00   0.0000000000000000E+00
      26   2.1705511811023623E+01       35   1.3304687500000001E+00   0.0000000000000000E+00
      26   2.1705511811023623E+01       36   1.3694531250000002E+00   0.0000000000000000E+00
      26   2.1705511811023623E+01       37   1.4084375000000000E+00   0.0000000000000000E+00
      26   2.1705511811023623E+01       38   1.4474218750000001E+00   0.0000000000000000E+00
      26   2.1705511811023623E+01       39   1.4864062500000002E+00   0.0000000000000000E+00
      26   2.1705511811023623E+01       40   1.5253906250000000E+00   0.0000000000000000E+00
      26   2.1705511811023623E+01       41   1.5643750000000001E+00   0.0000000000000000E+00
      26   2.1705511811023623E+01       42   1.6033593750000001E+00   0.0000000000000000E+00
      26   2.1705511811023623E+01       43   1.6423437500000000E+00   0.0000000000000000E+00
      26   2.1705511811023623E+01       44   1.6813281250000001E+00   0.0000000000000000E+00
      26   2.1705511811023623E+01       45   1.7203125000000001E+00   0.0000000000000000E+00
      26   2.1705511811023623E+01       46   1.7592968750000000E+00   0.0000000000000000E+00
      26   2.1705511811023623E+01       47   1.7982812500000001E+00   0.0000000000000000E+00
      26   2.1705511811023623E+01       48   1.8372656250000001E+00   0.0000000000000000E+00
      26   2.1705511811023623E+01       49   1.8762500000000000E+00   0.0000000000000000E+00
      26   2.1705511811023623E+01       50   1.9152343750000000E+00   0.0000000000000000E+00
      26   2.1705511811023623E+01       51   1.9542187500000001E+00   0.0000000000000000E+00
      26   2.1705511811023623E+01       52   1.9932031250000002E+00   0.0000000000000000E+00
      26   2.1705511811023623E+01       53   2.0321875000000000E+00   0.0000000000000000E+00
      26   2.1705511811023623E+01       54   2.0711718750000001E+00   0.0000000000000000E+00
      26   2.1705511811023623E+01       55   2.1101562500000002E+00   0.0000000000000000E+00
      26   2.1705511811023623E+01       56   2.1491406250000002E+00   0.0000000000000000E+00
      26   2.1705511811023623E+01       57   2.1881249999999999E+00   0.0000000000000000E+00
      26   2.1705511811023623E+01       58   2.2271093749999999E+00   0.0000000000000000E+00
      26   2.1705511811023623E+01       59   2.2660937500000000E+00   0.0000000000000000E+00
      26   2.1705511811023623E+01       60   2.3050781250000001E+00   0.0000000000000000E+00
      26   2.1705511811023623E+01       61   2.3440625000000002E+00   0.0000000000000000E+00
      26   2.1705511811023623E+01       62   2.3830468750000002E+00   0.0000000000000000E+00
      26   2.1705511811023623E+01       63   2.4220312500000003E+00   0.0000000000000000E+00
      26   2.1705511811023623E+01       64   2.4610156249999999E+00   0.0000000000000000E+00
 
      27   2.2573732283464569E+01        1   5.0000000000000001E-03   0.0000000000000000E+00
      27   2.2573732283464569E+01        2   4.3984374999999999E-02   0.0000000000000000E+00
      27   2.2573732283464569E+01        3   8.2968750000000008E-02   0.0000000000000000E+00
      27   2.2573732283464569E+01        4   1.2195312500000001E-01   0.0000000000000000E+00
      27   2.2573732283464569E+01        5   1.6093750000000001E-01   0.0000000000000000E+00
      27   2.2573732283464569E+01        6   1.9992187500000000E-01   0.0000000000000000E+00
      27   2.2573732283464569E+01        7   2.3890625000000001E-01   0.0000000000000000E+00
      27   2.2573732283464569E+01        8   2.7789062500000000E-01   0.0000000000000000E+00
      27   2.2573732283464569E+01        9   3.1687500000000002E-01   0.0000000000000000E+00
      27   2.2573732283464569E+01       10   3.5585937500000003E-01   0.0000000000000000E+00
      27   2.2573732283464569E+01       11   3.9484374999999999E-01   0.0000000000000000E+00
      27   2.2573732283464569E+01       12   4.3382812500000001E-01   0.0000000000000000E+00
      27   2.2573732283464569E+01       13   4.7281250000000002E-01   0.0000000000000000E+00
      27   2.2573732283464569E+01       14   5.1179687500000004E-01   0.0000000000000000E+00
      27   2.2573732283464569E+01       15   5.5078125000000000E-01   0.0000000000000000E+00
      27   2.2573732283464569E+01       16   5.8976562500000007E-01   0.0000000000000000E+00
      27   2.2573732283464569E+01       17   6.2875000000000003E-01   0.0000000000000000E+00
      27   2.2573732283464569E+01       18   6.6773437499999999E-01   0.0000000000000000E+00
      27   2.2573732283464569E+01       19   7.0671875000000006E-01   0.0000000000000000E+00
      27   2.2573732283464569E+01       20   7.4570312500000002E-01   0.0000000000000000E+00
      27   2.2573732283464569E+01       21   7.8468749999999998E-01   0.0000000000000000E+00
      27   2.2573732283464569E+01       22   8.2367187500000005E-01   0.0000000000000000E+00
      27   2.2573732283464569E+01       23   8.6265625000000001E-01   0.0000000000000000E+00
      27   2.2573732283464569E+01       24   9.0164062500000008E-01   0.0000000000000000E+00
      27   2.2573732283464569E+01       25   9.4062500000000004E-01   0.0000000000000000E+00
      27   2.2573732283464569E+01       26   9.7960937500000000E-01   0.0000000000000000E+00
      27   2.2573732283464569E+01       27   1.0185937500000000E+00   0.0000000000000000E+00
      27   2.2573732283464569E+01       28   1.0575781250000000E+00   0.0000000000000000E+00
      27   2.2573732283464569E+01       29   1.0965625000000001E+00   0.0000000000000000E+00
      27   2.2573732283464569E+01       30   1.1355468750000000E+00   0.0000000000000000E+00
      27   2.2573732283464569E+01       31   1.1745312500000000E+00   0.0000000000000000E+00
      27   2.2573732283464569E+01       32   1.2135156250000001E+00   0.0000000000000000E+00
      27   2.2573732283464569E+01       33   1.2524999999999999E+00   0.0000000000000000E+00
      27   2.2573732283464569E+01       34   1.2914843750000000E+00   0.0000000000000000E+00
      27   2.2573732283464569E+01       35   1.3304687500000001E+00   0.0000000000000000E+00
      27   2.2573732283464569E+01       36   1.3694531250000002E+00   0.0000000000000000E+00
      27   2.2573732283464569E+01       37   1.4084375000000000E+00   0.0000000000000000E+00
      27   2.2573732283464569E+01       38   1.4474218750000001E+00   0.0000000000000000E+00
      27   2.2573732283464569E+01       39   1.4864062500000002E+00   0.0000000000000000E+00
      27   2.2573732283464569E+01       40   1.5253906250000000E+00   0.0000000000000000E+00
      27   2.2573732283464569E+01       41   1.5643750000000001E+00   0.0000000000000000E+00
      27   2.2573732283464569E+01       42   1.6033593750000001E+00   0.0000000000000000E+00
      27   2.2573732283464569E+01       43   1.6423437500000000E+00   0.0000000000000000E+00
      27   2.2573732283464569E+01       44   1.6813281250000001E+00   0.0000000000000000E+00
      27   2.2573732283464569E+01       45   1.7203125000000001E+00   0.0000000000000000E+00
      27   2.2573732283464569E+01       46   1.7592968750000000E+00   0.0000000000000000E+00
      27   2.2573732283464569E+01       47   1.7982812500000001E+00   0.0000000000000000E+00
      27   2.2573732283464569E+01       48   1.8372656250000001E+00   0.0000000000000000E+00
      27   2.2573732283464569E+01       49   1.8762500000000000E+00   0.0000000000000000E+00
      27   2.2573732283464569E+01       50   1.9152343750000000E+00   0.0000000000000000E+00
      27   2.2573732283464569E+01       51   1.9542187500000001E+00   0.0000000000000000E+00
      27   2.2573732283464569E+01       52   1.9932031250000002E+00   0.0000000000000000E+00
      27   2.2573732283464569E+01       53   2.0321875000000000E+00   0.0000000000000000E+00
      27   2.2573732283464569E+01       54   2.0711718750000001E+00   0.0000000000000000E+00
      27   2.2573732283464569E+01       55   2.1101562500000002E+00   0.0000000000000000E+00
      27   2.2573732283464569E+01       56   2.1491406250000002E+00   0.0000000000000000E+00
      27   2.2573732283464569E+01       57   2.1881249999999999E+00   0.0000000000000000E+00
      27   2.2573732283464569E+01       58   2.2271093749999999E+00   0.0000000000000000E+00
      27   2.2573732283464569E+01       59   2.2660937500000000E+00   0.0000000000000000E+00
      27   2.2573732283464569E+01       60   2.3050781250000001E+00   0.0000000000000000E+00
      27   2.2573732283464569E+01       61   2.3440625000000002E+00   0.0000000000000000E+00
      27   2.2573732283464569E+01       62   2.3830468750000002E+00   0.0000000000000000E+00
      27   2.2573732283464569E+01       63   2.4220312500000003E+00   0.0000000000000000E+00
      27   2.2573732283464569E+01       64   2.4610156249999999E+00   0.0000000000000000E+00
 
      28   2.3441952755905511E+01        1   5.0000000000000001E-03   0.0000000000000000E+00
      28   2.3441952755905511E+01        2   4.3984374999999999E-02   0.0000000000000000E+00
      28   2.3441952755905511E+01        3   8.2968750000000008E-02   0.0000000000000000E+00
      28   2.3441952755905511E+01        4   1.2195312500000001E-01   0.0000000000000000E+00
      28   2.3441952755905511E+01        5   1.6093750000000001E-01   0.0000000000000000E+00
      28   2.3441952755905511E+01        6   1.9992187500000000E-01   0.0000000000000000E+00
      28   2.3441952755905511E+01        7   2.3890625000000001E-01   0.0000000000000000E+00
      28   2.3441952755905511E+01        8   2.7789062500000000E-01   0.0000000000000000E+00
      28   2.3441952755905511E+01        9   3.1687500000000002E-01   0.0000000000000000E+00
      28   2.3441952755905511E+01       10   3.5585937500000003E-01   0.0000000000000000E+00
      28   2.3441952755905511E+01       11   3.9484374999999999E-01   0.0000000000000000E+00
      28   2.3441952755905511E+01       12   4.3382812500000001E-01   0.0000000000000000E+00
      28   2.3441952755905511E+01       13   4.7281250000000002E-01   0.0000000000000000E+00
      28   2.3441952755905511E+01       14   5.1179687500000004E-01   0.0000000000000000E+00
      28   2.3441952755905511E+01       15   5.5078125000000000E-01   0.0000000000000000E+00
      28   2.3441952755905511E+01       16   5.8976562500000007E-01   0.0000000000000000E+00
      28   2.3441952755905511E+01       17   6.2875000000000003E-01   0.0000000000000000E+00
      28   2.3441952755905511E+01       18   6.6773437499999999E-01   0.0000000000000000E+00
      28   2.3441952755905511E+01       19   7.0671875000000006E-01   0.0000000000000000E+00
      28   2.3441952755905511E+01       20   7.4570312500000002E-01   0.0000000000000000E+00
      28   2.3441952755905511E+01       21   7.8468749999999998E-01   0.0000000000000000E+00
      28   2.3441952755905511E+01       22   8.2367187500000005E-01   0.0000000000000000E+00
      28   2.3441952755905511E+01       23   8.6265625000000001E-01   0.0000000000000000E+00
      28   2.3441952755905511E+01       24   9.0164062500000008E-01   0.0000000000000000E+00
      28   2.3441952755905511E+01       25   9.4062500000000004E-01   0.0000000000000000E+00
      28   2.3441952755905511E+01       26   9.7960937500000000E-01   0.0000000000000000E+00
      28   2.3441952755905511E+01       27   1.0185937500000000E+00   0.0000000000000000E+00
      28   2.3441952755905511E+01       28   1.0575781250000000E+00   0.0000000000000000E+00
      28   2.3441952755905511E+01       29   1.0965625000000001E+00   0.0000000000000000E+00
      28   2.3441952755905511E+01       30   1.1355468750000000E+00   0.0000000000000000E+00
      28   2.3441952755905511E+01       31   1.1745312500000000E+00   0.0000000000000000E+00
      28   2.3441952755905511E+01       32   1.2135156250000001E+00   0.0000000000000000E+00
      28   2.3441952755905511E+01       33   1.2524999999999999E+00   0.0000000000000000E+00
      28   2.3441952755905511E+01       34   1.2914843750000000E+00   0.0000000000000000E+00
      28   2.3441952755905511E+01       35   1.3304687500000001E+00   0.0000000000000000E+00
      28   2.3441952755905511E+01       36   1.3694531250000002E+00   0.0000000000000000E+00
      28   2.3441952755905511E+01       37   1.4084375000000000E+00   0.0000000000000000E+00
      28   2.3441952755905511E+01       38   1.4474218750000001E+00   0.0000000000000000E+00
      28   2.3441952755905511E+01       39   1.4864062500000002E+00   0.0000000000000000E+00
      28   2.3441952755905511E+01       40   1.5253906250000000E+00   0.0000000000000000E+00
      28   2.3441952755905511E+01       41   1.5643750000000001E+00   0.0000000000000000E+00
      28   2.3441952755905511E+01       42   1.6033593750000001E+00   0.0000000000000000E+00
      28   2.3441952755905511E+01       43   1.6423437500000000E+00   0.0000000000000000E+00
      28   2.3441952755905511E+01       44   1.6813281250000001E+00   0.0000000000000000E+00
      28   2.3441952755905511E+01       45   1.7203125000000001E+00   0.0000000000000000E+00
      28   2.3441952755905511E+01       46   1.7592968750000000E+00   0.0000000000000000E+00
      28   2.3441952755905511E+01       47   1.7982812500000001E+00   0.0000000000000000E+00
      28   2.3441952755905511E+01       48   1.8372656250000001E+00   0.0000000000000000E+00
      28   2.3441952755905511E+01       49   1.8762500000000000E+00   0.0000000000000000E+00
      28   2.3441952755905511E+01       50   1.9152343750000000E+00   0.0000000000000000E+00
      28   2.3441952755905511E+01       51   1.9542187500000001E+00   0.0000000000000000E+00
      28   2.3441952755905511E+01       52   1.9932031250000002E+00   0.0000000000000000E+00
      28   2.3441952755905511E+01       53   2.0321875000000000E+00   0.0000000000000000E+00
      28   2.3441952755905511E+01       54   2.0711718750000001E+00   0.0000000000000000E+00
      28   2.3441952755905511E+01       55   2.1101562500000002E+00   0.0000000000000000E+00
      28   2.3441952755905511E+01       56   2.1491406250000002E+00   0.0000000000000000E+00
      28   2.3441952755905511E+01       57   2.1881249999999999E+00   0.0000000000000000E+00
      28   2.3441952755905511E+01       58   2.2271093749999999E+00   0.0000000000000000E+00
      28   2.3441952755905511E+01       59   2.2660937500000000E+00   0.0000000000000000E+00
      28   2.3441952755905511E+01       60   2.3050781250000001E+00   0.0000000000000000E+00
      28   2.3441952755905511E+01       61   2.3440625000000002E+00   0.0000000000000000E+00
      28   2.3441952755905511E+01       62   2.3830468750000002E+00   0.0000000000000000E+00
      28   2.3441952755905511E+01       63   2.4220312500000003E+00   0.0000000000000000E+00
      28   2.3441952755905511E+01       64   2.4610156249999999E+00   0.0000000000000000E+00
 
      29   2.4310173228346454E+01        1   5.0000000000000001E-03   0.0000000000000000E+00
      29   2.4310173228346454E+01        2   4.3984374999999999E-02   0.0000000000000000E+00
      29   2.4310173228346454E+01        3   8.2968750000000008E-02   0.0000000000000000E+00
      29   2.4310173228346454E+01        4   1.2195312500000001E-01   0.0000000000000000E+00
      29   2.4310173228346454E+01        5   1.6093750000000001E-01   0.0000000000000000E+00
      29   2.4310173228346454E+01        6   1.9992187500000000E-01   0.0000000000000000E+00
      29   2.4310173228346454E+01        7   2.3890625000000001E-01   0.0000000000000000E+00
      29   2.4310173228346454E+01        8   2.7789062500000000E-01   0.0000000000000000E+00
      29   2.4310173228346454E+01        9   3.1687500000000002E-01   0.0000000000000000E+00
      29   2.4310173228346454E+01       10   3.5585937500000003E-01   0.0000000000000000E+00
      29   2.4310173228346454E+01       11   3.9484374999999999E-01   0.0000000000000000E+00
      29   2.4310173228346454E+01       12   4.3382812500000001E-01   0.0000000000000000E+00
      29   2.4310173228346454E+01       13   4.7281250000000002E-01   0.0000000000000000E+00
      29   2.4310173228346454E+01       14   5.1179687500000004E-01   0.0000000000000000E+00
      29   2.4310173228346454E+01       15   5.5078125000000000E-01   0.0000000000000000E+00
      29   2.4310173228346454E+01       16   5.8976562500000007E-01   0.0000000000000000E+00
      29   2.4310173228346454E+01       17   6.2875000000000003E-01   0.0000000000000000E+00
      29   2.4310173228346454E+01       18   6.6773437499999999E-01   0.0000000000000000E+00
      29   2.4310173228346454E+01       19   7.0671875000000006E-01   0.0000000000000000E+00
      29   2.4310173228346454E+01       20   7.4570312500000002E-01   0.0000000000000000E+00
      29   2.4310173228346454E+01       21   7.8468749999999998E-01   0.0000000000000000E+00
      29   2.4310173228346454E+01       22   8.2367187500000005E-01   0.0000000000000000E+00
      29   2.4310173228346454E+01       23   8.6265625000000001E-01   0.0000000000000000E+00
      29   2.4310173228346454E+01       24   9.0164062500000008E-01   0.0000000000000000E+00
      29   2.4310173228346454E+01       25   9.4062500000000004E-01   0.0000000000000000E+00
      29   2.4310173228346454E+01       26   9.7960937500000000E-01   0.0000000000000000E+00
      29   2.4310173228346454E+01       27   1.0185937500000000E+00   0.0000000000000000E+00
      29   2.4310173228346454E+01       28   1.0575781250000000E+00   0.0000000000000000E+00
      29   2.4310173228346454E+01       29   1.0965625000000001E+00   0.0000000000000000E+00
      29   2.4310173228346454E+01       30   1.1355468750000000E+00   0.0000000000000000E+00
      29   2.4310173228346454E+01       31   1.1745312500000000E+00   0.0000000000000000E+00
      29   2.4310173228346454E+01       32   1.2135156250000001E+00   0.0000000000000000E+00
      29   2.4310173228346454E+01       33   1.2524999999999999E+00   0.0000000000000000E+00
      29   2.4310173228346454E+01       34   1.2914843750000000E+00   0.0000000000000000E+00
      29   2.4310173228346454E+01       35   1.3304687500000001E+00   0.0000000000000000E+00
      29   2.4310173228346454E+01       36   1.3694531250000002E+00   0.0000000000000000E+00
      29   2.4310173228346454E+01       37   1.4084375000000000E+00   0.0000000000000000E+00
      29   2.4310173228346454E+01       38   1.4474218750000001E+00   0.0000000000000000E+00
      29   2.4310173228346454E+01       39   1.4864062500000002E+00   0.0000000000000000E+00
      29   2.4310173228346454E+01       40   1.5253906250000000E+00   0.0000000000000000E+00
      29   2.4310173228346454E+01       41   1.5643750000000001E+00   0.0000000000000000E+00
      29   2.4310173228346454E+01       42   1.6033593750000001E+00   0.0000000000000000E+00
      29   2.4310173228346454E+01       43   1.6423437500000000E+00   0.0000000000000000E+00
      29   2.4310173228346454E+01       44   1.6813281250000001E+00   0.0000000000000000E+00
      29   2.4310173228346454E+01       45   1.7203125000000001E+00   0.0000000000000000E+00
      29   2.4310173228346454E+01       46   1.7592968750000000E+00   0.0000000000000000E+00
      29   2.4310173228346454E+01       47   1.7982812500000001E+00   0.0000000000000000E+00
      29   2.4310173228346454E+01       48   1.8372656250000001E+00   0.0000000000000000E+00
      29   2.4310173228346454E+01       49   1.8762500000000000E+00   0.0000000000000000E+00
      29   2.4310173228346454E+01       50   1.9152343750000000E+00   0.0000000000000000E+00
      29   2.4310173228346454E+01       51   1.9542187500000001E+00   0.0000000000000000E+00
      29   2.4310173228346454E+01       52   1.9932031250000002E+00   0.0000000000000000E+00
      29   2.4310173228346454E+01       53   2.0321875000000000E+00   0.0000000000000000E+00
      29   2.4310173228346454E+01       54   2.0711718750000001E+00   0.0000000000000000E+00
      29   2.4310173228346454E+01       55   2.1101562500000002E+00   0.0000000000000000E+00
      29   2.4310173228346454E+01       56   2.1491406250000002E+00   0.0000000000000000E+00
      29   2.4310173228346454E+01       57   2.1881249999999999E+00   0.0000000000000000E+00
      29   2.4310173228346454E+01       58   2.2271093749999999E+00   0.0000000000000000E+00
      29   2.4310173228346454E+01       59   2.2660937500000000E+00   0.0000000000000000E+00
      29   2.4310173228346454E+01       60   2.3050781250000001E+00   0.0000000000000000E+00
      29   2.4310173228346454E+01       61   2.3440625000000002E+00   0.0000000000000000E+00
      29   2.4310173228346454E+01       62   2.3830468750000002E+00   0.0000000000000000E+00
      29   2.4310173228346454E+01       63   2.4220312500000003E+00   0.0000000000000000E+00
      29   2.4310173228346454E+01       64   2.4610156249999999E+00   0.0000000000000000E+00
 
      30   2.5178393700787399E+01        1   5.0000000000000001E-03   0.0000000000000000E+00
      30   2.5178393700787399E+01        2   4.3984374999999999E-02   0.0000000000000000E+00
      30   2.5178393700787399E+01        3   8.2968750000000008E-02   0.0000000000000000E+00
      30   2.5178393700787399E+01        4   1.2195312500000001E-01   0.0000000000000000E+00
      30   2.5178393700787399E+01        5   1.6093750000000001E-01   0.0000000000000000E+00
      30   2.5178393700787399E+01        6   1.9992187500000000E-01   0.0000000000000000E+00
      30   2.5178393700787399E+01        7   2.3890625000000001E-01   0.0000000000000000E+00
      30   2.5178393700787399E+01        8   2.7789062500000000E-01   0.0000000000000000E+00
      30   2.5178393700787399E+01        9   3.1687500000000002E-01   0.0000000000000000E+00
      30   2.5178393700787399E+01       10   3.5585937500000003E-01   0.0000000000000000E+00
      30   2.5178393700787399E+01       11   3.9484374999999999E-01   0.0000000000000000E+00
      30   2.5178393700787399E+01       12   4.3382812500000001E-01   0.0000000000000000E+00
      30   2.5178393700787399E+01       13   4.7281250000000002E-01   0.0000000000000000E+00
      30   2.5178393700787399E+01       14   5.1179687500000004E-01   0.0000000000000000E+00
      30   2.5178393700787399E+01       15   5.5078125000000000E-01   0.0000000000000000E+00
      30   2.5178393700787399E+01       16   5.8976562500000007E-01   0.0000000000000000E+00
      30   2.5178393700787399E+01       17   6.2875000000000003E-01   0.0000000000000000E+00
      30   2.5178393700787399E+01       18   6.6773437499999999E-01   0.0000000000000000E+00
      30   2.5178393700787399E+01       19   7.0671875000000006E-01   0.0000000000000000E+00
      30   2.5178393700787399E+01       20   7.4570312500000002E-01   0.0000000000000000E+00
      30   2.5178393700787399E+01       21   7.8468749999999998E-01   0.0000000000000000E+00
      30   2.5178393700787399E+01       22   8.2367187500000005E-01   0.0000000000000000E+00
      30   2.5178393700787399E+01       23   8.6265625000000001E-01   0.0000000000000000E+00
      30   2.5178393700787399E+01       24   9.0164062500000008E-01   0.0000000000000000E+00
      30   2.5178393700787399E+01       25   9.4062500000000004E-01   0.0000000000000000E+00
      30   2.5178393700787399E+01       26   9.7960937500000000E-01   0.0000000000000000E+00
      30   2.5178393700787399E+01       27   1.0185937500000000E+00   0.0000000000000000E+00
      30   2.5178393700787399E+01       28   1.0575781250000000E+00   0.0000000000000000E+00
      30   2.5178393700787399E+01       29   1.0965625000000001E+00   0.0000000000000000E+00
      30   2.5178393700787399E+01       30   1.1355468750000000E+00   0.0000000000000000E+00
      30   2.5178393700787399E+01       31   1.1745312500000000E+00   0.0000000000000000E+00
      30   2.5178393700787399E+01       32   1.2135156250000001E+00   0.0000000000000000E+00
      30   2.5178393700787399E+01       33   1.2524999999999999E+00   0.0000000000000000E+00
      30   2.5178393700787399E+01       34   1.2914843750000000E+00   0.0000000000000000E+00
      30   2.5178393700787399E+01       35   1.3304687500000001E+00   0.0000000000000000E+00
      30   2.5178393700787399E+01       36   1.3694531250000002E+00   0.0000000000000000E+00
      30   2.5178393700787399E+01       37   1.4084375000000000E+00   0.0000000000000000E+00
      30   2.5178393700787399E+01       38   1.4474218750000001E+00   0.0000000000000000E+00
      30   2.5178393700787399E+01       39   1.4864062500000002E+00   0.0000000000000000E+00
      30   2.5178393700787399E+01       40   1.5253906250000000E+00   0.0000000000000000E+00
      30   2.5178393700787399E+01       41   1.5643750000000001E+00   0.0000000000000000E+00
      30   2.5178393700787399E+01       42   1.6033593750000001E+00   0.0000000000000000E+00
      30   2.5178393700787399E+01       43   1.6423437500000000E+00   0.0000000000000000E+00
      30   2.5178393700787399E+01       44   1.6813281250000001E+00   0.0000000000000000E+00
      30   2.5178393700787399E+01       45   1.7203125000000001E+00   0.0000000000000000E+00
      30   2.5178393700787399E+01       46   1.7592968750000000E+00   0.0000000000000000E+00
      30   2.5178393700787399E+01       47   1.7982812500000001E+00   0.0000000000000000E+00
      30   2.5178393700787399E+01       48   1.8372656250000001E+00   0.0000000000000000E+00
      30   2.5178393700787399E+01       49   1.8762500000000000E+00   0.0000000000000000E+00
      30   2.5178393700787399E+01       50   1.9152343750000000E+00   0.0000000000000000E+00
      30   2.5178393700787399E+01       51   1.9542187500000001E+00   0.0000000000000000E+00
      30   2.5178393700787399E+01       52   1.9932031250000002E+00   0.0000000000000000E+00
      30   2.5178393700787399E+01       53   2.0321875000000000E+00   0.0000000000000000E+00
      30   2.5178393700787399E+01       54   2.0711718750000001E+00   0.0000000000000000E+00
      30   2.5178393700787399E+01       55   2.1101562500000002E+00   0.0000000000000000E+00
      30   2.5178393700787399E+01       56   2.1491406250000002E+00   0.0000000000000000E+00
      30   2.5178393700787399E+01       57   2.1881249999999999E+00   0.0000000000000000E+00
      30   2.5178393700787399E+01       58   2.2271093749999999E+00   0.0000000000000000E+00
      30   2.5178393700787399E+01       59   2.2660937500000000E+00   0.0000000000000000E+00
      30   2.5178393700787399E+01       60   2.3050781250000001E+00   0.0000000000000000E+00
      30   2.5178393700787399E+01       61   2.3440625000000002E+00   0.0000000000000000E+00
      30   2.5178393700787399E+01       62   2.3830468750000002E+00   0.0000000000000000E+00
      30   2.5178393700787399E+01       63   2.4220312500000003E+00   0.0000000000000000E+00
      30   2.5178393700787399E+01       64   2.4610156249999999E+00   0.0000000000000000E+00
 
      31   2.6046614173228345E+01        1   5.0000000000000001E-03   0.0000000000000000E+00
      31   2.6046614173228345E+01        2   4.3984374999999999E-02   0.0000000000000000E+00
      31   2.6046614173228345E+01        3   8.2968750000000008E-02   0.0000000000000000E+00
      31   2.6046614173228345E+01        4   1.2195312500000001E-01   0.0000000000000000E+00
      31   2.6046614173228345E+01        5   1.6093750000000001E-01   0.0000000000000000E+00
      31   2.6046614173228345E+01        6   1.9992187500000000E-01   0.0000000000000000E+00
      31   2.6046614173228345E+01        7   2.3890625000000001E-01   0.0000000000000000E+00
      31   2.6046614173228345E+01        8   2.7789062500000000E-01   0.0000000000000000E+00
      31   2.6046614173228345E+01        9   3.1687500000000002E-01   0.0000000000000000E+00
      31   2.6046614173228345E+01       10   3.5585937500000003E-01   0.0000000000000000E+00
      31   2.6046614173228345E+01       11   3.9484374999999999E-01   0.0000000000000000E+00
      31   2.6046614173228345E+01       12   4.3382812500000001E-01   0.0000000000000000E+00
      31   2.6046614173228345E+01       13   4.7281250000000002E-01   0.0000000000000000E+00
      31   2.6046614173228345E+01       14   5.1179687500000004E-01   0.0000000000000000E+00
      31   2.6046614173228345E+01       15   5.5078125000000000E-01   0.0000000000000000E+00
      31   2.6046614173228345E+01       16   5.8976562500000007E-01   0.0000000000000000E+00
      31   2.6046614173228345E+01       17   6.2875000000000003E-01   0.0000000000000000E+00
      31   2.6046614173228345E+01       18   6.6773437499999999E-01   0.0000000000000000E+00
      31   2.6046614173228345E+01       19   7.0671875000000006E-01   0.0000000000000000E+00
      31   2.6046614173228345E+01       20   7.4570312500000002E-01   0.0000000000000000E+00
      31   2.6046614173228345E+01       21   7.8468749999999998E-01   0.0000000000000000E+00
      31   2.6046614173228345E+01       22   8.2367187500000005E-01   0.0000000000000000E+00
      31   2.6046614173228345E+01       23   8.6265625000000001E-01   0.0000000000000000E+00
      31   2.6046614173228345E+01       24   9.0164062500000008E-01   0.0000000000000000E+00
      31   2.6046614173228345E+01       25   9.4062500000000004E-01   0.0000000000000000E+00
      31   2.6046614173228345E+01       26   9.7960937500000000E-01   0.0000000000000000E+00
      31   2.6046614173228345E+01       27   1.0185937500000000E+00   0.0000000000000000E+00
      31   2.6046614173228345E+01       28   1.0575781250000000E+00   0.0000000000000000E+00
      31   2.6046614173228345E+01       29   1.0965625000000001E+00   0.0000000000000000E+00
      31   2.6046614173228345E+01       30   1.1355468750000000E+00   0.0000000000000000E+00
      31   2.6046614173228345E+01       31   1.1745312500000000E+00   0.0000000000000000E+00
      31   2.6046614173228345E+01       32   1.2135156250000001E+00   0.0000000000000000E+00
      31   2.6046614173228345E+01       33   1.2524999999999999E+00   0.0000000000000000E+00
      31   2.6046614173228345E+01       34   1.2914843750000000E+00   0.0000000000000000E+00
      31   2.6046614173228345E+01       35   1.3304687500000001E+00   0.0000000000000000E+00
      31   2.6046614173228345E+01       36   1.3694531250000002E+00   0.0000000000000000E+00
      31   2.6046614173228345E+01       37   1.4084375000000000E+00   0.0000000000000000E+00
      31   2.6046614173228345E+01       38   1.4474218750000001E+00   0.0000000000000000E+00
      31   2.6046614173228345E+01       39   1.4864062500000002E+00   0.0000000000000000E+00
      31   2.6046614173228345E+01       40   1.5253906250000000E+00   0.0000000000000000E+00
      31   2.6046614173228345E+01       41   1.5643750000000001E+00   0.0000000000000000E+00
      31   2.6046614173228345E+01       42   1.6033593750000001E+00   0.0000000000000000E+00
      31   2.6046614173228345E+01       43   1.6423437500000000E+00   0.0000000000000000E+00
      31   2.6046614173228345E+01       44   1.6813281250000001E+00   0.0000000000000000E+00
      31   2.6046614173228345E+01       45   1.7203125000000001E+00   0.0000000000000000E+00
      31   2.6046614173228345E+01       46   1.7592968750000000E+00   0.0000000000000000E+00
      31   2.6046614173228345E+01       47   1.7982812500000001E+00   0.0000000000000000E+00
      31   2.6046614173228345E+01       48   1.8372656250000001E+00   0.0000000000000000E+00
      31   2.6046614173228345E+01       49   1.8762500000000000E+00   0.0000000000000000E+00
      31   2.6046614173228345E+01       50   1.9152343750000000E+00   0.0000000000000000E+00
      31   2.6046614173228345E+01       51   1.9542187500000001E+00   0.0000000000000000E+00
      31   2.6046614173228345E+01       52   1.9932031250000002E+00   0.0000000000000000E+00
      31   2.6046614173228345E+01       53   2.0321875000000000E+00   0.0000000000000000E+00
      31   2.6046614173228345E+01       54   2.0711718750000001E+00   0.0000000000000000E+00
      31   2.6046614173228345E+01       55   2.1101562500000002E+00   0.0000000000000000E+00
      31   2.6046614173228345E+01       56   2.1491406250000002E+00   0.0000000000000000E+00
      31   2.6046614173228345E+01       57   2.1881249999999999E+00   0.0000000000000000E+00
      31   2.6046614173228345E+01       58   2.2271093749999999E+00   0.0000000000000000E+00
      31   2.6046614173228345E+01       59   2.2660937500000000E+00   0.0000000000000000E+00
      31   2.6046614173228345E+01       60   2.3050781250000001E+00   0.0000000000000000E+00
      31   2.6046614173228345E+01       61   2.3440625000000002E+00   0.0000000000000000E+00
      31   2.6046614173228345E+01       62   2.3830468750000002E+00   0.0000000000000000E+00
      31   2.6046614173228345E+01       63   2.4220312500000003E+00   0.0000000000000000E+00
      31   2.6046614173228345E+01       64   2.4610156249999999E+00   0.0000000000000000E+00
 
      32   2.6914834645669288E+01        1   5.0000000000000001E-03   0.0000000000000000E+00
      32   2.6914834645669288E+01        2   4.3984374999999999E-02   0.0000000000000000E+00
      32   2.6914834645669288E+01        3   8.2968750000000008E-02   0.0000000000000000E+00
      32   2.6914834645669288E+01        4   1.2195312500000001E-01   0.0000000000000000E+00
      32   2.6914834645669288E+01        5   1.6093750000000001E-01   0.0000000000000000E+00
      32   2.6914834645669288E+01        6   1.9992187500000000E-01   0.0000000000000000E+00
      32   2.6914834645669288E+01        7   2.3890625000000001E-01   0.0000000000000000E+00
      32   2.6914834645669288E+01        8   2.7789062500000000E-01   0.0000000000000000E+00
      32   2.6914834645669288E+01        9   3.1687500000000002E-01   0.0000000000000000E+00
      32   2.6914834645669288E+01       10   3.5585937500000003E-01   0.0000000000000000E+00
      32   2.6914834645669288E+01       11   3.9484374999999999E-01   0.0000000000000000E+00
      32   2.6914834645669288E+01       12   4.3382812500000001E-01   0.0000000000000000E+00
      32   2.6914834645669288E+01       13   4.7281250000000002E-01   0.0000000000000000E+00
      32   2.6914834645669288E+01       14   5.1179687500000004E-01   0.0000000000000000E+00
      32   2.6914834645669288E+01       15   5.5078125000000000E-01   0.0000000000000000E+00
      32   2.6914834645669288E+01       16   5.8976562500000007E-01   0.0000000000000000E+00
      32   2.6914834645669288E+01       17   6.2875000000000003E-01   0.0000000000000000E+00
      32   2.6914834645669288E+01       18   6.6773437499999999E-01   0.0000000000000000E+00
      32   2.6914834645669288E+01       19   7.0671875000000006E-01   0.0000000000000000E+00
      32   2.6914834645669288E+01       20   7.4570312500000002E-01   0.0000000000000000E+00
      32   2.6914834645669288E+01       21   7.8468749999999998E-01   0.0000000000000000E+00
      32   2.6914834645669288E+01       22   8.2367187500000005E-01   0.0000000000000000E+00
      32   2.6914834645669288E+01       23   8.6265625000000001E-01   0.0000000000000000E+00
      32   2.6914834645669288E+01       24   9.0164062500000008E-01   0.0000000000000000E+00
      32   2.6914834645669288E+01       25   9.4062500000000004E-01   0.0000000000000000E+00
      32   2.6914834645669288E+01       26   9.7960937500000000E-01   0.0000000000000000E+00
      32   2.6914834645669288E+01       27   1.0185937500000000E+00   0.0000000000000000E+00
      32   2.6914834645669288E+01       28   1.0575781250000000E+00   0.0000000000000000E+00
      32   2.6914834645669288E+01       29   1.0965625000000001E+00   0.0000000000000000E+00
      32   2.6914834645669288E+01       30   1.1355468750000000E+00   0.0000000000000000E+00
      32   2.6914834645669288E+01       31   1.1745312500000000E+00   0.0000000000000000E+00
      32   2.6914834645669288E+01       32   1.2135156250000001E+00   0.0000000000000000E+00
      32   2.6914834645669288E+01       33   1.2524999999999999E+00   0.0000000000000000E+00
      32   2.6914834645669288E+01       34   1.2914843750000000E+00   0.0000000000000000E+00
      32   2.6914834645669288E+01       35   1.3304687500000001E+00   0.0000000000000000E+00
      32   2.6914834645669288E+01       36   1.3694531250000002E+00   0.0000000000000000E+00
      32   2.6914834645669288E+01       37   1.4084375000000000E+00   0.0000000000000000E+00
      32   2.6914834645669288E+01       38   1.4474218750000001E+00   0.0000000000000000E+00
      32   2.6914834645669288E+01       39   1.4864062500000002E+00   0.0000000000000000E+00
      32   2.6914834645669288E+01       40   1.5253906250000000E+00   0.0000000000000000E+00
      32   2.6914834645669288E+01       41   1.5643750000000001E+00   0.0000000000000000E+00
      32   2.6914834645669288E+01       42   1.6033593750000001E+00   0.0000000000000000E+00
      32   2.6914834645669288E+01       43   1.6423437500000000E+00   0.0000000000000000E+00
      32   2.6914834645669288E+01       44   1.6813281250000001E+00   0.0000000000000000E+00
      32   2.6914834645669288E+01       45   1.7203125000000001E+00   0.0000000000000000E+00
      32   2.6914834645669288E+01       46   1.7592968750000000E+00   0.0000000000000000E+00
      32   2.6914834645669288E+01       47   1.7982812500000001E+00   0.0000000000000000E+00
      32   2.6914834645669288E+01       48   1.8372656250000001E+00   0.0000000000000000E+00
      32   2.6914834645669288E+01       49   1.8762500000000000E+00   0.0000000000000000E+00
      32   2.6914834645669288E+01       50   1.9152343750000000E+00   0.0000000000000000E+00
      32   2.6914834645669288E+01       51   1.9542187500000001E+00   0.0000000000000000E+00
      32   2.6914834645669288E+01       52   1.9932031250000002E+00   0.0000000000000000E+00
      32   2.6914834645669288E+01       53   2.0321875000000000E+00   0.0000000000000000E+00
      32   2.6914834645669288E+01       54   2.0711718750000001E+00   0.0000000000000000E+00
      32   2.6914834645669288E+01       55   2.1101562500000002E+00   0.0000000000000000E+00
      32   2.6914834645669288E+01       56   2.1491406250000002E+00   0.0000000000000000E+00
      32   2.6914834645669288E+01       57   2.1881249999999999E+00   0.0000000000000000E+00
      32   2.6914834645669288E+01       58   2.2271093749999999E+00   0.0000000000000000E+00
      32   2.6914834645669288E+01       59   2.2660937500000000E+00   0.0000000000000000E+00
      32   2.6914834645669288E+01       60   2.3050781250000001E+00   0.0000000000000000E+00
      32   2.6914834645669288E+01       61   2.3440625000000002E+00   0.0000000000000000E+00
      32   2.6914834645669288E+01       62   2.3830468750000002E+00   0.0000000000000000E+00
      32   2.6914834645669288E+01       63   2.4220312500000003E+00   0.0000000000000000E+00
      32   2.6914834645669288E+01       64   2.4610156249999999E+00   0.0000000000000000E+00
 
      33   2.7783055118110234E+01        1   5.0000000000000001E-03   0.0000000000000000E+00
      33   2.7783055118110234E+01        2   4.3984374999999999E-02   0.0000000000000000E+00
      33   2.7783055118110234E+01        3   8.2968750000000008E-02   0.0000000000000000E+00
      33   2.7783055118110234E+01        4   1.2195312500000001E-01   0.0000000000000000E+00
      33   2.7783055118110234E+01        5   1.6093750000000001E-01   0.0000000000000000E+00
      33   2.7783055118110234E+01        6   1.9992187500000000E-01   0.0000000000000000E+00
      33   2.7783055118110234E+01        7   2.3890625000000001E-01   0.0000000000000000E+00
      33   2.7783055118110234E+01        8   2.7789062500000000E-01   0.0000000000000000E+00
      33   2.7783055118110234E+01        9   3.1687500000000002E-01   0.0000000000000000E+00
      33   2.7783055118110234E+01       10   3.5585937500000003E-01   0.0000000000000000E+00
      33   2.7783055118110234E+01       11   3.9484374999999999E-01   0.0000000000000000E+00
      33   2.7783055118110234E+01       12   4.3382812500000001E-01   0.0000000000000000E+00
      33   2.7783055118110234E+01       13   4.7281250000000002E-01   0.0000000000000000E+00
      33   2.7783055118110234E+01       14   5.1179687500000004E-01   0.0000000000000000E+00
      33   2.7783055118110234E+01       15   5.5078125000000000E-01   0.0000000000000000E+00
      33   2.7783055118110234E+01       16   5.8976562500000007E-01   0.0000000000000000E+00
      33   2.7783055118110234E+01       17   6.2875000000000003E-01   0.0000000000000000E+00
      33   2.7783055118110234E+01       18   6.6773437499999999E-01   0.0000000000000000E+00
      33   2.7783055118110234E+01       19   7.0671875000000006E-01   0.0000000000000000E+00
      33   2.7783055118110234E+01       20   7.4570312500000002E-01   0.0000000000000000E+00
      33   2.7783055118110234E+01       21   7.8468749999999998E-01   0.0000000000000000E+00
      33   2.7783055118110234E+01       22   8.2367187500000005E-01   0.0000000000000000E+00
      33   2.7783055118110234E+01       23   8.6265625000000001E-01   0.0000000000000000E+00
      33   2.7783055118110234E+01       24   9.0164062500000008E-01   0.0000000000000000E+00
      33   2.7783055118110234E+01       25   9.4062500000000004E-01   0.0000000000000000E+00
      33   2.7783055118110234E+01       26   9.7960937500000000E-01   0.0000000000000000E+00
      33   2.7783055118110234E+01       27   1.0185937500000000E+00   0.0000000000000000E+00
      33   2.7783055118110234E+01       28   1.0575781250000000E+00   0.0000000000000000E+00
      33   2.7783055118110234E+01       29   1.0965625000000001E+00   0.0000000000000000E+00
      33   2.7783055118110234E+01       30   1.1355468750000000E+00   0.0000000000000000E+00
      33   2.7783055118110234E+01       31   1.1745312500000000E+00   0.0000000000000000E+00
      33   2.7783055118110234E+01       32   1.2135156250000001E+00   0.0000000000000000E+00
      33   2.7783055118110234E+01       33   1.2524999999999999E+00   0.0000000000000000E+00
      33   2.7783055118110234E+01       34   1.2914843750000000E+00   0.0000000000000000E+00
      33   2.7783055118110234E+01       35   1.3304687500000001E+00   0.0000000000000000E+00
      33   2.7783055118110234E+01       36   1.3694531250000002E+00   0.0000000000000000E+00
      33   2.7783055118110234E+01       37   1.4084375000000000E+00   0.0000000000000000E+00
      33   2.7783055118110234E+01       38   1.4474218750000001E+00   0.0000000000000000E+00
      33   2.7783055118110234E+01       39   1.4864062500000002E+00   0.0000000000000000E+00
      33   2.7783055118110234E+01       40   1.5253906250000000E+00   0.0000000000000000E+00
      33   2.7783055118110234E+01       41   1.5643750000000001E+00   0.0000000000000000E+00
      33   2.7783055118110234E+01       42   1.6033593750000001E+00   0.0000000000000000E+00
      33   2.7783055118110234E+01       43   1.6423437500000000E+00   0.0000000000000000E+00
      33   2.7783055118110234E+01       44   1.6813281250000001E+00   0.0000000000000000E+00
      33   2.7783055118110234E+01       45   1.7203125000000001E+00   0.0000000000000000E+00
      33   2.7783055118110234E+01       46   1.7592968750000000E+00   0.0000000000000000E+00
      33   2.7783055118110234E+01       47   1.7982812500000001E+00   0.0000000000000000E+00
      33   2.7783055118110234E+01       48   1.8372656250000001E+00   0.0000000000000000E+00
      33   2.7783055118110234E+01       49   1.8762500000000000E+00   0.0000000000000000E+00
      33   2.7783055118110234E+01       50   1.9152343750000000E+00   0.0000000000000000E+00
      33   2.7783055118110234E+01       51   1.9542187500000001E+00   0.0000000000000000E+00
      33   2.7783055118110234E+01       52   1.9932031250000002E+00   0.0000000000000000E+00
      33   2.7783055118110234E+01       53   2.0321875000000000E+00   0.0000000000000000E+00
      33   2.7783055118110234E+01       54   2.0711718750000001E+00   0.0000000000000000E+00
      33   2.7783055118110234E+01       55   2.1101562500000002E+00   0.0000000000000000E+00
      33   2.7783055118110234E+01       56   2.1491406250000002E+00   0.0000000000000000E+00
      33   2.7783055118110234E+01       57   2.1881249999999999E+00   0.0000000000000000E+00
      33   2.7783055118110234E+01       58   2.2271093749999999E+00   0.0000000000000000E+00
      33   2.7783055118110234E+01       59   2.2660937500000000E+00   0.0000000000000000E+00
      33   2.7783055118110234E+01       60   2.3050781250000001E+00   0.0000000000000000E+00
      33   2.7783055118110234E+01       61   2.3440625000000002E+00   0.0000000000000000E+00
      33   2.7783055118110234E+01       62   2.3830468750000002E+00   0.0000000000000000E+00
      33   2.7783055118110234E+01       63   2.4220312500000003E+00   0.0000000000000000E+00
      33   2.7783055118110234E+01       64   2.4610156249999999E+00   0.0000000000000000E+00
 
      34   2.8651275590551180E+01        1   5.0000000000000001E-03   0.0000000000000000E+00
      34   2.8651275590551180E+01        2   4.3984374999999999E-02   0.0000000000000000E+00
      34   2.8651275590551180E+01        3   8.2968750000000008E-02   0.0000000000000000E+00
      34   2.8651275590551180E+01        4   1.2195312500000001E-01   0.0000000000000000E+00
      34   2.8651275590551180E+01        5   1.6093750000000001E-01   0.0000000000000000E+00
      34   2.8651275590551180E+01        6   1.9992187500000000E-01   0.0000000000000000E+00
      34   2.8651275590551180E+01        7   2.3890625000000001E-01   0.0000000000000000E+00
      34   2.8651275590551180E+01        8   2.7789062500000000E-01   0.0000000000000000E+00
      34   2.8651275590551180E+01        9   3.1687500000000002E-01   0.0000000000000000E+00
      34   2.8651275590551180E+01       10   3.5585937500000003E-01   0.0000000000000000E+00
      34   2.8651275590551180E+01       11   3.9484374999999999E-01   0.0000000000000000E+00
      34   2.8651275590551180E+01       12   4.3382812500000001E-01   0.0000000000000000E+00
      34   2.8651275590551180E+01       13   4.7281250000000002E-01   0.0000000000000000E+00
      34   2.8651275590551180E+01       14   5.1179687500000004E-01   0.0000000000000000E+00
      34   2.8651275590551180E+01       15   5.5078125000000000E-01   0.0000000000000000E+00
      34   2.8651275590551180E+01       16   5.8976562500000007E-01   0.0000000000000000E+00
      34   2.8651275590551180E+01       17   6.2875000000000003E-01   0.0000000000000000E+00
      34   2.8651275590551180E+01       18   6.6773437499999999E-01   0.0000000000000000E+00
      34   2.8651275590551180E+01       19   7.0671875000000006E-01   0.0000000000000000E+00
      34   2.8651275590551180E+01       20   7.4570312500000002E-01   0.0000000000000000E+00
      34   2.8651275590551180E+01       21   7.8468749999999998E-01   0.0000000000000000E+00
      34   2.8651275590551180E+01       22   8.2367187500000005E-01   0.0000000000000000E+00
      34   2.8651275590551180E+01       23   8.6265625000000001E-01   0.0000000000000000E+00
      34   2.8651275590551180E+01       24   9.0164062500000008E-01   0.0000000000000000E+00
      34   2.8651275590551180E+01       25   9.4062500000000004E-01   0.0000000000000000E+00
      34   2.8651275590551180E+01       26   9.7960937500000000E-01   0.0000000000000000E+00
      34   2.8651275590551180E+01       27   1.0185937500000000E+00   0.0000000000000000E+00
      34   2.8651275590551180E+01       28   1.0575781250000000E+00   0.0000000000000000E+00
      34   2.8651275590551180E+01       29   1.0965625000000001E+00   0.0000000000000000E+00
      34   2.8651275590551180E+01       30   1.1355468750000000E+00   0.0000000000000000E+00
      34   2.8651275590551180E+01       31   1.1745312500000000E+00   0.0000000000000000E+00
      34   2.8651275590551180E+01       32   1.2135156250000001E+00   0.0000000000000000E+00
      34   2.8651275590551180E+01       33   1.2524999999999999E+00   0.0000000000000000E+00
      34   2.8651275590551180E+01       34   1.2914843750000000E+00   0.0000000000000000E+00
      34   2.8651275590551180E+01       35   1.3304687500000001E+00   0.0000000000000000E+00
      34   2.8651275590551180E+01       36   1.3694531250000002E+00   0.0000000000000000E+00
      34   2.8651275590551180E+01       37   1.4084375000000000E+00   0.0000000000000000E+00
      34   2.8651275590551180E+01       38   1.4474218750000001E+00   0.0000000000000000E+00
      34   2.8651275590551180E+01       39   1.4864062500000002E+00   0.0000000000000000E+00
      34   2.8651275590551180E+01       40   1.5253906250000000E+00   0.0000000000000000E+00
      34   2.8651275590551180E+01       41   1.5643750000000001E+00   0.0000000000000000E+00
      34   2.8651275590551180E+01       42   1.6033593750000001E+00   0.0000000000000000E+00
      34   2.8651275590551180E+01       43   1.6423437500000000E+00   0.0000000000000000E+00
      34   2.8651275590551180E+01       44   1.6813281250000001E+00   0.0000000000000000E+00
      34   2.8651275590551180E+01       45   1.7203125000000001E+00   0.0000000000000000E+00
      34   2.8651275590551180E+01       46   1.7592968750000000E+00   0.0000000000000000E+00
      34   2.8651275590551180E+01       47   1.7982812500000001E+00   0.0000000000000000E+00
      34   2.8651275590551180E+01       48   1.8372656250000001E+00   0.0000000000000000E+00
      34   2.8651275590551180E+01       49   1.8762500000000000E+00   0.0000000000000000E+00
      34   2.8651275590551180E+01       50   1.9152343750000000E+00   0.0000000000000000E+00
      34   2.8651275590551180E+01       51   1.9542187500000001E+00   0.0000000000000000E+00
      34   2.8651275590551180E+01       52   1.9932031250000002E+00   0.0000000000000000E+00
      34   2.8651275590551180E+01       53   2.0321875000000000E+00   0.0000000000000000E+00
      34   2.8651275590551180E+01       54   2.0711718750000001E+00   0.0000000000000000E+00
      34   2.8651275590551180E+01       55   2.1101562500000002E+00   0.0000000000000000E+00
      34   2.8651275590551180E+01       56   2.1491406250000002E+00   0.0000000000000000E+00
      34   2.8651275590551180E+01       57   2.1881249999999999E+00   0.0000000000000000E+00
      34   2.8651275590551180E+01       58   2.2271093749999999E+00   0.0000000000000000E+00
      34   2.8651275590551180E+01       59   2.2660937500000000E+00   0.0000000000000000E+00
      34   2.8651275590551180E+01       60   2.3050781250000001E+00   0.0000000000000000E+00
      34   2.8651275590551180E+01       61   2.3440625000000002E+00   0.0000000000000000E+00
      34   2.8651275590551180E+01       62   2.3830468750000002E+00   0.0000000000000000E+00
      34   2.8651275590551180E+01       63   2.4220312500000003E+00   0.0000000000000000E+00
      34   2.8651275590551180E+01       64   2.4610156249999999E+00   0.0000000000000000E+00
 
      35   2.9519496062992122E+01        1   5.0000000000000001E-03   0.0000000000000000E+00
      35   2.9519496062992122E+01        2   4.3984374999999999E-02   0.0000000000000000E+00
      35   2.9519496062992122E+01        3   8.2968750000000008E-02   0.0000000000000000E+00
      35   2.9519496062992122E+01        4   1.2195312500000001E-01   0.0000000000000000E+00
      35   2.9519496062992122E+01        5   1.6093750000000001E-01   0.0000000000000000E+00
      35   2.9519496062992122E+01        6   1.9992187500000000E-01   0.0000000000000000E+00
      35   2.9519496062992122E+01        7   2.3890625000000001E-01   0.0000000000000000E+00
      35   2.9519496062992122E+01        8   2.7789062500000000E-01   0.0000000000000000E+00
      35   2.9519496062992122E+01        9   3.1687500000000002E-01   0.0000000000000000E+00
      35   2.9519496062992122E+01       10   3.5585937500000003E-01   0.0000000000000000E+00
      35   2.9519496062992122E+01       11   3.9484374999999999E-01   0.0000000000000000E+00
      35   2.9519496062992122E+01       12   4.3382812500000001E-01   0.0000000000000000E+00
      35   2.9519496062992122E+01       13   4.7281250000000002E-01   0.0000000000000000E+00
      35   2.9519496062992122E+01       14   5.1179687500000004E-01   0.0000000000000000E+00
      35   2.9519496062992122E+01       15   5.5078125000000000E-01   0.0000000000000000E+00
      35   2.9519496062992122E+01       16   5.8976562500000007E-01   0.0000000000000000E+00
      35   2.9519496062992122E+01       17   6.2875000000000003E-01   0.0000000000000000E+00
      35   2.9519496062992122E+01       18   6.6773437499999999E-01   0.0000000000000000E+00
      35   2.9519496062992122E+01       19   7.0671875000000006E-01   0.0000000000000000E+00
      35   2.9519496062992122E+01       20   7.4570312500000002E-01   0.0000000000000000E+00
      35   2.9519496062992122E+01       21   7.8468749999999998E-01   0.0000000000000000E+00
      35   2.9519496062992122E+01       22   8.2367187500000005E-01   0.0000000000000000E+00
      35   2.9519496062992122E+01       23   8.6265625000000001E-01   0.0000000000000000E+00
      35   2.9519496062992122E+01       24   9.0164062500000008E-01   0.0000000000000000E+00
      35   2.9519496062992122E+01       25   9.4062500000000004E-01   0.0000000000000000E+00
      35   2.9519496062992122E+01       26   9.7960937500000000E-01   0.0000000000000000E+00
      35   2.9519496062992122E+01       27   1.0185937500000000E+00   0.0000000000000000E+00
      35   2.9519496062992122E+01       28   1.0575781250000000E+00   0.0000000000000000E+00
      35   2.9519496062992122E+01       29   1.0965625000000001E+00   0.0000000000000000E+00
      35   2.9519496062992122E+01       30   1.1355468750000000E+00   0.0000000000000000E+00
      35   2.9519496062992122E+01       31   1.1745312500000000E+00   0.0000000000000000E+00
      35   2.9519496062992122E+01       32   1.2135156250000001E+00   0.0000000000000000E+00
      35   2.9519496062992122E+01       33   1.2524999999999999E+00   0.0000000000000000E+00
      35   2.9519496062992122E+01       34   1.2914843750000000E+00   0.0000000000000000E+00
      35   2.9519496062992122E+01       35   1.3304687500000001E+00   0.0000000000000000E+00
      35   2.9519496062992122E+01       36   1.3694531250000002E+00   0.0000000000000000E+00
      35   2.9519496062992122E+01       37   1.4084375000000000E+00   0.0000000000000000E+00
      35   2.9519496062992122E+01       38   1.4474218750000001E+00   0.0000000000000000E+00
      35   2.9519496062992122E+01       39   1.4864062500000002E+00   0.0000000000000000E+00
      35   2.9519496062992122E+01       40   1.5253906250000000E+00   0.0000000000000000E+00
      35   2.9519496062992122E+01       41   1.5643750000000001E+00   0.0000000000000000E+00
      35   2.9519496062992122E+01       42   1.6033593750000001E+00   0.0000000000000000E+00
      35   2.9519496062992122E+01       43   1.6423437500000000E+00   0.0000000000000000E+00
      35   2.9519496062992122E+01       44   1.6813281250000001E+00   0.0000000000000000E+00
      35   2.9519496062992122E+01       45   1.7203125000000001E+00   0.0000000000000000E+00
      35   2.9519496062992122E+01       46   1.7592968750000000E+00   0.0000000000000000E+00
      35   2.9519496062992122E+01       47   1.7982812500000001E+00   0.0000000000000000E+00
      35   2.9519496062992122E+01       48   1.8372656250000001E+00   0.0000000000000000E+00
      35   2.9519496062992122E+01       49   1.8762500000000000E+00   0.0000000000000000E+00
      35   2.9519496062992122E+01       50   1.9152343750000000E+00   0.0000000000000000E+00
      35   2.9519496062992122E+01       51   1.9542187500000001E+00   0.0000000000000000E+00
      35   2.9519496062992122E+01       52   1.9932031250000002E+00   0.0000000000000000E+00
      35   2.9519496062992122E+01       53   2.0321875000000000E+00   0.0000000000000000E+00
      35   2.9519496062992122E+01       54   2.0711718750000001E+00   0.0000000000000000E+00
      35   2.9519496062992122E+01       55   2.1101562500000002E+00   0.0000000000000000E+00
      35   2.9519496062992122E+01       56   2.1491406250000002E+00   0.0000000000000000E+00
      35   2.9519496062992122E+01       57   2.1881249999999999E+00   0.0000000000000000E+00
      35   2.9519496062992122E+01       58   2.2271093749999999E+00   0.0000000000000000E+00
      35   2.9519496062992122E+01       59   2.2660937500000000E+00   0.0000000000000000E+00
      35   2.9519496062992122E+01       60   2.3050781250000001E+00   0.0000000000000000E+00
      35   2.9519496062992122E+01       61   2.3440625000000002E+00   0.0000000000000000E+00
      35   2.9519496062992122E+01       62   2.3830468750000002E+00   0.0000000000000000E+00
      35   2.9519496062992122E+01       63   2.4220312500000003E+00   0.0000000000000000E+00
      35   2.9519496062992122E+01       64   2.4610156249999999E+00   0.0000000000000000E+00
 
      36   3.0387716535433068E+01        1   5.0000000000000001E-03   0.0000000000000000E+00
      36   3.0387716535433068E+01        2   4.3984374999999999E-02   0.0000000000000000E+00
      36   3.0387716535433068E+01        3   8.2968750000000008E-02   0.0000000000000000E+00
      36   3.0387716535433068E+01        4   1.2195312500000001E-01   0.0000000000000000E+00
      36   3.0387716535433068E+01        5   1.6093750000000001E-01   0.0000000000000000E+00
      36   3.0387716535433068E+01        6   1.9992187500000000E-01   0.0000000000000000E+00
      36   3.0387716535433068E+01        7   2.3890625000000001E-01   0.0000000000000000E+00
      36   3.0387716535433068E+01        8   2.7789062500000000E-01   0.0000000000000000E+00
      36   3.0387716535433068E+01        9   3.1687500000000002E-01   0.0000000000000000E+00
      36   3.0387716535433068E+01       10   3.5585937500000003E-01   0.0000000000000000E+00
      36   3.0387716535433068E+01       11   3.9484374999999999E-01   0.0000000000000000E+00
      36   3.0387716535433068E+01       12   4.3382812500000001E-01   0.0000000000000000E+00
      36   3.0387716535433068E+01       13   4.7281250000000002E-01   0.0000000000000000E+00
      36   3.0387716535433068E+01       14   5.1179687500000004E-01   0.0000000000000000E+00
      36   3.0387716535433068E+01       15   5.5078125000000000E-01   0.0000000000000000E+00
      36   3.0387716535433068E+01       16   5.8976562500000007E-01   0.0000000000000000E+00
      36   3.0387716535433068E+01       17   6.2875000000000003E-01   0.0000000000000000E+00
      36   3.0387716535433068E+01       18   6.6773437499999999E-01   0.0000000000000000E+00
      36   3.0387716535433068E+01       19   7.0671875000000006E-01   0.0000000000000000E+00
      36   3.0387716535433068E+01       20   7.4570312500000002E-01   0.0000000000000000E+00
      36   3.0387716535433068E+01       21   7.8468749999999998E-01   0.0000000000000000E+00
      36   3.0387716535433068E+01       22   8.2367187500000005E-01   0.0000000000000000E+00
      36   3.0387716535433068E+01       23   8.6265625000000001E-01   0.0000000000000000E+00
      36   3.0387716535433068E+01       24   9.0164062500000008E-01   0.0000000000000000E+00
      36   3.0387716535433068E+01       25   9.4062500000000004E-01   0.0000000000000000E+00
      36   3.0387716535433068E+01       26   9.7960937500000000E-01   0.0000000000000000E+00
      36   3.0387716535433068E+01       27   1.0185937500000000E+00   0.0000000000000000E+00
      36   3.0387716535433068E+01       28   1.0575781250000000E+00   0.0000000000000000E+00
      36   3.0387716535433068E+01       29   1.0965625000000001E+00   0.0000000000000000E+00
      36   3.0387716535433068E+01       30   1.1355468750000000E+00   0.0000000000000000E+00
      36   3.0387716535433068E+01       31   1.1745312500000000E+00   0.0000000000000000E+00
      36   3.0387716535433068E+01       32   1.2135156250000001E+00   0.0000000000000000E+00
      36   3.0387716535433068E+01       33   1.2524999999999999E+00   0.0000000000000000E+00
      36   3.0387716535433068E+01       34   1.2914843750000000E+00   0.0000000000000000E+00
      36   3.0387716535433068E+01       35   1.3304687500000001E+00   0.0000000000000000E+00
      36   3.0387716535433068E+01       36   1.3694531250000002E+00   0.0000000000000000E+00
      36   3.0387716535433068E+01       37   1.4084375000000000E+00   0.0000000000000000E+00
      36   3.0387716535433068E+01       38   1.4474218750000001E+00   0.0000000000000000E+00
      36   3.0387716535433068E+01       39   1.4864062500000002E+00   0.0000000000000000E+00
      36   3.0387716535433068E+01       40   1.5253906250000000E+00   0.0000000000000000E+00
      36   3.0387716535433068E+01       41   1.5643750000000001E+00   0.0000000000000000E+00
      36   3.0387716535433068E+01       42   1.6033593750000001E+00   0.0000000000000000E+00
      36   3.0387716535433068E+01       43   1.6423437500000000E+00   0.0000000000000000E+00
      36   3.0387716535433068E+01       44   1.6813281250000001E+00   0.0000000000000000E+00
      36   3.0387716535433068E+01       45   1.7203125000000001E+00   0.0000000000000000E+00
      36   3.0387716535433068E+01       46   1.7592968750000000E+00   0.0000000000000000E+00
      36   3.0387716535433068E+01       47   1.7982812500000001E+00   0.0000000000000000E+00
      36   3.0387716535433068E+01       48   1.8372656250000001E+00   0.0000000000000000E+00
      36   3.0387716535433068E+01       49   1.8762500000000000E+00   0.0000000000000000E+00
      36   3.0387716535433068E+01       50   1.9152343750000000E+00   0.0000000000000000E+00
      36   3.0387716535433068E+01       51   1.9542187500000001E+00   0.0000000000000000E+00
      36   3.0387716535433068E+01       52   1.9932031250000002E+00   0.0000000000000000E+00
      36   3.0387716535433068E+01       53   2.0321875000000000E+00   0.0000000000000000E+00
      36   3.0387716535433068E+01       54   2.0711718750000001E+00   0.0000000000000000E+00
      36   3.0387716535433068E+01       55   2.1101562500000002E+00   0.0000000000000000E+00
      36   3.0387716535433068E+01       56   2.1491406250000002E+00   0.0000000000000000E+00
      36   3.0387716535433068E+01       57   2.1881249999999999E+00   0.0000000000000000E+00
      36   3.0387716535433068E+01       58   2.2271093749999999E+00   0.0000000000000000E+00
      36   3.0387716535433068E+01       59   2.2660937500000000E+00   0.0000000000000000E+00
      36   3.0387716535433068E+01       60   2.3050781250000001E+00   0.0000000000000000E+00
      36   3.0387716535433068E+01       61   2.3440625000000002E+00   0.0000000000000000E+00
      36   3.0387716535433068E+01       62   2.3830468750000002E+00   0.0000000000000000E+00
      36   3.0387716535433068E+01       63   2.4220312500000003E+00   0.0000000000000000E+00
      36   3.0387716535433068E+01       64   2.4610156249999999E+00   0.0000000000000000E+00
 
      37   3.1255937007874014E+01        1   5.0000000000000001E-03   0.0000000000000000E+00
      37   3.1255937007874014E+01        2   4.3984374999999999E-02   0.0000000000000000E+00
      37   3.1255937007874014E+01        3   8.2968750000000008E-02   0.0000000000000000E+00
      37   3.1255937007874014E+01        4   1.2195312500000001E-01   0.0000000000000000E+00
      37   3.1255937007874014E+01        5   1.6093750000000001E-01   0.0000000000000000E+00
      37   3.1255937007874014E+01        6   1.9992187500000000E-01   0.0000000000000000E+00
      37   3.1255937007874014E+01        7   2.3890625000000001E-01   0.0000000000000000E+00
      37   3.1255937007874014E+01        8   2.7789062500000000E-01   0.0000000000000000E+00
      37   3.1255937007874014E+01        9   3.1687500000000002E-01   0.0000000000000000E+00
      37   3.1255937007874014E+01       10   3.5585937500000003E-01   0.0000000000000000E+00
      37   3.1255937007874014E+01       11   3.9484374999999999E-01   0.0000000000000000E+00
      37   3.1255937007874014E+01       12   4.3382812500000001E-01   0.0000000000000000E+00
      37   3.1255937007874014E+01       13   4.7281250000000002E-01   0.0000000000000000E+00
      37   3.1255937007874014E+01       14   5.1179687500000004E-01   0.0000000000000000E+00
      37   3.1255937007874014E+01       15   5.5078125000000000E-01   0.0000000000000000E+00
      37   3.1255937007874014E+01       16   5.8976562500000007E-01   0.0000000000000000E+00
      37   3.1255937007874014E+01       17   6.2875000000000003E-01   0.0000000000000000E+00
      37   3.1255937007874014E+01       18   6.6773437499999999E-01   0.0000000000000000E+00
      37   3.1255937007874014E+01       19   7.0671875000000006E-01   0.0000000000000000E+00
      37   3.1255937007874014E+01       20   7.4570312500000002E-01   0.0000000000000000E+00
      37   3.1255937007874014E+01       21   7.8468749999999998E-01   0.0000000000000000E+00
      37   3.1255937007874014E+01       22   8.2367187500000005E-01   0.0000000000000000E+00
      37   3.1255937007874014E+01       23   8.6265625000000001E-01   0.0000000000000000E+00
      37   3.1255937007874014E+01       24   9.0164062500000008E-01   0.0000000000000000E+00
      37   3.1255937007874014E+01       25   9.4062500000000004E-01   0.0000000000000000E+00
      37   3.1255937007874014E+01       26   9.7960937500000000E-01   0.0000000000000000E+00
      37   3.1255937007874014E+01       27   1.0185937500000000E+00   0.0000000000000000E+00
      37   3.1255937007874014E+01       28   1.0575781250000000E+00   0.0000000000000000E+00
      37   3.1255937007874014E+01       29   1.0965625000000001E+00   0.0000000000000000E+00
      37   3.1255937007874014E+01       30   1.1355468750000000E+00   0.0000000000000000E+00
      37   3.1255937007874014E+01       31   1.1745312500000000E+00   0.0000000000000000E+00
      37   3.1255937007874014E+01       32   1.2135156250000001E+00   0.0000000000000000E+00
      37   3.1255937007874014E+01       33   1.2524999999999999E+00   0.0000000000000000E+00
      37   3.1255937007874014E+01       34   1.2914843750000000E+00   0.0000000000000000E+00
      37   3.1255937007874014E+01       35   1.3304687500000001E+00   0.0000000000000000E+00
      37   3.1255937007874014E+01       36   1.3694531250000002E+00   0.0000000000000000E+00
      37   3.1255937007874014E+01       37   1.4084375000000000E+00   0.0000000000000000E+00
      37   3.1255937007874014E+01       38   1.4474218750000001E+00   0.0000000000000000E+00
      37   3.1255937007874014E+01       39   1.4864062500000002E+00   0.0000000000000000E+00
      37   3.1255937007874014E+01       40   1.5253906250000000E+00   0.0000000000000000E+00
      37   3.1255937007874014E+01       41   1.5643750000000001E+00   0.0000000000000000E+00
      37   3.1255937007874014E+01       42   1.6033593750000001E+00   0.0000000000000000E+00
      37   3.1255937007874014E+01       43   1.6423437500000000E+00   0.0000000000000000E+00
      37   3.1255937007874014E+01       44   1.6813281250000001E+00   0.0000000000000000E+00
      37   3.1255937007874014E+01       45   1.7203125000000001E+00   0.0000000000000000E+00
      37   3.1255937007874014E+01       46   1.7592968750000000E+00   0.0000000000000000E+00
      37   3.1255937007874014E+01       47   1.7982812500000001E+00   0.0000000000000000E+00
      37   3.1255937007874014E+01       48   1.8372656250000001E+00   0.0000000000000000E+00
      37   3.1255937007874014E+01       49   1.8762500000000000E+00   0.0000000000000000E+00
      37   3.1255937007874014E+01       50   1.9152343750000000E+00   0.0000000000000000E+00
      37   3.1255937007874014E+01       51   1.9542187500000001E+00   0.0000000000000000E+00
      37   3.1255937007874014E+01       52   1.9932031250000002E+00   0.0000000000000000E+00
      37   3.1255937007874014E+01       53   2.0321875000000000E+00   0.0000000000000000E+00
      37   3.1255937007874014E+01       54   2.0711718750000001E+00   0.0000000000000000E+00
      37   3.1255937007874014E+01       55   2.1101562500000002E+00   0.0000000000000000E+00
      37   3.1255937007874014E+01       56   2.1491406250000002E+00   0.0000000000000000E+00
      37   3.1255937007874014E+01       57   2.1881249999999999E+00   0.0000000000000000E+00
      37   3.1255937007874014E+01       58   2.2271093749999999E+00   0.0000000000000000E+00
      37   3.1255937007874014E+01       59   2.2660937500000000E+00   0.0000000000000000E+00
      37   3.1255937007874014E+01       60   2.3050781250000001E+00   0.0000000000000000E+00
      37   3.1255937007874014E+01       61   2.3440625000000002E+00   0.0000000000000000E+00
      37   3.1255937007874014E+01       62   2.3830468750000002E+00   0.0000000000000000E+00
      37   3.1255937007874014E+01       63   2.4220312500000003E+00   0.0000000000000000E+00
      37   3.1255937007874014E+01       64   2.4610156249999999E+00   0.0000000000000000E+00
 
      38   3.2124157480314963E+01        1   5.0000000000000001E-03   0.0000000000000000E+00
      38   3.2124157480314963E+01        2   4.3984374999999999E-02   0.0000000000000000E+00
      38   3.2124157480314963E+01        3   8.2968750000000008E-02   0.0000000000000000E+00
      38   3.2124157480314963E+01        4   1.2195312500000001E-01   0.0000000000000000E+00
      38   3.2124157480314963E+01        5   1.6093750000000001E-01   0.0000000000000000E+00
      38   3.2124157480314963E+01        6   1.9992187500000000E-01   0.0000000000000000E+00
      38   3.2124157480314963E+01        7   2.3890625000000001E-01   0.0000000000000000E+00
      38   3.2124157480314963E+01        8   2.7789062500000000E-01   0.0000000000000000E+00
      38   3.2124157480314963E+01        9   3.1687500000000002E-01   0.0000000000000000E+00
      38   3.2124157480314963E+01       10   3.5585937500000003E-01   0.0000000000000000E+00
      38   3.2124157480314963E+01       11   3.9484374999999999E-01   0.0000000000000000E+00
      38   3.2124157480314963E+01       12   4.3382812500000001E-01   0.0000000000000000E+00
      38   3.2124157480314963E+01       13   4.7281250000000002E-01   0.0000000000000000E+00
      38   3.2124157480314963E+01       14   5.1179687500000004E-01   0.0000000000000000E+00
      38   3.2124157480314963E+01       15   5.5078125000000000E-01   0.0000000000000000E+00
      38   3.2124157480314963E+01       16   5.8976562500000007E-01   0.0000000000000000E+00
      38   3.2124157480314963E+01       17   6.2875000000000003E-01   0.0000000000000000E+00
      38   3.2124157480314963E+01       18   6.6773437499999999E-01   0.0000000000000000E+00
      38   3.2124157480314963E+01       19   7.0671875000000006E-01   0.0000000000000000E+00
      38   3.2124157480314963E+01       20   7.4570312500000002E-01   0.0000000000000000E+00
      38   3.2124157480314963E+01       21   7.8468749999999998E-01   0.0000000000000000E+00
      38   3.2124157480314963E+01       22   8.2367187500000005E-01   0.0000000000000000E+00
      38   3.2124157480314963E+01       23   8.6265625000000001E-01   0.0000000000000000E+00
      38   3.2124157480314963E+01       24   9.0164062500000008E-01   0.0000000000000000E+00
      38   3.2124157480314963E+01       25   9.4062500000000004E-01   0.0000000000000000E+00
      38   3.2124157480314963E+01       26   9.7960937500000000E-01   0.0000000000000000E+00
      38   3.2124157480314963E+01       27   1.0185937500000000E+00   0.0000000000000000E+00
      38   3.2124157480314963E+01       28   1.0575781250000000E+00   0.0000000000000000E+00
      38   3.2124157480314963E+01       29   1.0965625000000001E+00   0.0000000000000000E+00
      38   3.2124157480314963E+01       30   1.1355468750000000E+00   0.0000000000000000E+00
      38   3.2124157480314963E+01       31   1.1745312500000000E+00   0.0000000000000000E+00
      38   3.2124157480314963E+01       32   1.2135156250000001E+00   0.0000000000000000E+00
      38   3.2124157480314963E+01       33   1.2524999999999999E+00   0.0000000000000000E+00
      38   3.2124157480314963E+01       34   1.2914843750000000E+00   0.0000000000000000E+00
      38   3.2124157480314963E+01       35   1.3304687500000001E+00   0.0000000000000000E+00
      38   3.2124157480314963E+01       36   1.3694531250000002E+00   0.0000000000000000E+00
      38   3.2124157480314963E+01       37   1.4084375000000000E+00   0.0000000000000000E+00
      38   3.2124157480314963E+01       38   1.4474218750000001E+00   0.0000000000000000E+00
      38   3.2124157480314963E+01       39   1.4864062500000002E+00   0.0000000000000000E+00
      38   3.2124157480314963E+01       40   1.5253906250000000E+00   0.0000000000000000E+00
      38   3.2124157480314963E+01       41   1.5643750000000001E+00   0.0000000000000000E+00
      38   3.2124157480314963E+01       42   1.6033593750000001E+00   0.0000000000000000E+00
      38   3.2124157480314963E+01       43   1.6423437500000000E+00   0.0000000000000000E+00
      38   3.2124157480314963E+01       44   1.6813281250000001E+00   0.0000000000000000E+00
      38   3.2124157480314963E+01       45   1.7203125000000001E+00   0.0000000000000000E+00
      38   3.2124157480314963E+01       46   1.7592968750000000E+00   0.0000000000000000E+00
      38   3.2124157480314963E+01       47   1.7982812500000001E+00   0.0000000000000000E+00
      38   3.2124157480314963E+01       48   1.8372656250000001E+00   0.0000000000000000E+00
      38   3.2124157480314963E+01       49   1.8762500000000000E+00   0.0000000000000000E+00
      38   3.2124157480314963E+01       50   1.9152343750000000E+00   0.0000000000000000E+00
      38   3.2124157480314963E+01       51   1.9542187500000001E+00   0.0000000000000000E+00
      38   3.2124157480314963E+01       52   1.9932031250000002E+00   0.0000000000000000E+00
      38   3.2124157480314963E+01       53   2.0321875000000000E+00   0.0000000000000000E+00
      38   3.2124157480314963E+01       54   2.0711718750000001E+00   0.0000000000000000E+00
      38   3.2124157480314963E+01       55   2.1101562500000002E+00   0.0000000000000000E+00
      38   3.2124157480314963E+01       56   2.1491406250000002E+00   0.0000000000000000E+00
      38   3.2124157480314963E+01       57   2.1881249999999999E+00   0.0000000000000000E+00
      38   3.2124157480314963E+01       58   2.2271093749999999E+00   0.0000000000000000E+00
      38   3.2124157480314963E+01       59   2.2660937500000000E+00   0.0000000000000000E+00
      38   3.2124157480314963E+01       60   2.3050781250000001E+00   0.0000000000000000E+00
      38   3.2124157480314963E+01       61   2.3440625000000002E+00   0.0000000000000000E+00
      38   3.2124157480314963E+01       62   2.3830468750000002E+00   0.0000000000000000E+00
      38   3.2124157480314963E+01       63   2.4220312500000003E+00   0.0000000000000000E+00
      38   3.2124157480314963E+01       64   2.4610156249999999E+00   0.0000000000000000E+00
 
      39   3.2992377952755909E+01        1   5.0000000000000001E-03   0.0000000000000000E+00
      39   3.2992377952755909E+01        2   4.3984374999999999E-02   0.0000000000000000E+00
      39   3.2992377952755909E+01        3   8.2968750000000008E-02   0.0000000000000000E+00
      39   3.2992377952755909E+01        4   1.2195312500000001E-01   0.0000000000000000E+00
      39   3.2992377952755909E+01        5   1.6093750000000001E-01   0.0000000000000000E+00
      39   3.2992377952755909E+01        6   1.9992187500000000E-01   0.0000000000000000E+00
      39   3.2992377952755909E+01        7   2.3890625000000001E-01   0.0000000000000000E+00
      39   3.2992377952755909E+01        8   2.7789062500000000E-01   0.0000000000000000E+00
      39   3.2992377952755909E+01        9   3.1687500000000002E-01   0.0000000000000000E+00
      39   3.2992377952755909E+01       10   3.5585937500000003E-01   0.0000000000000000E+00
      39   3.2992377952755909E+01       11   3.9484374999999999E-01   0.0000000000000000E+00
      39   3.2992377952755909E+01       12   4.3382812500000001E-01   0.0000000000000000E+00
      39   3.2992377952755909E+01       13   4.7281250000000002E-01   0.0000000000000000E+00
      39   3.2992377952755909E+01       14   5.1179687500000004E-01   0.0000000000000000E+00
      39   3.2992377952755909E+01       15   5.5078125000000000E-01   0.0000000000000000E+00
      39   3.2992377952755909E+01       16   5.8976562500000007E-01   0.0000000000000000E+00
      39   3.2992377952755909E+01       17   6.2875000000000003E-01   0.0000000000000000E+00
      39   3.2992377952755909E+01       18   6.6773437499999999E-01   0.0000000000000000E+00
      39   3.2992377952755909E+01       19   7.0671875000000006E-01   0.0000000000000000E+00
      39   3.2992377952755909E+01       20   7.4570312500000002E-01   0.0000000000000000E+00
      39   3.2992377952755909E+01       21   7.8468749999999998E-01   0.0000000000000000E+00
      39   3.2992377952755909E+01       22   8.2367187500000005E-01   0.0000000000000000E+00
      39   3.2992377952755909E+01       23   8.6265625000000001E-01   0.0000000000000000E+00
      39   3.2992377952755909E+01       24   9.0164062500000008E-01   0.0000000000000000E+00
      39   3.2992377952755909E+01       25   9.4062500000000004E-01   0.0000000000000000E+00
      39   3.2992377952755909E+01       26   9.7960937500000000E-01   0.0000000000000000E+00
      39   3.2992377952755909E+01       27   1.0185937500000000E+00   0.0000000000000000E+00
      39   3.2992377952755909E+01       28   1.0575781250000000E+00   0.0000000000000000E+00
      39   3.2992377952755909E+01       29   1.0965625000000001E+00   0.0000000000000000E+00
      39   3.2992377952755909E+01       30   1.1355468750000000E+00   0.0000000000000000E+00
      39   3.2992377952755909E+01       31   1.1745312500000000E+00   0.0000000000000000E+00
      39   3.2992377952755909E+01       32   1.2135156250000001E+00   0.0000000000000000E+00
      39   3.2992377952755909E+01       33   1.2524999999999999E+00   0.0000000000000000E+00
      39   3.2992377952755909E+01       34   1.2914843750000000E+00   0.0000000000000000E+00
      39   3.2992377952755909E+01       35   1.3304687500000001E+00   0.0000000000000000E+00
      39   3.2992377952755909E+01       36   1.3694531250000002E+00   0.0000000000000000E+00
      39   3.2992377952755909E+01       37   1.4084375000000000E+00   0.0000000000000000E+00
      39   3.2992377952755909E+01       38   1.4474218750000001E+00   0.0000000000000000E+00
      39   3.2992377952755909E+01       39   1.4864062500000002E+00   0.0000000000000000E+00
      39   3.2992377952755909E+01       40   1.5253906250000000E+00   0.0000000000000000E+00
      39   3.2992377952755909E+01       41   1.5643750000000001E+00   0.0000000000000000E+00
      39   3.2992377952755909E+01       42   1.6033593750000001E+00   0.0000000000000000E+00
      39   3.2992377952755909E+01       43   1.6423437500000000E+00   0.0000000000000000E+00
      39   3.2992377952755909E+01       44   1.6813281250000001E+00   0.0000000000000000E+00
      39   3.2992377952755909E+01       45   1.7203125000000001E+00   0.0000000000000000E+00
      39   3.2992377952755909E+01       46   1.7592968750000000E+00   0.0000000000000000E+00
      39   3.2992377952755909E+01       47   1.7982812500000001E+00   0.0000000000000000E+00
      39   3.2992377952755909E+01       48   1.8372656250000001E+00   0.0000000000000000E+00
      39   3.2992377952755909E+01       49   1.8762500000000000E+00   0.0000000000000000E+00
      39   3.2992377952755909E+01       50   1.9152343750000000E+00   0.0000000000000000E+00
      39   3.2992377952755909E+01       51   1.9542187500000001E+00   0.0000000000000000E+00
      39   3.2992377952755909E+01       52   1.9932031250000002E+00   0.0000000000000000E+00
      39   3.2992377952755909E+01       53   2.0321875000000000E+00   0.0000000000000000E+00
      39   3.2992377952755909E+01       54   2.0711718750000001E+00   0.0000000000000000E+00
      39   3.2992377952755909E+01       55   2.1101562500000002E+00   0.0000000000000000E+00
      39   3.2992377952755909E+01       56   2.1491406250000002E+00   0.0000000000000000E+00
      39   3.2992377952755909E+01       57   2.1881249999999999E+00   0.0000000000000000E+00
      39   3.2992377952755909E+01       58   2.2271093749999999E+00   0.0000000000000000E+00
      39   3.2992377952755909E+01       59   2.2660937500000000E+00   0.0000000000000000E+00
      39   3.2992377952755909E+01       60   2.3050781250000001E+00   0.0000000000000000E+00
      39   3.2992377952755909E+01       61   2.3440625000000002E+00   0.0000000000000000E+00
      39   3.2992377952755909E+01       62   2.3830468750000002E+00   0.0000000000000000E+00
      39   3.2992377952755909E+01       63   2.4220312500000003E+00   0.0000000000000000E+00
      39   3.2992377952755909E+01       64   2.4610156249999999E+00   0.0000000000000000E+00
 
      40   3.3860598425196855E+01        1   5.0000000000000001E-03   0.0000000000000000E+00
      40   3.3860598425196855E+01        2   4.3984374999999999E-02   0.0000000000000000E+00
      40   3.3860598425196855E+01        3   8.2968750000000008E-02   0.0000000000000000E+00
      40   3.3860598425196855E+01        4   1.2195312500000001E-01   0.0000000000000000E+00
      40   3.3860598425196855E+01        5   1.6093750000000001E-01   0.0000000000000000E+00
      40   3.3860598425196855E+01        6   1.9992187500000000E-01   0.0000000000000000E+00
      40   3.3860598425196855E+01        7   2.3890625000000001E-01   0.0000000000000000E+00
      40   3.3860598425196855E+01        8   2.7789062500000000E-01   0.0000000000000000E+00
      40   3.3860598425196855E+01        9   3.1687500000000002E-01   0.0000000000000000E+00
      40   3.3860598425196855E+01       10   3.5585937500000003E-01   0.0000000000000000E+00
      40   3.3860598425196855E+01       11   3.9484374999999999E-01   0.0000000000000000E+00
      40   3.3860598425196855E+01       12   4.3382812500000001E-01   0.0000000000000000E+00
      40   3.3860598425196855E+01       13   4.7281250000000002E-01   0.0000000000000000E+00
      40   3.3860598425196855E+01       14   5.1179687500000004E-01   0.0000000000000000E+00
      40   3.3860598425196855E+01       15   5.5078125000000000E-01   0.0000000000000000E+00
      40   3.3860598425196855E+01       16   5.8976562500000007E-01   0.0000000000000000E+00
      40   3.3860598425196855E+01       17   6.2875000000000003E-01   0.0000000000000000E+00
      40   3.3860598425196855E+01       18   6.6773437499999999E-01   0.0000000000000000E+00
      40   3.3860598425196855E+01       19   7.0671875000000006E-01   0.0000000000000000E+00
      40   3.3860598425196855E+01       20   7.4570312500000002E-01   0.0000000000000000E+00
      40   3.3860598425196855E+01       21   7.8468749999999998E-01   0.0000000000000000E+00
      40   3.3860598425196855E+01       22   8.2367187500000005E-01   0.0000000000000000E+00
      40   3.3860598425196855E+01       23   8.6265625000000001E-01   0.0000000000000000E+00
      40   3.3860598425196855E+01       24   9.0164062500000008E-01   0.0000000000000000E+00
      40   3.3860598425196855E+01       25   9.4062500000000004E-01   0.0000000000000000E+00
      40   3.3860598425196855E+01       26   9.7960937500000000E-01   0.0000000000000000E+00
      40   3.3860598425196855E+01       27   1.0185937500000000E+00   0.0000000000000000E+00
      40   3.3860598425196855E+01       28   1.0575781250000000E+00   0.0000000000000000E+00
      40   3.3860598425196855E+01       29   1.0965625000000001E+00   0.0000000000000000E+00
      40   3.3860598425196855E+01       30   1.1355468750000000E+00   0.0000000000000000E+00
      40   3.3860598425196855E+01       31   1.1745312500000000E+00   0.0000000000000000E+00
      40   3.3860598425196855E+01       32   1.2135156250000001E+00   0.0000000000000000E+00
      40   3.3860598425196855E+01       33   1.2524999999999999E+00   0.0000000000000000E+00
      40   3.3860598425196855E+01       34   1.2914843750000000E+00   0.0000000000000000E+00
      40   3.3860598425196855E+01       35   1.3304687500000001E+00   0.0000000000000000E+00
      40   3.3860598425196855E+01       36   1.3694531250000002E+00   0.0000000000000000E+00
      40   3.3860598425196855E+01       37   1.4084375000000000E+00   0.0000000000000000E+00
      40   3.3860598425196855E+01       38   1.4474218750000001E+00   0.0000000000000000E+00
      40   3.3860598425196855E+01       39   1.4864062500000002E+00   0.0000000000000000E+00
      40   3.3860598425196855E+01       40   1.5253906250000000E+00   0.0000000000000000E+00
      40   3.3860598425196855E+01       41   1.5643750000000001E+00   0.0000000000000000E+00
      40   3.3860598425196855E+01       42   1.6033593750000001E+00   0.0000000000000000E+00
      40   3.3860598425196855E+01       43   1.6423437500000000E+00   0.0000000000000000E+00
      40   3.3860598425196855E+01       44   1.6813281250000001E+00   0.0000000000000000E+00
      40   3.3860598425196855E+01       45   1.7203125000000001E+00   0.0000000000000000E+00
      40   3.3860598425196855E+01       46   1.7592968750000000E+00   0.0000000000000000E+00
      40   3.3860598425196855E+01       47   1.7982812500000001E+00   0.0000000000000000E+00
      40   3.3860598425196855E+01       48   1.8372656250000001E+00   0.0000000000000000E+00
      40   3.3860598425196855E+01       49   1.8762500000000000E+00   0.0000000000000000E+00
      40   3.3860598425196855E+01       50   1.9152343750000000E+00   0.0000000000000000E+00
      40   3.3860598425196855E+01       51   1.9542187500000001E+00   0.0000000000000000E+00
      40   3.3860598425196855E+01       52   1.9932031250000002E+00   0.0000000000000000E+00
      40   3.3860598425196855E+01       53   2.0321875000000000E+00   0.0000000000000000E+00
      40   3.3860598425196855E+01       54   2.0711718750000001E+00   0.0000000000000000E+00
      40   3.3860598425196855E+01       55   2.1101562500000002E+00   0.0000000000000000E+00
      40   3.3860598425196855E+01       56   2.1491406250000002E+00   0.0000000000000000E+00
      40   3.3860598425196855E+01       57   2.1881249999999999E+00   0.0000000000000000E+00
      40   3.3860598425196855E+01       58   2.2271093749999999E+00   0.0000000000000000E+00
      40   3.3860598425196855E+01       59   2.2660937500000000E+00   0.0000000000000000E+00
      40   3.3860598425196855E+01       60   2.3050781250000001E+00   0.0000000000000000E+00
      40   3.3860598425196855E+01       61   2.3440625000000002E+00   0.0000000000000000E+00
      40   3.3860598425196855E+01       62   2.3830468750000002E+00   0.0000000000000000E+00
      40   3.3860598425196855E+01       63   2.4220312500000003E+00   0.0000000000000000E+00
      40   3.3860598425196855E+01       64   2.4610156249999999E+00   0.0000000000000000E+00
 
      41   3.4728818897637794E+01        1   5.0000000000000001E-03   0.0000000000000000E+00
      41   3.4728818897637794E+01        2   4.3984374999999999E-02   0.0000000000000000E+00
      41   3.4728818897637794E+01        3   8.2968750000000008E-02   0.0000000000000000E+00
      41   3.4728818897637794E+01        4   1.2195312500000001E-01   0.0000000000000000E+00
      41   3.4728818897637794E+01        5   1.6093750000000001E-01   0.0000000000000000E+00
      41   3.4728818897637794E+01        6   1.9992187500000000E-01   0.0000000000000000E+00
      41   3.4728818897637794E+01        7   2.3890625000000001E-01   0.0000000000000000E+00
      41   3.4728818897637794E+01        8   2.7789062500000000E-01   0.0000000000000000E+00
      41   3.4728818897637794E+01        9   3.1687500000000002E-01   0.0000000000000000E+00
      41   3.4728818897637794E+01       10   3.5585937500000003E-01   0.0000000000000000E+00
      41   3.4728818897637794E+01       11   3.9484374999999999E-01   0.0000000000000000E+00
      41   3.4728818897637794E+01       12   4.3382812500000001E-01   0.0000000000000000E+00
      41   3.4728818897637794E+01       13   4.7281250000000002E-01   0.0000000000000000E+00
      41   3.4728818897637794E+01       14   5.1179687500000004E-01   0.0000000000000000E+00
      41   3.4728818897637794E+01       15   5.5078125000000000E-01   0.0000000000000000E+00
      41   3.4728818897637794E+01       16   5.8976562500000007E-01   0.0000000000000000E+00
      41   3.4728818897637794E+01       17   6.2875000000000003E-01   0.0000000000000000E+00
      41   3.4728818897637794E+01       18   6.6773437499999999E-01   0.0000000000000000E+00
      41   3.4728818897637794E+01       19   7.0671875000000006E-01   0.0000000000000000E+00
      41   3.4728818897637794E+01       20   7.4570312500000002E-01   0.0000000000000000E+00
      41   3.4728818897637794E+01       21   7.8468749999999998E-01   0.0000000000000000E+00
      41   3.4728818897637794E+01       22   8.2367187500000005E-01   0.0000000000000000E+00
      41   3.4728818897637794E+01       23   8.6265625000000001E-01   0.0000000000000000E+00
      41   3.4728818897637794E+01       24   9.0164062500000008E-01   0.0000000000000000E+00
      41   3.4728818897637794E+01       25   9.4062500000000004E-01   0.0000000000000000E+00
      41   3.4728818897637794E+01       26   9.7960937500000000E-01   0.0000000000000000E+00
      41   3.4728818897637794E+01       27   1.0185937500000000E+00   0.0000000000000000E+00
      41   3.4728818897637794E+01       28   1.0575781250000000E+00   0.0000000000000000E+00
      41   3.4728818897637794E+01       29   1.0965625000000001E+00   0.0000000000000000E+00
      41   3.4728818897637794E+01       30   1.1355468750000000E+00   0.0000000000000000E+00
      41   3.4728818897637794E+01       31   1.1745312500000000E+00   0.0000000000000000E+00
      41   3.4728818897637794E+01       32   1.2135156250000001E+00   0.0000000000000000E+00
      41   3.4728818897637794E+01       33   1.2524999999999999E+00   0.0000000000000000E+00
      41   3.4728818897637794E+01       34   1.2914843750000000E+00   0.0000000000000000E+00
      41   3.4728818897637794E+01       35   1.3304687500000001E+00   0.0000000000000000E+00
      41   3.4728818897637794E+01       36   1.3694531250000002E+00   0.0000000000000000E+00
      41   3.4728818897637794E+01       37   1.4084375000000000E+00   0.0000000000000000E+00
      41   3.4728818897637794E+01       38   1.4474218750000001E+00   0.0000000000000000E+00
      41   3.4728818897637794E+01       39   1.4864062500000002E+00   0.0000000000000000E+00
      41   3.4728818897637794E+01       40   1.5253906250000000E+00   0.0000000000000000E+00
      41   3.4728818897637794E+01       41   1.5643750000000001E+00   0.0000000000000000E+00
      41   3.4728818897637794E+01       42   1.6033593750000001E+00   0.0000000000000000E+00
      41   3.4728818897637794E+01       43   1.6423437500000000E+00   0.0000000000000000E+00
      41   3.4728818897637794E+01       44   1.6813281250000001E+00   0.0000000000000000E+00
      41   3.4728818897637794E+01       45   1.7203125000000001E+00   0.0000000000000000E+00
      41   3.4728818897637794E+01       46   1.7592968750000000E+00   0.0000000000000000E+00
      41   3.4728818897637794E+01       47   1.7982812500000001E+00   0.0000000000000000E+00
      41   3.4728818897637794E+01       48   1.8372656250000001E+00   0.0000000000000000E+00
      41   3.4728818897637794E+01       49   1.8762500000000000E+00   0.0000000000000000E+00
      41   3.4728818897637794E+01       50   1.9152343750000000E+00   0.0000000000000000E+00
      41   3.4728818897637794E+01       51   1.9542187500000001E+00   0.0000000000000000E+00
      41   3.4728818897637794E+01       52   1.9932031250000002E+00   0.0000000000000000E+00
      41   3.4728818897637794E+01       53   2.0321875000000000E+00   0.0000000000000000E+00
      41   3.4728818897637794E+01       54   2.0711718750000001E+00   0.0000000000000000E+00
      41   3.4728818897637794E+01       55   2.1101562500000002E+00   0.0000000000000000E+00
      41   3.4728818897637794E+01       56   2.1491406250000002E+00   0.0000000000000000E+00
      41   3.4728818897637794E+01       57   2.1881249999999999E+00   0.0000000000000000E+00
      41   3.4728818897637794E+01       58   2.2271093749999999E+00   0.0000000000000000E+00
      41   3.4728818897637794E+01       59   2.2660937500000000E+00   0.0000000000000000E+00
      41   3.4728818897637794E+01       60   2.3050781250000001E+00   0.0000000000000000E+00
      41   3.4728818897637794E+01       61   2.3440625000000002E+00   0.0000000000000000E+00
      41   3.4728818897637794E+01       62   2.3830468750000002E+00   0.0000000000000000E+00
      41   3.4728818897637794E+01       63   2.4220312500000003E+00   0.0000000000000000E+00
      41   3.4728818897637794E+01       64   2.4610156249999999E+00   0.0000000000000000E+00
 
      42   3.5597039370078740E+01        1   5.0000000000000001E-03   0.0000000000000000E+00
      42   3.5597039370078740E+01        2   4.3984374999999999E-02   0.0000000000000000E+00
      42   3.5597039370078740E+01        3   8.2968750000000008E-02   0.0000000000000000E+00
      42   3.5597039370078740E+01        4   1.2195312500000001E-01   0.0000000000000000E+00
      42   3.5597039370078740E+01        5   1.6093750000000001E-01   0.0000000000000000E+00
      42   3.5597039370078740E+01        6   1.9992187500000000E-01   0.0000000000000000E+00
      42   3.5597039370078740E+01        7   2.3890625000000001E-01   0.0000000000000000E+00
      42   3.5597039370078740E+01        8   2.7789062500000000E-01   0.0000000000000000E+00
      42   3.5597039370078740E+01        9   3.1687500000000002E-01   0.0000000000000000E+00
      42   3.5597039370078740E+01       10   3.5585937500000003E-01   0.0000000000000000E+00
      42   3.5597039370078740E+01       11   3.9484374999999999E-01   0.0000000000000000E+00
      42   3.5597039370078740E+01       12   4.3382812500000001E-01   0.0000000000000000E+00
      42   3.5597039370078740E+01       13   4.7281250000000002E-01   0.0000000000000000E+00
      42   3.5597039370078740E+01       14   5.1179687500000004E-01   0.0000000000000000E+00
      42   3.5597039370078740E+01       15   5.5078125000000000E-01   0.0000000000000000E+00
      42   3.5597039370078740E+01       16   5.8976562500000007E-01   0.0000000000000000E+00
      42   3.5597039370078740E+01       17   6.2875000000000003E-01   0.0000000000000000E+00
      42   3.5597039370078740E+01       18   6.6773437499999999E-01   0.0000000000000000E+00
      42   3.5597039370078740E+01       19   7.0671875000000006E-01   0.0000000000000000E+00
      42   3.5597039370078740E+01       20   7.4570312500000002E-01   0.0000000000000000E+00
      42   3.5597039370078740E+01       21   7.8468749999999998E-01   0.0000000000000000E+00
      42   3.5597039370078740E+01       22   8.2367187500000005E-01   0.0000000000000000E+00
      42   3.5597039370078740E+01       23   8.6265625000000001E-01   0.0000000000000000E+00
      42   3.5597039370078740E+01       24   9.0164062500000008E-01   0.0000000000000000E+00
      42   3.5597039370078740E+01       25   9.4062500000000004E-01   0.0000000000000000E+00
      42   3.5597039370078740E+01       26   9.7960937500000000E-01   0.0000000000000000E+00
      42   3.5597039370078740E+01       27   1.0185937500000000E+00   0.0000000000000000E+00
      42   3.5597039370078740E+01       28   1.0575781250000000E+00   0.0000000000000000E+00
      42   3.5597039370078740E+01       29   1.0965625000000001E+00   0.0000000000000000E+00
      42   3.5597039370078740E+01       30   1.1355468750000000E+00   0.0000000000000000E+00
      42   3.5597039370078740E+01       31   1.1745312500000000E+00   0.0000000000000000E+00
      42   3.5597039370078740E+01       32   1.2135156250000001E+00   0.0000000000000000E+00
      42   3.5597039370078740E+01       33   1.2524999999999999E+00   0.0000000000000000E+00
      42   3.5597039370078740E+01       34   1.2914843750000000E+00   0.0000000000000000E+00
      42   3.5597039370078740E+01       35   1.3304687500000001E+00   0.0000000000000000E+00
      42   3.5597039370078740E+01       36   1.3694531250000002E+00   0.0000000000000000E+00
      42   3.5597039370078740E+01       37   1.4084375000000000E+00   0.0000000000000000E+00
      42   3.5597039370078740E+01       38   1.4474218750000001E+00   0.0000000000000000E+00
      42   3.5597039370078740E+01       39   1.4864062500000002E+00   0.0000000000000000E+00
      42   3.5597039370078740E+01       40   1.5253906250000000E+00   0.0000000000000000E+00
      42   3.5597039370078740E+01       41   1.5643750000000001E+00   0.0000000000000000E+00
      42   3.5597039370078740E+01       42   1.6033593750000001E+00   0.0000000000000000E+00
      42   3.5597039370078740E+01       43   1.6423437500000000E+00   0.0000000000000000E+00
      42   3.5597039370078740E+01       44   1.6813281250000001E+00   0.0000000000000000E+00
      42   3.5597039370078740E+01       45   1.7203125000000001E+00   0.0000000000000000E+00
      42   3.5597039370078740E+01       46   1.7592968750000000E+00   0.0000000000000000E+00
      42   3.5597039370078740E+01       47   1.7982812500000001E+00   0.0000000000000000E+00
      42   3.5597039370078740E+01       48   1.8372656250000001E+00   0.0000000000000000E+00
      42   3.5597039370078740E+01       49   1.8762500000000000E+00   0.0000000000000000E+00
      42   3.5597039370078740E+01       50   1.9152343750000000E+00   0.0000000000000000E+00
      42   3.5597039370078740E+01       51   1.9542187500000001E+00   0.0000000000000000E+00
      42   3.5597039370078740E+01       52   1.9932031250000002E+00   0.0000000000000000E+00
      42   3.5597039370078740E+01       53   2.0321875000000000E+00   0.0000000000000000E+00
      42   3.5597039370078740E+01       54   2.0711718750000001E+00   0.0000000000000000E+00
      42   3.5597039370078740E+01       55   2.1101562500000002E+00   0.0000000000000000E+00
      42   3.5597039370078740E+01       56   2.1491406250000002E+00   0.0000000000000000E+00
      42   3.5597039370078740E+01       57   2.1881249999999999E+00   0.0000000000000000E+00
      42   3.5597039370078740E+01       58   2.2271093749999999E+00   0.0000000000000000E+00
      42   3.5597039370078740E+01       59   2.2660937500000000E+00   0.0000000000000000E+00
      42   3.5597039370078740E+01       60   2.3050781250000001E+00   0.0000000000000000E+00
      42   3.5597039370078740E+01       61   2.3440625000000002E+00   0.0000000000000000E+00
      42   3.5597039370078740E+01       62   2.3830468750000002E+00   0.0000000000000000E+00
      42   3.5597039370078740E+01       63   2.4220312500000003E+00   0.0000000000000000E+00
      42   3.5597039370078740E+01       64   2.4610156249999999E+00   0.0000000000000000E+00
 
      43   3.6465259842519686E+01        1   5.0000000000000001E-03   0.0000000000000000E+00
      43   3.6465259842519686E+01        2   4.3984374999999999E-02   0.0000000000000000E+00
      43   3.6465259842519686E+01        3   8.2968750000000008E-02   0.0000000000000000E+00
      43   3.6465259842519686E+01        4   1.2195312500000001E-01   0.0000000000000000E+00
      43   3.6465259842519686E+01        5   1.6093750000000001E-01   0.0000000000000000E+00
      43   3.6465259842519686E+01        6   1.9992187500000000E-01   0.0000000000000000E+00
      43   3.6465259842519686E+01        7   2.3890625000000001E-01   0.0000000000000000E+00
      43   3.6465259842519686E+01        8   2.7789062500000000E-01   0.0000000000000000E+00
      43   3.6465259842519686E+01        9   3.1687500000000002E-01   0.0000000000000000E+00
      43   3.6465259842519686E+01       10   3.5585937500000003E-01   0.0000000000000000E+00
      43   3.6465259842519686E+01       11   3.9484374999999999E-01   0.0000000000000000E+00
      43   3.6465259842519686E+01       12   4.3382812500000001E-01   0.0000000000000000E+00
      43   3.6465259842519686E+01       13   4.7281250000000002E-01   0.0000000000000000E+00
      43   3.6465259842519686E+01       14   5.1179687500000004E-01   0.0000000000000000E+00
      43   3.6465259842519686E+01       15   5.5078125000000000E-01   0.0000000000000000E+00
      43   3.6465259842519686E+01       16   5.8976562500000007E-01   0.0000000000000000E+00
      43   3.6465259842519686E+01       17   6.2875000000000003E-01   0.0000000000000000E+00
      43   3.6465259842519686E+01       18   6.6773437499999999E-01   0.0000000000000000E+00
      43   3.6465259842519686E+01       19   7.0671875000000006E-01   0.0000000000000000E+00
      43   3.6465259842519686E+01       20   7.4570312500000002E-01   0.0000000000000000E+00
      43   3.6465259842519686E+01       21   7.8468749999999998E-01   0.0000000000000000E+00
      43   3.6465259842519686E+01       22   8.2367187500000005E-01   0.0000000000000000E+00
      43   3.6465259842519686E+01       23   8.6265625000000001E-01   0.0000000000000000E+00
      43   3.6465259842519686E+01       24   9.0164062500000008E-01   0.0000000000000000E+00
      43   3.6465259842519686E+01       25   9.4062500000000004E-01   0.0000000000000000E+00
      43   3.6465259842519686E+01       26   9.7960937500000000E-01   0.0000000000000000E+00
      43   3.6465259842519686E+01       27   1.0185937500000000E+00   0.0000000000000000E+00
      43   3.6465259842519686E+01       28   1.0575781250000000E+00   0.0000000000000000E+00
      43   3.6465259842519686E+01       29   1.0965625000000001E+00   0.0000000000000000E+00
      43   3.6465259842519686E+01       30   1.1355468750000000E+00   0.0000000000000000E+00
      43   3.6465259842519686E+01       31   1.1745312500000000E+00   0.0000000000000000E+00
      43   3.6465259842519686E+01       32   1.2135156250000001E+00   0.0000000000000000E+00
      43   3.6465259842519686E+01       33   1.2524999999999999E+00   0.0000000000000000E+00
      43   3.6465259842519686E+01       34   1.2914843750000000E+00   0.0000000000000000E+00
      43   3.6465259842519686E+01       35   1.3304687500000001E+00   0.0000000000000000E+00
      43   3.6465259842519686E+01       36   1.3694531250000002E+00   0.0000000000000000E+00
      43   3.6465259842519686E+01       37   1.4084375000000000E+00   0.0000000000000000E+00
      43   3.6465259842519686E+01       38   1.4474218750000001E+00   0.0000000000000000E+00
      43   3.6465259842519686E+01       39   1.4864062500000002E+00   0.0000000000000000E+00
      43   3.6465259842519686E+01       40   1.5253906250000000E+00   0.0000000000000000E+00
      43   3.6465259842519686E+01       41   1.5643750000000001E+00   0.0000000000000000E+00
      43   3.6465259842519686E+01       42   1.6033593750000001E+00   0.0000000000000000E+00
      43   3.6465259842519686E+01       43   1.6423437500000000E+00   0.0000000000000000E+00
      43   3.6465259842519686E+01       44   1.6813281250000001E+00   0.0000000000000000E+00
      43   3.6465259842519686E+01       45   1.7203125000000001E+00   0.0000000000000000E+00
      43   3.6465259842519686E+01       46   1.7592968750000000E+00   0.0000000000000000E+00
      43   3.6465259842519686E+01       47   1.7982812500000001E+00   0.0000000000000000E+00
      43   3.6465259842519686E+01       48   1.8372656250000001E+00   0.0000000000000000E+00
      43   3.6465259842519686E+01       49   1.8762500000000000E+00   0.0000000000000000E+00
      43   3.6465259842519686E+01       50   1.9152343750000000E+00   0.0000000000000000E+00
      43   3.6465259842519686E+01       51   1.9542187500000001E+00   0.0000000000000000E+00
      43   3.6465259842519686E+01       52   1.9932031250000002E+00   0.0000000000000000E+00
      43   3.6465259842519686E+01       53   2.0321875000000000E+00   0.0000000000000000E+00
      43   3.6465259842519686E+01       54   2.0711718750000001E+00   0.0000000000000000E+00
      43   3.6465259842519686E+01       55   2.1101562500000002E+00   0.0000000000000000E+00
      43   3.6465259842519686E+01       56   2.1491406250000002E+00   0.0000000000000000E+00
      43   3.6465259842519686E+01       57   2.1881249999999999E+00   0.0000000000000000E+00
      43   3.6465259842519686E+01       58   2.2271093749999999E+00   0.0000000000000000E+00
      43   3.6465259842519686E+01       59   2.2660937500000000E+00   0.0000000000000000E+00
      43   3.6465259842519686E+01       60   2.3050781250000001E+00   0.0000000000000000E+00
      43   3.6465259842519686E+01       61   2.3440625000000002E+00   0.0000000000000000E+00
      43   3.6465259842519686E+01       62   2.3830468750000002E+00   0.0000000000000000E+00
      43   3.6465259842519686E+01       63   2.4220312500000003E+00   0.0000000000000000E+00
      43   3.6465259842519686E+01       64   2.4610156249999999E+00   0.0000000000000000E+00
 
      44   3.7333480314960632E+01        1   5.0000000000000001E-03   0.0000000000000000E+00
      44   3.7333480314960632E+01        2   4.3984374999999999E-02   0.0000000000000000E+00
      44   3.7333480314960632E+01        3   8.2968750000000008E-02   0.0000000000000000E+00
      44   3.7333480314960632E+01        4   1.2195312500000001E-01   0.0000000000000000E+00
      44   3.7333480314960632E+01        5   1.6093750000000001E-01   0.0000000000000000E+00
      44   3.7333480314960632E+01        6   1.9992187500000000E-01   0.0000000000000000E+00
      44   3.7333480314960632E+01        7   2.3890625000000001E-01   0.0000000000000000E+00
      44   3.7333480314960632E+01        8   2.7789062500000000E-01   0.0000000000000000E+00
      44   3.7333480314960632E+01        9   3.1687500000000002E-01   0.0000000000000000E+00
      44   3.7333480314960632E+01       10   3.5585937500000003E-01   0.0000000000000000E+00
      44   3.7333480314960632E+01       11   3.9484374999999999E-01   0.0000000000000000E+00
      44   3.7333480314960632E+01       12   4.3382812500000001E-01   0.0000000000000000E+00
      44   3.7333480314960632E+01       13   4.7281250000000002E-01   0.0000000000000000E+00
      44   3.7333480314960632E+01       14   5.1179687500000004E-01   0.0000000000000000E+00
      44   3.7333480314960632E+01       15   5.5078125000000000E-01   0.0000000000000000E+00
      44   3.7333480314960632E+01       16   5.8976562500000007E-01   0.0000000000000000E+00
      44   3.7333480314960632E+01       17   6.2875000000000003E-01   0.0000000000000000E+00
      44   3.7333480314960632E+01       18   6.6773437499999999E-01   0.0000000000000000E+00
      44   3.7333480314960632E+01       19   7.0671875000000006E-01   0.0000000000000000E+00
      44   3.7333480314960632E+01       20   7.4570312500000002E-01   0.0000000000000000E+00
      44   3.7333480314960632E+01       21   7.8468749999999998E-01   0.0000000000000000E+00
      44   3.7333480314960632E+01       22   8.2367187500000005E-01   0.0000000000000000E+00
      44   3.7333480314960632E+01       23   8.6265625000000001E-01   0.0000000000000000E+00
      44   3.7333480314960632E+01       24   9.0164062500000008E-01   0.0000000000000000E+00
      44   3.7333480314960632E+01       25   9.4062500000000004E-01   0.0000000000000000E+00
      44   3.7333480314960632E+01       26   9.7960937500000000E-01   0.0000000000000000E+00
      44   3.7333480314960632E+01       27   1.0185937500000000E+00   0.0000000000000000E+00
      44   3.7333480314960632E+01       28   1.0575781250000000E+00   0.0000000000000000E+00
      44   3.7333480314960632E+01       29   1.0965625000000001E+00   0.0000000000000000E+00
      44   3.7333480314960632E+01       30   1.1355468750000000E+00   0.0000000000000000E+00
      44   3.7333480314960632E+01       31   1.1745312500000000E+00   0.0000000000000000E+00
      44   3.7333480314960632E+01       32   1.2135156250000001E+00   0.0000000000000000E+00
      44   3.7333480314960632E+01       33   1.2524999999999999E+00   0.0000000000000000E+00
      44   3.7333480314960632E+01       34   1.2914843750000000E+00   0.0000000000000000E+00
      44   3.7333480314960632E+01       35   1.3304687500000001E+00   0.0000000000000000E+00
      44   3.7333480314960632E+01       36   1.3694531250000002E+00   0.0000000000000000E+00
      44   3.7333480314960632E+01       37   1.4084375000000000E+00   0.0000000000000000E+00
      44   3.7333480314960632E+01       38   1.4474218750000001E+00   0.0000000000000000E+00
      44   3.7333480314960632E+01       39   1.4864062500000002E+00   0.0000000000000000E+00
      44   3.7333480314960632E+01       40   1.5253906250000000E+00   0.0000000000000000E+00
      44   3.7333480314960632E+01       41   1.5643750000000001E+00   0.0000000000000000E+00
      44   3.7333480314960632E+01       42   1.6033593750000001E+00   0.0000000000000000E+00
      44   3.7333480314960632E+01       43   1.6423437500000000E+00   0.0000000000000000E+00
      44   3.7333480314960632E+01       44   1.6813281250000001E+00   0.0000000000000000E+00
      44   3.7333480314960632E+01       45   1.7203125000000001E+00   0.0000000000000000E+00
      44   3.7333480314960632E+01       46   1.7592968750000000E+00   0.0000000000000000E+00
      44   3.7333480314960632E+01       47   1.7982812500000001E+00   0.0000000000000000E+00
      44   3.7333480314960632E+01       48   1.8372656250000001E+00   0.0000000000000000E+00
      44   3.7333480314960632E+01       49   1.8762500000000000E+00   0.0000000000000000E+00
      44   3.7333480314960632E+01       50   1.9152343750000000E+00   0.0000000000000000E+00
      44   3.7333480314960632E+01       51   1.9542187500000001E+00   0.0000000000000000E+00
      44   3.7333480314960632E+01       52   1.9932031250000002E+00   0.0000000000000000E+00
      44   3.7333480314960632E+01       53   2.0321875000000000E+00   0.0000000000000000E+00
      44   3.7333480314960632E+01       54   2.0711718750000001E+00   0.0000000000000000E+00
      44   3.7333480314960632E+01       55   2.1101562500000002E+00   0.0000000000000000E+00
      44   3.7333480314960632E+01       56   2.1491406250000002E+00   0.0000000000000000E+00
      44   3.7333480314960632E+01       57   2.1881249999999999E+00   0.0000000000000000E+00
      44   3.7333480314960632E+01       58   2.2271093749999999E+00   0.0000000000000000E+00
      44   3.7333480314960632E+01       59   2.2660937500000000E+00   0.0000000000000000E+00
      44   3.7333480314960632E+01       60   2.3050781250000001E+00   0.0000000000000000E+00
      44   3.7333480314960632E+01       61   2.3440625000000002E+00   0.0000000000000000E+00
      44   3.7333480314960632E+01       62   2.3830468750000002E+00   0.0000000000000000E+00
      44   3.7333480314960632E+01       63   2.4220312500000003E+00   0.0000000000000000E+00
      44   3.7333480314960632E+01       64   2.4610156249999999E+00   0.0000000000000000E+00
 
      45   3.8201700787401577E+01        1   5.0000000000000001E-03   0.0000000000000000E+00
      45   3.8201700787401577E+01        2   4.3984374999999999E-02   0.0000000000000000E+00
      45   3.8201700787401577E+01        3   8.2968750000000008E-02   0.0000000000000000E+00
      45   3.8201700787401577E+01        4   1.2195312500000001E-01   0.0000000000000000E+00
      45   3.8201700787401577E+01        5   1.6093750000000001E-01   0.0000000000000000E+00
      45   3.8201700787401577E+01        6   1.9992187500000000E-01   0.0000000000000000E+00
      45   3.8201700787401577E+01        7   2.3890625000000001E-01   0.0000000000000000E+00
      45   3.8201700787401577E+01        8   2.7789062500000000E-01   0.0000000000000000E+00
      45   3.8201700787401577E+01        9   3.1687500000000002E-01   0.0000000000000000E+00
      45   3.8201700787401577E+01       10   3.5585937500000003E-01   0.0000000000000000E+00
      45   3.8201700787401577E+01       11   3.9484374999999999E-01   0.0000000000000000E+00
      45   3.8201700787401577E+01       12   4.3382812500000001E-01   0.0000000000000000E+00
      45   3.8201700787401577E+01       13   4.7281250000000002E-01   0.0000000000000000E+00
      45   3.8201700787401577E+01       14   5.1179687500000004E-01   0.0000000000000000E+00
      45   3.8201700787401577E+01       15   5.5078125000000000E-01   0.0000000000000000E+00
      45   3.8201700787401577E+01       16   5.8976562500000007E-01   0.0000000000000000E+00
      45   3.8201700787401577E+01       17   6.2875000000000003E-01   0.0000000000000000E+00
      45   3.8201700787401577E+01       18   6.6773437499999999E-01   0.0000000000000000E+00
      45   3.8201700787401577E+01       19   7.0671875000000006E-01   0.0000000000000000E+00
      45   3.8201700787401577E+01       20   7.4570312500000002E-01   0.0000000000000000E+00
      45   3.8201700787401577E+01       21   7.8468749999999998E-01   0.0000000000000000E+00
      45   3.8201700787401577E+01       22   8.2367187500000005E-01   0.0000000000000000E+00
      45   3.8201700787401577E+01       23   8.6265625000000001E-01   0.0000000000000000E+00
      45   3.8201700787401577E+01       24   9.0164062500000008E-01   0.0000000000000000E+00
      45   3.8201700787401577E+01       25   9.4062500000000004E-01   0.0000000000000000E+00
      45   3.8201700787401577E+01       26   9.7960937500000000E-01   0.0000000000000000E+00
      45   3.8201700787401577E+01       27   1.0185937500000000E+00   0.0000000000000000E+00
      45   3.8201700787401577E+01       28   1.0575781250000000E+00   0.0000000000000000E+00
      45   3.8201700787401577E+01       29   1.0965625000000001E+00   0.0000000000000000E+00
      45   3.8201700787401577E+01       30   1.1355468750000000E+00   0.0000000000000000E+00
      45   3.8201700787401577E+01       31   1.1745312500000000E+00   0.0000000000000000E+00
      45   3.8201700787401577E+01       32   1.2135156250000001E+00   0.0000000000000000E+00
      45   3.8201700787401577E+01       33   1.2524999999999999E+00   0.0000000000000000E+00
      45   3.8201700787401577E+01       34   1.2914843750000000E+00   0.0000000000000000E+00
      45   3.8201700787401577E+01       35   1.3304687500000001E+00   0.0000000000000000E+00
      45   3.8201700787401577E+01       36   1.3694531250000002E+00   0.0000000000000000E+00
      45   3.8201700787401577E+01       37   1.4084375000000000E+00   0.0000000000000000E+00
      45   3.8201700787401577E+01       38   1.4474218750000001E+00   0.0000000000000000E+00
      45   3.8201700787401577E+01       39   1.4864062500000002E+00   0.0000000000000000E+00
      45   3.8201700787401577E+01       40   1.5253906250000000E+00   0.0000000000000000E+00
      45   3.8201700787401577E+01       41   1.5643750000000001E+00   0.0000000000000000E+00
      45   3.8201700787401577E+01       42   1.6033593750000001E+00   0.0000000000000000E+00
      45   3.8201700787401577E+01       43   1.6423437500000000E+00   0.0000000000000000E+00
      45   3.8201700787401577E+01       44   1.6813281250000001E+00   0.0000000000000000E+00
      45   3.8201700787401577E+01       45   1.7203125000000001E+00   0.0000000000000000E+00
      45   3.8201700787401577E+01       46   1.7592968750000000E+00   0.0000000000000000E+00
      45   3.8201700787401577E+01       47   1.7982812500000001E+00   0.0000000000000000E+00
      45   3.8201700787401577E+01       48   1.8372656250000001E+00   0.0000000000000000E+00
      45   3.8201700787401577E+01       49   1.8762500000000000E+00   0.0000000000000000E+00
      45   3.8201700787401577E+01       50   1.9152343750000000E+00   0.0000000000000000E+00
      45   3.8201700787401577E+01       51   1.9542187500000001E+00   0.0000000000000000E+00
      45   3.8201700787401577E+01       52   1.9932031250000002E+00   0.0000000000000000E+00
      45   3.8201700787401577E+01       53   2.0321875000000000E+00   0.0000000000000000E+00
      45   3.8201700787401577E+01       54   2.0711718750000001E+00   0.0000000000000000E+00
      45   3.8201700787401577E+01       55   2.1101562500000002E+00   0.0000000000000000E+00
      45   3.8201700787401577E+01       56   2.1491406250000002E+00   0.0000000000000000E+00
      45   3.8201700787401577E+01       57   2.1881249999999999E+00   0.0000000000000000E+00
      45   3.8201700787401577E+01       58   2.2271093749999999E+00   0.0000000000000000E+00
      45   3.8201700787401577E+01       59   2.2660937500000000E+00   0.0000000000000000E+00
      45   3.8201700787401577E+01       60   2.3050781250000001E+00   0.0000000000000000E+00
      45   3.8201700787401577E+01       61   2.3440625000000002E+00   0.0000000000000000E+00
      45   3.8201700787401577E+01       62   2.3830468750000002E+00   0.0000000000000000E+00
      45   3.8201700787401577E+01       63   2.4220312500000003E+00   0.0000000000000000E+00
      45   3.8201700787401577E+01       64   2.4610156249999999E+00   0.0000000000000000E+00
 
      46   3.9069921259842523E+01        1   5.0000000000000001E-03   0.0000000000000000E+00
      46   3.9069921259842523E+01        2   4.3984374999999999E-02   0.0000000000000000E+00
      46   3.9069921259842523E+01        3   8.2968750000000008E-02   0.0000000000000000E+00
      46   3.9069921259842523E+01        4   1.2195312500000001E-01   0.0000000000000000E+00
      46   3.9069921259842523E+01        5   1.6093750000000001E-01   0.0000000000000000E+00
      46   3.9069921259842523E+01        6   1.9992187500000000E-01   0.0000000000000000E+00
      46   3.9069921259842523E+01        7   2.3890625000000001E-01   0.0000000000000000E+00
      46   3.9069921259842523E+01        8   2.7789062500000000E-01   0.0000000000000000E+00
      46   3.9069921259842523E+01        9   3.1687500000000002E-01   0.0000000000000000E+00
      46   3.9069921259842523E+01       10   3.5585937500000003E-01   0.0000000000000000E+00
      46   3.9069921259842523E+01       11   3.9484374999999999E-01   0.0000000000000000E+00
      46   3.9069921259842523E+01       12   4.3382812500000001E-01   0.0000000000000000E+00
      46   3.9069921259842523E+01       13   4.7281250000000002E-01   0.0000000000000000E+00
      46   3.9069921259842523E+01       14   5.1179687500000004E-01   0.0000000000000000E+00
      46   3.9069921259842523E+01       15   5.5078125000000000E-01   0.0000000000000000E+00
      46   3.9069921259842523E+01       16   5.8976562500000007E-01   0.0000000000000000E+00
      46   3.9069921259842523E+01       17   6.2875000000000003E-01   0.0000000000000000E+00
      46   3.9069921259842523E+01       18   6.6773437499999999E-01   0.0000000000000000E+00
      46   3.9069921259842523E+01       19   7.0671875000000006E-01   0.0000000000000000E+00
      46   3.9069921259842523E+01       20   7.4570312500000002E-01   0.0000000000000000E+00
      46   3.9069921259842523E+01       21   7.8468749999999998E-01   0.0000000000000000E+00
      46   3.9069921259842523E+01       22   8.2367187500000005E-01   0.0000000000000000E+00
      46   3.9069921259842523E+01       23   8.6265625000000001E-01   0.0000000000000000E+00
      46   3.9069921259842523E+01       24   9.0164062500000008E-01   0.0000000000000000E+00
      46   3.9069921259842523E+01       25   9.4062500000000004E-01   0.0000000000000000E+00
      46   3.9069921259842523E+01       26   9.7960937500000000E-01   0.0000000000000000E+00
      46   3.9069921259842523E+01       27   1.0185937500000000E+00   0.0000000000000000E+00
      46   3.9069921259842523E+01       28   1.0575781250000000E+00   0.0000000000000000E+00
      46   3.9069921259842523E+01       29   1.0965625000000001E+00   0.0000000000000000E+00
      46   3.9069921259842523E+01       30   1.1355468750000000E+00   0.0000000000000000E+00
      46   3.9069921259842523E+01       31   1.1745312500000000E+00   0.0000000000000000E+00
      46   3.9069921259842523E+01       32   1.2135156250000001E+00   0.0000000000000000E+00
      46   3.9069921259842523E+01       33   1.2524999999999999E+00   0.0000000000000000E+00
      46   3.9069921259842523E+01       34   1.2914843750000000E+00   0.0000000000000000E+00
      46   3.9069921259842523E+01       35   1.3304687500000001E+00   0.0000000000000000E+00
      46   3.9069921259842523E+01       36   1.3694531250000002E+00   0.0000000000000000E+00
      46   3.9069921259842523E+01       37   1.4084375000000000E+00   0.0000000000000000E+00
      46   3.9069921259842523E+01       38   1.4474218750000001E+00   0.0000000000000000E+00
      46   3.9069921259842523E+01       39   1.4864062500000002E+00   0.0000000000000000E+00
      46   3.9069921259842523E+01       40   1.5253906250000000E+00   0.0000000000000000E+00
      46   3.9069921259842523E+01       41   1.5643750000000001E+00   0.0000000000000000E+00
      46   3.9069921259842523E+01       42   1.6033593750000001E+00   0.0000000000000000E+00
      46   3.9069921259842523E+01       43   1.6423437500000000E+00   0.0000000000000000E+00
      46   3.9069921259842523E+01       44   1.6813281250000001E+00   0.0000000000000000E+00
      46   3.9069921259842523E+01       45   1.7203125000000001E+00   0.0000000000000000E+00
      46   3.9069921259842523E+01       46   1.7592968750000000E+00   0.0000000000000000E+00
      46   3.9069921259842523E+01       47   1.7982812500000001E+00   0.0000000000000000E+00
      46   3.9069921259842523E+01       48   1.8372656250000001E+00   0.0000000000000000E+00
      46   3.9069921259842523E+01       49   1.8762500000000000E+00   0.0000000000000000E+00
      46   3.9069921259842523E+01       50   1.9152343750000000E+00   0.0000000000000000E+00
      46   3.9069921259842523E+01       51   1.9542187500000001E+00   0.0000000000000000E+00
      46   3.9069921259842523E+01       52   1.9932031250000002E+00   0.0000000000000000E+00
      46   3.9069921259842523E+01       53   2.0321875000000000E+00   0.0000000000000000E+00
      46   3.9069921259842523E+01       54   2.0711718750000001E+00   0.0000000000000000E+00
      46   3.9069921259842523E+01       55   2.1101562500000002E+00   0.0000000000000000E+00
      46   3.9069921259842523E+01       56   2.1491406250000002E+00   0.0000000000000000E+00
      46   3.9069921259842523E+01       57   2.1881249999999999E+00   0.0000000000000000E+00
      46   3.9069921259842523E+01       58   2.2271093749999999E+00   0.0000000000000000E+00
      46   3.9069921259842523E+01       59   2.2660937500000000E+00   0.0000000000000000E+00
      46   3.9069921259842523E+01       60   2.3050781250000001E+00   0.0000000000000000E+00
      46   3.9069921259842523E+01       61   2.3440625000000002E+00   0.0000000000000000E+00
      46   3.9069921259842523E+01       62   2.3830468750000002E+00   0.0000000000000000E+00
      46   3.9069921259842523E+01       63   2.4220312500000003E+00   0.0000000000000000E+00
      46   3.9069921259842523E+01       64   2.4610156249999999E+00   0.0000000000000000E+00
 
      47   3.9938141732283469E+01        1   5.0000000000000001E-03   0.0000000000000000E+00
      47   3.9938141732283469E+01        2   4.3984374999999999E-02   0.0000000000000000E+00
      47   3.9938141732283469E+01        3   8.2968750000000008E-02   0.0000000000000000E+00
      47   3.9938141732283469E+01        4   1.2195312500000001E-01   0.0000000000000000E+00
      47   3.9938141732283469E+01        5   1.6093750000000001E-01   0.0000000000000000E+00
      47   3.9938141732283469E+01        6   1.9992187500000000E-01   0.0000000000000000E+00
      47   3.9938141732283469E+01        7   2.3890625000000001E-01   0.0000000000000000E+00
      47   3.9938141732283469E+01        8   2.7789062500000000E-01   0.0000000000000000E+00
      47   3.9938141732283469E+01        9   3.1687500000000002E-01   0.0000000000000000E+00
      47   3.9938141732283469E+01       10   3.5585937500000003E-01   0.0000000000000000E+00
      47   3.9938141732283469E+01       11   3.9484374999999999E-01   0.0000000000000000E+00
      47   3.9938141732283469E+01       12   4.3382812500000001E-01   0.0000000000000000E+00
      47   3.9938141732283469E+01       13   4.7281250000000002E-01   0.0000000000000000E+00
      47   3.9938141732283469E+01       14   5.1179687500000004E-01   0.0000000000000000E+00
      47   3.9938141732283469E+01       15   5.5078125000000000E-01   0.0000000000000000E+00
      47   3.9938141732283469E+01       16   5.8976562500000007E-01   0.0000000000000000E+00
      47   3.9938141732283469E+01       17   6.2875000000000003E-01   0.0000000000000000E+00
      47   3.9938141732283469E+01       18   6.6773437499999999E-01   0.0000000000000000E+00
      47   3.9938141732283469E+01       19   7.0671875000000006E-01   0.0000000000000000E+00
      47   3.9938141732283469E+01       20   7.4570312500000002E-01   0.0000000000000000E+00
      47   3.9938141732283469E+01       21   7.8468749999999998E-01   0.0000000000000000E+00
      47   3.9938141732283469E+01       22   8.2367187500000005E-01   0.0000000000000000E+00
      47   3.9938141732283469E+01       23   8.6265625000000001E-01   0.0000000000000000E+00
      47   3.9938141732283469E+01       24   9.0164062500000008E-01   0.0000000000000000E+00
      47   3.9938141732283469E+01       25   9.4062500000000004E-01   0.0000000000000000E+00
      47   3.9938141732283469E+01       26   9.7960937500000000E-01   0.0000000000000000E+00
      47   3.9938141732283469E+01       27   1.0185937500000000E+00   0.0000000000000000E+00
      47   3.9938141732283469E+01       28   1.0575781250000000E+00   0.0000000000000000E+00
      47   3.9938141732283469E+01       29   1.0965625000000001E+00   0.0000000000000000E+00
      47   3.9938141732283469E+01       30   1.1355468750000000E+00   0.0000000000000000E+00
      47   3.9938141732283469E+01       31   1.1745312500000000E+00   0.0000000000000000E+00
      47   3.9938141732283469E+01       32   1.2135156250000001E+00   0.0000000000000000E+00
      47   3.9938141732283469E+01       33   1.2524999999999999E+00   0.0000000000000000E+00
      47   3.9938141732283469E+01       34   1.2914843750000000E+00   0.0000000000000000E+00
      47   3.9938141732283469E+01       35   1.3304687500000001E+00   0.0000000000000000E+00
      47   3.9938141732283469E+01       36   1.3694531250000002E+00   0.0000000000000000E+00
      47   3.9938141732283469E+01       37   1.4084375000000000E+00   0.0000000000000000E+00
      47   3.9938141732283469E+01       38   1.4474218750000001E+00   0.0000000000000000E+00
      47   3.9938141732283469E+01       39   1.4864062500000002E+00   0.0000000000000000E+00
      47   3.9938141732283469E+01       40   1.5253906250000000E+00   0.0000000000000000E+00
      47   3.9938141732283469E+01       41   1.5643750000000001E+00   0.0000000000000000E+00
      47   3.9938141732283469E+01       42   1.6033593750000001E+00   0.0000000000000000E+00
      47   3.9938141732283469E+01       43   1.6423437500000000E+00   0.0000000000000000E+00
      47   3.9938141732283469E+01       44   1.6813281250000001E+00   0.0000000000000000E+00
      47   3.9938141732283469E+01       45   1.7203125000000001E+00   0.0000000000000000E+00
      47   3.9938141732283469E+01       46   1.7592968750000000E+00   0.0000000000000000E+00
      47   3.9938141732283469E+01       47   1.7982812500000001E+00   0.0000000000000000E+00
      47   3.9938141732283469E+01       48   1.8372656250000001E+00   0.0000000000000000E+00
      47   3.9938141732283469E+01       49   1.8762500000000000E+00   0.0000000000000000E+00
      47   3.9938141732283469E+01       50   1.9152343750000000E+00   0.0000000000000000E+00
      47   3.9938141732283469E+01       51   1.9542187500000001E+00   0.0000000000000000E+00
      47   3.9938141732283469E+01       52   1.9932031250000002E+00   0.0000000000000000E+00
      47   3.9938141732283469E+01       53   2.0321875000000000E+00   0.0000000000000000E+00
      47   3.9938141732283469E+01       54   2.0711718750000001E+00   0.0000000000000000E+00
      47   3.9938141732283469E+01       55   2.1101562500000002E+00   0.0000000000000000E+00
      47   3.9938141732283469E+01       56   2.1491406250000002E+00   0.0000000000000000E+00
      47   3.9938141732283469E+01       57   2.1881249999999999E+00   0.0000000000000000E+00
      47   3.9938141732283469E+01       58   2.2271093749999999E+00   0.0000000000000000E+00
      47   3.9938141732283469E+01       59   2.2660937500000000E+00   0.0000000000000000E+00
      47   3.9938141732283469E+01       60   2.3050781250000001E+00   0.0000000000000000E+00
      47   3.9938141732283469E+01       61   2.3440625000000002E+00   0.0000000000000000E+00
      47   3.9938141732283469E+01       62   2.3830468750000002E+00   0.0000000000000000E+00
      47   3.9938141732283469E+01       63   2.4220312500000003E+00   0.0000000000000000E+00
      47   3.9938141732283469E+01       64   2.4610156249999999E+00   0.0000000000000000E+00
 
      48   4.0806362204724408E+01        1   5.0000000000000001E-03   0.0000000000000000E+00
      48   4.0806362204724408E+01        2   4.3984374999999999E-02   0.0000000000000000E+00
      48   4.0806362204724408E+01        3   8.2968750000000008E-02   0.0000000000000000E+00
      48   4.0806362204724408E+01        4   1.2195312500000001E-01   0.0000000000000000E+00
      48   4.0806362204724408E+01        5   1.6093750000000001E-01   0.0000000000000000E+00
      48   4.0806362204724408E+01        6   1.9992187500000000E-01   0.0000000000000000E+00
      48   4.0806362204724408E+01        7   2.3890625000000001E-01   0.0000000000000000E+00
      48   4.0806362204724408E+01        8   2.7789062500000000E-01   0.0000000000000000E+00
      48   4.0806362204724408E+01        9   3.1687500000000002E-01   0.0000000000000000E+00
      48   4.0806362204724408E+01       10   3.5585937500000003E-01   0.0000000000000000E+00
      48   4.0806362204724408E+01       11   3.9484374999999999E-01   0.0000000000000000E+00
      48   4.0806362204724408E+01       12   4.3382812500000001E-01   0.0000000000000000E+00
      48   4.0806362204724408E+01       13   4.7281250000000002E-01   0.0000000000000000E+00
      48   4.0806362204724408E+01       14   5.1179687500000004E-01   0.0000000000000000E+00
      48   4.0806362204724408E+01       15   5.5078125000000000E-01   0.0000000000000000E+00
      48   4.0806362204724408E+01       16   5.8976562500000007E-01   0.0000000000000000E+00
      48   4.0806362204724408E+01       17   6.2875000000000003E-01   0.0000000000000000E+00
      48   4.0806362204724408E+01       18   6.6773437499999999E-01   0.0000000000000000E+00
      48   4.0806362204724408E+01       19   7.0671875000000006E-01   0.0000000000000000E+00
      48   4.0806362204724408E+01       20   7.4570312500000002E-01   0.0000000000000000E+00
      48   4.0806362204724408E+01       21   7.8468749999999998E-01   0.0000000000000000E+00
      48   4.0806362204724408E+01       22   8.2367187500000005E-01   0.0000000000000000E+00
      48   4.0806362204724408E+01       23   8.6265625000000001E-01   0.0000000000000000E+00
      48   4.0806362204724408E+01       24   9.0164062500000008E-01   0.0000000000000000E+00
      48   4.0806362204724408E+01       25   9.4062500000000004E-01   0.0000000000000000E+00
      48   4.0806362204724408E+01       26   9.7960937500000000E-01   0.0000000000000000E+00
      48   4.0806362204724408E+01       27   1.0185937500000000E+00   0.0000000000000000E+00
      48   4.0806362204724408E+01       28   1.0575781250000000E+00   0.0000000000000000E+00
      48   4.0806362204724408E+01       29   1.0965625000000001E+00   0.0000000000000000E+00
      48   4.0806362204724408E+01       30   1.1355468750000000E+00   0.0000000000000000E+00
      48   4.0806362204724408E+01       31   1.1745312500000000E+00   0.0000000000000000E+00
      48   4.0806362204724408E+01       32   1.2135156250000001E+00   0.0000000000000000E+00
      48   4.0806362204724408E+01       33   1.2524999999999999E+00   0.0000000000000000E+00
      48   4.0806362204724408E+01       34   1.2914843750000000E+00   0.0000000000000000E+00
      48   4.0806362204724408E+01       35   1.3304687500000001E+00   0.0000000000000000E+00
      48   4.0806362204724408E+01       36   1.3694531250000002E+00   0.0000000000000000E+00
      48   4.0806362204724408E+01       37   1.4084375000000000E+00   0.0000000000000000E+00
      48   4.0806362204724408E+01       38   1.4474218750000001E+00   0.0000000000000000E+00
      48   4.0806362204724408E+01       39   1.4864062500000002E+00   0.0000000000000000E+00
      48   4.0806362204724408E+01       40   1.5253906250000000E+00   0.0000000000000000E+00
      48   4.0806362204724408E+01       41   1.5643750000000001E+00   0.0000000000000000E+00
      48   4.0806362204724408E+01       42   1.6033593750000001E+00   0.0000000000000000E+00
      48   4.0806362204724408E+01       43   1.6423437500000000E+00   0.0000000000000000E+00
      48   4.0806362204724408E+01       44   1.6813281250000001E+00   0.0000000000000000E+00
      48   4.0806362204724408E+01       45   1.7203125000000001E+00   0.0000000000000000E+00
      48   4.0806362204724408E+01       46   1.7592968750000000E+00   0.0000000000000000E+00
      48   4.0806362204724408E+01       47   1.7982812500000001E+00   0.0000000000000000E+00
      48   4.0806362204724408E+01       48   1.8372656250000001E+00   0.0000000000000000E+00
      48   4.0806362204724408E+01       49   1.8762500000000000E+00   0.0000000000000000E+00
      48   4.0806362204724408E+01       50   1.9152343750000000E+00   0.0000000000000000E+00
      48   4.0806362204724408E+01       51   1.9542187500000001E+00   0.0000000000000000E+00
      48   4.0806362204724408E+01       52   1.9932031250000002E+00   0.0000000000000000E+00
      48   4.0806362204724408E+01       53   2.0321875000000000E+00   0.0000000000000000E+00
      48   4.0806362204724408E+01       54   2.0711718750000001E+00   0.0000000000000000E+00
      48   4.0806362204724408E+01       55   2.1101562500000002E+00   0.0000000000000000E+00
      48   4.0806362204724408E+01       56   2.1491406250000002E+00   0.0000000000000000E+00
      48   4.0806362204724408E+01       57   2.1881249999999999E+00   0.0000000000000000E+00
      48   4.0806362204724408E+01       58   2.2271093749999999E+00   0.0000000000000000E+00
      48   4.0806362204724408E+01       59   2.2660937500000000E+00   0.0000000000000000E+00
      48   4.0806362204724408E+01       60   2.3050781250000001E+00   0.0000000000000000E+00
      48   4.0806362204724408E+01       61   2.3440625000000002E+00   0.0000000000000000E+00
      48   4.0806362204724408E+01       62   2.3830468750000002E+00   0.0000000000000000E+00
      48   4.0806362204724408E+01       63   2.4220312500000003E+00   0.0000000000000000E+00
      48   4.0806362204724408E+01       64   2.4610156249999999E+00   0.0000000000000000E+00
 
      49   4.1674582677165354E+01        1   5.0000000000000001E-03   0.0000000000000000E+00
      49   4.1674582677165354E+01        2   4.3984374999999999E-02   0.0000000000000000E+00
      49   4.1674582677165354E+01        3   8.2968750000000008E-02   0.0000000000000000E+00
      49   4.1674582677165354E+01        4   1.2195312500000001E-01   0.0000000000000000E+00
      49   4.1674582677165354E+01        5   1.6093750000000001E-01   0.0000000000000000E+00
      49   4.1674582677165354E+01        6   1.9992187500000000E-01   0.0000000000000000E+00
      49   4.1674582677165354E+01        7   2.3890625000000001E-01   0.0000000000000000E+00
      49   4.1674582677165354E+01        8   2.7789062500000000E-01   0.0000000000000000E+00
      49   4.1674582677165354E+01        9   3.1687500000000002E-01   0.0000000000000000E+00
      49   4.1674582677165354E+01       10   3.5585937500000003E-01   0.0000000000000000E+00
      49   4.1674582677165354E+01       11   3.9484374999999999E-01   0.0000000000000000E+00
      49   4.1674582677165354E+01       12   4.3382812500000001E-01   0.0000000000000000E+00
      49   4.1674582677165354E+01       13   4.7281250000000002E-01   0.0000000000000000E+00
      49   4.1674582677165354E+01       14   5.1179687500000004E-01   0.0000000000000000E+00
      49   4.1674582677165354E+01       15   5.5078125000000000E-01   0.0000000000000000E+00
      49   4.1674582677165354E+01       16   5.8976562500000007E-01   0.0000000000000000E+00
      49   4.1674582677165354E+01       17   6.2875000000000003E-01   0.0000000000000000E+00
      49   4.1674582677165354E+01       18   6.6773437499999999E-01   0.0000000000000000E+00
      49   4.1674582677165354E+01       19   7.0671875000000006E-01   0.0000000000000000E+00
      49   4.1674582677165354E+01       20   7.4570312500000002E-01   0.0000000000000000E+00
      49   4.1674582677165354E+01       21   7.8468749999999998E-01   0.0000000000000000E+00
      49   4.1674582677165354E+01       22   8.2367187500000005E-01   0.0000000000000000E+00
      49   4.1674582677165354E+01       23   8.6265625000000001E-01   0.0000000000000000E+00
      49   4.1674582677165354E+01       24   9.0164062500000008E-01   0.0000000000000000E+00
      49   4.1674582677165354E+01       25   9.4062500000000004E-01   0.0000000000000000E+00
      49   4.1674582677165354E+01       26   9.7960937500000000E-01   0.0000000000000000E+00
      49   4.1674582677165354E+01       27   1.0185937500000000E+00   0.0000000000000000E+00
      49   4.1674582677165354E+01       28   1.0575781250000000E+00   0.0000000000000000E+00
      49   4.1674582677165354E+01       29   1.0965625000000001E+00   0.0000000000000000E+00
      49   4.1674582677165354E+01       30   1.1355468750000000E+00   0.0000000000000000E+00
      49   4.1674582677165354E+01       31   1.1745312500000000E+00   0.0000000000000000E+00
      49   4.1674582677165354E+01       32   1.2135156250000001E+00   0.0000000000000000E+00
      49   4.1674582677165354E+01       33   1.2524999999999999E+00   0.0000000000000000E+00
      49   4.1674582677165354E+01       34   1.2914843750000000E+00   0.0000000000000000E+00
      49   4.1674582677165354E+01       35   1.3304687500000001E+00   0.0000000000000000E+00
      49   4.1674582677165354E+01       36   1.3694531250000002E+00   0.0000000000000000E+00
      49   4.1674582677165354E+01       37   1.4084375000000000E+00   0.0000000000000000E+00
      49   4.1674582677165354E+01       38   1.4474218750000001E+00   0.0000000000000000E+00
      49   4.1674582677165354E+01       39   1.4864062500000002E+00   0.0000000000000000E+00
      49   4.1674582677165354E+01       40   1.5253906250000000E+00   0.0000000000000000E+00
      49   4.1674582677165354E+01       41   1.5643750000000001E+00   0.0000000000000000E+00
      49   4.1674582677165354E+01       42   1.6033593750000001E+00   0.0000000000000000E+00
      49   4.1674582677165354E+01       43   1.6423437500000000E+00   0.0000000000000000E+00
      49   4.1674582677165354E+01       44   1.6813281250000001E+00   0.0000000000000000E+00
      49   4.1674582677165354E+01       45   1.7203125000000001E+00   0.0000000000000000E+00
      49   4.1674582677165354E+01       46   1.7592968750000000E+00   0.0000000000000000E+00
      49   4.1674582677165354E+01       47   1.7982812500000001E+00   0.0000000000000000E+00
      49   4.1674582677165354E+01       48   1.8372656250000001E+00   0.0000000000000000E+00
      49   4.1674582677165354E+01       49   1.8762500000000000E+00   0.0000000000000000E+00
      49   4.1674582677165354E+01       50   1.9152343750000000E+00   0.0000000000000000E+00
      49   4.1674582677165354E+01       51   1.9542187500000001E+00   0.0000000000000000E+00
      49   4.1674582677165354E+01       52   1.9932031250000002E+00   0.0000000000000000E+00
      49   4.1674582677165354E+01       53   2.0321875000000000E+00   0.0000000000000000E+00
      49   4.1674582677165354E+01       54   2.0711718750000001E+00   0.0000000000000000E+00
      49   4.1674582677165354E+01       55   2.1101562500000002E+00   0.0000000000000000E+00
      49   4.1674582677165354E+01       56   2.1491406250000002E+00   0.0000000000000000E+00
      49   4.1674582677165354E+01       57   2.1881249999999999E+00   0.0000000000000000E+00
      49   4.1674582677165354E+01       58   2.2271093749999999E+00   0.0000000000000000E+00
      49   4.1674582677165354E+01       59   2.2660937500000000E+00   0.0000000000000000E+00
      49   4.1674582677165354E+01       60   2.3050781250000001E+00   0.0000000000000000E+00
      49   4.1674582677165354E+01       61   2.3440625000000002E+00   0.0000000000000000E+00
      49   4.1674582677165354E+01       62   2.3830468750000002E+00   0.0000000000000000E+00
      49   4.1674582677165354E+01       63   2.4220312500000003E+00   0.0000000000000000E+00
      49   4.1674582677165354E+01       64   2.4610156249999999E+00   0.0000000000000000E+00
 
      50   4.2542803149606300E+01        1   5.0000000000000001E-03   0.0000000000000000E+00
      50   4.2542803149606300E+01        2   4.3984374999999999E-02   0.0000000000000000E+00
      50   4.2542803149606300E+01        3   8.2968750000000008E-02   0.0000000000000000E+00
      50   4.2542803149606300E+01        4   1.2195312500000001E-01   0.0000000000000000E+00
      50   4.2542803149606300E+01        5   1.6093750000000001E-01   0.0000000000000000E+00
      50   4.2542803149606300E+01        6   1.9992187500000000E-01   0.0000000000000000E+00
      50   4.2542803149606300E+01        7   2.3890625000000001E-01   0.0000000000000000E+00
      50   4.2542803149606300E+01        8   2.7789062500000000E-01   0.0000000000000000E+00
      50   4.2542803149606300E+01        9   3.1687500000000002E-01   0.0000000000000000E+00
      50   4.2542803149606300E+01       10   3.5585937500000003E-01   0.0000000000000000E+00
      50   4.2542803149606300E+01       11   3.9484374999999999E-01   0.0000000000000000E+00
      50   4.2542803149606300E+01       12   4.3382812500000001E-01   0.0000000000000000E+00
      50   4.2542803149606300E+01       13   4.7281250000000002E-01   0.0000000000000000E+00
      50   4.2542803149606300E+01       14   5.1179687500000004E-01   0.0000000000000000E+00
      50   4.2542803149606300E+01       15   5.5078125000000000E-01   0.0000000000000000E+00
      50   4.2542803149606300E+01       16   5.8976562500000007E-01   0.0000000000000000E+00
      50   4.2542803149606300E+01       17   6.2875000000000003E-01   0.0000000000000000E+00
      50   4.2542803149606300E+01       18   6.6773437499999999E-01   0.0000000000000000E+00
      50   4.2542803149606300E+01       19   7.0671875000000006E-01   0.0000000000000000E+00
      50   4.2542803149606300E+01       20   7.4570312500000002E-01   0.0000000000000000E+00
      50   4.2542803149606300E+01       21   7.8468749999999998E-01   0.0000000000000000E+00
      50   4.2542803149606300E+01       22   8.2367187500000005E-01   0.0000000000000000E+00
      50   4.2542803149606300E+01       23   8.6265625000000001E-01   0.0000000000000000E+00
      50   4.2542803149606300E+01       24   9.0164062500000008E-01   0.0000000000000000E+00
      50   4.2542803149606300E+01       25   9.4062500000000004E-01   0.0000000000000000E+00
      50   4.2542803149606300E+01       26   9.7960937500000000E-01   0.0000000000000000E+00
      50   4.2542803149606300E+01       27   1.0185937500000000E+00   0.0000000000000000E+00
      50   4.2542803149606300E+01       28   1.0575781250000000E+00   0.0000000000000000E+00
      50   4.2542803149606300E+01       29   1.0965625000000001E+00   0.0000000000000000E+00
      50   4.2542803149606300E+01       30   1.1355468750000000E+00   0.0000000000000000E+00
      50   4.2542803149606300E+01       31   1.1745312500000000E+00   0.0000000000000000E+00
      50   4.2542803149606300E+01       32   1.2135156250000001E+00   0.0000000000000000E+00
      50   4.2542803149606300E+01       33   1.2524999999999999E+00   0.0000000000000000E+00
      50   4.2542803149606300E+01       34   1.2914843750000000E+00   0.0000000000000000E+00
      50   4.2542803149606300E+01       35   1.3304687500000001E+00   0.0000000000000000E+00
      50   4.2542803149606300E+01       36   1.3694531250000002E+00   0.0000000000000000E+00
      50   4.2542803149606300E+01       37   1.4084375000000000E+00   0.0000000000000000E+00
      50   4.2542803149606300E+01       38   1.4474218750000001E+00   0.0000000000000000E+00
      50   4.2542803149606300E+01       39   1.4864062500000002E+00   0.0000000000000000E+00
      50   4.2542803149606300E+01       40   1.5253906250000000E+00   0.0000000000000000E+00
      50   4.2542803149606300E+01       41   1.5643750000000001E+00   0.0000000000000000E+00
      50   4.2542803149606300E+01       42   1.6033593750000001E+00   0.0000000000000000E+00
      50   4.2542803149606300E+01       43   1.6423437500000000E+00   0.0000000000000000E+00
      50   4.2542803149606300E+01       44   1.6813281250000001E+00   0.0000000000000000E+00
      50   4.2542803149606300E+01       45   1.7203125000000001E+00   0.0000000000000000E+00
      50   4.2542803149606300E+01       46   1.7592968750000000E+00   0.0000000000000000E+00
      50   4.2542803149606300E+01       47   1.7982812500000001E+00   0.0000000000000000E+00
      50   4.2542803149606300E+01       48   1.8372656250000001E+00   0.0000000000000000E+00
      50   4.2542803149606300E+01       49   1.8762500000000000E+00   0.0000000000000000E+00
      50   4.2542803149606300E+01       50   1.9152343750000000E+00   0.0000000000000000E+00
      50   4.2542803149606300E+01       51   1.9542187500000001E+00   0.0000000000000000E+00
      50   4.2542803149606300E+01       52   1.9932031250000002E+00   0.0000000000000000E+00
      50   4.2542803149606300E+01       53   2.0321875000000000E+00   0.0000000000000000E+00
      50   4.2542803149606300E+01       54   2.0711718750000001E+00   0.0000000000000000E+00
      50   4.2542803149606300E+01       55   2.1101562500000002E+00   0.0000000000000000E+00
      50   4.2542803149606300E+01       56   2.1491406250000002E+00   0.0000000000000000E+00
      50   4.2542803149606300E+01       57   2.1881249999999999E+00   0.0000000000000000E+00
      50   4.2542803149606300E+01       58   2.2271093749999999E+00   0.0000000000000000E+00
      50   4.2542803149606300E+01       59   2.2660937500000000E+00   0.0000000000000000E+00
      50   4.2542803149606300E+01       60   2.3050781250000001E+00   0.0000000000000000E+00
      50   4.2542803149606300E+01       61   2.3440625000000002E+00   0.0000000000000000E+00
      50   4.2542803149606300E+01       62   2.3830468750000002E+00   0.0000000000000000E+00
      50   4.2542803149606300E+01       63   2.4220312500000003E+00   0.0000000000000000E+00
      50   4.2542803149606300E+01       64   2.4610156249999999E+00   0.0000000000000000E+00
 
      51   4.3411023622047246E+01        1   5.0000000000000001E-03   0.0000000000000000E+00
      51   4.3411023622047246E+01        2   4.3984374999999999E-02   0.0000000000000000E+00
      51   4.3411023622047246E+01        3   8.2968750000000008E-02   0.0000000000000000E+00
      51   4.3411023622047246E+01        4   1.2195312500000001E-01   0.0000000000000000E+00
      51   4.3411023622047246E+01        5   1.6093750000000001E-01   0.0000000000000000E+00
      51   4.3411023622047246E+01        6   1.9992187500000000E-01   0.0000000000000000E+00
      51   4.3411023622047246E+01        7   2.3890625000000001E-01   0.0000000000000000E+00
      51   4.3411023622047246E+01        8   2.7789062500000000E-01   0.0000000000000000E+00
      51   4.3411023622047246E+01        9   3.1687500000000002E-01   0.0000000000000000E+00
      51   4.3411023622047246E+01       10   3.5585937500000003E-01   0.0000000000000000E+00
      51   4.3411023622047246E+01       11   3.9484374999999999E-01   0.0000000000000000E+00
      51   4.3411023622047246E+01       12   4.3382812500000001E-01   0.0000000000000000E+00
      51   4.3411023622047246E+01       13   4.7281250000000002E-01   0.0000000000000000E+00
      51   4.3411023622047246E+01       14   5.1179687500000004E-01   0.0000000000000000E+00
      51   4.3411023622047246E+01       15   5.5078125000000000E-01   0.0000000000000000E+00
      51   4.3411023622047246E+01       16   5.8976562500000007E-01   0.0000000000000000E+00
      51   4.3411023622047246E+01       17   6.2875000000000003E-01   0.0000000000000000E+00
      51   4.3411023622047246E+01       18   6.6773437499999999E-01   0.0000000000000000E+00
      51   4.3411023622047246E+01       19   7.0671875000000006E-01   0.0000000000000000E+00
      51   4.3411023622047246E+01       20   7.4570312500000002E-01   0.0000000000000000E+00
      51   4.3411023622047246E+01       21   7.8468749999999998E-01   0.0000000000000000E+00
      51   4.3411023622047246E+01       22   8.2367187500000005E-01   0.0000000000000000E+00
      51   4.3411023622047246E+01       23   8.6265625000000001E-01   0.0000000000000000E+00
      51   4.3411023622047246E+01       24   9.0164062500000008E-01   0.0000000000000000E+00
      51   4.3411023622047246E+01       25   9.4062500000000004E-01   0.0000000000000000E+00
      51   4.3411023622047246E+01       26   9.7960937500000000E-01   0.0000000000000000E+00
      51   4.3411023622047246E+01       27   1.0185937500000000E+00   0.0000000000000000E+00
      51   4.3411023622047246E+01       28   1.0575781250000000E+00   0.0000000000000000E+00
      51   4.3411023622047246E+01       29   1.0965625000000001E+00   0.0000000000000000E+00
      51   4.3411023622047246E+01       30   1.1355468750000000E+00   0.0000000000000000E+00
      51   4.3411023622047246E+01       31   1.1745312500000000E+00   0.0000000000000000E+00
      51   4.3411023622047246E+01       32   1.2135156250000001E+00   0.0000000000000000E+00
      51   4.3411023622047246E+01       33   1.2524999999999999E+00   0.0000000000000000E+00
      51   4.3411023622047246E+01       34   1.2914843750000000E+00   0.0000000000000000E+00
      51   4.3411023622047246E+01       35   1.3304687500000001E+00   0.0000000000000000E+00
      51   4.3411023622047246E+01       36   1.3694531250000002E+00   0.0000000000000000E+00
      51   4.3411023622047246E+01       37   1.4084375000000000E+00   0.0000000000000000E+00
      51   4.3411023622047246E+01       38   1.4474218750000001E+00   0.0000000000000000E+00
      51   4.3411023622047246E+01       39   1.4864062500000002E+00   0.0000000000000000E+00
      51   4.3411023622047246E+01       40   1.5253906250000000E+00   0.0000000000000000E+00
      51   4.3411023622047246E+01       41   1.5643750000000001E+00   0.0000000000000000E+00
      51   4.3411023622047246E+01       42   1.6033593750000001E+00   0.0000000000000000E+00
      51   4.3411023622047246E+01       43   1.6423437500000000E+00   0.0000000000000000E+00
      51   4.3411023622047246E+01       44   1.6813281250000001E+00   0.0000000000000000E+00
      51   4.3411023622047246E+01       45   1.7203125000000001E+00   0.0000000000000000E+00
      51   4.3411023622047246E+01       46   1.7592968750000000E+00   0.0000000000000000E+00
      51   4.3411023622047246E+01       47   1.7982812500000001E+00   0.0000000000000000E+00
      51   4.3411023622047246E+01       48   1.8372656250000001E+00   0.0000000000000000E+00
      51   4.3411023622047246E+01       49   1.8762500000000000E+00   0.0000000000000000E+00
      51   4.3411023622047246E+01       50   1.9152343750000000E+00   0.0000000000000000E+00
      51   4.3411023622047246E+01       51   1.9542187500000001E+00   0.0000000000000000E+00
      51   4.3411023622047246E+01       52   1.9932031250000002E+00   0.0000000000000000E+00
      51   4.3411023622047246E+01       53   2.0321875000000000E+00   0.0000000000000000E+00
      51   4.3411023622047246E+01       54   2.0711718750000001E+00   0.0000000000000000E+00
      51   4.3411023622047246E+01       55   2.1101562500000002E+00   0.0000000000000000E+00
      51   4.3411023622047246E+01       56   2.1491406250000002E+00   0.0000000000000000E+00
      51   4.3411023622047246E+01       57   2.1881249999999999E+00   0.0000000000000000E+00
      51   4.3411023622047246E+01       58   2.2271093749999999E+00   0.0000000000000000E+00
      51   4.3411023622047246E+01       59   2.2660937500000000E+00   0.0000000000000000E+00
      51   4.3411023622047246E+01       60   2.3050781250000001E+00   0.0000000000000000E+00
      51   4.3411023622047246E+01       61   2.3440625000000002E+00   0.0000000000000000E+00
      51   4.3411023622047246E+01       62   2.3830468750000002E+00   0.0000000000000000E+00
      51   4.3411023622047246E+01       63   2.4220312500000003E+00   0.0000000000000000E+00
      51   4.3411023622047246E+01       64   2.4610156249999999E+00   0.0000000000000000E+00
 
      52   4.4279244094488192E+01        1   5.0000000000000001E-03   0.0000000000000000E+00
      52   4.4279244094488192E+01        2   4.3984374999999999E-02   0.0000000000000000E+00
      52   4.4279244094488192E+01        3   8.2968750000000008E-02   0.0000000000000000E+00
      52   4.4279244094488192E+01        4   1.2195312500000001E-01   0.0000000000000000E+00
      52   4.4279244094488192E+01        5   1.6093750000000001E-01   0.0000000000000000E+00
      52   4.4279244094488192E+01        6   1.9992187500000000E-01   0.0000000000000000E+00
      52   4.4279244094488192E+01        7   2.3890625000000001E-01   0.0000000000000000E+00
      52   4.4279244094488192E+01        8   2.7789062500000000E-01   0.0000000000000000E+00
      52   4.4279244094488192E+01        9   3.1687500000000002E-01   0.0000000000000000E+00
      52   4.4279244094488192E+01       10   3.5585937500000003E-01   0.0000000000000000E+00
      52   4.4279244094488192E+01       11   3.9484374999999999E-01   0.0000000000000000E+00
      52   4.4279244094488192E+01       12   4.3382812500000001E-01   0.0000000000000000E+00
      52   4.4279244094488192E+01       13   4.7281250000000002E-01   0.0000000000000000E+00
      52   4.4279244094488192E+01       14   5.1179687500000004E-01   0.0000000000000000E+00
      52   4.4279244094488192E+01       15   5.5078125000000000E-01   0.0000000000000000E+00
      52   4.4279244094488192E+01       16   5.8976562500000007E-01   0.0000000000000000E+00
      52   4.4279244094488192E+01       17   6.2875000000000003E-01   0.0000000000000000E+00
      52   4.4279244094488192E+01       18   6.6773437499999999E-01   0.0000000000000000E+00
      52   4.4279244094488192E+01       19   7.0671875000000006E-01   0.0000000000000000E+00
      52   4.4279244094488192E+01       20   7.4570312500000002E-01   0.0000000000000000E+00
      52   4.4279244094488192E+01       21   7.8468749999999998E-01   0.0000000000000000E+00
      52   4.4279244094488192E+01       22   8.2367187500000005E-01   0.0000000000000000E+00
      52   4.4279244094488192E+01       23   8.6265625000000001E-01   0.0000000000000000E+00
      52   4.4279244094488192E+01       24   9.0164062500000008E-01   0.0000000000000000E+00
      52   4.4279244094488192E+01       25   9.4062500000000004E-01   0.0000000000000000E+00
      52   4.4279244094488192E+01       26   9.7960937500000000E-01   0.0000000000000000E+00
      52   4.4279244094488192E+01       27   1.0185937500000000E+00   0.0000000000000000E+00
      52   4.4279244094488192E+01       28   1.0575781250000000E+00   0.0000000000000000E+00
      52   4.4279244094488192E+01       29   1.0965625000000001E+00   0.0000000000000000E+00
      52   4.4279244094488192E+01       30   1.1355468750000000E+00   0.0000000000000000E+00
      52   4.4279244094488192E+01       31   1.1745312500000000E+00   0.0000000000000000E+00
      52   4.4279244094488192E+01       32   1.2135156250000001E+00   0.0000000000000000E+00
      52   4.4279244094488192E+01       33   1.2524999999999999E+00   0.0000000000000000E+00
      52   4.4279244094488192E+01       34   1.2914843750000000E+00   0.0000000000000000E+00
      52   4.4279244094488192E+01       35   1.3304687500000001E+00   0.0000000000000000E+00
      52   4.4279244094488192E+01       36   1.3694531250000002E+00   0.0000000000000000E+00
      52   4.4279244094488192E+01       37   1.4084375000000000E+00   0.0000000000000000E+00
      52   4.4279244094488192E+01       38   1.4474218750000001E+00   0.0000000000000000E+00
      52   4.4279244094488192E+01       39   1.4864062500000002E+00   0.0000000000000000E+00
      52   4.4279244094488192E+01       40   1.5253906250000000E+00   0.0000000000000000E+00
      52   4.4279244094488192E+01       41   1.5643750000000001E+00   0.0000000000000000E+00
      52   4.4279244094488192E+01       42   1.6033593750000001E+00   0.0000000000000000E+00
      52   4.4279244094488192E+01       43   1.6423437500000000E+00   0.0000000000000000E+00
      52   4.4279244094488192E+01       44   1.6813281250000001E+00   0.0000000000000000E+00
      52   4.4279244094488192E+01       45   1.7203125000000001E+00   0.0000000000000000E+00
      52   4.4279244094488192E+01       46   1.7592968750000000E+00   0.0000000000000000E+00
      52   4.4279244094488192E+01       47   1.7982812500000001E+00   0.0000000000000000E+00
      52   4.4279244094488192E+01       48   1.8372656250000001E+00   0.0000000000000000E+00
      52   4.4279244094488192E+01       49   1.8762500000000000E+00   0.0000000000000000E+00
      52   4.4279244094488192E+01       50   1.9152343750000000E+00   0.0000000000000000E+00
      52   4.4279244094488192E+01       51   1.9542187500000001E+00   0.0000000000000000E+00
      52   4.4279244094488192E+01       52   1.9932031250000002E+00   0.0000000000000000E+00
      52   4.4279244094488192E+01       53   2.0321875000000000E+00   0.0000000000000000E+00
      52   4.4279244094488192E+01       54   2.0711718750000001E+00   0.0000000000000000E+00
      52   4.4279244094488192E+01       55   2.1101562500000002E+00   0.0000000000000000E+00
      52   4.4279244094488192E+01       56   2.1491406250000002E+00   0.0000000000000000E+00
      52   4.4279244094488192E+01       57   2.1881249999999999E+00   0.0000000000000000E+00
      52   4.4279244094488192E+01       58   2.2271093749999999E+00   0.0000000000000000E+00
      52   4.4279244094488192E+01       59   2.2660937500000000E+00   0.0000000000000000E+00
      52   4.4279244094488192E+01       60   2.3050781250000001E+00   0.0000000000000000E+00
      52   4.4279244094488192E+01       61   2.3440625000000002E+00   0.0000000000000000E+00
      52   4.4279244094488192E+01       62   2.3830468750000002E+00   0.0000000000000000E+00
      52   4.4279244094488192E+01       63   2.4220312500000003E+00   0.0000000000000000E+00
      52   4.4279244094488192E+01       64   2.4610156249999999E+00   0.0000000000000000E+00
 
      53   4.5147464566929138E+01        1   5.0000000000000001E-03   0.0000000000000000E+00
      53   4.5147464566929138E+01        2   4.3984374999999999E-02   0.0000000000000000E+00
      53   4.5147464566929138E+01        3   8.2968750000000008E-02   0.0000000000000000E+00
      53   4.5147464566929138E+01        4   1.2195312500000001E-01   0.0000000000000000E+00
      53   4.5147464566929138E+01        5   1.6093750000000001E-01   0.0000000000000000E+00
      53   4.5147464566929138E+01        6   1.9992187500000000E-01   0.0000000000000000E+00
      53   4.5147464566929138E+01        7   2.3890625000000001E-01   0.0000000000000000E+00
      53   4.5147464566929138E+01        8   2.7789062500000000E-01   0.0000000000000000E+00
      53   4.5147464566929138E+01        9   3.1687500000000002E-01   0.0000000000000000E+00
      53   4.5147464566929138E+01       10   3.5585937500000003E-01   0.0000000000000000E+00
      53   4.5147464566929138E+01       11   3.9484374999999999E-01   0.0000000000000000E+00
      53   4.5147464566929138E+01       12   4.3382812500000001E-01   0.0000000000000000E+00
      53   4.5147464566929138E+01       13   4.7281250000000002E-01   0.0000000000000000E+00
      53   4.5147464566929138E+01       14   5.1179687500000004E-01   0.0000000000000000E+00
      53   4.5147464566929138E+01       15   5.5078125000000000E-01   0.0000000000000000E+00
      53   4.5147464566929138E+01       16   5.8976562500000007E-01   0.0000000000000000E+00
      53   4.5147464566929138E+01       17   6.2875000000000003E-01   0.0000000000000000E+00
      53   4.5147464566929138E+01       18   6.6773437499999999E-01   0.0000000000000000E+00
      53   4.5147464566929138E+01       19   7.0671875000000006E-01   0.0000000000000000E+00
      53   4.5147464566929138E+01       20   7.4570312500000002E-01   0.0000000000000000E+00
      53   4.5147464566929138E+01       21   7.8468749999999998E-01   0.0000000000000000E+00
      53   4.5147464566929138E+01       22   8.2367187500000005E-01   0.0000000000000000E+00
      53   4.5147464566929138E+01       23   8.6265625000000001E-01   0.0000000000000000E+00
      53   4.5147464566929138E+01       24   9.0164062500000008E-01   0.0000000000000000E+00
      53   4.5147464566929138E+01       25   9.4062500000000004E-01   0.0000000000000000E+00
      53   4.5147464566929138E+01       26   9.7960937500000000E-01   0.0000000000000000E+00
      53   4.5147464566929138E+01       27   1.0185937500000000E+00   0.0000000000000000E+00
      53   4.5147464566929138E+01       28   1.0575781250000000E+00   0.0000000000000000E+00
      53   4.5147464566929138E+01       29   1.0965625000000001E+00   0.0000000000000000E+00
      53   4.5147464566929138E+01       30   1.1355468750000000E+00   0.0000000000000000E+00
      53   4.5147464566929138E+01       31   1.1745312500000000E+00   0.0000000000000000E+00
      53   4.5147464566929138E+01       32   1.2135156250000001E+00   0.0000000000000000E+00
      53   4.5147464566929138E+01       33   1.2524999999999999E+00   0.0000000000000000E+00
      53   4.5147464566929138E+01       34   1.2914843750000000E+00   0.0000000000000000E+00
      53   4.5147464566929138E+01       35   1.3304687500000001E+00   0.0000000000000000E+00
      53   4.5147464566929138E+01       36   1.3694531250000002E+00   0.0000000000000000E+00
      53   4.5147464566929138E+01       37   1.4084375000000000E+00   0.0000000000000000E+00
      53   4.5147464566929138E+01       38   1.4474218750000001E+00   0.0000000000000000E+00
      53   4.5147464566929138E+01       39   1.4864062500000002E+00   0.0000000000000000E+00
      53   4.5147464566929138E+01       40   1.5253906250000000E+00   0.0000000000000000E+00
      53   4.5147464566929138E+01       41   1.5643750000000001E+00   0.0000000000000000E+00
      53   4.5147464566929138E+01       42   1.6033593750000001E+00   0.0000000000000000E+00
      53   4.5147464566929138E+01       43   1.6423437500000000E+00   0.0000000000000000E+00
      53   4.5147464566929138E+01       44   1.6813281250000001E+00   0.0000000000000000E+00
      53   4.5147464566929138E+01       45   1.7203125000000001E+00   0.0000000000000000E+00
      53   4.5147464566929138E+01       46   1.7592968750000000E+00   0.0000000000000000E+00
      53   4.5147464566929138E+01       47   1.7982812500000001E+00   0.0000000000000000E+00
      53   4.5147464566929138E+01       48   1.8372656250000001E+00   0.0000000000000000E+00
      53   4.5147464566929138E+01       49   1.8762500000000000E+00   0.0000000000000000E+00
      53   4.5147464566929138E+01       50   1.9152343750000000E+00   0.0000000000000000E+00
      53   4.5147464566929138E+01       51   1.9542187500000001E+00   0.0000000000000000E+00
      53   4.5147464566929138E+01       52   1.9932031250000002E+00   0.0000000000000000E+00
      53   4.5147464566929138E+01       53   2.0321875000000000E+00   0.0000000000000000E+00
      53   4.5147464566929138E+01       54   2.0711718750000001E+00   0.0000000000000000E+00
      53   4.5147464566929138E+01       55   2.1101562500000002E+00   0.0000000000000000E+00
      53   4.5147464566929138E+01       56   2.1491406250000002E+00   0.0000000000000000E+00
      53   4.5147464566929138E+01       57   2.1881249999999999E+00   0.0000000000000000E+00
      53   4.5147464566929138E+01       58   2.2271093749999999E+00   0.0000000000000000E+00
      53   4.5147464566929138E+01       59   2.2660937500000000E+00   0.0000000000000000E+00
      53   4.5147464566929138E+01       60   2.3050781250000001E+00   0.0000000000000000E+00
      53   4.5147464566929138E+01       61   2.3440625000000002E+00   0.0000000000000000E+00
      53   4.5147464566929138E+01       62   2.3830468750000002E+00   0.0000000000000000E+00
      53   4.5147464566929138E+01       63   2.4220312500000003E+00   0.0000000000000000E+00
      53   4.5147464566929138E+01       64   2.4610156249999999E+00   0.0000000000000000E+00
 
      54   4.6015685039370084E+01        1   5.0000000000000001E-03   0.0000000000000000E+00
      54   4.6015685039370084E+01        2   4.3984374999999999E-02   0.0000000000000000E+00
      54   4.6015685039370084E+01        3   8.2968750000000008E-02   0.0000000000000000E+00
      54   4.6015685039370084E+01        4   1.2195312500000001E-01   0.0000000000000000E+00
      54   4.6015685039370084E+01        5   1.6093750000000001E-01   0.0000000000000000E+00
      54   4.6015685039370084E+01        6   1.9992187500000000E-01   0.0000000000000000E+00
      54   4.6015685039370084E+01        7   2.3890625000000001E-01   0.0000000000000000E+00
      54   4.6015685039370084E+01        8   2.7789062500000000E-01   0.0000000000000000E+00
      54   4.6015685039370084E+01        9   3.1687500000000002E-01   0.0000000000000000E+00
      54   4.6015685039370084E+01       10   3.5585937500000003E-01   0.0000000000000000E+00
      54   4.6015685039370084E+01       11   3.9484374999999999E-01   0.0000000000000000E+00
      54   4.6015685039370084E+01       12   4.3382812500000001E-01   0.0000000000000000E+00
      54   4.6015685039370084E+01       13   4.7281250000000002E-01   0.0000000000000000E+00
      54   4.6015685039370084E+01       14   5.1179687500000004E-01   0.0000000000000000E+00
      54   4.6015685039370084E+01       15   5.5078125000000000E-01   0.0000000000000000E+00
      54   4.6015685039370084E+01       16   5.8976562500000007E-01   0.0000000000000000E+00
      54   4.6015685039370084E+01       17   6.2875000000000003E-01   0.0000000000000000E+00
      54   4.6015685039370084E+01       18   6.6773437499999999E-01   0.0000000000000000E+00
      54   4.6015685039370084E+01       19   7.0671875000000006E-01   0.0000000000000000E+00
      54   4.6015685039370084E+01       20   7.4570312500000002E-01   0.0000000000000000E+00
      54   4.6015685039370084E+01       21   7.8468749999999998E-01   0.0000000000000000E+00
      54   4.6015685039370084E+01       22   8.2367187500000005E-01   0.0000000000000000E+00
      54   4.6015685039370084E+01       23   8.6265625000000001E-01   0.0000000000000000E+00
      54   4.6015685039370084E+01       24   9.0164062500000008E-01   0.0000000000000000E+00
      54   4.6015685039370084E+01       25   9.4062500000000004E-01   0.0000000000000000E+00
      54   4.6015685039370084E+01       26   9.7960937500000000E-01   0.0000000000000000E+00
      54   4.6015685039370084E+01       27   1.0185937500000000E+00   0.0000000000000000E+00
      54   4.6015685039370084E+01       28   1.0575781250000000E+00   0.0000000000000000E+00
      54   4.6015685039370084E+01       29   1.0965625000000001E+00   0.0000000000000000E+00
      54   4.6015685039370084E+01       30   1.1355468750000000E+00   0.0000000000000000E+00
      54   4.6015685039370084E+01       31   1.1745312500000000E+00   0.0000000000000000E+00
      54   4.6015685039370084E+01       32   1.2135156250000001E+00   0.0000000000000000E+00
      54   4.6015685039370084E+01       33   1.2524999999999999E+00   0.0000000000000000E+00
      54   4.6015685039370084E+01       34   1.2914843750000000E+00   0.0000000000000000E+00
      54   4.6015685039370084E+01       35   1.3304687500000001E+00   0.0000000000000000E+00
      54   4.6015685039370084E+01       36   1.3694531250000002E+00   0.0000000000000000E+00
      54   4.6015685039370084E+01       37   1.4084375000000000E+00   0.0000000000000000E+00
      54   4.6015685039370084E+01       38   1.4474218750000001E+00   0.0000000000000000E+00
      54   4.6015685039370084E+01       39   1.4864062500000002E+00   0.0000000000000000E+00
      54   4.6015685039370084E+01       40   1.5253906250000000E+00   0.0000000000000000E+00
      54   4.6015685039370084E+01       41   1.5643750000000001E+00   0.0000000000000000E+00
      54   4.6015685039370084E+01       42   1.6033593750000001E+00   0.0000000000000000E+00
      54   4.6015685039370084E+01       43   1.6423437500000000E+00   0.0000000000000000E+00
      54   4.6015685039370084E+01       44   1.6813281250000001E+00   0.0000000000000000E+00
      54   4.6015685039370084E+01       45   1.7203125000000001E+00   0.0000000000000000E+00
      54   4.6015685039370084E+01       46   1.7592968750000000E+00   0.0000000000000000E+00
      54   4.6015685039370084E+01       47   1.7982812500000001E+00   0.0000000000000000E+00
      54   4.6015685039370084E+01       48   1.8372656250000001E+00   0.0000000000000000E+00
      54   4.6015685039370084E+01       49   1.8762500000000000E+00   0.0000000000000000E+00
      54   4.6015685039370084E+01       50   1.9152343750000000E+00   0.0000000000000000E+00
      54   4.6015685039370084E+01       51   1.9542187500000001E+00   0.0000000000000000E+00
      54   4.6015685039370084E+01       52   1.9932031250000002E+00   0.0000000000000000E+00
      54   4.6015685039370084E+01       53   2.0321875000000000E+00   0.0000000000000000E+00
      54   4.6015685039370084E+01       54   2.0711718750000001E+00   0.0000000000000000E+00
      54   4.6015685039370084E+01       55   2.1101562500000002E+00   0.0000000000000000E+00
      54   4.6015685039370084E+01       56   2.1491406250000002E+00   0.0000000000000000E+00
      54   4.6015685039370084E+01       57   2.1881249999999999E+00   0.0000000000000000E+00
      54   4.6015685039370084E+01       58   2.2271093749999999E+00   0.0000000000000000E+00
      54   4.6015685039370084E+01       59   2.2660937500000000E+00   0.0000000000000000E+00
      54   4.6015685039370084E+01       60   2.3050781250000001E+00   0.0000000000000000E+00
      54   4.6015685039370084E+01       61   2.3440625000000002E+00   0.0000000000000000E+00
      54   4.6015685039370084E+01       62   2.3830468750000002E+00   0.0000000000000000E+00
      54   4.6015685039370084E+01       63   2.4220312500000003E+00   0.0000000000000000E+00
      54   4.6015685039370084E+01       64   2.4610156249999999E+00   0.0000000000000000E+00
 
      55   4.6883905511811022E+01        1   5.0000000000000001E-03   0.0000000000000000E+00
      55   4.6883905511811022E+01        2   4.3984374999999999E-02   0.0000000000000000E+00
      55   4.6883905511811022E+01        3   8.2968750000000008E-02   0.0000000000000000E+00
      55   4.6883905511811022E+01        4   1.2195312500000001E-01   0.0000000000000000E+00
      55   4.6883905511811022E+01        5   1.6093750000000001E-01   0.0000000000000000E+00
      55   4.6883905511811022E+01        6   1.9992187500000000E-01   0.0000000000000000E+00
      55   4.6883905511811022E+01        7   2.3890625000000001E-01   0.0000000000000000E+00
      55   4.6883905511811022E+01        8   2.7789062500000000E-01   0.0000000000000000E+00
      55   4.6883905511811022E+01        9   3.1687500000000002E-01   0.0000000000000000E+00
      55   4.6883905511811022E+01       10   3.5585937500000003E-01   0.0000000000000000E+00
      55   4.6883905511811022E+01       11   3.9484374999999999E-01   0.0000000000000000E+00
      55   4.6883905511811022E+01       12   4.3382812500000001E-01   0.0000000000000000E+00
      55   4.6883905511811022E+01       13   4.7281250000000002E-01   0.0000000000000000E+00
      55   4.6883905511811022E+01       14   5.1179687500000004E-01   0.0000000000000000E+00
      55   4.6883905511811022E+01       15   5.5078125000000000E-01   0.0000000000000000E+00
      55   4.6883905511811022E+01       16   5.8976562500000007E-01   0.0000000000000000E+00
      55   4.6883905511811022E+01       17   6.2875000000000003E-01   0.0000000000000000E+00
      55   4.6883905511811022E+01       18   6.6773437499999999E-01   0.0000000000000000E+00
      55   4.6883905511811022E+01       19   7.0671875000000006E-01   0.0000000000000000E+00
      55   4.6883905511811022E+01       20   7.4570312500000002E-01   0.0000000000000000E+00
      55   4.6883905511811022E+01       21   7.8468749999999998E-01   0.0000000000000000E+00
      55   4.6883905511811022E+01       22   8.2367187500000005E-01   0.0000000000000000E+00
      55   4.6883905511811022E+01       23   8.6265625000000001E-01   0.0000000000000000E+00
      55   4.6883905511811022E+01       24   9.0164062500000008E-01   0.0000000000000000E+00
      55   4.6883905511811022E+01       25   9.4062500000000004E-01   0.0000000000000000E+00
      55   4.6883905511811022E+01       26   9.7960937500000000E-01   0.0000000000000000E+00
      55   4.6883905511811022E+01       27   1.0185937500000000E+00   0.0000000000000000E+00
      55   4.6883905511811022E+01       28   1.0575781250000000E+00   0.0000000000000000E+00
      55   4.6883905511811022E+01       29   1.0965625000000001E+00   0.0000000000000000E+00
      55   4.6883905511811022E+01       30   1.1355468750000000E+00   0.0000000000000000E+00
      55   4.6883905511811022E+01       31   1.1745312500000000E+00   0.0000000000000000E+00
      55   4.6883905511811022E+01       32   1.2135156250000001E+00   0.0000000000000000E+00
      55   4.6883905511811022E+01       33   1.2524999999999999E+00   0.0000000000000000E+00
      55   4.6883905511811022E+01       34   1.2914843750000000E+00   0.0000000000000000E+00
      55   4.6883905511811022E+01       35   1.3304687500000001E+00   0.0000000000000000E+00
      55   4.6883905511811022E+01       36   1.3694531250000002E+00   0.0000000000000000E+00
      55   4.6883905511811022E+01       37   1.4084375000000000E+00   0.0000000000000000E+00
      55   4.6883905511811022E+01       38   1.4474218750000001E+00   0.0000000000000000E+00
      55   4.6883905511811022E+01       39   1.4864062500000002E+00   0.0000000000000000E+00
      55   4.6883905511811022E+01       40   1.5253906250000000E+00   0.0000000000000000E+00
      55   4.6883905511811022E+01       41   1.5643750000000001E+00   0.0000000000000000E+00
      55   4.6883905511811022E+01       42   1.6033593750000001E+00   0.0000000000000000E+00
      55   4.6883905511811022E+01       43   1.6423437500000000E+00   0.0000000000000000E+00
      55   4.6883905511811022E+01       44   1.6813281250000001E+00   0.0000000000000000E+00
      55   4.6883905511811022E+01       45   1.7203125000000001E+00   0.0000000000000000E+00
      55   4.6883905511811022E+01       46   1.7592968750000000E+00   0.0000000000000000E+00
      55   4.6883905511811022E+01       47   1.7982812500000001E+00   0.0000000000000000E+00
      55   4.6883905511811022E+01       48   1.8372656250000001E+00   0.0000000000000000E+00
      55   4.6883905511811022E+01       49   1.8762500000000000E+00   0.0000000000000000E+00
      55   4.6883905511811022E+01       50   1.9152343750000000E+00   0.0000000000000000E+00
      55   4.6883905511811022E+01       51   1.9542187500000001E+00   0.0000000000000000E+00
      55   4.6883905511811022E+01       52   1.9932031250000002E+00   0.0000000000000000E+00
      55   4.6883905511811022E+01       53   2.0321875000000000E+00   0.0000000000000000E+00
      55   4.6883905511811022E+01       54   2.0711718750000001E+00   0.0000000000000000E+00
      55   4.6883905511811022E+01       55   2.1101562500000002E+00   0.0000000000000000E+00
      55   4.6883905511811022E+01       56   2.1491406250000002E+00   0.0000000000000000E+00
      55   4.6883905511811022E+01       57   2.1881249999999999E+00   0.0000000000000000E+00
      55   4.6883905511811022E+01       58   2.2271093749999999E+00   0.0000000000000000E+00
      55   4.6883905511811022E+01       59   2.2660937500000000E+00   0.0000000000000000E+00
      55   4.6883905511811022E+01       60   2.3050781250000001E+00   0.0000000000000000E+00
      55   4.6883905511811022E+01       61   2.3440625000000002E+00   0.0000000000000000E+00
      55   4.6883905511811022E+01       62   2.3830468750000002E+00   0.0000000000000000E+00
      55   4.6883905511811022E+01       63   2.4220312500000003E+00   0.0000000000000000E+00
      55   4.6883905511811022E+01       64   2.4610156249999999E+00   0.0000000000000000E+00
 
      56   4.7752125984251968E+01        1   5.0000000000000001E-03   0.0000000000000000E+00
      56   4.7752125984251968E+01        2   4.3984374999999999E-02   0.0000000000000000E+00
      56   4.7752125984251968E+01        3   8.2968750000000008E-02   0.0000000000000000E+00
      56   4.7752125984251968E+01        4   1.2195312500000001E-01   0.0000000000000000E+00
      56   4.7752125984251968E+01        5   1.6093750000000001E-01   0.0000000000000000E+00
      56   4.7752125984251968E+01        6   1.9992187500000000E-01   0.0000000000000000E+00
      56   4.7752125984251968E+01        7   2.3890625000000001E-01   0.0000000000000000E+00
      56   4.7752125984251968E+01        8   2.7789062500000000E-01   0.0000000000000000E+00
      56   4.7752125984251968E+01        9   3.1687500000000002E-01   0.0000000000000000E+00
      56   4.7752125984251968E+01       10   3.5585937500000003E-01   0.0000000000000000E+00
      56   4.7752125984251968E+01       11   3.9484374999999999E-01   0.0000000000000000E+00
      56   4.7752125984251968E+01       12   4.3382812500000001E-01   0.0000000000000000E+00
      56   4.7752125984251968E+01       13   4.7281250000000002E-01   0.0000000000000000E+00
      56   4.7752125984251968E+01       14   5.1179687500000004E-01   0.0000000000000000E+00
      56   4.7752125984251968E+01       15   5.5078125000000000E-01   0.0000000000000000E+00
      56   4.7752125984251968E+01       16   5.8976562500000007E-01   0.0000000000000000E+00
      56   4.7752125984251968E+01       17   6.2875000000000003E-01   0.0000000000000000E+00
      56   4.7752125984251968E+01       18   6.6773437499999999E-01   0.0000000000000000E+00
      56   4.7752125984251968E+01       19   7.0671875000000006E-01   0.0000000000000000E+00
      56   4.7752125984251968E+01       20   7.4570312500000002E-01   0.0000000000000000E+00
      56   4.7752125984251968E+01       21   7.8468749999999998E-01   0.0000000000000000E+00
      56   4.7752125984251968E+01       22   8.2367187500000005E-01   0.0000000000000000E+00
      56   4.7752125984251968E+01       23   8.6265625000000001E-01   0.0000000000000000E+00
      56   4.7752125984251968E+01       24   9.0164062500000008E-01   0.0000000000000000E+00
      56   4.7752125984251968E+01       25   9.4062500000000004E-01   0.0000000000000000E+00
      56   4.7752125984251968E+01       26   9.7960937500000000E-01   0.0000000000000000E+00
      56   4.7752125984251968E+01       27   1.0185937500000000E+00   0.0000000000000000E+00
      56   4.7752125984251968E+01       28   1.0575781250000000E+00   0.0000000000000000E+00
      56   4.7752125984251968E+01       29   1.0965625000000001E+00   0.0000000000000000E+00
      56   4.7752125984251968E+01       30   1.1355468750000000E+00   0.0000000000000000E+00
      56   4.7752125984251968E+01       31   1.1745312500000000E+00   0.0000000000000000E+00
      56   4.7752125984251968E+01       32   1.2135156250000001E+00   0.0000000000000000E+00
      56   4.7752125984251968E+01       33   1.2524999999999999E+00   0.0000000000000000E+00
      56   4.7752125984251968E+01       34   1.2914843750000000E+00   0.0000000000000000E+00
      56   4.7752125984251968E+01       35   1.3304687500000001E+00   0.0000000000000000E+00
      56   4.7752125984251968E+01       36   1.3694531250000002E+00   0.0000000000000000E+00
      56   4.7752125984251968E+01       37   1.4084375000000000E+00   0.0000000000000000E+00
      56   4.7752125984251968E+01       38   1.4474218750000001E+00   0.0000000000000000E+00
      56   4.7752125984251968E+01       39   1.4864062500000002E+00   0.0000000000000000E+00
      56   4.7752125984251968E+01       40   1.5253906250000000E+00   0.0000000000000000E+00
      56   4.7752125984251968E+01       41   1.5643750000000001E+00   0.0000000000000000E+00
      56   4.7752125984251968E+01       42   1.6033593750000001E+00   0.0000000000000000E+00
      56   4.7752125984251968E+01       43   1.6423437500000000E+00   0.0000000000000000E+00
      56   4.7752125984251968E+01       44   1.6813281250000001E+00   0.0000000000000000E+00
      56   4.7752125984251968E+01       45   1.7203125000000001E+00   0.0000000000000000E+00
      56   4.7752125984251968E+01       46   1.7592968750000000E+00   0.0000000000000000E+00
      56   4.7752125984251968E+01       47   1.7982812500000001E+00   0.0000000000000000E+00
      56   4.7752125984251968E+01       48   1.8372656250000001E+00   0.0000000000000000E+00
      56   4.7752125984251968E+01       49   1.8762500000000000E+00   0.0000000000000000E+00
      56   4.7752125984251968E+01       50   1.9152343750000000E+00   0.0000000000000000E+00
      56   4.7752125984251968E+01       51   1.9542187500000001E+00   0.0000000000000000E+00
      56   4.7752125984251968E+01       52   1.9932031250000002E+00   0.0000000000000000E+00
      56   4.7752125984251968E+01       53   2.0321875000000000E+00   0.0000000000000000E+00
      56   4.7752125984251968E+01       54   2.0711718750000001E+00   0.0000000000000000E+00
      56   4.7752125984251968E+01       55   2.1101562500000002E+00   0.0000000000000000E+00
      56   4.7752125984251968E+01       56   2.1491406250000002E+00   0.0000000000000000E+00
      56   4.7752125984251968E+01       57   2.1881249999999999E+00   0.0000000000000000E+00
      56   4.7752125984251968E+01       58   2.2271093749999999E+00   0.0000000000000000E+00
      56   4.7752125984251968E+01       59   2.2660937500000000E+00   0.0000000000000000E+00
      56   4.7752125984251968E+01       60   2.3050781250000001E+00   0.0000000000000000E+00
      56   4.7752125984251968E+01       61   2.3440625000000002E+00   0.0000000000000000E+00
      56   4.7752125984251968E+01       62   2.3830468750000002E+00   0.0000000000000000E+00
      56   4.7752125984251968E+01       63   2.4220312500000003E+00   0.0000000000000000E+00
      56   4.7752125984251968E+01       64   2.4610156249999999E+00   0.0000000000000000E+00
 
      57   4.8620346456692907E+01        1   5.0000000000000001E-03   0.0000000000000000E+00
      57   4.8620346456692907E+01        2   4.3984374999999999E-02   0.0000000000000000E+00
      57   4.8620346456692907E+01        3   8.2968750000000008E-02   0.0000000000000000E+00
      57   4.8620346456692907E+01        4   1.2195312500000001E-01   0.0000000000000000E+00
      57   4.8620346456692907E+01        5   1.6093750000000001E-01   0.0000000000000000E+00
      57   4.8620346456692907E+01        6   1.9992187500000000E-01   0.0000000000000000E+00
      57   4.8620346456692907E+01        7   2.3890625000000001E-01   0.0000000000000000E+00
      57   4.8620346456692907E+01        8   2.7789062500000000E-01   0.0000000000000000E+00
      57   4.8620346456692907E+01        9   3.1687500000000002E-01   0.0000000000000000E+00
      57   4.8620346456692907E+01       10   3.5585937500000003E-01   0.0000000000000000E+00
      57   4.8620346456692907E+01       11   3.9484374999999999E-01   0.0000000000000000E+00
      57   4.8620346456692907E+01       12   4.3382812500000001E-01   0.0000000000000000E+00
      57   4.8620346456692907E+01       13   4.7281250000000002E-01   0.0000000000000000E+00
      57   4.8620346456692907E+01       14   5.1179687500000004E-01   0.0000000000000000E+00
      57   4.8620346456692907E+01       15   5.5078125000000000E-01   0.0000000000000000E+00
      57   4.8620346456692907E+01       16   5.8976562500000007E-01   0.0000000000000000E+00
      57   4.8620346456692907E+01       17   6.2875000000000003E-01   0.0000000000000000E+00
      57   4.8620346456692907E+01       18   6.6773437499999999E-01   0.0000000000000000E+00
      57   4.8620346456692907E+01       19   7.0671875000000006E-01   0.0000000000000000E+00
      57   4.8620346456692907E+01       20   7.4570312500000002E-01   0.0000000000000000E+00
      57   4.8620346456692907E+01       21   7.8468749999999998E-01   0.0000000000000000E+00
      57   4.8620346456692907E+01       22   8.2367187500000005E-01   0.0000000000000000E+00
      57   4.8620346456692907E+01       23   8.6265625000000001E-01   0.0000000000000000E+00
      57   4.8620346456692907E+01       24   9.0164062500000008E-01   0.0000000000000000E+00
      57   4.8620346456692907E+01       25   9.4062500000000004E-01   0.0000000000000000E+00
      57   4.8620346456692907E+01       26   9.7960937500000000E-01   0.0000000000000000E+00
      57   4.8620346456692907E+01       27   1.0185937500000000E+00   0.0000000000000000E+00
      57   4.8620346456692907E+01       28   1.0575781250000000E+00   0.0000000000000000E+00
      57   4.8620346456692907E+01       29   1.0965625000000001E+00   0.0000000000000000E+00
      57   4.8620346456692907E+01       30   1.1355468750000000E+00   0.0000000000000000E+00
      57   4.8620346456692907E+01       31   1.1745312500000000E+00   0.0000000000000000E+00
      57   4.8620346456692907E+01       32   1.2135156250000001E+00   0.0000000000000000E+00
      57   4.8620346456692907E+01       33   1.2524999999999999E+00   0.0000000000000000E+00
      57   4.8620346456692907E+01       34   1.2914843750000000E+00   0.0000000000000000E+00
      57   4.8620346456692907E+01       35   1.3304687500000001E+00   0.0000000000000000E+00
      57   4.8620346456692907E+01       36   1.3694531250000002E+00   0.0000000000000000E+00
      57   4.8620346456692907E+01       37   1.4084375000000000E+00   0.0000000000000000E+00
      57   4.8620346456692907E+01       38   1.4474218750000001E+00   0.0000000000000000E+00
      57   4.8620346456692907E+01       39   1.4864062500000002E+00   0.0000000000000000E+00
      57   4.8620346456692907E+01       40   1.5253906250000000E+00   0.0000000000000000E+00
      57   4.8620346456692907E+01       41   1.5643750000000001E+00   0.0000000000000000E+00
      57   4.8620346456692907E+01       42   1.6033593750000001E+00   0.0000000000000000E+00
      57   4.8620346456692907E+01       43   1.6423437500000000E+00   0.0000000000000000E+00
      57   4.8620346456692907E+01       44   1.6813281250000001E+00   0.0000000000000000E+00
      57   4.8620346456692907E+01       45   1.7203125000000001E+00   0.0000000000000000E+00
      57   4.8620346456692907E+01       46   1.7592968750000000E+00   0.0000000000000000E+00
      57   4.8620346456692907E+01       47   1.7982812500000001E+00   0.0000000000000000E+00
      57   4.8620346456692907E+01       48   1.8372656250000001E+00   0.0000000000000000E+00
      57   4.8620346456692907E+01       49   1.8762500000000000E+00   0.0000000000000000E+00
      57   4.8620346456692907E+01       50   1.9152343750000000E+00   0.0000000000000000E+00
      57   4.8620346456692907E+01       51   1.9542187500000001E+00   0.0000000000000000E+00
      57   4.8620346456692907E+01       52   1.9932031250000002E+00   0.0000000000000000E+00
      57   4.8620346456692907E+01       53   2.0321875000000000E+00   0.0000000000000000E+00
      57   4.8620346456692907E+01       54   2.0711718750000001E+00   0.0000000000000000E+00
      57   4.8620346456692907E+01       55   2.1101562500000002E+00   0.0000000000000000E+00
      57   4.8620346456692907E+01       56   2.1491406250000002E+00   0.0000000000000000E+00
      57   4.8620346456692907E+01       57   2.1881249999999999E+00   0.0000000000000000E+00
      57   4.8620346456692907E+01       58   2.2271093749999999E+00   0.0000000000000000E+00
      57   4.8620346456692907E+01       59   2.2660937500000000E+00   0.0000000000000000E+00
      57   4.8620346456692907E+01       60   2.3050781250000001E+00   0.0000000000000000E+00
      57   4.8620346456692907E+01       61   2.3440625000000002E+00   0.0000000000000000E+00
      57   4.8620346456692907E+01       62   2.3830468750000002E+00   0.0000000000000000E+00
      57   4.8620346456692907E+01       63   2.4220312500000003E+00   0.0000000000000000E+00
      57   4.8620346456692907E+01       64   2.4610156249999999E+00   0.0000000000000000E+00
 
      58   4.9488566929133853E+01        1   5.0000000000000001E-03   0.0000000000000000E+00
      58   4.9488566929133853E+01        2   4.3984374999999999E-02   0.0000000000000000E+00
      58   4.9488566929133853E+01        3   8.2968750000000008E-02   0.0000000000000000E+00
      58   4.9488566929133853E+01        4   1.2195312500000001E-01   0.0000000000000000E+00
      58   4.9488566929133853E+01        5   1.6093750000000001E-01   0.0000000000000000E+00
      58   4.9488566929133853E+01        6   1.9992187500000000E-01   0.0000000000000000E+00
      58   4.9488566929133853E+01        7   2.3890625000000001E-01   0.0000000000000000E+00
      58   4.9488566929133853E+01        8   2.7789062500000000E-01   0.0000000000000000E+00
      58   4.9488566929133853E+01        9   3.1687500000000002E-01   0.0000000000000000E+00
      58   4.9488566929133853E+01       10   3.5585937500000003E-01   0.0000000000000000E+00
      58   4.9488566929133853E+01       11   3.9484374999999999E-01   0.0000000000000000E+00
      58   4.9488566929133853E+01       12   4.3382812500000001E-01   0.0000000000000000E+00
      58   4.9488566929133853E+01       13   4.7281250000000002E-01   0.0000000000000000E+00
      58   4.9488566929133853E+01       14   5.1179687500000004E-01   0.0000000000000000E+00
      58   4.9488566929133853E+01       15   5.5078125000000000E-01   0.0000000000000000E+00
      58   4.9488566929133853E+01       16   5.8976562500000007E-01   0.0000000000000000E+00
      58   4.9488566929133853E+01       17   6.2875000000000003E-01   0.0000000000000000E+00
      58   4.9488566929133853E+01       18   6.6773437499999999E-01   0.0000000000000000E+00
      58   4.9488566929133853E+01       19   7.0671875000000006E-01   0.0000000000000000E+00
      58   4.9488566929133853E+01       20   7.4570312500000002E-01   0.0000000000000000E+00
      58   4.9488566929133853E+01       21   7.8468749999999998E-01   0.0000000000000000E+00
      58   4.9488566929133853E+01       22   8.2367187500000005E-01   0.0000000000000000E+00
      58   4.9488566929133853E+01       23   8.6265625000000001E-01   0.0000000000000000E+00
      58   4.9488566929133853E+01       24   9.0164062500000008E-01   0.0000000000000000E+00
      58   4.9488566929133853E+01       25   9.4062500000000004E-01   0.0000000000000000E+00
      58   4.9488566929133853E+01       26   9.7960937500000000E-01   0.0000000000000000E+00
      58   4.9488566929133853E+01       27   1.0185937500000000E+00   0.0000000000000000E+00
      58   4.9488566929133853E+01       28   1.0575781250000000E+00   0.0000000000000000E+00
      58   4.9488566929133853E+01       29   1.0965625000000001E+00   0.0000000000000000E+00
      58   4.9488566929133853E+01       30   1.1355468750000000E+00   0.0000000000000000E+00
      58   4.9488566929133853E+01       31   1.1745312500000000E+00   0.0000000000000000E+00
      58   4.9488566929133853E+01       32   1.2135156250000001E+00   0.0000000000000000E+00
      58   4.9488566929133853E+01       33   1.2524999999999999E+00   0.0000000000000000E+00
      58   4.9488566929133853E+01       34   1.2914843750000000E+00   0.0000000000000000E+00
      58   4.9488566929133853E+01       35   1.3304687500000001E+00   0.0000000000000000E+00
      58   4.9488566929133853E+01       36   1.3694531250000002E+00   0.0000000000000000E+00
      58   4.9488566929133853E+01       37   1.4084375000000000E+00   0.0000000000000000E+00
      58   4.9488566929133853E+01       38   1.4474218750000001E+00   0.0000000000000000E+00
      58   4.9488566929133853E+01       39   1.4864062500000002E+00   0.0000000000000000E+00
      58   4.9488566929133853E+01       40   1.5253906250000000E+00   0.0000000000000000E+00
      58   4.9488566929133853E+01       41   1.5643750000000001E+00   0.0000000000000000E+00
      58   4.9488566929133853E+01       42   1.6033593750000001E+00   0.0000000000000000E+00
      58   4.9488566929133853E+01       43   1.6423437500000000E+00   0.0000000000000000E+00
      58   4.9488566929133853E+01       44   1.6813281250000001E+00   0.0000000000000000E+00
      58   4.9488566929133853E+01       45   1.7203125000000001E+00   0.0000000000000000E+00
      58   4.9488566929133853E+01       46   1.7592968750000000E+00   0.0000000000000000E+00
      58   4.9488566929133853E+01       47   1.7982812500000001E+00   0.0000000000000000E+00
      58   4.9488566929133853E+01       48   1.8372656250000001E+00   0.0000000000000000E+00
      58   4.9488566929133853E+01       49   1.8762500000000000E+00   0.0000000000000000E+00
      58   4.9488566929133853E+01       50   1.9152343750000000E+00   0.0000000000000000E+00
      58   4.9488566929133853E+01       51   1.9542187500000001E+00   0.0000000000000000E+00
      58   4.9488566929133853E+01       52   1.9932031250000002E+00   0.0000000000000000E+00
      58   4.9488566929133853E+01       53   2.0321875000000000E+00   0.0000000000000000E+00
      58   4.9488566929133853E+01       54   2.0711718750000001E+00   0.0000000000000000E+00
      58   4.9488566929133853E+01       55   2.1101562500000002E+00   0.0000000000000000E+00
      58   4.9488566929133853E+01       56   2.1491406250000002E+00   0.0000000000000000E+00
      58   4.9488566929133853E+01       57   2.1881249999999999E+00   0.0000000000000000E+00
      58   4.9488566929133853E+01       58   2.2271093749999999E+00   0.0000000000000000E+00
      58   4.9488566929133853E+01       59   2.2660937500000000E+00   0.0000000000000000E+00
      58   4.9488566929133853E+01       60   2.3050781250000001E+00   0.0000000000000000E+00
      58   4.9488566929133853E+01       61   2.3440625000000002E+00   0.0000000000000000E+00
      58   4.9488566929133853E+01       62   2.3830468750000002E+00   0.0000000000000000E+00
      58   4.9488566929133853E+01       63   2.4220312500000003E+00   0.0000000000000000E+00
      58   4.9488566929133853E+01       64   2.4610156249999999E+00   0.0000000000000000E+00
 
      59   5.0356787401574799E+01        1   5.0000000000000001E-03   0.0000000000000000E+00
      59   5.0356787401574799E+01        2   4.3984374999999999E-02   0.0000000000000000E+00
      59   5.0356787401574799E+01        3   8.2968750000000008E-02   0.0000000000000000E+00
      59   5.0356787401574799E+01        4   1.2195312500000001E-01   0.0000000000000000E+00
      59   5.0356787401574799E+01        5   1.6093750000000001E-01   0.0000000000000000E+00
      59   5.0356787401574799E+01        6   1.9992187500000000E-01   0.0000000000000000E+00
      59   5.0356787401574799E+01        7   2.3890625000000001E-01   0.0000000000000000E+00
      59   5.0356787401574799E+01        8   2.7789062500000000E-01   0.0000000000000000E+00
      59   5.0356787401574799E+01        9   3.1687500000000002E-01   0.0000000000000000E+00
      59   5.0356787401574799E+01       10   3.5585937500000003E-01   0.0000000000000000E+00
      59   5.0356787401574799E+01       11   3.9484374999999999E-01   0.0000000000000000E+00
      59   5.0356787401574799E+01       12   4.3382812500000001E-01   0.0000000000000000E+00
      59   5.0356787401574799E+01       13   4.7281250000000002E-01   0.0000000000000000E+00
      59   5.0356787401574799E+01       14   5.1179687500000004E-01   0.0000000000000000E+00
      59   5.0356787401574799E+01       15   5.5078125000000000E-01   0.0000000000000000E+00
      59   5.0356787401574799E+01       16   5.8976562500000007E-01   0.0000000000000000E+00
      59   5.0356787401574799E+01       17   6.2875000000000003E-01   0.0000000000000000E+00
      59   5.0356787401574799E+01       18   6.6773437499999999E-01   0.0000000000000000E+00
      59   5.0356787401574799E+01       19   7.0671875000000006E-01   0.0000000000000000E+00
      59   5.0356787401574799E+01       20   7.4570312500000002E-01   0.0000000000000000E+00
      59   5.0356787401574799E+01       21   7.8468749999999998E-01   0.0000000000000000E+00
      59   5.0356787401574799E+01       22   8.2367187500000005E-01   0.0000000000000000E+00
      59   5.0356787401574799E+01       23   8.6265625000000001E-01   0.0000000000000000E+00
      59   5.0356787401574799E+01       24   9.0164062500000008E-01   0.0000000000000000E+00
      59   5.0356787401574799E+01       25   9.4062500000000004E-01   0.0000000000000000E+00
      59   5.0356787401574799E+01       26   9.7960937500000000E-01   0.0000000000000000E+00
      59   5.0356787401574799E+01       27   1.0185937500000000E+00   0.0000000000000000E+00
      59   5.0356787401574799E+01       28   1.0575781250000000E+00   0.0000000000000000E+00
      59   5.0356787401574799E+01       29   1.0965625000000001E+00   0.0000000000000000E+00
      59   5.0356787401574799E+01       30   1.1355468750000000E+00   0.0000000000000000E+00
      59   5.0356787401574799E+01       31   1.1745312500000000E+00   0.0000000000000000E+00
      59   5.0356787401574799E+01       32   1.2135156250000001E+00   0.0000000000000000E+00
      59   5.0356787401574799E+01       33   1.2524999999999999E+00   0.0000000000000000E+00
      59   5.0356787401574799E+01       34   1.2914843750000000E+00   0.0000000000000000E+00
      59   5.0356787401574799E+01       35   1.3304687500000001E+00   0.0000000000000000E+00
      59   5.0356787401574799E+01       36   1.3694531250000002E+00   0.0000000000000000E+00
      59   5.0356787401574799E+01       37   1.4084375000000000E+00   0.0000000000000000E+00
      59   5.0356787401574799E+01       38   1.4474218750000001E+00   0.0000000000000000E+00
      59   5.0356787401574799E+01       39   1.4864062500000002E+00   0.0000000000000000E+00
      59   5.0356787401574799E+01       40   1.5253906250000000E+00   0.0000000000000000E+00
      59   5.0356787401574799E+01       41   1.5643750000000001E+00   0.0000000000000000E+00
      59   5.0356787401574799E+01       42   1.6033593750000001E+00   0.0000000000000000E+00
      59   5.0356787401574799E+01       43   1.6423437500000000E+00   0.0000000000000000E+00
      59   5.0356787401574799E+01       44   1.6813281250000001E+00   0.0000000000000000E+00
      59   5.0356787401574799E+01       45   1.7203125000000001E+00   0.0000000000000000E+00
      59   5.0356787401574799E+01       46   1.7592968750000000E+00   0.0000000000000000E+00
      59   5.0356787401574799E+01       47   1.7982812500000001E+00   0.0000000000000000E+00
      59   5.0356787401574799E+01       48   1.8372656250000001E+00   0.0000000000000000E+00
      59   5.0356787401574799E+01       49   1.8762500000000000E+00   0.0000000000000000E+00
      59   5.0356787401574799E+01       50   1.9152343750000000E+00   0.0000000000000000E+00
      59   5.0356787401574799E+01       51   1.9542187500000001E+00   0.0000000000000000E+00
      59   5.0356787401574799E+01       52   1.9932031250000002E+00   0.0000000000000000E+00
      59   5.0356787401574799E+01       53   2.0321875000000000E+00   0.0000000000000000E+00
      59   5.0356787401574799E+01       54   2.0711718750000001E+00   0.0000000000000000E+00
      59   5.0356787401574799E+01       55   2.1101562500000002E+00   0.0000000000000000E+00
      59   5.0356787401574799E+01       56   2.1491406250000002E+00   0.0000000000000000E+00
      59   5.0356787401574799E+01       57   2.1881249999999999E+00   0.0000000000000000E+00
      59   5.0356787401574799E+01       58   2.2271093749999999E+00   0.0000000000000000E+00
      59   5.0356787401574799E+01       59   2.2660937500000000E+00   0.0000000000000000E+00
      59   5.0356787401574799E+01       60   2.3050781250000001E+00   0.0000000000000000E+00
      59   5.0356787401574799E+01       61   2.3440625000000002E+00   0.0000000000000000E+00
      59   5.0356787401574799E+01       62   2.3830468750000002E+00   0.0000000000000000E+00
      59   5.0356787401574799E+01       63   2.4220312500000003E+00   0.0000000000000000E+00
      59   5.0356787401574799E+01       64   2.4610156249999999E+00   0.0000000000000000E+00
 
      60   5.1225007874015745E+01        1   5.0000000000000001E-03   0.0000000000000000E+00
      60   5.1225007874015745E+01        2   4.3984374999999999E-02   0.0000000000000000E+00
      60   5.1225007874015745E+01        3   8.2968750000000008E-02   0.0000000000000000E+00
      60   5.1225007874015745E+01        4   1.2195312500000001E-01   0.0000000000000000E+00
      60   5.1225007874015745E+01        5   1.6093750000000001E-01   0.0000000000000000E+00
      60   5.1225007874015745E+01        6   1.9992187500000000E-01   0.0000000000000000E+00
      60   5.1225007874015745E+01        7   2.3890625000000001E-01   0.0000000000000000E+00
      60   5.1225007874015745E+01        8   2.7789062500000000E-01   0.0000000000000000E+00
      60   5.1225007874015745E+01        9   3.1687500000000002E-01   0.0000000000000000E+00
      60   5.1225007874015745E+01       10   3.5585937500000003E-01   0.0000000000000000E+00
      60   5.1225007874015745E+01       11   3.9484374999999999E-01   0.0000000000000000E+00
      60   5.1225007874015745E+01       12   4.3382812500000001E-01   0.0000000000000000E+00
      60   5.1225007874015745E+01       13   4.7281250000000002E-01   0.0000000000000000E+00
      60   5.1225007874015745E+01       14   5.1179687500000004E-01   0.0000000000000000E+00
      60   5.1225007874015745E+01       15   5.5078125000000000E-01   0.0000000000000000E+00
      60   5.1225007874015745E+01       16   5.8976562500000007E-01   0.0000000000000000E+00
      60   5.1225007874015745E+01       17   6.2875000000000003E-01   0.0000000000000000E+00
      60   5.1225007874015745E+01       18   6.6773437499999999E-01   0.0000000000000000E+00
      60   5.1225007874015745E+01       19   7.0671875000000006E-01   0.0000000000000000E+00
      60   5.1225007874015745E+01       20   7.4570312500000002E-01   0.0000000000000000E+00
      60   5.1225007874015745E+01       21   7.8468749999999998E-01   0.0000000000000000E+00
      60   5.1225007874015745E+01       22   8.2367187500000005E-01   0.0000000000000000E+00
      60   5.1225007874015745E+01       23   8.6265625000000001E-01   0.0000000000000000E+00
      60   5.1225007874015745E+01       24   9.0164062500000008E-01   0.0000000000000000E+00
      60   5.1225007874015745E+01       25   9.4062500000000004E-01   0.0000000000000000E+00
      60   5.1225007874015745E+01       26   9.7960937500000000E-01   0.0000000000000000E+00
      60   5.1225007874015745E+01       27   1.0185937500000000E+00   0.0000000000000000E+00
      60   5.1225007874015745E+01       28   1.0575781250000000E+00   0.0000000000000000E+00
      60   5.1225007874015745E+01       29   1.0965625000000001E+00   0.0000000000000000E+00
      60   5.1225007874015745E+01       30   1.1355468750000000E+00   0.0000000000000000E+00
      60   5.1225007874015745E+01       31   1.1745312500000000E+00   0.0000000000000000E+00
      60   5.1225007874015745E+01       32   1.2135156250000001E+00   0.0000000000000000E+00
      60   5.1225007874015745E+01       33   1.2524999999999999E+00   0.0000000000000000E+00
      60   5.1225007874015745E+01       34   1.2914843750000000E+00   0.0000000000000000E+00
      60   5.1225007874015745E+01       35   1.3304687500000001E+00   0.0000000000000000E+00
      60   5.1225007874015745E+01       36   1.3694531250000002E+00   0.0000000000000000E+00
      60   5.1225007874015745E+01       37   1.4084375000000000E+00   0.0000000000000000E+00
      60   5.1225007874015745E+01       38   1.4474218750000001E+00   0.0000000000000000E+00
      60   5.1225007874015745E+01       39   1.4864062500000002E+00   0.0000000000000000E+00
      60   5.1225007874015745E+01       40   1.5253906250000000E+00   0.0000000000000000E+00
      60   5.1225007874015745E+01       41   1.5643750000000001E+00   0.0000000000000000E+00
      60   5.1225007874015745E+01       42   1.6033593750000001E+00   0.0000000000000000E+00
      60   5.1225007874015745E+01       43   1.6423437500000000E+00   0.0000000000000000E+00
      60   5.1225007874015745E+01       44   1.6813281250000001E+00   0.0000000000000000E+00
      60   5.1225007874015745E+01       45   1.7203125000000001E+00   0.0000000000000000E+00
      60   5.1225007874015745E+01       46   1.7592968750000000E+00   0.0000000000000000E+00
      60   5.1225007874015745E+01       47   1.7982812500000001E+00   0.0000000000000000E+00
      60   5.1225007874015745E+01       48   1.8372656250000001E+00   0.0000000000000000E+00
      60   5.1225007874015745E+01       49   1.8762500000000000E+00   0.0000000000000000E+00
      60   5.1225007874015745E+01       50   1.9152343750000000E+00   0.0000000000000000E+00
      60   5.1225007874015745E+01       51   1.9542187500000001E+00   0.0000000000000000E+00
      60   5.1225007874015745E+01       52   1.9932031250000002E+00   0.0000000000000000E+00
      60   5.1225007874015745E+01       53   2.0321875000000000E+00   0.0000000000000000E+00
      60   5.1225007874015745E+01       54   2.0711718750000001E+00   0.0000000000000000E+00
      60   5.1225007874015745E+01       55   2.1101562500000002E+00   0.0000000000000000E+00
      60   5.1225007874015745E+01       56   2.1491406250000002E+00   0.0000000000000000E+00
      60   5.1225007874015745E+01       57   2.1881249999999999E+00   0.0000000000000000E+00
      60   5.1225007874015745E+01       58   2.2271093749999999E+00   0.0000000000000000E+00
      60   5.1225007874015745E+01       59   2.2660937500000000E+00   0.0000000000000000E+00
      60   5.1225007874015745E+01       60   2.3050781250000001E+00   0.0000000000000000E+00
      60   5.1225007874015745E+01       61   2.3440625000000002E+00   0.0000000000000000E+00
      60   5.1225007874015745E+01       62   2.3830468750000002E+00   0.0000000000000000E+00
      60   5.1225007874015745E+01       63   2.4220312500000003E+00   0.0000000000000000E+00
      60   5.1225007874015745E+01       64   2.4610156249999999E+00   0.0000000000000000E+00
 
      61   5.2093228346456691E+01        1   5.0000000000000001E-03   0.0000000000000000E+00
      61   5.2093228346456691E+01        2   4.3984374999999999E-02   0.0000000000000000E+00
      61   5.2093228346456691E+01        3   8.2968750000000008E-02   0.0000000000000000E+00
      61   5.2093228346456691E+01        4   1.2195312500000001E-01   0.0000000000000000E+00
      61   5.2093228346456691E+01        5   1.6093750000000001E-01   0.0000000000000000E+00
      61   5.2093228346456691E+01        6   1.9992187500000000E-01   0.0000000000000000E+00
      61   5.2093228346456691E+01        7   2.3890625000000001E-01   0.0000000000000000E+00
      61   5.2093228346456691E+01        8   2.7789062500000000E-01   0.0000000000000000E+00
      61   5.2093228346456691E+01        9   3.1687500000000002E-01   0.0000000000000000E+00
      61   5.2093228346456691E+01       10   3.5585937500000003E-01   0.0000000000000000E+00
      61   5.2093228346456691E+01       11   3.9484374999999999E-01   0.0000000000000000E+00
      61   5.2093228346456691E+01       12   4.3382812500000001E-01   0.0000000000000000E+00
      61   5.2093228346456691E+01       13   4.7281250000000002E-01   0.0000000000000000E+00
      61   5.2093228346456691E+01       14   5.1179687500000004E-01   0.0000000000000000E+00
      61   5.2093228346456691E+01       15   5.5078125000000000E-01   0.0000000000000000E+00
      61   5.2093228346456691E+01       16   5.8976562500000007E-01   0.0000000000000000E+00
      61   5.2093228346456691E+01       17   6.2875000000000003E-01   0.0000000000000000E+00
      61   5.2093228346456691E+01       18   6.6773437499999999E-01   0.0000000000000000E+00
      61   5.2093228346456691E+01       19   7.0671875000000006E-01   0.0000000000000000E+00
      61   5.2093228346456691E+01       20   7.4570312500000002E-01   0.0000000000000000E+00
      61   5.2093228346456691E+01       21   7.8468749999999998E-01   0.0000000000000000E+00
      61   5.2093228346456691E+01       22   8.2367187500000005E-01   0.0000000000000000E+00
      61   5.2093228346456691E+01       23   8.6265625000000001E-01   0.0000000000000000E+00
      61   5.2093228346456691E+01       24   9.0164062500000008E-01   0.0000000000000000E+00
      61   5.2093228346456691E+01       25   9.4062500000000004E-01   0.0000000000000000E+00
      61   5.2093228346456691E+01       26   9.7960937500000000E-01   0.0000000000000000E+00
      61   5.2093228346456691E+01       27   1.0185937500000000E+00   0.0000000000000000E+00
      61   5.2093228346456691E+01       28   1.0575781250000000E+00   0.0000000000000000E+00
      61   5.2093228346456691E+01       29   1.0965625000000001E+00   0.0000000000000000E+00
      61   5.2093228346456691E+01       30   1.1355468750000000E+00   0.0000000000000000E+00
      61   5.2093228346456691E+01       31   1.1745312500000000E+00   0.0000000000000000E+00
      61   5.2093228346456691E+01       32   1.2135156250000001E+00   0.0000000000000000E+00
      61   5.2093228346456691E+01       33   1.2524999999999999E+00   0.0000000000000000E+00
      61   5.2093228346456691E+01       34   1.2914843750000000E+00   0.0000000000000000E+00
      61   5.2093228346456691E+01       35   1.3304687500000001E+00   0.0000000000000000E+00
      61   5.2093228346456691E+01       36   1.3694531250000002E+00   0.0000000000000000E+00
      61   5.2093228346456691E+01       37   1.4084375000000000E+00   0.0000000000000000E+00
      61   5.2093228346456691E+01       38   1.4474218750000001E+00   0.0000000000000000E+00
      61   5.2093228346456691E+01       39   1.4864062500000002E+00   0.0000000000000000E+00
      61   5.2093228346456691E+01       40   1.5253906250000000E+00   0.0000000000000000E+00
      61   5.2093228346456691E+01       41   1.5643750000000001E+00   0.0000000000000000E+00
      61   5.2093228346456691E+01       42   1.6033593750000001E+00   0.0000000000000000E+00
      61   5.2093228346456691E+01       43   1.6423437500000000E+00   0.0000000000000000E+00
      61   5.2093228346456691E+01       44   1.6813281250000001E+00   0.0000000000000000E+00
      61   5.2093228346456691E+01       45   1.7203125000000001E+00   0.0000000000000000E+00
      61   5.2093228346456691E+01       46   1.7592968750000000E+00   0.0000000000000000E+00
      61   5.2093228346456691E+01       47   1.7982812500000001E+00   0.0000000000000000E+00
      61   5.2093228346456691E+01       48   1.8372656250000001E+00   0.0000000000000000E+00
      61   5.2093228346456691E+01       49   1.8762500000000000E+00   0.0000000000000000E+00
      61   5.2093228346456691E+01       50   1.9152343750000000E+00   0.0000000000000000E+00
      61   5.2093228346456691E+01       51   1.9542187500000001E+00   0.0000000000000000E+00
      61   5.2093228346456691E+01       52   1.9932031250000002E+00   0.0000000000000000E+00
      61   5.2093228346456691E+01       53   2.0321875000000000E+00   0.0000000000000000E+00
      61   5.2093228346456691E+01       54   2.0711718750000001E+00   0.0000000000000000E+00
      61   5.2093228346456691E+01       55   2.1101562500000002E+00   0.0000000000000000E+00
      61   5.2093228346456691E+01       56   2.1491406250000002E+00   0.0000000000000000E+00
      61   5.2093228346456691E+01       57   2.1881249999999999E+00   0.0000000000000000E+00
      61   5.2093228346456691E+01       58   2.2271093749999999E+00   0.0000000000000000E+00
      61   5.2093228346456691E+01       59   2.2660937500000000E+00   0.0000000000000000E+00
      61   5.2093228346456691E+01       60   2.3050781250000001E+00   0.0000000000000000E+00
      61   5.2093228346456691E+01       61   2.3440625000000002E+00   0.0000000000000000E+00
      61   5.2093228346456691E+01       62   2.3830468750000002E+00   0.0000000000000000E+00
      61   5.2093228346456691E+01       63   2.4220312500000003E+00   0.0000000000000000E+00
      61   5.2093228346456691E+01       64   2.4610156249999999E+00   0.0000000000000000E+00
 
      62   5.2961448818897630E+01        1   5.0000000000000001E-03   0.0000000000000000E+00
      62   5.2961448818897630E+01        2   4.3984374999999999E-02   0.0000000000000000E+00
      62   5.2961448818897630E+01        3   8.2968750000000008E-02   0.0000000000000000E+00
      62   5.2961448818897630E+01        4   1.2195312500000001E-01   0.0000000000000000E+00
      62   5.2961448818897630E+01        5   1.6093750000000001E-01   0.0000000000000000E+00
      62   5.2961448818897630E+01        6   1.9992187500000000E-01   0.0000000000000000E+00
      62   5.2961448818897630E+01        7   2.3890625000000001E-01   0.0000000000000000E+00
      62   5.2961448818897630E+01        8   2.7789062500000000E-01   0.0000000000000000E+00
      62   5.2961448818897630E+01        9   3.1687500000000002E-01   0.0000000000000000E+00
      62   5.2961448818897630E+01       10   3.5585937500000003E-01   0.0000000000000000E+00
      62   5.2961448818897630E+01       11   3.9484374999999999E-01   0.0000000000000000E+00
      62   5.2961448818897630E+01       12   4.3382812500000001E-01   0.0000000000000000E+00
      62   5.2961448818897630E+01       13   4.7281250000000002E-01   0.0000000000000000E+00
      62   5.2961448818897630E+01       14   5.1179687500000004E-01   0.0000000000000000E+00
      62   5.2961448818897630E+01       15   5.5078125000000000E-01   0.0000000000000000E+00
      62   5.2961448818897630E+01       16   5.8976562500000007E-01   0.0000000000000000E+00
      62   5.2961448818897630E+01       17   6.2875000000000003E-01   0.0000000000000000E+00
      62   5.2961448818897630E+01       18   6.6773437499999999E-01   0.0000000000000000E+00
      62   5.2961448818897630E+01       19   7.0671875000000006E-01   0.0000000000000000E+00
      62   5.2961448818897630E+01       20   7.4570312500000002E-01   0.0000000000000000E+00
      62   5.2961448818897630E+01       21   7.8468749999999998E-01   0.0000000000000000E+00
      62   5.2961448818897630E+01       22   8.2367187500000005E-01   0.0000000000000000E+00
      62   5.2961448818897630E+01       23   8.6265625000000001E-01   0.0000000000000000E+00
      62   5.2961448818897630E+01       24   9.0164062500000008E-01   0.0000000000000000E+00
      62   5.2961448818897630E+01       25   9.4062500000000004E-01   0.0000000000000000E+00
      62   5.2961448818897630E+01       26   9.7960937500000000E-01   0.0000000000000000E+00
      62   5.2961448818897630E+01       27   1.0185937500000000E+00   0.0000000000000000E+00
      62   5.2961448818897630E+01       28   1.0575781250000000E+00   0.0000000000000000E+00
      62   5.2961448818897630E+01       29   1.0965625000000001E+00   0.0000000000000000E+00
      62   5.2961448818897630E+01       30   1.1355468750000000E+00   0.0000000000000000E+00
      62   5.2961448818897630E+01       31   1.1745312500000000E+00   0.0000000000000000E+00
      62   5.2961448818897630E+01       32   1.2135156250000001E+00   0.0000000000000000E+00
      62   5.2961448818897630E+01       33   1.2524999999999999E+00   0.0000000000000000E+00
      62   5.2961448818897630E+01       34   1.2914843750000000E+00   0.0000000000000000E+00
      62   5.2961448818897630E+01       35   1.3304687500000001E+00   0.0000000000000000E+00
      62   5.2961448818897630E+01       36   1.3694531250000002E+00   0.0000000000000000E+00
      62   5.2961448818897630E+01       37   1.4084375000000000E+00   0.0000000000000000E+00
      62   5.2961448818897630E+01       38   1.4474218750000001E+00   0.0000000000000000E+00
      62   5.2961448818897630E+01       39   1.4864062500000002E+00   0.0000000000000000E+00
      62   5.2961448818897630E+01       40   1.5253906250000000E+00   0.0000000000000000E+00
      62   5.2961448818897630E+01       41   1.5643750000000001E+00   0.0000000000000000E+00
      62   5.2961448818897630E+01       42   1.6033593750000001E+00   0.0000000000000000E+00
      62   5.2961448818897630E+01       43   1.6423437500000000E+00   0.0000000000000000E+00
      62   5.2961448818897630E+01       44   1.6813281250000001E+00   0.0000000000000000E+00
      62   5.2961448818897630E+01       45   1.7203125000000001E+00   0.0000000000000000E+00
      62   5.2961448818897630E+01       46   1.7592968750000000E+00   0.0000000000000000E+00
      62   5.2961448818897630E+01       47   1.7982812500000001E+00   0.0000000000000000E+00
      62   5.2961448818897630E+01       48   1.8372656250000001E+00   0.0000000000000000E+00
      62   5.2961448818897630E+01       49   1.8762500000000000E+00   0.0000000000000000E+00
      62   5.2961448818897630E+01       50   1.9152343750000000E+00   0.0000000000000000E+00
      62   5.2961448818897630E+01       51   1.9542187500000001E+00   0.0000000000000000E+00
      62   5.2961448818897630E+01       52   1.9932031250000002E+00   0.0000000000000000E+00
      62   5.2961448818897630E+01       53   2.0321875000000000E+00   0.0000000000000000E+00
      62   5.2961448818897630E+01       54   2.0711718750000001E+00   0.0000000000000000E+00
      62   5.2961448818897630E+01       55   2.1101562500000002E+00   0.0000000000000000E+00
      62   5.2961448818897630E+01       56   2.1491406250000002E+00   0.0000000000000000E+00
      62   5.2961448818897630E+01       57   2.1881249999999999E+00   0.0000000000000000E+00
      62   5.2961448818897630E+01       58   2.2271093749999999E+00   0.0000000000000000E+00
      62   5.2961448818897630E+01       59   2.2660937500000000E+00   0.0000000000000000E+00
      62   5.2961448818897630E+01       60   2.3050781250000001E+00   0.0000000000000000E+00
      62   5.2961448818897630E+01       61   2.3440625000000002E+00   0.0000000000000000E+00
      62   5.2961448818897630E+01       62   2.3830468750000002E+00   0.0000000000000000E+00
      62   5.2961448818897630E+01       63   2.4220312500000003E+00   0.0000000000000000E+00
      62   5.2961448818897630E+01       64   2.4610156249999999E+00   0.0000000000000000E+00
 
      63   5.3829669291338575E+01        1   5.0000000000000001E-03   0.0000000000000000E+00
      63   5.3829669291338575E+01        2   4.3984374999999999E-02   0.0000000000000000E+00
      63   5.3829669291338575E+01        3   8.2968750000000008E-02   0.0000000000000000E+00
      63   5.3829669291338575E+01        4   1.2195312500000001E-01   0.0000000000000000E+00
      63   5.3829669291338575E+01        5   1.6093750000000001E-01   0.0000000000000000E+00
      63   5.3829669291338575E+01        6   1.9992187500000000E-01   0.0000000000000000E+00
      63   5.3829669291338575E+01        7   2.3890625000000001E-01   0.0000000000000000E+00
      63   5.3829669291338575E+01        8   2.7789062500000000E-01   0.0000000000000000E+00
      63   5.3829669291338575E+01        9   3.1687500000000002E-01   0.0000000000000000E+00
      63   5.3829669291338575E+01       10   3.5585937500000003E-01   0.0000000000000000E+00
      63   5.3829669291338575E+01       11   3.9484374999999999E-01   0.0000000000000000E+00
      63   5.3829669291338575E+01       12   4.3382812500000001E-01   0.0000000000000000E+00
      63   5.3829669291338575E+01       13   4.7281250000000002E-01   0.0000000000000000E+00
      63   5.3829669291338575E+01       14   5.1179687500000004E-01   0.0000000000000000E+00
      63   5.3829669291338575E+01       15   5.5078125000000000E-01   0.0000000000000000E+00
      63   5.3829669291338575E+01       16   5.8976562500000007E-01   0.0000000000000000E+00
      63   5.3829669291338575E+01       17   6.2875000000000003E-01   0.0000000000000000E+00
      63   5.3829669291338575E+01       18   6.6773437499999999E-01   0.0000000000000000E+00
      63   5.3829669291338575E+01       19   7.0671875000000006E-01   0.0000000000000000E+00
      63   5.3829669291338575E+01       20   7.4570312500000002E-01   0.0000000000000000E+00
      63   5.3829669291338575E+01       21   7.8468749999999998E-01   0.0000000000000000E+00
      63   5.3829669291338575E+01       22   8.2367187500000005E-01   0.0000000000000000E+00
      63   5.3829669291338575E+01       23   8.6265625000000001E-01   0.0000000000000000E+00
      63   5.3829669291338575E+01       24   9.0164062500000008E-01   0.0000000000000000E+00
      63   5.3829669291338575E+01       25   9.4062500000000004E-01   0.0000000000000000E+00
      63   5.3829669291338575E+01       26   9.7960937500000000E-01   0.0000000000000000E+00
      63   5.3829669291338575E+01       27   1.0185937500000000E+00   0.0000000000000000E+00
      63   5.3829669291338575E+01       28   1.0575781250000000E+00   0.0000000000000000E+00
      63   5.3829669291338575E+01       29   1.0965625000000001E+00   0.0000000000000000E+00
      63   5.3829669291338575E+01       30   1.1355468750000000E+00   0.0000000000000000E+00
      63   5.3829669291338575E+01       31   1.1745312500000000E+00   0.0000000000000000E+00
      63   5.3829669291338575E+01       32   1.2135156250000001E+00   0.0000000000000000E+00
      63   5.3829669291338575E+01       33   1.2524999999999999E+00   0.0000000000000000E+00
      63   5.3829669291338575E+01       34   1.2914843750000000E+00   0.0000000000000000E+00
      63   5.3829669291338575E+01       35   1.3304687500000001E+00   0.0000000000000000E+00
      63   5.3829669291338575E+01       36   1.3694531250000002E+00   0.0000000000000000E+00
      63   5.3829669291338575E+01       37   1.4084375000000000E+00   0.0000000000000000E+00
      63   5.3829669291338575E+01       38   1.4474218750000001E+00   0.0000000000000000E+00
      63   5.3829669291338575E+01       39   1.4864062500000002E+00   0.0000000000000000E+00
      63   5.3829669291338575E+01       40   1.5253906250000000E+00   0.0000000000000000E+00
      63   5.3829669291338575E+01       41   1.5643750000000001E+00   0.0000000000000000E+00
      63   5.3829669291338575E+01       42   1.6033593750000001E+00   0.0000000000000000E+00
      63   5.3829669291338575E+01       43   1.6423437500000000E+00   0.0000000000000000E+00
      63   5.3829669291338575E+01       44   1.6813281250000001E+00   0.0000000000000000E+00
      63   5.3829669291338575E+01       45   1.7203125000000001E+00   0.0000000000000000E+00
      63   5.3829669291338575E+01       46   1.7592968750000000E+00   0.0000000000000000E+00
      63   5.3829669291338575E+01       47   1.7982812500000001E+00   0.0000000000000000E+00
      63   5.3829669291338575E+01       48   1.8372656250000001E+00   0.0000000000000000E+00
      63   5.3829669291338575E+01       49   1.8762500000000000E+00   0.0000000000000000E+00
      63   5.3829669291338575E+01       50   1.9152343750000000E+00   0.0000000000000000E+00
      63   5.3829669291338575E+01       51   1.9542187500000001E+00   0.0000000000000000E+00
      63   5.3829669291338575E+01       52   1.9932031250000002E+00   0.0000000000000000E+00
      63   5.3829669291338575E+01       53   2.0321875000000000E+00   0.0000000000000000E+00
      63   5.3829669291338575E+01       54   2.0711718750000001E+00   0.0000000000000000E+00
      63   5.3829669291338575E+01       55   2.1101562500000002E+00   0.0000000000000000E+00
      63   5.3829669291338575E+01       56   2.1491406250000002E+00   0.0000000000000000E+00
      63   5.3829669291338575E+01       57   2.1881249999999999E+00   0.0000000000000000E+00
      63   5.3829669291338575E+01       58   2.2271093749999999E+00   0.0000000000000000E+00
      63   5.3829669291338575E+01       59   2.2660937500000000E+00   0.0000000000000000E+00
      63   5.3829669291338575E+01       60   2.3050781250000001E+00   0.0000000000000000E+00
      63   5.3829669291338575E+01       61   2.3440625000000002E+00   0.0000000000000000E+00
      63   5.3829669291338575E+01       62   2.3830468750000002E+00   0.0000000000000000E+00
      63   5.3829669291338575E+01       63   2.4220312500000003E+00   0.0000000000000000E+00
      63   5.3829669291338575E+01       64   2.4610156249999999E+00   0.0000000000000000E+00
 
      64   5.4697889763779521E+01        1   5.0000000000000001E-03   0.0000000000000000E+00
      64   5.4697889763779521E+01        2   4.3984374999999999E-02   0.0000000000000000E+00
      64   5.4697889763779521E+01        3   8.2968750000000008E-02   0.0000000000000000E+00
      64   5.4697889763779521E+01        4   1.2195312500000001E-01   0.0000000000000000E+00
      64   5.4697889763779521E+01        5   1.6093750000000001E-01   0.0000000000000000E+00
      64   5.4697889763779521E+01        6   1.9992187500000000E-01   0.0000000000000000E+00
      64   5.4697889763779521E+01        7   2.3890625000000001E-01   0.0000000000000000E+00
      64   5.4697889763779521E+01        8   2.7789062500000000E-01   0.0000000000000000E+00
      64   5.4697889763779521E+01        9   3.1687500000000002E-01   0.0000000000000000E+00
      64   5.4697889763779521E+01       10   3.5585937500000003E-01   0.0000000000000000E+00
      64   5.4697889763779521E+01       11   3.9484374999999999E-01   0.0000000000000000E+00
      64   5.4697889763779521E+01       12   4.3382812500000001E-01   0.0000000000000000E+00
      64   5.4697889763779521E+01       13   4.7281250000000002E-01   0.0000000000000000E+00
      64   5.4697889763779521E+01       14   5.1179687500000004E-01   0.0000000000000000E+00
      64   5.4697889763779521E+01       15   5.5078125000000000E-01   0.0000000000000000E+00
      64   5.4697889763779521E+01       16   5.8976562500000007E-01   0.0000000000000000E+00
      64   5.4697889763779521E+01       17   6.2875000000000003E-01   0.0000000000000000E+00
      64   5.4697889763779521E+01       18   6.6773437499999999E-01   0.0000000000000000E+00
      64   5.4697889763779521E+01       19   7.0671875000000006E-01   0.0000000000000000E+00
      64   5.4697889763779521E+01       20   7.4570312500000002E-01   0.0000000000000000E+00
      64   5.4697889763779521E+01       21   7.8468749999999998E-01   0.0000000000000000E+00
      64   5.4697889763779521E+01       22   8.2367187500000005E-01   0.0000000000000000E+00
      64   5.4697889763779521E+01       23   8.6265625000000001E-01   0.0000000000000000E+00
      64   5.4697889763779521E+01       24   9.0164062500000008E-01   0.0000000000000000E+00
      64   5.4697889763779521E+01       25   9.4062500000000004E-01   0.0000000000000000E+00
      64   5.4697889763779521E+01       26   9.7960937500000000E-01   0.0000000000000000E+00
      64   5.4697889763779521E+01       27   1.0185937500000000E+00   0.0000000000000000E+00
      64   5.4697889763779521E+01       28   1.0575781250000000E+00   0.0000000000000000E+00
      64   5.4697889763779521E+01       29   1.0965625000000001E+00   0.0000000000000000E+00
      64   5.4697889763779521E+01       30   1.1355468750000000E+00   0.0000000000000000E+00
      64   5.4697889763779521E+01       31   1.1745312500000000E+00   0.0000000000000000E+00
      64   5.4697889763779521E+01       32   1.2135156250000001E+00   0.0000000000000000E+00
      64   5.4697889763779521E+01       33   1.2524999999999999E+00   0.0000000000000000E+00
      64   5.4697889763779521E+01       34   1.2914843750000000E+00   0.0000000000000000E+00
      64   5.4697889763779521E+01       35   1.3304687500000001E+00   0.0000000000000000E+00
      64   5.4697889763779521E+01       36   1.3694531250000002E+00   0.0000000000000000E+00
      64   5.4697889763779521E+01       37   1.4084375000000000E+00   0.0000000000000000E+00
      64   5.4697889763779521E+01       38   1.4474218750000001E+00   0.0000000000000000E+00
      64   5.4697889763779521E+01       39   1.4864062500000002E+00   0.0000000000000000E+00
      64   5.4697889763779521E+01       40   1.5253906250000000E+00   0.0000000000000000E+00
      64   5.4697889763779521E+01       41   1.5643750000000001E+00   0.0000000000000000E+00
      64   5.4697889763779521E+01       42   1.6033593750000001E+00   0.0000000000000000E+00
      64   5.4697889763779521E+01       43   1.6423437500000000E+00   0.0000000000000000E+00
      64   5.4697889763779521E+01       44   1.6813281250000001E+00   0.0000000000000000E+00
      64   5.4697889763779521E+01       45   1.7203125000000001E+00   0.0000000000000000E+00
      64   5.4697889763779521E+01       46   1.7592968750000000E+00   0.0000000000000000E+00
      64   5.4697889763779521E+01       47   1.7982812500000001E+00   0.0000000000000000E+00
      64   5.4697889763779521E+01       48   1.8372656250000001E+00   0.0000000000000000E+00
      64   5.4697889763779521E+01       49   1.8762500000000000E+00   0.0000000000000000E+00
      64   5.4697889763779521E+01       50   1.9152343750000000E+00   0.0000000000000000E+00
      64   5.4697889763779521E+01       51   1.9542187500000001E+00   0.0000000000000000E+00
      64   5.4697889763779521E+01       52   1.9932031250000002E+00   0.0000000000000000E+00
      64   5.4697889763779521E+01       53   2.0321875000000000E+00   0.0000000000000000E+00
      64   5.4697889763779521E+01       54   2.0711718750000001E+00   0.0000000000000000E+00
      64   5.4697889763779521E+01       55   2.1101562500000002E+00   0.0000000000000000E+00
      64   5.4697889763779521E+01       56   2.1491406250000002E+00   0.0000000000000000E+00
      64   5.4697889763779521E+01       57   2.1881249999999999E+00   0.0000000000000000E+00
      64   5.4697889763779521E+01       58   2.2271093749999999E+00   0.0000000000000000E+00
      64   5.4697889763779521E+01       59   2.2660937500000000E+00   0.0000000000000000E+00
      64   5.4697889763779521E+01       60   2.3050781250000001E+00   0.0000000000000000E+00
      64   5.4697889763779521E+01       61   2.3440625000000002E+00   0.0000000000000000E+00
      64   5.4697889763779521E+01       62   2.3830468750000002E+00   0.0000000000000000E+00
      64   5.4697889763779521E+01       63   2.4220312500000003E+00   0.0000000000000000E+00
      64   5.4697889763779521E+01       64   2.4610156249999999E+00   0.0000000000000000E+00
 
      65   5.5566110236220467E+01        1   5.0000000000000001E-03   0.0000000000000000E+00
      65   5.5566110236220467E+01        2   4.3984374999999999E-02   0.0000000000000000E+00
      65   5.5566110236220467E+01        3   8.2968750000000008E-02   0.0000000000000000E+00
      65   5.5566110236220467E+01        4   1.2195312500000001E-01   0.0000000000000000E+00
      65   5.5566110236220467E+01        5   1.6093750000000001E-01   0.0000000000000000E+00
      65   5.5566110236220467E+01        6   1.9992187500000000E-01   0.0000000000000000E+00
      65   5.5566110236220467E+01        7   2.3890625000000001E-01   0.0000000000000000E+00
      65   5.5566110236220467E+01        8   2.7789062500000000E-01   0.0000000000000000E+00
      65   5.5566110236220467E+01        9   3.1687500000000002E-01   0.0000000000000000E+00
      65   5.5566110236220467E+01       10   3.5585937500000003E-01   0.0000000000000000E+00
      65   5.5566110236220467E+01       11   3.9484374999999999E-01   0.0000000000000000E+00
      65   5.5566110236220467E+01       12   4.3382812500000001E-01   0.0000000000000000E+00
      65   5.5566110236220467E+01       13   4.7281250000000002E-01   0.0000000000000000E+00
      65   5.5566110236220467E+01       14   5.1179687500000004E-01   0.0000000000000000E+00
      65   5.5566110236220467E+01       15   5.5078125000000000E-01   0.0000000000000000E+00
      65   5.5566110236220467E+01       16   5.8976562500000007E-01   0.0000000000000000E+00
      65   5.5566110236220467E+01       17   6.2875000000000003E-01   0.0000000000000000E+00
      65   5.5566110236220467E+01       18   6.6773437499999999E-01   0.0000000000000000E+00
      65   5.5566110236220467E+01       19   7.0671875000000006E-01   0.0000000000000000E+00
      65   5.5566110236220467E+01       20   7.4570312500000002E-01   0.0000000000000000E+00
      65   5.5566110236220467E+01       21   7.8468749999999998E-01   0.0000000000000000E+00
      65   5.5566110236220467E+01       22   8.2367187500000005E-01   0.0000000000000000E+00
      65   5.5566110236220467E+01       23   8.6265625000000001E-01   0.0000000000000000E+00
      65   5.5566110236220467E+01       24   9.0164062500000008E-01   0.0000000000000000E+00
      65   5.5566110236220467E+01       25   9.4062500000000004E-01   0.0000000000000000E+00
      65   5.5566110236220467E+01       26   9.7960937500000000E-01   0.0000000000000000E+00
      65   5.5566110236220467E+01       27   1.0185937500000000E+00   0.0000000000000000E+00
      65   5.5566110236220467E+01       28   1.0575781250000000E+00   0.0000000000000000E+00
      65   5.5566110236220467E+01       29   1.0965625000000001E+00   0.0000000000000000E+00
      65   5.5566110236220467E+01       30   1.1355468750000000E+00   0.0000000000000000E+00
      65   5.5566110236220467E+01       31   1.1745312500000000E+00   0.0000000000000000E+00
      65   5.5566110236220467E+01       32   1.2135156250000001E+00   0.0000000000000000E+00
      65   5.5566110236220467E+01       33   1.2524999999999999E+00   0.0000000000000000E+00
      65   5.5566110236220467E+01       34   1.2914843750000000E+00   0.0000000000000000E+00
      65   5.5566110236220467E+01       35   1.3304687500000001E+00   0.0000000000000000E+00
      65   5.5566110236220467E+01       36   1.3694531250000002E+00   0.0000000000000000E+00
      65   5.5566110236220467E+01       37   1.4084375000000000E+00   0.0000000000000000E+00
      65   5.5566110236220467E+01       38   1.4474218750000001E+00   0.0000000000000000E+00
      65   5.5566110236220467E+01       39   1.4864062500000002E+00   0.0000000000000000E+00
      65   5.5566110236220467E+01       40   1.5253906250000000E+00   0.0000000000000000E+00
      65   5.5566110236220467E+01       41   1.5643750000000001E+00   0.0000000000000000E+00
      65   5.5566110236220467E+01       42   1.6033593750000001E+00   0.0000000000000000E+00
      65   5.5566110236220467E+01       43   1.6423437500000000E+00   0.0000000000000000E+00
      65   5.5566110236220467E+01       44   1.6813281250000001E+00   0.0000000000000000E+00
      65   5.5566110236220467E+01       45   1.7203125000000001E+00   0.0000000000000000E+00
      65   5.5566110236220467E+01       46   1.7592968750000000E+00   0.0000000000000000E+00
      65   5.5566110236220467E+01       47   1.7982812500000001E+00   0.0000000000000000E+00
      65   5.5566110236220467E+01       48   1.8372656250000001E+00   0.0000000000000000E+00
      65   5.5566110236220467E+01       49   1.8762500000000000E+00   0.0000000000000000E+00
      65   5.5566110236220467E+01       50   1.9152343750000000E+00   0.0000000000000000E+00
      65   5.5566110236220467E+01       51   1.9542187500000001E+00   0.0000000000000000E+00
      65   5.5566110236220467E+01       52   1.9932031250000002E+00   0.0000000000000000E+00
      65   5.5566110236220467E+01       53   2.0321875000000000E+00   0.0000000000000000E+00
      65   5.5566110236220467E+01       54   2.0711718750000001E+00   0.0000000000000000E+00
      65   5.5566110236220467E+01       55   2.1101562500000002E+00   0.0000000000000000E+00
      65   5.5566110236220467E+01       56   2.1491406250000002E+00   0.0000000000000000E+00
      65   5.5566110236220467E+01       57   2.1881249999999999E+00   0.0000000000000000E+00
      65   5.5566110236220467E+01       58   2.2271093749999999E+00   0.0000000000000000E+00
      65   5.5566110236220467E+01       59   2.2660937500000000E+00   0.0000000000000000E+00
      65   5.5566110236220467E+01       60   2.3050781250000001E+00   0.0000000000000000E+00
      65   5.5566110236220467E+01       61   2.3440625000000002E+00   0.0000000000000000E+00
      65   5.5566110236220467E+01       62   2.3830468750000002E+00   0.0000000000000000E+00
      65   5.5566110236220467E+01       63   2.4220312500000003E+00   0.0000000000000000E+00
      65   5.5566110236220467E+01       64   2.4610156249999999E+00   0.0000000000000000E+00
 
      66   5.6434330708661413E+01        1   5.0000000000000001E-03   0.0000000000000000E+00
      66   5.6434330708661413E+01        2   4.3984374999999999E-02   0.0000000000000000E+00
      66   5.6434330708661413E+01        3   8.2968750000000008E-02   0.0000000000000000E+00
      66   5.6434330708661413E+01        4   1.2195312500000001E-01   0.0000000000000000E+00
      66   5.6434330708661413E+01        5   1.6093750000000001E-01   0.0000000000000000E+00
      66   5.6434330708661413E+01        6   1.9992187500000000E-01   0.0000000000000000E+00
      66   5.6434330708661413E+01        7   2.3890625000000001E-01   0.0000000000000000E+00
      66   5.6434330708661413E+01        8   2.7789062500000000E-01   0.0000000000000000E+00
      66   5.6434330708661413E+01        9   3.1687500000000002E-01   0.0000000000000000E+00
      66   5.6434330708661413E+01       10   3.5585937500000003E-01   0.0000000000000000E+00
      66   5.6434330708661413E+01       11   3.9484374999999999E-01   0.0000000000000000E+00
      66   5.6434330708661413E+01       12   4.3382812500000001E-01   0.0000000000000000E+00
      66   5.6434330708661413E+01       13   4.7281250000000002E-01   0.0000000000000000E+00
      66   5.6434330708661413E+01       14   5.1179687500000004E-01   0.0000000000000000E+00
      66   5.6434330708661413E+01       15   5.5078125000000000E-01   0.0000000000000000E+00
      66   5.6434330708661413E+01       16   5.8976562500000007E-01   0.0000000000000000E+00
      66   5.6434330708661413E+01       17   6.2875000000000003E-01   0.0000000000000000E+00
      66   5.6434330708661413E+01       18   6.6773437499999999E-01   0.0000000000000000E+00
      66   5.6434330708661413E+01       19   7.0671875000000006E-01   0.0000000000000000E+00
      66   5.6434330708661413E+01       20   7.4570312500000002E-01   0.0000000000000000E+00
      66   5.6434330708661413E+01       21   7.8468749999999998E-01   0.0000000000000000E+00
      66   5.6434330708661413E+01       22   8.2367187500000005E-01   0.0000000000000000E+00
      66   5.6434330708661413E+01       23   8.6265625000000001E-01   0.0000000000000000E+00
      66   5.6434330708661413E+01       24   9.0164062500000008E-01   0.0000000000000000E+00
      66   5.6434330708661413E+01       25   9.4062500000000004E-01   0.0000000000000000E+00
      66   5.6434330708661413E+01       26   9.7960937500000000E-01   0.0000000000000000E+00
      66   5.6434330708661413E+01       27   1.0185937500000000E+00   0.0000000000000000E+00
      66   5.6434330708661413E+01       28   1.0575781250000000E+00   0.0000000000000000E+00
      66   5.6434330708661413E+01       29   1.0965625000000001E+00   0.0000000000000000E+00
      66   5.6434330708661413E+01       30   1.1355468750000000E+00   0.0000000000000000E+00
      66   5.6434330708661413E+01       31   1.1745312500000000E+00   0.0000000000000000E+00
      66   5.6434330708661413E+01       32   1.2135156250000001E+00   0.0000000000000000E+00
      66   5.6434330708661413E+01       33   1.2524999999999999E+00   0.0000000000000000E+00
      66   5.6434330708661413E+01       34   1.2914843750000000E+00   0.0000000000000000E+00
      66   5.6434330708661413E+01       35   1.3304687500000001E+00   0.0000000000000000E+00
      66   5.6434330708661413E+01       36   1.3694531250000002E+00   0.0000000000000000E+00
      66   5.6434330708661413E+01       37   1.4084375000000000E+00   0.0000000000000000E+00
      66   5.6434330708661413E+01       38   1.4474218750000001E+00   0.0000000000000000E+00
      66   5.6434330708661413E+01       39   1.4864062500000002E+00   0.0000000000000000E+00
      66   5.6434330708661413E+01       40   1.5253906250000000E+00   0.0000000000000000E+00
      66   5.6434330708661413E+01       41   1.5643750000000001E+00   0.0000000000000000E+00
      66   5.6434330708661413E+01       42   1.6033593750000001E+00   0.0000000000000000E+00
      66   5.6434330708661413E+01       43   1.6423437500000000E+00   0.0000000000000000E+00
      66   5.6434330708661413E+01       44   1.6813281250000001E+00   0.0000000000000000E+00
      66   5.6434330708661413E+01       45   1.7203125000000001E+00   0.0000000000000000E+00
      66   5.6434330708661413E+01       46   1.7592968750000000E+00   0.0000000000000000E+00
      66   5.6434330708661413E+01       47   1.7982812500000001E+00   0.0000000000000000E+00
      66   5.6434330708661413E+01       48   1.8372656250000001E+00   0.0000000000000000E+00
      66   5.6434330708661413E+01       49   1.8762500000000000E+00   0.0000000000000000E+00
      66   5.6434330708661413E+01       50   1.9152343750000000E+00   0.0000000000000000E+00
      66   5.6434330708661413E+01       51   1.9542187500000001E+00   0.0000000000000000E+00
      66   5.6434330708661413E+01       52   1.9932031250000002E+00   0.0000000000000000E+00
      66   5.6434330708661413E+01       53   2.0321875000000000E+00   0.0000000000000000E+00
      66   5.6434330708661413E+01       54   2.0711718750000001E+00   0.0000000000000000E+00
      66   5.6434330708661413E+01       55   2.1101562500000002E+00   0.0000000000000000E+00
      66   5.6434330708661413E+01       56   2.1491406250000002E+00   0.0000000000000000E+00
      66   5.6434330708661413E+01       57   2.1881249999999999E+00   0.0000000000000000E+00
      66   5.6434330708661413E+01       58   2.2271093749999999E+00   0.0000000000000000E+00
      66   5.6434330708661413E+01       59   2.2660937500000000E+00   0.0000000000000000E+00
      66   5.6434330708661413E+01       60   2.3050781250000001E+00   0.0000000000000000E+00
      66   5.6434330708661413E+01       61   2.3440625000000002E+00   0.0000000000000000E+00
      66   5.6434330708661413E+01       62   2.3830468750000002E+00   0.0000000000000000E+00
      66   5.6434330708661413E+01       63   2.4220312500000003E+00   0.0000000000000000E+00
      66   5.6434330708661413E+01       64   2.4610156249999999E+00   0.0000000000000000E+00
 
      67   5.7302551181102359E+01        1   5.0000000000000001E-03   0.0000000000000000E+00
      67   5.7302551181102359E+01        2   4.3984374999999999E-02   0.0000000000000000E+00
      67   5.7302551181102359E+01        3   8.2968750000000008E-02   0.0000000000000000E+00
      67   5.7302551181102359E+01        4   1.2195312500000001E-01   0.0000000000000000E+00
      67   5.7302551181102359E+01        5   1.6093750000000001E-01   0.0000000000000000E+00
      67   5.7302551181102359E+01        6   1.9992187500000000E-01   0.0000000000000000E+00
      67   5.7302551181102359E+01        7   2.3890625000000001E-01   0.0000000000000000E+00
      67   5.7302551181102359E+01        8   2.7789062500000000E-01   0.0000000000000000E+00
      67   5.7302551181102359E+01        9   3.1687500000000002E-01   0.0000000000000000E+00
      67   5.7302551181102359E+01       10   3.5585937500000003E-01   0.0000000000000000E+00
      67   5.7302551181102359E+01       11   3.9484374999999999E-01   0.0000000000000000E+00
      67   5.7302551181102359E+01       12   4.3382812500000001E-01   0.0000000000000000E+00
      67   5.7302551181102359E+01       13   4.7281250000000002E-01   0.0000000000000000E+00
      67   5.7302551181102359E+01       14   5.1179687500000004E-01   0.0000000000000000E+00
      67   5.7302551181102359E+01       15   5.5078125000000000E-01   0.0000000000000000E+00
      67   5.7302551181102359E+01       16   5.8976562500000007E-01   0.0000000000000000E+00
      67   5.7302551181102359E+01       17   6.2875000000000003E-01   0.0000000000000000E+00
      67   5.7302551181102359E+01       18   6.6773437499999999E-01   0.0000000000000000E+00
      67   5.7302551181102359E+01       19   7.0671875000000006E-01   0.0000000000000000E+00
      67   5.7302551181102359E+01       20   7.4570312500000002E-01   0.0000000000000000E+00
      67   5.7302551181102359E+01       21   7.8468749999999998E-01   0.0000000000000000E+00
      67   5.7302551181102359E+01       22   8.2367187500000005E-01   0.0000000000000000E+00
      67   5.7302551181102359E+01       23   8.6265625000000001E-01   0.0000000000000000E+00
      67   5.7302551181102359E+01       24   9.0164062500000008E-01   0.0000000000000000E+00
      67   5.7302551181102359E+01       25   9.4062500000000004E-01   0.0000000000000000E+00
      67   5.7302551181102359E+01       26   9.7960937500000000E-01   0.0000000000000000E+00
      67   5.7302551181102359E+01       27   1.0185937500000000E+00   0.0000000000000000E+00
      67   5.7302551181102359E+01       28   1.0575781250000000E+00   0.0000000000000000E+00
      67   5.7302551181102359E+01       29   1.0965625000000001E+00   0.0000000000000000E+00
      67   5.7302551181102359E+01       30   1.1355468750000000E+00   0.0000000000000000E+00
      67   5.7302551181102359E+01       31   1.1745312500000000E+00   0.0000000000000000E+00
      67   5.7302551181102359E+01       32   1.2135156250000001E+00   0.0000000000000000E+00
      67   5.7302551181102359E+01       33   1.2524999999999999E+00   0.0000000000000000E+00
      67   5.7302551181102359E+01       34   1.2914843750000000E+00   0.0000000000000000E+00
      67   5.7302551181102359E+01       35   1.3304687500000001E+00   0.0000000000000000E+00
      67   5.7302551181102359E+01       36   1.3694531250000002E+00   0.0000000000000000E+00
      67   5.7302551181102359E+01       37   1.4084375000000000E+00   0.0000000000000000E+00
      67   5.7302551181102359E+01       38   1.4474218750000001E+00   0.0000000000000000E+00
      67   5.7302551181102359E+01       39   1.4864062500000002E+00   0.0000000000000000E+00
      67   5.7302551181102359E+01       40   1.5253906250000000E+00   0.0000000000000000E+00
      67   5.7302551181102359E+01       41   1.5643750000000001E+00   0.0000000000000000E+00
      67   5.7302551181102359E+01       42   1.6033593750000001E+00   0.0000000000000000E+00
      67   5.7302551181102359E+01       43   1.6423437500000000E+00   0.0000000000000000E+00
      67   5.7302551181102359E+01       44   1.6813281250000001E+00   0.0000000000000000E+00
      67   5.7302551181102359E+01       45   1.7203125000000001E+00   0.0000000000000000E+00
      67   5.7302551181102359E+01       46   1.7592968750000000E+00   0.0000000000000000E+00
      67   5.7302551181102359E+01       47   1.7982812500000001E+00   0.0000000000000000E+00
      67   5.7302551181102359E+01       48   1.8372656250000001E+00   0.0000000000000000E+00
      67   5.7302551181102359E+01       49   1.8762500000000000E+00   0.0000000000000000E+00
      67   5.7302551181102359E+01       50   1.9152343750000000E+00   0.0000000000000000E+00
      67   5.7302551181102359E+01       51   1.9542187500000001E+00   0.0000000000000000E+00
      67   5.7302551181102359E+01       52   1.9932031250000002E+00   0.0000000000000000E+00
      67   5.7302551181102359E+01       53   2.0321875000000000E+00   0.0000000000000000E+00
      67   5.7302551181102359E+01       54   2.0711718750000001E+00   0.0000000000000000E+00
      67   5.7302551181102359E+01       55   2.1101562500000002E+00   0.0000000000000000E+00
      67   5.7302551181102359E+01       56   2.1491406250000002E+00   0.0000000000000000E+00
      67   5.7302551181102359E+01       57   2.1881249999999999E+00   0.0000000000000000E+00
      67   5.7302551181102359E+01       58   2.2271093749999999E+00   0.0000000000000000E+00
      67   5.7302551181102359E+01       59   2.2660937500000000E+00   0.0000000000000000E+00
      67   5.7302551181102359E+01       60   2.3050781250000001E+00   0.0000000000000000E+00
      67   5.7302551181102359E+01       61   2.3440625000000002E+00   0.0000000000000000E+00
      67   5.7302551181102359E+01       62   2.3830468750000002E+00   0.0000000000000000E+00
      67   5.7302551181102359E+01       63   2.4220312500000003E+00   0.0000000000000000E+00
      67   5.7302551181102359E+01       64   2.4610156249999999E+00   0.0000000000000000E+00
 
      68   5.8170771653543305E+01        1   5.0000000000000001E-03   0.0000000000000000E+00
      68   5.8170771653543305E+01        2   4.3984374999999999E-02   0.0000000000000000E+00
      68   5.8170771653543305E+01        3   8.2968750000000008E-02   0.0000000000000000E+00
      68   5.8170771653543305E+01        4   1.2195312500000001E-01   0.0000000000000000E+00
      68   5.8170771653543305E+01        5   1.6093750000000001E-01   0.0000000000000000E+00
      68   5.8170771653543305E+01        6   1.9992187500000000E-01   0.0000000000000000E+00
      68   5.8170771653543305E+01        7   2.3890625000000001E-01   0.0000000000000000E+00
      68   5.8170771653543305E+01        8   2.7789062500000000E-01   0.0000000000000000E+00
      68   5.8170771653543305E+01        9   3.1687500000000002E-01   0.0000000000000000E+00
      68   5.8170771653543305E+01       10   3.5585937500000003E-01   0.0000000000000000E+00
      68   5.8170771653543305E+01       11   3.9484374999999999E-01   0.0000000000000000E+00
      68   5.8170771653543305E+01       12   4.3382812500000001E-01   0.0000000000000000E+00
      68   5.8170771653543305E+01       13   4.7281250000000002E-01   0.0000000000000000E+00
      68   5.8170771653543305E+01       14   5.1179687500000004E-01   0.0000000000000000E+00
      68   5.8170771653543305E+01       15   5.5078125000000000E-01   0.0000000000000000E+00
      68   5.8170771653543305E+01       16   5.8976562500000007E-01   0.0000000000000000E+00
      68   5.8170771653543305E+01       17   6.2875000000000003E-01   0.0000000000000000E+00
      68   5.8170771653543305E+01       18   6.6773437499999999E-01   0.0000000000000000E+00
      68   5.8170771653543305E+01       19   7.0671875000000006E-01   0.0000000000000000E+00
      68   5.8170771653543305E+01       20   7.4570312500000002E-01   0.0000000000000000E+00
      68   5.8170771653543305E+01       21   7.8468749999999998E-01   0.0000000000000000E+00
      68   5.8170771653543305E+01       22   8.2367187500000005E-01   0.0000000000000000E+00
      68   5.8170771653543305E+01       23   8.6265625000000001E-01   0.0000000000000000E+00
      68   5.8170771653543305E+01       24   9.0164062500000008E-01   0.0000000000000000E+00
      68   5.8170771653543305E+01       25   9.4062500000000004E-01   0.0000000000000000E+00
      68   5.8170771653543305E+01       26   9.7960937500000000E-01   0.0000000000000000E+00
      68   5.8170771653543305E+01       27   1.0185937500000000E+00   0.0000000000000000E+00
      68   5.8170771653543305E+01       28   1.0575781250000000E+00   0.0000000000000000E+00
      68   5.8170771653543305E+01       29   1.0965625000000001E+00   0.0000000000000000E+00
      68   5.8170771653543305E+01       30   1.1355468750000000E+00   0.0000000000000000E+00
      68   5.8170771653543305E+01       31   1.1745312500000000E+00   0.0000000000000000E+00
      68   5.8170771653543305E+01       32   1.2135156250000001E+00   0.0000000000000000E+00
      68   5.8170771653543305E+01       33   1.2524999999999999E+00   0.0000000000000000E+00
      68   5.8170771653543305E+01       34   1.2914843750000000E+00   0.0000000000000000E+00
      68   5.8170771653543305E+01       35   1.3304687500000001E+00   0.0000000000000000E+00
      68   5.8170771653543305E+01       36   1.3694531250000002E+00   0.0000000000000000E+00
      68   5.8170771653543305E+01       37   1.4084375000000000E+00   0.0000000000000000E+00
      68   5.8170771653543305E+01       38   1.4474218750000001E+00   0.0000000000000000E+00
      68   5.8170771653543305E+01       39   1.4864062500000002E+00   0.0000000000000000E+00
      68   5.8170771653543305E+01       40   1.5253906250000000E+00   0.0000000000000000E+00
      68   5.8170771653543305E+01       41   1.5643750000000001E+00   0.0000000000000000E+00
      68   5.8170771653543305E+01       42   1.6033593750000001E+00   0.0000000000000000E+00
      68   5.8170771653543305E+01       43   1.6423437500000000E+00   0.0000000000000000E+00
      68   5.8170771653543305E+01       44   1.6813281250000001E+00   0.0000000000000000E+00
      68   5.8170771653543305E+01       45   1.7203125000000001E+00   0.0000000000000000E+00
      68   5.8170771653543305E+01       46   1.7592968750000000E+00   0.0000000000000000E+00
      68   5.8170771653543305E+01       47   1.7982812500000001E+00   0.0000000000000000E+00
      68   5.8170771653543305E+01       48   1.8372656250000001E+00   0.0000000000000000E+00
      68   5.8170771653543305E+01       49   1.8762500000000000E+00   0.0000000000000000E+00
      68   5.8170771653543305E+01       50   1.9152343750000000E+00   0.0000000000000000E+00
      68   5.8170771653543305E+01       51   1.9542187500000001E+00   0.0000000000000000E+00
      68   5.8170771653543305E+01       52   1.9932031250000002E+00   0.0000000000000000E+00
      68   5.8170771653543305E+01       53   2.0321875000000000E+00   0.0000000000000000E+00
      68   5.8170771653543305E+01       54   2.0711718750000001E+00   0.0000000000000000E+00
      68   5.8170771653543305E+01       55   2.1101562500000002E+00   0.0000000000000000E+00
      68   5.8170771653543305E+01       56   2.1491406250000002E+00   0.0000000000000000E+00
      68   5.8170771653543305E+01       57   2.1881249999999999E+00   0.0000000000000000E+00
      68   5.8170771653543305E+01       58   2.2271093749999999E+00   0.0000000000000000E+00
      68   5.8170771653543305E+01       59   2.2660937500000000E+00   0.0000000000000000E+00
      68   5.8170771653543305E+01       60   2.3050781250000001E+00   0.0000000000000000E+00
      68   5.8170771653543305E+01       61   2.3440625000000002E+00   0.0000000000000000E+00
      68   5.8170771653543305E+01       62   2.3830468750000002E+00   0.0000000000000000E+00
      68   5.8170771653543305E+01       63   2.4220312500000003E+00   0.0000000000000000E+00
      68   5.8170771653543305E+01       64   2.4610156249999999E+00   0.0000000000000000E+00
 
      69   5.9038992125984244E+01        1   5.0000000000000001E-03   0.0000000000000000E+00
      69   5.9038992125984244E+01        2   4.3984374999999999E-02   0.0000000000000000E+00
      69   5.9038992125984244E+01        3   8.2968750000000008E-02   0.0000000000000000E+00
      69   5.9038992125984244E+01        4   1.2195312500000001E-01   0.0000000000000000E+00
      69   5.9038992125984244E+01        5   1.6093750000000001E-01   0.0000000000000000E+00
      69   5.9038992125984244E+01        6   1.9992187500000000E-01   0.0000000000000000E+00
      69   5.9038992125984244E+01        7   2.3890625000000001E-01   0.0000000000000000E+00
      69   5.9038992125984244E+01        8   2.7789062500000000E-01   0.0000000000000000E+00
      69   5.9038992125984244E+01        9   3.1687500000000002E-01   0.0000000000000000E+00
      69   5.9038992125984244E+01       10   3.5585937500000003E-01   0.0000000000000000E+00
      69   5.9038992125984244E+01       11   3.9484374999999999E-01   0.0000000000000000E+00
      69   5.9038992125984244E+01       12   4.3382812500000001E-01   0.0000000000000000E+00
      69   5.9038992125984244E+01       13   4.7281250000000002E-01   0.0000000000000000E+00
      69   5.9038992125984244E+01       14   5.1179687500000004E-01   0.0000000000000000E+00
      69   5.9038992125984244E+01       15   5.5078125000000000E-01   0.0000000000000000E+00
      69   5.9038992125984244E+01       16   5.8976562500000007E-01   0.0000000000000000E+00
      69   5.9038992125984244E+01       17   6.2875000000000003E-01   0.0000000000000000E+00
      69   5.9038992125984244E+01       18   6.6773437499999999E-01   0.0000000000000000E+00
      69   5.9038992125984244E+01       19   7.0671875000000006E-01   0.0000000000000000E+00
      69   5.9038992125984244E+01       20   7.4570312500000002E-01   0.0000000000000000E+00
      69   5.9038992125984244E+01       21   7.8468749999999998E-01   0.0000000000000000E+00
      69   5.9038992125984244E+01       22   8.2367187500000005E-01   0.0000000000000000E+00
      69   5.9038992125984244E+01       23   8.6265625000000001E-01   0.0000000000000000E+00
      69   5.9038992125984244E+01       24   9.0164062500000008E-01   0.0000000000000000E+00
      69   5.9038992125984244E+01       25   9.4062500000000004E-01   0.0000000000000000E+00
      69   5.9038992125984244E+01       26   9.7960937500000000E-01   0.0000000000000000E+00
      69   5.9038992125984244E+01       27   1.0185937500000000E+00   0.0000000000000000E+00
      69   5.9038992125984244E+01       28   1.0575781250000000E+00   0.0000000000000000E+00
      69   5.9038992125984244E+01       29   1.0965625000000001E+00   0.0000000000000000E+00
      69   5.9038992125984244E+01       30   1.1355468750000000E+00   0.0000000000000000E+00
      69   5.9038992125984244E+01       31   1.1745312500000000E+00   0.0000000000000000E+00
      69   5.9038992125984244E+01       32   1.2135156250000001E+00   0.0000000000000000E+00
      69   5.9038992125984244E+01       33   1.2524999999999999E+00   0.0000000000000000E+00
      69   5.9038992125984244E+01       34   1.2914843750000000E+00   0.0000000000000000E+00
      69   5.9038992125984244E+01       35   1.3304687500000001E+00   0.0000000000000000E+00
      69   5.9038992125984244E+01       36   1.3694531250000002E+00   0.0000000000000000E+00
      69   5.9038992125984244E+01       37   1.4084375000000000E+00   0.0000000000000000E+00
      69   5.9038992125984244E+01       38   1.4474218750000001E+00   0.0000000000000000E+00
      69   5.9038992125984244E+01       39   1.4864062500000002E+00   0.0000000000000000E+00
      69   5.9038992125984244E+01       40   1.5253906250000000E+00   0.0000000000000000E+00
      69   5.9038992125984244E+01       41   1.5643750000000001E+00   0.0000000000000000E+00
      69   5.9038992125984244E+01       42   1.6033593750000001E+00   0.0000000000000000E+00
      69   5.9038992125984244E+01       43   1.6423437500000000E+00   0.0000000000000000E+00
      69   5.9038992125984244E+01       44   1.6813281250000001E+00   0.0000000000000000E+00
      69   5.9038992125984244E+01       45   1.7203125000000001E+00   0.0000000000000000E+00
      69   5.9038992125984244E+01       46   1.7592968750000000E+00   0.0000000000000000E+00
      69   5.9038992125984244E+01       47   1.7982812500000001E+00   0.0000000000000000E+00
      69   5.9038992125984244E+01       48   1.8372656250000001E+00   0.0000000000000000E+00
      69   5.9038992125984244E+01       49   1.8762500000000000E+00   0.0000000000000000E+00
      69   5.9038992125984244E+01       50   1.9152343750000000E+00   0.0000000000000000E+00
      69   5.9038992125984244E+01       51   1.9542187500000001E+00   0.0000000000000000E+00
      69   5.9038992125984244E+01       52   1.9932031250000002E+00   0.0000000000000000E+00
      69   5.9038992125984244E+01       53   2.0321875000000000E+00   0.0000000000000000E+00
      69   5.9038992125984244E+01       54   2.0711718750000001E+00   0.0000000000000000E+00
      69   5.9038992125984244E+01       55   2.1101562500000002E+00   0.0000000000000000E+00
      69   5.9038992125984244E+01       56   2.1491406250000002E+00   0.0000000000000000E+00
      69   5.9038992125984244E+01       57   2.1881249999999999E+00   0.0000000000000000E+00
      69   5.9038992125984244E+01       58   2.2271093749999999E+00   0.0000000000000000E+00
      69   5.9038992125984244E+01       59   2.2660937500000000E+00   0.0000000000000000E+00
      69   5.9038992125984244E+01       60   2.3050781250000001E+00   0.0000000000000000E+00
      69   5.9038992125984244E+01       61   2.3440625000000002E+00   0.0000000000000000E+00
      69   5.9038992125984244E+01       62   2.3830468750000002E+00   0.0000000000000000E+00
      69   5.9038992125984244E+01       63   2.4220312500000003E+00   0.0000000000000000E+00
      69   5.9038992125984244E+01       64   2.4610156249999999E+00   0.0000000000000000E+00
 
      70   5.9907212598425190E+01        1   5.0000000000000001E-03   0.0000000000000000E+00
      70   5.9907212598425190E+01        2   4.3984374999999999E-02   0.0000000000000000E+00
      70   5.9907212598425190E+01        3   8.2968750000000008E-02   0.0000000000000000E+00
      70   5.9907212598425190E+01        4   1.2195312500000001E-01   0.0000000000000000E+00
      70   5.9907212598425190E+01        5   1.6093750000000001E-01   0.0000000000000000E+00
      70   5.9907212598425190E+01        6   1.9992187500000000E-01   0.0000000000000000E+00
      70   5.9907212598425190E+01        7   2.3890625000000001E-01   0.0000000000000000E+00
      70   5.9907212598425190E+01        8   2.7789062500000000E-01   0.0000000000000000E+00
      70   5.9907212598425190E+01        9   3.1687500000000002E-01   0.0000000000000000E+00
      70   5.9907212598425190E+01       10   3.5585937500000003E-01   0.0000000000000000E+00
      70   5.9907212598425190E+01       11   3.9484374999999999E-01   0.0000000000000000E+00
      70   5.9907212598425190E+01       12   4.3382812500000001E-01   0.0000000000000000E+00
      70   5.9907212598425190E+01       13   4.7281250000000002E-01   0.0000000000000000E+00
      70   5.9907212598425190E+01       14   5.1179687500000004E-01   0.0000000000000000E+00
      70   5.9907212598425190E+01       15   5.5078125000000000E-01   0.0000000000000000E+00
      70   5.9907212598425190E+01       16   5.8976562500000007E-01   0.0000000000000000E+00
      70   5.9907212598425190E+01       17   6.2875000000000003E-01   0.0000000000000000E+00
      70   5.9907212598425190E+01       18   6.6773437499999999E-01   0.0000000000000000E+00
      70   5.9907212598425190E+01       19   7.0671875000000006E-01   0.0000000000000000E+00
      70   5.9907212598425190E+01       20   7.4570312500000002E-01   0.0000000000000000E+00
      70   5.9907212598425190E+01       21   7.8468749999999998E-01   0.0000000000000000E+00
      70   5.9907212598425190E+01       22   8.2367187500000005E-01   0.0000000000000000E+00
      70   5.9907212598425190E+01       23   8.6265625000000001E-01   0.0000000000000000E+00
      70   5.9907212598425190E+01       24   9.0164062500000008E-01   0.0000000000000000E+00
      70   5.9907212598425190E+01       25   9.4062500000000004E-01   0.0000000000000000E+00
      70   5.9907212598425190E+01       26   9.7960937500000000E-01   0.0000000000000000E+00
      70   5.9907212598425190E+01       27   1.0185937500000000E+00   0.0000000000000000E+00
      70   5.9907212598425190E+01       28   1.0575781250000000E+00   0.0000000000000000E+00
      70   5.9907212598425190E+01       29   1.0965625000000001E+00   0.0000000000000000E+00
      70   5.9907212598425190E+01       30   1.1355468750000000E+00   0.0000000000000000E+00
      70   5.9907212598425190E+01       31   1.1745312500000000E+00   0.0000000000000000E+00
      70   5.9907212598425190E+01       32   1.2135156250000001E+00   0.0000000000000000E+00
      70   5.9907212598425190E+01       33   1.2524999999999999E+00   0.0000000000000000E+00
      70   5.9907212598425190E+01       34   1.2914843750000000E+00   0.0000000000000000E+00
      70   5.9907212598425190E+01       35   1.3304687500000001E+00   0.0000000000000000E+00
      70   5.9907212598425190E+01       36   1.3694531250000002E+00   0.0000000000000000E+00
      70   5.9907212598425190E+01       37   1.4084375000000000E+00   0.0000000000000000E+00
      70   5.9907212598425190E+01       38   1.4474218750000001E+00   0.0000000000000000E+00
      70   5.9907212598425190E+01       39   1.4864062500000002E+00   0.0000000000000000E+00
      70   5.9907212598425190E+01       40   1.5253906250000000E+00   0.0000000000000000E+00
      70   5.9907212598425190E+01       41   1.5643750000000001E+00   0.0000000000000000E+00
      70   5.9907212598425190E+01       42   1.6033593750000001E+00   0.0000000000000000E+00
      70   5.9907212598425190E+01       43   1.6423437500000000E+00   0.0000000000000000E+00
      70   5.9907212598425190E+01       44   1.6813281250000001E+00   0.0000000000000000E+00
      70   5.9907212598425190E+01       45   1.7203125000000001E+00   0.0000000000000000E+00
      70   5.9907212598425190E+01       46   1.7592968750000000E+00   0.0000000000000000E+00
      70   5.9907212598425190E+01       47   1.7982812500000001E+00   0.0000000000000000E+00
      70   5.9907212598425190E+01       48   1.8372656250000001E+00   0.0000000000000000E+00
      70   5.9907212598425190E+01       49   1.8762500000000000E+00   0.0000000000000000E+00
      70   5.9907212598425190E+01       50   1.9152343750000000E+00   0.0000000000000000E+00
      70   5.9907212598425190E+01       51   1.9542187500000001E+00   0.0000000000000000E+00
      70   5.9907212598425190E+01       52   1.9932031250000002E+00   0.0000000000000000E+00
      70   5.9907212598425190E+01       53   2.0321875000000000E+00   0.0000000000000000E+00
      70   5.9907212598425190E+01       54   2.0711718750000001E+00   0.0000000000000000E+00
      70   5.9907212598425190E+01       55   2.1101562500000002E+00   0.0000000000000000E+00
      70   5.9907212598425190E+01       56   2.1491406250000002E+00   0.0000000000000000E+00
      70   5.9907212598425190E+01       57   2.1881249999999999E+00   0.0000000000000000E+00
      70   5.9907212598425190E+01       58   2.2271093749999999E+00   0.0000000000000000E+00
      70   5.9907212598425190E+01       59   2.2660937500000000E+00   0.0000000000000000E+00
      70   5.9907212598425190E+01       60   2.3050781250000001E+00   0.0000000000000000E+00
      70   5.9907212598425190E+01       61   2.3440625000000002E+00   0.0000000000000000E+00
      70   5.9907212598425190E+01       62   2.3830468750000002E+00   0.0000000000000000E+00
      70   5.9907212598425190E+01       63   2.4220312500000003E+00   0.0000000000000000E+00
      70   5.9907212598425190E+01       64   2.4610156249999999E+00   0.0000000000000000E+00
 
      71   6.0775433070866136E+01        1   5.0000000000000001E-03   0.0000000000000000E+00
      71   6.0775433070866136E+01        2   4.3984374999999999E-02   0.0000000000000000E+00
      71   6.0775433070866136E+01        3   8.2968750000000008E-02   0.0000000000000000E+00
      71   6.0775433070866136E+01        4   1.2195312500000001E-01   0.0000000000000000E+00
      71   6.0775433070866136E+01        5   1.6093750000000001E-01   0.0000000000000000E+00
      71   6.0775433070866136E+01        6   1.9992187500000000E-01   0.0000000000000000E+00
      71   6.0775433070866136E+01        7   2.3890625000000001E-01   0.0000000000000000E+00
      71   6.0775433070866136E+01        8   2.7789062500000000E-01   0.0000000000000000E+00
      71   6.0775433070866136E+01        9   3.1687500000000002E-01   0.0000000000000000E+00
      71   6.0775433070866136E+01       10   3.5585937500000003E-01   0.0000000000000000E+00
      71   6.0775433070866136E+01       11   3.9484374999999999E-01   0.0000000000000000E+00
      71   6.0775433070866136E+01       12   4.3382812500000001E-01   0.0000000000000000E+00
      71   6.0775433070866136E+01       13   4.7281250000000002E-01   0.0000000000000000E+00
      71   6.0775433070866136E+01       14   5.1179687500000004E-01   0.0000000000000000E+00
      71   6.0775433070866136E+01       15   5.5078125000000000E-01   0.0000000000000000E+00
      71   6.0775433070866136E+01       16   5.8976562500000007E-01   0.0000000000000000E+00
      71   6.0775433070866136E+01       17   6.2875000000000003E-01   0.0000000000000000E+00
      71   6.0775433070866136E+01       18   6.6773437499999999E-01   0.0000000000000000E+00
      71   6.0775433070866136E+01       19   7.0671875000000006E-01   0.0000000000000000E+00
      71   6.0775433070866136E+01       20   7.4570312500000002E-01   0.0000000000000000E+00
      71   6.0775433070866136E+01       21   7.8468749999999998E-01   0.0000000000000000E+00
      71   6.0775433070866136E+01       22   8.2367187500000005E-01   0.0000000000000000E+00
      71   6.0775433070866136E+01       23   8.6265625000000001E-01   0.0000000000000000E+00
      71   6.0775433070866136E+01       24   9.0164062500000008E-01   0.0000000000000000E+00
      71   6.0775433070866136E+01       25   9.4062500000000004E-01   0.0000000000000000E+00
      71   6.0775433070866136E+01       26   9.7960937500000000E-01   0.0000000000000000E+00
      71   6.0775433070866136E+01       27   1.0185937500000000E+00   0.0000000000000000E+00
      71   6.0775433070866136E+01       28   1.0575781250000000E+00   0.0000000000000000E+00
      71   6.0775433070866136E+01       29   1.0965625000000001E+00   0.0000000000000000E+00
      71   6.0775433070866136E+01       30   1.1355468750000000E+00   0.0000000000000000E+00
      71   6.0775433070866136E+01       31   1.1745312500000000E+00   0.0000000000000000E+00
      71   6.0775433070866136E+01       32   1.2135156250000001E+00   0.0000000000000000E+00
      71   6.0775433070866136E+01       33   1.2524999999999999E+00   0.0000000000000000E+00
      71   6.0775433070866136E+01       34   1.2914843750000000E+00   0.0000000000000000E+00
      71   6.0775433070866136E+01       35   1.3304687500000001E+00   0.0000000000000000E+00
      71   6.0775433070866136E+01       36   1.3694531250000002E+00   0.0000000000000000E+00
      71   6.0775433070866136E+01       37   1.4084375000000000E+00   0.0000000000000000E+00
      71   6.0775433070866136E+01       38   1.4474218750000001E+00   0.0000000000000000E+00
      71   6.0775433070866136E+01       39   1.4864062500000002E+00   0.0000000000000000E+00
      71   6.0775433070866136E+01       40   1.5253906250000000E+00   0.0000000000000000E+00
      71   6.0775433070866136E+01       41   1.5643750000000001E+00   0.0000000000000000E+00
      71   6.0775433070866136E+01       42   1.6033593750000001E+00   0.0000000000000000E+00
      71   6.0775433070866136E+01       43   1.6423437500000000E+00   0.0000000000000000E+00
      71   6.0775433070866136E+01       44   1.6813281250000001E+00   0.0000000000000000E+00
      71   6.0775433070866136E+01       45   1.7203125000000001E+00   0.0000000000000000E+00
      71   6.0775433070866136E+01       46   1.7592968750000000E+00   0.0000000000000000E+00
      71   6.0775433070866136E+01       47   1.7982812500000001E+00   0.0000000000000000E+00
      71   6.0775433070866136E+01       48   1.8372656250000001E+00   0.0000000000000000E+00
      71   6.0775433070866136E+01       49   1.8762500000000000E+00   0.0000000000000000E+00
      71   6.0775433070866136E+01       50   1.9152343750000000E+00   0.0000000000000000E+00
      71   6.0775433070866136E+01       51   1.9542187500000001E+00   0.0000000000000000E+00
      71   6.0775433070866136E+01       52   1.9932031250000002E+00   0.0000000000000000E+00
      71   6.0775433070866136E+01       53   2.0321875000000000E+00   0.0000000000000000E+00
      71   6.0775433070866136E+01       54   2.0711718750000001E+00   0.0000000000000000E+00
      71   6.0775433070866136E+01       55   2.1101562500000002E+00   0.0000000000000000E+00
      71   6.0775433070866136E+01       56   2.1491406250000002E+00   0.0000000000000000E+00
      71   6.0775433070866136E+01       57   2.1881249999999999E+00   0.0000000000000000E+00
      71   6.0775433070866136E+01       58   2.2271093749999999E+00   0.0000000000000000E+00
      71   6.0775433070866136E+01       59   2.2660937500000000E+00   0.0000000000000000E+00
      71   6.0775433070866136E+01       60   2.3050781250000001E+00   0.0000000000000000E+00
      71   6.0775433070866136E+01       61   2.3440625000000002E+00   0.0000000000000000E+00
      71   6.0775433070866136E+01       62   2.3830468750000002E+00   0.0000000000000000E+00
      71   6.0775433070866136E+01       63   2.4220312500000003E+00   0.0000000000000000E+00
      71   6.0775433070866136E+01       64   2.4610156249999999E+00   0.0000000000000000E+00
 
      72   6.1643653543307082E+01        1   5.0000000000000001E-03   0.0000000000000000E+00
      72   6.1643653543307082E+01        2   4.3984374999999999E-02   0.0000000000000000E+00
      72   6.1643653543307082E+01        3   8.2968750000000008E-02   0.0000000000000000E+00
      72   6.1643653543307082E+01        4   1.2195312500000001E-01   0.0000000000000000E+00
      72   6.1643653543307082E+01        5   1.6093750000000001E-01   0.0000000000000000E+00
      72   6.1643653543307082E+01        6   1.9992187500000000E-01   0.0000000000000000E+00
      72   6.1643653543307082E+01        7   2.3890625000000001E-01   0.0000000000000000E+00
      72   6.1643653543307082E+01        8   2.7789062500000000E-01   0.0000000000000000E+00
      72   6.1643653543307082E+01        9   3.1687500000000002E-01   0.0000000000000000E+00
      72   6.1643653543307082E+01       10   3.5585937500000003E-01   0.0000000000000000E+00
      72   6.1643653543307082E+01       11   3.9484374999999999E-01   0.0000000000000000E+00
      72   6.1643653543307082E+01       12   4.3382812500000001E-01   0.0000000000000000E+00
      72   6.1643653543307082E+01       13   4.7281250000000002E-01   0.0000000000000000E+00
      72   6.1643653543307082E+01       14   5.1179687500000004E-01   0.0000000000000000E+00
      72   6.1643653543307082E+01       15   5.5078125000000000E-01   0.0000000000000000E+00
      72   6.1643653543307082E+01       16   5.8976562500000007E-01   0.0000000000000000E+00
      72   6.1643653543307082E+01       17   6.2875000000000003E-01   0.0000000000000000E+00
      72   6.1643653543307082E+01       18   6.6773437499999999E-01   0.0000000000000000E+00
      72   6.1643653543307082E+01       19   7.0671875000000006E-01   0.0000000000000000E+00
      72   6.1643653543307082E+01       20   7.4570312500000002E-01   0.0000000000000000E+00
      72   6.1643653543307082E+01       21   7.8468749999999998E-01   0.0000000000000000E+00
      72   6.1643653543307082E+01       22   8.2367187500000005E-01   0.0000000000000000E+00
      72   6.1643653543307082E+01       23   8.6265625000000001E-01   0.0000000000000000E+00
      72   6.1643653543307082E+01       24   9.0164062500000008E-01   0.0000000000000000E+00
      72   6.1643653543307082E+01       25   9.4062500000000004E-01   0.0000000000000000E+00
      72   6.1643653543307082E+01       26   9.7960937500000000E-01   0.0000000000000000E+00
      72   6.1643653543307082E+01       27   1.0185937500000000E+00   0.0000000000000000E+00
      72   6.1643653543307082E+01       28   1.0575781250000000E+00   0.0000000000000000E+00
      72   6.1643653543307082E+01       29   1.0965625000000001E+00   0.0000000000000000E+00
      72   6.1643653543307082E+01       30   1.1355468750000000E+00   0.0000000000000000E+00
      72   6.1643653543307082E+01       31   1.1745312500000000E+00   0.0000000000000000E+00
      72   6.1643653543307082E+01       32   1.2135156250000001E+00   0.0000000000000000E+00
      72   6.1643653543307082E+01       33   1.2524999999999999E+00   0.0000000000000000E+00
      72   6.1643653543307082E+01       34   1.2914843750000000E+00   0.0000000000000000E+00
      72   6.1643653543307082E+01       35   1.3304687500000001E+00   0.0000000000000000E+00
      72   6.1643653543307082E+01       36   1.3694531250000002E+00   0.0000000000000000E+00
      72   6.1643653543307082E+01       37   1.4084375000000000E+00   0.0000000000000000E+00
      72   6.1643653543307082E+01       38   1.4474218750000001E+00   0.0000000000000000E+00
      72   6.1643653543307082E+01       39   1.4864062500000002E+00   0.0000000000000000E+00
      72   6.1643653543307082E+01       40   1.5253906250000000E+00   0.0000000000000000E+00
      72   6.1643653543307082E+01       41   1.5643750000000001E+00   0.0000000000000000E+00
      72   6.1643653543307082E+01       42   1.6033593750000001E+00   0.0000000000000000E+00
      72   6.1643653543307082E+01       43   1.6423437500000000E+00   0.0000000000000000E+00
      72   6.1643653543307082E+01       44   1.6813281250000001E+00   0.0000000000000000E+00
      72   6.1643653543307082E+01       45   1.7203125000000001E+00   0.0000000000000000E+00
      72   6.1643653543307082E+01       46   1.7592968750000000E+00   0.0000000000000000E+00
      72   6.1643653543307082E+01       47   1.7982812500000001E+00   0.0000000000000000E+00
      72   6.1643653543307082E+01       48   1.8372656250000001E+00   0.0000000000000000E+00
      72   6.1643653543307082E+01       49   1.8762500000000000E+00   0.0000000000000000E+00
      72   6.1643653543307082E+01       50   1.9152343750000000E+00   0.0000000000000000E+00
      72   6.1643653543307082E+01       51   1.9542187500000001E+00   0.0000000000000000E+00
      72   6.1643653543307082E+01       52   1.9932031250000002E+00   0.0000000000000000E+00
      72   6.1643653543307082E+01       53   2.0321875000000000E+00   0.0000000000000000E+00
      72   6.1643653543307082E+01       54   2.0711718750000001E+00   0.0000000000000000E+00
      72   6.1643653543307082E+01       55   2.1101562500000002E+00   0.0000000000000000E+00
      72   6.1643653543307082E+01       56   2.1491406250000002E+00   0.0000000000000000E+00
      72   6.1643653543307082E+01       57   2.1881249999999999E+00   0.0000000000000000E+00
      72   6.1643653543307082E+01       58   2.2271093749999999E+00   0.0000000000000000E+00
      72   6.1643653543307082E+01       59   2.2660937500000000E+00   0.0000000000000000E+00
      72   6.1643653543307082E+01       60   2.3050781250000001E+00   0.0000000000000000E+00
      72   6.1643653543307082E+01       61   2.3440625000000002E+00   0.0000000000000000E+00
      72   6.1643653543307082E+01       62   2.3830468750000002E+00   0.0000000000000000E+00
      72   6.1643653543307082E+01       63   2.4220312500000003E+00   0.0000000000000000E+00
      72   6.1643653543307082E+01       64   2.4610156249999999E+00   0.0000000000000000E+00
 
      73   6.2511874015748027E+01        1   5.0000000000000001E-03   0.0000000000000000E+00
      73   6.2511874015748027E+01        2   4.3984374999999999E-02   0.0000000000000000E+00
      73   6.2511874015748027E+01        3   8.2968750000000008E-02   0.0000000000000000E+00
      73   6.2511874015748027E+01        4   1.2195312500000001E-01   0.0000000000000000E+00
      73   6.2511874015748027E+01        5   1.6093750000000001E-01   0.0000000000000000E+00
      73   6.2511874015748027E+01        6   1.9992187500000000E-01   0.0000000000000000E+00
      73   6.2511874015748027E+01        7   2.3890625000000001E-01   0.0000000000000000E+00
      73   6.2511874015748027E+01        8   2.7789062500000000E-01   0.0000000000000000E+00
      73   6.2511874015748027E+01        9   3.1687500000000002E-01   0.0000000000000000E+00
      73   6.2511874015748027E+01       10   3.5585937500000003E-01   0.0000000000000000E+00
      73   6.2511874015748027E+01       11   3.9484374999999999E-01   0.0000000000000000E+00
      73   6.2511874015748027E+01       12   4.3382812500000001E-01   0.0000000000000000E+00
      73   6.2511874015748027E+01       13   4.7281250000000002E-01   0.0000000000000000E+00
      73   6.2511874015748027E+01       14   5.1179687500000004E-01   0.0000000000000000E+00
      73   6.2511874015748027E+01       15   5.5078125000000000E-01   0.0000000000000000E+00
      73   6.2511874015748027E+01       16   5.8976562500000007E-01   0.0000000000000000E+00
      73   6.2511874015748027E+01       17   6.2875000000000003E-01   0.0000000000000000E+00
      73   6.2511874015748027E+01       18   6.6773437499999999E-01   0.0000000000000000E+00
      73   6.2511874015748027E+01       19   7.0671875000000006E-01   0.0000000000000000E+00
      73   6.2511874015748027E+01       20   7.4570312500000002E-01   0.0000000000000000E+00
      73   6.2511874015748027E+01       21   7.8468749999999998E-01   0.0000000000000000E+00
      73   6.2511874015748027E+01       22   8.2367187500000005E-01   0.0000000000000000E+00
      73   6.2511874015748027E+01       23   8.6265625000000001E-01   0.0000000000000000E+00
      73   6.2511874015748027E+01       24   9.0164062500000008E-01   0.0000000000000000E+00
      73   6.2511874015748027E+01       25   9.4062500000000004E-01   0.0000000000000000E+00
      73   6.2511874015748027E+01       26   9.7960937500000000E-01   0.0000000000000000E+00
      73   6.2511874015748027E+01       27   1.0185937500000000E+00   0.0000000000000000E+00
      73   6.2511874015748027E+01       28   1.0575781250000000E+00   0.0000000000000000E+00
      73   6.2511874015748027E+01       29   1.0965625000000001E+00   0.0000000000000000E+00
      73   6.2511874015748027E+01       30   1.1355468750000000E+00   0.0000000000000000E+00
      73   6.2511874015748027E+01       31   1.1745312500000000E+00   0.0000000000000000E+00
      73   6.2511874015748027E+01       32   1.2135156250000001E+00   0.0000000000000000E+00
      73   6.2511874015748027E+01       33   1.2524999999999999E+00   0.0000000000000000E+00
      73   6.2511874015748027E+01       34   1.2914843750000000E+00   0.0000000000000000E+00
      73   6.2511874015748027E+01       35   1.3304687500000001E+00   0.0000000000000000E+00
      73   6.2511874015748027E+01       36   1.3694531250000002E+00   0.0000000000000000E+00
      73   6.2511874015748027E+01       37   1.4084375000000000E+00   0.0000000000000000E+00
      73   6.2511874015748027E+01       38   1.4474218750000001E+00   0.0000000000000000E+00
      73   6.2511874015748027E+01       39   1.4864062500000002E+00   0.0000000000000000E+00
      73   6.2511874015748027E+01       40   1.5253906250000000E+00   0.0000000000000000E+00
      73   6.2511874015748027E+01       41   1.5643750000000001E+00   0.0000000000000000E+00
      73   6.2511874015748027E+01       42   1.6033593750000001E+00   0.0000000000000000E+00
      73   6.2511874015748027E+01       43   1.6423437500000000E+00   0.0000000000000000E+00
      73   6.2511874015748027E+01       44   1.6813281250000001E+00   0.0000000000000000E+00
      73   6.2511874015748027E+01       45   1.7203125000000001E+00   0.0000000000000000E+00
      73   6.2511874015748027E+01       46   1.7592968750000000E+00   0.0000000000000000E+00
      73   6.2511874015748027E+01       47   1.7982812500000001E+00   0.0000000000000000E+00
      73   6.2511874015748027E+01       48   1.8372656250000001E+00   0.0000000000000000E+00
      73   6.2511874015748027E+01       49   1.8762500000000000E+00   0.0000000000000000E+00
      73   6.2511874015748027E+01       50   1.9152343750000000E+00   0.0000000000000000E+00
      73   6.2511874015748027E+01       51   1.9542187500000001E+00   0.0000000000000000E+00
      73   6.2511874015748027E+01       52   1.9932031250000002E+00   0.0000000000000000E+00
      73   6.2511874015748027E+01       53   2.0321875000000000E+00   0.0000000000000000E+00
      73   6.2511874015748027E+01       54   2.0711718750000001E+00   0.0000000000000000E+00
      73   6.2511874015748027E+01       55   2.1101562500000002E+00   0.0000000000000000E+00
      73   6.2511874015748027E+01       56   2.1491406250000002E+00   0.0000000000000000E+00
      73   6.2511874015748027E+01       57   2.1881249999999999E+00   0.0000000000000000E+00
      73   6.2511874015748027E+01       58   2.2271093749999999E+00   0.0000000000000000E+00
      73   6.2511874015748027E+01       59   2.2660937500000000E+00   0.0000000000000000E+00
      73   6.2511874015748027E+01       60   2.3050781250000001E+00   0.0000000000000000E+00
      73   6.2511874015748027E+01       61   2.3440625000000002E+00   0.0000000000000000E+00
      73   6.2511874015748027E+01       62   2.3830468750000002E+00   0.0000000000000000E+00
      73   6.2511874015748027E+01       63   2.4220312500000003E+00   0.0000000000000000E+00
      73   6.2511874015748027E+01       64   2.4610156249999999E+00   0.0000000000000000E+00
 
      74   6.3380094488188973E+01        1   5.0000000000000001E-03   0.0000000000000000E+00
      74   6.3380094488188973E+01        2   4.3984374999999999E-02   0.0000000000000000E+00
      74   6.3380094488188973E+01        3   8.2968750000000008E-02   0.0000000000000000E+00
      74   6.3380094488188973E+01        4   1.2195312500000001E-01   0.0000000000000000E+00
      74   6.3380094488188973E+01        5   1.6093750000000001E-01   0.0000000000000000E+00
      74   6.3380094488188973E+01        6   1.9992187500000000E-01   0.0000000000000000E+00
      74   6.3380094488188973E+01        7   2.3890625000000001E-01   0.0000000000000000E+00
      74   6.3380094488188973E+01        8   2.7789062500000000E-01   0.0000000000000000E+00
      74   6.3380094488188973E+01        9   3.1687500000000002E-01   0.0000000000000000E+00
      74   6.3380094488188973E+01       10   3.5585937500000003E-01   0.0000000000000000E+00
      74   6.3380094488188973E+01       11   3.9484374999999999E-01   0.0000000000000000E+00
      74   6.3380094488188973E+01       12   4.3382812500000001E-01   0.0000000000000000E+00
      74   6.3380094488188973E+01       13   4.7281250000000002E-01   0.0000000000000000E+00
      74   6.3380094488188973E+01       14   5.1179687500000004E-01   0.0000000000000000E+00
      74   6.3380094488188973E+01       15   5.5078125000000000E-01   0.0000000000000000E+00
      74   6.3380094488188973E+01       16   5.8976562500000007E-01   0.0000000000000000E+00
      74   6.3380094488188973E+01       17   6.2875000000000003E-01   0.0000000000000000E+00
      74   6.3380094488188973E+01       18   6.6773437499999999E-01   0.0000000000000000E+00
      74   6.3380094488188973E+01       19   7.0671875000000006E-01   0.0000000000000000E+00
      74   6.3380094488188973E+01       20   7.4570312500000002E-01   0.0000000000000000E+00
      74   6.3380094488188973E+01       21   7.8468749999999998E-01   0.0000000000000000E+00
      74   6.3380094488188973E+01       22   8.2367187500000005E-01   0.0000000000000000E+00
      74   6.3380094488188973E+01       23   8.6265625000000001E-01   0.0000000000000000E+00
      74   6.3380094488188973E+01       24   9.0164062500000008E-01   0.0000000000000000E+00
      74   6.3380094488188973E+01       25   9.4062500000000004E-01   0.0000000000000000E+00
      74   6.3380094488188973E+01       26   9.7960937500000000E-01   0.0000000000000000E+00
      74   6.3380094488188973E+01       27   1.0185937500000000E+00   0.0000000000000000E+00
      74   6.3380094488188973E+01       28   1.0575781250000000E+00   0.0000000000000000E+00
      74   6.3380094488188973E+01       29   1.0965625000000001E+00   0.0000000000000000E+00
      74   6.3380094488188973E+01       30   1.1355468750000000E+00   0.0000000000000000E+00
      74   6.3380094488188973E+01       31   1.1745312500000000E+00   0.0000000000000000E+00
      74   6.3380094488188973E+01       32   1.2135156250000001E+00   0.0000000000000000E+00
      74   6.3380094488188973E+01       33   1.2524999999999999E+00   0.0000000000000000E+00
      74   6.3380094488188973E+01       34   1.2914843750000000E+00   0.0000000000000000E+00
      74   6.3380094488188973E+01       35   1.3304687500000001E+00   0.0000000000000000E+00
      74   6.3380094488188973E+01       36   1.3694531250000002E+00   0.0000000000000000E+00
      74   6.3380094488188973E+01       37   1.4084375000000000E+00   0.0000000000000000E+00
      74   6.3380094488188973E+01       38   1.4474218750000001E+00   0.0000000000000000E+00
      74   6.3380094488188973E+01       39   1.4864062500000002E+00   0.0000000000000000E+00
      74   6.3380094488188973E+01       40   1.5253906250000000E+00   0.0000000000000000E+00
      74   6.3380094488188973E+01       41   1.5643750000000001E+00   0.0000000000000000E+00
      74   6.3380094488188973E+01       42   1.6033593750000001E+00   0.0000000000000000E+00
      74   6.3380094488188973E+01       43   1.6423437500000000E+00   0.0000000000000000E+00
      74   6.3380094488188973E+01       44   1.6813281250000001E+00   0.0000000000000000E+00
      74   6.3380094488188973E+01       45   1.7203125000000001E+00   0.0000000000000000E+00
      74   6.3380094488188973E+01       46   1.7592968750000000E+00   0.0000000000000000E+00
      74   6.3380094488188973E+01       47   1.7982812500000001E+00   0.0000000000000000E+00
      74   6.3380094488188973E+01       48   1.8372656250000001E+00   0.0000000000000000E+00
      74   6.3380094488188973E+01       49   1.8762500000000000E+00   0.0000000000000000E+00
      74   6.3380094488188973E+01       50   1.9152343750000000E+00   0.0000000000000000E+00
      74   6.3380094488188973E+01       51   1.9542187500000001E+00   0.0000000000000000E+00
      74   6.3380094488188973E+01       52   1.9932031250000002E+00   0.0000000000000000E+00
      74   6.3380094488188973E+01       53   2.0321875000000000E+00   0.0000000000000000E+00
      74   6.3380094488188973E+01       54   2.0711718750000001E+00   0.0000000000000000E+00
      74   6.3380094488188973E+01       55   2.1101562500000002E+00   0.0000000000000000E+00
      74   6.3380094488188973E+01       56   2.1491406250000002E+00   0.0000000000000000E+00
      74   6.3380094488188973E+01       57   2.1881249999999999E+00   0.0000000000000000E+00
      74   6.3380094488188973E+01       58   2.2271093749999999E+00   0.0000000000000000E+00
      74   6.3380094488188973E+01       59   2.2660937500000000E+00   0.0000000000000000E+00
      74   6.3380094488188973E+01       60   2.3050781250000001E+00   0.0000000000000000E+00
      74   6.3380094488188973E+01       61   2.3440625000000002E+00   0.0000000000000000E+00
      74   6.3380094488188973E+01       62   2.3830468750000002E+00   0.0000000000000000E+00
      74   6.3380094488188973E+01       63   2.4220312500000003E+00   0.0000000000000000E+00
      74   6.3380094488188973E+01       64   2.4610156249999999E+00   0.0000000000000000E+00
 
      75   6.4248314960629926E+01        1   5.0000000000000001E-03   0.0000000000000000E+00
      75   6.4248314960629926E+01        2   4.3984374999999999E-02   0.0000000000000000E+00
      75   6.4248314960629926E+01        3   8.2968750000000008E-02   0.0000000000000000E+00
      75   6.4248314960629926E+01        4   1.2195312500000001E-01   0.0000000000000000E+00
      75   6.4248314960629926E+01        5   1.6093750000000001E-01   0.0000000000000000E+00
      75   6.4248314960629926E+01        6   1.9992187500000000E-01   0.0000000000000000E+00
      75   6.4248314960629926E+01        7   2.3890625000000001E-01   0.0000000000000000E+00
      75   6.4248314960629926E+01        8   2.7789062500000000E-01   0.0000000000000000E+00
      75   6.4248314960629926E+01        9   3.1687500000000002E-01   0.0000000000000000E+00
      75   6.4248314960629926E+01       10   3.5585937500000003E-01   0.0000000000000000E+00
      75   6.4248314960629926E+01       11   3.9484374999999999E-01   0.0000000000000000E+00
      75   6.4248314960629926E+01       12   4.3382812500000001E-01   0.0000000000000000E+00
      75   6.4248314960629926E+01       13   4.7281250000000002E-01   0.0000000000000000E+00
      75   6.4248314960629926E+01       14   5.1179687500000004E-01   0.0000000000000000E+00
      75   6.4248314960629926E+01       15   5.5078125000000000E-01   0.0000000000000000E+00
      75   6.4248314960629926E+01       16   5.8976562500000007E-01   0.0000000000000000E+00
      75   6.4248314960629926E+01       17   6.2875000000000003E-01   0.0000000000000000E+00
      75   6.4248314960629926E+01       18   6.6773437499999999E-01   0.0000000000000000E+00
      75   6.4248314960629926E+01       19   7.0671875000000006E-01   0.0000000000000000E+00
      75   6.4248314960629926E+01       20   7.4570312500000002E-01   0.0000000000000000E+00
      75   6.4248314960629926E+01       21   7.8468749999999998E-01   0.0000000000000000E+00
      75   6.4248314960629926E+01       22   8.2367187500000005E-01   0.0000000000000000E+00
      75   6.4248314960629926E+01       23   8.6265625000000001E-01   0.0000000000000000E+00
      75   6.4248314960629926E+01       24   9.0164062500000008E-01   0.0000000000000000E+00
      75   6.4248314960629926E+01       25   9.4062500000000004E-01   0.0000000000000000E+00
      75   6.4248314960629926E+01       26   9.7960937500000000E-01   0.0000000000000000E+00
      75   6.4248314960629926E+01       27   1.0185937500000000E+00   0.0000000000000000E+00
      75   6.4248314960629926E+01       28   1.0575781250000000E+00   0.0000000000000000E+00
      75   6.4248314960629926E+01       29   1.0965625000000001E+00   0.0000000000000000E+00
      75   6.4248314960629926E+01       30   1.1355468750000000E+00   0.0000000000000000E+00
      75   6.4248314960629926E+01       31   1.1745312500000000E+00   0.0000000000000000E+00
      75   6.4248314960629926E+01       32   1.2135156250000001E+00   0.0000000000000000E+00
      75   6.4248314960629926E+01       33   1.2524999999999999E+00   0.0000000000000000E+00
      75   6.4248314960629926E+01       34   1.2914843750000000E+00   0.0000000000000000E+00
      75   6.4248314960629926E+01       35   1.3304687500000001E+00   0.0000000000000000E+00
      75   6.4248314960629926E+01       36   1.3694531250000002E+00   0.0000000000000000E+00
      75   6.4248314960629926E+01       37   1.4084375000000000E+00   0.0000000000000000E+00
      75   6.4248314960629926E+01       38   1.4474218750000001E+00   0.0000000000000000E+00
      75   6.4248314960629926E+01       39   1.4864062500000002E+00   0.0000000000000000E+00
      75   6.4248314960629926E+01       40   1.5253906250000000E+00   0.0000000000000000E+00
      75   6.4248314960629926E+01       41   1.5643750000000001E+00   0.0000000000000000E+00
      75   6.4248314960629926E+01       42   1.6033593750000001E+00   0.0000000000000000E+00
      75   6.4248314960629926E+01       43   1.6423437500000000E+00   0.0000000000000000E+00
      75   6.4248314960629926E+01       44   1.6813281250000001E+00   0.0000000000000000E+00
      75   6.4248314960629926E+01       45   1.7203125000000001E+00   0.0000000000000000E+00
      75   6.4248314960629926E+01       46   1.7592968750000000E+00   0.0000000000000000E+00
      75   6.4248314960629926E+01       47   1.7982812500000001E+00   0.0000000000000000E+00
      75   6.4248314960629926E+01       48   1.8372656250000001E+00   0.0000000000000000E+00
      75   6.4248314960629926E+01       49   1.8762500000000000E+00   0.0000000000000000E+00
      75   6.4248314960629926E+01       50   1.9152343750000000E+00   0.0000000000000000E+00
      75   6.4248314960629926E+01       51   1.9542187500000001E+00   0.0000000000000000E+00
      75   6.4248314960629926E+01       52   1.9932031250000002E+00   0.0000000000000000E+00
      75   6.4248314960629926E+01       53   2.0321875000000000E+00   0.0000000000000000E+00
      75   6.4248314960629926E+01       54   2.0711718750000001E+00   0.0000000000000000E+00
      75   6.4248314960629926E+01       55   2.1101562500000002E+00   0.0000000000000000E+00
      75   6.4248314960629926E+01       56   2.1491406250000002E+00   0.0000000000000000E+00
      75   6.4248314960629926E+01       57   2.1881249999999999E+00   0.0000000000000000E+00
      75   6.4248314960629926E+01       58   2.2271093749999999E+00   0.0000000000000000E+00
      75   6.4248314960629926E+01       59   2.2660937500000000E+00   0.0000000000000000E+00
      75   6.4248314960629926E+01       60   2.3050781250000001E+00   0.0000000000000000E+00
      75   6.4248314960629926E+01       61   2.3440625000000002E+00   0.0000000000000000E+00
      75   6.4248314960629926E+01       62   2.3830468750000002E+00   0.0000000000000000E+00
      75   6.4248314960629926E+01       63   2.4220312500000003E+00   0.0000000000000000E+00
      75   6.4248314960629926E+01       64   2.4610156249999999E+00   0.0000000000000000E+00
 
      76   6.5116535433070865E+01        1   5.0000000000000001E-03   0.0000000000000000E+00
      76   6.5116535433070865E+01        2   4.3984374999999999E-02   0.0000000000000000E+00
      76   6.5116535433070865E+01        3   8.2968750000000008E-02   0.0000000000000000E+00
      76   6.5116535433070865E+01        4   1.2195312500000001E-01   0.0000000000000000E+00
      76   6.5116535433070865E+01        5   1.6093750000000001E-01   0.0000000000000000E+00
      76   6.5116535433070865E+01        6   1.9992187500000000E-01   0.0000000000000000E+00
      76   6.5116535433070865E+01        7   2.3890625000000001E-01   0.0000000000000000E+00
      76   6.5116535433070865E+01        8   2.7789062500000000E-01   0.0000000000000000E+00
      76   6.5116535433070865E+01        9   3.1687500000000002E-01   0.0000000000000000E+00
      76   6.5116535433070865E+01       10   3.5585937500000003E-01   0.0000000000000000E+00
      76   6.5116535433070865E+01       11   3.9484374999999999E-01   0.0000000000000000E+00
      76   6.5116535433070865E+01       12   4.3382812500000001E-01   0.0000000000000000E+00
      76   6.5116535433070865E+01       13   4.7281250000000002E-01   0.0000000000000000E+00
      76   6.5116535433070865E+01       14   5.1179687500000004E-01   0.0000000000000000E+00
      76   6.5116535433070865E+01       15   5.5078125000000000E-01   0.0000000000000000E+00
      76   6.5116535433070865E+01       16   5.8976562500000007E-01   0.0000000000000000E+00
      76   6.5116535433070865E+01       17   6.2875000000000003E-01   0.0000000000000000E+00
      76   6.5116535433070865E+01       18   6.6773437499999999E-01   0.0000000000000000E+00
      76   6.5116535433070865E+01       19   7.0671875000000006E-01   0.0000000000000000E+00
      76   6.5116535433070865E+01       20   7.4570312500000002E-01   0.0000000000000000E+00
      76   6.5116535433070865E+01       21   7.8468749999999998E-01   0.0000000000000000E+00
      76   6.5116535433070865E+01       22   8.2367187500000005E-01   0.0000000000000000E+00
      76   6.5116535433070865E+01       23   8.6265625000000001E-01   0.0000000000000000E+00
      76   6.5116535433070865E+01       24   9.0164062500000008E-01   0.0000000000000000E+00
      76   6.5116535433070865E+01       25   9.4062500000000004E-01   0.0000000000000000E+00
      76   6.5116535433070865E+01       26   9.7960937500000000E-01   0.0000000000000000E+00
      76   6.5116535433070865E+01       27   1.0185937500000000E+00   0.0000000000000000E+00
      76   6.5116535433070865E+01       28   1.0575781250000000E+00   0.0000000000000000E+00
      76   6.5116535433070865E+01       29   1.0965625000000001E+00   0.0000000000000000E+00
      76   6.5116535433070865E+01       30   1.1355468750000000E+00   0.0000000000000000E+00
      76   6.5116535433070865E+01       31   1.1745312500000000E+00   0.0000000000000000E+00
      76   6.5116535433070865E+01       32   1.2135156250000001E+00   0.0000000000000000E+00
      76   6.5116535433070865E+01       33   1.2524999999999999E+00   0.0000000000000000E+00
      76   6.5116535433070865E+01       34   1.2914843750000000E+00   0.0000000000000000E+00
      76   6.5116535433070865E+01       35   1.3304687500000001E+00   0.0000000000000000E+00
      76   6.5116535433070865E+01       36   1.3694531250000002E+00   0.0000000000000000E+00
      76   6.5116535433070865E+01       37   1.4084375000000000E+00   0.0000000000000000E+00
      76   6.5116535433070865E+01       38   1.4474218750000001E+00   0.0000000000000000E+00
      76   6.5116535433070865E+01       39   1.4864062500000002E+00   0.0000000000000000E+00
      76   6.5116535433070865E+01       40   1.5253906250000000E+00   0.0000000000000000E+00
      76   6.5116535433070865E+01       41   1.5643750000000001E+00   0.0000000000000000E+00
      76   6.5116535433070865E+01       42   1.6033593750000001E+00   0.0000000000000000E+00
      76   6.5116535433070865E+01       43   1.6423437500000000E+00   0.0000000000000000E+00
      76   6.5116535433070865E+01       44   1.6813281250000001E+00   0.0000000000000000E+00
      76   6.5116535433070865E+01       45   1.7203125000000001E+00   0.0000000000000000E+00
      76   6.5116535433070865E+01       46   1.7592968750000000E+00   0.0000000000000000E+00
      76   6.5116535433070865E+01       47   1.7982812500000001E+00   0.0000000000000000E+00
      76   6.5116535433070865E+01       48   1.8372656250000001E+00   0.0000000000000000E+00
      76   6.5116535433070865E+01       49   1.8762500000000000E+00   0.0000000000000000E+00
      76   6.5116535433070865E+01       50   1.9152343750000000E+00   0.0000000000000000E+00
      76   6.5116535433070865E+01       51   1.9542187500000001E+00   0.0000000000000000E+00
      76   6.5116535433070865E+01       52   1.9932031250000002E+00   0.0000000000000000E+00
      76   6.5116535433070865E+01       53   2.0321875000000000E+00   0.0000000000000000E+00
      76   6.5116535433070865E+01       54   2.0711718750000001E+00   0.0000000000000000E+00
      76   6.5116535433070865E+01       55   2.1101562500000002E+00   0.0000000000000000E+00
      76   6.5116535433070865E+01       56   2.1491406250000002E+00   0.0000000000000000E+00
      76   6.5116535433070865E+01       57   2.1881249999999999E+00   0.0000000000000000E+00
      76   6.5116535433070865E+01       58   2.2271093749999999E+00   0.0000000000000000E+00
      76   6.5116535433070865E+01       59   2.2660937500000000E+00   0.0000000000000000E+00
      76   6.5116535433070865E+01       60   2.3050781250000001E+00   0.0000000000000000E+00
      76   6.5116535433070865E+01       61   2.3440625000000002E+00   0.0000000000000000E+00
      76   6.5116535433070865E+01       62   2.3830468750000002E+00   0.0000000000000000E+00
      76   6.5116535433070865E+01       63   2.4220312500000003E+00   0.0000000000000000E+00
      76   6.5116535433070865E+01       64   2.4610156249999999E+00   0.0000000000000000E+00
 
      77   6.5984755905511818E+01        1   5.0000000000000001E-03   0.0000000000000000E+00
      77   6.5984755905511818E+01        2   4.3984374999999999E-02   0.0000000000000000E+00
      77   6.5984755905511818E+01        3   8.2968750000000008E-02   0.0000000000000000E+00
      77   6.5984755905511818E+01        4   1.2195312500000001E-01   0.0000000000000000E+00
      77   6.5984755905511818E+01        5   1.6093750000000001E-01   0.0000000000000000E+00
      77   6.5984755905511818E+01        6   1.9992187500000000E-01   0.0000000000000000E+00
      77   6.5984755905511818E+01        7   2.3890625000000001E-01   0.0000000000000000E+00
      77   6.5984755905511818E+01        8   2.7789062500000000E-01   0.0000000000000000E+00
      77   6.5984755905511818E+01        9   3.1687500000000002E-01   0.0000000000000000E+00
      77   6.5984755905511818E+01       10   3.5585937500000003E-01   0.0000000000000000E+00
      77   6.5984755905511818E+01       11   3.9484374999999999E-01   0.0000000000000000E+00
      77   6.5984755905511818E+01       12   4.3382812500000001E-01   0.0000000000000000E+00
      77   6.5984755905511818E+01       13   4.7281250000000002E-01   0.0000000000000000E+00
      77   6.5984755905511818E+01       14   5.1179687500000004E-01   0.0000000000000000E+00
      77   6.5984755905511818E+01       15   5.5078125000000000E-01   0.0000000000000000E+00
      77   6.5984755905511818E+01       16   5.8976562500000007E-01   0.0000000000000000E+00
      77   6.5984755905511818E+01       17   6.2875000000000003E-01   0.0000000000000000E+00
      77   6.5984755905511818E+01       18   6.6773437499999999E-01   0.0000000000000000E+00
      77   6.5984755905511818E+01       19   7.0671875000000006E-01   0.0000000000000000E+00
      77   6.5984755905511818E+01       20   7.4570312500000002E-01   0.0000000000000000E+00
      77   6.5984755905511818E+01       21   7.8468749999999998E-01   0.0000000000000000E+00
      77   6.5984755905511818E+01       22   8.2367187500000005E-01   0.0000000000000000E+00
      77   6.5984755905511818E+01       23   8.6265625000000001E-01   0.0000000000000000E+00
      77   6.5984755905511818E+01       24   9.0164062500000008E-01   0.0000000000000000E+00
      77   6.5984755905511818E+01       25   9.4062500000000004E-01   0.0000000000000000E+00
      77   6.5984755905511818E+01       26   9.7960937500000000E-01   0.0000000000000000E+00
      77   6.5984755905511818E+01       27   1.0185937500000000E+00   0.0000000000000000E+00
      77   6.5984755905511818E+01       28   1.0575781250000000E+00   0.0000000000000000E+00
      77   6.5984755905511818E+01       29   1.0965625000000001E+00   0.0000000000000000E+00
      77   6.5984755905511818E+01       30   1.1355468750000000E+00   0.0000000000000000E+00
      77   6.5984755905511818E+01       31   1.1745312500000000E+00   0.0000000000000000E+00
      77   6.5984755905511818E+01       32   1.2135156250000001E+00   0.0000000000000000E+00
      77   6.5984755905511818E+01       33   1.2524999999999999E+00   0.0000000000000000E+00
      77   6.5984755905511818E+01       34   1.2914843750000000E+00   0.0000000000000000E+00
      77   6.5984755905511818E+01       35   1.3304687500000001E+00   0.0000000000000000E+00
      77   6.5984755905511818E+01       36   1.3694531250000002E+00   0.0000000000000000E+00
      77   6.5984755905511818E+01       37   1.4084375000000000E+00   0.0000000000000000E+00
      77   6.5984755905511818E+01       38   1.4474218750000001E+00   0.0000000000000000E+00
      77   6.5984755905511818E+01       39   1.4864062500000002E+00   0.0000000000000000E+00
      77   6.5984755905511818E+01       40   1.5253906250000000E+00   0.0000000000000000E+00
      77   6.5984755905511818E+01       41   1.5643750000000001E+00   0.0000000000000000E+00
      77   6.5984755905511818E+01       42   1.6033593750000001E+00   0.0000000000000000E+00
      77   6.5984755905511818E+01       43   1.6423437500000000E+00   0.0000000000000000E+00
      77   6.5984755905511818E+01       44   1.6813281250000001E+00   0.0000000000000000E+00
      77   6.5984755905511818E+01       45   1.7203125000000001E+00   0.0000000000000000E+00
      77   6.5984755905511818E+01       46   1.7592968750000000E+00   0.0000000000000000E+00
      77   6.5984755905511818E+01       47   1.7982812500000001E+00   0.0000000000000000E+00
      77   6.5984755905511818E+01       48   1.8372656250000001E+00   0.0000000000000000E+00
      77   6.5984755905511818E+01       49   1.8762500000000000E+00   0.0000000000000000E+00
      77   6.5984755905511818E+01       50   1.9152343750000000E+00   0.0000000000000000E+00
      77   6.5984755905511818E+01       51   1.9542187500000001E+00   0.0000000000000000E+00
      77   6.5984755905511818E+01       52   1.9932031250000002E+00   0.0000000000000000E+00
      77   6.5984755905511818E+01       53   2.0321875000000000E+00   0.0000000000000000E+00
      77   6.5984755905511818E+01       54   2.0711718750000001E+00   0.0000000000000000E+00
      77   6.5984755905511818E+01       55   2.1101562500000002E+00   0.0000000000000000E+00
      77   6.5984755905511818E+01       56   2.1491406250000002E+00   0.0000000000000000E+00
      77   6.5984755905511818E+01       57   2.1881249999999999E+00   0.0000000000000000E+00
      77   6.5984755905511818E+01       58   2.2271093749999999E+00   0.0000000000000000E+00
      77   6.5984755905511818E+01       59   2.2660937500000000E+00   0.0000000000000000E+00
      77   6.5984755905511818E+01       60   2.3050781250000001E+00   0.0000000000000000E+00
      77   6.5984755905511818E+01       61   2.3440625000000002E+00   0.0000000000000000E+00
      77   6.5984755905511818E+01       62   2.3830468750000002E+00   0.0000000000000000E+00
      77   6.5984755905511818E+01       63   2.4220312500000003E+00   0.0000000000000000E+00
      77   6.5984755905511818E+01       64   2.4610156249999999E+00   0.0000000000000000E+00
 
      78   6.6852976377952757E+01        1   5.0000000000000001E-03   0.0000000000000000E+00
      78   6.6852976377952757E+01        2   4.3984374999999999E-02   0.0000000000000000E+00
      78   6.6852976377952757E+01        3   8.2968750000000008E-02   0.0000000000000000E+00
      78   6.6852976377952757E+01        4   1.2195312500000001E-01   0.0000000000000000E+00
      78   6.6852976377952757E+01        5   1.6093750000000001E-01   0.0000000000000000E+00
      78   6.6852976377952757E+01        6   1.9992187500000000E-01   0.0000000000000000E+00
      78   6.6852976377952757E+01        7   2.3890625000000001E-01   0.0000000000000000E+00
      78   6.6852976377952757E+01        8   2.7789062500000000E-01   0.0000000000000000E+00
      78   6.6852976377952757E+01        9   3.1687500000000002E-01   0.0000000000000000E+00
      78   6.6852976377952757E+01       10   3.5585937500000003E-01   0.0000000000000000E+00
      78   6.6852976377952757E+01       11   3.9484374999999999E-01   0.0000000000000000E+00
      78   6.6852976377952757E+01       12   4.3382812500000001E-01   0.0000000000000000E+00
      78   6.6852976377952757E+01       13   4.7281250000000002E-01   0.0000000000000000E+00
      78   6.6852976377952757E+01       14   5.1179687500000004E-01   0.0000000000000000E+00
      78   6.6852976377952757E+01       15   5.5078125000000000E-01   0.0000000000000000E+00
      78   6.6852976377952757E+01       16   5.8976562500000007E-01   0.0000000000000000E+00
      78   6.6852976377952757E+01       17   6.2875000000000003E-01   0.0000000000000000E+00
      78   6.6852976377952757E+01       18   6.6773437499999999E-01   0.0000000000000000E+00
      78   6.6852976377952757E+01       19   7.0671875000000006E-01   0.0000000000000000E+00
      78   6.6852976377952757E+01       20   7.4570312500000002E-01   0.0000000000000000E+00
      78   6.6852976377952757E+01       21   7.8468749999999998E-01   0.0000000000000000E+00
      78   6.6852976377952757E+01       22   8.2367187500000005E-01   0.0000000000000000E+00
      78   6.6852976377952757E+01       23   8.6265625000000001E-01   0.0000000000000000E+00
      78   6.6852976377952757E+01       24   9.0164062500000008E-01   0.0000000000000000E+00
      78   6.6852976377952757E+01       25   9.4062500000000004E-01   0.0000000000000000E+00
      78   6.6852976377952757E+01       26   9.7960937500000000E-01   0.0000000000000000E+00
      78   6.6852976377952757E+01       27   1.0185937500000000E+00   0.0000000000000000E+00
      78   6.6852976377952757E+01       28   1.0575781250000000E+00   0.0000000000000000E+00
      78   6.6852976377952757E+01       29   1.0965625000000001E+00   0.0000000000000000E+00
      78   6.6852976377952757E+01       30   1.1355468750000000E+00   0.0000000000000000E+00
      78   6.6852976377952757E+01       31   1.1745312500000000E+00   0.0000000000000000E+00
      78   6.6852976377952757E+01       32   1.2135156250000001E+00   0.0000000000000000E+00
      78   6.6852976377952757E+01       33   1.2524999999999999E+00   0.0000000000000000E+00
      78   6.6852976377952757E+01       34   1.2914843750000000E+00   0.0000000000000000E+00
      78   6.6852976377952757E+01       35   1.3304687500000001E+00   0.0000000000000000E+00
      78   6.6852976377952757E+01       36   1.3694531250000002E+00   0.0000000000000000E+00
      78   6.6852976377952757E+01       37   1.4084375000000000E+00   0.0000000000000000E+00
      78   6.6852976377952757E+01       38   1.4474218750000001E+00   0.0000000000000000E+00
      78   6.6852976377952757E+01       39   1.4864062500000002E+00   0.0000000000000000E+00
      78   6.6852976377952757E+01       40   1.5253906250000000E+00   0.0000000000000000E+00
      78   6.6852976377952757E+01       41   1.5643750000000001E+00   0.0000000000000000E+00
      78   6.6852976377952757E+01       42   1.6033593750000001E+00   0.0000000000000000E+00
      78   6.6852976377952757E+01       43   1.6423437500000000E+00   0.0000000000000000E+00
      78   6.6852976377952757E+01       44   1.6813281250000001E+00   0.0000000000000000E+00
      78   6.6852976377952757E+01       45   1.7203125000000001E+00   0.0000000000000000E+00
      78   6.6852976377952757E+01       46   1.7592968750000000E+00   0.0000000000000000E+00
      78   6.6852976377952757E+01       47   1.7982812500000001E+00   0.0000000000000000E+00
      78   6.6852976377952757E+01       48   1.8372656250000001E+00   0.0000000000000000E+00
      78   6.6852976377952757E+01       49   1.8762500000000000E+00   0.0000000000000000E+00
      78   6.6852976377952757E+01       50   1.9152343750000000E+00   0.0000000000000000E+00
      78   6.6852976377952757E+01       51   1.9542187500000001E+00   0.0000000000000000E+00
      78   6.6852976377952757E+01       52   1.9932031250000002E+00   0.0000000000000000E+00
      78   6.6852976377952757E+01       53   2.0321875000000000E+00   0.0000000000000000E+00
      78   6.6852976377952757E+01       54   2.0711718750000001E+00   0.0000000000000000E+00
      78   6.6852976377952757E+01       55   2.1101562500000002E+00   0.0000000000000000E+00
      78   6.6852976377952757E+01       56   2.1491406250000002E+00   0.0000000000000000E+00
      78   6.6852976377952757E+01       57   2.1881249999999999E+00   0.0000000000000000E+00
      78   6.6852976377952757E+01       58   2.2271093749999999E+00   0.0000000000000000E+00
      78   6.6852976377952757E+01       59   2.2660937500000000E+00   0.0000000000000000E+00
      78   6.6852976377952757E+01       60   2.3050781250000001E+00   0.0000000000000000E+00
      78   6.6852976377952757E+01       61   2.3440625000000002E+00   0.0000000000000000E+00
      78   6.6852976377952757E+01       62   2.3830468750000002E+00   0.0000000000000000E+00
      78   6.6852976377952757E+01       63   2.4220312500000003E+00   0.0000000000000000E+00
      78   6.6852976377952757E+01       64   2.4610156249999999E+00   0.0000000000000000E+00
 
      79   6.7721196850393710E+01        1   5.0000000000000001E-03   0.0000000000000000E+00
      79   6.7721196850393710E+01        2   4.3984374999999999E-02   0.0000000000000000E+00
      79   6.7721196850393710E+01        3   8.2968750000000008E-02   0.0000000000000000E+00
      79   6.7721196850393710E+01        4   1.2195312500000001E-01   0.0000000000000000E+00
      79   6.7721196850393710E+01        5   1.6093750000000001E-01   0.0000000000000000E+00
      79   6.7721196850393710E+01        6   1.9992187500000000E-01   0.0000000000000000E+00
      79   6.7721196850393710E+01        7   2.3890625000000001E-01   0.0000000000000000E+00
      79   6.7721196850393710E+01        8   2.7789062500000000E-01   0.0000000000000000E+00
      79   6.7721196850393710E+01        9   3.1687500000000002E-01   0.0000000000000000E+00
      79   6.7721196850393710E+01       10   3.5585937500000003E-01   0.0000000000000000E+00
      79   6.7721196850393710E+01       11   3.9484374999999999E-01   0.0000000000000000E+00
      79   6.7721196850393710E+01       12   4.3382812500000001E-01   0.0000000000000000E+00
      79   6.7721196850393710E+01       13   4.7281250000000002E-01   0.0000000000000000E+00
      79   6.7721196850393710E+01       14   5.1179687500000004E-01   0.0000000000000000E+00
      79   6.7721196850393710E+01       15   5.5078125000000000E-01   0.0000000000000000E+00
      79   6.7721196850393710E+01       16   5.8976562500000007E-01   0.0000000000000000E+00
      79   6.7721196850393710E+01       17   6.2875000000000003E-01   0.0000000000000000E+00
      79   6.7721196850393710E+01       18   6.6773437499999999E-01   0.0000000000000000E+00
      79   6.7721196850393710E+01       19   7.0671875000000006E-01   0.0000000000000000E+00
      79   6.7721196850393710E+01       20   7.4570312500000002E-01   0.0000000000000000E+00
      79   6.7721196850393710E+01       21   7.8468749999999998E-01   0.0000000000000000E+00
      79   6.7721196850393710E+01       22   8.2367187500000005E-01   0.0000000000000000E+00
      79   6.7721196850393710E+01       23   8.6265625000000001E-01   0.0000000000000000E+00
      79   6.7721196850393710E+01       24   9.0164062500000008E-01   0.0000000000000000E+00
      79   6.7721196850393710E+01       25   9.4062500000000004E-01   0.0000000000000000E+00
      79   6.7721196850393710E+01       26   9.7960937500000000E-01   0.0000000000000000E+00
      79   6.7721196850393710E+01       27   1.0185937500000000E+00   0.0000000000000000E+00
      79   6.7721196850393710E+01       28   1.0575781250000000E+00   0.0000000000000000E+00
      79   6.7721196850393710E+01       29   1.0965625000000001E+00   0.0000000000000000E+00
      79   6.7721196850393710E+01       30   1.1355468750000000E+00   0.0000000000000000E+00
      79   6.7721196850393710E+01       31   1.1745312500000000E+00   0.0000000000000000E+00
      79   6.7721196850393710E+01       32   1.2135156250000001E+00   0.0000000000000000E+00
      79   6.7721196850393710E+01       33   1.2524999999999999E+00   0.0000000000000000E+00
      79   6.7721196850393710E+01       34   1.2914843750000000E+00   0.0000000000000000E+00
      79   6.7721196850393710E+01       35   1.3304687500000001E+00   0.0000000000000000E+00
      79   6.7721196850393710E+01       36   1.3694531250000002E+00   0.0000000000000000E+00
      79   6.7721196850393710E+01       37   1.4084375000000000E+00   0.0000000000000000E+00
      79   6.7721196850393710E+01       38   1.4474218750000001E+00   0.0000000000000000E+00
      79   6.7721196850393710E+01       39   1.4864062500000002E+00   0.0000000000000000E+00
      79   6.7721196850393710E+01       40   1.5253906250000000E+00   0.0000000000000000E+00
      79   6.7721196850393710E+01       41   1.5643750000000001E+00   0.0000000000000000E+00
      79   6.7721196850393710E+01       42   1.6033593750000001E+00   0.0000000000000000E+00
      79   6.7721196850393710E+01       43   1.6423437500000000E+00   0.0000000000000000E+00
      79   6.7721196850393710E+01       44   1.6813281250000001E+00   0.0000000000000000E+00
      79   6.7721196850393710E+01       45   1.7203125000000001E+00   0.0000000000000000E+00
      79   6.7721196850393710E+01       46   1.7592968750000000E+00   0.0000000000000000E+00
      79   6.7721196850393710E+01       47   1.7982812500000001E+00   0.0000000000000000E+00
      79   6.7721196850393710E+01       48   1.8372656250000001E+00   0.0000000000000000E+00
      79   6.7721196850393710E+01       49   1.8762500000000000E+00   0.0000000000000000E+00
      79   6.7721196850393710E+01       50   1.9152343750000000E+00   0.0000000000000000E+00
      79   6.7721196850393710E+01       51   1.9542187500000001E+00   0.0000000000000000E+00
      79   6.7721196850393710E+01       52   1.9932031250000002E+00   0.0000000000000000E+00
      79   6.7721196850393710E+01       53   2.0321875000000000E+00   0.0000000000000000E+00
      79   6.7721196850393710E+01       54   2.0711718750000001E+00   0.0000000000000000E+00
      79   6.7721196850393710E+01       55   2.1101562500000002E+00   0.0000000000000000E+00
      79   6.7721196850393710E+01       56   2.1491406250000002E+00   0.0000000000000000E+00
      79   6.7721196850393710E+01       57   2.1881249999999999E+00   0.0000000000000000E+00
      79   6.7721196850393710E+01       58   2.2271093749999999E+00   0.0000000000000000E+00
      79   6.7721196850393710E+01       59   2.2660937500000000E+00   0.0000000000000000E+00
      79   6.7721196850393710E+01       60   2.3050781250000001E+00   0.0000000000000000E+00
      79   6.7721196850393710E+01       61   2.3440625000000002E+00   0.0000000000000000E+00
      79   6.7721196850393710E+01       62   2.3830468750000002E+00   0.0000000000000000E+00
      79   6.7721196850393710E+01       63   2.4220312500000003E+00   0.0000000000000000E+00
      79   6.7721196850393710E+01       64   2.4610156249999999E+00   0.0000000000000000E+00
 
      80   6.8589417322834649E+01        1   5.0000000000000001E-03   0.0000000000000000E+00
      80   6.8589417322834649E+01        2   4.3984374999999999E-02   0.0000000000000000E+00
      80   6.8589417322834649E+01        3   8.2968750000000008E-02   0.0000000000000000E+00
      80   6.8589417322834649E+01        4   1.2195312500000001E-01   0.0000000000000000E+00
      80   6.8589417322834649E+01        5   1.6093750000000001E-01   0.0000000000000000E+00
      80   6.8589417322834649E+01        6   1.9992187500000000E-01   0.0000000000000000E+00
      80   6.8589417322834649E+01        7   2.3890625000000001E-01   0.0000000000000000E+00
      80   6.8589417322834649E+01        8   2.7789062500000000E-01   0.0000000000000000E+00
      80   6.8589417322834649E+01        9   3.1687500000000002E-01   0.0000000000000000E+00
      80   6.8589417322834649E+01       10   3.5585937500000003E-01   0.0000000000000000E+00
      80   6.8589417322834649E+01       11   3.9484374999999999E-01   0.0000000000000000E+00
      80   6.8589417322834649E+01       12   4.3382812500000001E-01   0.0000000000000000E+00
      80   6.8589417322834649E+01       13   4.7281250000000002E-01   0.0000000000000000E+00
      80   6.8589417322834649E+01       14   5.1179687500000004E-01   0.0000000000000000E+00
      80   6.8589417322834649E+01       15   5.5078125000000000E-01   0.0000000000000000E+00
      80   6.8589417322834649E+01       16   5.8976562500000007E-01   0.0000000000000000E+00
      80   6.8589417322834649E+01       17   6.2875000000000003E-01   0.0000000000000000E+00
      80   6.8589417322834649E+01       18   6.6773437499999999E-01   0.0000000000000000E+00
      80   6.8589417322834649E+01       19   7.0671875000000006E-01   0.0000000000000000E+00
      80   6.8589417322834649E+01       20   7.4570312500000002E-01   0.0000000000000000E+00
      80   6.8589417322834649E+01       21   7.8468749999999998E-01   0.0000000000000000E+00
      80   6.8589417322834649E+01       22   8.2367187500000005E-01   0.0000000000000000E+00
      80   6.8589417322834649E+01       23   8.6265625000000001E-01   0.0000000000000000E+00
      80   6.8589417322834649E+01       24   9.0164062500000008E-01   0.0000000000000000E+00
      80   6.8589417322834649E+01       25   9.4062500000000004E-01   0.0000000000000000E+00
      80   6.8589417322834649E+01       26   9.7960937500000000E-01   0.0000000000000000E+00
      80   6.8589417322834649E+01       27   1.0185937500000000E+00   0.0000000000000000E+00
      80   6.8589417322834649E+01       28   1.0575781250000000E+00   0.0000000000000000E+00
      80   6.8589417322834649E+01       29   1.0965625000000001E+00   0.0000000000000000E+00
      80   6.8589417322834649E+01       30   1.1355468750000000E+00   0.0000000000000000E+00
      80   6.8589417322834649E+01       31   1.1745312500000000E+00   0.0000000000000000E+00
      80   6.8589417322834649E+01       32   1.2135156250000001E+00   0.0000000000000000E+00
      80   6.8589417322834649E+01       33   1.2524999999999999E+00   0.0000000000000000E+00
      80   6.8589417322834649E+01       34   1.2914843750000000E+00   0.0000000000000000E+00
      80   6.8589417322834649E+01       35   1.3304687500000001E+00   0.0000000000000000E+00
      80   6.8589417322834649E+01       36   1.3694531250000002E+00   0.0000000000000000E+00
      80   6.8589417322834649E+01       37   1.4084375000000000E+00   0.0000000000000000E+00
      80   6.8589417322834649E+01       38   1.4474218750000001E+00   0.0000000000000000E+00
      80   6.8589417322834649E+01       39   1.4864062500000002E+00   0.0000000000000000E+00
      80   6.8589417322834649E+01       40   1.5253906250000000E+00   0.0000000000000000E+00
      80   6.8589417322834649E+01       41   1.5643750000000001E+00   0.0000000000000000E+00
      80   6.8589417322834649E+01       42   1.6033593750000001E+00   0.0000000000000000E+00
      80   6.8589417322834649E+01       43   1.6423437500000000E+00   0.0000000000000000E+00
      80   6.8589417322834649E+01       44   1.6813281250000001E+00   0.0000000000000000E+00
      80   6.8589417322834649E+01       45   1.7203125000000001E+00   0.0000000000000000E+00
      80   6.8589417322834649E+01       46   1.7592968750000000E+00   0.0000000000000000E+00
      80   6.8589417322834649E+01       47   1.7982812500000001E+00   0.0000000000000000E+00
      80   6.8589417322834649E+01       48   1.8372656250000001E+00   0.0000000000000000E+00
      80   6.8589417322834649E+01       49   1.8762500000000000E+00   0.0000000000000000E+00
      80   6.8589417322834649E+01       50   1.9152343750000000E+00   0.0000000000000000E+00
      80   6.8589417322834649E+01       51   1.9542187500000001E+00   0.0000000000000000E+00
      80   6.8589417322834649E+01       52   1.9932031250000002E+00   0.0000000000000000E+00
      80   6.8589417322834649E+01       53   2.0321875000000000E+00   0.0000000000000000E+00
      80   6.8589417322834649E+01       54   2.0711718750000001E+00   0.0000000000000000E+00
      80   6.8589417322834649E+01       55   2.1101562500000002E+00   0.0000000000000000E+00
      80   6.8589417322834649E+01       56   2.1491406250000002E+00   0.0000000000000000E+00
      80   6.8589417322834649E+01       57   2.1881249999999999E+00   0.0000000000000000E+00
      80   6.8589417322834649E+01       58   2.2271093749999999E+00   0.0000000000000000E+00
      80   6.8589417322834649E+01       59   2.2660937500000000E+00   0.0000000000000000E+00
      80   6.8589417322834649E+01       60   2.3050781250000001E+00   0.0000000000000000E+00
      80   6.8589417322834649E+01       61   2.3440625000000002E+00   0.0000000000000000E+00
      80   6.8589417322834649E+01       62   2.3830468750000002E+00   0.0000000000000000E+00
      80   6.8589417322834649E+01       63   2.4220312500000003E+00   0.0000000000000000E+00
      80   6.8589417322834649E+01       64   2.4610156249999999E+00   0.0000000000000000E+00
 
      81   6.9457637795275588E+01        1   5.0000000000000001E-03   0.0000000000000000E+00
      81   6.9457637795275588E+01        2   4.3984374999999999E-02   0.0000000000000000E+00
      81   6.9457637795275588E+01        3   8.2968750000000008E-02   0.0000000000000000E+00
      81   6.9457637795275588E+01        4   1.2195312500000001E-01   0.0000000000000000E+00
      81   6.9457637795275588E+01        5   1.6093750000000001E-01   0.0000000000000000E+00
      81   6.9457637795275588E+01        6   1.9992187500000000E-01   0.0000000000000000E+00
      81   6.9457637795275588E+01        7   2.3890625000000001E-01   0.0000000000000000E+00
      81   6.9457637795275588E+01        8   2.7789062500000000E-01   0.0000000000000000E+00
      81   6.9457637795275588E+01        9   3.1687500000000002E-01   0.0000000000000000E+00
      81   6.9457637795275588E+01       10   3.5585937500000003E-01   0.0000000000000000E+00
      81   6.9457637795275588E+01       11   3.9484374999999999E-01   0.0000000000000000E+00
      81   6.9457637795275588E+01       12   4.3382812500000001E-01   0.0000000000000000E+00
      81   6.9457637795275588E+01       13   4.7281250000000002E-01   0.0000000000000000E+00
      81   6.9457637795275588E+01       14   5.1179687500000004E-01   0.0000000000000000E+00
      81   6.9457637795275588E+01       15   5.5078125000000000E-01   0.0000000000000000E+00
      81   6.9457637795275588E+01       16   5.8976562500000007E-01   0.0000000000000000E+00
      81   6.9457637795275588E+01       17   6.2875000000000003E-01   0.0000000000000000E+00
      81   6.9457637795275588E+01       18   6.6773437499999999E-01   0.0000000000000000E+00
      81   6.9457637795275588E+01       19   7.0671875000000006E-01   0.0000000000000000E+00
      81   6.9457637795275588E+01       20   7.4570312500000002E-01   0.0000000000000000E+00
      81   6.9457637795275588E+01       21   7.8468749999999998E-01   0.0000000000000000E+00
      81   6.9457637795275588E+01       22   8.2367187500000005E-01   0.0000000000000000E+00
      81   6.9457637795275588E+01       23   8.6265625000000001E-01   0.0000000000000000E+00
      81   6.9457637795275588E+01       24   9.0164062500000008E-01   0.0000000000000000E+00
      81   6.9457637795275588E+01       25   9.4062500000000004E-01   0.0000000000000000E+00
      81   6.9457637795275588E+01       26   9.7960937500000000E-01   0.0000000000000000E+00
      81   6.9457637795275588E+01       27   1.0185937500000000E+00   0.0000000000000000E+00
      81   6.9457637795275588E+01       28   1.0575781250000000E+00   0.0000000000000000E+00
      81   6.9457637795275588E+01       29   1.0965625000000001E+00   0.0000000000000000E+00
      81   6.9457637795275588E+01       30   1.1355468750000000E+00   0.0000000000000000E+00
      81   6.9457637795275588E+01       31   1.1745312500000000E+00   0.0000000000000000E+00
      81   6.9457637795275588E+01       32   1.2135156250000001E+00   0.0000000000000000E+00
      81   6.9457637795275588E+01       33   1.2524999999999999E+00   0.0000000000000000E+00
      81   6.9457637795275588E+01       34   1.2914843750000000E+00   0.0000000000000000E+00
      81   6.9457637795275588E+01       35   1.3304687500000001E+00   0.0000000000000000E+00
      81   6.9457637795275588E+01       36   1.3694531250000002E+00   0.0000000000000000E+00
      81   6.9457637795275588E+01       37   1.4084375000000000E+00   0.0000000000000000E+00
      81   6.9457637795275588E+01       38   1.4474218750000001E+00   0.0000000000000000E+00
      81   6.9457637795275588E+01       39   1.4864062500000002E+00   0.0000000000000000E+00
      81   6.9457637795275588E+01       40   1.5253906250000000E+00   0.0000000000000000E+00
      81   6.9457637795275588E+01       41   1.5643750000000001E+00   0.0000000000000000E+00
      81   6.9457637795275588E+01       42   1.6033593750000001E+00   0.0000000000000000E+00
      81   6.9457637795275588E+01       43   1.6423437500000000E+00   0.0000000000000000E+00
      81   6.9457637795275588E+01       44   1.6813281250000001E+00   0.0000000000000000E+00
      81   6.9457637795275588E+01       45   1.7203125000000001E+00   0.0000000000000000E+00
      81   6.9457637795275588E+01       46   1.7592968750000000E+00   0.0000000000000000E+00
      81   6.9457637795275588E+01       47   1.7982812500000001E+00   0.0000000000000000E+00
      81   6.9457637795275588E+01       48   1.8372656250000001E+00   0.0000000000000000E+00
      81   6.9457637795275588E+01       49   1.8762500000000000E+00   0.0000000000000000E+00
      81   6.9457637795275588E+01       50   1.9152343750000000E+00   0.0000000000000000E+00
      81   6.9457637795275588E+01       51   1.9542187500000001E+00   0.0000000000000000E+00
      81   6.9457637795275588E+01       52   1.9932031250000002E+00   0.0000000000000000E+00
      81   6.9457637795275588E+01       53   2.0321875000000000E+00   0.0000000000000000E+00
      81   6.9457637795275588E+01       54   2.0711718750000001E+00   0.0000000000000000E+00
      81   6.9457637795275588E+01       55   2.1101562500000002E+00   0.0000000000000000E+00
      81   6.9457637795275588E+01       56   2.1491406250000002E+00   0.0000000000000000E+00
      81   6.9457637795275588E+01       57   2.1881249999999999E+00   0.0000000000000000E+00
      81   6.9457637795275588E+01       58   2.2271093749999999E+00   0.0000000000000000E+00
      81   6.9457637795275588E+01       59   2.2660937500000000E+00   0.0000000000000000E+00
      81   6.9457637795275588E+01       60   2.3050781250000001E+00   0.0000000000000000E+00
      81   6.9457637795275588E+01       61   2.3440625000000002E+00   0.0000000000000000E+00
      81   6.9457637795275588E+01       62   2.3830468750000002E+00   0.0000000000000000E+00
      81   6.9457637795275588E+01       63   2.4220312500000003E+00   0.0000000000000000E+00
      81   6.9457637795275588E+01       64   2.4610156249999999E+00   0.0000000000000000E+00
 
      82   7.0325858267716541E+01        1   5.0000000000000001E-03   0.0000000000000000E+00
      82   7.0325858267716541E+01        2   4.3984374999999999E-02   0.0000000000000000E+00
      82   7.0325858267716541E+01        3   8.2968750000000008E-02   0.0000000000000000E+00
      82   7.0325858267716541E+01        4   1.2195312500000001E-01   0.0000000000000000E+00
      82   7.0325858267716541E+01        5   1.6093750000000001E-01   0.0000000000000000E+00
      82   7.0325858267716541E+01        6   1.9992187500000000E-01   0.0000000000000000E+00
      82   7.0325858267716541E+01        7   2.3890625000000001E-01   0.0000000000000000E+00
      82   7.0325858267716541E+01        8   2.7789062500000000E-01   0.0000000000000000E+00
      82   7.0325858267716541E+01        9   3.1687500000000002E-01   0.0000000000000000E+00
      82   7.0325858267716541E+01       10   3.5585937500000003E-01   0.0000000000000000E+00
      82   7.0325858267716541E+01       11   3.9484374999999999E-01   0.0000000000000000E+00
      82   7.0325858267716541E+01       12   4.3382812500000001E-01   0.0000000000000000E+00
      82   7.0325858267716541E+01       13   4.7281250000000002E-01   0.0000000000000000E+00
      82   7.0325858267716541E+01       14   5.1179687500000004E-01   0.0000000000000000E+00
      82   7.0325858267716541E+01       15   5.5078125000000000E-01   0.0000000000000000E+00
      82   7.0325858267716541E+01       16   5.8976562500000007E-01   0.0000000000000000E+00
      82   7.0325858267716541E+01       17   6.2875000000000003E-01   0.0000000000000000E+00
      82   7.0325858267716541E+01       18   6.6773437499999999E-01   0.0000000000000000E+00
      82   7.0325858267716541E+01       19   7.0671875000000006E-01   0.0000000000000000E+00
      82   7.0325858267716541E+01       20   7.4570312500000002E-01   0.0000000000000000E+00
      82   7.0325858267716541E+01       21   7.8468749999999998E-01   0.0000000000000000E+00
      82   7.0325858267716541E+01       22   8.2367187500000005E-01   0.0000000000000000E+00
      82   7.0325858267716541E+01       23   8.6265625000000001E-01   0.0000000000000000E+00
      82   7.0325858267716541E+01       24   9.0164062500000008E-01   0.0000000000000000E+00
      82   7.0325858267716541E+01       25   9.4062500000000004E-01   0.0000000000000000E+00
      82   7.0325858267716541E+01       26   9.7960937500000000E-01   0.0000000000000000E+00
      82   7.0325858267716541E+01       27   1.0185937500000000E+00   0.0000000000000000E+00
      82   7.0325858267716541E+01       28   1.0575781250000000E+00   0.0000000000000000E+00
      82   7.0325858267716541E+01       29   1.0965625000000001E+00   0.0000000000000000E+00
      82   7.0325858267716541E+01       30   1.1355468750000000E+00   0.0000000000000000E+00
      82   7.0325858267716541E+01       31   1.1745312500000000E+00   0.0000000000000000E+00
      82   7.0325858267716541E+01       32   1.2135156250000001E+00   0.0000000000000000E+00
      82   7.0325858267716541E+01       33   1.2524999999999999E+00   0.0000000000000000E+00
      82   7.0325858267716541E+01       34   1.2914843750000000E+00   0.0000000000000000E+00
      82   7.0325858267716541E+01       35   1.3304687500000001E+00   0.0000000000000000E+00
      82   7.0325858267716541E+01       36   1.3694531250000002E+00   0.0000000000000000E+00
      82   7.0325858267716541E+01       37   1.4084375000000000E+00   0.0000000000000000E+00
      82   7.0325858267716541E+01       38   1.4474218750000001E+00   0.0000000000000000E+00
      82   7.0325858267716541E+01       39   1.4864062500000002E+00   0.0000000000000000E+00
      82   7.0325858267716541E+01       40   1.5253906250000000E+00   0.0000000000000000E+00
      82   7.0325858267716541E+01       41   1.5643750000000001E+00   0.0000000000000000E+00
      82   7.0325858267716541E+01       42   1.6033593750000001E+00   0.0000000000000000E+00
      82   7.0325858267716541E+01       43   1.6423437500000000E+00   0.0000000000000000E+00
      82   7.0325858267716541E+01       44   1.6813281250000001E+00   0.0000000000000000E+00
      82   7.0325858267716541E+01       45   1.7203125000000001E+00   0.0000000000000000E+00
      82   7.0325858267716541E+01       46   1.7592968750000000E+00   0.0000000000000000E+00
      82   7.0325858267716541E+01       47   1.7982812500000001E+00   0.0000000000000000E+00
      82   7.0325858267716541E+01       48   1.8372656250000001E+00   0.0000000000000000E+00
      82   7.0325858267716541E+01       49   1.8762500000000000E+00   0.0000000000000000E+00
      82   7.0325858267716541E+01       50   1.9152343750000000E+00   0.0000000000000000E+00
      82   7.0325858267716541E+01       51   1.9542187500000001E+00   0.0000000000000000E+00
      82   7.0325858267716541E+01       52   1.9932031250000002E+00   0.0000000000000000E+00
      82   7.0325858267716541E+01       53   2.0321875000000000E+00   0.0000000000000000E+00
      82   7.0325858267716541E+01       54   2.0711718750000001E+00   0.0000000000000000E+00
      82   7.0325858267716541E+01       55   2.1101562500000002E+00   0.0000000000000000E+00
      82   7.0325858267716541E+01       56   2.1491406250000002E+00   0.0000000000000000E+00
      82   7.0325858267716541E+01       57   2.1881249999999999E+00   0.0000000000000000E+00
      82   7.0325858267716541E+01       58   2.2271093749999999E+00   0.0000000000000000E+00
      82   7.0325858267716541E+01       59   2.2660937500000000E+00   0.0000000000000000E+00
      82   7.0325858267716541E+01       60   2.3050781250000001E+00   0.0000000000000000E+00
      82   7.0325858267716541E+01       61   2.3440625000000002E+00   0.0000000000000000E+00
      82   7.0325858267716541E+01       62   2.3830468750000002E+00   0.0000000000000000E+00
      82   7.0325858267716541E+01       63   2.4220312500000003E+00   0.0000000000000000E+00
      82   7.0325858267716541E+01       64   2.4610156249999999E+00   0.0000000000000000E+00
 
      83   7.1194078740157480E+01        1   5.0000000000000001E-03   0.0000000000000000E+00
      83   7.1194078740157480E+01        2   4.3984374999999999E-02   0.0000000000000000E+00
      83   7.1194078740157480E+01        3   8.2968750000000008E-02   0.0000000000000000E+00
      83   7.1194078740157480E+01        4   1.2195312500000001E-01   0.0000000000000000E+00
      83   7.1194078740157480E+01        5   1.6093750000000001E-01   0.0000000000000000E+00
      83   7.1194078740157480E+01        6   1.9992187500000000E-01   0.0000000000000000E+00
      83   7.1194078740157480E+01        7   2.3890625000000001E-01   0.0000000000000000E+00
      83   7.1194078740157480E+01        8   2.7789062500000000E-01   0.0000000000000000E+00
      83   7.1194078740157480E+01        9   3.1687500000000002E-01   0.0000000000000000E+00
      83   7.1194078740157480E+01       10   3.5585937500000003E-01   0.0000000000000000E+00
      83   7.1194078740157480E+01       11   3.9484374999999999E-01   0.0000000000000000E+00
      83   7.1194078740157480E+01       12   4.3382812500000001E-01   0.0000000000000000E+00
      83   7.1194078740157480E+01       13   4.7281250000000002E-01   0.0000000000000000E+00
      83   7.1194078740157480E+01       14   5.1179687500000004E-01   0.0000000000000000E+00
      83   7.1194078740157480E+01       15   5.5078125000000000E-01   0.0000000000000000E+00
      83   7.1194078740157480E+01       16   5.8976562500000007E-01   0.0000000000000000E+00
      83   7.1194078740157480E+01       17   6.2875000000000003E-01   0.0000000000000000E+00
      83   7.1194078740157480E+01       18   6.6773437499999999E-01   0.0000000000000000E+00
      83   7.1194078740157480E+01       19   7.0671875000000006E-01   0.0000000000000000E+00
      83   7.1194078740157480E+01       20   7.4570312500000002E-01   0.0000000000000000E+00
      83   7.1194078740157480E+01       21   7.8468749999999998E-01   0.0000000000000000E+00
      83   7.1194078740157480E+01       22   8.2367187500000005E-01   0.0000000000000000E+00
      83   7.1194078740157480E+01       23   8.6265625000000001E-01   0.0000000000000000E+00
      83   7.1194078740157480E+01       24   9.0164062500000008E-01   0.0000000000000000E+00
      83   7.1194078740157480E+01       25   9.4062500000000004E-01   0.0000000000000000E+00
      83   7.1194078740157480E+01       26   9.7960937500000000E-01   0.0000000000000000E+00
      83   7.1194078740157480E+01       27   1.0185937500000000E+00   0.0000000000000000E+00
      83   7.1194078740157480E+01       28   1.0575781250000000E+00   0.0000000000000000E+00
      83   7.1194078740157480E+01       29   1.0965625000000001E+00   0.0000000000000000E+00
      83   7.1194078740157480E+01       30   1.1355468750000000E+00   0.0000000000000000E+00
      83   7.1194078740157480E+01       31   1.1745312500000000E+00   0.0000000000000000E+00
      83   7.1194078740157480E+01       32   1.2135156250000001E+00   0.0000000000000000E+00
      83   7.1194078740157480E+01       33   1.2524999999999999E+00   0.0000000000000000E+00
      83   7.1194078740157480E+01       34   1.2914843750000000E+00   0.0000000000000000E+00
      83   7.1194078740157480E+01       35   1.3304687500000001E+00   0.0000000000000000E+00
      83   7.1194078740157480E+01       36   1.3694531250000002E+00   0.0000000000000000E+00
      83   7.1194078740157480E+01       37   1.4084375000000000E+00   0.0000000000000000E+00
      83   7.1194078740157480E+01       38   1.4474218750000001E+00   0.0000000000000000E+00
      83   7.1194078740157480E+01       39   1.4864062500000002E+00   0.0000000000000000E+00
      83   7.1194078740157480E+01       40   1.5253906250000000E+00   0.0000000000000000E+00
      83   7.1194078740157480E+01       41   1.5643750000000001E+00   0.0000000000000000E+00
      83   7.1194078740157480E+01       42   1.6033593750000001E+00   0.0000000000000000E+00
      83   7.1194078740157480E+01       43   1.6423437500000000E+00   0.0000000000000000E+00
      83   7.1194078740157480E+01       44   1.6813281250000001E+00   0.0000000000000000E+00
      83   7.1194078740157480E+01       45   1.7203125000000001E+00   0.0000000000000000E+00
      83   7.1194078740157480E+01       46   1.7592968750000000E+00   0.0000000000000000E+00
      83   7.1194078740157480E+01       47   1.7982812500000001E+00   0.0000000000000000E+00
      83   7.1194078740157480E+01       48   1.8372656250000001E+00   0.0000000000000000E+00
      83   7.1194078740157480E+01       49   1.8762500000000000E+00   0.0000000000000000E+00
      83   7.1194078740157480E+01       50   1.9152343750000000E+00   0.0000000000000000E+00
      83   7.1194078740157480E+01       51   1.9542187500000001E+00   0.0000000000000000E+00
      83   7.1194078740157480E+01       52   1.9932031250000002E+00   0.0000000000000000E+00
      83   7.1194078740157480E+01       53   2.0321875000000000E+00   0.0000000000000000E+00
      83   7.1194078740157480E+01       54   2.0711718750000001E+00   0.0000000000000000E+00
      83   7.1194078740157480E+01       55   2.1101562500000002E+00   0.0000000000000000E+00
      83   7.1194078740157480E+01       56   2.1491406250000002E+00   0.0000000000000000E+00
      83   7.1194078740157480E+01       57   2.1881249999999999E+00   0.0000000000000000E+00
      83   7.1194078740157480E+01       58   2.2271093749999999E+00   0.0000000000000000E+00
      83   7.1194078740157480E+01       59   2.2660937500000000E+00   0.0000000000000000E+00
      83   7.1194078740157480E+01       60   2.3050781250000001E+00   0.0000000000000000E+00
      83   7.1194078740157480E+01       61   2.3440625000000002E+00   0.0000000000000000E+00
      83   7.1194078740157480E+01       62   2.3830468750000002E+00   0.0000000000000000E+00
      83   7.1194078740157480E+01       63   2.4220312500000003E+00   0.0000000000000000E+00
      83   7.1194078740157480E+01       64   2.4610156249999999E+00   0.0000000000000000E+00
 
      84   7.2062299212598433E+01        1   5.0000000000000001E-03   0.0000000000000000E+00
      84   7.2062299212598433E+01        2   4.3984374999999999E-02   0.0000000000000000E+00
      84   7.2062299212598433E+01        3   8.2968750000000008E-02   0.0000000000000000E+00
      84   7.2062299212598433E+01        4   1.2195312500000001E-01   0.0000000000000000E+00
      84   7.2062299212598433E+01        5   1.6093750000000001E-01   0.0000000000000000E+00
      84   7.2062299212598433E+01        6   1.9992187500000000E-01   0.0000000000000000E+00
      84   7.2062299212598433E+01        7   2.3890625000000001E-01   0.0000000000000000E+00
      84   7.2062299212598433E+01        8   2.7789062500000000E-01   0.0000000000000000E+00
      84   7.2062299212598433E+01        9   3.1687500000000002E-01   0.0000000000000000E+00
      84   7.2062299212598433E+01       10   3.5585937500000003E-01   0.0000000000000000E+00
      84   7.2062299212598433E+01       11   3.9484374999999999E-01   0.0000000000000000E+00
      84   7.2062299212598433E+01       12   4.3382812500000001E-01   0.0000000000000000E+00
      84   7.2062299212598433E+01       13   4.7281250000000002E-01   0.0000000000000000E+00
      84   7.2062299212598433E+01       14   5.1179687500000004E-01   0.0000000000000000E+00
      84   7.2062299212598433E+01       15   5.5078125000000000E-01   0.0000000000000000E+00
      84   7.2062299212598433E+01       16   5.8976562500000007E-01   0.0000000000000000E+00
      84   7.2062299212598433E+01       17   6.2875000000000003E-01   0.0000000000000000E+00
      84   7.2062299212598433E+01       18   6.6773437499999999E-01   0.0000000000000000E+00
      84   7.2062299212598433E+01       19   7.0671875000000006E-01   0.0000000000000000E+00
      84   7.2062299212598433E+01       20   7.4570312500000002E-01   0.0000000000000000E+00
      84   7.2062299212598433E+01       21   7.8468749999999998E-01   0.0000000000000000E+00
      84   7.2062299212598433E+01       22   8.2367187500000005E-01   0.0000000000000000E+00
      84   7.2062299212598433E+01       23   8.6265625000000001E-01   0.0000000000000000E+00
      84   7.2062299212598433E+01       24   9.0164062500000008E-01   0.0000000000000000E+00
      84   7.2062299212598433E+01       25   9.4062500000000004E-01   0.0000000000000000E+00
      84   7.2062299212598433E+01       26   9.7960937500000000E-01   0.0000000000000000E+00
      84   7.2062299212598433E+01       27   1.0185937500000000E+00   0.0000000000000000E+00
      84   7.2062299212598433E+01       28   1.0575781250000000E+00   0.0000000000000000E+00
      84   7.2062299212598433E+01       29   1.0965625000000001E+00   0.0000000000000000E+00
      84   7.2062299212598433E+01       30   1.1355468750000000E+00   0.0000000000000000E+00
      84   7.2062299212598433E+01       31   1.1745312500000000E+00   0.0000000000000000E+00
      84   7.2062299212598433E+01       32   1.2135156250000001E+00   0.0000000000000000E+00
      84   7.2062299212598433E+01       33   1.2524999999999999E+00   0.0000000000000000E+00
      84   7.2062299212598433E+01       34   1.2914843750000000E+00   0.0000000000000000E+00
      84   7.2062299212598433E+01       35   1.3304687500000001E+00   0.0000000000000000E+00
      84   7.2062299212598433E+01       36   1.3694531250000002E+00   0.0000000000000000E+00
      84   7.2062299212598433E+01       37   1.4084375000000000E+00   0.0000000000000000E+00
      84   7.2062299212598433E+01       38   1.4474218750000001E+00   0.0000000000000000E+00
      84   7.2062299212598433E+01       39   1.4864062500000002E+00   0.0000000000000000E+00
      84   7.2062299212598433E+01       40   1.5253906250000000E+00   0.0000000000000000E+00
      84   7.2062299212598433E+01       41   1.5643750000000001E+00   0.0000000000000000E+00
      84   7.2062299212598433E+01       42   1.6033593750000001E+00   0.0000000000000000E+00
      84   7.2062299212598433E+01       43   1.6423437500000000E+00   0.0000000000000000E+00
      84   7.2062299212598433E+01       44   1.6813281250000001E+00   0.0000000000000000E+00
      84   7.2062299212598433E+01       45   1.7203125000000001E+00   0.0000000000000000E+00
      84   7.2062299212598433E+01       46   1.7592968750000000E+00   0.0000000000000000E+00
      84   7.2062299212598433E+01       47   1.7982812500000001E+00   0.0000000000000000E+00
      84   7.2062299212598433E+01       48   1.8372656250000001E+00   0.0000000000000000E+00
      84   7.2062299212598433E+01       49   1.8762500000000000E+00   0.0000000000000000E+00
      84   7.2062299212598433E+01       50   1.9152343750000000E+00   0.0000000000000000E+00
      84   7.2062299212598433E+01       51   1.9542187500000001E+00   0.0000000000000000E+00
      84   7.2062299212598433E+01       52   1.9932031250000002E+00   0.0000000000000000E+00
      84   7.2062299212598433E+01       53   2.0321875000000000E+00   0.0000000000000000E+00
      84   7.2062299212598433E+01       54   2.0711718750000001E+00   0.0000000000000000E+00
      84   7.2062299212598433E+01       55   2.1101562500000002E+00   0.0000000000000000E+00
      84   7.2062299212598433E+01       56   2.1491406250000002E+00   0.0000000000000000E+00
      84   7.2062299212598433E+01       57   2.1881249999999999E+00   0.0000000000000000E+00
      84   7.2062299212598433E+01       58   2.2271093749999999E+00   0.0000000000000000E+00
      84   7.2062299212598433E+01       59   2.2660937500000000E+00   0.0000000000000000E+00
      84   7.2062299212598433E+01       60   2.3050781250000001E+00   0.0000000000000000E+00
      84   7.2062299212598433E+01       61   2.3440625000000002E+00   0.0000000000000000E+00
      84   7.2062299212598433E+01       62   2.3830468750000002E+00   0.0000000000000000E+00
      84   7.2062299212598433E+01       63   2.4220312500000003E+00   0.0000000000000000E+00
      84   7.2062299212598433E+01       64   2.4610156249999999E+00   0.0000000000000000E+00
 
      85   7.2930519685039371E+01        1   5.0000000000000001E-03   0.0000000000000000E+00
      85   7.2930519685039371E+01        2   4.3984374999999999E-02   0.0000000000000000E+00
      85   7.2930519685039371E+01        3   8.2968750000000008E-02   0.0000000000000000E+00
      85   7.2930519685039371E+01        4   1.2195312500000001E-01   0.0000000000000000E+00
      85   7.2930519685039371E+01        5   1.6093750000000001E-01   0.0000000000000000E+00
      85   7.2930519685039371E+01        6   1.9992187500000000E-01   0.0000000000000000E+00
      85   7.2930519685039371E+01        7   2.3890625000000001E-01   0.0000000000000000E+00
      85   7.2930519685039371E+01        8   2.7789062500000000E-01   0.0000000000000000E+00
      85   7.2930519685039371E+01        9   3.1687500000000002E-01   0.0000000000000000E+00
      85   7.2930519685039371E+01       10   3.5585937500000003E-01   0.0000000000000000E+00
      85   7.2930519685039371E+01       11   3.9484374999999999E-01   0.0000000000000000E+00
      85   7.2930519685039371E+01       12   4.3382812500000001E-01   0.0000000000000000E+00
      85   7.2930519685039371E+01       13   4.7281250000000002E-01   0.0000000000000000E+00
      85   7.2930519685039371E+01       14   5.1179687500000004E-01   0.0000000000000000E+00
      85   7.2930519685039371E+01       15   5.5078125000000000E-01   0.0000000000000000E+00
      85   7.2930519685039371E+01       16   5.8976562500000007E-01   0.0000000000000000E+00
      85   7.2930519685039371E+01       17   6.2875000000000003E-01   0.0000000000000000E+00
      85   7.2930519685039371E+01       18   6.6773437499999999E-01   0.0000000000000000E+00
      85   7.2930519685039371E+01       19   7.0671875000000006E-01   0.0000000000000000E+00
      85   7.2930519685039371E+01       20   7.4570312500000002E-01   0.0000000000000000E+00
      85   7.2930519685039371E+01       21   7.8468749999999998E-01   0.0000000000000000E+00
      85   7.2930519685039371E+01       22   8.2367187500000005E-01   0.0000000000000000E+00
      85   7.2930519685039371E+01       23   8.6265625000000001E-01   0.0000000000000000E+00
      85   7.2930519685039371E+01       24   9.0164062500000008E-01   0.0000000000000000E+00
      85   7.2930519685039371E+01       25   9.4062500000000004E-01   0.0000000000000000E+00
      85   7.2930519685039371E+01       26   9.7960937500000000E-01   0.0000000000000000E+00
      85   7.2930519685039371E+01       27   1.0185937500000000E+00   0.0000000000000000E+00
      85   7.2930519685039371E+01       28   1.0575781250000000E+00   0.0000000000000000E+00
      85   7.2930519685039371E+01       29   1.0965625000000001E+00   0.0000000000000000E+00
      85   7.2930519685039371E+01       30   1.1355468750000000E+00   0.0000000000000000E+00
      85   7.2930519685039371E+01       31   1.1745312500000000E+00   0.0000000000000000E+00
      85   7.2930519685039371E+01       32   1.2135156250000001E+00   0.0000000000000000E+00
      85   7.2930519685039371E+01       33   1.2524999999999999E+00   0.0000000000000000E+00
      85   7.2930519685039371E+01       34   1.2914843750000000E+00   0.0000000000000000E+00
      85   7.2930519685039371E+01       35   1.3304687500000001E+00   0.0000000000000000E+00
      85   7.2930519685039371E+01       36   1.3694531250000002E+00   0.0000000000000000E+00
      85   7.2930519685039371E+01       37   1.4084375000000000E+00   0.0000000000000000E+00
      85   7.2930519685039371E+01       38   1.4474218750000001E+00   0.0000000000000000E+00
      85   7.2930519685039371E+01       39   1.4864062500000002E+00   0.0000000000000000E+00
      85   7.2930519685039371E+01       40   1.5253906250000000E+00   0.0000000000000000E+00
      85   7.2930519685039371E+01       41   1.5643750000000001E+00   0.0000000000000000E+00
      85   7.2930519685039371E+01       42   1.6033593750000001E+00   0.0000000000000000E+00
      85   7.2930519685039371E+01       43   1.6423437500000000E+00   0.0000000000000000E+00
      85   7.2930519685039371E+01       44   1.6813281250000001E+00   0.0000000000000000E+00
      85   7.2930519685039371E+01       45   1.7203125000000001E+00   0.0000000000000000E+00
      85   7.2930519685039371E+01       46   1.7592968750000000E+00   0.0000000000000000E+00
      85   7.2930519685039371E+01       47   1.7982812500000001E+00   0.0000000000000000E+00
      85   7.2930519685039371E+01       48   1.8372656250000001E+00   0.0000000000000000E+00
      85   7.2930519685039371E+01       49   1.8762500000000000E+00   0.0000000000000000E+00
      85   7.2930519685039371E+01       50   1.9152343750000000E+00   0.0000000000000000E+00
      85   7.2930519685039371E+01       51   1.9542187500000001E+00   0.0000000000000000E+00
      85   7.2930519685039371E+01       52   1.9932031250000002E+00   0.0000000000000000E+00
      85   7.2930519685039371E+01       53   2.0321875000000000E+00   0.0000000000000000E+00
      85   7.2930519685039371E+01       54   2.0711718750000001E+00   0.0000000000000000E+00
      85   7.2930519685039371E+01       55   2.1101562500000002E+00   0.0000000000000000E+00
      85   7.2930519685039371E+01       56   2.1491406250000002E+00   0.0000000000000000E+00
      85   7.2930519685039371E+01       57   2.1881249999999999E+00   0.0000000000000000E+00
      85   7.2930519685039371E+01       58   2.2271093749999999E+00   0.0000000000000000E+00
      85   7.2930519685039371E+01       59   2.2660937500000000E+00   0.0000000000000000E+00
      85   7.2930519685039371E+01       60   2.3050781250000001E+00   0.0000000000000000E+00
      85   7.2930519685039371E+01       61   2.3440625000000002E+00   0.0000000000000000E+00
      85   7.2930519685039371E+01       62   2.3830468750000002E+00   0.0000000000000000E+00
      85   7.2930519685039371E+01       63   2.4220312500000003E+00   0.0000000000000000E+00
      85   7.2930519685039371E+01       64   2.4610156249999999E+00   0.0000000000000000E+00
 
      86   7.3798740157480324E+01        1   5.0000000000000001E-03   0.0000000000000000E+00
      86   7.3798740157480324E+01        2   4.3984374999999999E-02   0.0000000000000000E+00
      86   7.3798740157480324E+01        3   8.2968750000000008E-02   0.0000000000000000E+00
      86   7.3798740157480324E+01        4   1.2195312500000001E-01   0.0000000000000000E+00
      86   7.3798740157480324E+01        5   1.6093750000000001E-01   0.0000000000000000E+00
      86   7.3798740157480324E+01        6   1.9992187500000000E-01   0.0000000000000000E+00
      86   7.3798740157480324E+01        7   2.3890625000000001E-01   0.0000000000000000E+00
      86   7.3798740157480324E+01        8   2.7789062500000000E-01   0.0000000000000000E+00
      86   7.3798740157480324E+01        9   3.1687500000000002E-01   0.0000000000000000E+00
      86   7.3798740157480324E+01       10   3.5585937500000003E-01   0.0000000000000000E+00
      86   7.3798740157480324E+01       11   3.9484374999999999E-01   0.0000000000000000E+00
      86   7.3798740157480324E+01       12   4.3382812500000001E-01   0.0000000000000000E+00
      86   7.3798740157480324E+01       13   4.7281250000000002E-01   0.0000000000000000E+00
      86   7.3798740157480324E+01       14   5.1179687500000004E-01   0.0000000000000000E+00
      86   7.3798740157480324E+01       15   5.5078125000000000E-01   0.0000000000000000E+00
      86   7.3798740157480324E+01       16   5.8976562500000007E-01   0.0000000000000000E+00
      86   7.3798740157480324E+01       17   6.2875000000000003E-01   0.0000000000000000E+00
      86   7.3798740157480324E+01       18   6.6773437499999999E-01   0.0000000000000000E+00
      86   7.3798740157480324E+01       19   7.0671875000000006E-01   0.0000000000000000E+00
      86   7.3798740157480324E+01       20   7.4570312500000002E-01   0.0000000000000000E+00
      86   7.3798740157480324E+01       21   7.8468749999999998E-01   0.0000000000000000E+00
      86   7.3798740157480324E+01       22   8.2367187500000005E-01   0.0000000000000000E+00
      86   7.3798740157480324E+01       23   8.6265625000000001E-01   0.0000000000000000E+00
      86   7.3798740157480324E+01       24   9.0164062500000008E-01   0.0000000000000000E+00
      86   7.3798740157480324E+01       25   9.4062500000000004E-01   0.0000000000000000E+00
      86   7.3798740157480324E+01       26   9.7960937500000000E-01   0.0000000000000000E+00
      86   7.3798740157480324E+01       27   1.0185937500000000E+00   0.0000000000000000E+00
      86   7.3798740157480324E+01       28   1.0575781250000000E+00   0.0000000000000000E+00
      86   7.3798740157480324E+01       29   1.0965625000000001E+00   0.0000000000000000E+00
      86   7.3798740157480324E+01       30   1.1355468750000000E+00   0.0000000000000000E+00
      86   7.3798740157480324E+01       31   1.1745312500000000E+00   0.0000000000000000E+00
      86   7.3798740157480324E+01       32   1.2135156250000001E+00   0.0000000000000000E+00
      86   7.3798740157480324E+01       33   1.2524999999999999E+00   0.0000000000000000E+00
      86   7.3798740157480324E+01       34   1.2914843750000000E+00   0.0000000000000000E+00
      86   7.3798740157480324E+01       35   1.3304687500000001E+00   0.0000000000000000E+00
      86   7.3798740157480324E+01       36   1.3694531250000002E+00   0.0000000000000000E+00
      86   7.3798740157480324E+01       37   1.4084375000000000E+00   0.0000000000000000E+00
      86   7.3798740157480324E+01       38   1.4474218750000001E+00   0.0000000000000000E+00
      86   7.3798740157480324E+01       39   1.4864062500000002E+00   0.0000000000000000E+00
      86   7.3798740157480324E+01       40   1.5253906250000000E+00   0.0000000000000000E+00
      86   7.3798740157480324E+01       41   1.5643750000000001E+00   0.0000000000000000E+00
      86   7.3798740157480324E+01       42   1.6033593750000001E+00   0.0000000000000000E+00
      86   7.3798740157480324E+01       43   1.6423437500000000E+00   0.0000000000000000E+00
      86   7.3798740157480324E+01       44   1.6813281250000001E+00   0.0000000000000000E+00
      86   7.3798740157480324E+01       45   1.7203125000000001E+00   0.0000000000000000E+00
      86   7.3798740157480324E+01       46   1.7592968750000000E+00   0.0000000000000000E+00
      86   7.3798740157480324E+01       47   1.7982812500000001E+00   0.0000000000000000E+00
      86   7.3798740157480324E+01       48   1.8372656250000001E+00   0.0000000000000000E+00
      86   7.3798740157480324E+01       49   1.8762500000000000E+00   0.0000000000000000E+00
      86   7.3798740157480324E+01       50   1.9152343750000000E+00   0.0000000000000000E+00
      86   7.3798740157480324E+01       51   1.9542187500000001E+00   0.0000000000000000E+00
      86   7.3798740157480324E+01       52   1.9932031250000002E+00   0.0000000000000000E+00
      86   7.3798740157480324E+01       53   2.0321875000000000E+00   0.0000000000000000E+00
      86   7.3798740157480324E+01       54   2.0711718750000001E+00   0.0000000000000000E+00
      86   7.3798740157480324E+01       55   2.1101562500000002E+00   0.0000000000000000E+00
      86   7.3798740157480324E+01       56   2.1491406250000002E+00   0.0000000000000000E+00
      86   7.3798740157480324E+01       57   2.1881249999999999E+00   0.0000000000000000E+00
      86   7.3798740157480324E+01       58   2.2271093749999999E+00   0.0000000000000000E+00
      86   7.3798740157480324E+01       59   2.2660937500000000E+00   0.0000000000000000E+00
      86   7.3798740157480324E+01       60   2.3050781250000001E+00   0.0000000000000000E+00
      86   7.3798740157480324E+01       61   2.3440625000000002E+00   0.0000000000000000E+00
      86   7.3798740157480324E+01       62   2.3830468750000002E+00   0.0000000000000000E+00
      86   7.3798740157480324E+01       63   2.4220312500000003E+00   0.0000000000000000E+00
      86   7.3798740157480324E+01       64   2.4610156249999999E+00   0.0000000000000000E+00
 
      87   7.4666960629921263E+01        1   5.0000000000000001E-03   0.0000000000000000E+00
      87   7.4666960629921263E+01        2   4.3984374999999999E-02   0.0000000000000000E+00
      87   7.4666960629921263E+01        3   8.2968750000000008E-02   0.0000000000000000E+00
      87   7.4666960629921263E+01        4   1.2195312500000001E-01   0.0000000000000000E+00
      87   7.4666960629921263E+01        5   1.6093750000000001E-01   0.0000000000000000E+00
      87   7.4666960629921263E+01        6   1.9992187500000000E-01   0.0000000000000000E+00
      87   7.4666960629921263E+01        7   2.3890625000000001E-01   0.0000000000000000E+00
      87   7.4666960629921263E+01        8   2.7789062500000000E-01   0.0000000000000000E+00
      87   7.4666960629921263E+01        9   3.1687500000000002E-01   0.0000000000000000E+00
      87   7.4666960629921263E+01       10   3.5585937500000003E-01   0.0000000000000000E+00
      87   7.4666960629921263E+01       11   3.9484374999999999E-01   0.0000000000000000E+00
      87   7.4666960629921263E+01       12   4.3382812500000001E-01   0.0000000000000000E+00
      87   7.4666960629921263E+01       13   4.7281250000000002E-01   0.0000000000000000E+00
      87   7.4666960629921263E+01       14   5.1179687500000004E-01   0.0000000000000000E+00
      87   7.4666960629921263E+01       15   5.5078125000000000E-01   0.0000000000000000E+00
      87   7.4666960629921263E+01       16   5.8976562500000007E-01   0.0000000000000000E+00
      87   7.4666960629921263E+01       17   6.2875000000000003E-01   0.0000000000000000E+00
      87   7.4666960629921263E+01       18   6.6773437499999999E-01   0.0000000000000000E+00
      87   7.4666960629921263E+01       19   7.0671875000000006E-01   0.0000000000000000E+00
      87   7.4666960629921263E+01       20   7.4570312500000002E-01   0.0000000000000000E+00
      87   7.4666960629921263E+01       21   7.8468749999999998E-01   0.0000000000000000E+00
      87   7.4666960629921263E+01       22   8.2367187500000005E-01   0.0000000000000000E+00
      87   7.4666960629921263E+01       23   8.6265625000000001E-01   0.0000000000000000E+00
      87   7.4666960629921263E+01       24   9.0164062500000008E-01   0.0000000000000000E+00
      87   7.4666960629921263E+01       25   9.4062500000000004E-01   0.0000000000000000E+00
      87   7.4666960629921263E+01       26   9.7960937500000000E-01   0.0000000000000000E+00
      87   7.4666960629921263E+01       27   1.0185937500000000E+00   0.0000000000000000E+00
      87   7.4666960629921263E+01       28   1.0575781250000000E+00   0.0000000000000000E+00
      87   7.4666960629921263E+01       29   1.0965625000000001E+00   0.0000000000000000E+00
      87   7.4666960629921263E+01       30   1.1355468750000000E+00   0.0000000000000000E+00
      87   7.4666960629921263E+01       31   1.1745312500000000E+00   0.0000000000000000E+00
      87   7.4666960629921263E+01       32   1.2135156250000001E+00   0.0000000000000000E+00
      87   7.4666960629921263E+01       33   1.2524999999999999E+00   0.0000000000000000E+00
      87   7.4666960629921263E+01       34   1.2914843750000000E+00   0.0000000000000000E+00
      87   7.4666960629921263E+01       35   1.3304687500000001E+00   0.0000000000000000E+00
      87   7.4666960629921263E+01       36   1.3694531250000002E+00   0.0000000000000000E+00
      87   7.4666960629921263E+01       37   1.4084375000000000E+00   0.0000000000000000E+00
      87   7.4666960629921263E+01       38   1.4474218750000001E+00   0.0000000000000000E+00
      87   7.4666960629921263E+01       39   1.4864062500000002E+00   0.0000000000000000E+00
      87   7.4666960629921263E+01       40   1.5253906250000000E+00   0.0000000000000000E+00
      87   7.4666960629921263E+01       41   1.5643750000000001E+00   0.0000000000000000E+00
      87   7.4666960629921263E+01       42   1.6033593750000001E+00   0.0000000000000000E+00
      87   7.4666960629921263E+01       43   1.6423437500000000E+00   0.0000000000000000E+00
      87   7.4666960629921263E+01       44   1.6813281250000001E+00   0.0000000000000000E+00
      87   7.4666960629921263E+01       45   1.7203125000000001E+00   0.0000000000000000E+00
      87   7.4666960629921263E+01       46   1.7592968750000000E+00   0.0000000000000000E+00
      87   7.4666960629921263E+01       47   1.7982812500000001E+00   0.0000000000000000E+00
      87   7.4666960629921263E+01       48   1.8372656250000001E+00   0.0000000000000000E+00
      87   7.4666960629921263E+01       49   1.8762500000000000E+00   0.0000000000000000E+00
      87   7.4666960629921263E+01       50   1.9152343750000000E+00   0.0000000000000000E+00
      87   7.4666960629921263E+01       51   1.9542187500000001E+00   0.0000000000000000E+00
      87   7.4666960629921263E+01       52   1.9932031250000002E+00   0.0000000000000000E+00
      87   7.4666960629921263E+01       53   2.0321875000000000E+00   0.0000000000000000E+00
      87   7.4666960629921263E+01       54   2.0711718750000001E+00   0.0000000000000000E+00
      87   7.4666960629921263E+01       55   2.1101562500000002E+00   0.0000000000000000E+00
      87   7.4666960629921263E+01       56   2.1491406250000002E+00   0.0000000000000000E+00
      87   7.4666960629921263E+01       57   2.1881249999999999E+00   0.0000000000000000E+00
      87   7.4666960629921263E+01       58   2.2271093749999999E+00   0.0000000000000000E+00
      87   7.4666960629921263E+01       59   2.2660937500000000E+00   0.0000000000000000E+00
      87   7.4666960629921263E+01       60   2.3050781250000001E+00   0.0000000000000000E+00
      87   7.4666960629921263E+01       61   2.3440625000000002E+00   0.0000000000000000E+00
      87   7.4666960629921263E+01       62   2.3830468750000002E+00   0.0000000000000000E+00
      87   7.4666960629921263E+01       63   2.4220312500000003E+00   0.0000000000000000E+00
      87   7.4666960629921263E+01       64   2.4610156249999999E+00   0.0000000000000000E+00
 
      88   7.5535181102362202E+01        1   5.0000000000000001E-03   0.0000000000000000E+00
      88   7.5535181102362202E+01        2   4.3984374999999999E-02   0.0000000000000000E+00
      88   7.5535181102362202E+01        3   8.2968750000000008E-02   0.0000000000000000E+00
      88   7.5535181102362202E+01        4   1.2195312500000001E-01   0.0000000000000000E+00
      88   7.5535181102362202E+01        5   1.6093750000000001E-01   0.0000000000000000E+00
      88   7.5535181102362202E+01        6   1.9992187500000000E-01   0.0000000000000000E+00
      88   7.5535181102362202E+01        7   2.3890625000000001E-01   0.0000000000000000E+00
      88   7.5535181102362202E+01        8   2.7789062500000000E-01   0.0000000000000000E+00
      88   7.5535181102362202E+01        9   3.1687500000000002E-01   0.0000000000000000E+00
      88   7.5535181102362202E+01       10   3.5585937500000003E-01   0.0000000000000000E+00
      88   7.5535181102362202E+01       11   3.9484374999999999E-01   0.0000000000000000E+00
      88   7.5535181102362202E+01       12   4.3382812500000001E-01   0.0000000000000000E+00
      88   7.5535181102362202E+01       13   4.7281250000000002E-01   0.0000000000000000E+00
      88   7.5535181102362202E+01       14   5.1179687500000004E-01   0.0000000000000000E+00
      88   7.5535181102362202E+01       15   5.5078125000000000E-01   0.0000000000000000E+00
      88   7.5535181102362202E+01       16   5.8976562500000007E-01   0.0000000000000000E+00
      88   7.5535181102362202E+01       17   6.2875000000000003E-01   0.0000000000000000E+00
      88   7.5535181102362202E+01       18   6.6773437499999999E-01   0.0000000000000000E+00
      88   7.5535181102362202E+01       19   7.0671875000000006E-01   0.0000000000000000E+00
      88   7.5535181102362202E+01       20   7.4570312500000002E-01   0.0000000000000000E+00
      88   7.5535181102362202E+01       21   7.8468749999999998E-01   0.0000000000000000E+00
      88   7.5535181102362202E+01       22   8.2367187500000005E-01   0.0000000000000000E+00
      88   7.5535181102362202E+01       23   8.6265625000000001E-01   0.0000000000000000E+00
      88   7.5535181102362202E+01       24   9.0164062500000008E-01   0.0000000000000000E+00
      88   7.5535181102362202E+01       25   9.4062500000000004E-01   0.0000000000000000E+00
      88   7.5535181102362202E+01       26   9.7960937500000000E-01   0.0000000000000000E+00
      88   7.5535181102362202E+01       27   1.0185937500000000E+00   0.0000000000000000E+00
      88   7.5535181102362202E+01       28   1.0575781250000000E+00   0.0000000000000000E+00
      88   7.5535181102362202E+01       29   1.0965625000000001E+00   0.0000000000000000E+00
      88   7.5535181102362202E+01       30   1.1355468750000000E+00   0.0000000000000000E+00
      88   7.5535181102362202E+01       31   1.1745312500000000E+00   0.0000000000000000E+00
      88   7.5535181102362202E+01       32   1.2135156250000001E+00   0.0000000000000000E+00
      88   7.5535181102362202E+01       33   1.2524999999999999E+00   0.0000000000000000E+00
      88   7.5535181102362202E+01       34   1.2914843750000000E+00   0.0000000000000000E+00
      88   7.5535181102362202E+01       35   1.3304687500000001E+00   0.0000000000000000E+00
      88   7.5535181102362202E+01       36   1.3694531250000002E+00   0.0000000000000000E+00
      88   7.5535181102362202E+01       37   1.4084375000000000E+00   0.0000000000000000E+00
      88   7.5535181102362202E+01       38   1.4474218750000001E+00   0.0000000000000000E+00
      88   7.5535181102362202E+01       39   1.4864062500000002E+00   0.0000000000000000E+00
      88   7.5535181102362202E+01       40   1.5253906250000000E+00   0.0000000000000000E+00
      88   7.5535181102362202E+01       41   1.5643750000000001E+00   0.0000000000000000E+00
      88   7.5535181102362202E+01       42   1.6033593750000001E+00   0.0000000000000000E+00
      88   7.5535181102362202E+01       43   1.6423437500000000E+00   0.0000000000000000E+00
      88   7.5535181102362202E+01       44   1.6813281250000001E+00   0.0000000000000000E+00
      88   7.5535181102362202E+01       45   1.7203125000000001E+00   0.0000000000000000E+00
      88   7.5535181102362202E+01       46   1.7592968750000000E+00   0.0000000000000000E+00
      88   7.5535181102362202E+01       47   1.7982812500000001E+00   0.0000000000000000E+00
      88   7.5535181102362202E+01       48   1.8372656250000001E+00   0.0000000000000000E+00
      88   7.5535181102362202E+01       49   1.8762500000000000E+00   0.0000000000000000E+00
      88   7.5535181102362202E+01       50   1.9152343750000000E+00   0.0000000000000000E+00
      88   7.5535181102362202E+01       51   1.9542187500000001E+00   0.0000000000000000E+00
      88   7.5535181102362202E+01       52   1.9932031250000002E+00   0.0000000000000000E+00
      88   7.5535181102362202E+01       53   2.0321875000000000E+00   0.0000000000000000E+00
      88   7.5535181102362202E+01       54   2.0711718750000001E+00   0.0000000000000000E+00
      88   7.5535181102362202E+01       55   2.1101562500000002E+00   0.0000000000000000E+00
      88   7.5535181102362202E+01       56   2.1491406250000002E+00   0.0000000000000000E+00
      88   7.5535181102362202E+01       57   2.1881249999999999E+00   0.0000000000000000E+00
      88   7.5535181102362202E+01       58   2.2271093749999999E+00   0.0000000000000000E+00
      88   7.5535181102362202E+01       59   2.2660937500000000E+00   0.0000000000000000E+00
      88   7.5535181102362202E+01       60   2.3050781250000001E+00   0.0000000000000000E+00
      88   7.5535181102362202E+01       61   2.3440625000000002E+00   0.0000000000000000E+00
      88   7.5535181102362202E+01       62   2.3830468750000002E+00   0.0000000000000000E+00
      88   7.5535181102362202E+01       63   2.4220312500000003E+00   0.0000000000000000E+00
      88   7.5535181102362202E+01       64   2.4610156249999999E+00   0.0000000000000000E+00
 
      89   7.6403401574803155E+01        1   5.0000000000000001E-03   0.0000000000000000E+00
      89   7.6403401574803155E+01        2   4.3984374999999999E-02   0.0000000000000000E+00
      89   7.6403401574803155E+01        3   8.2968750000000008E-02   0.0000000000000000E+00
      89   7.6403401574803155E+01        4   1.2195312500000001E-01   0.0000000000000000E+00
      89   7.6403401574803155E+01        5   1.6093750000000001E-01   0.0000000000000000E+00
      89   7.6403401574803155E+01        6   1.9992187500000000E-01   0.0000000000000000E+00
      89   7.6403401574803155E+01        7   2.3890625000000001E-01   0.0000000000000000E+00
      89   7.6403401574803155E+01        8   2.7789062500000000E-01   0.0000000000000000E+00
      89   7.6403401574803155E+01        9   3.1687500000000002E-01   0.0000000000000000E+00
      89   7.6403401574803155E+01       10   3.5585937500000003E-01   0.0000000000000000E+00
      89   7.6403401574803155E+01       11   3.9484374999999999E-01   0.0000000000000000E+00
      89   7.6403401574803155E+01       12   4.3382812500000001E-01   0.0000000000000000E+00
      89   7.6403401574803155E+01       13   4.7281250000000002E-01   0.0000000000000000E+00
      89   7.6403401574803155E+01       14   5.1179687500000004E-01   0.0000000000000000E+00
      89   7.6403401574803155E+01       15   5.5078125000000000E-01   0.0000000000000000E+00
      89   7.6403401574803155E+01       16   5.8976562500000007E-01   0.0000000000000000E+00
      89   7.6403401574803155E+01       17   6.2875000000000003E-01   0.0000000000000000E+00
      89   7.6403401574803155E+01       18   6.6773437499999999E-01   0.0000000000000000E+00
      89   7.6403401574803155E+01       19   7.0671875000000006E-01   0.0000000000000000E+00
      89   7.6403401574803155E+01       20   7.4570312500000002E-01   0.0000000000000000E+00
      89   7.6403401574803155E+01       21   7.8468749999999998E-01   0.0000000000000000E+00
      89   7.6403401574803155E+01       22   8.2367187500000005E-01   0.0000000000000000E+00
      89   7.6403401574803155E+01       23   8.6265625000000001E-01   0.0000000000000000E+00
      89   7.6403401574803155E+01       24   9.0164062500000008E-01   0.0000000000000000E+00
      89   7.6403401574803155E+01       25   9.4062500000000004E-01   0.0000000000000000E+00
      89   7.6403401574803155E+01       26   9.7960937500000000E-01   0.0000000000000000E+00
      89   7.6403401574803155E+01       27   1.0185937500000000E+00   0.0000000000000000E+00
      89   7.6403401574803155E+01       28   1.0575781250000000E+00   0.0000000000000000E+00
      89   7.6403401574803155E+01       29   1.0965625000000001E+00   0.0000000000000000E+00
      89   7.6403401574803155E+01       30   1.1355468750000000E+00   0.0000000000000000E+00
      89   7.6403401574803155E+01       31   1.1745312500000000E+00   0.0000000000000000E+00
      89   7.6403401574803155E+01       32   1.2135156250000001E+00   0.0000000000000000E+00
      89   7.6403401574803155E+01       33   1.2524999999999999E+00   0.0000000000000000E+00
      89   7.6403401574803155E+01       34   1.2914843750000000E+00   0.0000000000000000E+00
      89   7.6403401574803155E+01       35   1.3304687500000001E+00   0.0000000000000000E+00
      89   7.6403401574803155E+01       36   1.3694531250000002E+00   0.0000000000000000E+00
      89   7.6403401574803155E+01       37   1.4084375000000000E+00   0.0000000000000000E+00
      89   7.6403401574803155E+01       38   1.4474218750000001E+00   0.0000000000000000E+00
      89   7.6403401574803155E+01       39   1.4864062500000002E+00   0.0000000000000000E+00
      89   7.6403401574803155E+01       40   1.5253906250000000E+00   0.0000000000000000E+00
      89   7.6403401574803155E+01       41   1.5643750000000001E+00   0.0000000000000000E+00
      89   7.6403401574803155E+01       42   1.6033593750000001E+00   0.0000000000000000E+00
      89   7.6403401574803155E+01       43   1.6423437500000000E+00   0.0000000000000000E+00
      89   7.6403401574803155E+01       44   1.6813281250000001E+00   0.0000000000000000E+00
      89   7.6403401574803155E+01       45   1.7203125000000001E+00   0.0000000000000000E+00
      89   7.6403401574803155E+01       46   1.7592968750000000E+00   0.0000000000000000E+00
      89   7.6403401574803155E+01       47   1.7982812500000001E+00   0.0000000000000000E+00
      89   7.6403401574803155E+01       48   1.8372656250000001E+00   0.0000000000000000E+00
      89   7.6403401574803155E+01       49   1.8762500000000000E+00   0.0000000000000000E+00
      89   7.6403401574803155E+01       50   1.9152343750000000E+00   0.0000000000000000E+00
      89   7.6403401574803155E+01       51   1.9542187500000001E+00   0.0000000000000000E+00
      89   7.6403401574803155E+01       52   1.9932031250000002E+00   0.0000000000000000E+00
      89   7.6403401574803155E+01       53   2.0321875000000000E+00   0.0000000000000000E+00
      89   7.6403401574803155E+01       54   2.0711718750000001E+00   0.0000000000000000E+00
      89   7.6403401574803155E+01       55   2.1101562500000002E+00   0.0000000000000000E+00
      89   7.6403401574803155E+01       56   2.1491406250000002E+00   0.0000000000000000E+00
      89   7.6403401574803155E+01       57   2.1881249999999999E+00   0.0000000000000000E+00
      89   7.6403401574803155E+01       58   2.2271093749999999E+00   0.0000000000000000E+00
      89   7.6403401574803155E+01       59   2.2660937500000000E+00   0.0000000000000000E+00
      89   7.6403401574803155E+01       60   2.3050781250000001E+00   0.0000000000000000E+00
      89   7.6403401574803155E+01       61   2.3440625000000002E+00   0.0000000000000000E+00
      89   7.6403401574803155E+01       62   2.3830468750000002E+00   0.0000000000000000E+00
      89   7.6403401574803155E+01       63   2.4220312500000003E+00   0.0000000000000000E+00
      89   7.6403401574803155E+01       64   2.4610156249999999E+00   0.0000000000000000E+00
 
      90   7.7271622047244094E+01        1   5.0000000000000001E-03   0.0000000000000000E+00
      90   7.7271622047244094E+01        2   4.3984374999999999E-02   0.0000000000000000E+00
      90   7.7271622047244094E+01        3   8.2968750000000008E-02   0.0000000000000000E+00
      90   7.7271622047244094E+01        4   1.2195312500000001E-01   0.0000000000000000E+00
      90   7.7271622047244094E+01        5   1.6093750000000001E-01   0.0000000000000000E+00
      90   7.7271622047244094E+01        6   1.9992187500000000E-01   0.0000000000000000E+00
      90   7.7271622047244094E+01        7   2.3890625000000001E-01   0.0000000000000000E+00
      90   7.7271622047244094E+01        8   2.7789062500000000E-01   0.0000000000000000E+00
      90   7.7271622047244094E+01        9   3.1687500000000002E-01   0.0000000000000000E+00
      90   7.7271622047244094E+01       10   3.5585937500000003E-01   0.0000000000000000E+00
      90   7.7271622047244094E+01       11   3.9484374999999999E-01   0.0000000000000000E+00
      90   7.7271622047244094E+01       12   4.3382812500000001E-01   0.0000000000000000E+00
      90   7.7271622047244094E+01       13   4.7281250000000002E-01   0.0000000000000000E+00
      90   7.7271622047244094E+01       14   5.1179687500000004E-01   0.0000000000000000E+00
      90   7.7271622047244094E+01       15   5.5078125000000000E-01   0.0000000000000000E+00
      90   7.7271622047244094E+01       16   5.8976562500000007E-01   0.0000000000000000E+00
      90   7.7271622047244094E+01       17   6.2875000000000003E-01   0.0000000000000000E+00
      90   7.7271622047244094E+01       18   6.6773437499999999E-01   0.0000000000000000E+00
      90   7.7271622047244094E+01       19   7.0671875000000006E-01   0.0000000000000000E+00
      90   7.7271622047244094E+01       20   7.4570312500000002E-01   0.0000000000000000E+00
      90   7.7271622047244094E+01       21   7.8468749999999998E-01   0.0000000000000000E+00
      90   7.7271622047244094E+01       22   8.2367187500000005E-01   0.0000000000000000E+00
      90   7.7271622047244094E+01       23   8.6265625000000001E-01   0.0000000000000000E+00
      90   7.7271622047244094E+01       24   9.0164062500000008E-01   0.0000000000000000E+00
      90   7.7271622047244094E+01       25   9.4062500000000004E-01   0.0000000000000000E+00
      90   7.7271622047244094E+01       26   9.7960937500000000E-01   0.0000000000000000E+00
      90   7.7271622047244094E+01       27   1.0185937500000000E+00   0.0000000000000000E+00
      90   7.7271622047244094E+01       28   1.0575781250000000E+00   0.0000000000000000E+00
      90   7.7271622047244094E+01       29   1.0965625000000001E+00   0.0000000000000000E+00
      90   7.7271622047244094E+01       30   1.1355468750000000E+00   0.0000000000000000E+00
      90   7.7271622047244094E+01       31   1.1745312500000000E+00   0.0000000000000000E+00
      90   7.7271622047244094E+01       32   1.2135156250000001E+00   0.0000000000000000E+00
      90   7.7271622047244094E+01       33   1.2524999999999999E+00   0.0000000000000000E+00
      90   7.7271622047244094E+01       34   1.2914843750000000E+00   0.0000000000000000E+00
      90   7.7271622047244094E+01       35   1.3304687500000001E+00   0.0000000000000000E+00
      90   7.7271622047244094E+01       36   1.3694531250000002E+00   0.0000000000000000E+00
      90   7.7271622047244094E+01       37   1.4084375000000000E+00   0.0000000000000000E+00
      90   7.7271622047244094E+01       38   1.4474218750000001E+00   0.0000000000000000E+00
      90   7.7271622047244094E+01       39   1.4864062500000002E+00   0.0000000000000000E+00
      90   7.7271622047244094E+01       40   1.5253906250000000E+00   0.0000000000000000E+00
      90   7.7271622047244094E+01       41   1.5643750000000001E+00   0.0000000000000000E+00
      90   7.7271622047244094E+01       42   1.6033593750000001E+00   0.0000000000000000E+00
      90   7.7271622047244094E+01       43   1.6423437500000000E+00   0.0000000000000000E+00
      90   7.7271622047244094E+01       44   1.6813281250000001E+00   0.0000000000000000E+00
      90   7.7271622047244094E+01       45   1.7203125000000001E+00   0.0000000000000000E+00
      90   7.7271622047244094E+01       46   1.7592968750000000E+00   0.0000000000000000E+00
      90   7.7271622047244094E+01       47   1.7982812500000001E+00   0.0000000000000000E+00
      90   7.7271622047244094E+01       48   1.8372656250000001E+00   0.0000000000000000E+00
      90   7.7271622047244094E+01       49   1.8762500000000000E+00   0.0000000000000000E+00
      90   7.7271622047244094E+01       50   1.9152343750000000E+00   0.0000000000000000E+00
      90   7.7271622047244094E+01       51   1.9542187500000001E+00   0.0000000000000000E+00
      90   7.7271622047244094E+01       52   1.9932031250000002E+00   0.0000000000000000E+00
      90   7.7271622047244094E+01       53   2.0321875000000000E+00   0.0000000000000000E+00
      90   7.7271622047244094E+01       54   2.0711718750000001E+00   0.0000000000000000E+00
      90   7.7271622047244094E+01       55   2.1101562500000002E+00   0.0000000000000000E+00
      90   7.7271622047244094E+01       56   2.1491406250000002E+00   0.0000000000000000E+00
      90   7.7271622047244094E+01       57   2.1881249999999999E+00   0.0000000000000000E+00
      90   7.7271622047244094E+01       58   2.2271093749999999E+00   0.0000000000000000E+00
      90   7.7271622047244094E+01       59   2.2660937500000000E+00   0.0000000000000000E+00
      90   7.7271622047244094E+01       60   2.3050781250000001E+00   0.0000000000000000E+00
      90   7.7271622047244094E+01       61   2.3440625000000002E+00   0.0000000000000000E+00
      90   7.7271622047244094E+01       62   2.3830468750000002E+00   0.0000000000000000E+00
      90   7.7271622047244094E+01       63   2.4220312500000003E+00   0.0000000000000000E+00
      90   7.7271622047244094E+01       64   2.4610156249999999E+00   0.0000000000000000E+00
 
      91   7.8139842519685047E+01        1   5.0000000000000001E-03   0.0000000000000000E+00
      91   7.8139842519685047E+01        2   4.3984374999999999E-02   0.0000000000000000E+00
      91   7.8139842519685047E+01        3   8.2968750000000008E-02   0.0000000000000000E+00
      91   7.8139842519685047E+01        4   1.2195312500000001E-01   0.0000000000000000E+00
      91   7.8139842519685047E+01        5   1.6093750000000001E-01   0.0000000000000000E+00
      91   7.8139842519685047E+01        6   1.9992187500000000E-01   0.0000000000000000E+00
      91   7.8139842519685047E+01        7   2.3890625000000001E-01   0.0000000000000000E+00
      91   7.8139842519685047E+01        8   2.7789062500000000E-01   0.0000000000000000E+00
      91   7.8139842519685047E+01        9   3.1687500000000002E-01   0.0000000000000000E+00
      91   7.8139842519685047E+01       10   3.5585937500000003E-01   0.0000000000000000E+00
      91   7.8139842519685047E+01       11   3.9484374999999999E-01   0.0000000000000000E+00
      91   7.8139842519685047E+01       12   4.3382812500000001E-01   0.0000000000000000E+00
      91   7.8139842519685047E+01       13   4.7281250000000002E-01   0.0000000000000000E+00
      91   7.8139842519685047E+01       14   5.1179687500000004E-01   0.0000000000000000E+00
      91   7.8139842519685047E+01       15   5.5078125000000000E-01   0.0000000000000000E+00
      91   7.8139842519685047E+01       16   5.8976562500000007E-01   0.0000000000000000E+00
      91   7.8139842519685047E+01       17   6.2875000000000003E-01   0.0000000000000000E+00
      91   7.8139842519685047E+01       18   6.6773437499999999E-01   0.0000000000000000E+00
      91   7.8139842519685047E+01       19   7.0671875000000006E-01   0.0000000000000000E+00
      91   7.8139842519685047E+01       20   7.4570312500000002E-01   0.0000000000000000E+00
      91   7.8139842519685047E+01       21   7.8468749999999998E-01   0.0000000000000000E+00
      91   7.8139842519685047E+01       22   8.2367187500000005E-01   0.0000000000000000E+00
      91   7.8139842519685047E+01       23   8.6265625000000001E-01   0.0000000000000000E+00
      91   7.8139842519685047E+01       24   9.0164062500000008E-01   0.0000000000000000E+00
      91   7.8139842519685047E+01       25   9.4062500000000004E-01   0.0000000000000000E+00
      91   7.8139842519685047E+01       26   9.7960937500000000E-01   0.0000000000000000E+00
      91   7.8139842519685047E+01       27   1.0185937500000000E+00   0.0000000000000000E+00
      91   7.8139842519685047E+01       28   1.0575781250000000E+00   0.0000000000000000E+00
      91   7.8139842519685047E+01       29   1.0965625000000001E+00   0.0000000000000000E+00
      91   7.8139842519685047E+01       30   1.1355468750000000E+00   0.0000000000000000E+00
      91   7.8139842519685047E+01       31   1.1745312500000000E+00   0.0000000000000000E+00
      91   7.8139842519685047E+01       32   1.2135156250000001E+00   0.0000000000000000E+00
      91   7.8139842519685047E+01       33   1.2524999999999999E+00   0.0000000000000000E+00
      91   7.8139842519685047E+01       34   1.2914843750000000E+00   0.0000000000000000E+00
      91   7.8139842519685047E+01       35   1.3304687500000001E+00   0.0000000000000000E+00
      91   7.8139842519685047E+01       36   1.3694531250000002E+00   0.0000000000000000E+00
      91   7.8139842519685047E+01       37   1.4084375000000000E+00   0.0000000000000000E+00
      91   7.8139842519685047E+01       38   1.4474218750000001E+00   0.0000000000000000E+00
      91   7.8139842519685047E+01       39   1.4864062500000002E+00   0.0000000000000000E+00
      91   7.8139842519685047E+01       40   1.5253906250000000E+00   0.0000000000000000E+00
      91   7.8139842519685047E+01       41   1.5643750000000001E+00   0.0000000000000000E+00
      91   7.8139842519685047E+01       42   1.6033593750000001E+00   0.0000000000000000E+00
      91   7.8139842519685047E+01       43   1.6423437500000000E+00   0.0000000000000000E+00
      91   7.8139842519685047E+01       44   1.6813281250000001E+00   0.0000000000000000E+00
      91   7.8139842519685047E+01       45   1.7203125000000001E+00   0.0000000000000000E+00
      91   7.8139842519685047E+01       46   1.7592968750000000E+00   0.0000000000000000E+00
      91   7.8139842519685047E+01       47   1.7982812500000001E+00   0.0000000000000000E+00
      91   7.8139842519685047E+01       48   1.8372656250000001E+00   0.0000000000000000E+00
      91   7.8139842519685047E+01       49   1.8762500000000000E+00   0.0000000000000000E+00
      91   7.8139842519685047E+01       50   1.9152343750000000E+00   0.0000000000000000E+00
      91   7.8139842519685047E+01       51   1.9542187500000001E+00   0.0000000000000000E+00
      91   7.8139842519685047E+01       52   1.9932031250000002E+00   0.0000000000000000E+00
      91   7.8139842519685047E+01       53   2.0321875000000000E+00   0.0000000000000000E+00
      91   7.8139842519685047E+01       54   2.0711718750000001E+00   0.0000000000000000E+00
      91   7.8139842519685047E+01       55   2.1101562500000002E+00   0.0000000000000000E+00
      91   7.8139842519685047E+01       56   2.1491406250000002E+00   0.0000000000000000E+00
      91   7.8139842519685047E+01       57   2.1881249999999999E+00   0.0000000000000000E+00
      91   7.8139842519685047E+01       58   2.2271093749999999E+00   0.0000000000000000E+00
      91   7.8139842519685047E+01       59   2.2660937500000000E+00   0.0000000000000000E+00
      91   7.8139842519685047E+01       60   2.3050781250000001E+00   0.0000000000000000E+00
      91   7.8139842519685047E+01       61   2.3440625000000002E+00   0.0000000000000000E+00
      91   7.8139842519685047E+01       62   2.3830468750000002E+00   0.0000000000000000E+00
      91   7.8139842519685047E+01       63   2.4220312500000003E+00   0.0000000000000000E+00
      91   7.8139842519685047E+01       64   2.4610156249999999E+00   0.0000000000000000E+00
 
      92   7.9008062992125986E+01        1   5.0000000000000001E-03   0.0000000000000000E+00
      92   7.9008062992125986E+01        2   4.3984374999999999E-02   0.0000000000000000E+00
      92   7.9008062992125986E+01        3   8.2968750000000008E-02   0.0000000000000000E+00
      92   7.9008062992125986E+01        4   1.2195312500000001E-01   0.0000000000000000E+00
      92   7.9008062992125986E+01        5   1.6093750000000001E-01   0.0000000000000000E+00
      92   7.9008062992125986E+01        6   1.9992187500000000E-01   0.0000000000000000E+00
      92   7.9008062992125986E+01        7   2.3890625000000001E-01   0.0000000000000000E+00
      92   7.9008062992125986E+01        8   2.7789062500000000E-01   0.0000000000000000E+00
      92   7.9008062992125986E+01        9   3.1687500000000002E-01   0.0000000000000000E+00
      92   7.9008062992125986E+01       10   3.5585937500000003E-01   0.0000000000000000E+00
      92   7.9008062992125986E+01       11   3.9484374999999999E-01   0.0000000000000000E+00
      92   7.9008062992125986E+01       12   4.3382812500000001E-01   0.0000000000000000E+00
      92   7.9008062992125986E+01       13   4.7281250000000002E-01   0.0000000000000000E+00
      92   7.9008062992125986E+01       14   5.1179687500000004E-01   0.0000000000000000E+00
      92   7.9008062992125986E+01       15   5.5078125000000000E-01   0.0000000000000000E+00
      92   7.9008062992125986E+01       16   5.8976562500000007E-01   0.0000000000000000E+00
      92   7.9008062992125986E+01       17   6.2875000000000003E-01   0.0000000000000000E+00
      92   7.9008062992125986E+01       18   6.6773437499999999E-01   0.0000000000000000E+00
      92   7.9008062992125986E+01       19   7.0671875000000006E-01   0.0000000000000000E+00
      92   7.9008062992125986E+01       20   7.4570312500000002E-01   0.0000000000000000E+00
      92   7.9008062992125986E+01       21   7.8468749999999998E-01   0.0000000000000000E+00
      92   7.9008062992125986E+01       22   8.2367187500000005E-01   0.0000000000000000E+00
      92   7.9008062992125986E+01       23   8.6265625000000001E-01   0.0000000000000000E+00
      92   7.9008062992125986E+01       24   9.0164062500000008E-01   0.0000000000000000E+00
      92   7.9008062992125986E+01       25   9.4062500000000004E-01   0.0000000000000000E+00
      92   7.9008062992125986E+01       26   9.7960937500000000E-01   0.0000000000000000E+00
      92   7.9008062992125986E+01       27   1.0185937500000000E+00   0.0000000000000000E+00
      92   7.9008062992125986E+01       28   1.0575781250000000E+00   0.0000000000000000E+00
      92   7.9008062992125986E+01       29   1.0965625000000001E+00   0.0000000000000000E+00
      92   7.9008062992125986E+01       30   1.1355468750000000E+00   0.0000000000000000E+00
      92   7.9008062992125986E+01       31   1.1745312500000000E+00   0.0000000000000000E+00
      92   7.9008062992125986E+01       32   1.2135156250000001E+00   0.0000000000000000E+00
      92   7.9008062992125986E+01       33   1.2524999999999999E+00   0.0000000000000000E+00
      92   7.9008062992125986E+01       34   1.2914843750000000E+00   0.0000000000000000E+00
      92   7.9008062992125986E+01       35   1.3304687500000001E+00   0.0000000000000000E+00
      92   7.9008062992125986E+01       36   1.3694531250000002E+00   0.0000000000000000E+00
      92   7.9008062992125986E+01       37   1.4084375000000000E+00   0.0000000000000000E+00
      92   7.9008062992125986E+01       38   1.4474218750000001E+00   0.0000000000000000E+00
      92   7.9008062992125986E+01       39   1.4864062500000002E+00   0.0000000000000000E+00
      92   7.9008062992125986E+01       40   1.5253906250000000E+00   0.0000000000000000E+00
      92   7.9008062992125986E+01       41   1.5643750000000001E+00   0.0000000000000000E+00
      92   7.9008062992125986E+01       42   1.6033593750000001E+00   0.0000000000000000E+00
      92   7.9008062992125986E+01       43   1.6423437500000000E+00   0.0000000000000000E+00
      92   7.9008062992125986E+01       44   1.6813281250000001E+00   0.0000000000000000E+00
      92   7.9008062992125986E+01       45   1.7203125000000001E+00   0.0000000000000000E+00
      92   7.9008062992125986E+01       46   1.7592968750000000E+00   0.0000000000000000E+00
      92   7.9008062992125986E+01       47   1.7982812500000001E+00   0.0000000000000000E+00
      92   7.9008062992125986E+01       48   1.8372656250000001E+00   0.0000000000000000E+00
      92   7.9008062992125986E+01       49   1.8762500000000000E+00   0.0000000000000000E+00
      92   7.9008062992125986E+01       50   1.9152343750000000E+00   0.0000000000000000E+00
      92   7.9008062992125986E+01       51   1.9542187500000001E+00   0.0000000000000000E+00
      92   7.9008062992125986E+01       52   1.9932031250000002E+00   0.0000000000000000E+00
      92   7.9008062992125986E+01       53   2.0321875000000000E+00   0.0000000000000000E+00
      92   7.9008062992125986E+01       54   2.0711718750000001E+00   0.0000000000000000E+00
      92   7.9008062992125986E+01       55   2.1101562500000002E+00   0.0000000000000000E+00
      92   7.9008062992125986E+01       56   2.1491406250000002E+00   0.0000000000000000E+00
      92   7.9008062992125986E+01       57   2.1881249999999999E+00   0.0000000000000000E+00
      92   7.9008062992125986E+01       58   2.2271093749999999E+00   0.0000000000000000E+00
      92   7.9008062992125986E+01       59   2.2660937500000000E+00   0.0000000000000000E+00
      92   7.9008062992125986E+01       60   2.3050781250000001E+00   0.0000000000000000E+00
      92   7.9008062992125986E+01       61   2.3440625000000002E+00   0.0000000000000000E+00
      92   7.9008062992125986E+01       62   2.3830468750000002E+00   0.0000000000000000E+00
      92   7.9008062992125986E+01       63   2.4220312500000003E+00   0.0000000000000000E+00
      92   7.9008062992125986E+01       64   2.4610156249999999E+00   0.0000000000000000E+00
 
      93   7.9876283464566939E+01        1   5.0000000000000001E-03   0.0000000000000000E+00
      93   7.9876283464566939E+01        2   4.3984374999999999E-02   0.0000000000000000E+00
      93   7.9876283464566939E+01        3   8.2968750000000008E-02   0.0000000000000000E+00
      93   7.9876283464566939E+01        4   1.2195312500000001E-01   0.0000000000000000E+00
      93   7.9876283464566939E+01        5   1.6093750000000001E-01   0.0000000000000000E+00
      93   7.9876283464566939E+01        6   1.9992187500000000E-01   0.0000000000000000E+00
      93   7.9876283464566939E+01        7   2.3890625000000001E-01   0.0000000000000000E+00
      93   7.9876283464566939E+01        8   2.7789062500000000E-01   0.0000000000000000E+00
      93   7.9876283464566939E+01        9   3.1687500000000002E-01   0.0000000000000000E+00
      93   7.9876283464566939E+01       10   3.5585937500000003E-01   0.0000000000000000E+00
      93   7.9876283464566939E+01       11   3.9484374999999999E-01   0.0000000000000000E+00
      93   7.9876283464566939E+01       12   4.3382812500000001E-01   0.0000000000000000E+00
      93   7.9876283464566939E+01       13   4.7281250000000002E-01   0.0000000000000000E+00
      93   7.9876283464566939E+01       14   5.1179687500000004E-01   0.0000000000000000E+00
      93   7.9876283464566939E+01       15   5.5078125000000000E-01   0.0000000000000000E+00
      93   7.9876283464566939E+01       16   5.8976562500000007E-01   0.0000000000000000E+00
      93   7.9876283464566939E+01       17   6.2875000000000003E-01   0.0000000000000000E+00
      93   7.9876283464566939E+01       18   6.6773437499999999E-01   0.0000000000000000E+00
      93   7.9876283464566939E+01       19   7.0671875000000006E-01   0.0000000000000000E+00
      93   7.9876283464566939E+01       20   7.4570312500000002E-01   0.0000000000000000E+00
      93   7.9876283464566939E+01       21   7.8468749999999998E-01   0.0000000000000000E+00
      93   7.9876283464566939E+01       22   8.2367187500000005E-01   0.0000000000000000E+00
      93   7.9876283464566939E+01       23   8.6265625000000001E-01   0.0000000000000000E+00
      93   7.9876283464566939E+01       24   9.0164062500000008E-01   0.0000000000000000E+00
      93   7.9876283464566939E+01       25   9.4062500000000004E-01   0.0000000000000000E+00
      93   7.9876283464566939E+01       26   9.7960937500000000E-01   0.0000000000000000E+00
      93   7.9876283464566939E+01       27   1.0185937500000000E+00   0.0000000000000000E+00
      93   7.9876283464566939E+01       28   1.0575781250000000E+00   0.0000000000000000E+00
      93   7.9876283464566939E+01       29   1.0965625000000001E+00   0.0000000000000000E+00
      93   7.9876283464566939E+01       30   1.1355468750000000E+00   0.0000000000000000E+00
      93   7.9876283464566939E+01       31   1.1745312500000000E+00   0.0000000000000000E+00
      93   7.9876283464566939E+01       32   1.2135156250000001E+00   0.0000000000000000E+00
      93   7.9876283464566939E+01       33   1.2524999999999999E+00   0.0000000000000000E+00
      93   7.9876283464566939E+01       34   1.2914843750000000E+00   0.0000000000000000E+00
      93   7.9876283464566939E+01       35   1.3304687500000001E+00   0.0000000000000000E+00
      93   7.9876283464566939E+01       36   1.3694531250000002E+00   0.0000000000000000E+00
      93   7.9876283464566939E+01       37   1.4084375000000000E+00   0.0000000000000000E+00
      93   7.9876283464566939E+01       38   1.4474218750000001E+00   0.0000000000000000E+00
      93   7.9876283464566939E+01       39   1.4864062500000002E+00   0.0000000000000000E+00
      93   7.9876283464566939E+01       40   1.5253906250000000E+00   0.0000000000000000E+00
      93   7.9876283464566939E+01       41   1.5643750000000001E+00   0.0000000000000000E+00
      93   7.9876283464566939E+01       42   1.6033593750000001E+00   0.0000000000000000E+00
      93   7.9876283464566939E+01       43   1.6423437500000000E+00   0.0000000000000000E+00
      93   7.9876283464566939E+01       44   1.6813281250000001E+00   0.0000000000000000E+00
      93   7.9876283464566939E+01       45   1.7203125000000001E+00   0.0000000000000000E+00
      93   7.9876283464566939E+01       46   1.7592968750000000E+00   0.0000000000000000E+00
      93   7.9876283464566939E+01       47   1.7982812500000001E+00   0.0000000000000000E+00
      93   7.9876283464566939E+01       48   1.8372656250000001E+00   0.0000000000000000E+00
      93   7.9876283464566939E+01       49   1.8762500000000000E+00   0.0000000000000000E+00
      93   7.9876283464566939E+01       50   1.9152343750000000E+00   0.0000000000000000E+00
      93   7.9876283464566939E+01       51   1.9542187500000001E+00   0.0000000000000000E+00
      93   7.9876283464566939E+01       52   1.9932031250000002E+00   0.0000000000000000E+00
      93   7.9876283464566939E+01       53   2.0321875000000000E+00   0.0000000000000000E+00
      93   7.9876283464566939E+01       54   2.0711718750000001E+00   0.0000000000000000E+00
      93   7.9876283464566939E+01       55   2.1101562500000002E+00   0.0000000000000000E+00
      93   7.9876283464566939E+01       56   2.1491406250000002E+00   0.0000000000000000E+00
      93   7.9876283464566939E+01       57   2.1881249999999999E+00   0.0000000000000000E+00
      93   7.9876283464566939E+01       58   2.2271093749999999E+00   0.0000000000000000E+00
      93   7.9876283464566939E+01       59   2.2660937500000000E+00   0.0000000000000000E+00
      93   7.9876283464566939E+01       60   2.3050781250000001E+00   0.0000000000000000E+00
      93   7.9876283464566939E+01       61   2.3440625000000002E+00   0.0000000000000000E+00
      93   7.9876283464566939E+01       62   2.3830468750000002E+00   0.0000000000000000E+00
      93   7.9876283464566939E+01       63   2.4220312500000003E+00   0.0000000000000000E+00
      93   7.9876283464566939E+01       64   2.4610156249999999E+00   0.0000000000000000E+00
 
      94   8.0744503937007877E+01        1   5.0000000000000001E-03   0.0000000000000000E+00
      94   8.0744503937007877E+01        2   4.3984374999999999E-02   0.0000000000000000E+00
      94   8.0744503937007877E+01        3   8.2968750000000008E-02   0.0000000000000000E+00
      94   8.0744503937007877E+01        4   1.2195312500000001E-01   0.0000000000000000E+00
      94   8.0744503937007877E+01        5   1.6093750000000001E-01   0.0000000000000000E+00
      94   8.0744503937007877E+01        6   1.9992187500000000E-01   0.0000000000000000E+00
      94   8.0744503937007877E+01        7   2.3890625000000001E-01   0.0000000000000000E+00
      94   8.0744503937007877E+01        8   2.7789062500000000E-01   0.0000000000000000E+00
      94   8.0744503937007877E+01        9   3.1687500000000002E-01   0.0000000000000000E+00
      94   8.0744503937007877E+01       10   3.5585937500000003E-01   0.0000000000000000E+00
      94   8.0744503937007877E+01       11   3.9484374999999999E-01   0.0000000000000000E+00
      94   8.0744503937007877E+01       12   4.3382812500000001E-01   0.0000000000000000E+00
      94   8.0744503937007877E+01       13   4.7281250000000002E-01   0.0000000000000000E+00
      94   8.0744503937007877E+01       14   5.1179687500000004E-01   0.0000000000000000E+00
      94   8.0744503937007877E+01       15   5.5078125000000000E-01   0.0000000000000000E+00
      94   8.0744503937007877E+01       16   5.8976562500000007E-01   0.0000000000000000E+00
      94   8.0744503937007877E+01       17   6.2875000000000003E-01   0.0000000000000000E+00
      94   8.0744503937007877E+01       18   6.6773437499999999E-01   0.0000000000000000E+00
      94   8.0744503937007877E+01       19   7.0671875000000006E-01   0.0000000000000000E+00
      94   8.0744503937007877E+01       20   7.4570312500000002E-01   0.0000000000000000E+00
      94   8.0744503937007877E+01       21   7.8468749999999998E-01   0.0000000000000000E+00
      94   8.0744503937007877E+01       22   8.2367187500000005E-01   0.0000000000000000E+00
      94   8.0744503937007877E+01       23   8.6265625000000001E-01   0.0000000000000000E+00
      94   8.0744503937007877E+01       24   9.0164062500000008E-01   0.0000000000000000E+00
      94   8.0744503937007877E+01       25   9.4062500000000004E-01   0.0000000000000000E+00
      94   8.0744503937007877E+01       26   9.7960937500000000E-01   0.0000000000000000E+00
      94   8.0744503937007877E+01       27   1.0185937500000000E+00   0.0000000000000000E+00
      94   8.0744503937007877E+01       28   1.0575781250000000E+00   0.0000000000000000E+00
      94   8.0744503937007877E+01       29   1.0965625000000001E+00   0.0000000000000000E+00
      94   8.0744503937007877E+01       30   1.1355468750000000E+00   0.0000000000000000E+00
      94   8.0744503937007877E+01       31   1.1745312500000000E+00   0.0000000000000000E+00
      94   8.0744503937007877E+01       32   1.2135156250000001E+00   0.0000000000000000E+00
      94   8.0744503937007877E+01       33   1.2524999999999999E+00   0.0000000000000000E+00
      94   8.0744503937007877E+01       34   1.2914843750000000E+00   0.0000000000000000E+00
      94   8.0744503937007877E+01       35   1.3304687500000001E+00   0.0000000000000000E+00
      94   8.0744503937007877E+01       36   1.3694531250000002E+00   0.0000000000000000E+00
      94   8.0744503937007877E+01       37   1.4084375000000000E+00   0.0000000000000000E+00
      94   8.0744503937007877E+01       38   1.4474218750000001E+00   0.0000000000000000E+00
      94   8.0744503937007877E+01       39   1.4864062500000002E+00   0.0000000000000000E+00
      94   8.0744503937007877E+01       40   1.5253906250000000E+00   0.0000000000000000E+00
      94   8.0744503937007877E+01       41   1.5643750000000001E+00   0.0000000000000000E+00
      94   8.0744503937007877E+01       42   1.6033593750000001E+00   0.0000000000000000E+00
      94   8.0744503937007877E+01       43   1.6423437500000000E+00   0.0000000000000000E+00
      94   8.0744503937007877E+01       44   1.6813281250000001E+00   0.0000000000000000E+00
      94   8.0744503937007877E+01       45   1.7203125000000001E+00   0.0000000000000000E+00
      94   8.0744503937007877E+01       46   1.7592968750000000E+00   0.0000000000000000E+00
      94   8.0744503937007877E+01       47   1.7982812500000001E+00   0.0000000000000000E+00
      94   8.0744503937007877E+01       48   1.8372656250000001E+00   0.0000000000000000E+00
      94   8.0744503937007877E+01       49   1.8762500000000000E+00   0.0000000000000000E+00
      94   8.0744503937007877E+01       50   1.9152343750000000E+00   0.0000000000000000E+00
      94   8.0744503937007877E+01       51   1.9542187500000001E+00   0.0000000000000000E+00
      94   8.0744503937007877E+01       52   1.9932031250000002E+00   0.0000000000000000E+00
      94   8.0744503937007877E+01       53   2.0321875000000000E+00   0.0000000000000000E+00
      94   8.0744503937007877E+01       54   2.0711718750000001E+00   0.0000000000000000E+00
      94   8.0744503937007877E+01       55   2.1101562500000002E+00   0.0000000000000000E+00
      94   8.0744503937007877E+01       56   2.1491406250000002E+00   0.0000000000000000E+00
      94   8.0744503937007877E+01       57   2.1881249999999999E+00   0.0000000000000000E+00
      94   8.0744503937007877E+01       58   2.2271093749999999E+00   0.0000000000000000E+00
      94   8.0744503937007877E+01       59   2.2660937500000000E+00   0.0000000000000000E+00
      94   8.0744503937007877E+01       60   2.3050781250000001E+00   0.0000000000000000E+00
      94   8.0744503937007877E+01       61   2.3440625000000002E+00   0.0000000000000000E+00
      94   8.0744503937007877E+01       62   2.3830468750000002E+00   0.0000000000000000E+00
      94   8.0744503937007877E+01       63   2.4220312500000003E+00   0.0000000000000000E+00
      94   8.0744503937007877E+01       64   2.4610156249999999E+00   0.0000000000000000E+00
 
      95   8.1612724409448816E+01        1   5.0000000000000001E-03   0.0000000000000000E+00
      95   8.1612724409448816E+01        2   4.3984374999999999E-02   0.0000000000000000E+00
      95   8.1612724409448816E+01        3   8.2968750000000008E-02   0.0000000000000000E+00
      95   8.1612724409448816E+01        4   1.2195312500000001E-01   0.0000000000000000E+00
      95   8.1612724409448816E+01        5   1.6093750000000001E-01   0.0000000000000000E+00
      95   8.1612724409448816E+01        6   1.9992187500000000E-01   0.0000000000000000E+00
      95   8.1612724409448816E+01        7   2.3890625000000001E-01   0.0000000000000000E+00
      95   8.1612724409448816E+01        8   2.7789062500000000E-01   0.0000000000000000E+00
      95   8.1612724409448816E+01        9   3.1687500000000002E-01   0.0000000000000000E+00
      95   8.1612724409448816E+01       10   3.5585937500000003E-01   0.0000000000000000E+00
      95   8.1612724409448816E+01       11   3.9484374999999999E-01   0.0000000000000000E+00
      95   8.1612724409448816E+01       12   4.3382812500000001E-01   0.0000000000000000E+00
      95   8.1612724409448816E+01       13   4.7281250000000002E-01   0.0000000000000000E+00
      95   8.1612724409448816E+01       14   5.1179687500000004E-01   0.0000000000000000E+00
      95   8.1612724409448816E+01       15   5.5078125000000000E-01   0.0000000000000000E+00
      95   8.1612724409448816E+01       16   5.8976562500000007E-01   0.0000000000000000E+00
      95   8.1612724409448816E+01       17   6.2875000000000003E-01   0.0000000000000000E+00
      95   8.1612724409448816E+01       18   6.6773437499999999E-01   0.0000000000000000E+00
      95   8.1612724409448816E+01       19   7.0671875000000006E-01   0.0000000000000000E+00
      95   8.1612724409448816E+01       20   7.4570312500000002E-01   0.0000000000000000E+00
      95   8.1612724409448816E+01       21   7.8468749999999998E-01   0.0000000000000000E+00
      95   8.1612724409448816E+01       22   8.2367187500000005E-01   0.0000000000000000E+00
      95   8.1612724409448816E+01       23   8.6265625000000001E-01   0.0000000000000000E+00
      95   8.1612724409448816E+01       24   9.0164062500000008E-01   0.0000000000000000E+00
      95   8.1612724409448816E+01       25   9.4062500000000004E-01   0.0000000000000000E+00
      95   8.1612724409448816E+01       26   9.7960937500000000E-01   0.0000000000000000E+00
      95   8.1612724409448816E+01       27   1.0185937500000000E+00   0.0000000000000000E+00
      95   8.1612724409448816E+01       28   1.0575781250000000E+00   0.0000000000000000E+00
      95   8.1612724409448816E+01       29   1.0965625000000001E+00   0.0000000000000000E+00
      95   8.1612724409448816E+01       30   1.1355468750000000E+00   0.0000000000000000E+00
      95   8.1612724409448816E+01       31   1.1745312500000000E+00   0.0000000000000000E+00
      95   8.1612724409448816E+01       32   1.2135156250000001E+00   0.0000000000000000E+00
      95   8.1612724409448816E+01       33   1.2524999999999999E+00   0.0000000000000000E+00
      95   8.1612724409448816E+01       34   1.2914843750000000E+00   0.0000000000000000E+00
      95   8.1612724409448816E+01       35   1.3304687500000001E+00   0.0000000000000000E+00
      95   8.1612724409448816E+01       36   1.3694531250000002E+00   0.0000000000000000E+00
      95   8.1612724409448816E+01       37   1.4084375000000000E+00   0.0000000000000000E+00
      95   8.1612724409448816E+01       38   1.4474218750000001E+00   0.0000000000000000E+00
      95   8.1612724409448816E+01       39   1.4864062500000002E+00   0.0000000000000000E+00
      95   8.1612724409448816E+01       40   1.5253906250000000E+00   0.0000000000000000E+00
      95   8.1612724409448816E+01       41   1.5643750000000001E+00   0.0000000000000000E+00
      95   8.1612724409448816E+01       42   1.6033593750000001E+00   0.0000000000000000E+00
      95   8.1612724409448816E+01       43   1.6423437500000000E+00   0.0000000000000000E+00
      95   8.1612724409448816E+01       44   1.6813281250000001E+00   0.0000000000000000E+00
      95   8.1612724409448816E+01       45   1.7203125000000001E+00   0.0000000000000000E+00
      95   8.1612724409448816E+01       46   1.7592968750000000E+00   0.0000000000000000E+00
      95   8.1612724409448816E+01       47   1.7982812500000001E+00   0.0000000000000000E+00
      95   8.1612724409448816E+01       48   1.8372656250000001E+00   0.0000000000000000E+00
      95   8.1612724409448816E+01       49   1.8762500000000000E+00   0.0000000000000000E+00
      95   8.1612724409448816E+01       50   1.9152343750000000E+00   0.0000000000000000E+00
      95   8.1612724409448816E+01       51   1.9542187500000001E+00   0.0000000000000000E+00
      95   8.1612724409448816E+01       52   1.9932031250000002E+00   0.0000000000000000E+00
      95   8.1612724409448816E+01       53   2.0321875000000000E+00   0.0000000000000000E+00
      95   8.1612724409448816E+01       54   2.0711718750000001E+00   0.0000000000000000E+00
      95   8.1612724409448816E+01       55   2.1101562500000002E+00   0.0000000000000000E+00
      95   8.1612724409448816E+01       56   2.1491406250000002E+00   0.0000000000000000E+00
      95   8.1612724409448816E+01       57   2.1881249999999999E+00   0.0000000000000000E+00
      95   8.1612724409448816E+01       58   2.2271093749999999E+00   0.0000000000000000E+00
      95   8.1612724409448816E+01       59   2.2660937500000000E+00   0.0000000000000000E+00
      95   8.1612724409448816E+01       60   2.3050781250000001E+00   0.0000000000000000E+00
      95   8.1612724409448816E+01       61   2.3440625000000002E+00   0.0000000000000000E+00
      95   8.1612724409448816E+01       62   2.3830468750000002E+00   0.0000000000000000E+00
      95   8.1612724409448816E+01       63   2.4220312500000003E+00   0.0000000000000000E+00
      95   8.1612724409448816E+01       64   2.4610156249999999E+00   0.0000000000000000E+00
 
      96   8.2480944881889769E+01        1   5.0000000000000001E-03   0.0000000000000000E+00
      96   8.2480944881889769E+01        2   4.3984374999999999E-02   0.0000000000000000E+00
      96   8.2480944881889769E+01        3   8.2968750000000008E-02   0.0000000000000000E+00
      96   8.2480944881889769E+01        4   1.2195312500000001E-01   0.0000000000000000E+00
      96   8.2480944881889769E+01        5   1.6093750000000001E-01   0.0000000000000000E+00
      96   8.2480944881889769E+01        6   1.9992187500000000E-01   0.0000000000000000E+00
      96   8.2480944881889769E+01        7   2.3890625000000001E-01   0.0000000000000000E+00
      96   8.2480944881889769E+01        8   2.7789062500000000E-01   0.0000000000000000E+00
      96   8.2480944881889769E+01        9   3.1687500000000002E-01   0.0000000000000000E+00
      96   8.2480944881889769E+01       10   3.5585937500000003E-01   0.0000000000000000E+00
      96   8.2480944881889769E+01       11   3.9484374999999999E-01   0.0000000000000000E+00
      96   8.2480944881889769E+01       12   4.3382812500000001E-01   0.0000000000000000E+00
      96   8.2480944881889769E+01       13   4.7281250000000002E-01   0.0000000000000000E+00
      96   8.2480944881889769E+01       14   5.1179687500000004E-01   0.0000000000000000E+00
      96   8.2480944881889769E+01       15   5.5078125000000000E-01   0.0000000000000000E+00
      96   8.2480944881889769E+01       16   5.8976562500000007E-01   0.0000000000000000E+00
      96   8.2480944881889769E+01       17   6.2875000000000003E-01   0.0000000000000000E+00
      96   8.2480944881889769E+01       18   6.6773437499999999E-01   0.0000000000000000E+00
      96   8.2480944881889769E+01       19   7.0671875000000006E-01   0.0000000000000000E+00
      96   8.2480944881889769E+01       20   7.4570312500000002E-01   0.0000000000000000E+00
      96   8.2480944881889769E+01       21   7.8468749999999998E-01   0.0000000000000000E+00
      96   8.2480944881889769E+01       22   8.2367187500000005E-01   0.0000000000000000E+00
      96   8.2480944881889769E+01       23   8.6265625000000001E-01   0.0000000000000000E+00
      96   8.2480944881889769E+01       24   9.0164062500000008E-01   0.0000000000000000E+00
      96   8.2480944881889769E+01       25   9.4062500000000004E-01   0.0000000000000000E+00
      96   8.2480944881889769E+01       26   9.7960937500000000E-01   0.0000000000000000E+00
      96   8.2480944881889769E+01       27   1.0185937500000000E+00   0.0000000000000000E+00
      96   8.2480944881889769E+01       28   1.0575781250000000E+00   0.0000000000000000E+00
      96   8.2480944881889769E+01       29   1.0965625000000001E+00   0.0000000000000000E+00
      96   8.2480944881889769E+01       30   1.1355468750000000E+00   0.0000000000000000E+00
      96   8.2480944881889769E+01       31   1.1745312500000000E+00   0.0000000000000000E+00
      96   8.2480944881889769E+01       32   1.2135156250000001E+00   0.0000000000000000E+00
      96   8.2480944881889769E+01       33   1.2524999999999999E+00   0.0000000000000000E+00
      96   8.2480944881889769E+01       34   1.2914843750000000E+00   0.0000000000000000E+00
      96   8.2480944881889769E+01       35   1.3304687500000001E+00   0.0000000000000000E+00
      96   8.2480944881889769E+01       36   1.3694531250000002E+00   0.0000000000000000E+00
      96   8.2480944881889769E+01       37   1.4084375000000000E+00   0.0000000000000000E+00
      96   8.2480944881889769E+01       38   1.4474218750000001E+00   0.0000000000000000E+00
      96   8.2480944881889769E+01       39   1.4864062500000002E+00   0.0000000000000000E+00
      96   8.2480944881889769E+01       40   1.5253906250000000E+00   0.0000000000000000E+00
      96   8.2480944881889769E+01       41   1.5643750000000001E+00   0.0000000000000000E+00
      96   8.2480944881889769E+01       42   1.6033593750000001E+00   0.0000000000000000E+00
      96   8.2480944881889769E+01       43   1.6423437500000000E+00   0.0000000000000000E+00
      96   8.2480944881889769E+01       44   1.6813281250000001E+00   0.0000000000000000E+00
      96   8.2480944881889769E+01       45   1.7203125000000001E+00   0.0000000000000000E+00
      96   8.2480944881889769E+01       46   1.7592968750000000E+00   0.0000000000000000E+00
      96   8.2480944881889769E+01       47   1.7982812500000001E+00   0.0000000000000000E+00
      96   8.2480944881889769E+01       48   1.8372656250000001E+00   0.0000000000000000E+00
      96   8.2480944881889769E+01       49   1.8762500000000000E+00   0.0000000000000000E+00
      96   8.2480944881889769E+01       50   1.9152343750000000E+00   0.0000000000000000E+00
      96   8.2480944881889769E+01       51   1.9542187500000001E+00   0.0000000000000000E+00
      96   8.2480944881889769E+01       52   1.9932031250000002E+00   0.0000000000000000E+00
      96   8.2480944881889769E+01       53   2.0321875000000000E+00   0.0000000000000000E+00
      96   8.2480944881889769E+01       54   2.0711718750000001E+00   0.0000000000000000E+00
      96   8.2480944881889769E+01       55   2.1101562500000002E+00   0.0000000000000000E+00
      96   8.2480944881889769E+01       56   2.1491406250000002E+00   0.0000000000000000E+00
      96   8.2480944881889769E+01       57   2.1881249999999999E+00   0.0000000000000000E+00
      96   8.2480944881889769E+01       58   2.2271093749999999E+00   0.0000000000000000E+00
      96   8.2480944881889769E+01       59   2.2660937500000000E+00   0.0000000000000000E+00
      96   8.2480944881889769E+01       60   2.3050781250000001E+00   0.0000000000000000E+00
      96   8.2480944881889769E+01       61   2.3440625000000002E+00   0.0000000000000000E+00
      96   8.2480944881889769E+01       62   2.3830468750000002E+00   0.0000000000000000E+00
      96   8.2480944881889769E+01       63   2.4220312500000003E+00   0.0000000000000000E+00
      96   8.2480944881889769E+01       64   2.4610156249999999E+00   0.0000000000000000E+00
 
      97   8.3349165354330708E+01        1   5.0000000000000001E-03   0.0000000000000000E+00
      97   8.3349165354330708E+01        2   4.3984374999999999E-02   0.0000000000000000E+00
      97   8.3349165354330708E+01        3   8.2968750000000008E-02   0.0000000000000000E+00
      97   8.3349165354330708E+01        4   1.2195312500000001E-01   0.0000000000000000E+00
      97   8.3349165354330708E+01        5   1.6093750000000001E-01   0.0000000000000000E+00
      97   8.3349165354330708E+01        6   1.9992187500000000E-01   0.0000000000000000E+00
      97   8.3349165354330708E+01        7   2.3890625000000001E-01   0.0000000000000000E+00
      97   8.3349165354330708E+01        8   2.7789062500000000E-01   0.0000000000000000E+00
      97   8.3349165354330708E+01        9   3.1687500000000002E-01   0.0000000000000000E+00
      97   8.3349165354330708E+01       10   3.5585937500000003E-01   0.0000000000000000E+00
      97   8.3349165354330708E+01       11   3.9484374999999999E-01   0.0000000000000000E+00
      97   8.3349165354330708E+01       12   4.3382812500000001E-01   0.0000000000000000E+00
      97   8.3349165354330708E+01       13   4.7281250000000002E-01   0.0000000000000000E+00
      97   8.3349165354330708E+01       14   5.1179687500000004E-01   0.0000000000000000E+00
      97   8.3349165354330708E+01       15   5.5078125000000000E-01   0.0000000000000000E+00
      97   8.3349165354330708E+01       16   5.8976562500000007E-01   0.0000000000000000E+00
      97   8.3349165354330708E+01       17   6.2875000000000003E-01   0.0000000000000000E+00
      97   8.3349165354330708E+01       18   6.6773437499999999E-01   0.0000000000000000E+00
      97   8.3349165354330708E+01       19   7.0671875000000006E-01   0.0000000000000000E+00
      97   8.3349165354330708E+01       20   7.4570312500000002E-01   0.0000000000000000E+00
      97   8.3349165354330708E+01       21   7.8468749999999998E-01   0.0000000000000000E+00
      97   8.3349165354330708E+01       22   8.2367187500000005E-01   0.0000000000000000E+00
      97   8.3349165354330708E+01       23   8.6265625000000001E-01   0.0000000000000000E+00
      97   8.3349165354330708E+01       24   9.0164062500000008E-01   0.0000000000000000E+00
      97   8.3349165354330708E+01       25   9.4062500000000004E-01   0.0000000000000000E+00
      97   8.3349165354330708E+01       26   9.7960937500000000E-01   0.0000000000000000E+00
      97   8.3349165354330708E+01       27   1.0185937500000000E+00   0.0000000000000000E+00
      97   8.3349165354330708E+01       28   1.0575781250000000E+00   0.0000000000000000E+00
      97   8.3349165354330708E+01       29   1.0965625000000001E+00   0.0000000000000000E+00
      97   8.3349165354330708E+01       30   1.1355468750000000E+00   0.0000000000000000E+00
      97   8.3349165354330708E+01       31   1.1745312500000000E+00   0.0000000000000000E+00
      97   8.3349165354330708E+01       32   1.2135156250000001E+00   0.0000000000000000E+00
      97   8.3349165354330708E+01       33   1.2524999999999999E+00   0.0000000000000000E+00
      97   8.3349165354330708E+01       34   1.2914843750000000E+00   0.0000000000000000E+00
      97   8.3349165354330708E+01       35   1.3304687500000001E+00   0.0000000000000000E+00
      97   8.3349165354330708E+01       36   1.3694531250000002E+00   0.0000000000000000E+00
      97   8.3349165354330708E+01       37   1.4084375000000000E+00   0.0000000000000000E+00
      97   8.3349165354330708E+01       38   1.4474218750000001E+00   0.0000000000000000E+00
      97   8.3349165354330708E+01       39   1.4864062500000002E+00   0.0000000000000000E+00
      97   8.3349165354330708E+01       40   1.5253906250000000E+00   0.0000000000000000E+00
      97   8.3349165354330708E+01       41   1.5643750000000001E+00   0.0000000000000000E+00
      97   8.3349165354330708E+01       42   1.6033593750000001E+00   0.0000000000000000E+00
      97   8.3349165354330708E+01       43   1.6423437500000000E+00   0.0000000000000000E+00
      97   8.3349165354330708E+01       44   1.6813281250000001E+00   0.0000000000000000E+00
      97   8.3349165354330708E+01       45   1.7203125000000001E+00   0.0000000000000000E+00
      97   8.3349165354330708E+01       46   1.7592968750000000E+00   0.0000000000000000E+00
      97   8.3349165354330708E+01       47   1.7982812500000001E+00   0.0000000000000000E+00
      97   8.3349165354330708E+01       48   1.8372656250000001E+00   0.0000000000000000E+00
      97   8.3349165354330708E+01       49   1.8762500000000000E+00   0.0000000000000000E+00
      97   8.3349165354330708E+01       50   1.9152343750000000E+00   0.0000000000000000E+00
      97   8.3349165354330708E+01       51   1.9542187500000001E+00   0.0000000000000000E+00
      97   8.3349165354330708E+01       52   1.9932031250000002E+00   0.0000000000000000E+00
      97   8.3349165354330708E+01       53   2.0321875000000000E+00   0.0000000000000000E+00
      97   8.3349165354330708E+01       54   2.0711718750000001E+00   0.0000000000000000E+00
      97   8.3349165354330708E+01       55   2.1101562500000002E+00   0.0000000000000000E+00
      97   8.3349165354330708E+01       56   2.1491406250000002E+00   0.0000000000000000E+00
      97   8.3349165354330708E+01       57   2.1881249999999999E+00   0.0000000000000000E+00
      97   8.3349165354330708E+01       58   2.2271093749999999E+00   0.0000000000000000E+00
      97   8.3349165354330708E+01       59   2.2660937500000000E+00   0.0000000000000000E+00
      97   8.3349165354330708E+01       60   2.3050781250000001E+00   0.0000000000000000E+00
      97   8.3349165354330708E+01       61   2.3440625000000002E+00   0.0000000000000000E+00
      97   8.3349165354330708E+01       62   2.3830468750000002E+00   0.0000000000000000E+00
      97   8.3349165354330708E+01       63   2.4220312500000003E+00   0.0000000000000000E+00
      97   8.3349165354330708E+01       64   2.4610156249999999E+00   0.0000000000000000E+00
 
      98   8.4217385826771661E+01        1   5.0000000000000001E-03   0.0000000000000000E+00
      98   8.4217385826771661E+01        2   4.3984374999999999E-02   0.0000000000000000E+00
      98   8.4217385826771661E+01        3   8.2968750000000008E-02   0.0000000000000000E+00
      98   8.4217385826771661E+01        4   1.2195312500000001E-01   0.0000000000000000E+00
      98   8.4217385826771661E+01        5   1.6093750000000001E-01   0.0000000000000000E+00
      98   8.4217385826771661E+01        6   1.9992187500000000E-01   0.0000000000000000E+00
      98   8.4217385826771661E+01        7   2.3890625000000001E-01   0.0000000000000000E+00
      98   8.4217385826771661E+01        8   2.7789062500000000E-01   0.0000000000000000E+00
      98   8.4217385826771661E+01        9   3.1687500000000002E-01   0.0000000000000000E+00
      98   8.4217385826771661E+01       10   3.5585937500000003E-01   0.0000000000000000E+00
      98   8.4217385826771661E+01       11   3.9484374999999999E-01   0.0000000000000000E+00
      98   8.4217385826771661E+01       12   4.3382812500000001E-01   0.0000000000000000E+00
      98   8.4217385826771661E+01       13   4.7281250000000002E-01   0.0000000000000000E+00
      98   8.4217385826771661E+01       14   5.1179687500000004E-01   0.0000000000000000E+00
      98   8.4217385826771661E+01       15   5.5078125000000000E-01   0.0000000000000000E+00
      98   8.4217385826771661E+01       16   5.8976562500000007E-01   0.0000000000000000E+00
      98   8.4217385826771661E+01       17   6.2875000000000003E-01   0.0000000000000000E+00
      98   8.4217385826771661E+01       18   6.6773437499999999E-01   0.0000000000000000E+00
      98   8.4217385826771661E+01       19   7.0671875000000006E-01   0.0000000000000000E+00
      98   8.4217385826771661E+01       20   7.4570312500000002E-01   0.0000000000000000E+00
      98   8.4217385826771661E+01       21   7.8468749999999998E-01   0.0000000000000000E+00
      98   8.4217385826771661E+01       22   8.2367187500000005E-01   0.0000000000000000E+00
      98   8.4217385826771661E+01       23   8.6265625000000001E-01   0.0000000000000000E+00
      98   8.4217385826771661E+01       24   9.0164062500000008E-01   0.0000000000000000E+00
      98   8.4217385826771661E+01       25   9.4062500000000004E-01   0.0000000000000000E+00
      98   8.4217385826771661E+01       26   9.7960937500000000E-01   0.0000000000000000E+00
      98   8.4217385826771661E+01       27   1.0185937500000000E+00   0.0000000000000000E+00
      98   8.4217385826771661E+01       28   1.0575781250000000E+00   0.0000000000000000E+00
      98   8.4217385826771661E+01       29   1.0965625000000001E+00   0.0000000000000000E+00
      98   8.4217385826771661E+01       30   1.1355468750000000E+00   0.0000000000000000E+00
      98   8.4217385826771661E+01       31   1.1745312500000000E+00   0.0000000000000000E+00
      98   8.4217385826771661E+01       32   1.2135156250000001E+00   0.0000000000000000E+00
      98   8.4217385826771661E+01       33   1.2524999999999999E+00   0.0000000000000000E+00
      98   8.4217385826771661E+01       34   1.2914843750000000E+00   0.0000000000000000E+00
      98   8.4217385826771661E+01       35   1.3304687500000001E+00   0.0000000000000000E+00
      98   8.4217385826771661E+01       36   1.3694531250000002E+00   0.0000000000000000E+00
      98   8.4217385826771661E+01       37   1.4084375000000000E+00   0.0000000000000000E+00
      98   8.4217385826771661E+01       38   1.4474218750000001E+00   0.0000000000000000E+00
      98   8.4217385826771661E+01       39   1.4864062500000002E+00   0.0000000000000000E+00
      98   8.4217385826771661E+01       40   1.5253906250000000E+00   0.0000000000000000E+00
      98   8.4217385826771661E+01       41   1.5643750000000001E+00   0.0000000000000000E+00
      98   8.4217385826771661E+01       42   1.6033593750000001E+00   0.0000000000000000E+00
      98   8.4217385826771661E+01       43   1.6423437500000000E+00   0.0000000000000000E+00
      98   8.4217385826771661E+01       44   1.6813281250000001E+00   0.0000000000000000E+00
      98   8.4217385826771661E+01       45   1.7203125000000001E+00   0.0000000000000000E+00
      98   8.4217385826771661E+01       46   1.7592968750000000E+00   0.0000000000000000E+00
      98   8.4217385826771661E+01       47   1.7982812500000001E+00   0.0000000000000000E+00
      98   8.4217385826771661E+01       48   1.8372656250000001E+00   0.0000000000000000E+00
      98   8.4217385826771661E+01       49   1.8762500000000000E+00   0.0000000000000000E+00
      98   8.4217385826771661E+01       50   1.9152343750000000E+00   0.0000000000000000E+00
      98   8.4217385826771661E+01       51   1.9542187500000001E+00   0.0000000000000000E+00
      98   8.4217385826771661E+01       52   1.9932031250000002E+00   0.0000000000000000E+00
      98   8.4217385826771661E+01       53   2.0321875000000000E+00   0.0000000000000000E+00
      98   8.4217385826771661E+01       54   2.0711718750000001E+00   0.0000000000000000E+00
      98   8.4217385826771661E+01       55   2.1101562500000002E+00   0.0000000000000000E+00
      98   8.4217385826771661E+01       56   2.1491406250000002E+00   0.0000000000000000E+00
      98   8.4217385826771661E+01       57   2.1881249999999999E+00   0.0000000000000000E+00
      98   8.4217385826771661E+01       58   2.2271093749999999E+00   0.0000000000000000E+00
      98   8.4217385826771661E+01       59   2.2660937500000000E+00   0.0000000000000000E+00
      98   8.4217385826771661E+01       60   2.3050781250000001E+00   0.0000000000000000E+00
      98   8.4217385826771661E+01       61   2.3440625000000002E+00   0.0000000000000000E+00
      98   8.4217385826771661E+01       62   2.3830468750000002E+00   0.0000000000000000E+00
      98   8.4217385826771661E+01       63   2.4220312500000003E+00   0.0000000000000000E+00
      98   8.4217385826771661E+01       64   2.4610156249999999E+00   0.0000000000000000E+00
 
      99   8.5085606299212600E+01        1   5.0000000000000001E-03   0.0000000000000000E+00
      99   8.5085606299212600E+01        2   4.3984374999999999E-02   0.0000000000000000E+00
      99   8.5085606299212600E+01        3   8.2968750000000008E-02   0.0000000000000000E+00
      99   8.5085606299212600E+01        4   1.2195312500000001E-01   0.0000000000000000E+00
      99   8.5085606299212600E+01        5   1.6093750000000001E-01   0.0000000000000000E+00
      99   8.5085606299212600E+01        6   1.9992187500000000E-01   0.0000000000000000E+00
      99   8.5085606299212600E+01        7   2.3890625000000001E-01   0.0000000000000000E+00
      99   8.5085606299212600E+01        8   2.7789062500000000E-01   0.0000000000000000E+00
      99   8.5085606299212600E+01        9   3.1687500000000002E-01   0.0000000000000000E+00
      99   8.5085606299212600E+01       10   3.5585937500000003E-01   0.0000000000000000E+00
      99   8.5085606299212600E+01       11   3.9484374999999999E-01   0.0000000000000000E+00
      99   8.5085606299212600E+01       12   4.3382812500000001E-01   0.0000000000000000E+00
      99   8.5085606299212600E+01       13   4.7281250000000002E-01   0.0000000000000000E+00
      99   8.5085606299212600E+01       14   5.1179687500000004E-01   0.0000000000000000E+00
      99   8.5085606299212600E+01       15   5.5078125000000000E-01   0.0000000000000000E+00
      99   8.5085606299212600E+01       16   5.8976562500000007E-01   0.0000000000000000E+00
      99   8.5085606299212600E+01       17   6.2875000000000003E-01   0.0000000000000000E+00
      99   8.5085606299212600E+01       18   6.6773437499999999E-01   0.0000000000000000E+00
      99   8.5085606299212600E+01       19   7.0671875000000006E-01   0.0000000000000000E+00
      99   8.5085606299212600E+01       20   7.4570312500000002E-01   0.0000000000000000E+00
      99   8.5085606299212600E+01       21   7.8468749999999998E-01   0.0000000000000000E+00
      99   8.5085606299212600E+01       22   8.2367187500000005E-01   0.0000000000000000E+00
      99   8.5085606299212600E+01       23   8.6265625000000001E-01   0.0000000000000000E+00
      99   8.5085606299212600E+01       24   9.0164062500000008E-01   0.0000000000000000E+00
      99   8.5085606299212600E+01       25   9.4062500000000004E-01   0.0000000000000000E+00
      99   8.5085606299212600E+01       26   9.7960937500000000E-01   0.0000000000000000E+00
      99   8.5085606299212600E+01       27   1.0185937500000000E+00   0.0000000000000000E+00
      99   8.5085606299212600E+01       28   1.0575781250000000E+00   0.0000000000000000E+00
      99   8.5085606299212600E+01       29   1.0965625000000001E+00   0.0000000000000000E+00
      99   8.5085606299212600E+01       30   1.1355468750000000E+00   0.0000000000000000E+00
      99   8.5085606299212600E+01       31   1.1745312500000000E+00   0.0000000000000000E+00
      99   8.5085606299212600E+01       32   1.2135156250000001E+00   0.0000000000000000E+00
      99   8.5085606299212600E+01       33   1.2524999999999999E+00   0.0000000000000000E+00
      99   8.5085606299212600E+01       34   1.2914843750000000E+00   0.0000000000000000E+00
      99   8.5085606299212600E+01       35   1.3304687500000001E+00   0.0000000000000000E+00
      99   8.5085606299212600E+01       36   1.3694531250000002E+00   0.0000000000000000E+00
      99   8.5085606299212600E+01       37   1.4084375000000000E+00   0.0000000000000000E+00
      99   8.5085606299212600E+01       38   1.4474218750000001E+00   0.0000000000000000E+00
      99   8.5085606299212600E+01       39   1.4864062500000002E+00   0.0000000000000000E+00
      99   8.5085606299212600E+01       40   1.5253906250000000E+00   0.0000000000000000E+00
      99   8.5085606299212600E+01       41   1.5643750000000001E+00   0.0000000000000000E+00
      99   8.5085606299212600E+01       42   1.6033593750000001E+00   0.0000000000000000E+00
      99   8.5085606299212600E+01       43   1.6423437500000000E+00   0.0000000000000000E+00
      99   8.5085606299212600E+01       44   1.6813281250000001E+00   0.0000000000000000E+00
      99   8.5085606299212600E+01       45   1.7203125000000001E+00   0.0000000000000000E+00
      99   8.5085606299212600E+01       46   1.7592968750000000E+00   0.0000000000000000E+00
      99   8.5085606299212600E+01       47   1.7982812500000001E+00   0.0000000000000000E+00
      99   8.5085606299212600E+01       48   1.8372656250000001E+00   0.0000000000000000E+00
      99   8.5085606299212600E+01       49   1.8762500000000000E+00   0.0000000000000000E+00
      99   8.5085606299212600E+01       50   1.9152343750000000E+00   0.0000000000000000E+00
      99   8.5085606299212600E+01       51   1.9542187500000001E+00   0.0000000000000000E+00
      99   8.5085606299212600E+01       52   1.9932031250000002E+00   0.0000000000000000E+00
      99   8.5085606299212600E+01       53   2.0321875000000000E+00   0.0000000000000000E+00
      99   8.5085606299212600E+01       54   2.0711718750000001E+00   0.0000000000000000E+00
      99   8.5085606299212600E+01       55   2.1101562500000002E+00   0.0000000000000000E+00
      99   8.5085606299212600E+01       56   2.1491406250000002E+00   0.0000000000000000E+00
      99   8.5085606299212600E+01       57   2.1881249999999999E+00   0.0000000000000000E+00
      99   8.5085606299212600E+01       58   2.2271093749999999E+00   0.0000000000000000E+00
      99   8.5085606299212600E+01       59   2.2660937500000000E+00   0.0000000000000000E+00
      99   8.5085606299212600E+01       60   2.3050781250000001E+00   0.0000000000000000E+00
      99   8.5085606299212600E+01       61   2.3440625000000002E+00   0.0000000000000000E+00
      99   8.5085606299212600E+01       62   2.3830468750000002E+00   0.0000000000000000E+00
      99   8.5085606299212600E+01       63   2.4220312500000003E+00   0.0000000000000000E+00
      99   8.5085606299212600E+01       64   2.4610156249999999E+00   0.0000000000000000E+00
 
     100   8.5953826771653553E+01        1   5.0000000000000001E-03   0.0000000000000000E+00
     100   8.5953826771653553E+01        2   4.3984374999999999E-02   0.0000000000000000E+00
     100   8.5953826771653553E+01        3   8.2968750000000008E-02   0.0000000000000000E+00
     100   8.5953826771653553E+01        4   1.2195312500000001E-01   0.0000000000000000E+00
     100   8.5953826771653553E+01        5   1.6093750000000001E-01   0.0000000000000000E+00
     100   8.5953826771653553E+01        6   1.9992187500000000E-01   0.0000000000000000E+00
     100   8.5953826771653553E+01        7   2.3890625000000001E-01   0.0000000000000000E+00
     100   8.5953826771653553E+01        8   2.7789062500000000E-01   0.0000000000000000E+00
     100   8.5953826771653553E+01        9   3.1687500000000002E-01   0.0000000000000000E+00
     100   8.5953826771653553E+01       10   3.5585937500000003E-01   0.0000000000000000E+00
     100   8.5953826771653553E+01       11   3.9484374999999999E-01   0.0000000000000000E+00
     100   8.5953826771653553E+01       12   4.3382812500000001E-01   0.0000000000000000E+00
     100   8.5953826771653553E+01       13   4.7281250000000002E-01   0.0000000000000000E+00
     100   8.5953826771653553E+01       14   5.1179687500000004E-01   0.0000000000000000E+00
     100   8.5953826771653553E+01       15   5.5078125000000000E-01   0.0000000000000000E+00
     100   8.5953826771653553E+01       16   5.8976562500000007E-01   0.0000000000000000E+00
     100   8.5953826771653553E+01       17   6.2875000000000003E-01   0.0000000000000000E+00
     100   8.5953826771653553E+01       18   6.6773437499999999E-01   0.0000000000000000E+00
     100   8.5953826771653553E+01       19   7.0671875000000006E-01   0.0000000000000000E+00
     100   8.5953826771653553E+01       20   7.4570312500000002E-01   0.0000000000000000E+00
     100   8.5953826771653553E+01       21   7.8468749999999998E-01   0.0000000000000000E+00
     100   8.5953826771653553E+01       22   8.2367187500000005E-01   0.0000000000000000E+00
     100   8.5953826771653553E+01       23   8.6265625000000001E-01   0.0000000000000000E+00
     100   8.5953826771653553E+01       24   9.0164062500000008E-01   0.0000000000000000E+00
     100   8.5953826771653553E+01       25   9.4062500000000004E-01   0.0000000000000000E+00
     100   8.5953826771653553E+01       26   9.7960937500000000E-01   0.0000000000000000E+00
     100   8.5953826771653553E+01       27   1.0185937500000000E+00   0.0000000000000000E+00
     100   8.5953826771653553E+01       28   1.0575781250000000E+00   0.0000000000000000E+00
     100   8.5953826771653553E+01       29   1.0965625000000001E+00   0.0000000000000000E+00
     100   8.5953826771653553E+01       30   1.1355468750000000E+00   0.0000000000000000E+00
     100   8.5953826771653553E+01       31   1.1745312500000000E+00   0.0000000000000000E+00
     100   8.5953826771653553E+01       32   1.2135156250000001E+00   0.0000000000000000E+00
     100   8.5953826771653553E+01       33   1.2524999999999999E+00   0.0000000000000000E+00
     100   8.5953826771653553E+01       34   1.2914843750000000E+00   0.0000000000000000E+00
     100   8.5953826771653553E+01       35   1.3304687500000001E+00   0.0000000000000000E+00
     100   8.5953826771653553E+01       36   1.3694531250000002E+00   0.0000000000000000E+00
     100   8.5953826771653553E+01       37   1.4084375000000000E+00   0.0000000000000000E+00
     100   8.5953826771653553E+01       38   1.4474218750000001E+00   0.0000000000000000E+00
     100   8.5953826771653553E+01       39   1.4864062500000002E+00   0.0000000000000000E+00
     100   8.5953826771653553E+01       40   1.5253906250000000E+00   0.0000000000000000E+00
     100   8.5953826771653553E+01       41   1.5643750000000001E+00   0.0000000000000000E+00
     100   8.5953826771653553E+01       42   1.6033593750000001E+00   0.0000000000000000E+00
     100   8.5953826771653553E+01       43   1.6423437500000000E+00   0.0000000000000000E+00
     100   8.5953826771653553E+01       44   1.6813281250000001E+00   0.0000000000000000E+00
     100   8.5953826771653553E+01       45   1.7203125000000001E+00   0.0000000000000000E+00
     100   8.5953826771653553E+01       46   1.7592968750000000E+00   0.0000000000000000E+00
     100   8.5953826771653553E+01       47   1.7982812500000001E+00   0.0000000000000000E+00
     100   8.5953826771653553E+01       48   1.8372656250000001E+00   0.0000000000000000E+00
     100   8.5953826771653553E+01       49   1.8762500000000000E+00   0.0000000000000000E+00
     100   8.5953826771653553E+01       50   1.9152343750000000E+00   0.0000000000000000E+00
     100   8.5953826771653553E+01       51   1.9542187500000001E+00   0.0000000000000000E+00
     100   8.5953826771653553E+01       52   1.9932031250000002E+00   0.0000000000000000E+00
     100   8.5953826771653553E+01       53   2.0321875000000000E+00   0.0000000000000000E+00
     100   8.5953826771653553E+01       54   2.0711718750000001E+00   0.0000000000000000E+00
     100   8.5953826771653553E+01       55   2.1101562500000002E+00   0.0000000000000000E+00
     100   8.5953826771653553E+01       56   2.1491406250000002E+00   0.0000000000000000E+00
     100   8.5953826771653553E+01       57   2.1881249999999999E+00   0.0000000000000000E+00
     100   8.5953826771653553E+01       58   2.2271093749999999E+00   0.0000000000000000E+00
     100   8.5953826771653553E+01       59   2.2660937500000000E+00   0.0000000000000000E+00
     100   8.5953826771653553E+01       60   2.3050781250000001E+00   0.0000000000000000E+00
     100   8.5953826771653553E+01       61   2.3440625000000002E+00   0.0000000000000000E+00
     100   8.5953826771653553E+01       62   2.3830468750000002E+00   0.0000000000000000E+00
     100   8.5953826771653553E+01       63   2.4220312500000003E+00   0.0000000000000000E+00
     100   8.5953826771653553E+01       64   2.4610156249999999E+00   0.0000000000000000E+00
 
     101   8.6822047244094492E+01        1   5.0000000000000001E-03   0.0000000000000000E+00
     101   8.6822047244094492E+01        2   4.3984374999999999E-02   0.0000000000000000E+00
     101   8.6822047244094492E+01        3   8.2968750000000008E-02   0.0000000000000000E+00
     101   8.6822047244094492E+01        4   1.2195312500000001E-01   0.0000000000000000E+00
     101   8.6822047244094492E+01        5   1.6093750000000001E-01   0.0000000000000000E+00
     101   8.6822047244094492E+01        6   1.9992187500000000E-01   0.0000000000000000E+00
     101   8.6822047244094492E+01        7   2.3890625000000001E-01   0.0000000000000000E+00
     101   8.6822047244094492E+01        8   2.7789062500000000E-01   0.0000000000000000E+00
     101   8.6822047244094492E+01        9   3.1687500000000002E-01   0.0000000000000000E+00
     101   8.6822047244094492E+01       10   3.5585937500000003E-01   0.0000000000000000E+00
     101   8.6822047244094492E+01       11   3.9484374999999999E-01   0.0000000000000000E+00
     101   8.6822047244094492E+01       12   4.3382812500000001E-01   0.0000000000000000E+00
     101   8.6822047244094492E+01       13   4.7281250000000002E-01   0.0000000000000000E+00
     101   8.6822047244094492E+01       14   5.1179687500000004E-01   0.0000000000000000E+00
     101   8.6822047244094492E+01       15   5.5078125000000000E-01   0.0000000000000000E+00
     101   8.6822047244094492E+01       16   5.8976562500000007E-01   0.0000000000000000E+00
     101   8.6822047244094492E+01       17   6.2875000000000003E-01   0.0000000000000000E+00
     101   8.6822047244094492E+01       18   6.6773437499999999E-01   0.0000000000000000E+00
     101   8.6822047244094492E+01       19   7.0671875000000006E-01   0.0000000000000000E+00
     101   8.6822047244094492E+01       20   7.4570312500000002E-01   0.0000000000000000E+00
     101   8.6822047244094492E+01       21   7.8468749999999998E-01   0.0000000000000000E+00
     101   8.6822047244094492E+01       22   8.2367187500000005E-01   0.0000000000000000E+00
     101   8.6822047244094492E+01       23   8.6265625000000001E-01   0.0000000000000000E+00
     101   8.6822047244094492E+01       24   9.0164062500000008E-01   0.0000000000000000E+00
     101   8.6822047244094492E+01       25   9.4062500000000004E-01   0.0000000000000000E+00
     101   8.6822047244094492E+01       26   9.7960937500000000E-01   0.0000000000000000E+00
     101   8.6822047244094492E+01       27   1.0185937500000000E+00   0.0000000000000000E+00
     101   8.6822047244094492E+01       28   1.0575781250000000E+00   0.0000000000000000E+00
     101   8.6822047244094492E+01       29   1.0965625000000001E+00   0.0000000000000000E+00
     101   8.6822047244094492E+01       30   1.1355468750000000E+00   0.0000000000000000E+00
     101   8.6822047244094492E+01       31   1.1745312500000000E+00   0.0000000000000000E+00
     101   8.6822047244094492E+01       32   1.2135156250000001E+00   0.0000000000000000E+00
     101   8.6822047244094492E+01       33   1.2524999999999999E+00   0.0000000000000000E+00
     101   8.6822047244094492E+01       34   1.2914843750000000E+00   0.0000000000000000E+00
     101   8.6822047244094492E+01       35   1.3304687500000001E+00   0.0000000000000000E+00
     101   8.6822047244094492E+01       36   1.3694531250000002E+00   0.0000000000000000E+00
     101   8.6822047244094492E+01       37   1.4084375000000000E+00   0.0000000000000000E+00
     101   8.6822047244094492E+01       38   1.4474218750000001E+00   0.0000000000000000E+00
     101   8.6822047244094492E+01       39   1.4864062500000002E+00   0.0000000000000000E+00
     101   8.6822047244094492E+01       40   1.5253906250000000E+00   0.0000000000000000E+00
     101   8.6822047244094492E+01       41   1.5643750000000001E+00   0.0000000000000000E+00
     101   8.6822047244094492E+01       42   1.6033593750000001E+00   0.0000000000000000E+00
     101   8.6822047244094492E+01       43   1.6423437500000000E+00   0.0000000000000000E+00
     101   8.6822047244094492E+01       44   1.6813281250000001E+00   0.0000000000000000E+00
     101   8.6822047244094492E+01       45   1.7203125000000001E+00   0.0000000000000000E+00
     101   8.6822047244094492E+01       46   1.7592968750000000E+00   0.0000000000000000E+00
     101   8.6822047244094492E+01       47   1.7982812500000001E+00   0.0000000000000000E+00
     101   8.6822047244094492E+01       48   1.8372656250000001E+00   0.0000000000000000E+00
     101   8.6822047244094492E+01       49   1.8762500000000000E+00   0.0000000000000000E+00
     101   8.6822047244094492E+01       50   1.9152343750000000E+00   0.0000000000000000E+00
     101   8.6822047244094492E+01       51   1.9542187500000001E+00   0.0000000000000000E+00
     101   8.6822047244094492E+01       52   1.9932031250000002E+00   0.0000000000000000E+00
     101   8.6822047244094492E+01       53   2.0321875000000000E+00   0.0000000000000000E+00
     101   8.6822047244094492E+01       54   2.0711718750000001E+00   0.0000000000000000E+00
     101   8.6822047244094492E+01       55   2.1101562500000002E+00   0.0000000000000000E+00
     101   8.6822047244094492E+01       56   2.1491406250000002E+00   0.0000000000000000E+00
     101   8.6822047244094492E+01       57   2.1881249999999999E+00   0.0000000000000000E+00
     101   8.6822047244094492E+01       58   2.2271093749999999E+00   0.0000000000000000E+00
     101   8.6822047244094492E+01       59   2.2660937500000000E+00   0.0000000000000000E+00
     101   8.6822047244094492E+01       60   2.3050781250000001E+00   0.0000000000000000E+00
     101   8.6822047244094492E+01       61   2.3440625000000002E+00   0.0000000000000000E+00
     101   8.6822047244094492E+01       62   2.3830468750000002E+00   0.0000000000000000E+00
     101   8.6822047244094492E+01       63   2.4220312500000003E+00   0.0000000000000000E+00
     101   8.6822047244094492E+01       64   2.4610156249999999E+00   0.0000000000000000E+00
 
     102   8.7690267716535431E+01        1   5.0000000000000001E-03   0.0000000000000000E+00
     102   8.7690267716535431E+01        2   4.3984374999999999E-02   0.0000000000000000E+00
     102   8.7690267716535431E+01        3   8.2968750000000008E-02   0.0000000000000000E+00
     102   8.7690267716535431E+01        4   1.2195312500000001E-01   0.0000000000000000E+00
     102   8.7690267716535431E+01        5   1.6093750000000001E-01   0.0000000000000000E+00
     102   8.7690267716535431E+01        6   1.9992187500000000E-01   0.0000000000000000E+00
     102   8.7690267716535431E+01        7   2.3890625000000001E-01   0.0000000000000000E+00
     102   8.7690267716535431E+01        8   2.7789062500000000E-01   0.0000000000000000E+00
     102   8.7690267716535431E+01        9   3.1687500000000002E-01   0.0000000000000000E+00
     102   8.7690267716535431E+01       10   3.5585937500000003E-01   0.0000000000000000E+00
     102   8.7690267716535431E+01       11   3.9484374999999999E-01   0.0000000000000000E+00
     102   8.7690267716535431E+01       12   4.3382812500000001E-01   0.0000000000000000E+00
     102   8.7690267716535431E+01       13   4.7281250000000002E-01   0.0000000000000000E+00
     102   8.7690267716535431E+01       14   5.1179687500000004E-01   0.0000000000000000E+00
     102   8.7690267716535431E+01       15   5.5078125000000000E-01   0.0000000000000000E+00
     102   8.7690267716535431E+01       16   5.8976562500000007E-01   0.0000000000000000E+00
     102   8.7690267716535431E+01       17   6.2875000000000003E-01   0.0000000000000000E+00
     102   8.7690267716535431E+01       18   6.6773437499999999E-01   0.0000000000000000E+00
     102   8.7690267716535431E+01       19   7.0671875000000006E-01   0.0000000000000000E+00
     102   8.7690267716535431E+01       20   7.4570312500000002E-01   0.0000000000000000E+00
     102   8.7690267716535431E+01       21   7.8468749999999998E-01   0.0000000000000000E+00
     102   8.7690267716535431E+01       22   8.2367187500000005E-01   0.0000000000000000E+00
     102   8.7690267716535431E+01       23   8.6265625000000001E-01   0.0000000000000000E+00
     102   8.7690267716535431E+01       24   9.0164062500000008E-01   0.0000000000000000E+00
     102   8.7690267716535431E+01       25   9.4062500000000004E-01   0.0000000000000000E+00
     102   8.7690267716535431E+01       26   9.7960937500000000E-01   0.0000000000000000E+00
     102   8.7690267716535431E+01       27   1.0185937500000000E+00   0.0000000000000000E+00
     102   8.7690267716535431E+01       28   1.0575781250000000E+00   0.0000000000000000E+00
     102   8.7690267716535431E+01       29   1.0965625000000001E+00   0.0000000000000000E+00
     102   8.7690267716535431E+01       30   1.1355468750000000E+00   0.0000000000000000E+00
     102   8.7690267716535431E+01       31   1.1745312500000000E+00   0.0000000000000000E+00
     102   8.7690267716535431E+01       32   1.2135156250000001E+00   0.0000000000000000E+00
     102   8.7690267716535431E+01       33   1.2524999999999999E+00   0.0000000000000000E+00
     102   8.7690267716535431E+01       34   1.2914843750000000E+00   0.0000000000000000E+00
     102   8.7690267716535431E+01       35   1.3304687500000001E+00   0.0000000000000000E+00
     102   8.7690267716535431E+01       36   1.3694531250000002E+00   0.0000000000000000E+00
     102   8.7690267716535431E+01       37   1.4084375000000000E+00   0.0000000000000000E+00
     102   8.7690267716535431E+01       38   1.4474218750000001E+00   0.0000000000000000E+00
     102   8.7690267716535431E+01       39   1.4864062500000002E+00   0.0000000000000000E+00
     102   8.7690267716535431E+01       40   1.5253906250000000E+00   0.0000000000000000E+00
     102   8.7690267716535431E+01       41   1.5643750000000001E+00   0.0000000000000000E+00
     102   8.7690267716535431E+01       42   1.6033593750000001E+00   0.0000000000000000E+00
     102   8.7690267716535431E+01       43   1.6423437500000000E+00   0.0000000000000000E+00
     102   8.7690267716535431E+01       44   1.6813281250000001E+00   0.0000000000000000E+00
     102   8.7690267716535431E+01       45   1.7203125000000001E+00   0.0000000000000000E+00
     102   8.7690267716535431E+01       46   1.7592968750000000E+00   0.0000000000000000E+00
     102   8.7690267716535431E+01       47   1.7982812500000001E+00   0.0000000000000000E+00
     102   8.7690267716535431E+01       48   1.8372656250000001E+00   0.0000000000000000E+00
     102   8.7690267716535431E+01       49   1.8762500000000000E+00   0.0000000000000000E+00
     102   8.7690267716535431E+01       50   1.9152343750000000E+00   0.0000000000000000E+00
     102   8.7690267716535431E+01       51   1.9542187500000001E+00   0.0000000000000000E+00
     102   8.7690267716535431E+01       52   1.9932031250000002E+00   0.0000000000000000E+00
     102   8.7690267716535431E+01       53   2.0321875000000000E+00   0.0000000000000000E+00
     102   8.7690267716535431E+01       54   2.0711718750000001E+00   0.0000000000000000E+00
     102   8.7690267716535431E+01       55   2.1101562500000002E+00   0.0000000000000000E+00
     102   8.7690267716535431E+01       56   2.1491406250000002E+00   0.0000000000000000E+00
     102   8.7690267716535431E+01       57   2.1881249999999999E+00   0.0000000000000000E+00
     102   8.7690267716535431E+01       58   2.2271093749999999E+00   0.0000000000000000E+00
     102   8.7690267716535431E+01       59   2.2660937500000000E+00   0.0000000000000000E+00
     102   8.7690267716535431E+01       60   2.3050781250000001E+00   0.0000000000000000E+00
     102   8.7690267716535431E+01       61   2.3440625000000002E+00   0.0000000000000000E+00
     102   8.7690267716535431E+01       62   2.3830468750000002E+00   0.0000000000000000E+00
     102   8.7690267716535431E+01       63   2.4220312500000003E+00   0.0000000000000000E+00
     102   8.7690267716535431E+01       64   2.4610156249999999E+00   0.0000000000000000E+00
 
     103   8.8558488188976384E+01        1   5.0000000000000001E-03   0.0000000000000000E+00
     103   8.8558488188976384E+01        2   4.3984374999999999E-02   0.0000000000000000E+00
     103   8.8558488188976384E+01        3   8.2968750000000008E-02   0.0000000000000000E+00
     103   8.8558488188976384E+01        4   1.2195312500000001E-01   0.0000000000000000E+00
     103   8.8558488188976384E+01        5   1.6093750000000001E-01   0.0000000000000000E+00
     103   8.8558488188976384E+01        6   1.9992187500000000E-01   0.0000000000000000E+00
     103   8.8558488188976384E+01        7   2.3890625000000001E-01   0.0000000000000000E+00
     103   8.8558488188976384E+01        8   2.7789062500000000E-01   0.0000000000000000E+00
     103   8.8558488188976384E+01        9   3.1687500000000002E-01   0.0000000000000000E+00
     103   8.8558488188976384E+01       10   3.5585937500000003E-01   0.0000000000000000E+00
     103   8.8558488188976384E+01       11   3.9484374999999999E-01   0.0000000000000000E+00
     103   8.8558488188976384E+01       12   4.3382812500000001E-01   0.0000000000000000E+00
     103   8.8558488188976384E+01       13   4.7281250000000002E-01   0.0000000000000000E+00
     103   8.8558488188976384E+01       14   5.1179687500000004E-01   0.0000000000000000E+00
     103   8.8558488188976384E+01       15   5.5078125000000000E-01   0.0000000000000000E+00
     103   8.8558488188976384E+01       16   5.8976562500000007E-01   0.0000000000000000E+00
     103   8.8558488188976384E+01       17   6.2875000000000003E-01   0.0000000000000000E+00
     103   8.8558488188976384E+01       18   6.6773437499999999E-01   0.0000000000000000E+00
     103   8.8558488188976384E+01       19   7.0671875000000006E-01   0.0000000000000000E+00
     103   8.8558488188976384E+01       20   7.4570312500000002E-01   0.0000000000000000E+00
     103   8.8558488188976384E+01       21   7.8468749999999998E-01   0.0000000000000000E+00
     103   8.8558488188976384E+01       22   8.2367187500000005E-01   0.0000000000000000E+00
     103   8.8558488188976384E+01       23   8.6265625000000001E-01   0.0000000000000000E+00
     103   8.8558488188976384E+01       24   9.0164062500000008E-01   0.0000000000000000E+00
     103   8.8558488188976384E+01       25   9.4062500000000004E-01   0.0000000000000000E+00
     103   8.8558488188976384E+01       26   9.7960937500000000E-01   0.0000000000000000E+00
     103   8.8558488188976384E+01       27   1.0185937500000000E+00   0.0000000000000000E+00
     103   8.8558488188976384E+01       28   1.0575781250000000E+00   0.0000000000000000E+00
     103   8.8558488188976384E+01       29   1.0965625000000001E+00   0.0000000000000000E+00
     103   8.8558488188976384E+01       30   1.1355468750000000E+00   0.0000000000000000E+00
     103   8.8558488188976384E+01       31   1.1745312500000000E+00   0.0000000000000000E+00
     103   8.8558488188976384E+01       32   1.2135156250000001E+00   0.0000000000000000E+00
     103   8.8558488188976384E+01       33   1.2524999999999999E+00   0.0000000000000000E+00
     103   8.8558488188976384E+01       34   1.2914843750000000E+00   0.0000000000000000E+00
     103   8.8558488188976384E+01       35   1.3304687500000001E+00   0.0000000000000000E+00
     103   8.8558488188976384E+01       36   1.3694531250000002E+00   0.0000000000000000E+00
     103   8.8558488188976384E+01       37   1.4084375000000000E+00   0.0000000000000000E+00
     103   8.8558488188976384E+01       38   1.4474218750000001E+00   0.0000000000000000E+00
     103   8.8558488188976384E+01       39   1.4864062500000002E+00   0.0000000000000000E+00
     103   8.8558488188976384E+01       40   1.5253906250000000E+00   0.0000000000000000E+00
     103   8.8558488188976384E+01       41   1.5643750000000001E+00   0.0000000000000000E+00
     103   8.8558488188976384E+01       42   1.6033593750000001E+00   0.0000000000000000E+00
     103   8.8558488188976384E+01       43   1.6423437500000000E+00   0.0000000000000000E+00
     103   8.8558488188976384E+01       44   1.6813281250000001E+00   0.0000000000000000E+00
     103   8.8558488188976384E+01       45   1.7203125000000001E+00   0.0000000000000000E+00
     103   8.8558488188976384E+01       46   1.7592968750000000E+00   0.0000000000000000E+00
     103   8.8558488188976384E+01       47   1.7982812500000001E+00   0.0000000000000000E+00
     103   8.8558488188976384E+01       48   1.8372656250000001E+00   0.0000000000000000E+00
     103   8.8558488188976384E+01       49   1.8762500000000000E+00   0.0000000000000000E+00
     103   8.8558488188976384E+01       50   1.9152343750000000E+00   0.0000000000000000E+00
     103   8.8558488188976384E+01       51   1.9542187500000001E+00   0.0000000000000000E+00
     103   8.8558488188976384E+01       52   1.9932031250000002E+00   0.0000000000000000E+00
     103   8.8558488188976384E+01       53   2.0321875000000000E+00   0.0000000000000000E+00
     103   8.8558488188976384E+01       54   2.0711718750000001E+00   0.0000000000000000E+00
     103   8.8558488188976384E+01       55   2.1101562500000002E+00   0.0000000000000000E+00
     103   8.8558488188976384E+01       56   2.1491406250000002E+00   0.0000000000000000E+00
     103   8.8558488188976384E+01       57   2.1881249999999999E+00   0.0000000000000000E+00
     103   8.8558488188976384E+01       58   2.2271093749999999E+00   0.0000000000000000E+00
     103   8.8558488188976384E+01       59   2.2660937500000000E+00   0.0000000000000000E+00
     103   8.8558488188976384E+01       60   2.3050781250000001E+00   0.0000000000000000E+00
     103   8.8558488188976384E+01       61   2.3440625000000002E+00   0.0000000000000000E+00
     103   8.8558488188976384E+01       62   2.3830468750000002E+00   0.0000000000000000E+00
     103   8.8558488188976384E+01       63   2.4220312500000003E+00   0.0000000000000000E+00
     103   8.8558488188976384E+01       64   2.4610156249999999E+00   0.0000000000000000E+00
 
     104   8.9426708661417322E+01        1   5.0000000000000001E-03   0.0000000000000000E+00
     104   8.9426708661417322E+01        2   4.3984374999999999E-02   0.0000000000000000E+00
     104   8.9426708661417322E+01        3   8.2968750000000008E-02   0.0000000000000000E+00
     104   8.9426708661417322E+01        4   1.2195312500000001E-01   0.0000000000000000E+00
     104   8.9426708661417322E+01        5   1.6093750000000001E-01   0.0000000000000000E+00
     104   8.9426708661417322E+01        6   1.9992187500000000E-01   0.0000000000000000E+00
     104   8.9426708661417322E+01        7   2.3890625000000001E-01   0.0000000000000000E+00
     104   8.9426708661417322E+01        8   2.7789062500000000E-01   0.0000000000000000E+00
     104   8.9426708661417322E+01        9   3.1687500000000002E-01   0.0000000000000000E+00
     104   8.9426708661417322E+01       10   3.5585937500000003E-01   0.0000000000000000E+00
     104   8.9426708661417322E+01       11   3.9484374999999999E-01   0.0000000000000000E+00
     104   8.9426708661417322E+01       12   4.3382812500000001E-01   0.0000000000000000E+00
     104   8.9426708661417322E+01       13   4.7281250000000002E-01   0.0000000000000000E+00
     104   8.9426708661417322E+01       14   5.1179687500000004E-01   0.0000000000000000E+00
     104   8.9426708661417322E+01       15   5.5078125000000000E-01   0.0000000000000000E+00
     104   8.9426708661417322E+01       16   5.8976562500000007E-01   0.0000000000000000E+00
     104   8.9426708661417322E+01       17   6.2875000000000003E-01   0.0000000000000000E+00
     104   8.9426708661417322E+01       18   6.6773437499999999E-01   0.0000000000000000E+00
     104   8.9426708661417322E+01       19   7.0671875000000006E-01   0.0000000000000000E+00
     104   8.9426708661417322E+01       20   7.4570312500000002E-01   0.0000000000000000E+00
     104   8.9426708661417322E+01       21   7.8468749999999998E-01   0.0000000000000000E+00
     104   8.9426708661417322E+01       22   8.2367187500000005E-01   0.0000000000000000E+00
     104   8.9426708661417322E+01       23   8.6265625000000001E-01   0.0000000000000000E+00
     104   8.9426708661417322E+01       24   9.0164062500000008E-01   0.0000000000000000E+00
     104   8.9426708661417322E+01       25   9.4062500000000004E-01   0.0000000000000000E+00
     104   8.9426708661417322E+01       26   9.7960937500000000E-01   0.0000000000000000E+00
     104   8.9426708661417322E+01       27   1.0185937500000000E+00   0.0000000000000000E+00
     104   8.9426708661417322E+01       28   1.0575781250000000E+00   0.0000000000000000E+00
     104   8.9426708661417322E+01       29   1.0965625000000001E+00   0.0000000000000000E+00
     104   8.9426708661417322E+01       30   1.1355468750000000E+00   0.0000000000000000E+00
     104   8.9426708661417322E+01       31   1.1745312500000000E+00   0.0000000000000000E+00
     104   8.9426708661417322E+01       32   1.2135156250000001E+00   0.0000000000000000E+00
     104   8.9426708661417322E+01       33   1.2524999999999999E+00   0.0000000000000000E+00
     104   8.9426708661417322E+01       34   1.2914843750000000E+00   0.0000000000000000E+00
     104   8.9426708661417322E+01       35   1.3304687500000001E+00   0.0000000000000000E+00
     104   8.9426708661417322E+01       36   1.3694531250000002E+00   0.0000000000000000E+00
     104   8.9426708661417322E+01       37   1.4084375000000000E+00   0.0000000000000000E+00
     104   8.9426708661417322E+01       38   1.4474218750000001E+00   0.0000000000000000E+00
     104   8.9426708661417322E+01       39   1.4864062500000002E+00   0.0000000000000000E+00
     104   8.9426708661417322E+01       40   1.5253906250000000E+00   0.0000000000000000E+00
     104   8.9426708661417322E+01       41   1.5643750000000001E+00   0.0000000000000000E+00
     104   8.9426708661417322E+01       42   1.6033593750000001E+00   0.0000000000000000E+00
     104   8.9426708661417322E+01       43   1.6423437500000000E+00   0.0000000000000000E+00
     104   8.9426708661417322E+01       44   1.6813281250000001E+00   0.0000000000000000E+00
     104   8.9426708661417322E+01       45   1.7203125000000001E+00   0.0000000000000000E+00
     104   8.9426708661417322E+01       46   1.7592968750000000E+00   0.0000000000000000E+00
     104   8.9426708661417322E+01       47   1.7982812500000001E+00   0.0000000000000000E+00
     104   8.9426708661417322E+01       48   1.8372656250000001E+00   0.0000000000000000E+00
     104   8.9426708661417322E+01       49   1.8762500000000000E+00   0.0000000000000000E+00
     104   8.9426708661417322E+01       50   1.9152343750000000E+00   0.0000000000000000E+00
     104   8.9426708661417322E+01       51   1.9542187500000001E+00   0.0000000000000000E+00
     104   8.9426708661417322E+01       52   1.9932031250000002E+00   0.0000000000000000E+00
     104   8.9426708661417322E+01       53   2.0321875000000000E+00   0.0000000000000000E+00
     104   8.9426708661417322E+01       54   2.0711718750000001E+00   0.0000000000000000E+00
     104   8.9426708661417322E+01       55   2.1101562500000002E+00   0.0000000000000000E+00
     104   8.9426708661417322E+01       56   2.1491406250000002E+00   0.0000000000000000E+00
     104   8.9426708661417322E+01       57   2.1881249999999999E+00   0.0000000000000000E+00
     104   8.9426708661417322E+01       58   2.2271093749999999E+00   0.0000000000000000E+00
     104   8.9426708661417322E+01       59   2.2660937500000000E+00   0.0000000000000000E+00
     104   8.9426708661417322E+01       60   2.3050781250000001E+00   0.0000000000000000E+00
     104   8.9426708661417322E+01       61   2.3440625000000002E+00   0.0000000000000000E+00
     104   8.9426708661417322E+01       62   2.3830468750000002E+00   0.0000000000000000E+00
     104   8.9426708661417322E+01       63   2.4220312500000003E+00   0.0000000000000000E+00
     104   8.9426708661417322E+01       64   2.4610156249999999E+00   0.0000000000000000E+00
 
     105   9.0294929133858275E+01        1   5.0000000000000001E-03   0.0000000000000000E+00
     105   9.0294929133858275E+01        2   4.3984374999999999E-02   0.0000000000000000E+00
     105   9.0294929133858275E+01        3   8.2968750000000008E-02   0.0000000000000000E+00
     105   9.0294929133858275E+01        4   1.2195312500000001E-01   0.0000000000000000E+00
     105   9.0294929133858275E+01        5   1.6093750000000001E-01   0.0000000000000000E+00
     105   9.0294929133858275E+01        6   1.9992187500000000E-01   0.0000000000000000E+00
     105   9.0294929133858275E+01        7   2.3890625000000001E-01   0.0000000000000000E+00
     105   9.0294929133858275E+01        8   2.7789062500000000E-01   0.0000000000000000E+00
     105   9.0294929133858275E+01        9   3.1687500000000002E-01   0.0000000000000000E+00
     105   9.0294929133858275E+01       10   3.5585937500000003E-01   0.0000000000000000E+00
     105   9.0294929133858275E+01       11   3.9484374999999999E-01   0.0000000000000000E+00
     105   9.0294929133858275E+01       12   4.3382812500000001E-01   0.0000000000000000E+00
     105   9.0294929133858275E+01       13   4.7281250000000002E-01   0.0000000000000000E+00
     105   9.0294929133858275E+01       14   5.1179687500000004E-01   0.0000000000000000E+00
     105   9.0294929133858275E+01       15   5.5078125000000000E-01   0.0000000000000000E+00
     105   9.0294929133858275E+01       16   5.8976562500000007E-01   0.0000000000000000E+00
     105   9.0294929133858275E+01       17   6.2875000000000003E-01   0.0000000000000000E+00
     105   9.0294929133858275E+01       18   6.6773437499999999E-01   0.0000000000000000E+00
     105   9.0294929133858275E+01       19   7.0671875000000006E-01   0.0000000000000000E+00
     105   9.0294929133858275E+01       20   7.4570312500000002E-01   0.0000000000000000E+00
     105   9.0294929133858275E+01       21   7.8468749999999998E-01   0.0000000000000000E+00
     105   9.0294929133858275E+01       22   8.2367187500000005E-01   0.0000000000000000E+00
     105   9.0294929133858275E+01       23   8.6265625000000001E-01   0.0000000000000000E+00
     105   9.0294929133858275E+01       24   9.0164062500000008E-01   0.0000000000000000E+00
     105   9.0294929133858275E+01       25   9.4062500000000004E-01   0.0000000000000000E+00
     105   9.0294929133858275E+01       26   9.7960937500000000E-01   0.0000000000000000E+00
     105   9.0294929133858275E+01       27   1.0185937500000000E+00   0.0000000000000000E+00
     105   9.0294929133858275E+01       28   1.0575781250000000E+00   0.0000000000000000E+00
     105   9.0294929133858275E+01       29   1.0965625000000001E+00   0.0000000000000000E+00
     105   9.0294929133858275E+01       30   1.1355468750000000E+00   0.0000000000000000E+00
     105   9.0294929133858275E+01       31   1.1745312500000000E+00   0.0000000000000000E+00
     105   9.0294929133858275E+01       32   1.2135156250000001E+00   0.0000000000000000E+00
     105   9.0294929133858275E+01       33   1.2524999999999999E+00   0.0000000000000000E+00
     105   9.0294929133858275E+01       34   1.2914843750000000E+00   0.0000000000000000E+00
     105   9.0294929133858275E+01       35   1.3304687500000001E+00   0.0000000000000000E+00
     105   9.0294929133858275E+01       36   1.3694531250000002E+00   0.0000000000000000E+00
     105   9.0294929133858275E+01       37   1.4084375000000000E+00   0.0000000000000000E+00
     105   9.0294929133858275E+01       38   1.4474218750000001E+00   0.0000000000000000E+00
     105   9.0294929133858275E+01       39   1.4864062500000002E+00   0.0000000000000000E+00
     105   9.0294929133858275E+01       40   1.5253906250000000E+00   0.0000000000000000E+00
     105   9.0294929133858275E+01       41   1.5643750000000001E+00   0.0000000000000000E+00
     105   9.0294929133858275E+01       42   1.6033593750000001E+00   0.0000000000000000E+00
     105   9.0294929133858275E+01       43   1.6423437500000000E+00   0.0000000000000000E+00
     105   9.0294929133858275E+01       44   1.6813281250000001E+00   0.0000000000000000E+00
     105   9.0294929133858275E+01       45   1.7203125000000001E+00   0.0000000000000000E+00
     105   9.0294929133858275E+01       46   1.7592968750000000E+00   0.0000000000000000E+00
     105   9.0294929133858275E+01       47   1.7982812500000001E+00   0.0000000000000000E+00
     105   9.0294929133858275E+01       48   1.8372656250000001E+00   0.0000000000000000E+00
     105   9.0294929133858275E+01       49   1.8762500000000000E+00   0.0000000000000000E+00
     105   9.0294929133858275E+01       50   1.9152343750000000E+00   0.0000000000000000E+00
     105   9.0294929133858275E+01       51   1.9542187500000001E+00   0.0000000000000000E+00
     105   9.0294929133858275E+01       52   1.9932031250000002E+00   0.0000000000000000E+00
     105   9.0294929133858275E+01       53   2.0321875000000000E+00   0.0000000000000000E+00
     105   9.0294929133858275E+01       54   2.0711718750000001E+00   0.0000000000000000E+00
     105   9.0294929133858275E+01       55   2.1101562500000002E+00   0.0000000000000000E+00
     105   9.0294929133858275E+01       56   2.1491406250000002E+00   0.0000000000000000E+00
     105   9.0294929133858275E+01       57   2.1881249999999999E+00   0.0000000000000000E+00
     105   9.0294929133858275E+01       58   2.2271093749999999E+00   0.0000000000000000E+00
     105   9.0294929133858275E+01       59   2.2660937500000000E+00   0.0000000000000000E+00
     105   9.0294929133858275E+01       60   2.3050781250000001E+00   0.0000000000000000E+00
     105   9.0294929133858275E+01       61   2.3440625000000002E+00   0.0000000000000000E+00
     105   9.0294929133858275E+01       62   2.3830468750000002E+00   0.0000000000000000E+00
     105   9.0294929133858275E+01       63   2.4220312500000003E+00   0.0000000000000000E+00
     105   9.0294929133858275E+01       64   2.4610156249999999E+00   0.0000000000000000E+00
 
     106   9.1163149606299214E+01        1   5.0000000000000001E-03   0.0000000000000000E+00
     106   9.1163149606299214E+01        2   4.3984374999999999E-02   0.0000000000000000E+00
     106   9.1163149606299214E+01        3   8.2968750000000008E-02   0.0000000000000000E+00
     106   9.1163149606299214E+01        4   1.2195312500000001E-01   0.0000000000000000E+00
     106   9.1163149606299214E+01        5   1.6093750000000001E-01   0.0000000000000000E+00
     106   9.1163149606299214E+01        6   1.9992187500000000E-01   0.0000000000000000E+00
     106   9.1163149606299214E+01        7   2.3890625000000001E-01   0.0000000000000000E+00
     106   9.1163149606299214E+01        8   2.7789062500000000E-01   0.0000000000000000E+00
     106   9.1163149606299214E+01        9   3.1687500000000002E-01   0.0000000000000000E+00
     106   9.1163149606299214E+01       10   3.5585937500000003E-01   0.0000000000000000E+00
     106   9.1163149606299214E+01       11   3.9484374999999999E-01   0.0000000000000000E+00
     106   9.1163149606299214E+01       12   4.3382812500000001E-01   0.0000000000000000E+00
     106   9.1163149606299214E+01       13   4.7281250000000002E-01   0.0000000000000000E+00
     106   9.1163149606299214E+01       14   5.1179687500000004E-01   0.0000000000000000E+00
     106   9.1163149606299214E+01       15   5.5078125000000000E-01   0.0000000000000000E+00
     106   9.1163149606299214E+01       16   5.8976562500000007E-01   0.0000000000000000E+00
     106   9.1163149606299214E+01       17   6.2875000000000003E-01   0.0000000000000000E+00
     106   9.1163149606299214E+01       18   6.6773437499999999E-01   0.0000000000000000E+00
     106   9.1163149606299214E+01       19   7.0671875000000006E-01   0.0000000000000000E+00
     106   9.1163149606299214E+01       20   7.4570312500000002E-01   0.0000000000000000E+00
     106   9.1163149606299214E+01       21   7.8468749999999998E-01   0.0000000000000000E+00
     106   9.1163149606299214E+01       22   8.2367187500000005E-01   0.0000000000000000E+00
     106   9.1163149606299214E+01       23   8.6265625000000001E-01   0.0000000000000000E+00
     106   9.1163149606299214E+01       24   9.0164062500000008E-01   0.0000000000000000E+00
     106   9.1163149606299214E+01       25   9.4062500000000004E-01   0.0000000000000000E+00
     106   9.1163149606299214E+01       26   9.7960937500000000E-01   0.0000000000000000E+00
     106   9.1163149606299214E+01       27   1.0185937500000000E+00   0.0000000000000000E+00
     106   9.1163149606299214E+01       28   1.0575781250000000E+00   0.0000000000000000E+00
     106   9.1163149606299214E+01       29   1.0965625000000001E+00   0.0000000000000000E+00
     106   9.1163149606299214E+01       30   1.1355468750000000E+00   0.0000000000000000E+00
     106   9.1163149606299214E+01       31   1.1745312500000000E+00   0.0000000000000000E+00
     106   9.1163149606299214E+01       32   1.2135156250000001E+00   0.0000000000000000E+00
     106   9.1163149606299214E+01       33   1.2524999999999999E+00   0.0000000000000000E+00
     106   9.1163149606299214E+01       34   1.2914843750000000E+00   0.0000000000000000E+00
     106   9.1163149606299214E+01       35   1.3304687500000001E+00   0.0000000000000000E+00
     106   9.1163149606299214E+01       36   1.3694531250000002E+00   0.0000000000000000E+00
     106   9.1163149606299214E+01       37   1.4084375000000000E+00   0.0000000000000000E+00
     106   9.1163149606299214E+01       38   1.4474218750000001E+00   0.0000000000000000E+00
     106   9.1163149606299214E+01       39   1.4864062500000002E+00   0.0000000000000000E+00
     106   9.1163149606299214E+01       40   1.5253906250000000E+00   0.0000000000000000E+00
     106   9.1163149606299214E+01       41   1.5643750000000001E+00   0.0000000000000000E+00
     106   9.1163149606299214E+01       42   1.6033593750000001E+00   0.0000000000000000E+00
     106   9.1163149606299214E+01       43   1.6423437500000000E+00   0.0000000000000000E+00
     106   9.1163149606299214E+01       44   1.6813281250000001E+00   0.0000000000000000E+00
     106   9.1163149606299214E+01       45   1.7203125000000001E+00   0.0000000000000000E+00
     106   9.1163149606299214E+01       46   1.7592968750000000E+00   0.0000000000000000E+00
     106   9.1163149606299214E+01       47   1.7982812500000001E+00   0.0000000000000000E+00
     106   9.1163149606299214E+01       48   1.8372656250000001E+00   0.0000000000000000E+00
     106   9.1163149606299214E+01       49   1.8762500000000000E+00   0.0000000000000000E+00
     106   9.1163149606299214E+01       50   1.9152343750000000E+00   0.0000000000000000E+00
     106   9.1163149606299214E+01       51   1.9542187500000001E+00   0.0000000000000000E+00
     106   9.1163149606299214E+01       52   1.9932031250000002E+00   0.0000000000000000E+00
     106   9.1163149606299214E+01       53   2.0321875000000000E+00   0.0000000000000000E+00
     106   9.1163149606299214E+01       54   2.0711718750000001E+00   0.0000000000000000E+00
     106   9.1163149606299214E+01       55   2.1101562500000002E+00   0.0000000000000000E+00
     106   9.1163149606299214E+01       56   2.1491406250000002E+00   0.0000000000000000E+00
     106   9.1163149606299214E+01       57   2.1881249999999999E+00   0.0000000000000000E+00
     106   9.1163149606299214E+01       58   2.2271093749999999E+00   0.0000000000000000E+00
     106   9.1163149606299214E+01       59   2.2660937500000000E+00   0.0000000000000000E+00
     106   9.1163149606299214E+01       60   2.3050781250000001E+00   0.0000000000000000E+00
     106   9.1163149606299214E+01       61   2.3440625000000002E+00   0.0000000000000000E+00
     106   9.1163149606299214E+01       62   2.3830468750000002E+00   0.0000000000000000E+00
     106   9.1163149606299214E+01       63   2.4220312500000003E+00   0.0000000000000000E+00
     106   9.1163149606299214E+01       64   2.4610156249999999E+00   0.0000000000000000E+00
 
     107   9.2031370078740167E+01        1   5.0000000000000001E-03   0.0000000000000000E+00
     107   9.2031370078740167E+01        2   4.3984374999999999E-02   0.0000000000000000E+00
     107   9.2031370078740167E+01        3   8.2968750000000008E-02   0.0000000000000000E+00
     107   9.2031370078740167E+01        4   1.2195312500000001E-01   0.0000000000000000E+00
     107   9.2031370078740167E+01        5   1.6093750000000001E-01   0.0000000000000000E+00
     107   9.2031370078740167E+01        6   1.9992187500000000E-01   0.0000000000000000E+00
     107   9.2031370078740167E+01        7   2.3890625000000001E-01   0.0000000000000000E+00
     107   9.2031370078740167E+01        8   2.7789062500000000E-01   0.0000000000000000E+00
     107   9.2031370078740167E+01        9   3.1687500000000002E-01   0.0000000000000000E+00
     107   9.2031370078740167E+01       10   3.5585937500000003E-01   0.0000000000000000E+00
     107   9.2031370078740167E+01       11   3.9484374999999999E-01   0.0000000000000000E+00
     107   9.2031370078740167E+01       12   4.3382812500000001E-01   0.0000000000000000E+00
     107   9.2031370078740167E+01       13   4.7281250000000002E-01   0.0000000000000000E+00
     107   9.2031370078740167E+01       14   5.1179687500000004E-01   0.0000000000000000E+00
     107   9.2031370078740167E+01       15   5.5078125000000000E-01   0.0000000000000000E+00
     107   9.2031370078740167E+01       16   5.8976562500000007E-01   0.0000000000000000E+00
     107   9.2031370078740167E+01       17   6.2875000000000003E-01   0.0000000000000000E+00
     107   9.2031370078740167E+01       18   6.6773437499999999E-01   0.0000000000000000E+00
     107   9.2031370078740167E+01       19   7.0671875000000006E-01   0.0000000000000000E+00
     107   9.2031370078740167E+01       20   7.4570312500000002E-01   0.0000000000000000E+00
     107   9.2031370078740167E+01       21   7.8468749999999998E-01   0.0000000000000000E+00
     107   9.2031370078740167E+01       22   8.2367187500000005E-01   0.0000000000000000E+00
     107   9.2031370078740167E+01       23   8.6265625000000001E-01   0.0000000000000000E+00
     107   9.2031370078740167E+01       24   9.0164062500000008E-01   0.0000000000000000E+00
     107   9.2031370078740167E+01       25   9.4062500000000004E-01   0.0000000000000000E+00
     107   9.2031370078740167E+01       26   9.7960937500000000E-01   0.0000000000000000E+00
     107   9.2031370078740167E+01       27   1.0185937500000000E+00   0.0000000000000000E+00
     107   9.2031370078740167E+01       28   1.0575781250000000E+00   0.0000000000000000E+00
     107   9.2031370078740167E+01       29   1.0965625000000001E+00   0.0000000000000000E+00
     107   9.2031370078740167E+01       30   1.1355468750000000E+00   0.0000000000000000E+00
     107   9.2031370078740167E+01       31   1.1745312500000000E+00   0.0000000000000000E+00
     107   9.2031370078740167E+01       32   1.2135156250000001E+00   0.0000000000000000E+00
     107   9.2031370078740167E+01       33   1.2524999999999999E+00   0.0000000000000000E+00
     107   9.2031370078740167E+01       34   1.2914843750000000E+00   0.0000000000000000E+00
     107   9.2031370078740167E+01       35   1.3304687500000001E+00   0.0000000000000000E+00
     107   9.2031370078740167E+01       36   1.3694531250000002E+00   0.0000000000000000E+00
     107   9.2031370078740167E+01       37   1.4084375000000000E+00   0.0000000000000000E+00
     107   9.2031370078740167E+01       38   1.4474218750000001E+00   0.0000000000000000E+00
     107   9.2031370078740167E+01       39   1.4864062500000002E+00   0.0000000000000000E+00
     107   9.2031370078740167E+01       40   1.5253906250000000E+00   0.0000000000000000E+00
     107   9.2031370078740167E+01       41   1.5643750000000001E+00   0.0000000000000000E+00
     107   9.2031370078740167E+01       42   1.6033593750000001E+00   0.0000000000000000E+00
     107   9.2031370078740167E+01       43   1.6423437500000000E+00   0.0000000000000000E+00
     107   9.2031370078740167E+01       44   1.6813281250000001E+00   0.0000000000000000E+00
     107   9.2031370078740167E+01       45   1.7203125000000001E+00   0.0000000000000000E+00
     107   9.2031370078740167E+01       46   1.7592968750000000E+00   0.0000000000000000E+00
     107   9.2031370078740167E+01       47   1.7982812500000001E+00   0.0000000000000000E+00
     107   9.2031370078740167E+01       48   1.8372656250000001E+00   0.0000000000000000E+00
     107   9.2031370078740167E+01       49   1.8762500000000000E+00   0.0000000000000000E+00
     107   9.2031370078740167E+01       50   1.9152343750000000E+00   0.0000000000000000E+00
     107   9.2031370078740167E+01       51   1.9542187500000001E+00   0.0000000000000000E+00
     107   9.2031370078740167E+01       52   1.9932031250000002E+00   0.0000000000000000E+00
     107   9.2031370078740167E+01       53   2.0321875000000000E+00   0.0000000000000000E+00
     107   9.2031370078740167E+01       54   2.0711718750000001E+00   0.0000000000000000E+00
     107   9.2031370078740167E+01       55   2.1101562500000002E+00   0.0000000000000000E+00
     107   9.2031370078740167E+01       56   2.1491406250000002E+00   0.0000000000000000E+00
     107   9.2031370078740167E+01       57   2.1881249999999999E+00   0.0000000000000000E+00
     107   9.2031370078740167E+01       58   2.2271093749999999E+00   0.0000000000000000E+00
     107   9.2031370078740167E+01       59   2.2660937500000000E+00   0.0000000000000000E+00
     107   9.2031370078740167E+01       60   2.3050781250000001E+00   0.0000000000000000E+00
     107   9.2031370078740167E+01       61   2.3440625000000002E+00   0.0000000000000000E+00
     107   9.2031370078740167E+01       62   2.3830468750000002E+00   0.0000000000000000E+00
     107   9.2031370078740167E+01       63   2.4220312500000003E+00   0.0000000000000000E+00
     107   9.2031370078740167E+01       64   2.4610156249999999E+00   0.0000000000000000E+00
 
     108   9.2899590551181106E+01        1   5.0000000000000001E-03   0.0000000000000000E+00
     108   9.2899590551181106E+01        2   4.3984374999999999E-02   0.0000000000000000E+00
     108   9.2899590551181106E+01        3   8.2968750000000008E-02   0.0000000000000000E+00
     108   9.2899590551181106E+01        4   1.2195312500000001E-01   0.0000000000000000E+00
     108   9.2899590551181106E+01        5   1.6093750000000001E-01   0.0000000000000000E+00
     108   9.2899590551181106E+01        6   1.9992187500000000E-01   0.0000000000000000E+00
     108   9.2899590551181106E+01        7   2.3890625000000001E-01   0.0000000000000000E+00
     108   9.2899590551181106E+01        8   2.7789062500000000E-01   0.0000000000000000E+00
     108   9.2899590551181106E+01        9   3.1687500000000002E-01   0.0000000000000000E+00
     108   9.2899590551181106E+01       10   3.5585937500000003E-01   0.0000000000000000E+00
     108   9.2899590551181106E+01       11   3.9484374999999999E-01   0.0000000000000000E+00
     108   9.2899590551181106E+01       12   4.3382812500000001E-01   0.0000000000000000E+00
     108   9.2899590551181106E+01       13   4.7281250000000002E-01   0.0000000000000000E+00
     108   9.2899590551181106E+01       14   5.1179687500000004E-01   0.0000000000000000E+00
     108   9.2899590551181106E+01       15   5.5078125000000000E-01   0.0000000000000000E+00
     108   9.2899590551181106E+01       16   5.8976562500000007E-01   0.0000000000000000E+00
     108   9.2899590551181106E+01       17   6.2875000000000003E-01   0.0000000000000000E+00
     108   9.2899590551181106E+01       18   6.6773437499999999E-01   0.0000000000000000E+00
     108   9.2899590551181106E+01       19   7.0671875000000006E-01   0.0000000000000000E+00
     108   9.2899590551181106E+01       20   7.4570312500000002E-01   0.0000000000000000E+00
     108   9.2899590551181106E+01       21   7.8468749999999998E-01   0.0000000000000000E+00
     108   9.2899590551181106E+01       22   8.2367187500000005E-01   0.0000000000000000E+00
     108   9.2899590551181106E+01       23   8.6265625000000001E-01   0.0000000000000000E+00
     108   9.2899590551181106E+01       24   9.0164062500000008E-01   0.0000000000000000E+00
     108   9.2899590551181106E+01       25   9.4062500000000004E-01   0.0000000000000000E+00
     108   9.2899590551181106E+01       26   9.7960937500000000E-01   0.0000000000000000E+00
     108   9.2899590551181106E+01       27   1.0185937500000000E+00   0.0000000000000000E+00
     108   9.2899590551181106E+01       28   1.0575781250000000E+00   0.0000000000000000E+00
     108   9.2899590551181106E+01       29   1.0965625000000001E+00   0.0000000000000000E+00
     108   9.2899590551181106E+01       30   1.1355468750000000E+00   0.0000000000000000E+00
     108   9.2899590551181106E+01       31   1.1745312500000000E+00   0.0000000000000000E+00
     108   9.2899590551181106E+01       32   1.2135156250000001E+00   0.0000000000000000E+00
     108   9.2899590551181106E+01       33   1.2524999999999999E+00   0.0000000000000000E+00
     108   9.2899590551181106E+01       34   1.2914843750000000E+00   0.0000000000000000E+00
     108   9.2899590551181106E+01       35   1.3304687500000001E+00   0.0000000000000000E+00
     108   9.2899590551181106E+01       36   1.3694531250000002E+00   0.0000000000000000E+00
     108   9.2899590551181106E+01       37   1.4084375000000000E+00   0.0000000000000000E+00
     108   9.2899590551181106E+01       38   1.4474218750000001E+00   0.0000000000000000E+00
     108   9.2899590551181106E+01       39   1.4864062500000002E+00   0.0000000000000000E+00
     108   9.2899590551181106E+01       40   1.5253906250000000E+00   0.0000000000000000E+00
     108   9.2899590551181106E+01       41   1.5643750000000001E+00   0.0000000000000000E+00
     108   9.2899590551181106E+01       42   1.6033593750000001E+00   0.0000000000000000E+00
     108   9.2899590551181106E+01       43   1.6423437500000000E+00   0.0000000000000000E+00
     108   9.2899590551181106E+01       44   1.6813281250000001E+00   0.0000000000000000E+00
     108   9.2899590551181106E+01       45   1.7203125000000001E+00   0.0000000000000000E+00
     108   9.2899590551181106E+01       46   1.7592968750000000E+00   0.0000000000000000E+00
     108   9.2899590551181106E+01       47   1.7982812500000001E+00   0.0000000000000000E+00
     108   9.2899590551181106E+01       48   1.8372656250000001E+00   0.0000000000000000E+00
     108   9.2899590551181106E+01       49   1.8762500000000000E+00   0.0000000000000000E+00
     108   9.2899590551181106E+01       50   1.9152343750000000E+00   0.0000000000000000E+00
     108   9.2899590551181106E+01       51   1.9542187500000001E+00   0.0000000000000000E+00
     108   9.2899590551181106E+01       52   1.9932031250000002E+00   0.0000000000000000E+00
     108   9.2899590551181106E+01       53   2.0321875000000000E+00   0.0000000000000000E+00
     108   9.2899590551181106E+01       54   2.0711718750000001E+00   0.0000000000000000E+00
     108   9.2899590551181106E+01       55   2.1101562500000002E+00   0.0000000000000000E+00
     108   9.2899590551181106E+01       56   2.1491406250000002E+00   0.0000000000000000E+00
     108   9.2899590551181106E+01       57   2.1881249999999999E+00   0.0000000000000000E+00
     108   9.2899590551181106E+01       58   2.2271093749999999E+00   0.0000000000000000E+00
     108   9.2899590551181106E+01       59   2.2660937500000000E+00   0.0000000000000000E+00
     108   9.2899590551181106E+01       60   2.3050781250000001E+00   0.0000000000000000E+00
     108   9.2899590551181106E+01       61   2.3440625000000002E+00   0.0000000000000000E+00
     108   9.2899590551181106E+01       62   2.3830468750000002E+00   0.0000000000000000E+00
     108   9.2899590551181106E+01       63   2.4220312500000003E+00   0.0000000000000000E+00
     108   9.2899590551181106E+01       64   2.4610156249999999E+00   0.0000000000000000E+00
 
     109   9.3767811023622045E+01        1   5.0000000000000001E-03   0.0000000000000000E+00
     109   9.3767811023622045E+01        2   4.3984374999999999E-02   0.0000000000000000E+00
     109   9.3767811023622045E+01        3   8.2968750000000008E-02   0.0000000000000000E+00
     109   9.3767811023622045E+01        4   1.2195312500000001E-01   0.0000000000000000E+00
     109   9.3767811023622045E+01        5   1.6093750000000001E-01   0.0000000000000000E+00
     109   9.3767811023622045E+01        6   1.9992187500000000E-01   0.0000000000000000E+00
     109   9.3767811023622045E+01        7   2.3890625000000001E-01   0.0000000000000000E+00
     109   9.3767811023622045E+01        8   2.7789062500000000E-01   0.0000000000000000E+00
     109   9.3767811023622045E+01        9   3.1687500000000002E-01   0.0000000000000000E+00
     109   9.3767811023622045E+01       10   3.5585937500000003E-01   0.0000000000000000E+00
     109   9.3767811023622045E+01       11   3.9484374999999999E-01   0.0000000000000000E+00
     109   9.3767811023622045E+01       12   4.3382812500000001E-01   0.0000000000000000E+00
     109   9.3767811023622045E+01       13   4.7281250000000002E-01   0.0000000000000000E+00
     109   9.3767811023622045E+01       14   5.1179687500000004E-01   0.0000000000000000E+00
     109   9.3767811023622045E+01       15   5.5078125000000000E-01   0.0000000000000000E+00
     109   9.3767811023622045E+01       16   5.8976562500000007E-01   0.0000000000000000E+00
     109   9.3767811023622045E+01       17   6.2875000000000003E-01   0.0000000000000000E+00
     109   9.3767811023622045E+01       18   6.6773437499999999E-01   0.0000000000000000E+00
     109   9.3767811023622045E+01       19   7.0671875000000006E-01   0.0000000000000000E+00
     109   9.3767811023622045E+01       20   7.4570312500000002E-01   0.0000000000000000E+00
     109   9.3767811023622045E+01       21   7.8468749999999998E-01   0.0000000000000000E+00
     109   9.3767811023622045E+01       22   8.2367187500000005E-01   0.0000000000000000E+00
     109   9.3767811023622045E+01       23   8.6265625000000001E-01   0.0000000000000000E+00
     109   9.3767811023622045E+01       24   9.0164062500000008E-01   0.0000000000000000E+00
     109   9.3767811023622045E+01       25   9.4062500000000004E-01   0.0000000000000000E+00
     109   9.3767811023622045E+01       26   9.7960937500000000E-01   0.0000000000000000E+00
     109   9.3767811023622045E+01       27   1.0185937500000000E+00   0.0000000000000000E+00
     109   9.3767811023622045E+01       28   1.0575781250000000E+00   0.0000000000000000E+00
     109   9.3767811023622045E+01       29   1.0965625000000001E+00   0.0000000000000000E+00
     109   9.3767811023622045E+01       30   1.1355468750000000E+00   0.0000000000000000E+00
     109   9.3767811023622045E+01       31   1.1745312500000000E+00   0.0000000000000000E+00
     109   9.3767811023622045E+01       32   1.2135156250000001E+00   0.0000000000000000E+00
     109   9.3767811023622045E+01       33   1.2524999999999999E+00   0.0000000000000000E+00
     109   9.3767811023622045E+01       34   1.2914843750000000E+00   0.0000000000000000E+00
     109   9.3767811023622045E+01       35   1.3304687500000001E+00   0.0000000000000000E+00
     109   9.3767811023622045E+01       36   1.3694531250000002E+00   0.0000000000000000E+00
     109   9.3767811023622045E+01       37   1.4084375000000000E+00   0.0000000000000000E+00
     109   9.3767811023622045E+01       38   1.4474218750000001E+00   0.0000000000000000E+00
     109   9.3767811023622045E+01       39   1.4864062500000002E+00   0.0000000000000000E+00
     109   9.3767811023622045E+01       40   1.5253906250000000E+00   0.0000000000000000E+00
     109   9.3767811023622045E+01       41   1.5643750000000001E+00   0.0000000000000000E+00
     109   9.3767811023622045E+01       42   1.6033593750000001E+00   0.0000000000000000E+00
     109   9.3767811023622045E+01       43   1.6423437500000000E+00   0.0000000000000000E+00
     109   9.3767811023622045E+01       44   1.6813281250000001E+00   0.0000000000000000E+00
     109   9.3767811023622045E+01       45   1.7203125000000001E+00   0.0000000000000000E+00
     109   9.3767811023622045E+01       46   1.7592968750000000E+00   0.0000000000000000E+00
     109   9.3767811023622045E+01       47   1.7982812500000001E+00   0.0000000000000000E+00
     109   9.3767811023622045E+01       48   1.8372656250000001E+00   0.0000000000000000E+00
     109   9.3767811023622045E+01       49   1.8762500000000000E+00   0.0000000000000000E+00
     109   9.3767811023622045E+01       50   1.9152343750000000E+00   0.0000000000000000E+00
     109   9.3767811023622045E+01       51   1.9542187500000001E+00   0.0000000000000000E+00
     109   9.3767811023622045E+01       52   1.9932031250000002E+00   0.0000000000000000E+00
     109   9.3767811023622045E+01       53   2.0321875000000000E+00   0.0000000000000000E+00
     109   9.3767811023622045E+01       54   2.0711718750000001E+00   0.0000000000000000E+00
     109   9.3767811023622045E+01       55   2.1101562500000002E+00   0.0000000000000000E+00
     109   9.3767811023622045E+01       56   2.1491406250000002E+00   0.0000000000000000E+00
     109   9.3767811023622045E+01       57   2.1881249999999999E+00   0.0000000000000000E+00
     109   9.3767811023622045E+01       58   2.2271093749999999E+00   0.0000000000000000E+00
     109   9.3767811023622045E+01       59   2.2660937500000000E+00   0.0000000000000000E+00
     109   9.3767811023622045E+01       60   2.3050781250000001E+00   0.0000000000000000E+00
     109   9.3767811023622045E+01       61   2.3440625000000002E+00   0.0000000000000000E+00
     109   9.3767811023622045E+01       62   2.3830468750000002E+00   0.0000000000000000E+00
     109   9.3767811023622045E+01       63   2.4220312500000003E+00   0.0000000000000000E+00
     109   9.3767811023622045E+01       64   2.4610156249999999E+00   0.0000000000000000E+00
 
     110   9.4636031496062998E+01        1   5.0000000000000001E-03   0.0000000000000000E+00
     110   9.4636031496062998E+01        2   4.3984374999999999E-02   0.0000000000000000E+00
     110   9.4636031496062998E+01        3   8.2968750000000008E-02   0.0000000000000000E+00
     110   9.4636031496062998E+01        4   1.2195312500000001E-01   0.0000000000000000E+00
     110   9.4636031496062998E+01        5   1.6093750000000001E-01   0.0000000000000000E+00
     110   9.4636031496062998E+01        6   1.9992187500000000E-01   0.0000000000000000E+00
     110   9.4636031496062998E+01        7   2.3890625000000001E-01   0.0000000000000000E+00
     110   9.4636031496062998E+01        8   2.7789062500000000E-01   0.0000000000000000E+00
     110   9.4636031496062998E+01        9   3.1687500000000002E-01   0.0000000000000000E+00
     110   9.4636031496062998E+01       10   3.5585937500000003E-01   0.0000000000000000E+00
     110   9.4636031496062998E+01       11   3.9484374999999999E-01   0.0000000000000000E+00
     110   9.4636031496062998E+01       12   4.3382812500000001E-01   0.0000000000000000E+00
     110   9.4636031496062998E+01       13   4.7281250000000002E-01   0.0000000000000000E+00
     110   9.4636031496062998E+01       14   5.1179687500000004E-01   0.0000000000000000E+00
     110   9.4636031496062998E+01       15   5.5078125000000000E-01   0.0000000000000000E+00
     110   9.4636031496062998E+01       16   5.8976562500000007E-01   0.0000000000000000E+00
     110   9.4636031496062998E+01       17   6.2875000000000003E-01   0.0000000000000000E+00
     110   9.4636031496062998E+01       18   6.6773437499999999E-01   0.0000000000000000E+00
     110   9.4636031496062998E+01       19   7.0671875000000006E-01   0.0000000000000000E+00
     110   9.4636031496062998E+01       20   7.4570312500000002E-01   0.0000000000000000E+00
     110   9.4636031496062998E+01       21   7.8468749999999998E-01   0.0000000000000000E+00
     110   9.4636031496062998E+01       22   8.2367187500000005E-01   0.0000000000000000E+00
     110   9.4636031496062998E+01       23   8.6265625000000001E-01   0.0000000000000000E+00
     110   9.4636031496062998E+01       24   9.0164062500000008E-01   0.0000000000000000E+00
     110   9.4636031496062998E+01       25   9.4062500000000004E-01   0.0000000000000000E+00
     110   9.4636031496062998E+01       26   9.7960937500000000E-01   0.0000000000000000E+00
     110   9.4636031496062998E+01       27   1.0185937500000000E+00   0.0000000000000000E+00
     110   9.4636031496062998E+01       28   1.0575781250000000E+00   0.0000000000000000E+00
     110   9.4636031496062998E+01       29   1.0965625000000001E+00   0.0000000000000000E+00
     110   9.4636031496062998E+01       30   1.1355468750000000E+00   0.0000000000000000E+00
     110   9.4636031496062998E+01       31   1.1745312500000000E+00   0.0000000000000000E+00
     110   9.4636031496062998E+01       32   1.2135156250000001E+00   0.0000000000000000E+00
     110   9.4636031496062998E+01       33   1.2524999999999999E+00   0.0000000000000000E+00
     110   9.4636031496062998E+01       34   1.2914843750000000E+00   0.0000000000000000E+00
     110   9.4636031496062998E+01       35   1.3304687500000001E+00   0.0000000000000000E+00
     110   9.4636031496062998E+01       36   1.3694531250000002E+00   0.0000000000000000E+00
     110   9.4636031496062998E+01       37   1.4084375000000000E+00   0.0000000000000000E+00
     110   9.4636031496062998E+01       38   1.4474218750000001E+00   0.0000000000000000E+00
     110   9.4636031496062998E+01       39   1.4864062500000002E+00   0.0000000000000000E+00
     110   9.4636031496062998E+01       40   1.5253906250000000E+00   0.0000000000000000E+00
     110   9.4636031496062998E+01       41   1.5643750000000001E+00   0.0000000000000000E+00
     110   9.4636031496062998E+01       42   1.6033593750000001E+00   0.0000000000000000E+00
     110   9.4636031496062998E+01       43   1.6423437500000000E+00   0.0000000000000000E+00
     110   9.4636031496062998E+01       44   1.6813281250000001E+00   0.0000000000000000E+00
     110   9.4636031496062998E+01       45   1.7203125000000001E+00   0.0000000000000000E+00
     110   9.4636031496062998E+01       46   1.7592968750000000E+00   0.0000000000000000E+00
     110   9.4636031496062998E+01       47   1.7982812500000001E+00   0.0000000000000000E+00
     110   9.4636031496062998E+01       48   1.8372656250000001E+00   0.0000000000000000E+00
     110   9.4636031496062998E+01       49   1.8762500000000000E+00   0.0000000000000000E+00
     110   9.4636031496062998E+01       50   1.9152343750000000E+00   0.0000000000000000E+00
     110   9.4636031496062998E+01       51   1.9542187500000001E+00   0.0000000000000000E+00
     110   9.4636031496062998E+01       52   1.9932031250000002E+00   0.0000000000000000E+00
     110   9.4636031496062998E+01       53   2.0321875000000000E+00   0.0000000000000000E+00
     110   9.4636031496062998E+01       54   2.0711718750000001E+00   0.0000000000000000E+00
     110   9.4636031496062998E+01       55   2.1101562500000002E+00   0.0000000000000000E+00
     110   9.4636031496062998E+01       56   2.1491406250000002E+00   0.0000000000000000E+00
     110   9.4636031496062998E+01       57   2.1881249999999999E+00   0.0000000000000000E+00
     110   9.4636031496062998E+01       58   2.2271093749999999E+00   0.0000000000000000E+00
     110   9.4636031496062998E+01       59   2.2660937500000000E+00   0.0000000000000000E+00
     110   9.4636031496062998E+01       60   2.3050781250000001E+00   0.0000000000000000E+00
     110   9.4636031496062998E+01       61   2.3440625000000002E+00   0.0000000000000000E+00
     110   9.4636031496062998E+01       62   2.3830468750000002E+00   0.0000000000000000E+00
     110   9.4636031496062998E+01       63   2.4220312500000003E+00   0.0000000000000000E+00
     110   9.4636031496062998E+01       64   2.4610156249999999E+00   0.0000000000000000E+00
 
     111   9.5504251968503937E+01        1   5.0000000000000001E-03   0.0000000000000000E+00
     111   9.5504251968503937E+01        2   4.3984374999999999E-02   0.0000000000000000E+00
     111   9.5504251968503937E+01        3   8.2968750000000008E-02   0.0000000000000000E+00
     111   9.5504251968503937E+01        4   1.2195312500000001E-01   0.0000000000000000E+00
     111   9.5504251968503937E+01        5   1.6093750000000001E-01   0.0000000000000000E+00
     111   9.5504251968503937E+01        6   1.9992187500000000E-01   0.0000000000000000E+00
     111   9.5504251968503937E+01        7   2.3890625000000001E-01   0.0000000000000000E+00
     111   9.5504251968503937E+01        8   2.7789062500000000E-01   0.0000000000000000E+00
     111   9.5504251968503937E+01        9   3.1687500000000002E-01   0.0000000000000000E+00
     111   9.5504251968503937E+01       10   3.5585937500000003E-01   0.0000000000000000E+00
     111   9.5504251968503937E+01       11   3.9484374999999999E-01   0.0000000000000000E+00
     111   9.5504251968503937E+01       12   4.3382812500000001E-01   0.0000000000000000E+00
     111   9.5504251968503937E+01       13   4.7281250000000002E-01   0.0000000000000000E+00
     111   9.5504251968503937E+01       14   5.1179687500000004E-01   0.0000000000000000E+00
     111   9.5504251968503937E+01       15   5.5078125000000000E-01   0.0000000000000000E+00
     111   9.5504251968503937E+01       16   5.8976562500000007E-01   0.0000000000000000E+00
     111   9.5504251968503937E+01       17   6.2875000000000003E-01   0.0000000000000000E+00
     111   9.5504251968503937E+01       18   6.6773437499999999E-01   0.0000000000000000E+00
     111   9.5504251968503937E+01       19   7.0671875000000006E-01   0.0000000000000000E+00
     111   9.5504251968503937E+01       20   7.4570312500000002E-01   0.0000000000000000E+00
     111   9.5504251968503937E+01       21   7.8468749999999998E-01   0.0000000000000000E+00
     111   9.5504251968503937E+01       22   8.2367187500000005E-01   0.0000000000000000E+00
     111   9.5504251968503937E+01       23   8.6265625000000001E-01   0.0000000000000000E+00
     111   9.5504251968503937E+01       24   9.0164062500000008E-01   0.0000000000000000E+00
     111   9.5504251968503937E+01       25   9.4062500000000004E-01   0.0000000000000000E+00
     111   9.5504251968503937E+01       26   9.7960937500000000E-01   0.0000000000000000E+00
     111   9.5504251968503937E+01       27   1.0185937500000000E+00   0.0000000000000000E+00
     111   9.5504251968503937E+01       28   1.0575781250000000E+00   0.0000000000000000E+00
     111   9.5504251968503937E+01       29   1.0965625000000001E+00   0.0000000000000000E+00
     111   9.5504251968503937E+01       30   1.1355468750000000E+00   0.0000000000000000E+00
     111   9.5504251968503937E+01       31   1.1745312500000000E+00   0.0000000000000000E+00
     111   9.5504251968503937E+01       32   1.2135156250000001E+00   0.0000000000000000E+00
     111   9.5504251968503937E+01       33   1.2524999999999999E+00   0.0000000000000000E+00
     111   9.5504251968503937E+01       34   1.2914843750000000E+00   0.0000000000000000E+00
     111   9.5504251968503937E+01       35   1.3304687500000001E+00   0.0000000000000000E+00
     111   9.5504251968503937E+01       36   1.3694531250000002E+00   0.0000000000000000E+00
     111   9.5504251968503937E+01       37   1.4084375000000000E+00   0.0000000000000000E+00
     111   9.5504251968503937E+01       38   1.4474218750000001E+00   0.0000000000000000E+00
     111   9.5504251968503937E+01       39   1.4864062500000002E+00   0.0000000000000000E+00
     111   9.5504251968503937E+01       40   1.5253906250000000E+00   0.0000000000000000E+00
     111   9.5504251968503937E+01       41   1.5643750000000001E+00   0.0000000000000000E+00
     111   9.5504251968503937E+01       42   1.6033593750000001E+00   0.0000000000000000E+00
     111   9.5504251968503937E+01       43   1.6423437500000000E+00   0.0000000000000000E+00
     111   9.5504251968503937E+01       44   1.6813281250000001E+00   0.0000000000000000E+00
     111   9.5504251968503937E+01       45   1.7203125000000001E+00   0.0000000000000000E+00
     111   9.5504251968503937E+01       46   1.7592968750000000E+00   0.0000000000000000E+00
     111   9.5504251968503937E+01       47   1.7982812500000001E+00   0.0000000000000000E+00
     111   9.5504251968503937E+01       48   1.8372656250000001E+00   0.0000000000000000E+00
     111   9.5504251968503937E+01       49   1.8762500000000000E+00   0.0000000000000000E+00
     111   9.5504251968503937E+01       50   1.9152343750000000E+00   0.0000000000000000E+00
     111   9.5504251968503937E+01       51   1.9542187500000001E+00   0.0000000000000000E+00
     111   9.5504251968503937E+01       52   1.9932031250000002E+00   0.0000000000000000E+00
     111   9.5504251968503937E+01       53   2.0321875000000000E+00   0.0000000000000000E+00
     111   9.5504251968503937E+01       54   2.0711718750000001E+00   0.0000000000000000E+00
     111   9.5504251968503937E+01       55   2.1101562500000002E+00   0.0000000000000000E+00
     111   9.5504251968503937E+01       56   2.1491406250000002E+00   0.0000000000000000E+00
     111   9.5504251968503937E+01       57   2.1881249999999999E+00   0.0000000000000000E+00
     111   9.5504251968503937E+01       58   2.2271093749999999E+00   0.0000000000000000E+00
     111   9.5504251968503937E+01       59   2.2660937500000000E+00   0.0000000000000000E+00
     111   9.5504251968503937E+01       60   2.3050781250000001E+00   0.0000000000000000E+00
     111   9.5504251968503937E+01       61   2.3440625000000002E+00   0.0000000000000000E+00
     111   9.5504251968503937E+01       62   2.3830468750000002E+00   0.0000000000000000E+00
     111   9.5504251968503937E+01       63   2.4220312500000003E+00   0.0000000000000000E+00
     111   9.5504251968503937E+01       64   2.4610156249999999E+00   0.0000000000000000E+00
 
     112   9.6372472440944890E+01        1   5.0000000000000001E-03   0.0000000000000000E+00
     112   9.6372472440944890E+01        2   4.3984374999999999E-02   0.0000000000000000E+00
     112   9.6372472440944890E+01        3   8.2968750000000008E-02   0.0000000000000000E+00
     112   9.6372472440944890E+01        4   1.2195312500000001E-01   0.0000000000000000E+00
     112   9.6372472440944890E+01        5   1.6093750000000001E-01   0.0000000000000000E+00
     112   9.6372472440944890E+01        6   1.9992187500000000E-01   0.0000000000000000E+00
     112   9.6372472440944890E+01        7   2.3890625000000001E-01   0.0000000000000000E+00
     112   9.6372472440944890E+01        8   2.7789062500000000E-01   0.0000000000000000E+00
     112   9.6372472440944890E+01        9   3.1687500000000002E-01   0.0000000000000000E+00
     112   9.6372472440944890E+01       10   3.5585937500000003E-01   0.0000000000000000E+00
     112   9.6372472440944890E+01       11   3.9484374999999999E-01   0.0000000000000000E+00
     112   9.6372472440944890E+01       12   4.3382812500000001E-01   0.0000000000000000E+00
     112   9.6372472440944890E+01       13   4.7281250000000002E-01   0.0000000000000000E+00
     112   9.6372472440944890E+01       14   5.1179687500000004E-01   0.0000000000000000E+00
     112   9.6372472440944890E+01       15   5.5078125000000000E-01   0.0000000000000000E+00
     112   9.6372472440944890E+01       16   5.8976562500000007E-01   0.0000000000000000E+00
     112   9.6372472440944890E+01       17   6.2875000000000003E-01   0.0000000000000000E+00
     112   9.6372472440944890E+01       18   6.6773437499999999E-01   0.0000000000000000E+00
     112   9.6372472440944890E+01       19   7.0671875000000006E-01   0.0000000000000000E+00
     112   9.6372472440944890E+01       20   7.4570312500000002E-01   0.0000000000000000E+00
     112   9.6372472440944890E+01       21   7.8468749999999998E-01   0.0000000000000000E+00
     112   9.6372472440944890E+01       22   8.2367187500000005E-01   0.0000000000000000E+00
     112   9.6372472440944890E+01       23   8.6265625000000001E-01   0.0000000000000000E+00
     112   9.6372472440944890E+01       24   9.0164062500000008E-01   0.0000000000000000E+00
     112   9.6372472440944890E+01       25   9.4062500000000004E-01   0.0000000000000000E+00
     112   9.6372472440944890E+01       26   9.7960937500000000E-01   0.0000000000000000E+00
     112   9.6372472440944890E+01       27   1.0185937500000000E+00   0.0000000000000000E+00
     112   9.6372472440944890E+01       28   1.0575781250000000E+00   0.0000000000000000E+00
     112   9.6372472440944890E+01       29   1.0965625000000001E+00   0.0000000000000000E+00
     112   9.6372472440944890E+01       30   1.1355468750000000E+00   0.0000000000000000E+00
     112   9.6372472440944890E+01       31   1.1745312500000000E+00   0.0000000000000000E+00
     112   9.6372472440944890E+01       32   1.2135156250000001E+00   0.0000000000000000E+00
     112   9.6372472440944890E+01       33   1.2524999999999999E+00   0.0000000000000000E+00
     112   9.6372472440944890E+01       34   1.2914843750000000E+00   0.0000000000000000E+00
     112   9.6372472440944890E+01       35   1.3304687500000001E+00   0.0000000000000000E+00
     112   9.6372472440944890E+01       36   1.3694531250000002E+00   0.0000000000000000E+00
     112   9.6372472440944890E+01       37   1.4084375000000000E+00   0.0000000000000000E+00
     112   9.6372472440944890E+01       38   1.4474218750000001E+00   0.0000000000000000E+00
     112   9.6372472440944890E+01       39   1.4864062500000002E+00   0.0000000000000000E+00
     112   9.6372472440944890E+01       40   1.5253906250000000E+00   0.0000000000000000E+00
     112   9.6372472440944890E+01       41   1.5643750000000001E+00   0.0000000000000000E+00
     112   9.6372472440944890E+01       42   1.6033593750000001E+00   0.0000000000000000E+00
     112   9.6372472440944890E+01       43   1.6423437500000000E+00   0.0000000000000000E+00
     112   9.6372472440944890E+01       44   1.6813281250000001E+00   0.0000000000000000E+00
     112   9.6372472440944890E+01       45   1.7203125000000001E+00   0.0000000000000000E+00
     112   9.6372472440944890E+01       46   1.7592968750000000E+00   0.0000000000000000E+00
     112   9.6372472440944890E+01       47   1.7982812500000001E+00   0.0000000000000000E+00
     112   9.6372472440944890E+01       48   1.8372656250000001E+00   0.0000000000000000E+00
     112   9.6372472440944890E+01       49   1.8762500000000000E+00   0.0000000000000000E+00
     112   9.6372472440944890E+01       50   1.9152343750000000E+00   0.0000000000000000E+00
     112   9.6372472440944890E+01       51   1.9542187500000001E+00   0.0000000000000000E+00
     112   9.6372472440944890E+01       52   1.9932031250000002E+00   0.0000000000000000E+00
     112   9.6372472440944890E+01       53   2.0321875000000000E+00   0.0000000000000000E+00
     112   9.6372472440944890E+01       54   2.0711718750000001E+00   0.0000000000000000E+00
     112   9.6372472440944890E+01       55   2.1101562500000002E+00   0.0000000000000000E+00
     112   9.6372472440944890E+01       56   2.1491406250000002E+00   0.0000000000000000E+00
     112   9.6372472440944890E+01       57   2.1881249999999999E+00   0.0000000000000000E+00
     112   9.6372472440944890E+01       58   2.2271093749999999E+00   0.0000000000000000E+00
     112   9.6372472440944890E+01       59   2.2660937500000000E+00   0.0000000000000000E+00
     112   9.6372472440944890E+01       60   2.3050781250000001E+00   0.0000000000000000E+00
     112   9.6372472440944890E+01       61   2.3440625000000002E+00   0.0000000000000000E+00
     112   9.6372472440944890E+01       62   2.3830468750000002E+00   0.0000000000000000E+00
     112   9.6372472440944890E+01       63   2.4220312500000003E+00   0.0000000000000000E+00
     112   9.6372472440944890E+01       64   2.4610156249999999E+00   0.0000000000000000E+00
 
     113   9.7240692913385814E+01        1   5.0000000000000001E-03   0.0000000000000000E+00
     113   9.7240692913385814E+01        2   4.3984374999999999E-02   0.0000000000000000E+00
     113   9.7240692913385814E+01        3   8.2968750000000008E-02   0.0000000000000000E+00
     113   9.7240692913385814E+01        4   1.2195312500000001E-01   0.0000000000000000E+00
     113   9.7240692913385814E+01        5   1.6093750000000001E-01   0.0000000000000000E+00
     113   9.7240692913385814E+01        6   1.9992187500000000E-01   0.0000000000000000E+00
     113   9.7240692913385814E+01        7   2.3890625000000001E-01   0.0000000000000000E+00
     113   9.7240692913385814E+01        8   2.7789062500000000E-01   0.0000000000000000E+00
     113   9.7240692913385814E+01        9   3.1687500000000002E-01   0.0000000000000000E+00
     113   9.7240692913385814E+01       10   3.5585937500000003E-01   0.0000000000000000E+00
     113   9.7240692913385814E+01       11   3.9484374999999999E-01   0.0000000000000000E+00
     113   9.7240692913385814E+01       12   4.3382812500000001E-01   0.0000000000000000E+00
     113   9.7240692913385814E+01       13   4.7281250000000002E-01   0.0000000000000000E+00
     113   9.7240692913385814E+01       14   5.1179687500000004E-01   0.0000000000000000E+00
     113   9.7240692913385814E+01       15   5.5078125000000000E-01   0.0000000000000000E+00
     113   9.7240692913385814E+01       16   5.8976562500000007E-01   0.0000000000000000E+00
     113   9.7240692913385814E+01       17   6.2875000000000003E-01   0.0000000000000000E+00
     113   9.7240692913385814E+01       18   6.6773437499999999E-01   0.0000000000000000E+00
     113   9.7240692913385814E+01       19   7.0671875000000006E-01   0.0000000000000000E+00
     113   9.7240692913385814E+01       20   7.4570312500000002E-01   0.0000000000000000E+00
     113   9.7240692913385814E+01       21   7.8468749999999998E-01   0.0000000000000000E+00
     113   9.7240692913385814E+01       22   8.2367187500000005E-01   0.0000000000000000E+00
     113   9.7240692913385814E+01       23   8.6265625000000001E-01   0.0000000000000000E+00
     113   9.7240692913385814E+01       24   9.0164062500000008E-01   0.0000000000000000E+00
     113   9.7240692913385814E+01       25   9.4062500000000004E-01   0.0000000000000000E+00
     113   9.7240692913385814E+01       26   9.7960937500000000E-01   0.0000000000000000E+00
     113   9.7240692913385814E+01       27   1.0185937500000000E+00   0.0000000000000000E+00
     113   9.7240692913385814E+01       28   1.0575781250000000E+00   0.0000000000000000E+00
     113   9.7240692913385814E+01       29   1.0965625000000001E+00   0.0000000000000000E+00
     113   9.7240692913385814E+01       30   1.1355468750000000E+00   0.0000000000000000E+00
     113   9.7240692913385814E+01       31   1.1745312500000000E+00   0.0000000000000000E+00
     113   9.7240692913385814E+01       32   1.2135156250000001E+00   0.0000000000000000E+00
     113   9.7240692913385814E+01       33   1.2524999999999999E+00   0.0000000000000000E+00
     113   9.7240692913385814E+01       34   1.2914843750000000E+00   0.0000000000000000E+00
     113   9.7240692913385814E+01       35   1.3304687500000001E+00   0.0000000000000000E+00
     113   9.7240692913385814E+01       36   1.3694531250000002E+00   0.0000000000000000E+00
     113   9.7240692913385814E+01       37   1.4084375000000000E+00   0.0000000000000000E+00
     113   9.7240692913385814E+01       38   1.4474218750000001E+00   0.0000000000000000E+00
     113   9.7240692913385814E+01       39   1.4864062500000002E+00   0.0000000000000000E+00
     113   9.7240692913385814E+01       40   1.5253906250000000E+00   0.0000000000000000E+00
     113   9.7240692913385814E+01       41   1.5643750000000001E+00   0.0000000000000000E+00
     113   9.7240692913385814E+01       42   1.6033593750000001E+00   0.0000000000000000E+00
     113   9.7240692913385814E+01       43   1.6423437500000000E+00   0.0000000000000000E+00
     113   9.7240692913385814E+01       44   1.6813281250000001E+00   0.0000000000000000E+00
     113   9.7240692913385814E+01       45   1.7203125000000001E+00   0.0000000000000000E+00
     113   9.7240692913385814E+01       46   1.7592968750000000E+00   0.0000000000000000E+00
     113   9.7240692913385814E+01       47   1.7982812500000001E+00   0.0000000000000000E+00
     113   9.7240692913385814E+01       48   1.8372656250000001E+00   0.0000000000000000E+00
     113   9.7240692913385814E+01       49   1.8762500000000000E+00   0.0000000000000000E+00
     113   9.7240692913385814E+01       50   1.9152343750000000E+00   0.0000000000000000E+00
     113   9.7240692913385814E+01       51   1.9542187500000001E+00   0.0000000000000000E+00
     113   9.7240692913385814E+01       52   1.9932031250000002E+00   0.0000000000000000E+00
     113   9.7240692913385814E+01       53   2.0321875000000000E+00   0.0000000000000000E+00
     113   9.7240692913385814E+01       54   2.0711718750000001E+00   0.0000000000000000E+00
     113   9.7240692913385814E+01       55   2.1101562500000002E+00   0.0000000000000000E+00
     113   9.7240692913385814E+01       56   2.1491406250000002E+00   0.0000000000000000E+00
     113   9.7240692913385814E+01       57   2.1881249999999999E+00   0.0000000000000000E+00
     113   9.7240692913385814E+01       58   2.2271093749999999E+00   0.0000000000000000E+00
     113   9.7240692913385814E+01       59   2.2660937500000000E+00   0.0000000000000000E+00
     113   9.7240692913385814E+01       60   2.3050781250000001E+00   0.0000000000000000E+00
     113   9.7240692913385814E+01       61   2.3440625000000002E+00   0.0000000000000000E+00
     113   9.7240692913385814E+01       62   2.3830468750000002E+00   0.0000000000000000E+00
     113   9.7240692913385814E+01       63   2.4220312500000003E+00   0.0000000000000000E+00
     113   9.7240692913385814E+01       64   2.4610156249999999E+00   0.0000000000000000E+00
 
     114   9.8108913385826767E+01        1   5.0000000000000001E-03   0.0000000000000000E+00
     114   9.8108913385826767E+01        2   4.3984374999999999E-02   0.0000000000000000E+00
     114   9.8108913385826767E+01        3   8.2968750000000008E-02   0.0000000000000000E+00
     114   9.8108913385826767E+01        4   1.2195312500000001E-01   0.0000000000000000E+00
     114   9.8108913385826767E+01        5   1.6093750000000001E-01   0.0000000000000000E+00
     114   9.8108913385826767E+01        6   1.9992187500000000E-01   0.0000000000000000E+00
     114   9.8108913385826767E+01        7   2.3890625000000001E-01   0.0000000000000000E+00
     114   9.8108913385826767E+01        8   2.7789062500000000E-01   0.0000000000000000E+00
     114   9.8108913385826767E+01        9   3.1687500000000002E-01   0.0000000000000000E+00
     114   9.8108913385826767E+01       10   3.5585937500000003E-01   0.0000000000000000E+00
     114   9.8108913385826767E+01       11   3.9484374999999999E-01   0.0000000000000000E+00
     114   9.8108913385826767E+01       12   4.3382812500000001E-01   0.0000000000000000E+00
     114   9.8108913385826767E+01       13   4.7281250000000002E-01   0.0000000000000000E+00
     114   9.8108913385826767E+01       14   5.1179687500000004E-01   0.0000000000000000E+00
     114   9.8108913385826767E+01       15   5.5078125000000000E-01   0.0000000000000000E+00
     114   9.8108913385826767E+01       16   5.8976562500000007E-01   0.0000000000000000E+00
     114   9.8108913385826767E+01       17   6.2875000000000003E-01   0.0000000000000000E+00
     114   9.8108913385826767E+01       18   6.6773437499999999E-01   0.0000000000000000E+00
     114   9.8108913385826767E+01       19   7.0671875000000006E-01   0.0000000000000000E+00
     114   9.8108913385826767E+01       20   7.4570312500000002E-01   0.0000000000000000E+00
     114   9.8108913385826767E+01       21   7.8468749999999998E-01   0.0000000000000000E+00
     114   9.8108913385826767E+01       22   8.2367187500000005E-01   0.0000000000000000E+00
     114   9.8108913385826767E+01       23   8.6265625000000001E-01   0.0000000000000000E+00
     114   9.8108913385826767E+01       24   9.0164062500000008E-01   0.0000000000000000E+00
     114   9.8108913385826767E+01       25   9.4062500000000004E-01   0.0000000000000000E+00
     114   9.8108913385826767E+01       26   9.7960937500000000E-01   0.0000000000000000E+00
     114   9.8108913385826767E+01       27   1.0185937500000000E+00   0.0000000000000000E+00
     114   9.8108913385826767E+01       28   1.0575781250000000E+00   0.0000000000000000E+00
     114   9.8108913385826767E+01       29   1.0965625000000001E+00   0.0000000000000000E+00
     114   9.8108913385826767E+01       30   1.1355468750000000E+00   0.0000000000000000E+00
     114   9.8108913385826767E+01       31   1.1745312500000000E+00   0.0000000000000000E+00
     114   9.8108913385826767E+01       32   1.2135156250000001E+00   0.0000000000000000E+00
     114   9.8108913385826767E+01       33   1.2524999999999999E+00   0.0000000000000000E+00
     114   9.8108913385826767E+01       34   1.2914843750000000E+00   0.0000000000000000E+00
     114   9.8108913385826767E+01       35   1.3304687500000001E+00   0.0000000000000000E+00
     114   9.8108913385826767E+01       36   1.3694531250000002E+00   0.0000000000000000E+00
     114   9.8108913385826767E+01       37   1.4084375000000000E+00   0.0000000000000000E+00
     114   9.8108913385826767E+01       38   1.4474218750000001E+00   0.0000000000000000E+00
     114   9.8108913385826767E+01       39   1.4864062500000002E+00   0.0000000000000000E+00
     114   9.8108913385826767E+01       40   1.5253906250000000E+00   0.0000000000000000E+00
     114   9.8108913385826767E+01       41   1.5643750000000001E+00   0.0000000000000000E+00
     114   9.8108913385826767E+01       42   1.6033593750000001E+00   0.0000000000000000E+00
     114   9.8108913385826767E+01       43   1.6423437500000000E+00   0.0000000000000000E+00
     114   9.8108913385826767E+01       44   1.6813281250000001E+00   0.0000000000000000E+00
     114   9.8108913385826767E+01       45   1.7203125000000001E+00   0.0000000000000000E+00
     114   9.8108913385826767E+01       46   1.7592968750000000E+00   0.0000000000000000E+00
     114   9.8108913385826767E+01       47   1.7982812500000001E+00   0.0000000000000000E+00
     114   9.8108913385826767E+01       48   1.8372656250000001E+00   0.0000000000000000E+00
     114   9.8108913385826767E+01       49   1.8762500000000000E+00   0.0000000000000000E+00
     114   9.8108913385826767E+01       50   1.9152343750000000E+00   0.0000000000000000E+00
     114   9.8108913385826767E+01       51   1.9542187500000001E+00   0.0000000000000000E+00
     114   9.8108913385826767E+01       52   1.9932031250000002E+00   0.0000000000000000E+00
     114   9.8108913385826767E+01       53   2.0321875000000000E+00   0.0000000000000000E+00
     114   9.8108913385826767E+01       54   2.0711718750000001E+00   0.0000000000000000E+00
     114   9.8108913385826767E+01       55   2.1101562500000002E+00   0.0000000000000000E+00
     114   9.8108913385826767E+01       56   2.1491406250000002E+00   0.0000000000000000E+00
     114   9.8108913385826767E+01       57   2.1881249999999999E+00   0.0000000000000000E+00
     114   9.8108913385826767E+01       58   2.2271093749999999E+00   0.0000000000000000E+00
     114   9.8108913385826767E+01       59   2.2660937500000000E+00   0.0000000000000000E+00
     114   9.8108913385826767E+01       60   2.3050781250000001E+00   0.0000000000000000E+00
     114   9.8108913385826767E+01       61   2.3440625000000002E+00   0.0000000000000000E+00
     114   9.8108913385826767E+01       62   2.3830468750000002E+00   0.0000000000000000E+00
     114   9.8108913385826767E+01       63   2.4220312500000003E+00   0.0000000000000000E+00
     114   9.8108913385826767E+01       64   2.4610156249999999E+00   0.0000000000000000E+00
 
     115   9.8977133858267706E+01        1   5.0000000000000001E-03   0.0000000000000000E+00
     115   9.8977133858267706E+01        2   4.3984374999999999E-02   0.0000000000000000E+00
     115   9.8977133858267706E+01        3   8.2968750000000008E-02   0.0000000000000000E+00
     115   9.8977133858267706E+01        4   1.2195312500000001E-01   0.0000000000000000E+00
     115   9.8977133858267706E+01        5   1.6093750000000001E-01   0.0000000000000000E+00
     115   9.8977133858267706E+01        6   1.9992187500000000E-01   0.0000000000000000E+00
     115   9.8977133858267706E+01        7   2.3890625000000001E-01   0.0000000000000000E+00
     115   9.8977133858267706E+01        8   2.7789062500000000E-01   0.0000000000000000E+00
     115   9.8977133858267706E+01        9   3.1687500000000002E-01   0.0000000000000000E+00
     115   9.8977133858267706E+01       10   3.5585937500000003E-01   0.0000000000000000E+00
     115   9.8977133858267706E+01       11   3.9484374999999999E-01   0.0000000000000000E+00
     115   9.8977133858267706E+01       12   4.3382812500000001E-01   0.0000000000000000E+00
     115   9.8977133858267706E+01       13   4.7281250000000002E-01   0.0000000000000000E+00
     115   9.8977133858267706E+01       14   5.1179687500000004E-01   0.0000000000000000E+00
     115   9.8977133858267706E+01       15   5.5078125000000000E-01   0.0000000000000000E+00
     115   9.8977133858267706E+01       16   5.8976562500000007E-01   0.0000000000000000E+00
     115   9.8977133858267706E+01       17   6.2875000000000003E-01   0.0000000000000000E+00
     115   9.8977133858267706E+01       18   6.6773437499999999E-01   0.0000000000000000E+00
     115   9.8977133858267706E+01       19   7.0671875000000006E-01   0.0000000000000000E+00
     115   9.8977133858267706E+01       20   7.4570312500000002E-01   0.0000000000000000E+00
     115   9.8977133858267706E+01       21   7.8468749999999998E-01   0.0000000000000000E+00
     115   9.8977133858267706E+01       22   8.2367187500000005E-01   0.0000000000000000E+00
     115   9.8977133858267706E+01       23   8.6265625000000001E-01   0.0000000000000000E+00
     115   9.8977133858267706E+01       24   9.0164062500000008E-01   0.0000000000000000E+00
     115   9.8977133858267706E+01       25   9.4062500000000004E-01   0.0000000000000000E+00
     115   9.8977133858267706E+01       26   9.7960937500000000E-01   0.0000000000000000E+00
     115   9.8977133858267706E+01       27   1.0185937500000000E+00   0.0000000000000000E+00
     115   9.8977133858267706E+01       28   1.0575781250000000E+00   0.0000000000000000E+00
     115   9.8977133858267706E+01       29   1.0965625000000001E+00   0.0000000000000000E+00
     115   9.8977133858267706E+01       30   1.1355468750000000E+00   0.0000000000000000E+00
     115   9.8977133858267706E+01       31   1.1745312500000000E+00   0.0000000000000000E+00
     115   9.8977133858267706E+01       32   1.2135156250000001E+00   0.0000000000000000E+00
     115   9.8977133858267706E+01       33   1.2524999999999999E+00   0.0000000000000000E+00
     115   9.8977133858267706E+01       34   1.2914843750000000E+00   0.0000000000000000E+00
     115   9.8977133858267706E+01       35   1.3304687500000001E+00   0.0000000000000000E+00
     115   9.8977133858267706E+01       36   1.3694531250000002E+00   0.0000000000000000E+00
     115   9.8977133858267706E+01       37   1.4084375000000000E+00   0.0000000000000000E+00
     115   9.8977133858267706E+01       38   1.4474218750000001E+00   0.0000000000000000E+00
     115   9.8977133858267706E+01       39   1.4864062500000002E+00   0.0000000000000000E+00
     115   9.8977133858267706E+01       40   1.5253906250000000E+00   0.0000000000000000E+00
     115   9.8977133858267706E+01       41   1.5643750000000001E+00   0.0000000000000000E+00
     115   9.8977133858267706E+01       42   1.6033593750000001E+00   0.0000000000000000E+00
     115   9.8977133858267706E+01       43   1.6423437500000000E+00   0.0000000000000000E+00
     115   9.8977133858267706E+01       44   1.6813281250000001E+00   0.0000000000000000E+00
     115   9.8977133858267706E+01       45   1.7203125000000001E+00   0.0000000000000000E+00
     115   9.8977133858267706E+01       46   1.7592968750000000E+00   0.0000000000000000E+00
     115   9.8977133858267706E+01       47   1.7982812500000001E+00   0.0000000000000000E+00
     115   9.8977133858267706E+01       48   1.8372656250000001E+00   0.0000000000000000E+00
     115   9.8977133858267706E+01       49   1.8762500000000000E+00   0.0000000000000000E+00
     115   9.8977133858267706E+01       50   1.9152343750000000E+00   0.0000000000000000E+00
     115   9.8977133858267706E+01       51   1.9542187500000001E+00   0.0000000000000000E+00
     115   9.8977133858267706E+01       52   1.9932031250000002E+00   0.0000000000000000E+00
     115   9.8977133858267706E+01       53   2.0321875000000000E+00   0.0000000000000000E+00
     115   9.8977133858267706E+01       54   2.0711718750000001E+00   0.0000000000000000E+00
     115   9.8977133858267706E+01       55   2.1101562500000002E+00   0.0000000000000000E+00
     115   9.8977133858267706E+01       56   2.1491406250000002E+00   0.0000000000000000E+00
     115   9.8977133858267706E+01       57   2.1881249999999999E+00   0.0000000000000000E+00
     115   9.8977133858267706E+01       58   2.2271093749999999E+00   0.0000000000000000E+00
     115   9.8977133858267706E+01       59   2.2660937500000000E+00   0.0000000000000000E+00
     115   9.8977133858267706E+01       60   2.3050781250000001E+00   0.0000000000000000E+00
     115   9.8977133858267706E+01       61   2.3440625000000002E+00   0.0000000000000000E+00
     115   9.8977133858267706E+01       62   2.3830468750000002E+00   0.0000000000000000E+00
     115   9.8977133858267706E+01       63   2.4220312500000003E+00   0.0000000000000000E+00
     115   9.8977133858267706E+01       64   2.4610156249999999E+00   0.0000000000000000E+00
 
     116   9.9845354330708645E+01        1   5.0000000000000001E-03   0.0000000000000000E+00
     116   9.9845354330708645E+01        2   4.3984374999999999E-02   0.0000000000000000E+00
     116   9.9845354330708645E+01        3   8.2968750000000008E-02   0.0000000000000000E+00
     116   9.9845354330708645E+01        4   1.2195312500000001E-01   0.0000000000000000E+00
     116   9.9845354330708645E+01        5   1.6093750000000001E-01   0.0000000000000000E+00
     116   9.9845354330708645E+01        6   1.9992187500000000E-01   0.0000000000000000E+00
     116   9.9845354330708645E+01        7   2.3890625000000001E-01   0.0000000000000000E+00
     116   9.9845354330708645E+01        8   2.7789062500000000E-01   0.0000000000000000E+00
     116   9.9845354330708645E+01        9   3.1687500000000002E-01   0.0000000000000000E+00
     116   9.9845354330708645E+01       10   3.5585937500000003E-01   0.0000000000000000E+00
     116   9.9845354330708645E+01       11   3.9484374999999999E-01   0.0000000000000000E+00
     116   9.9845354330708645E+01       12   4.3382812500000001E-01   0.0000000000000000E+00
     116   9.9845354330708645E+01       13   4.7281250000000002E-01   0.0000000000000000E+00
     116   9.9845354330708645E+01       14   5.1179687500000004E-01   0.0000000000000000E+00
     116   9.9845354330708645E+01       15   5.5078125000000000E-01   0.0000000000000000E+00
     116   9.9845354330708645E+01       16   5.8976562500000007E-01   0.0000000000000000E+00
     116   9.9845354330708645E+01       17   6.2875000000000003E-01   0.0000000000000000E+00
     116   9.9845354330708645E+01       18   6.6773437499999999E-01   0.0000000000000000E+00
     116   9.9845354330708645E+01       19   7.0671875000000006E-01   0.0000000000000000E+00
     116   9.9845354330708645E+01       20   7.4570312500000002E-01   0.0000000000000000E+00
     116   9.9845354330708645E+01       21   7.8468749999999998E-01   0.0000000000000000E+00
     116   9.9845354330708645E+01       22   8.2367187500000005E-01   0.0000000000000000E+00
     116   9.9845354330708645E+01       23   8.6265625000000001E-01   0.0000000000000000E+00
     116   9.9845354330708645E+01       24   9.0164062500000008E-01   0.0000000000000000E+00
     116   9.9845354330708645E+01       25   9.4062500000000004E-01   0.0000000000000000E+00
     116   9.9845354330708645E+01       26   9.7960937500000000E-01   0.0000000000000000E+00
     116   9.9845354330708645E+01       27   1.0185937500000000E+00   0.0000000000000000E+00
     116   9.9845354330708645E+01       28   1.0575781250000000E+00   0.0000000000000000E+00
     116   9.9845354330708645E+01       29   1.0965625000000001E+00   0.0000000000000000E+00
     116   9.9845354330708645E+01       30   1.1355468750000000E+00   0.0000000000000000E+00
     116   9.9845354330708645E+01       31   1.1745312500000000E+00   0.0000000000000000E+00
     116   9.9845354330708645E+01       32   1.2135156250000001E+00   0.0000000000000000E+00
     116   9.9845354330708645E+01       33   1.2524999999999999E+00   0.0000000000000000E+00
     116   9.9845354330708645E+01       34   1.2914843750000000E+00   0.0000000000000000E+00
     116   9.9845354330708645E+01       35   1.3304687500000001E+00   0.0000000000000000E+00
     116   9.9845354330708645E+01       36   1.3694531250000002E+00   0.0000000000000000E+00
     116   9.9845354330708645E+01       37   1.4084375000000000E+00   0.0000000000000000E+00
     116   9.9845354330708645E+01       38   1.4474218750000001E+00   0.0000000000000000E+00
     116   9.9845354330708645E+01       39   1.4864062500000002E+00   0.0000000000000000E+00
     116   9.9845354330708645E+01       40   1.5253906250000000E+00   0.0000000000000000E+00
     116   9.9845354330708645E+01       41   1.5643750000000001E+00   0.0000000000000000E+00
     116   9.9845354330708645E+01       42   1.6033593750000001E+00   0.0000000000000000E+00
     116   9.9845354330708645E+01       43   1.6423437500000000E+00   0.0000000000000000E+00
     116   9.9845354330708645E+01       44   1.6813281250000001E+00   0.0000000000000000E+00
     116   9.9845354330708645E+01       45   1.7203125000000001E+00   0.0000000000000000E+00
     116   9.9845354330708645E+01       46   1.7592968750000000E+00   0.0000000000000000E+00
     116   9.9845354330708645E+01       47   1.7982812500000001E+00   0.0000000000000000E+00
     116   9.9845354330708645E+01       48   1.8372656250000001E+00   0.0000000000000000E+00
     116   9.9845354330708645E+01       49   1.8762500000000000E+00   0.0000000000000000E+00
     116   9.9845354330708645E+01       50   1.9152343750000000E+00   0.0000000000000000E+00
     116   9.9845354330708645E+01       51   1.9542187500000001E+00   0.0000000000000000E+00
     116   9.9845354330708645E+01       52   1.9932031250000002E+00   0.0000000000000000E+00
     116   9.9845354330708645E+01       53   2.0321875000000000E+00   0.0000000000000000E+00
     116   9.9845354330708645E+01       54   2.0711718750000001E+00   0.0000000000000000E+00
     116   9.9845354330708645E+01       55   2.1101562500000002E+00   0.0000000000000000E+00
     116   9.9845354330708645E+01       56   2.1491406250000002E+00   0.0000000000000000E+00
     116   9.9845354330708645E+01       57   2.1881249999999999E+00   0.0000000000000000E+00
     116   9.9845354330708645E+01       58   2.2271093749999999E+00   0.0000000000000000E+00
     116   9.9845354330708645E+01       59   2.2660937500000000E+00   0.0000000000000000E+00
     116   9.9845354330708645E+01       60   2.3050781250000001E+00   0.0000000000000000E+00
     116   9.9845354330708645E+01       61   2.3440625000000002E+00   0.0000000000000000E+00
     116   9.9845354330708645E+01       62   2.3830468750000002E+00   0.0000000000000000E+00
     116   9.9845354330708645E+01       63   2.4220312500000003E+00   0.0000000000000000E+00
     116   9.9845354330708645E+01       64   2.4610156249999999E+00   0.0000000000000000E+00
 
     117   1.0071357480314960E+02        1   5.0000000000000001E-03   0.0000000000000000E+00
     117   1.0071357480314960E+02        2   4.3984374999999999E-02   0.0000000000000000E+00
     117   1.0071357480314960E+02        3   8.2968750000000008E-02   0.0000000000000000E+00
     117   1.0071357480314960E+02        4   1.2195312500000001E-01   0.0000000000000000E+00
     117   1.0071357480314960E+02        5   1.6093750000000001E-01   0.0000000000000000E+00
     117   1.0071357480314960E+02        6   1.9992187500000000E-01   0.0000000000000000E+00
     117   1.0071357480314960E+02        7   2.3890625000000001E-01   0.0000000000000000E+00
     117   1.0071357480314960E+02        8   2.7789062500000000E-01   0.0000000000000000E+00
     117   1.0071357480314960E+02        9   3.1687500000000002E-01   0.0000000000000000E+00
     117   1.0071357480314960E+02       10   3.5585937500000003E-01   0.0000000000000000E+00
     117   1.0071357480314960E+02       11   3.9484374999999999E-01   0.0000000000000000E+00
     117   1.0071357480314960E+02       12   4.3382812500000001E-01   0.0000000000000000E+00
     117   1.0071357480314960E+02       13   4.7281250000000002E-01   0.0000000000000000E+00
     117   1.0071357480314960E+02       14   5.1179687500000004E-01   0.0000000000000000E+00
     117   1.0071357480314960E+02       15   5.5078125000000000E-01   0.0000000000000000E+00
     117   1.0071357480314960E+02       16   5.8976562500000007E-01   0.0000000000000000E+00
     117   1.0071357480314960E+02       17   6.2875000000000003E-01   0.0000000000000000E+00
     117   1.0071357480314960E+02       18   6.6773437499999999E-01   0.0000000000000000E+00
     117   1.0071357480314960E+02       19   7.0671875000000006E-01   0.0000000000000000E+00
     117   1.0071357480314960E+02       20   7.4570312500000002E-01   0.0000000000000000E+00
     117   1.0071357480314960E+02       21   7.8468749999999998E-01   0.0000000000000000E+00
     117   1.0071357480314960E+02       22   8.2367187500000005E-01   0.0000000000000000E+00
     117   1.0071357480314960E+02       23   8.6265625000000001E-01   0.0000000000000000E+00
     117   1.0071357480314960E+02       24   9.0164062500000008E-01   0.0000000000000000E+00
     117   1.0071357480314960E+02       25   9.4062500000000004E-01   0.0000000000000000E+00
     117   1.0071357480314960E+02       26   9.7960937500000000E-01   0.0000000000000000E+00
     117   1.0071357480314960E+02       27   1.0185937500000000E+00   0.0000000000000000E+00
     117   1.0071357480314960E+02       28   1.0575781250000000E+00   0.0000000000000000E+00
     117   1.0071357480314960E+02       29   1.0965625000000001E+00   0.0000000000000000E+00
     117   1.0071357480314960E+02       30   1.1355468750000000E+00   0.0000000000000000E+00
     117   1.0071357480314960E+02       31   1.1745312500000000E+00   0.0000000000000000E+00
     117   1.0071357480314960E+02       32   1.2135156250000001E+00   0.0000000000000000E+00
     117   1.0071357480314960E+02       33   1.2524999999999999E+00   0.0000000000000000E+00
     117   1.0071357480314960E+02       34   1.2914843750000000E+00   0.0000000000000000E+00
     117   1.0071357480314960E+02       35   1.3304687500000001E+00   0.0000000000000000E+00
     117   1.0071357480314960E+02       36   1.3694531250000002E+00   0.0000000000000000E+00
     117   1.0071357480314960E+02       37   1.4084375000000000E+00   0.0000000000000000E+00
     117   1.0071357480314960E+02       38   1.4474218750000001E+00   0.0000000000000000E+00
     117   1.0071357480314960E+02       39   1.4864062500000002E+00   0.0000000000000000E+00
     117   1.0071357480314960E+02       40   1.5253906250000000E+00   0.0000000000000000E+00
     117   1.0071357480314960E+02       41   1.5643750000000001E+00   0.0000000000000000E+00
     117   1.0071357480314960E+02       42   1.6033593750000001E+00   0.0000000000000000E+00
     117   1.0071357480314960E+02       43   1.6423437500000000E+00   0.0000000000000000E+00
     117   1.0071357480314960E+02       44   1.6813281250000001E+00   0.0000000000000000E+00
     117   1.0071357480314960E+02       45   1.7203125000000001E+00   0.0000000000000000E+00
     117   1.0071357480314960E+02       46   1.7592968750000000E+00   0.0000000000000000E+00
     117   1.0071357480314960E+02       47   1.7982812500000001E+00   0.0000000000000000E+00
     117   1.0071357480314960E+02       48   1.8372656250000001E+00   0.0000000000000000E+00
     117   1.0071357480314960E+02       49   1.8762500000000000E+00   0.0000000000000000E+00
     117   1.0071357480314960E+02       50   1.9152343750000000E+00   0.0000000000000000E+00
     117   1.0071357480314960E+02       51   1.9542187500000001E+00   0.0000000000000000E+00
     117   1.0071357480314960E+02       52   1.9932031250000002E+00   0.0000000000000000E+00
     117   1.0071357480314960E+02       53   2.0321875000000000E+00   0.0000000000000000E+00
     117   1.0071357480314960E+02       54   2.0711718750000001E+00   0.0000000000000000E+00
     117   1.0071357480314960E+02       55   2.1101562500000002E+00   0.0000000000000000E+00
     117   1.0071357480314960E+02       56   2.1491406250000002E+00   0.0000000000000000E+00
     117   1.0071357480314960E+02       57   2.1881249999999999E+00   0.0000000000000000E+00
     117   1.0071357480314960E+02       58   2.2271093749999999E+00   0.0000000000000000E+00
     117   1.0071357480314960E+02       59   2.2660937500000000E+00   0.0000000000000000E+00
     117   1.0071357480314960E+02       60   2.3050781250000001E+00   0.0000000000000000E+00
     117   1.0071357480314960E+02       61   2.3440625000000002E+00   0.0000000000000000E+00
     117   1.0071357480314960E+02       62   2.3830468750000002E+00   0.0000000000000000E+00
     117   1.0071357480314960E+02       63   2.4220312500000003E+00   0.0000000000000000E+00
     117   1.0071357480314960E+02       64   2.4610156249999999E+00   0.0000000000000000E+00
 
     118   1.0158179527559054E+02        1   5.0000000000000001E-03   0.0000000000000000E+00
     118   1.0158179527559054E+02        2   4.3984374999999999E-02   0.0000000000000000E+00
     118   1.0158179527559054E+02        3   8.2968750000000008E-02   0.0000000000000000E+00
     118   1.0158179527559054E+02        4   1.2195312500000001E-01   0.0000000000000000E+00
     118   1.0158179527559054E+02        5   1.6093750000000001E-01   0.0000000000000000E+00
     118   1.0158179527559054E+02        6   1.9992187500000000E-01   0.0000000000000000E+00
     118   1.0158179527559054E+02        7   2.3890625000000001E-01   0.0000000000000000E+00
     118   1.0158179527559054E+02        8   2.7789062500000000E-01   0.0000000000000000E+00
     118   1.0158179527559054E+02        9   3.1687500000000002E-01   0.0000000000000000E+00
     118   1.0158179527559054E+02       10   3.5585937500000003E-01   0.0000000000000000E+00
     118   1.0158179527559054E+02       11   3.9484374999999999E-01   0.0000000000000000E+00
     118   1.0158179527559054E+02       12   4.3382812500000001E-01   0.0000000000000000E+00
     118   1.0158179527559054E+02       13   4.7281250000000002E-01   0.0000000000000000E+00
     118   1.0158179527559054E+02       14   5.1179687500000004E-01   0.0000000000000000E+00
     118   1.0158179527559054E+02       15   5.5078125000000000E-01   0.0000000000000000E+00
     118   1.0158179527559054E+02       16   5.8976562500000007E-01   0.0000000000000000E+00
     118   1.0158179527559054E+02       17   6.2875000000000003E-01   0.0000000000000000E+00
     118   1.0158179527559054E+02       18   6.6773437499999999E-01   0.0000000000000000E+00
     118   1.0158179527559054E+02       19   7.0671875000000006E-01   0.0000000000000000E+00
     118   1.0158179527559054E+02       20   7.4570312500000002E-01   0.0000000000000000E+00
     118   1.0158179527559054E+02       21   7.8468749999999998E-01   0.0000000000000000E+00
     118   1.0158179527559054E+02       22   8.2367187500000005E-01   0.0000000000000000E+00
     118   1.0158179527559054E+02       23   8.6265625000000001E-01   0.0000000000000000E+00
     118   1.0158179527559054E+02       24   9.0164062500000008E-01   0.0000000000000000E+00
     118   1.0158179527559054E+02       25   9.4062500000000004E-01   0.0000000000000000E+00
     118   1.0158179527559054E+02       26   9.7960937500000000E-01   0.0000000000000000E+00
     118   1.0158179527559054E+02       27   1.0185937500000000E+00   0.0000000000000000E+00
     118   1.0158179527559054E+02       28   1.0575781250000000E+00   0.0000000000000000E+00
     118   1.0158179527559054E+02       29   1.0965625000000001E+00   0.0000000000000000E+00
     118   1.0158179527559054E+02       30   1.1355468750000000E+00   0.0000000000000000E+00
     118   1.0158179527559054E+02       31   1.1745312500000000E+00   0.0000000000000000E+00
     118   1.0158179527559054E+02       32   1.2135156250000001E+00   0.0000000000000000E+00
     118   1.0158179527559054E+02       33   1.2524999999999999E+00   0.0000000000000000E+00
     118   1.0158179527559054E+02       34   1.2914843750000000E+00   0.0000000000000000E+00
     118   1.0158179527559054E+02       35   1.3304687500000001E+00   0.0000000000000000E+00
     118   1.0158179527559054E+02       36   1.3694531250000002E+00   0.0000000000000000E+00
     118   1.0158179527559054E+02       37   1.4084375000000000E+00   0.0000000000000000E+00
     118   1.0158179527559054E+02       38   1.4474218750000001E+00   0.0000000000000000E+00
     118   1.0158179527559054E+02       39   1.4864062500000002E+00   0.0000000000000000E+00
     118   1.0158179527559054E+02       40   1.5253906250000000E+00   0.0000000000000000E+00
     118   1.0158179527559054E+02       41   1.5643750000000001E+00   0.0000000000000000E+00
     118   1.0158179527559054E+02       42   1.6033593750000001E+00   0.0000000000000000E+00
     118   1.0158179527559054E+02       43   1.6423437500000000E+00   0.0000000000000000E+00
     118   1.0158179527559054E+02       44   1.6813281250000001E+00   0.0000000000000000E+00
     118   1.0158179527559054E+02       45   1.7203125000000001E+00   0.0000000000000000E+00
     118   1.0158179527559054E+02       46   1.7592968750000000E+00   0.0000000000000000E+00
     118   1.0158179527559054E+02       47   1.7982812500000001E+00   0.0000000000000000E+00
     118   1.0158179527559054E+02       48   1.8372656250000001E+00   0.0000000000000000E+00
     118   1.0158179527559054E+02       49   1.8762500000000000E+00   0.0000000000000000E+00
     118   1.0158179527559054E+02       50   1.9152343750000000E+00   0.0000000000000000E+00
     118   1.0158179527559054E+02       51   1.9542187500000001E+00   0.0000000000000000E+00
     118   1.0158179527559054E+02       52   1.9932031250000002E+00   0.0000000000000000E+00
     118   1.0158179527559054E+02       53   2.0321875000000000E+00   0.0000000000000000E+00
     118   1.0158179527559054E+02       54   2.0711718750000001E+00   0.0000000000000000E+00
     118   1.0158179527559054E+02       55   2.1101562500000002E+00   0.0000000000000000E+00
     118   1.0158179527559054E+02       56   2.1491406250000002E+00   0.0000000000000000E+00
     118   1.0158179527559054E+02       57   2.1881249999999999E+00   0.0000000000000000E+00
     118   1.0158179527559054E+02       58   2.2271093749999999E+00   0.0000000000000000E+00
     118   1.0158179527559054E+02       59   2.2660937500000000E+00   0.0000000000000000E+00
     118   1.0158179527559054E+02       60   2.3050781250000001E+00   0.0000000000000000E+00
     118   1.0158179527559054E+02       61   2.3440625000000002E+00   0.0000000000000000E+00
     118   1.0158179527559054E+02       62   2.3830468750000002E+00   0.0000000000000000E+00
     118   1.0158179527559054E+02       63   2.4220312500000003E+00   0.0000000000000000E+00
     118   1.0158179527559054E+02       64   2.4610156249999999E+00   0.0000000000000000E+00
 
     119   1.0245001574803149E+02        1   5.0000000000000001E-03   0.0000000000000000E+00
     119   1.0245001574803149E+02        2   4.3984374999999999E-02   0.0000000000000000E+00
     119   1.0245001574803149E+02        3   8.2968750000000008E-02   0.0000000000000000E+00
     119   1.0245001574803149E+02        4   1.2195312500000001E-01   0.0000000000000000E+00
     119   1.0245001574803149E+02        5   1.6093750000000001E-01   0.0000000000000000E+00
     119   1.0245001574803149E+02        6   1.9992187500000000E-01   0.0000000000000000E+00
     119   1.0245001574803149E+02        7   2.3890625000000001E-01   0.0000000000000000E+00
     119   1.0245001574803149E+02        8   2.7789062500000000E-01   0.0000000000000000E+00
     119   1.0245001574803149E+02        9   3.1687500000000002E-01   0.0000000000000000E+00
     119   1.0245001574803149E+02       10   3.5585937500000003E-01   0.0000000000000000E+00
     119   1.0245001574803149E+02       11   3.9484374999999999E-01   0.0000000000000000E+00
     119   1.0245001574803149E+02       12   4.3382812500000001E-01   0.0000000000000000E+00
     119   1.0245001574803149E+02       13   4.7281250000000002E-01   0.0000000000000000E+00
     119   1.0245001574803149E+02       14   5.1179687500000004E-01   0.0000000000000000E+00
     119   1.0245001574803149E+02       15   5.5078125000000000E-01   0.0000000000000000E+00
     119   1.0245001574803149E+02       16   5.8976562500000007E-01   0.0000000000000000E+00
     119   1.0245001574803149E+02       17   6.2875000000000003E-01   0.0000000000000000E+00
     119   1.0245001574803149E+02       18   6.6773437499999999E-01   0.0000000000000000E+00
     119   1.0245001574803149E+02       19   7.0671875000000006E-01   0.0000000000000000E+00
     119   1.0245001574803149E+02       20   7.4570312500000002E-01   0.0000000000000000E+00
     119   1.0245001574803149E+02       21   7.8468749999999998E-01   0.0000000000000000E+00
     119   1.0245001574803149E+02       22   8.2367187500000005E-01   0.0000000000000000E+00
     119   1.0245001574803149E+02       23   8.6265625000000001E-01   0.0000000000000000E+00
     119   1.0245001574803149E+02       24   9.0164062500000008E-01   0.0000000000000000E+00
     119   1.0245001574803149E+02       25   9.4062500000000004E-01   0.0000000000000000E+00
     119   1.0245001574803149E+02       26   9.7960937500000000E-01   0.0000000000000000E+00
     119   1.0245001574803149E+02       27   1.0185937500000000E+00   0.0000000000000000E+00
     119   1.0245001574803149E+02       28   1.0575781250000000E+00   0.0000000000000000E+00
     119   1.0245001574803149E+02       29   1.0965625000000001E+00   0.0000000000000000E+00
     119   1.0245001574803149E+02       30   1.1355468750000000E+00   0.0000000000000000E+00
     119   1.0245001574803149E+02       31   1.1745312500000000E+00   0.0000000000000000E+00
     119   1.0245001574803149E+02       32   1.2135156250000001E+00   0.0000000000000000E+00
     119   1.0245001574803149E+02       33   1.2524999999999999E+00   0.0000000000000000E+00
     119   1.0245001574803149E+02       34   1.2914843750000000E+00   0.0000000000000000E+00
     119   1.0245001574803149E+02       35   1.3304687500000001E+00   0.0000000000000000E+00
     119   1.0245001574803149E+02       36   1.3694531250000002E+00   0.0000000000000000E+00
     119   1.0245001574803149E+02       37   1.4084375000000000E+00   0.0000000000000000E+00
     119   1.0245001574803149E+02       38   1.4474218750000001E+00   0.0000000000000000E+00
     119   1.0245001574803149E+02       39   1.4864062500000002E+00   0.0000000000000000E+00
     119   1.0245001574803149E+02       40   1.5253906250000000E+00   0.0000000000000000E+00
     119   1.0245001574803149E+02       41   1.5643750000000001E+00   0.0000000000000000E+00
     119   1.0245001574803149E+02       42   1.6033593750000001E+00   0.0000000000000000E+00
     119   1.0245001574803149E+02       43   1.6423437500000000E+00   0.0000000000000000E+00
     119   1.0245001574803149E+02       44   1.6813281250000001E+00   0.0000000000000000E+00
     119   1.0245001574803149E+02       45   1.7203125000000001E+00   0.0000000000000000E+00
     119   1.0245001574803149E+02       46   1.7592968750000000E+00   0.0000000000000000E+00
     119   1.0245001574803149E+02       47   1.7982812500000001E+00   0.0000000000000000E+00
     119   1.0245001574803149E+02       48   1.8372656250000001E+00   0.0000000000000000E+00
     119   1.0245001574803149E+02       49   1.8762500000000000E+00   0.0000000000000000E+00
     119   1.0245001574803149E+02       50   1.9152343750000000E+00   0.0000000000000000E+00
     119   1.0245001574803149E+02       51   1.9542187500000001E+00   0.0000000000000000E+00
     119   1.0245001574803149E+02       52   1.9932031250000002E+00   0.0000000000000000E+00
     119   1.0245001574803149E+02       53   2.0321875000000000E+00   0.0000000000000000E+00
     119   1.0245001574803149E+02       54   2.0711718750000001E+00   0.0000000000000000E+00
     119   1.0245001574803149E+02       55   2.1101562500000002E+00   0.0000000000000000E+00
     119   1.0245001574803149E+02       56   2.1491406250000002E+00   0.0000000000000000E+00
     119   1.0245001574803149E+02       57   2.1881249999999999E+00   0.0000000000000000E+00
     119   1.0245001574803149E+02       58   2.2271093749999999E+00   0.0000000000000000E+00
     119   1.0245001574803149E+02       59   2.2660937500000000E+00   0.0000000000000000E+00
     119   1.0245001574803149E+02       60   2.3050781250000001E+00   0.0000000000000000E+00
     119   1.0245001574803149E+02       61   2.3440625000000002E+00   0.0000000000000000E+00
     119   1.0245001574803149E+02       62   2.3830468750000002E+00   0.0000000000000000E+00
     119   1.0245001574803149E+02       63   2.4220312500000003E+00   0.0000000000000000E+00
     119   1.0245001574803149E+02       64   2.4610156249999999E+00   0.0000000000000000E+00
 
     120   1.0331823622047243E+02        1   5.0000000000000001E-03   0.0000000000000000E+00
     120   1.0331823622047243E+02        2   4.3984374999999999E-02   0.0000000000000000E+00
     120   1.0331823622047243E+02        3   8.2968750000000008E-02   0.0000000000000000E+00
     120   1.0331823622047243E+02        4   1.2195312500000001E-01   0.0000000000000000E+00
     120   1.0331823622047243E+02        5   1.6093750000000001E-01   0.0000000000000000E+00
     120   1.0331823622047243E+02        6   1.9992187500000000E-01   0.0000000000000000E+00
     120   1.0331823622047243E+02        7   2.3890625000000001E-01   0.0000000000000000E+00
     120   1.0331823622047243E+02        8   2.7789062500000000E-01   0.0000000000000000E+00
     120   1.0331823622047243E+02        9   3.1687500000000002E-01   0.0000000000000000E+00
     120   1.0331823622047243E+02       10   3.5585937500000003E-01   0.0000000000000000E+00
     120   1.0331823622047243E+02       11   3.9484374999999999E-01   0.0000000000000000E+00
     120   1.0331823622047243E+02       12   4.3382812500000001E-01   0.0000000000000000E+00
     120   1.0331823622047243E+02       13   4.7281250000000002E-01   0.0000000000000000E+00
     120   1.0331823622047243E+02       14   5.1179687500000004E-01   0.0000000000000000E+00
     120   1.0331823622047243E+02       15   5.5078125000000000E-01   0.0000000000000000E+00
     120   1.0331823622047243E+02       16   5.8976562500000007E-01   0.0000000000000000E+00
     120   1.0331823622047243E+02       17   6.2875000000000003E-01   0.0000000000000000E+00
     120   1.0331823622047243E+02       18   6.6773437499999999E-01   0.0000000000000000E+00
     120   1.0331823622047243E+02       19   7.0671875000000006E-01   0.0000000000000000E+00
     120   1.0331823622047243E+02       20   7.4570312500000002E-01   0.0000000000000000E+00
     120   1.0331823622047243E+02       21   7.8468749999999998E-01   0.0000000000000000E+00
     120   1.0331823622047243E+02       22   8.2367187500000005E-01   0.0000000000000000E+00
     120   1.0331823622047243E+02       23   8.6265625000000001E-01   0.0000000000000000E+00
     120   1.0331823622047243E+02       24   9.0164062500000008E-01   0.0000000000000000E+00
     120   1.0331823622047243E+02       25   9.4062500000000004E-01   0.0000000000000000E+00
     120   1.0331823622047243E+02       26   9.7960937500000000E-01   0.0000000000000000E+00
     120   1.0331823622047243E+02       27   1.0185937500000000E+00   0.0000000000000000E+00
     120   1.0331823622047243E+02       28   1.0575781250000000E+00   0.0000000000000000E+00
     120   1.0331823622047243E+02       29   1.0965625000000001E+00   0.0000000000000000E+00
     120   1.0331823622047243E+02       30   1.1355468750000000E+00   0.0000000000000000E+00
     120   1.0331823622047243E+02       31   1.1745312500000000E+00   0.0000000000000000E+00
     120   1.0331823622047243E+02       32   1.2135156250000001E+00   0.0000000000000000E+00
     120   1.0331823622047243E+02       33   1.2524999999999999E+00   0.0000000000000000E+00
     120   1.0331823622047243E+02       34   1.2914843750000000E+00   0.0000000000000000E+00
     120   1.0331823622047243E+02       35   1.3304687500000001E+00   0.0000000000000000E+00
     120   1.0331823622047243E+02       36   1.3694531250000002E+00   0.0000000000000000E+00
     120   1.0331823622047243E+02       37   1.4084375000000000E+00   0.0000000000000000E+00
     120   1.0331823622047243E+02       38   1.4474218750000001E+00   0.0000000000000000E+00
     120   1.0331823622047243E+02       39   1.4864062500000002E+00   0.0000000000000000E+00
     120   1.0331823622047243E+02       40   1.5253906250000000E+00   0.0000000000000000E+00
     120   1.0331823622047243E+02       41   1.5643750000000001E+00   0.0000000000000000E+00
     120   1.0331823622047243E+02       42   1.6033593750000001E+00   0.0000000000000000E+00
     120   1.0331823622047243E+02       43   1.6423437500000000E+00   0.0000000000000000E+00
     120   1.0331823622047243E+02       44   1.6813281250000001E+00   0.0000000000000000E+00
     120   1.0331823622047243E+02       45   1.7203125000000001E+00   0.0000000000000000E+00
     120   1.0331823622047243E+02       46   1.7592968750000000E+00   0.0000000000000000E+00
     120   1.0331823622047243E+02       47   1.7982812500000001E+00   0.0000000000000000E+00
     120   1.0331823622047243E+02       48   1.8372656250000001E+00   0.0000000000000000E+00
     120   1.0331823622047243E+02       49   1.8762500000000000E+00   0.0000000000000000E+00
     120   1.0331823622047243E+02       50   1.9152343750000000E+00   0.0000000000000000E+00
     120   1.0331823622047243E+02       51   1.9542187500000001E+00   0.0000000000000000E+00
     120   1.0331823622047243E+02       52   1.9932031250000002E+00   0.0000000000000000E+00
     120   1.0331823622047243E+02       53   2.0321875000000000E+00   0.0000000000000000E+00
     120   1.0331823622047243E+02       54   2.0711718750000001E+00   0.0000000000000000E+00
     120   1.0331823622047243E+02       55   2.1101562500000002E+00   0.0000000000000000E+00
     120   1.0331823622047243E+02       56   2.1491406250000002E+00   0.0000000000000000E+00
     120   1.0331823622047243E+02       57   2.1881249999999999E+00   0.0000000000000000E+00
     120   1.0331823622047243E+02       58   2.2271093749999999E+00   0.0000000000000000E+00
     120   1.0331823622047243E+02       59   2.2660937500000000E+00   0.0000000000000000E+00
     120   1.0331823622047243E+02       60   2.3050781250000001E+00   0.0000000000000000E+00
     120   1.0331823622047243E+02       61   2.3440625000000002E+00   0.0000000000000000E+00
     120   1.0331823622047243E+02       62   2.3830468750000002E+00   0.0000000000000000E+00
     120   1.0331823622047243E+02       63   2.4220312500000003E+00   0.0000000000000000E+00
     120   1.0331823622047243E+02       64   2.4610156249999999E+00   0.0000000000000000E+00
 
     121   1.0418645669291338E+02        1   5.0000000000000001E-03   0.0000000000000000E+00
     121   1.0418645669291338E+02        2   4.3984374999999999E-02   0.0000000000000000E+00
     121   1.0418645669291338E+02        3   8.2968750000000008E-02   0.0000000000000000E+00
     121   1.0418645669291338E+02        4   1.2195312500000001E-01   0.0000000000000000E+00
     121   1.0418645669291338E+02        5   1.6093750000000001E-01   0.0000000000000000E+00
     121   1.0418645669291338E+02        6   1.9992187500000000E-01   0.0000000000000000E+00
     121   1.0418645669291338E+02        7   2.3890625000000001E-01   0.0000000000000000E+00
     121   1.0418645669291338E+02        8   2.7789062500000000E-01   0.0000000000000000E+00
     121   1.0418645669291338E+02        9   3.1687500000000002E-01   0.0000000000000000E+00
     121   1.0418645669291338E+02       10   3.5585937500000003E-01   0.0000000000000000E+00
     121   1.0418645669291338E+02       11   3.9484374999999999E-01   0.0000000000000000E+00
     121   1.0418645669291338E+02       12   4.3382812500000001E-01   0.0000000000000000E+00
     121   1.0418645669291338E+02       13   4.7281250000000002E-01   0.0000000000000000E+00
     121   1.0418645669291338E+02       14   5.1179687500000004E-01   0.0000000000000000E+00
     121   1.0418645669291338E+02       15   5.5078125000000000E-01   0.0000000000000000E+00
     121   1.0418645669291338E+02       16   5.8976562500000007E-01   0.0000000000000000E+00
     121   1.0418645669291338E+02       17   6.2875000000000003E-01   0.0000000000000000E+00
     121   1.0418645669291338E+02       18   6.6773437499999999E-01   0.0000000000000000E+00
     121   1.0418645669291338E+02       19   7.0671875000000006E-01   0.0000000000000000E+00
     121   1.0418645669291338E+02       20   7.4570312500000002E-01   0.0000000000000000E+00
     121   1.0418645669291338E+02       21   7.8468749999999998E-01   0.0000000000000000E+00
     121   1.0418645669291338E+02       22   8.2367187500000005E-01   0.0000000000000000E+00
     121   1.0418645669291338E+02       23   8.6265625000000001E-01   0.0000000000000000E+00
     121   1.0418645669291338E+02       24   9.0164062500000008E-01   0.0000000000000000E+00
     121   1.0418645669291338E+02       25   9.4062500000000004E-01   0.0000000000000000E+00
     121   1.0418645669291338E+02       26   9.7960937500000000E-01   0.0000000000000000E+00
     121   1.0418645669291338E+02       27   1.0185937500000000E+00   0.0000000000000000E+00
     121   1.0418645669291338E+02       28   1.0575781250000000E+00   0.0000000000000000E+00
     121   1.0418645669291338E+02       29   1.0965625000000001E+00   0.0000000000000000E+00
     121   1.0418645669291338E+02       30   1.1355468750000000E+00   0.0000000000000000E+00
     121   1.0418645669291338E+02       31   1.1745312500000000E+00   0.0000000000000000E+00
     121   1.0418645669291338E+02       32   1.2135156250000001E+00   0.0000000000000000E+00
     121   1.0418645669291338E+02       33   1.2524999999999999E+00   0.0000000000000000E+00
     121   1.0418645669291338E+02       34   1.2914843750000000E+00   0.0000000000000000E+00
     121   1.0418645669291338E+02       35   1.3304687500000001E+00   0.0000000000000000E+00
     121   1.0418645669291338E+02       36   1.3694531250000002E+00   0.0000000000000000E+00
     121   1.0418645669291338E+02       37   1.4084375000000000E+00   0.0000000000000000E+00
     121   1.0418645669291338E+02       38   1.4474218750000001E+00   0.0000000000000000E+00
     121   1.0418645669291338E+02       39   1.4864062500000002E+00   0.0000000000000000E+00
     121   1.0418645669291338E+02       40   1.5253906250000000E+00   0.0000000000000000E+00
     121   1.0418645669291338E+02       41   1.5643750000000001E+00   0.0000000000000000E+00
     121   1.0418645669291338E+02       42   1.6033593750000001E+00   0.0000000000000000E+00
     121   1.0418645669291338E+02       43   1.6423437500000000E+00   0.0000000000000000E+00
     121   1.0418645669291338E+02       44   1.6813281250000001E+00   0.0000000000000000E+00
     121   1.0418645669291338E+02       45   1.7203125000000001E+00   0.0000000000000000E+00
     121   1.0418645669291338E+02       46   1.7592968750000000E+00   0.0000000000000000E+00
     121   1.0418645669291338E+02       47   1.7982812500000001E+00   0.0000000000000000E+00
     121   1.0418645669291338E+02       48   1.8372656250000001E+00   0.0000000000000000E+00
     121   1.0418645669291338E+02       49   1.8762500000000000E+00   0.0000000000000000E+00
     121   1.0418645669291338E+02       50   1.9152343750000000E+00   0.0000000000000000E+00
     121   1.0418645669291338E+02       51   1.9542187500000001E+00   0.0000000000000000E+00
     121   1.0418645669291338E+02       52   1.9932031250000002E+00   0.0000000000000000E+00
     121   1.0418645669291338E+02       53   2.0321875000000000E+00   0.0000000000000000E+00
     121   1.0418645669291338E+02       54   2.0711718750000001E+00   0.0000000000000000E+00
     121   1.0418645669291338E+02       55   2.1101562500000002E+00   0.0000000000000000E+00
     121   1.0418645669291338E+02       56   2.1491406250000002E+00   0.0000000000000000E+00
     121   1.0418645669291338E+02       57   2.1881249999999999E+00   0.0000000000000000E+00
     121   1.0418645669291338E+02       58   2.2271093749999999E+00   0.0000000000000000E+00
     121   1.0418645669291338E+02       59   2.2660937500000000E+00   0.0000000000000000E+00
     121   1.0418645669291338E+02       60   2.3050781250000001E+00   0.0000000000000000E+00
     121   1.0418645669291338E+02       61   2.3440625000000002E+00   0.0000000000000000E+00
     121   1.0418645669291338E+02       62   2.3830468750000002E+00   0.0000000000000000E+00
     121   1.0418645669291338E+02       63   2.4220312500000003E+00   0.0000000000000000E+00
     121   1.0418645669291338E+02       64   2.4610156249999999E+00   0.0000000000000000E+00
 
     122   1.0505467716535432E+02        1   5.0000000000000001E-03   0.0000000000000000E+00
     122   1.0505467716535432E+02        2   4.3984374999999999E-02   0.0000000000000000E+00
     122   1.0505467716535432E+02        3   8.2968750000000008E-02   0.0000000000000000E+00
     122   1.0505467716535432E+02        4   1.2195312500000001E-01   0.0000000000000000E+00
     122   1.0505467716535432E+02        5   1.6093750000000001E-01   0.0000000000000000E+00
     122   1.0505467716535432E+02        6   1.9992187500000000E-01   0.0000000000000000E+00
     122   1.0505467716535432E+02        7   2.3890625000000001E-01   0.0000000000000000E+00
     122   1.0505467716535432E+02        8   2.7789062500000000E-01   0.0000000000000000E+00
     122   1.0505467716535432E+02        9   3.1687500000000002E-01   0.0000000000000000E+00
     122   1.0505467716535432E+02       10   3.5585937500000003E-01   0.0000000000000000E+00
     122   1.0505467716535432E+02       11   3.9484374999999999E-01   0.0000000000000000E+00
     122   1.0505467716535432E+02       12   4.3382812500000001E-01   0.0000000000000000E+00
     122   1.0505467716535432E+02       13   4.7281250000000002E-01   0.0000000000000000E+00
     122   1.0505467716535432E+02       14   5.1179687500000004E-01   0.0000000000000000E+00
     122   1.0505467716535432E+02       15   5.5078125000000000E-01   0.0000000000000000E+00
     122   1.0505467716535432E+02       16   5.8976562500000007E-01   0.0000000000000000E+00
     122   1.0505467716535432E+02       17   6.2875000000000003E-01   0.0000000000000000E+00
     122   1.0505467716535432E+02       18   6.6773437499999999E-01   0.0000000000000000E+00
     122   1.0505467716535432E+02       19   7.0671875000000006E-01   0.0000000000000000E+00
     122   1.0505467716535432E+02       20   7.4570312500000002E-01   0.0000000000000000E+00
     122   1.0505467716535432E+02       21   7.8468749999999998E-01   0.0000000000000000E+00
     122   1.0505467716535432E+02       22   8.2367187500000005E-01   0.0000000000000000E+00
     122   1.0505467716535432E+02       23   8.6265625000000001E-01   0.0000000000000000E+00
     122   1.0505467716535432E+02       24   9.0164062500000008E-01   0.0000000000000000E+00
     122   1.0505467716535432E+02       25   9.4062500000000004E-01   0.0000000000000000E+00
     122   1.0505467716535432E+02       26   9.7960937500000000E-01   0.0000000000000000E+00
     122   1.0505467716535432E+02       27   1.0185937500000000E+00   0.0000000000000000E+00
     122   1.0505467716535432E+02       28   1.0575781250000000E+00   0.0000000000000000E+00
     122   1.0505467716535432E+02       29   1.0965625000000001E+00   0.0000000000000000E+00
     122   1.0505467716535432E+02       30   1.1355468750000000E+00   0.0000000000000000E+00
     122   1.0505467716535432E+02       31   1.1745312500000000E+00   0.0000000000000000E+00
     122   1.0505467716535432E+02       32   1.2135156250000001E+00   0.0000000000000000E+00
     122   1.0505467716535432E+02       33   1.2524999999999999E+00   0.0000000000000000E+00
     122   1.0505467716535432E+02       34   1.2914843750000000E+00   0.0000000000000000E+00
     122   1.0505467716535432E+02       35   1.3304687500000001E+00   0.0000000000000000E+00
     122   1.0505467716535432E+02       36   1.3694531250000002E+00   0.0000000000000000E+00
     122   1.0505467716535432E+02       37   1.4084375000000000E+00   0.0000000000000000E+00
     122   1.0505467716535432E+02       38   1.4474218750000001E+00   0.0000000000000000E+00
     122   1.0505467716535432E+02       39   1.4864062500000002E+00   0.0000000000000000E+00
     122   1.0505467716535432E+02       40   1.5253906250000000E+00   0.0000000000000000E+00
     122   1.0505467716535432E+02       41   1.5643750000000001E+00   0.0000000000000000E+00
     122   1.0505467716535432E+02       42   1.6033593750000001E+00   0.0000000000000000E+00
     122   1.0505467716535432E+02       43   1.6423437500000000E+00   0.0000000000000000E+00
     122   1.0505467716535432E+02       44   1.6813281250000001E+00   0.0000000000000000E+00
     122   1.0505467716535432E+02       45   1.7203125000000001E+00   0.0000000000000000E+00
     122   1.0505467716535432E+02       46   1.7592968750000000E+00   0.0000000000000000E+00
     122   1.0505467716535432E+02       47   1.7982812500000001E+00   0.0000000000000000E+00
     122   1.0505467716535432E+02       48   1.8372656250000001E+00   0.0000000000000000E+00
     122   1.0505467716535432E+02       49   1.8762500000000000E+00   0.0000000000000000E+00
     122   1.0505467716535432E+02       50   1.9152343750000000E+00   0.0000000000000000E+00
     122   1.0505467716535432E+02       51   1.9542187500000001E+00   0.0000000000000000E+00
     122   1.0505467716535432E+02       52   1.9932031250000002E+00   0.0000000000000000E+00
     122   1.0505467716535432E+02       53   2.0321875000000000E+00   0.0000000000000000E+00
     122   1.0505467716535432E+02       54   2.0711718750000001E+00   0.0000000000000000E+00
     122   1.0505467716535432E+02       55   2.1101562500000002E+00   0.0000000000000000E+00
     122   1.0505467716535432E+02       56   2.1491406250000002E+00   0.0000000000000000E+00
     122   1.0505467716535432E+02       57   2.1881249999999999E+00   0.0000000000000000E+00
     122   1.0505467716535432E+02       58   2.2271093749999999E+00   0.0000000000000000E+00
     122   1.0505467716535432E+02       59   2.2660937500000000E+00   0.0000000000000000E+00
     122   1.0505467716535432E+02       60   2.3050781250000001E+00   0.0000000000000000E+00
     122   1.0505467716535432E+02       61   2.3440625000000002E+00   0.0000000000000000E+00
     122   1.0505467716535432E+02       62   2.3830468750000002E+00   0.0000000000000000E+00
     122   1.0505467716535432E+02       63   2.4220312500000003E+00   0.0000000000000000E+00
     122   1.0505467716535432E+02       64   2.4610156249999999E+00   0.0000000000000000E+00
 
     123   1.0592289763779526E+02        1   5.0000000000000001E-03   0.0000000000000000E+00
     123   1.0592289763779526E+02        2   4.3984374999999999E-02   0.0000000000000000E+00
     123   1.0592289763779526E+02        3   8.2968750000000008E-02   0.0000000000000000E+00
     123   1.0592289763779526E+02        4   1.2195312500000001E-01   0.0000000000000000E+00
     123   1.0592289763779526E+02        5   1.6093750000000001E-01   0.0000000000000000E+00
     123   1.0592289763779526E+02        6   1.9992187500000000E-01   0.0000000000000000E+00
     123   1.0592289763779526E+02        7   2.3890625000000001E-01   0.0000000000000000E+00
     123   1.0592289763779526E+02        8   2.7789062500000000E-01   0.0000000000000000E+00
     123   1.0592289763779526E+02        9   3.1687500000000002E-01   0.0000000000000000E+00
     123   1.0592289763779526E+02       10   3.5585937500000003E-01   0.0000000000000000E+00
     123   1.0592289763779526E+02       11   3.9484374999999999E-01   0.0000000000000000E+00
     123   1.0592289763779526E+02       12   4.3382812500000001E-01   0.0000000000000000E+00
     123   1.0592289763779526E+02       13   4.7281250000000002E-01   0.0000000000000000E+00
     123   1.0592289763779526E+02       14   5.1179687500000004E-01   0.0000000000000000E+00
     123   1.0592289763779526E+02       15   5.5078125000000000E-01   0.0000000000000000E+00
     123   1.0592289763779526E+02       16   5.8976562500000007E-01   0.0000000000000000E+00
     123   1.0592289763779526E+02       17   6.2875000000000003E-01   0.0000000000000000E+00
     123   1.0592289763779526E+02       18   6.6773437499999999E-01   0.0000000000000000E+00
     123   1.0592289763779526E+02       19   7.0671875000000006E-01   0.0000000000000000E+00
     123   1.0592289763779526E+02       20   7.4570312500000002E-01   0.0000000000000000E+00
     123   1.0592289763779526E+02       21   7.8468749999999998E-01   0.0000000000000000E+00
     123   1.0592289763779526E+02       22   8.2367187500000005E-01   0.0000000000000000E+00
     123   1.0592289763779526E+02       23   8.6265625000000001E-01   0.0000000000000000E+00
     123   1.0592289763779526E+02       24   9.0164062500000008E-01   0.0000000000000000E+00
     123   1.0592289763779526E+02       25   9.4062500000000004E-01   0.0000000000000000E+00
     123   1.0592289763779526E+02       26   9.7960937500000000E-01   0.0000000000000000E+00
     123   1.0592289763779526E+02       27   1.0185937500000000E+00   0.0000000000000000E+00
     123   1.0592289763779526E+02       28   1.0575781250000000E+00   0.0000000000000000E+00
     123   1.0592289763779526E+02       29   1.0965625000000001E+00   0.0000000000000000E+00
     123   1.0592289763779526E+02       30   1.1355468750000000E+00   0.0000000000000000E+00
     123   1.0592289763779526E+02       31   1.1745312500000000E+00   0.0000000000000000E+00
     123   1.0592289763779526E+02       32   1.2135156250000001E+00   0.0000000000000000E+00
     123   1.0592289763779526E+02       33   1.2524999999999999E+00   0.0000000000000000E+00
     123   1.0592289763779526E+02       34   1.2914843750000000E+00   0.0000000000000000E+00
     123   1.0592289763779526E+02       35   1.3304687500000001E+00   0.0000000000000000E+00
     123   1.0592289763779526E+02       36   1.3694531250000002E+00   0.0000000000000000E+00
     123   1.0592289763779526E+02       37   1.4084375000000000E+00   0.0000000000000000E+00
     123   1.0592289763779526E+02       38   1.4474218750000001E+00   0.0000000000000000E+00
     123   1.0592289763779526E+02       39   1.4864062500000002E+00   0.0000000000000000E+00
     123   1.0592289763779526E+02       40   1.5253906250000000E+00   0.0000000000000000E+00
     123   1.0592289763779526E+02       41   1.5643750000000001E+00   0.0000000000000000E+00
     123   1.0592289763779526E+02       42   1.6033593750000001E+00   0.0000000000000000E+00
     123   1.0592289763779526E+02       43   1.6423437500000000E+00   0.0000000000000000E+00
     123   1.0592289763779526E+02       44   1.6813281250000001E+00   0.0000000000000000E+00
     123   1.0592289763779526E+02       45   1.7203125000000001E+00   0.0000000000000000E+00
     123   1.0592289763779526E+02       46   1.7592968750000000E+00   0.0000000000000000E+00
     123   1.0592289763779526E+02       47   1.7982812500000001E+00   0.0000000000000000E+00
     123   1.0592289763779526E+02       48   1.8372656250000001E+00   0.0000000000000000E+00
     123   1.0592289763779526E+02       49   1.8762500000000000E+00   0.0000000000000000E+00
     123   1.0592289763779526E+02       50   1.9152343750000000E+00   0.0000000000000000E+00
     123   1.0592289763779526E+02       51   1.9542187500000001E+00   0.0000000000000000E+00
     123   1.0592289763779526E+02       52   1.9932031250000002E+00   0.0000000000000000E+00
     123   1.0592289763779526E+02       53   2.0321875000000000E+00   0.0000000000000000E+00
     123   1.0592289763779526E+02       54   2.0711718750000001E+00   0.0000000000000000E+00
     123   1.0592289763779526E+02       55   2.1101562500000002E+00   0.0000000000000000E+00
     123   1.0592289763779526E+02       56   2.1491406250000002E+00   0.0000000000000000E+00
     123   1.0592289763779526E+02       57   2.1881249999999999E+00   0.0000000000000000E+00
     123   1.0592289763779526E+02       58   2.2271093749999999E+00   0.0000000000000000E+00
     123   1.0592289763779526E+02       59   2.2660937500000000E+00   0.0000000000000000E+00
     123   1.0592289763779526E+02       60   2.3050781250000001E+00   0.0000000000000000E+00
     123   1.0592289763779526E+02       61   2.3440625000000002E+00   0.0000000000000000E+00
     123   1.0592289763779526E+02       62   2.3830468750000002E+00   0.0000000000000000E+00
     123   1.0592289763779526E+02       63   2.4220312500000003E+00   0.0000000000000000E+00
     123   1.0592289763779526E+02       64   2.4610156249999999E+00   0.0000000000000000E+00
 
     124   1.0679111811023621E+02        1   5.0000000000000001E-03   0.0000000000000000E+00
     124   1.0679111811023621E+02        2   4.3984374999999999E-02   0.0000000000000000E+00
     124   1.0679111811023621E+02        3   8.2968750000000008E-02   0.0000000000000000E+00
     124   1.0679111811023621E+02        4   1.2195312500000001E-01   0.0000000000000000E+00
     124   1.0679111811023621E+02        5   1.6093750000000001E-01   0.0000000000000000E+00
     124   1.0679111811023621E+02        6   1.9992187500000000E-01   0.0000000000000000E+00
     124   1.0679111811023621E+02        7   2.3890625000000001E-01   0.0000000000000000E+00
     124   1.0679111811023621E+02        8   2.7789062500000000E-01   0.0000000000000000E+00
     124   1.0679111811023621E+02        9   3.1687500000000002E-01   0.0000000000000000E+00
     124   1.0679111811023621E+02       10   3.5585937500000003E-01   0.0000000000000000E+00
     124   1.0679111811023621E+02       11   3.9484374999999999E-01   0.0000000000000000E+00
     124   1.0679111811023621E+02       12   4.3382812500000001E-01   0.0000000000000000E+00
     124   1.0679111811023621E+02       13   4.7281250000000002E-01   0.0000000000000000E+00
     124   1.0679111811023621E+02       14   5.1179687500000004E-01   0.0000000000000000E+00
     124   1.0679111811023621E+02       15   5.5078125000000000E-01   0.0000000000000000E+00
     124   1.0679111811023621E+02       16   5.8976562500000007E-01   0.0000000000000000E+00
     124   1.0679111811023621E+02       17   6.2875000000000003E-01   0.0000000000000000E+00
     124   1.0679111811023621E+02       18   6.6773437499999999E-01   0.0000000000000000E+00
     124   1.0679111811023621E+02       19   7.0671875000000006E-01   0.0000000000000000E+00
     124   1.0679111811023621E+02       20   7.4570312500000002E-01   0.0000000000000000E+00
     124   1.0679111811023621E+02       21   7.8468749999999998E-01   0.0000000000000000E+00
     124   1.0679111811023621E+02       22   8.2367187500000005E-01   0.0000000000000000E+00
     124   1.0679111811023621E+02       23   8.6265625000000001E-01   0.0000000000000000E+00
     124   1.0679111811023621E+02       24   9.0164062500000008E-01   0.0000000000000000E+00
     124   1.0679111811023621E+02       25   9.4062500000000004E-01   0.0000000000000000E+00
     124   1.0679111811023621E+02       26   9.7960937500000000E-01   0.0000000000000000E+00
     124   1.0679111811023621E+02       27   1.0185937500000000E+00   0.0000000000000000E+00
     124   1.0679111811023621E+02       28   1.0575781250000000E+00   0.0000000000000000E+00
     124   1.0679111811023621E+02       29   1.0965625000000001E+00   0.0000000000000000E+00
     124   1.0679111811023621E+02       30   1.1355468750000000E+00   0.0000000000000000E+00
     124   1.0679111811023621E+02       31   1.1745312500000000E+00   0.0000000000000000E+00
     124   1.0679111811023621E+02       32   1.2135156250000001E+00   0.0000000000000000E+00
     124   1.0679111811023621E+02       33   1.2524999999999999E+00   0.0000000000000000E+00
     124   1.0679111811023621E+02       34   1.2914843750000000E+00   0.0000000000000000E+00
     124   1.0679111811023621E+02       35   1.3304687500000001E+00   0.0000000000000000E+00
     124   1.0679111811023621E+02       36   1.3694531250000002E+00   0.0000000000000000E+00
     124   1.0679111811023621E+02       37   1.4084375000000000E+00   0.0000000000000000E+00
     124   1.0679111811023621E+02       38   1.4474218750000001E+00   0.0000000000000000E+00
     124   1.0679111811023621E+02       39   1.4864062500000002E+00   0.0000000000000000E+00
     124   1.0679111811023621E+02       40   1.5253906250000000E+00   0.0000000000000000E+00
     124   1.0679111811023621E+02       41   1.5643750000000001E+00   0.0000000000000000E+00
     124   1.0679111811023621E+02       42   1.6033593750000001E+00   0.0000000000000000E+00
     124   1.0679111811023621E+02       43   1.6423437500000000E+00   0.0000000000000000E+00
     124   1.0679111811023621E+02       44   1.6813281250000001E+00   0.0000000000000000E+00
     124   1.0679111811023621E+02       45   1.7203125000000001E+00   0.0000000000000000E+00
     124   1.0679111811023621E+02       46   1.7592968750000000E+00   0.0000000000000000E+00
     124   1.0679111811023621E+02       47   1.7982812500000001E+00   0.0000000000000000E+00
     124   1.0679111811023621E+02       48   1.8372656250000001E+00   0.0000000000000000E+00
     124   1.0679111811023621E+02       49   1.8762500000000000E+00   0.0000000000000000E+00
     124   1.0679111811023621E+02       50   1.9152343750000000E+00   0.0000000000000000E+00
     124   1.0679111811023621E+02       51   1.9542187500000001E+00   0.0000000000000000E+00
     124   1.0679111811023621E+02       52   1.9932031250000002E+00   0.0000000000000000E+00
     124   1.0679111811023621E+02       53   2.0321875000000000E+00   0.0000000000000000E+00
     124   1.0679111811023621E+02       54   2.0711718750000001E+00   0.0000000000000000E+00
     124   1.0679111811023621E+02       55   2.1101562500000002E+00   0.0000000000000000E+00
     124   1.0679111811023621E+02       56   2.1491406250000002E+00   0.0000000000000000E+00
     124   1.0679111811023621E+02       57   2.1881249999999999E+00   0.0000000000000000E+00
     124   1.0679111811023621E+02       58   2.2271093749999999E+00   0.0000000000000000E+00
     124   1.0679111811023621E+02       59   2.2660937500000000E+00   0.0000000000000000E+00
     124   1.0679111811023621E+02       60   2.3050781250000001E+00   0.0000000000000000E+00
     124   1.0679111811023621E+02       61   2.3440625000000002E+00   0.0000000000000000E+00
     124   1.0679111811023621E+02       62   2.3830468750000002E+00   0.0000000000000000E+00
     124   1.0679111811023621E+02       63   2.4220312500000003E+00   0.0000000000000000E+00
     124   1.0679111811023621E+02       64   2.4610156249999999E+00   0.0000000000000000E+00
 
     125   1.0765933858267715E+02        1   5.0000000000000001E-03   0.0000000000000000E+00
     125   1.0765933858267715E+02        2   4.3984374999999999E-02   0.0000000000000000E+00
     125   1.0765933858267715E+02        3   8.2968750000000008E-02   0.0000000000000000E+00
     125   1.0765933858267715E+02        4   1.2195312500000001E-01   0.0000000000000000E+00
     125   1.0765933858267715E+02        5   1.6093750000000001E-01   0.0000000000000000E+00
     125   1.0765933858267715E+02        6   1.9992187500000000E-01   0.0000000000000000E+00
     125   1.0765933858267715E+02        7   2.3890625000000001E-01   0.0000000000000000E+00
     125   1.0765933858267715E+02        8   2.7789062500000000E-01   0.0000000000000000E+00
     125   1.0765933858267715E+02        9   3.1687500000000002E-01   0.0000000000000000E+00
     125   1.0765933858267715E+02       10   3.5585937500000003E-01   0.0000000000000000E+00
     125   1.0765933858267715E+02       11   3.9484374999999999E-01   0.0000000000000000E+00
     125   1.0765933858267715E+02       12   4.3382812500000001E-01   0.0000000000000000E+00
     125   1.0765933858267715E+02       13   4.7281250000000002E-01   0.0000000000000000E+00
     125   1.0765933858267715E+02       14   5.1179687500000004E-01   0.0000000000000000E+00
     125   1.0765933858267715E+02       15   5.5078125000000000E-01   0.0000000000000000E+00
     125   1.0765933858267715E+02       16   5.8976562500000007E-01   0.0000000000000000E+00
     125   1.0765933858267715E+02       17   6.2875000000000003E-01   0.0000000000000000E+00
     125   1.0765933858267715E+02       18   6.6773437499999999E-01   0.0000000000000000E+00
     125   1.0765933858267715E+02       19   7.0671875000000006E-01   0.0000000000000000E+00
     125   1.0765933858267715E+02       20   7.4570312500000002E-01   0.0000000000000000E+00
     125   1.0765933858267715E+02       21   7.8468749999999998E-01   0.0000000000000000E+00
     125   1.0765933858267715E+02       22   8.2367187500000005E-01   0.0000000000000000E+00
     125   1.0765933858267715E+02       23   8.6265625000000001E-01   0.0000000000000000E+00
     125   1.0765933858267715E+02       24   9.0164062500000008E-01   0.0000000000000000E+00
     125   1.0765933858267715E+02       25   9.4062500000000004E-01   0.0000000000000000E+00
     125   1.0765933858267715E+02       26   9.7960937500000000E-01   0.0000000000000000E+00
     125   1.0765933858267715E+02       27   1.0185937500000000E+00   0.0000000000000000E+00
     125   1.0765933858267715E+02       28   1.0575781250000000E+00   0.0000000000000000E+00
     125   1.0765933858267715E+02       29   1.0965625000000001E+00   0.0000000000000000E+00
     125   1.0765933858267715E+02       30   1.1355468750000000E+00   0.0000000000000000E+00
     125   1.0765933858267715E+02       31   1.1745312500000000E+00   0.0000000000000000E+00
     125   1.0765933858267715E+02       32   1.2135156250000001E+00   0.0000000000000000E+00
     125   1.0765933858267715E+02       33   1.2524999999999999E+00   0.0000000000000000E+00
     125   1.0765933858267715E+02       34   1.2914843750000000E+00   0.0000000000000000E+00
     125   1.0765933858267715E+02       35   1.3304687500000001E+00   0.0000000000000000E+00
     125   1.0765933858267715E+02       36   1.3694531250000002E+00   0.0000000000000000E+00
     125   1.0765933858267715E+02       37   1.4084375000000000E+00   0.0000000000000000E+00
     125   1.0765933858267715E+02       38   1.4474218750000001E+00   0.0000000000000000E+00
     125   1.0765933858267715E+02       39   1.4864062500000002E+00   0.0000000000000000E+00
     125   1.0765933858267715E+02       40   1.5253906250000000E+00   0.0000000000000000E+00
     125   1.0765933858267715E+02       41   1.5643750000000001E+00   0.0000000000000000E+00
     125   1.0765933858267715E+02       42   1.6033593750000001E+00   0.0000000000000000E+00
     125   1.0765933858267715E+02       43   1.6423437500000000E+00   0.0000000000000000E+00
     125   1.0765933858267715E+02       44   1.6813281250000001E+00   0.0000000000000000E+00
     125   1.0765933858267715E+02       45   1.7203125000000001E+00   0.0000000000000000E+00
     125   1.0765933858267715E+02       46   1.7592968750000000E+00   0.0000000000000000E+00
     125   1.0765933858267715E+02       47   1.7982812500000001E+00   0.0000000000000000E+00
     125   1.0765933858267715E+02       48   1.8372656250000001E+00   0.0000000000000000E+00
     125   1.0765933858267715E+02       49   1.8762500000000000E+00   0.0000000000000000E+00
     125   1.0765933858267715E+02       50   1.9152343750000000E+00   0.0000000000000000E+00
     125   1.0765933858267715E+02       51   1.9542187500000001E+00   0.0000000000000000E+00
     125   1.0765933858267715E+02       52   1.9932031250000002E+00   0.0000000000000000E+00
     125   1.0765933858267715E+02       53   2.0321875000000000E+00   0.0000000000000000E+00
     125   1.0765933858267715E+02       54   2.0711718750000001E+00   0.0000000000000000E+00
     125   1.0765933858267715E+02       55   2.1101562500000002E+00   0.0000000000000000E+00
     125   1.0765933858267715E+02       56   2.1491406250000002E+00   0.0000000000000000E+00
     125   1.0765933858267715E+02       57   2.1881249999999999E+00   0.0000000000000000E+00
     125   1.0765933858267715E+02       58   2.2271093749999999E+00   0.0000000000000000E+00
     125   1.0765933858267715E+02       59   2.2660937500000000E+00   0.0000000000000000E+00
     125   1.0765933858267715E+02       60   2.3050781250000001E+00   0.0000000000000000E+00
     125   1.0765933858267715E+02       61   2.3440625000000002E+00   0.0000000000000000E+00
     125   1.0765933858267715E+02       62   2.3830468750000002E+00   0.0000000000000000E+00
     125   1.0765933858267715E+02       63   2.4220312500000003E+00   0.0000000000000000E+00
     125   1.0765933858267715E+02       64   2.4610156249999999E+00   0.0000000000000000E+00
 
     126   1.0852755905511810E+02        1   5.0000000000000001E-03   0.0000000000000000E+00
     126   1.0852755905511810E+02        2   4.3984374999999999E-02   0.0000000000000000E+00
     126   1.0852755905511810E+02        3   8.2968750000000008E-02   0.0000000000000000E+00
     126   1.0852755905511810E+02        4   1.2195312500000001E-01   0.0000000000000000E+00
     126   1.0852755905511810E+02        5   1.6093750000000001E-01   0.0000000000000000E+00
     126   1.0852755905511810E+02        6   1.9992187500000000E-01   0.0000000000000000E+00
     126   1.0852755905511810E+02        7   2.3890625000000001E-01   0.0000000000000000E+00
     126   1.0852755905511810E+02        8   2.7789062500000000E-01   0.0000000000000000E+00
     126   1.0852755905511810E+02        9   3.1687500000000002E-01   0.0000000000000000E+00
     126   1.0852755905511810E+02       10   3.5585937500000003E-01   0.0000000000000000E+00
     126   1.0852755905511810E+02       11   3.9484374999999999E-01   0.0000000000000000E+00
     126   1.0852755905511810E+02       12   4.3382812500000001E-01   0.0000000000000000E+00
     126   1.0852755905511810E+02       13   4.7281250000000002E-01   0.0000000000000000E+00
     126   1.0852755905511810E+02       14   5.1179687500000004E-01   0.0000000000000000E+00
     126   1.0852755905511810E+02       15   5.5078125000000000E-01   0.0000000000000000E+00
     126   1.0852755905511810E+02       16   5.8976562500000007E-01   0.0000000000000000E+00
     126   1.0852755905511810E+02       17   6.2875000000000003E-01   0.0000000000000000E+00
     126   1.0852755905511810E+02       18   6.6773437499999999E-01   0.0000000000000000E+00
     126   1.0852755905511810E+02       19   7.0671875000000006E-01   0.0000000000000000E+00
     126   1.0852755905511810E+02       20   7.4570312500000002E-01   0.0000000000000000E+00
     126   1.0852755905511810E+02       21   7.8468749999999998E-01   0.0000000000000000E+00
     126   1.0852755905511810E+02       22   8.2367187500000005E-01   0.0000000000000000E+00
     126   1.0852755905511810E+02       23   8.6265625000000001E-01   0.0000000000000000E+00
     126   1.0852755905511810E+02       24   9.0164062500000008E-01   0.0000000000000000E+00
     126   1.0852755905511810E+02       25   9.4062500000000004E-01   0.0000000000000000E+00
     126   1.0852755905511810E+02       26   9.7960937500000000E-01   0.0000000000000000E+00
     126   1.0852755905511810E+02       27   1.0185937500000000E+00   0.0000000000000000E+00
     126   1.0852755905511810E+02       28   1.0575781250000000E+00   0.0000000000000000E+00
     126   1.0852755905511810E+02       29   1.0965625000000001E+00   0.0000000000000000E+00
     126   1.0852755905511810E+02       30   1.1355468750000000E+00   0.0000000000000000E+00
     126   1.0852755905511810E+02       31   1.1745312500000000E+00   0.0000000000000000E+00
     126   1.0852755905511810E+02       32   1.2135156250000001E+00   0.0000000000000000E+00
     126   1.0852755905511810E+02       33   1.2524999999999999E+00   0.0000000000000000E+00
     126   1.0852755905511810E+02       34   1.2914843750000000E+00   0.0000000000000000E+00
     126   1.0852755905511810E+02       35   1.3304687500000001E+00   0.0000000000000000E+00
     126   1.0852755905511810E+02       36   1.3694531250000002E+00   0.0000000000000000E+00
     126   1.0852755905511810E+02       37   1.4084375000000000E+00   0.0000000000000000E+00
     126   1.0852755905511810E+02       38   1.4474218750000001E+00   0.0000000000000000E+00
     126   1.0852755905511810E+02       39   1.4864062500000002E+00   0.0000000000000000E+00
     126   1.0852755905511810E+02       40   1.5253906250000000E+00   0.0000000000000000E+00
     126   1.0852755905511810E+02       41   1.5643750000000001E+00   0.0000000000000000E+00
     126   1.0852755905511810E+02       42   1.6033593750000001E+00   0.0000000000000000E+00
     126   1.0852755905511810E+02       43   1.6423437500000000E+00   0.0000000000000000E+00
     126   1.0852755905511810E+02       44   1.6813281250000001E+00   0.0000000000000000E+00
     126   1.0852755905511810E+02       45   1.7203125000000001E+00   0.0000000000000000E+00
     126   1.0852755905511810E+02       46   1.7592968750000000E+00   0.0000000000000000E+00
     126   1.0852755905511810E+02       47   1.7982812500000001E+00   0.0000000000000000E+00
     126   1.0852755905511810E+02       48   1.8372656250000001E+00   0.0000000000000000E+00
     126   1.0852755905511810E+02       49   1.8762500000000000E+00   0.0000000000000000E+00
     126   1.0852755905511810E+02       50   1.9152343750000000E+00   0.0000000000000000E+00
     126   1.0852755905511810E+02       51   1.9542187500000001E+00   0.0000000000000000E+00
     126   1.0852755905511810E+02       52   1.9932031250000002E+00   0.0000000000000000E+00
     126   1.0852755905511810E+02       53   2.0321875000000000E+00   0.0000000000000000E+00
     126   1.0852755905511810E+02       54   2.0711718750000001E+00   0.0000000000000000E+00
     126   1.0852755905511810E+02       55   2.1101562500000002E+00   0.0000000000000000E+00
     126   1.0852755905511810E+02       56   2.1491406250000002E+00   0.0000000000000000E+00
     126   1.0852755905511810E+02       57   2.1881249999999999E+00   0.0000000000000000E+00
     126   1.0852755905511810E+02       58   2.2271093749999999E+00   0.0000000000000000E+00
     126   1.0852755905511810E+02       59   2.2660937500000000E+00   0.0000000000000000E+00
     126   1.0852755905511810E+02       60   2.3050781250000001E+00   0.0000000000000000E+00
     126   1.0852755905511810E+02       61   2.3440625000000002E+00   0.0000000000000000E+00
     126   1.0852755905511810E+02       62   2.3830468750000002E+00   0.0000000000000000E+00
     126   1.0852755905511810E+02       63   2.4220312500000003E+00   0.0000000000000000E+00
     126   1.0852755905511810E+02       64   2.4610156249999999E+00   0.0000000000000000E+00
 
     127   1.0939577952755904E+02        1   5.0000000000000001E-03   0.0000000000000000E+00
     127   1.0939577952755904E+02        2   4.3984374999999999E-02   0.0000000000000000E+00
     127   1.0939577952755904E+02        3   8.2968750000000008E-02   0.0000000000000000E+00
     127   1.0939577952755904E+02        4   1.2195312500000001E-01   0.0000000000000000E+00
     127   1.0939577952755904E+02        5   1.6093750000000001E-01   0.0000000000000000E+00
     127   1.0939577952755904E+02        6   1.9992187500000000E-01   0.0000000000000000E+00
     127   1.0939577952755904E+02        7   2.3890625000000001E-01   0.0000000000000000E+00
     127   1.0939577952755904E+02        8   2.7789062500000000E-01   0.0000000000000000E+00
     127   1.0939577952755904E+02        9   3.1687500000000002E-01   0.0000000000000000E+00
     127   1.0939577952755904E+02       10   3.5585937500000003E-01   0.0000000000000000E+00
     127   1.0939577952755904E+02       11   3.9484374999999999E-01   0.0000000000000000E+00
     127   1.0939577952755904E+02       12   4.3382812500000001E-01   0.0000000000000000E+00
     127   1.0939577952755904E+02       13   4.7281250000000002E-01   0.0000000000000000E+00
     127   1.0939577952755904E+02       14   5.1179687500000004E-01   0.0000000000000000E+00
     127   1.0939577952755904E+02       15   5.5078125000000000E-01   0.0000000000000000E+00
     127   1.0939577952755904E+02       16   5.8976562500000007E-01   0.0000000000000000E+00
     127   1.0939577952755904E+02       17   6.2875000000000003E-01   0.0000000000000000E+00
     127   1.0939577952755904E+02       18   6.6773437499999999E-01   0.0000000000000000E+00
     127   1.0939577952755904E+02       19   7.0671875000000006E-01   0.0000000000000000E+00
     127   1.0939577952755904E+02       20   7.4570312500000002E-01   0.0000000000000000E+00
     127   1.0939577952755904E+02       21   7.8468749999999998E-01   0.0000000000000000E+00
     127   1.0939577952755904E+02       22   8.2367187500000005E-01   0.0000000000000000E+00
     127   1.0939577952755904E+02       23   8.6265625000000001E-01   0.0000000000000000E+00
     127   1.0939577952755904E+02       24   9.0164062500000008E-01   0.0000000000000000E+00
     127   1.0939577952755904E+02       25   9.4062500000000004E-01   0.0000000000000000E+00
     127   1.0939577952755904E+02       26   9.7960937500000000E-01   0.0000000000000000E+00
     127   1.0939577952755904E+02       27   1.0185937500000000E+00   0.0000000000000000E+00
     127   1.0939577952755904E+02       28   1.0575781250000000E+00   0.0000000000000000E+00
     127   1.0939577952755904E+02       29   1.0965625000000001E+00   0.0000000000000000E+00
     127   1.0939577952755904E+02       30   1.1355468750000000E+00   0.0000000000000000E+00
     127   1.0939577952755904E+02       31   1.1745312500000000E+00   0.0000000000000000E+00
     127   1.0939577952755904E+02       32   1.2135156250000001E+00   0.0000000000000000E+00
     127   1.0939577952755904E+02       33   1.2524999999999999E+00   0.0000000000000000E+00
     127   1.0939577952755904E+02       34   1.2914843750000000E+00   0.0000000000000000E+00
     127   1.0939577952755904E+02       35   1.3304687500000001E+00   0.0000000000000000E+00
     127   1.0939577952755904E+02       36   1.3694531250000002E+00   0.0000000000000000E+00
     127   1.0939577952755904E+02       37   1.4084375000000000E+00   0.0000000000000000E+00
     127   1.0939577952755904E+02       38   1.4474218750000001E+00   0.0000000000000000E+00
     127   1.0939577952755904E+02       39   1.4864062500000002E+00   0.0000000000000000E+00
     127   1.0939577952755904E+02       40   1.5253906250000000E+00   0.0000000000000000E+00
     127   1.0939577952755904E+02       41   1.5643750000000001E+00   0.0000000000000000E+00
     127   1.0939577952755904E+02       42   1.6033593750000001E+00   0.0000000000000000E+00
     127   1.0939577952755904E+02       43   1.6423437500000000E+00   0.0000000000000000E+00
     127   1.0939577952755904E+02       44   1.6813281250000001E+00   0.0000000000000000E+00
     127   1.0939577952755904E+02       45   1.7203125000000001E+00   0.0000000000000000E+00
     127   1.0939577952755904E+02       46   1.7592968750000000E+00   0.0000000000000000E+00
     127   1.0939577952755904E+02       47   1.7982812500000001E+00   0.0000000000000000E+00
     127   1.0939577952755904E+02       48   1.8372656250000001E+00   0.0000000000000000E+00
     127   1.0939577952755904E+02       49   1.8762500000000000E+00   0.0000000000000000E+00
     127   1.0939577952755904E+02       50   1.9152343750000000E+00   0.0000000000000000E+00
     127   1.0939577952755904E+02       51   1.9542187500000001E+00   0.0000000000000000E+00
     127   1.0939577952755904E+02       52   1.9932031250000002E+00   0.0000000000000000E+00
     127   1.0939577952755904E+02       53   2.0321875000000000E+00   0.0000000000000000E+00
     127   1.0939577952755904E+02       54   2.0711718750000001E+00   0.0000000000000000E+00
     127   1.0939577952755904E+02       55   2.1101562500000002E+00   0.0000000000000000E+00
     127   1.0939577952755904E+02       56   2.1491406250000002E+00   0.0000000000000000E+00
     127   1.0939577952755904E+02       57   2.1881249999999999E+00   0.0000000000000000E+00
     127   1.0939577952755904E+02       58   2.2271093749999999E+00   0.0000000000000000E+00
     127   1.0939577952755904E+02       59   2.2660937500000000E+00   0.0000000000000000E+00
     127   1.0939577952755904E+02       60   2.3050781250000001E+00   0.0000000000000000E+00
     127   1.0939577952755904E+02       61   2.3440625000000002E+00   0.0000000000000000E+00
     127   1.0939577952755904E+02       62   2.3830468750000002E+00   0.0000000000000000E+00
     127   1.0939577952755904E+02       63   2.4220312500000003E+00   0.0000000000000000E+00
     127   1.0939577952755904E+02       64   2.4610156249999999E+00   0.0000000000000000E+00
 
     128   1.1026400000000000E+02        1   5.0000000000000001E-03   0.0000000000000000E+00
     128   1.1026400000000000E+02        2   4.3984374999999999E-02   0.0000000000000000E+00
     128   1.1026400000000000E+02        3   8.2968750000000008E-02   0.0000000000000000E+00
     128   1.1026400000000000E+02        4   1.2195312500000001E-01   0.0000000000000000E+00
     128   1.1026400000000000E+02        5   1.6093750000000001E-01   0.0000000000000000E+00
     128   1.1026400000000000E+02        6   1.9992187500000000E-01   0.0000000000000000E+00
     128   1.1026400000000000E+02        7   2.3890625000000001E-01   0.0000000000000000E+00
     128   1.1026400000000000E+02        8   2.7789062500000000E-01   0.0000000000000000E+00
     128   1.1026400000000000E+02        9   3.1687500000000002E-01   0.0000000000000000E+00
     128   1.1026400000000000E+02       10   3.5585937500000003E-01   0.0000000000000000E+00
     128   1.1026400000000000E+02       11   3.9484374999999999E-01   0.0000000000000000E+00
     128   1.1026400000000000E+02       12   4.3382812500000001E-01   0.0000000000000000E+00
     128   1.1026400000000000E+02       13   4.7281250000000002E-01   0.0000000000000000E+00
     128   1.1026400000000000E+02       14   5.1179687500000004E-01   0.0000000000000000E+00
     128   1.1026400000000000E+02       15   5.5078125000000000E-01   0.0000000000000000E+00
     128   1.1026400000000000E+02       16   5.8976562500000007E-01   0.0000000000000000E+00
     128   1.1026400000000000E+02       17   6.2875000000000003E-01   0.0000000000000000E+00
     128   1.1026400000000000E+02       18   6.6773437499999999E-01   0.0000000000000000E+00
     128   1.1026400000000000E+02       19   7.0671875000000006E-01   0.0000000000000000E+00
     128   1.1026400000000000E+02       20   7.4570312500000002E-01   0.0000000000000000E+00
     128   1.1026400000000000E+02       21   7.8468749999999998E-01   0.0000000000000000E+00
     128   1.1026400000000000E+02       22   8.2367187500000005E-01   0.0000000000000000E+00
     128   1.1026400000000000E+02       23   8.6265625000000001E-01   0.0000000000000000E+00
     128   1.1026400000000000E+02       24   9.0164062500000008E-01   0.0000000000000000E+00
     128   1.1026400000000000E+02       25   9.4062500000000004E-01   0.0000000000000000E+00
     128   1.1026400000000000E+02       26   9.7960937500000000E-01   0.0000000000000000E+00
     128   1.1026400000000000E+02       27   1.0185937500000000E+00   0.0000000000000000E+00
     128   1.1026400000000000E+02       28   1.0575781250000000E+00   0.0000000000000000E+00
     128   1.1026400000000000E+02       29   1.0965625000000001E+00   0.0000000000000000E+00
     128   1.1026400000000000E+02       30   1.1355468750000000E+00   0.0000000000000000E+00
     128   1.1026400000000000E+02       31   1.1745312500000000E+00   0.0000000000000000E+00
     128   1.1026400000000000E+02       32   1.2135156250000001E+00   0.0000000000000000E+00
     128   1.1026400000000000E+02       33   1.2524999999999999E+00   0.0000000000000000E+00
     128   1.1026400000000000E+02       34   1.2914843750000000E+00   0.0000000000000000E+00
     128   1.1026400000000000E+02       35   1.3304687500000001E+00   0.0000000000000000E+00
     128   1.1026400000000000E+02       36   1.3694531250000002E+00   0.0000000000000000E+00
     128   1.1026400000000000E+02       37   1.4084375000000000E+00   0.0000000000000000E+00
     128   1.1026400000000000E+02       38   1.4474218750000001E+00   0.0000000000000000E+00
     128   1.1026400000000000E+02       39   1.4864062500000002E+00   0.0000000000000000E+00
     128   1.1026400000000000E+02       40   1.5253906250000000E+00   0.0000000000000000E+00
     128   1.1026400000000000E+02       41   1.5643750000000001E+00   0.0000000000000000E+00
     128   1.1026400000000000E+02       42   1.6033593750000001E+00   0.0000000000000000E+00
     128   1.1026400000000000E+02       43   1.6423437500000000E+00   0.0000000000000000E+00
     128   1.1026400000000000E+02       44   1.6813281250000001E+00   0.0000000000000000E+00
     128   1.1026400000000000E+02       45   1.7203125000000001E+00   0.0000000000000000E+00
     128   1.1026400000000000E+02       46   1.7592968750000000E+00   0.0000000000000000E+00
     128   1.1026400000000000E+02       47   1.7982812500000001E+00   0.0000000000000000E+00
     128   1.1026400000000000E+02       48   1.8372656250000001E+00   0.0000000000000000E+00
     128   1.1026400000000000E+02       49   1.8762500000000000E+00   0.0000000000000000E+00
     128   1.1026400000000000E+02       50   1.9152343750000000E+00   0.0000000000000000E+00
     128   1.1026400000000000E+02       51   1.9542187500000001E+00   0.0000000000000000E+00
     128   1.1026400000000000E+02       52   1.9932031250000002E+00   0.0000000000000000E+00
     128   1.1026400000000000E+02       53   2.0321875000000000E+00   0.0000000000000000E+00
     128   1.1026400000000000E+02       54   2.0711718750000001E+00   0.0000000000000000E+00
     128   1.1026400000000000E+02       55   2.1101562500000002E+00   0.0000000000000000E+00
     128   1.1026400000000000E+02       56   2.1491406250000002E+00   0.0000000000000000E+00
     128   1.1026400000000000E+02       57   2.1881249999999999E+00   0.0000000000000000E+00
     128   1.1026400000000000E+02       58   2.2271093749999999E+00   0.0000000000000000E+00
     128   1.1026400000000000E+02       59   2.2660937500000000E+00   0.0000000000000000E+00
     128   1.1026400000000000E+02       60   2.3050781250000001E+00   0.0000000000000000E+00
     128   1.1026400000000000E+02       61   2.3440625000000002E+00   0.0000000000000000E+00
     128   1.1026400000000000E+02       62   2.3830468750000002E+00   0.0000000000000000E+00
     128   1.1026400000000000E+02       63   2.4220312500000003E+00   0.0000000000000000E+00
     128   1.1026400000000000E+02       64   2.4610156249999999E+00   0.0000000000000000E+00
 
